Datetime Latitude Longitude
2019092017 69.67955 18.99664
2019092018 69.67955 18.99665
2019092019 69.68378 19.02527
2019092020 69.80262 19.41134
2019092021 69.91434 19.89519
2019092022 70.09253 20.23073
2019092023 70.28971 20.43964
2019092100 70.46332 20.80802
2019092101 70.63522 21.17132
2019092102 70.81119 21.54236
2019092103 70.9619 22.01045
2019092104 71.1125 22.52036
2019092105 71.26079 23.03522
2019092106 71.40394 23.54445
2019092107 71.54404 24.05521
2019092108 71.67923 24.55958
2019092109 71.81303 25.07212
2019092110 71.94108 25.57423
2019092111 72.06317 26.06438
2019092112 72.14798 26.41001
2019092113 72.28545 26.85751
2019092114 72.43329 27.34232
2019092115 72.58152 27.89411
2019092116 72.74398 28.39975
2019092117 72.89066 28.92401
2019092118 73.03655 29.44981
2019092119 73.17963 29.98339
2019092120 73.32211 30.52913
2019092121 73.46276 31.08256
2019092122 73.60168 31.64388
2019092123 73.73809 32.20936
2019092200 73.87609 32.7993
2019092201 74.01256 33.399
2019092202 74.14396 33.99298
2019092203 74.27761 34.61466
2019092204 74.41307 35.26567
2019092205 74.54602 35.92355
2019092206 74.67485 36.58058
2019092207 74.80356 37.2603
2019092208 74.93098 37.9543
2019092209 75.05481 38.65163
2019092210 75.17563 39.35641
2019092211 75.29393 40.06884
2019092212 75.40777 40.77774
2019092213 75.51823 41.491
2019092214 75.62692 42.21767
2019092215 75.73465 42.96285
2019092216 75.84079 43.72071
2019092217 75.9433 44.49021
2019092218 76.04395 45.2695
2019092219 76.13942 46.03786
2019092220 76.23201 46.814
2019092221 76.3219 47.59904
2019092222 76.40849 48.38479
2019092223 76.49318 49.18536
2019092300 76.57606 50.00448
2019092301 76.65608 50.83391
2019092302 76.73172 51.65111
2019092303 76.80469 52.47719
2019092304 76.87523 53.31589
2019092305 76.94114 54.14152
2019092306 77.03841 54.89627
2019092307 77.16918 55.54668
2019092308 77.29086 56.22831
2019092309 77.39976 56.92095
2019092310 77.51162 57.63815
2019092311 77.62489 58.37134
2019092312 77.73794 59.1092
2019092313 77.84994 59.84747
2019092314 77.96086 60.5846
2019092315 78.07137 61.32604
2019092316 78.1826 62.07968
2019092317 78.29466 62.84549
2019092318 78.40738 63.62313
2019092319 78.51854 64.39726
2019092320 78.62929 65.17649
2019092321 78.73835 65.95028
2019092322 78.84445 66.71087
2019092323 78.95201 67.48928
2019092400 79.06006 68.27802
2019092401 79.16161 69.09532
2019092402 79.26247 69.95997
2019092403 79.36694 70.86238
2019092404 79.4722 71.78125
2019092405 79.57664 72.70287
2019092406 79.68288 73.64987
2019092407 79.7929 74.63958
2019092408 79.92189 75.38209
2019092409 79.99599 76.42097
2019092410 80.09275 77.3579
2019092411 80.14151 78.40027
2019092412 80.22707 79.29926
2019092413 80.37942 80.02595
2019092414 80.49153 81.02305
2019092415 80.61974 82.01835
2019092416 80.75415 83.07707
2019092417 80.89116 84.1709
2019092418 81.02819 85.28127
2019092419 81.15928 86.35933
2019092420 81.29232 87.47013
2019092421 81.42716 88.59997
2019092422 81.56421 89.74152
2019092423 81.65582 90.92429
2019092500 81.60735 92.3509
2019092501 81.55955 93.74593
2019092502 81.51263 95.11095
2019092503 81.46448 96.50276
2019092504 81.34058 97.5902
2019092505 81.18693 98.51286
2019092506 81.03714 99.14896
2019092507 80.89872 99.92094
2019092508 80.86184 100.99825
2019092509 80.84129 101.80878
2019092510 80.84415 102.6369
2019092511 80.85939 103.30623
2019092512 80.84614 104.00747
2019092513 80.87118 104.66589
2019092514 80.93967 105.17798
2019092515 81.02236 105.69473
2019092516 81.06482 106.32365
2019092517 81.06429 106.9913
2019092518 81.03127 107.62093
2019092519 81.05327 108.30513
2019092520 81.0714 109.00705
2019092521 81.12989 109.70207
2019092522 81.21015 110.15007
2019092523 81.26152 110.74399
2019092600 81.32203 111.44021
2019092601 81.40883 112.03379
2019092602 81.39206 112.63868
2019092603 81.39535 112.63304
2019092604 81.39891 112.65649
2019092605 81.407 113.07905
2019092606 81.4683 113.79572
2019092607 81.55975 114.52177
2019092608 81.59384 115.44355
2019092609 81.67498 116.48714
2019092610 81.74633 117.11173
2019092611 81.82274 117.71013
2019092612 81.85928 118.36107
2019092613 81.90313 119.07647
2019092614 81.94088 119.47121
2019092615 82.04427 119.77083
2019092616 82.0626 119.43119
2019092617 82.06467 119.27985
2019092618 82.06656 119.29774
2019092619 82.06302 119.28547
2019092620 82.06351 119.28482
2019092621 82.06454 119.27863
2019092622 82.06282 119.27123
2019092623 82.06528 119.28361
2019092700 82.07193 119.28395
2019092701 82.07839 119.28834
2019092702 82.08447 119.3071
2019092703 82.09003 119.34863
2019092704 82.01358 119.36002
2019092705 81.9587 119.30764
2019092706 81.95872 119.3123
2019092707 81.95675 119.30017
2019092708 81.95734 119.76762
2019092709 81.9556 119.77735
2019092710 81.95898 119.73321
2019092711 82.02665 119.9107
2019092712 82.04598 120.22059
2019092713 82.1482 120.04335
2019092714 82.24383 119.85106
2019092715 82.29635 119.43929
2019092716 82.2624 118.88232
2019092717 82.15183 119.15708
2019092718 82.07592 119.55645
2019092719 82.07022 119.76301
2019092720 82.06915 119.7656
2019092721 82.06873 119.75468
2019092722 82.07665 119.71614
2019092723 82.07191 119.64632
2019092800 82.07815 119.55566
2019092801 82.09035 119.49728
2019092802 82.09822 119.55947
2019092803 82.10883 119.57392
2019092804 82.15014 119.67779
2019092805 82.23077 120.0748
2019092806 82.33015 120.47024
2019092807 82.45597 120.52586
2019092808 82.56787 121.21147
2019092809 82.65732 121.74149
2019092810 82.76724 122.03267
2019092811 82.85898 122.39533
2019092812 82.90819 122.93839
2019092813 83.01568 123.43371
2019092814 83.08311 124.04678
2019092815 83.18634 124.62814
2019092816 83.27913 125.34736
2019092817 83.36799 125.85119
2019092818 83.47084 126.00416
2019092819 83.56778 126.40431
2019092820 83.66563 126.79384
2019092821 83.76252 127.17302
2019092822 83.85358 127.71647
2019092823 83.94145 128.31987
2019092900 84.04065 128.54404
2019092901 84.15035 129.00276
2019092902 84.18624 129.13993
2019092903 84.27307 129.8133
2019092904 84.38129 129.19663
2019092905 84.46889 128.82501
2019092906 84.54231 128.60257
2019092907 84.54212 128.57869
2019092908 84.54194 128.54467
2019092909 84.54153 128.57607
2019092910 84.56433 129.42659
2019092911 84.64691 129.88348
2019092912 84.69726 130.64989
2019092913 84.7516 131.75887
2019092914 84.81248 132.88006
2019092915 84.85457 134.10231
2019092916 84.89847 135.02484
2019092917 84.95945 135.90913
2019092918 84.99068 136.86883
2019092919 85.06901 137.47299
2019092920 85.12095 138.12873
2019092921 85.11921 138.07856
2019092922 85.11775 138.01511
2019092923 85.12397 138.03845
2019093000 85.12441 137.98648
2019093001 85.12389 137.93745
2019093002 85.12301 137.89761
2019093003 85.12141 137.86352
2019093004 85.11902 137.8309
2019093005 85.11599 137.79486
2019093006 85.11249 137.75001
2019093007 85.10904 137.69561
2019093008 85.10606 137.63397
2019093009 85.10376 137.56843
2019093010 85.10199 137.50478
2019093011 85.10073 137.4468
2019093012 85.09931 137.39965
2019093013 85.09669 137.36571
2019093014 85.09328 137.33839
2019093015 85.08916 137.31367
2019093016 85.08431 137.28808
2019093017 85.07904 137.25708
2019093018 85.07394 137.22142
2019093019 85.06938 137.1795
2019093020 85.06568 137.13248
2019093021 85.06311 137.08482
2019093022 85.06171 137.03894
2019093023 85.06115 136.99905
2019100100 85.06107 136.96709
2019100101 85.06076 136.94463
2019100102 85.06013 136.92835
2019100103 85.05899 136.9169
2019100104 85.05725 136.90697
2019100105 85.05509 136.89401
2019100106 85.05271 136.8766
2019100107 85.05054 136.85455
2019100108 85.04901 136.82475
2019100109 85.04831 136.7931
2019100110 85.04876 136.75887
2019100111 85.05005 136.72531
2019100112 85.05188 136.69874
2019100113 85.05373 136.68084
2019100114 85.05525 136.66841
2019100115 85.05623 136.66041
2019100116 85.05675 136.654
2019100117 85.05684 136.64547
2019100118 85.05681 136.63073
2019100119 85.05694 136.60993
2019100120 85.05752 136.58324
2019100121 85.06228 136.30239
2019100122 85.12386 135.17714
2019100123 85.11998 134.54922
2019100200 85.12265 134.52707
2019100201 85.16646 134.41296
2019100202 85.16506 134.47377
2019100203 85.16672 134.47229
2019100204 85.1638 134.49252
2019100205 85.17085 134.40924
2019100206 85.16752 134.46453
2019100207 85.16746 134.4512
2019100208 85.16777 134.43306
2019100209 85.16875 134.40656
2019100210 85.16958 134.38349
2019100211 85.17145 134.35943
2019100212 85.17341 134.34171
2019100213 85.17614 134.3265
2019100214 85.17788 134.32151
2019100215 85.17921 134.31993
2019100216 85.18 134.31855
2019100217 85.18016 134.31477
2019100218 85.18006 134.30622
2019100219 85.18003 134.2912
2019100220 85.18023 134.2707
2019100221 85.18098 134.2445
2019100222 85.18182 134.21799
2019100223 85.18284 134.19397
2019100300 85.18421 134.17348
2019100301 85.1856 134.15437
2019100302 85.18676 134.13653
2019100303 85.18701 134.12019
2019100304 85.18604 134.11339
2019100305 85.15413 134.07517
2019100306 85.14625 134.00008
2019100307 85.14507 133.97205
2019100308 85.14355 133.94323
2019100309 85.14203 133.91305
2019100310 85.14084 133.87553
2019100311 85.13623 133.89783
2019100312 85.13583 133.85095
2019100313 85.13579 133.80523
2019100314 85.13559 133.76118
2019100315 85.13515 133.72033
2019100316 85.13404 133.68352
2019100317 85.13244 133.64204
2019100318 85.13074 133.59348
2019100319 85.12908 133.53818
2019100320 85.12753 133.47693
2019100321 85.12631 133.40563
2019100322 85.12541 133.32155
2019100323 85.12502 133.23712
2019100400 85.12514 133.15914
2019100401 85.12736 133.07569
2019100402 85.12776 132.994
2019100403 85.12676 132.90677
2019100404 85.12674 132.84519
2019100405 85.1261 132.78461
2019100406 85.12532 132.71819
2019100407 85.12474 132.66824
2019100408 85.1256 132.61519
2019100409 85.12768 132.51877
2019100410 85.1267 132.5704
2019100411 85.13365 133.28922
2019100412 85.12304 134.4739
2019100413 85.10471 134.98885
2019100414 85.07638 134.40418
2019100415 85.07669 134.35128
2019100416 85.07703 134.29846
2019100417 85.07717 134.25239
2019100418 85.07721 134.20725
2019100419 85.07721 134.16321
2019100420 85.07743 134.1191
2019100421 85.07797 134.07452
2019100422 85.07909 134.03137
2019100423 85.08069 133.99049
2019100500 85.0828 133.95246
2019100501 85.08521 133.91827
2019100502 85.08761 133.89095
2019100503 85.08962 133.87145
2019100504 85.09124 133.85546
2019100505 85.09228 133.84342
2019100506 85.09294 133.83157
2019100507 85.09355 133.81642
2019100508 85.09408 133.79911
2019100509 85.09485 133.7807
2019100510 85.0959 133.76336
2019100511 85.09732 133.74827
2019100512 85.09912 133.737
2019100513 85.10115 133.73006
2019100514 85.10326 133.72732
2019100515 85.10534 133.73003
2019100516 85.10708 133.73782
2019100517 85.10837 133.74738
2019100518 85.1089 133.75695
2019100519 85.10925 133.7636
2019100520 85.10929 133.76438
2019100521 85.10928 133.76296
2019100522 85.10929 133.76261
2019100523 85.10942 133.76433
2019100600 85.10954 133.76641
2019100601 85.10955 133.77084
2019100602 85.10957 133.78065
2019100603 85.10949 133.79472
2019100604 85.1092 133.80872
2019100605 85.10855 133.82034
2019100606 85.10768 133.82813
2019100607 85.10659 133.83295
2019100608 85.10537 133.83467
2019100609 85.10426 133.83692
2019100610 85.10342 133.84127
2019100611 85.10289 133.84783
2019100612 85.1025 133.85638
2019100613 85.10238 133.8671
2019100614 85.10234 133.88156
2019100615 85.10227 133.89948
2019100616 85.10209 133.92037
2019100617 85.10171 133.94472
2019100618 85.10101 133.97171
2019100619 85.09978 134.00132
2019100620 85.09815 134.03054
2019100621 85.09647 134.0542
2019100622 85.09483 134.07491
2019100623 85.0933 134.09552
2019100700 85.092 134.12032
2019100701 85.09101 134.14913
2019100702 85.09024 134.18184
2019100703 85.08922 134.21825
2019100704 85.08784 134.25626
2019100705 85.08614 134.29676
2019100706 85.08402 134.33844
2019100707 85.08177 134.37826
2019100708 85.07924 134.41526
2019100709 85.07678 134.45082
2019100710 85.07442 134.48828
2019100711 85.07196 134.53425
2019100712 85.06937 134.59095
2019100713 85.06647 134.65443
2019100714 85.06359 134.72002
2019100715 85.0603 134.7888
2019100716 85.05677 134.85404
2019100717 85.0529 134.91744
2019100718 85.04894 134.97992
2019100719 85.04492 135.04275
2019100720 85.04124 135.10512
2019100721 85.03797 135.17231
2019100722 85.03489 135.25062
2019100723 85.03112 135.34997
2019100800 85.02707 135.4531
2019100801 85.02302 135.5568
2019100802 85.01872 135.66083
2019100803 85.01393 135.76429
2019100804 85.00873 135.86106
2019100805 85.00318 135.95175
2019100806 84.99728 136.03333
2019100807 84.99113 136.10063
2019100808 84.98482 136.15565
2019100809 84.97849 136.19629
2019100810 84.97228 136.21766
2019100811 84.96587 136.22624
2019100812 84.95957 136.22656
2019100813 84.95397 136.22085
2019100814 84.94885 136.21491
2019100815 84.9445 136.20838
2019100816 84.9408 136.20387
2019100817 84.93744 136.20134
2019100818 84.93415 136.20121
2019100819 84.93041 136.19852
2019100820 84.92638 136.19078
2019100821 84.9226 136.17651
2019100822 84.91906 136.15799
2019100823 84.91588 136.13241
2019100900 84.91365 136.10305
2019100901 84.91195 136.07332
2019100902 84.9107 136.04524
2019100903 84.91018 136.02096
2019100904 84.91026 136.00269
2019100905 84.91014 135.99003
2019100906 84.91002 135.98194
2019100907 84.90944 135.97558
2019100908 84.90833 135.96795
2019100909 84.90681 135.95692
2019100910 84.90548 135.94221
2019100911 84.90452 135.92522
2019100912 84.90386 135.90962
2019100913 84.90342 135.8947
2019100914 84.90331 135.88206
2019100915 84.90374 135.8725
2019100916 84.90459 135.86466
2019100917 84.90574 135.85723
2019100918 84.90701 135.8484
2019100919 84.90835 135.83691
2019100920 84.90946 135.81951
2019100921 84.91043 135.7943
2019100922 84.91127 135.76168
2019100923 84.91205 135.72194
2019101000 84.91302 135.67641
2019101001 84.91429 135.62791
2019101002 84.91577 135.57798
2019101003 84.91749 135.52772
2019101004 84.9194 135.48031
2019101005 84.92108 135.4388
2019101006 84.92204 135.4037
2019101007 84.92231 135.37542
2019101008 84.92186 135.35403
2019101009 84.92085 135.32982
2019101010 84.91952 135.30543
2019101011 84.91791 135.27835
2019101012 84.91639 135.25181
2019101013 84.91506 135.22869
2019101014 84.91389 135.21103
2019101015 84.91298 135.20256
2019101016 84.9122 135.20351
2019101017 84.91135 135.2135
2019101018 84.91027 135.23613
2019101019 84.90858 135.26756
2019101020 84.90624 135.302
2019101021 84.9032 135.34026
2019101022 84.89956 135.37928
2019101023 84.89513 135.41596
2019101100 84.8904 135.44668
2019101101 84.88567 135.47119
2019101102 84.88099 135.49041
2019101103 84.87687 135.50524
2019101104 84.87344 135.52108
2019101105 84.87073 135.54044
2019101106 84.86803 135.56584
2019101107 84.86365 135.60118
2019101108 84.85842 135.63115
2019101109 84.85335 135.65038
2019101110 84.84873 135.66011
2019101111 84.84488 135.66446
2019101112 84.8417 135.66647
2019101113 84.83919 135.671
2019101114 84.83728 135.68117
2019101115 84.83576 135.69983
2019101116 84.8346 135.72354
2019101117 84.83366 135.75127
2019101118 84.83232 135.78213
2019101119 84.83078 135.8088
2019101120 84.82918 135.82961
2019101121 84.82792 135.84388
2019101122 84.82723 135.8496
2019101123 84.8274 135.84721
2019101200 84.82892 135.84011
2019101201 84.83155 135.83463
2019101202 84.83514 135.8344
2019101203 84.83927 135.83841
2019101204 84.84333 135.84265
2019101205 84.84704 135.8422
2019101206 84.85014 135.83774
2019101207 84.85251 135.82855
2019101208 84.85413 135.81286
2019101209 84.85513 135.78877
2019101210 84.85592 135.75538
2019101211 84.85679 135.71227
2019101212 84.8579 135.66241
2019101213 84.85929 135.61128
2019101214 84.86091 135.5639
2019101215 84.86246 135.52505
2019101216 84.86375 135.49469
2019101217 84.8645 135.4708
2019101218 84.86456 135.44921
2019101219 84.86396 135.42637
2019101220 84.86294 135.39778
2019101221 84.86185 135.36018
2019101222 84.86091 135.3134
2019101223 84.86029 135.26309
2019101300 84.86 135.21201
2019101301 84.86013 135.16226
2019101302 84.86031 135.11804
2019101303 84.86019 135.08126
2019101304 84.85963 135.05107
2019101305 84.85858 135.02475
2019101306 84.8571 134.99974
2019101307 84.85534 134.97319
2019101308 84.85344 134.94449
2019101309 84.85147 134.91253
2019101310 84.84946 134.87937
2019101311 84.84762 134.84875
2019101312 84.84593 134.82486
2019101313 84.84401 134.80941
2019101314 84.84185 134.80135
2019101315 84.83948 134.80425
2019101316 84.83661 134.81554
2019101317 84.83266 134.8305
2019101318 84.82743 134.84143
2019101319 84.82181 134.84282
2019101320 84.81655 134.83008
2019101321 84.81179 134.80589
2019101322 84.80704 134.77376
2019101323 84.80275 134.73344
2019101400 84.79903 134.69284
2019101401 84.7958 134.65701
2019101402 84.79276 134.62805
2019101403 84.78975 134.60324
2019101404 84.78703 134.58313
2019101405 84.78428 134.5667
2019101406 84.78149 134.55372
2019101407 84.77853 134.54143
2019101408 84.7753 134.52833
2019101409 84.77185 134.51108
2019101410 84.76869 134.48828
2019101411 84.76615 134.46195
2019101412 84.76422 134.43409
2019101413 84.76292 134.40862
2019101414 84.76207 134.38926
2019101415 84.76151 134.37782
2019101416 84.76104 134.37548
2019101417 84.76049 134.38118
2019101418 84.75975 134.39201
2019101419 84.7588 134.40394
2019101420 84.75775 134.41324
2019101421 84.75679 134.41686
2019101422 84.75611 134.41318
2019101423 84.75584 134.40215
2019101500 84.7561 134.38764
2019101501 84.75685 134.37297
2019101502 84.75796 134.36141
2019101503 84.75923 134.35483
2019101504 84.76043 134.35467
2019101505 84.76139 134.3586
2019101506 84.76194 134.36289
2019101507 84.76207 134.36595
2019101508 84.76188 134.36356
2019101509 84.76158 134.3536
2019101510 84.76132 134.33616
2019101511 84.76132 134.31268
2019101512 84.76169 134.28578
2019101513 84.76244 134.2591
2019101514 84.76342 134.2361
2019101515 84.76448 134.21872
2019101516 84.76534 134.20727
2019101517 84.7659 134.19937
2019101518 84.76594 134.18921
2019101519 84.7655 134.17059
2019101520 84.76444 134.14352
2019101521 84.7639 134.10877
2019101522 84.76317 134.05886
2019101523 84.76266 133.99864
2019101600 84.76269 133.93808
2019101601 84.76322 133.88174
2019101602 84.76405 133.83181
2019101603 84.76498 133.79118
2019101604 84.76559 133.76033
2019101605 84.76574 133.73552
2019101606 84.76519 133.71341
2019101607 84.76433 133.68869
2019101608 84.76298 133.66066
2019101609 84.76161 133.62563
2019101610 84.76055 133.5836
2019101611 84.75987 133.53686
2019101612 84.75979 133.48857
2019101613 84.76013 133.44104
2019101614 84.76094 133.39831
2019101615 84.76193 133.36264
2019101616 84.76274 133.33484
2019101617 84.76332 133.31354
2019101618 84.7632 133.29613
2019101619 84.76256 133.28069
2019101620 84.76133 133.26324
2019101621 84.76 133.2393
2019101622 84.75885 133.20828
2019101623 84.75785 133.16823
2019101700 84.75712 133.12121
2019101701 84.75672 133.07615
2019101702 84.75652 133.03817
2019101703 84.75654 133.00547
2019101704 84.75676 132.98073
2019101705 84.75695 132.9681
2019101706 84.75693 132.96537
2019101707 84.75651 132.96613
2019101708 84.75559 132.96582
2019101709 84.75444 132.96119
2019101710 84.75331 132.95269
2019101711 84.75234 132.94002
2019101712 84.75179 132.92744
2019101713 84.75166 132.91753
2019101714 84.7519 132.91332
2019101715 84.75259 132.91696
2019101716 84.75339 132.92858
2019101717 84.75428 132.94796
2019101718 84.75516 132.97282
2019101719 84.75592 132.9976
2019101720 84.75662 133.01919
2019101721 84.75747 133.03418
2019101722 84.75876 133.04191
2019101723 84.76082 133.04287
2019101800 84.76385 133.03974
2019101801 84.76763 133.03882
2019101802 84.77204 133.04185
2019101803 84.77684 133.04864
2019101804 84.78162 133.06171
2019101805 84.78643 133.07934
2019101806 84.79103 133.09984
2019101807 84.79525 133.11919
2019101808 84.79915 133.13413
2019101809 84.80315 133.14273
2019101810 84.80744 133.1447
2019101811 84.81229 133.14098
2019101812 84.81806 133.13321
2019101813 84.8245 133.1273
2019101814 84.83136 133.12493
2019101815 84.83893 133.12917
2019101816 84.84652 133.13865
2019101817 84.85358 133.15794
2019101818 84.85997 133.17833
2019101819 84.86554 133.20241
2019101820 84.87067 133.22079
2019101821 84.87568 133.23398
2019101822 84.881 133.2372
2019101823 84.88684 133.23204
2019101900 84.89314 133.22116
2019101901 84.89959 133.20585
2019101902 84.90586 133.1938
2019101903 84.91179 133.19251
2019101904 84.91661 133.19279
2019101905 84.9203 133.19261
2019101906 84.92317 133.18981
2019101907 84.9253 133.18287
2019101908 84.92723 133.17253
2019101909 84.92926 133.15721
2019101910 84.93165 133.13667
2019101911 84.93453 133.11146
2019101912 84.93798 133.08313
2019101913 84.94181 133.05369
2019101914 84.9458 133.02857
2019101915 84.94963 133.00858
2019101916 84.95301 132.99433
2019101917 84.95563 132.9837
2019101918 84.95741 132.97277
2019101919 84.95866 132.95973
2019101920 84.95952 132.94281
2019101921 84.9603 132.91931
2019101922 84.96115 132.89286
2019101923 84.96246 132.86489
2019102000 84.96443 132.83661
2019102001 84.96688 132.81004
2019102002 84.96967 132.788
2019102003 84.97268 132.77096
2019102004 84.97565 132.75884
2019102005 84.97829 132.75101
2019102006 84.98052 132.7456
2019102007 84.98247 132.73995
2019102008 84.98431 132.73222
2019102009 84.98617 132.72103
2019102010 84.98834 132.70699
2019102011 84.99106 132.69188
2019102012 84.99434 132.67696
2019102013 84.99825 132.66494
2019102014 85.00269 132.65798
2019102015 85.00756 132.65904
2019102016 85.01255 132.66995
2019102017 85.01757 132.69443
2019102018 85.02235 132.72583
2019102019 85.02672 132.75956
2019102020 85.0302 132.78813
2019102021 85.0331 132.80502
2019102022 85.03627 132.80459
2019102023 85.04049 132.79254
2019102100 85.04684 132.77865
2019102101 85.05402 132.76307
2019102102 85.06189 132.75011
2019102103 85.0698 132.74262
2019102104 85.07757 132.73883
2019102105 85.0849 132.73506
2019102106 85.09105 132.72766
2019102107 85.09604 132.71479
2019102108 85.10068 132.69167
2019102109 85.10538 132.65807
2019102110 85.11068 132.61511
2019102111 85.11675 132.56549
2019102112 85.12362 132.51328
2019102113 85.13094 132.46138
2019102114 85.1385 132.41235
2019102115 85.14597 132.36696
2019102116 85.153 132.32491
2019102117 85.15938 132.28462
2019102118 85.16515 132.24397
2019102119 85.17043 132.20188
2019102120 85.17557 132.1553
2019102121 85.181 132.10227
2019102122 85.18699 132.04345
2019102123 85.19367 131.98042
2019102200 85.20113 131.91707
2019102201 85.20889 131.85579
2019102202 85.21705 131.79728
2019102203 85.22526 131.74265
2019102204 85.23309 131.69194
2019102205 85.24025 131.64243
2019102206 85.2468 131.59025
2019102207 85.25262 131.53341
2019102208 85.25785 131.47088
2019102209 85.26262 131.40447
2019102210 85.26716 131.33508
2019102211 85.27155 131.26159
2019102212 85.27595 131.18697
2019102213 85.28036 131.11314
2019102214 85.28462 131.04107
2019102215 85.28906 130.9736
2019102216 85.29341 130.91095
2019102217 85.29755 130.85104
2019102218 85.3015 130.79747
2019102219 85.30523 130.74472
2019102220 85.30827 130.69303
2019102221 85.31124 130.63755
2019102222 85.31414 130.57963
2019102223 85.31735 130.51863
2019102300 85.32074 130.45651
2019102301 85.32421 130.39435
2019102302 85.3278 130.33219
2019102303 85.33128 130.27368
2019102304 85.33448 130.2201
2019102305 85.33725 130.16827
2019102306 85.33946 130.11948
2019102307 85.34133 130.07222
2019102308 85.34285 130.02398
2019102309 85.34424 129.97408
2019102310 85.34566 129.92562
2019102311 85.34717 129.88017
2019102312 85.34886 129.84029
2019102313 85.35068 129.80492
2019102314 85.35268 129.76965
2019102315 85.3548 129.73867
2019102316 85.35683 129.70913
2019102317 85.35871 129.67915
2019102318 85.36039 129.64965
2019102319 85.36188 129.61995
2019102320 85.36331 129.58951
2019102321 85.36478 129.5565
2019102322 85.36647 129.51872
2019102323 85.3685 129.4792
2019102400 85.37078 129.43986
2019102401 85.37376 129.39771
2019102402 85.37719 129.35766
2019102403 85.38089 129.3234
2019102404 85.38453 129.29121
2019102405 85.38783 129.25857
2019102406 85.39099 129.22392
2019102407 85.39376 129.18461
2019102408 85.39659 129.14427
2019102409 85.39908 129.09742
2019102410 85.40121 129.04575
2019102411 85.40377 128.99024
2019102412 85.40637 128.92926
2019102413 85.40927 128.86724
2019102414 85.41215 128.80574
2019102415 85.4151 128.74429
2019102416 85.41853 128.68517
2019102417 85.42167 128.63194
2019102418 85.42456 128.57991
2019102419 85.42693 128.52845
2019102420 85.42882 128.47611
2019102421 85.43026 128.42281
2019102422 85.43165 128.36819
2019102423 85.43315 128.31375
2019102500 85.43496 128.26025
2019102501 85.43685 128.21079
2019102502 85.43883 128.16351
2019102503 85.44076 128.12302
2019102504 85.44244 128.0892
2019102505 85.44375 128.0622
2019102506 85.44459 128.04017
2019102507 85.44511 128.01917
2019102508 85.44543 127.99486
2019102509 85.4457 127.96699
2019102510 85.44601 127.93638
2019102511 85.44636 127.90526
2019102512 85.44671 127.87511
2019102513 85.44724 127.84607
2019102514 85.44793 127.81935
2019102515 85.44869 127.79602
2019102516 85.44946 127.7769
2019102517 85.45011 127.76007
2019102518 85.45052 127.74184
2019102519 85.4506 127.72537
2019102520 85.45051 127.70693
2019102521 85.45028 127.68833
2019102522 85.45006 127.66604
2019102523 85.44997 127.64161
2019102600 85.45007 127.61648
2019102601 85.4504 127.59216
2019102602 85.45093 127.57033
2019102603 85.4516 127.55267
2019102604 85.45226 127.53868
2019102605 85.45285 127.52665
2019102606 85.4533 127.51499
2019102607 85.4536 127.50201
2019102608 85.45382 127.48588
2019102609 85.45403 127.46603
2019102610 85.45434 127.44215
2019102611 85.45479 127.4159
2019102612 85.45546 127.38835
2019102613 85.45639 127.36199
2019102614 85.45751 127.33803
2019102615 85.45873 127.31743
2019102616 85.45998 127.3002
2019102617 85.46118 127.28525
2019102618 85.46233 127.27121
2019102619 85.4634 127.25644
2019102620 85.46444 127.23909
2019102621 85.46555 127.21871
2019102622 85.46678 127.19401
2019102623 85.46823 127.16633
2019102700 85.46986 127.13798
2019102701 85.47175 127.11001
2019102702 85.47391 127.08313
2019102703 85.47629 127.05927
2019102704 85.47878 127.03933
2019102705 85.48122 127.02235
2019102706 85.48359 127.00526
2019102707 85.4858 126.98729
2019102708 85.48792 126.96651
2019102709 85.49002 126.94272
2019102710 85.49224 126.91673
2019102711 85.49462 126.88992
2019102712 85.49727 126.86343
2019102713 85.50007 126.83759
2019102714 85.50301 126.81295
2019102715 85.50615 126.78983
2019102716 85.50939 126.76986
2019102717 85.51266 126.75085
2019102718 85.51597 126.73195
2019102719 85.51919 126.70956
2019102720 85.5224 126.68195
2019102721 85.52568 126.65062
2019102722 85.52915 126.61393
2019102723 85.5329 126.5709
2019102800 85.53687 126.52665
2019102801 85.54106 126.48366
2019102802 85.54548 126.44319
2019102803 85.55001 126.40777
2019102804 85.5546 126.37689
2019102805 85.55919 126.35012
2019102806 85.56367 126.32463
2019102807 85.56798 126.29858
2019102808 85.57221 126.27093
2019102809 85.57651 126.24125
2019102810 85.58079 126.20955
2019102811 85.58506 126.17687
2019102812 85.58931 126.14485
2019102813 85.59328 126.11436
2019102814 85.59717 126.08467
2019102815 85.60111 126.05586
2019102816 85.60498 126.0314
2019102817 85.60857 126.00629
2019102818 85.6118 125.97741
2019102819 85.61487 125.9433
2019102820 85.61789 125.90492
2019102821 85.62095 125.86216
2019102822 85.62409 125.81638
2019102823 85.62734 125.76737
2019102900 85.63065 125.7153
2019102901 85.63408 125.66468
2019102902 85.63751 125.61984
2019102903 85.64078 125.58099
2019102904 85.64377 125.54551
2019102905 85.64655 125.51173
2019102906 85.64917 125.47703
2019102907 85.65165 125.43819
2019102908 85.65415 125.39459
2019102909 85.65679 125.34744
2019102910 85.65962 125.29716
2019102911 85.66269 125.244
2019102912 85.66602 125.19186
2019102913 85.66939 125.14395
2019102914 85.67268 125.10178
2019102915 85.67572 125.06424
2019102916 85.67846 125.03061
2019102917 85.68096 124.99862
2019102918 85.6833 124.96632
2019102919 85.68556 124.93138
2019102920 85.68785 124.8929
2019102921 85.69017 124.85191
2019102922 85.69262 124.80832
2019102923 85.69531 124.76292
2019103000 85.69828 124.71658
2019103001 85.70132 124.67321
2019103002 85.70428 124.63343
2019103003 85.70702 124.59852
2019103004 85.70949 124.5666
2019103005 85.71176 124.53624
2019103006 85.7138 124.50459
2019103007 85.71579 124.47022
2019103008 85.7178 124.43001
2019103009 85.71989 124.3858
2019103010 85.72222 124.33925
2019103011 85.72476 124.2935
2019103012 85.72746 124.25092
2019103013 85.73012 124.21207
2019103014 85.73259 124.17702
2019103015 85.73474 124.1455
2019103016 85.73652 124.11594
2019103017 85.738 124.08682
2019103018 85.73938 124.05552
2019103019 85.74075 124.02091
2019103020 85.74228 123.98301
2019103021 85.74405 123.94082
2019103022 85.74614 123.8961
2019103023 85.74852 123.85086
2019103100 85.7511 123.80664
2019103101 85.7537 123.76601
2019103102 85.7561 123.73043
2019103103 85.75822 123.69884
2019103104 85.76001 123.6705
2019103105 85.76162 123.64349
2019103106 85.7631 123.61589
2019103107 85.76456 123.58665
2019103108 85.76615 123.55488
2019103109 85.76795 123.52013
2019103110 85.77002 123.48398
2019103111 85.77231 123.44779
2019103112 85.77474 123.41321
2019103113 85.77713 123.38134
2019103114 85.77938 123.35321
2019103115 85.78134 123.3286
2019103116 85.783 123.30571
2019103117 85.78444 123.28313
2019103118 85.78576 123.25967
2019103119 85.78711 123.23389
2019103120 85.78859 123.20517
2019103121 85.79029 123.17342
2019103122 85.79228 123.13966
2019103123 85.79457 123.10526
2019110100 85.79707 123.07276
2019110101 85.79964 123.04437
2019110102 85.80213 123.01922
2019110103 85.80441 122.99896
2019110104 85.80643 122.98124
2019110105 85.80815 122.96492
2019110106 85.80971 122.9479
2019110107 85.81125 122.92864
2019110108 85.81289 122.90791
2019110109 85.81479 122.88505
2019110110 85.81693 122.86119
2019110111 85.81924 122.83825
2019110112 85.82174 122.81748
2019110113 85.82421 122.80108
2019110114 85.82647 122.78889
2019110115 85.82846 122.78098
2019110116 85.82999 122.77454
2019110117 85.83115 122.769
2019110118 85.83206 122.76171
2019110119 85.83294 122.75086
2019110120 85.83384 122.736
2019110121 85.83489 122.71861
2019110122 85.83619 122.70006
2019110123 85.83797 122.67925
2019110200 85.84 122.65924
2019110201 85.84212 122.64204
2019110202 85.8442 122.62773
2019110203 85.84601 122.61648
2019110204 85.84746 122.60644
2019110205 85.84859 122.59522
2019110206 85.84944 122.58139
2019110207 85.85019 122.56295
2019110208 85.85107 122.5397
2019110209 85.85224 122.5142
2019110210 85.85372 122.48463
2019110211 85.85565 122.45255
2019110212 85.85784 122.42282
2019110213 85.86017 122.39449
2019110214 85.86245 122.36799
2019110215 85.86456 122.34236
2019110216 85.86629 122.31711
2019110217 85.86786 122.28988
2019110218 85.8692 122.25996
2019110219 85.87046 122.22684
2019110220 85.87181 122.18926
2019110221 85.87342 122.14642
2019110222 85.87531 122.09942
2019110223 85.87757 122.0509
2019110300 85.88003 122.00421
2019110301 85.88267 121.95974
2019110302 85.88526 121.91806
2019110303 85.88763 121.87764
2019110304 85.89004 121.83768
2019110305 85.89229 121.79484
2019110306 85.89402 121.74067
2019110307 85.89526 121.67013
2019110308 85.89652 121.587
2019110309 85.89782 121.50121
2019110310 85.89947 121.41335
2019110311 85.90169 121.32549
2019110312 85.9043 121.2419
2019110313 85.90713 121.16782
2019110314 85.91008 121.0985
2019110315 85.91265 121.03862
2019110316 85.9148 120.98294
2019110317 85.91672 120.9269
2019110318 85.91841 120.87173
2019110319 85.91986 120.81155
2019110320 85.92138 120.75227
2019110321 85.92304 120.68834
2019110322 85.9249 120.62092
2019110323 85.92707 120.55037
2019110400 85.9294 120.48177
2019110401 85.93186 120.41635
2019110402 85.93444 120.35025
2019110403 85.93671 120.293
2019110404 85.93855 120.23985
2019110405 85.93997 120.18757
2019110406 85.94103 120.13526
2019110407 85.94198 120.07838
2019110408 85.94306 120.0107
2019110409 85.94418 119.94063
2019110410 85.94547 119.87038
2019110411 85.94696 119.80182
2019110412 85.94857 119.73558
2019110413 85.95016 119.67341
2019110414 85.95157 119.61465
2019110415 85.9527 119.55881
2019110416 85.95343 119.50512
2019110417 85.95375 119.45264
2019110418 85.95377 119.40001
2019110419 85.95358 119.34659
2019110420 85.95334 119.29223
2019110421 85.95307 119.23633
2019110422 85.95292 119.18116
2019110423 85.95285 119.12707
2019110500 85.95293 119.07515
2019110501 85.95299 119.02539
2019110502 85.95272 118.97827
2019110503 85.95205 118.93142
2019110504 85.95135 118.87749
2019110505 85.95034 118.82499
2019110506 85.94899 118.77357
2019110507 85.94735 118.71948
2019110508 85.94557 118.66438
2019110509 85.9437 118.60991
2019110510 85.94191 118.5542
2019110511 85.94026 118.49578
2019110512 85.93894 118.44001
2019110513 85.9378 118.38842
2019110514 85.93667 118.34187
2019110515 85.93538 118.29738
2019110516 85.93384 118.25478
2019110517 85.9321 118.21468
2019110518 85.93023 118.1755
2019110519 85.92833 118.1357
2019110520 85.9266 118.09401
2019110521 85.92507 118.05068
2019110522 85.92388 118.00665
2019110523 85.92305 117.96297
2019110600 85.92249 117.92121
2019110601 85.92209 117.88241
2019110602 85.92171 117.8465
2019110603 85.92128 117.81253
2019110604 85.92069 117.77865
2019110605 85.91997 117.74356
2019110606 85.91916 117.70689
2019110607 85.91831 117.66663
2019110608 85.91757 117.62352
2019110609 85.91698 117.57883
2019110610 85.91671 117.53236
2019110611 85.91675 117.48436
2019110612 85.91706 117.43806
2019110613 85.91755 117.39579
2019110614 85.91813 117.35773
2019110615 85.91864 117.32359
2019110616 85.91892 117.29219
2019110617 85.91893 117.26106
2019110618 85.91877 117.22831
2019110619 85.91849 117.19326
2019110620 85.91824 117.15541
2019110621 85.91806 117.11584
2019110622 85.91807 117.07534
2019110623 85.91834 117.03523
2019110700 85.91882 116.99725
2019110701 85.91945 116.96247
2019110702 85.92005 116.93124
2019110703 85.9205 116.90351
2019110704 85.92075 116.87754
2019110705 85.92076 116.85153
2019110706 85.9205 116.82477
2019110707 85.92001 116.79532
2019110708 85.91944 116.76185
2019110709 85.91885 116.72607
2019110710 85.91835 116.68821
2019110711 85.91802 116.65178
2019110712 85.91785 116.61865
2019110713 85.91777 116.58876
2019110714 85.91769 116.56226
2019110715 85.91753 116.53987
2019110716 85.91735 116.52024
2019110717 85.91695 116.50216
2019110718 85.91636 116.48315
2019110719 85.9156 116.46194
2019110720 85.9148 116.43882
2019110721 85.91397 116.41131
2019110722 85.91325 116.38201
2019110723 85.91274 116.35232
2019110800 85.91238 116.32497
2019110801 85.91209 116.3002
2019110802 85.91181 116.2789
2019110803 85.9114 116.25996
2019110804 85.91076 116.24264
2019110805 85.90983 116.22505
2019110806 85.90858 116.20468
2019110807 85.90704 116.18135
2019110808 85.90529 116.15683
2019110809 85.90338 116.132
2019110810 85.90146 116.1023
2019110811 85.89957 116.07258
2019110812 85.89771 116.04254
2019110813 85.89581 116.01327
2019110814 85.8938 115.98474
2019110815 85.89168 115.95872
2019110816 85.88937 115.9352
2019110817 85.88688 115.91272
2019110818 85.88415 115.89137
2019110819 85.88119 115.87113
2019110820 85.87814 115.85045
2019110821 85.87498 115.82891
2019110822 85.87195 115.81004
2019110823 85.86903 115.79393
2019110900 85.86611 115.78051
2019110901 85.86346 115.77245
2019110902 85.86089 115.76904
2019110903 85.85833 115.77032
2019110904 85.85584 115.77419
2019110905 85.85321 115.77975
2019110906 85.85051 115.78439
2019110907 85.84791 115.78608
2019110908 85.84549 115.78544
2019110909 85.84323 115.78333
2019110910 85.84115 115.7808
2019110911 85.83923 115.77945
2019110912 85.83742 115.78204
2019110913 85.83578 115.78959
2019110914 85.83423 115.80164
2019110915 85.8327 115.81738
2019110916 85.83115 115.83443
2019110917 85.82962 115.85153
2019110918 85.82817 115.86755
2019110919 85.82682 115.88151
2019110920 85.82564 115.8939
2019110921 85.82463 115.90554
2019110922 85.82383 115.917
2019110923 85.82326 115.92967
2019111000 85.82288 115.94412
2019111001 85.82265 115.96027
2019111002 85.82253 115.97841
2019111003 85.82252 115.99855
2019111004 85.82253 116.01992
2019111005 85.82254 116.04127
2019111006 85.82253 116.06126
2019111007 85.82261 116.07896
2019111008 85.82287 116.09416
2019111009 85.82335 116.10683
2019111010 85.8241 116.11785
2019111011 85.8251 116.12888
2019111012 85.82635 116.14147
2019111013 85.82781 116.15717
2019111014 85.82934 116.17616
2019111015 85.83084 116.1974
2019111016 85.83228 116.21974
2019111017 85.83368 116.2417
2019111018 85.83519 116.26181
2019111019 85.83692 116.27927
2019111020 85.83895 116.29302
2019111021 85.84134 116.30382
2019111022 85.8441 116.31347
2019111023 85.84723 116.32382
2019111100 85.85062 116.33568
2019111101 85.85426 116.35122
2019111102 85.85803 116.37031
2019111103 85.86197 116.39267
2019111104 85.86619 116.41612
2019111105 85.87073 116.43846
2019111106 85.87576 116.45978
2019111107 85.88127 116.4807
2019111108 85.88715 116.4997
2019111109 85.89365 116.52037
2019111110 85.90061 116.54243
2019111111 85.90779 116.56749
2019111112 85.91509 116.5969
2019111113 85.92235 116.63086
2019111114 85.92939 116.66939
2019111115 85.93606 116.71187
2019111116 85.94225 116.75782
2019111117 85.9479 116.80554
2019111118 85.95301 116.8529
2019111119 85.95779 116.90058
2019111120 85.96237 116.94827
2019111121 85.96694 116.99499
2019111122 85.97147 117.0423
2019111123 85.97606 117.09032
2019111200 85.98075 117.14169
2019111201 85.98538 117.19543
2019111202 85.98987 117.24929
2019111203 85.99425 117.30189
2019111204 85.99843 117.34959
2019111205 86.00255 117.39357
2019111206 86.00682 117.43325
2019111207 86.01099 117.46331
2019111208 86.01539 117.48581
2019111209 86.01998 117.50354
2019111210 86.02493 117.52025
2019111211 86.03011 117.53909
2019111212 86.03533 117.56182
2019111213 86.04036 117.58735
2019111214 86.04525 117.61712
2019111215 86.04992 117.64952
2019111216 86.05432 117.68158
2019111217 86.05847 117.71196
2019111218 86.0623 117.73753
2019111219 86.06601 117.7596
2019111220 86.06963 117.77796
2019111221 86.07326 117.79147
2019111222 86.07714 117.80398
2019111223 86.08129 117.81857
2019111300 86.08551 117.83783
2019111301 86.0896 117.86182
2019111302 86.09321 117.89103
2019111303 86.09614 117.92122
2019111304 86.09848 117.94702
2019111305 86.10057 117.96498
2019111306 86.10266 117.97679
2019111307 86.10479 117.98417
2019111308 86.10671 117.9842
2019111309 86.10877 117.97853
2019111310 86.11108 117.97309
2019111311 86.1136 117.96846
2019111312 86.11622 117.9664
2019111313 86.11879 117.96551
2019111314 86.12109 117.96668
2019111315 86.12311 117.97061
2019111316 86.12502 117.98136
2019111317 86.1266 117.99412
2019111318 86.12825 118.00132
2019111319 86.13009 118.01716
2019111320 86.13231 118.03088
2019111321 86.1353 118.04218
2019111322 86.13894 118.05351
2019111323 86.14279 118.06415
2019111400 86.1466 118.07669
2019111401 86.15023 118.09302
2019111402 86.15363 118.11336
2019111403 86.15672 118.1365
2019111404 86.15924 118.16102
2019111405 86.16119 118.18395
2019111406 86.16283 118.20364
2019111407 86.16441 118.21829
2019111408 86.16615 118.22756
2019111409 86.16789 118.2345
2019111410 86.16989 118.23769
2019111411 86.17207 118.24083
2019111412 86.17425 118.24529
2019111413 86.17632 118.25299
2019111414 86.17814 118.2644
2019111415 86.17961 118.27713
2019111416 86.18082 118.29101
2019111417 86.18168 118.30465
2019111418 86.18216 118.31567
2019111419 86.18246 118.32197
2019111420 86.18274 118.32303
2019111421 86.18325 118.31943
2019111422 86.18414 118.31307
2019111423 86.18531 118.30723
2019111500 86.18665 118.30552
2019111501 86.18805 118.30859
2019111502 86.18916 118.31677
2019111503 86.18986 118.3297
2019111504 86.19006 118.3449
2019111505 86.18991 118.36216
2019111506 86.1895 118.37905
2019111507 86.18896 118.39491
2019111508 86.18849 118.40968
2019111509 86.18827 118.42325
2019111510 86.18876 118.439
2019111511 86.18997 118.46063
2019111512 86.19158 118.48547
2019111513 86.19317 118.52395
2019111514 86.19456 118.57598
2019111515 86.19535 118.64299
2019111516 86.19557 118.71042
2019111517 86.19496 118.78095
2019111518 86.19445 118.85021
2019111519 86.19408 118.91964
2019111520 86.19358 118.99213
2019111521 86.19279 119.06643
2019111522 86.19169 119.14424
2019111523 86.19073 119.2234
2019111600 86.19003 119.31444
2019111601 86.18877 119.42044
2019111602 86.18727 119.52629
2019111603 86.18559 119.63506
2019111604 86.18378 119.75024
2019111605 86.18195 119.86723
2019111606 86.17999 119.9931
2019111607 86.17757 120.13238
2019111608 86.17436 120.28147
2019111609 86.17062 120.44478
2019111610 86.16673 120.60817
2019111611 86.16299 120.77329
2019111612 86.15975 120.93213
2019111613 86.15718 121.09989
2019111614 86.15492 121.27611
2019111615 86.15289 121.4585
2019111616 86.15052 121.64048
2019111617 86.14727 121.81979
2019111618 86.14319 121.99165
2019111619 86.1372 122.13569
2019111620 86.12945 122.2501
2019111621 86.12143 122.33043
2019111622 86.11302 122.38448
2019111623 86.10411 122.41993
2019111700 86.09464 122.44344
2019111701 86.08474 122.44436
2019111702 86.07516 122.43345
2019111703 86.06683 122.42187
2019111704 86.05985 122.43989
2019111705 86.05213 122.47379
2019111706 86.04374 122.51641
2019111707 86.0355 122.55131
2019111708 86.02747 122.58401
2019111709 86.01967 122.60689
2019111710 86.01197 122.60794
2019111711 86.00408 122.57732
2019111712 85.99615 122.50651
2019111713 85.9886 122.41283
2019111714 85.9819 122.316
2019111715 85.97749 122.23829
2019111716 85.97264 122.18274
2019111717 85.96549 122.11059
2019111718 85.95603 122.04885
2019111719 85.94693 121.97146
2019111720 85.93855 121.89252
2019111721 85.92877 121.80902
2019111722 85.9183 121.71295
2019111723 85.90755 121.59876
2019111800 85.89753 121.4703
2019111801 85.8884 121.33546
2019111802 85.88025 121.20325
2019111803 85.8728 121.07538
2019111804 85.86579 120.97419
2019111805 85.85951 120.88149
2019111806 85.85326 120.80435
2019111807 85.84728 120.74906
2019111808 85.84125 120.70418
2019111809 85.83518 120.65878
2019111810 85.82925 120.6121
2019111811 85.8235 120.56076
2019111812 85.81815 120.5007
2019111813 85.81375 120.43648
2019111814 85.81073 120.37764
2019111815 85.80887 120.33111
2019111816 85.80758 120.30142
2019111817 85.80663 120.2943
2019111818 85.80549 120.31115
2019111819 85.80413 120.3463
2019111820 85.80267 120.38937
2019111821 85.8012 120.43107
2019111822 85.79998 120.46046
2019111823 85.79896 120.47261
2019111900 85.79829 120.47035
2019111901 85.79809 120.46215
2019111902 85.79888 120.45105
2019111903 85.8004 120.44432
2019111904 85.80163 120.45488
2019111905 85.80249 120.48089
2019111906 85.80251 120.52267
2019111907 85.80142 120.5775
2019111908 85.79998 120.63278
2019111909 85.79792 120.68646
2019111910 85.79578 120.72426
2019111911 85.7939 120.75019
2019111912 85.79244 120.77027
2019111913 85.7912 120.79094
2019111914 85.78988 120.81954
2019111915 85.78827 120.85549
2019111916 85.78601 120.89774
2019111917 85.78315 120.95494
2019111918 85.77984 121.02396
2019111919 85.77614 121.0994
2019111920 85.77244 121.17003
2019111921 85.76898 121.23062
2019111922 85.76598 121.27979
2019111923 85.76367 121.3185
2019112000 85.76226 121.35132
2019112001 85.76157 121.38401
2019112002 85.76189 121.41847
2019112003 85.76301 121.45969
2019112004 85.76432 121.50826
2019112005 85.7654 121.55809
2019112006 85.76598 121.60131
2019112007 85.76565 121.62894
2019112008 85.76478 121.6394
2019112009 85.76347 121.63475
2019112010 85.76182 121.61105
2019112011 85.76026 121.56665
2019112012 85.75921 121.51589
2019112013 85.75888 121.46788
2019112014 85.75889 121.4291
2019112015 85.75903 121.39661
2019112016 85.7589 121.36992
2019112017 85.75837 121.34633
2019112018 85.75761 121.32773
2019112019 85.75611 121.30755
2019112020 85.75399 121.28359
2019112021 85.75167 121.25257
2019112022 85.74928 121.21263
2019112023 85.74739 121.16574
2019112100 85.74609 121.11312
2019112101 85.74555 121.06667
2019112102 85.7453 121.02583
2019112103 85.74513 120.99268
2019112104 85.745 120.97022
2019112105 85.74466 120.95706
2019112106 85.74396 120.9498
2019112107 85.74297 120.94536
2019112108 85.74189 120.93923
2019112109 85.74082 120.9302
2019112110 85.74003 120.91898
2019112111 85.73959 120.90651
2019112112 85.73931 120.89169
2019112113 85.73929 120.87724
2019112114 85.73962 120.86737
2019112115 85.74011 120.86198
2019112116 85.74044 120.86064
2019112117 85.74047 120.86289
2019112118 85.73997 120.86662
2019112119 85.73901 120.86755
2019112120 85.73794 120.86643
2019112121 85.73699 120.86175
2019112122 85.73613 120.85423
2019112123 85.73534 120.84418
2019112200 85.73493 120.83171
2019112201 85.73493 120.82187
2019112202 85.73525 120.8169
2019112203 85.73564 120.81319
2019112204 85.73575 120.81174
2019112205 85.73522 120.81232
2019112206 85.73424 120.80918
2019112207 85.73284 120.79953
2019112208 85.73135 120.78181
2019112209 85.73039 120.75151
2019112210 85.73004 120.71156
2019112211 85.73014 120.6675
2019112212 85.73082 120.62025
2019112213 85.73191 120.57177
2019112214 85.73328 120.52884
2019112215 85.73443 120.49566
2019112216 85.73525 120.46822
2019112217 85.73557 120.44529
2019112218 85.73539 120.4265
2019112219 85.73482 120.41
2019112220 85.73403 120.39395
2019112221 85.73319 120.37849
2019112222 85.73269 120.35956
2019112223 85.73271 120.33939
2019112300 85.73314 120.32082
2019112301 85.73384 120.30527
2019112302 85.73465 120.29488
2019112303 85.73539 120.29286
2019112304 85.73597 120.29993
2019112305 85.73616 120.31633
2019112306 85.73626 120.33587
2019112307 85.73638 120.35957
2019112308 85.73669 120.38514
2019112309 85.73734 120.41319
2019112310 85.73863 120.44289
2019112311 85.74074 120.47063
2019112312 85.74387 120.50284
2019112313 85.74775 120.53828
2019112314 85.75222 120.58449
2019112315 85.75675 120.64351
2019112316 85.76118 120.70847
2019112317 85.76543 120.77569
2019112318 85.76966 120.83783
2019112319 85.77396 120.89467
2019112320 85.7786 120.94209
2019112321 85.78401 120.9827
2019112322 85.79095 121.02067
2019112323 85.79879 121.05693
2019112400 85.80754 121.09457
2019112401 85.81677 121.13581
2019112402 85.82612 121.18191
2019112403 85.83557 121.22922
2019112404 85.84456 121.27548
2019112405 85.85274 121.3168
2019112406 85.86031 121.34988
2019112407 85.8675 121.37189
2019112408 85.87441 121.38267
2019112409 85.88112 121.38182
2019112410 85.88771 121.3731
2019112411 85.89379 121.35882
2019112412 85.89885 121.34291
2019112413 85.90297 121.32767
2019112414 85.90746 121.31464
2019112415 85.91296 121.3045
2019112416 85.91915 121.2966
2019112417 85.92563 121.2862
2019112418 85.93218 121.26998
2019112419 85.93875 121.24597
2019112420 85.94536 121.2132
2019112421 85.9524 121.17437
2019112422 85.95953 121.13228
2019112423 85.96638 121.08966
2019112500 85.973 121.04866
2019112501 85.97987 121.00967
2019112502 85.98714 120.97376
2019112503 85.99429 120.94032
2019112504 86.00116 120.90621
2019112505 86.00808 120.86778
2019112506 86.01532 120.82458
2019112507 86.0225 120.77744
2019112508 86.02928 120.72647
2019112509 86.0356 120.67402
2019112510 86.04159 120.61788
2019112511 86.04731 120.56193
2019112512 86.05276 120.50809
2019112513 86.05796 120.45678
2019112514 86.06303 120.4075
2019112515 86.06791 120.35939
2019112516 86.07262 120.31199
2019112517 86.07716 120.26302
2019112518 86.08153 120.21181
2019112519 86.08563 120.15759
2019112520 86.08947 120.10019
2019112521 86.09316 120.04011
2019112522 86.0968 119.97863
2019112523 86.10027 119.91625
2019112600 86.10358 119.85507
2019112601 86.10651 119.79289
2019112602 86.10948 119.73094
2019112603 86.11217 119.66966
2019112604 86.11472 119.60985
2019112605 86.11686 119.54799
2019112606 86.11889 119.48477
2019112607 86.12067 119.42006
2019112608 86.12246 119.35567
2019112609 86.12388 119.29042
2019112610 86.12536 119.22553
2019112611 86.12697 119.16134
2019112612 86.12844 119.09794
2019112613 86.12976 119.03652
2019112614 86.13116 118.97757
2019112615 86.13236 118.91831
2019112616 86.13344 118.86002
2019112617 86.13458 118.80368
2019112618 86.13587 118.75358
2019112619 86.13738 118.70544
2019112620 86.13878 118.65596
2019112621 86.14026 118.60549
2019112622 86.14175 118.55438
2019112623 86.14322 118.50301
2019112700 86.14472 118.45213
2019112701 86.14618 118.40356
2019112702 86.14752 118.3576
2019112703 86.14876 118.31442
2019112704 86.15 118.27243
2019112705 86.15119 118.23149
2019112706 86.15237 118.19106
2019112707 86.15355 118.14985
2019112708 86.15468 118.1072
2019112709 86.15598 118.06145
2019112710 86.15734 118.01311
2019112711 86.15854 117.96265
2019112712 86.1597 117.91024
2019112713 86.1608 117.85596
2019112714 86.16185 117.8009
2019112715 86.16267 117.74992
2019112716 86.16337 117.70384
2019112717 86.16404 117.6601
2019112718 86.16462 117.61923
2019112719 86.16517 117.57533
2019112720 86.16576 117.52837
2019112721 86.16658 117.47783
2019112722 86.16728 117.42489
2019112723 86.16784 117.37183
2019112800 86.16818 117.31765
2019112801 86.16818 117.26244
2019112802 86.16793 117.20738
2019112803 86.16753 117.15392
2019112804 86.167 117.10098
2019112805 86.16631 117.04776
2019112806 86.16537 116.99406
2019112807 86.16421 116.93875
2019112808 86.1629 116.88056
2019112809 86.16154 116.81677
2019112810 86.16037 116.75297
2019112811 86.15918 116.68718
2019112812 86.15788 116.61325
2019112813 86.15634 116.53164
2019112814 86.15454 116.44678
2019112815 86.15258 116.35625
2019112816 86.15027 116.26809
2019112817 86.14778 116.18139
2019112818 86.14527 116.08166
2019112819 86.14279 115.9796
2019112820 86.14053 115.87718
2019112821 86.13833 115.77195
2019112822 86.13625 115.66567
2019112823 86.1342 115.55972
2019112900 86.13207 115.45524
2019112901 86.12982 115.35139
2019112902 86.12743 115.24777
2019112903 86.12493 115.1442
2019112904 86.12237 115.03905
2019112905 86.11988 114.93263
2019112906 86.11751 114.82644
2019112907 86.11542 114.72038
2019112908 86.1137 114.61493
2019112909 86.11229 114.51205
2019112910 86.11101 114.41091
2019112911 86.10982 114.31164
2019112912 86.10872 114.21361
2019112913 86.10751 114.1199
2019112914 86.10588 114.03477
2019112915 86.10369 113.95867
2019112916 86.10116 113.88718
2019112917 86.09841 113.8181
2019112918 86.0955 113.75048
2019112919 86.09265 113.68198
2019112920 86.08993 113.61121
2019112921 86.08734 113.5406
2019112922 86.08493 113.47255
2019112923 86.08258 113.40676
2019113000 86.08017 113.34428
2019113001 86.07757 113.28557
2019113002 86.07467 113.22893
2019113003 86.07151 113.17406
2019113004 86.06815 113.12293
2019113005 86.06459 113.07612
2019113006 86.06095 113.03637
2019113007 86.05735 112.99891
2019113008 86.05389 112.96381
2019113009 86.05055 112.93132
2019113010 86.04732 112.90148
2019113011 86.044 112.87624
2019113012 86.04058 112.85237
2019113013 86.03704 112.83221
2019113014 86.03316 112.81669
2019113015 86.02904 112.80479
2019113016 86.02495 112.79544
2019113017 86.02072 112.78832
2019113018 86.01656 112.78248
2019113019 86.01258 112.77807
2019113020 86.00872 112.77626
2019113021 86.00501 112.77646
2019113022 86.00138 112.77996
2019113023 85.99782 112.78706
2019120100 85.99412 112.80166
2019120101 85.9906 112.82326
2019120102 85.98711 112.84921
2019120103 85.98337 112.87978
2019120104 85.97958 112.91227
2019120105 85.97596 112.94515
2019120106 85.97256 112.97948
2019120107 85.96927 113.01616
2019120108 85.96606 113.05335
2019120109 85.9629 113.0911
2019120110 85.95969 113.1276
2019120111 85.95638 113.16231
2019120112 85.95292 113.1938
2019120113 85.9493 113.22182
2019120114 85.94558 113.24582
2019120115 85.94186 113.26749
2019120116 85.93815 113.28784
2019120117 85.93464 113.30768
2019120118 85.93153 113.32893
2019120119 85.92886 113.35253
2019120120 85.92678 113.37882
2019120121 85.92528 113.40783
2019120122 85.92433 113.43975
2019120123 85.92375 113.47388
2019120200 85.9234 113.50935
2019120201 85.92315 113.54542
2019120202 85.92298 113.58121
2019120203 85.92284 113.61709
2019120204 85.92271 113.65353
2019120205 85.92258 113.69111
2019120206 85.92247 113.72917
2019120207 85.92248 113.76818
2019120208 85.92276 113.80856
2019120209 85.92338 113.85016
2019120210 85.92434 113.89276
2019120211 85.92564 113.93551
2019120212 85.92735 113.98034
2019120213 85.92938 114.02857
2019120214 85.93144 114.08193
2019120215 85.93381 114.14151
2019120216 85.93638 114.20572
2019120217 85.93917 114.27468
2019120218 85.9422 114.34931
2019120219 85.9455 114.43117
2019120220 85.9491 114.52118
2019120221 85.95329 114.61144
2019120222 85.95797 114.70926
2019120223 85.96302 114.81148
2019120300 85.96837 114.91766
2019120301 85.97366 115.02629
2019120302 85.9789 115.13732
2019120303 85.98402 115.24886
2019120304 85.98905 115.36048
2019120305 85.99394 115.47272
2019120306 85.99872 115.58406
2019120307 86.00344 115.69623
2019120308 86.00802 115.81041
2019120309 86.01265 115.92483
2019120310 86.01712 116.04
2019120311 86.02156 116.15299
2019120312 86.02578 116.26491
2019120313 86.03006 116.37284
2019120314 86.03427 116.47899
2019120315 86.03856 116.58285
2019120316 86.04315 116.68605
2019120317 86.04767 116.79101
2019120318 86.05219 116.89516
2019120319 86.05637 117.00061
2019120320 86.06023 117.10522
2019120321 86.06424 117.20863
2019120322 86.06805 117.31074
2019120323 86.07187 117.4099
2019120400 86.07548 117.50887
2019120401 86.07896 117.60894
2019120402 86.08246 117.70974
2019120403 86.08587 117.81133
2019120404 86.08909 117.91482
2019120405 86.09202 118.02058
2019120406 86.09471 118.12949
2019120407 86.09715 118.24039
2019120408 86.09904 118.35314
2019120409 86.10075 118.46489
2019120410 86.10258 118.57056
2019120411 86.10472 118.66993
2019120412 86.10707 118.76523
2019120413 86.10961 118.85992
2019120414 86.11234 118.95562
2019120415 86.11504 119.05606
2019120416 86.11736 119.16421
2019120417 86.11913 119.2798
2019120418 86.12061 119.39644
2019120419 86.12173 119.51322
2019120420 86.12273 119.62586
2019120421 86.12371 119.7274
2019120422 86.12489 119.81983
2019120423 86.12643 119.90798
2019120500 86.12837 119.99608
2019120501 86.13065 120.08528
2019120502 86.13306 120.17787
2019120503 86.1353 120.27701
2019120504 86.13725 120.38123
2019120505 86.13877 120.48727
2019120506 86.13993 120.59257
2019120507 86.14076 120.69747
2019120508 86.14133 120.79803
2019120509 86.14174 120.89227
2019120510 86.14217 120.98118
2019120511 86.14248 121.06522
2019120512 86.14305 121.14555
2019120513 86.14372 121.22583
2019120514 86.14442 121.30755
2019120515 86.1451 121.39182
2019120516 86.14547 121.47831
2019120517 86.1455 121.56392
2019120518 86.14523 121.64749
2019120519 86.1445 121.72519
2019120520 86.14347 121.79782
2019120521 86.14242 121.8626
2019120522 86.14146 121.91862
2019120523 86.1409 121.96529
2019120600 86.14068 122.00651
2019120601 86.14069 122.04537
2019120602 86.14077 122.08266
2019120603 86.14083 122.11944
2019120604 86.14083 122.15689
2019120605 86.14059 122.19327
2019120606 86.14026 122.22516
2019120607 86.13978 122.25117
2019120608 86.13942 122.27088
2019120609 86.13906 122.28403
2019120610 86.1388 122.29144
2019120611 86.13882 122.29425
2019120612 86.13912 122.29356
2019120613 86.1398 122.29148
2019120614 86.14064 122.29009
2019120615 86.14167 122.28878
2019120616 86.14282 122.28765
2019120617 86.14384 122.28849
2019120618 86.14469 122.2891
2019120619 86.14529 122.28875
2019120620 86.14571 122.28562
2019120621 86.14605 122.27877
2019120622 86.14647 122.26832
2019120623 86.14708 122.25362
2019120700 86.148 122.23787
2019120701 86.14918 122.22071
2019120702 86.1506 122.20527
2019120703 86.15218 122.19211
2019120704 86.15377 122.18339
2019120705 86.15517 122.17716
2019120706 86.15655 122.17258
2019120707 86.15782 122.16682
2019120708 86.15909 122.16021
2019120709 86.16036 122.15223
2019120710 86.16165 122.14106
2019120711 86.16304 122.12553
2019120712 86.16475 122.10694
2019120713 86.16692 122.08774
2019120714 86.16931 122.06833
2019120715 86.17196 122.04837
2019120716 86.17516 122.02679
2019120717 86.17859 122.00223
2019120718 86.18224 121.97388
2019120719 86.18602 121.9369
2019120720 86.19021 121.89382
2019120721 86.19534 121.84477
2019120722 86.20132 121.78837
2019120723 86.20843 121.72594
2019120800 86.21597 121.65811
2019120801 86.22363 121.59627
2019120802 86.23113 121.54493
2019120803 86.23844 121.50388
2019120804 86.24554 121.47169
2019120805 86.25236 121.44632
2019120806 86.25885 121.42518
2019120807 86.26501 121.40481
2019120808 86.27092 121.38348
2019120809 86.27662 121.36005
2019120810 86.28222 121.33472
2019120811 86.28794 121.30813
2019120812 86.29388 121.28159
2019120813 86.30008 121.25674
2019120814 86.30642 121.23372
2019120815 86.31264 121.21456
2019120816 86.31861 121.20217
2019120817 86.32433 121.19283
2019120818 86.32977 121.18545
2019120819 86.33482 121.17848
2019120820 86.33956 121.16894
2019120821 86.34417 121.15493
2019120822 86.34875 121.13696
2019120823 86.35328 121.11592
2019120900 86.35784 121.09318
2019120901 86.36253 121.07067
2019120902 86.36735 121.04995
2019120903 86.37214 121.03183
2019120904 86.3769 121.0155
2019120905 86.38166 120.99986
2019120906 86.3863 120.98452
2019120907 86.39076 120.96983
2019120908 86.39509 120.95571
2019120909 86.39927 120.93983
2019120910 86.40345 120.92305
2019120911 86.40772 120.90787
2019120912 86.41195 120.89572
2019120913 86.41636 120.88673
2019120914 86.42094 120.88382
2019120915 86.4254 120.88543
2019120916 86.42957 120.89087
2019120917 86.43355 120.90007
2019120918 86.43752 120.90614
2019120919 86.44126 120.91003
2019120920 86.4448 120.91212
2019120921 86.44839 120.90957
2019120922 86.45211 120.90394
2019120923 86.45599 120.90012
2019121000 86.46007 120.89935
2019121001 86.46448 120.90456
2019121002 86.46893 120.9112
2019121003 86.47344 120.92071
2019121004 86.47809 120.93799
2019121005 86.48258 120.95674
2019121006 86.48698 120.97915
2019121007 86.49097 120.99695
2019121008 86.49476 121.01215
2019121009 86.49815 121.02232
2019121010 86.50141 121.03311
2019121011 86.50439 121.0385
2019121012 86.50742 121.04142
2019121013 86.51062 121.04344
2019121014 86.51385 121.04255
2019121015 86.51693 121.04028
2019121016 86.51995 121.03675
2019121017 86.523 121.03033
2019121018 86.52637 121.02047
2019121019 86.53 121.00585
2019121020 86.5336 120.98981
2019121021 86.53694 120.96761
2019121022 86.54024 120.93398
2019121023 86.5438 120.90536
2019121100 86.54705 120.87806
2019121101 86.55005 120.85912
2019121102 86.55282 120.84649
2019121103 86.55573 120.84072
2019121104 86.55825 120.83052
2019121105 86.56057 120.81709
2019121106 86.56296 120.80457
2019121107 86.56537 120.78938
2019121108 86.56765 120.77014
2019121109 86.57002 120.75671
2019121110 86.5724 120.74689
2019121111 86.57459 120.72793
2019121112 86.57658 120.698
2019121113 86.57836 120.66364
2019121114 86.57996 120.62348
2019121115 86.58166 120.58238
2019121116 86.58344 120.54229
2019121117 86.58521 120.50516
2019121118 86.58695 120.47069
2019121119 86.58848 120.43598
2019121120 86.58963 120.4017
2019121121 86.5907 120.3689
2019121122 86.59174 120.33833
2019121123 86.59294 120.31226
2019121200 86.59413 120.28707
2019121201 86.59517 120.26307
2019121202 86.59613 120.23878
2019121203 86.59692 120.21301
2019121204 86.59757 120.18663
2019121205 86.59805 120.16183
2019121206 86.59844 120.13842
2019121207 86.5987 120.1164
2019121208 86.59881 120.09604
2019121209 86.59879 120.07537
2019121210 86.59871 120.05415
2019121211 86.59863 120.03203
2019121212 86.59855 120.00946
2019121213 86.59841 119.98563
2019121214 86.59812 119.96165
2019121215 86.59789 119.9377
2019121216 86.59774 119.91471
2019121217 86.59759 119.89361
2019121218 86.59745 119.87343
2019121219 86.59727 119.85447
2019121220 86.59711 119.83425
2019121221 86.59674 119.80499
2019121222 86.59627 119.76953
2019121223 86.59539 119.72276
2019121300 86.59442 119.67331
2019121301 86.59346 119.61962
2019121302 86.5926 119.56499
2019121303 86.59206 119.5097
2019121304 86.5919 119.46035
2019121305 86.59194 119.41663
2019121306 86.59213 119.37601
2019121307 86.59243 119.33327
2019121308 86.59274 119.28979
2019121309 86.59316 119.24507
2019121310 86.59372 119.19929
2019121311 86.59419 119.15725
2019121312 86.59468 119.11829
2019121313 86.59517 119.07749
2019121314 86.59576 119.03935
2019121315 86.59642 119.00318
2019121316 86.59707 118.96815
2019121317 86.59775 118.9346
2019121318 86.5984 118.90214
2019121319 86.59905 118.86933
2019121320 86.59976 118.83696
2019121321 86.60057 118.80467
2019121322 86.60143 118.77247
2019121323 86.60236 118.74099
2019121400 86.60324 118.70917
2019121401 86.60425 118.68019
2019121402 86.60527 118.65327
2019121403 86.60629 118.6287
2019121404 86.60727 118.6066
2019121405 86.60821 118.5851
2019121406 86.60906 118.56431
2019121407 86.60983 118.54476
2019121408 86.61063 118.52552
2019121409 86.61143 118.50604
2019121410 86.61199 118.48458
2019121411 86.61261 118.46267
2019121412 86.61315 118.43953
2019121413 86.61381 118.41773
2019121414 86.61435 118.3986
2019121415 86.61476 118.38081
2019121416 86.61519 118.36395
2019121417 86.61555 118.3486
2019121418 86.61592 118.33459
2019121419 86.61625 118.3213
2019121420 86.61652 118.30639
2019121421 86.61697 118.28868
2019121422 86.6174 118.26837
2019121423 86.61788 118.24634
2019121500 86.61829 118.22223
2019121501 86.61867 118.19752
2019121502 86.61896 118.17281
2019121503 86.61913 118.15018
2019121504 86.61927 118.12981
2019121505 86.61933 118.11157
2019121506 86.61929 118.09543
2019121507 86.61921 118.07802
2019121508 86.61915 118.0579
2019121509 86.61908 118.03535
2019121510 86.61907 118.01018
2019121511 86.61908 117.98159
2019121512 86.61905 117.95049
2019121513 86.61896 117.91706
2019121514 86.61874 117.88094
2019121515 86.61844 117.84549
2019121516 86.61807 117.81063
2019121517 86.6176 117.77586
2019121518 86.61713 117.73981
2019121519 86.61652 117.70106
2019121520 86.6159 117.65991
2019121521 86.61522 117.61513
2019121522 86.61458 117.56735
2019121523 86.61383 117.51299
2019121600 86.61316 117.45572
2019121601 86.61244 117.39631
2019121602 86.61161 117.3318
2019121603 86.61029 117.25766
2019121604 86.60886 117.18307
2019121605 86.60734 117.1091
2019121606 86.60559 117.03207
2019121607 86.60368 116.95335
2019121608 86.60182 116.86199
2019121609 86.60021 116.76072
2019121610 86.5991 116.64357
2019121611 86.59854 116.52554
2019121612 86.59838 116.40742
2019121613 86.59855 116.29077
2019121614 86.59894 116.17837
2019121615 86.59954 116.07096
2019121616 86.60021 115.96921
2019121617 86.6009 115.87394
2019121618 86.60158 115.78346
2019121619 86.60226 115.69759
2019121620 86.60302 115.61733
2019121621 86.6039 115.53964
2019121622 86.6049 115.46087
2019121623 86.60603 115.3824
2019121700 86.60725 115.30432
2019121701 86.60876 115.22736
2019121702 86.61052 115.15204
2019121703 86.61262 115.07603
2019121704 86.61453 115.00626
2019121705 86.61689 114.93442
2019121706 86.61964 114.86771
2019121707 86.62213 114.80344
2019121708 86.62474 114.7455
2019121709 86.62727 114.69187
2019121710 86.63006 114.63836
2019121711 86.63311 114.58415
2019121712 86.63637 114.52901
2019121713 86.63965 114.47369
2019121714 86.64297 114.4184
2019121715 86.64625 114.36317
2019121716 86.64953 114.31143
2019121717 86.65252 114.26289
2019121718 86.65532 114.21771
2019121719 86.65784 114.17337
2019121720 86.66034 114.13007
2019121721 86.66272 114.08687
2019121722 86.66489 114.04274
2019121723 86.66698 113.99808
2019121800 86.66908 113.95238
2019121801 86.67126 113.90633
2019121802 86.67337 113.86177
2019121803 86.67543 113.81763
2019121804 86.67697 113.77779
2019121805 86.67813 113.74061
2019121806 86.67899 113.70724
2019121807 86.67954 113.67794
2019121808 86.67981 113.65118
2019121809 86.68001 113.62481
2019121810 86.6802 113.59653
2019121811 86.68035 113.56613
2019121812 86.6804 113.5349
2019121813 86.68043 113.50224
2019121814 86.68047 113.46917
2019121815 86.68049 113.43697
2019121816 86.68046 113.40609
2019121817 86.68043 113.3774
2019121818 86.68038 113.35042
2019121819 86.68026 113.32553
2019121820 86.68008 113.3012
2019121821 86.68 113.27525
2019121822 86.68002 113.24778
2019121823 86.68017 113.21878
2019121900 86.6804 113.18954
2019121901 86.68068 113.16093
2019121902 86.68092 113.13413
2019121903 86.68104 113.11065
2019121904 86.68092 113.09005
2019121905 86.68062 113.07368
2019121906 86.6803 113.05799
2019121907 86.67997 113.04232
2019121908 86.67961 113.02561
2019121909 86.67922 113.00823
2019121910 86.67886 112.9896
2019121911 86.67856 112.97026
2019121912 86.67822 112.95059
2019121913 86.67796 112.92969
2019121914 86.67783 112.9097
2019121915 86.67778 112.8901
2019121916 86.67779 112.87187
2019121917 86.67774 112.85533
2019121918 86.67755 112.84046
2019121919 86.67725 112.82747
2019121920 86.67684 112.81281
2019121921 86.67647 112.79475
2019121922 86.67619 112.77419
2019121923 86.67606 112.75388
2019122000 86.67614 112.73384
2019122001 86.67638 112.71408
2019122002 86.67681 112.6959
2019122003 86.67733 112.68044
2019122004 86.67788 112.66726
2019122005 86.6784 112.65631
2019122006 86.67884 112.64651
2019122007 86.67914 112.63744
2019122008 86.67933 112.62669
2019122009 86.67944 112.61482
2019122010 86.67959 112.60088
2019122011 86.67986 112.58614
2019122012 86.68027 112.5714
2019122013 86.6808 112.55712
2019122014 86.68153 112.54411
2019122015 86.68235 112.53269
2019122016 86.68315 112.52386
2019122017 86.68386 112.51645
2019122018 86.68442 112.50995
2019122019 86.68484 112.50365
2019122020 86.68514 112.49668
2019122021 86.68536 112.48849
2019122022 86.68551 112.47878
2019122023 86.68572 112.46785
2019122100 86.68602 112.45613
2019122101 86.68646 112.44447
2019122102 86.68701 112.43377
2019122103 86.68761 112.42518
2019122104 86.68814 112.4194
2019122105 86.68856 112.41615
2019122106 86.68879 112.41439
2019122107 86.68885 112.41338
2019122108 86.68872 112.41194
2019122109 86.68846 112.41059
2019122110 86.6881 112.40821
2019122111 86.68769 112.4046
2019122112 86.68733 112.40083
2019122113 86.68706 112.39757
2019122114 86.6869 112.39577
2019122115 86.68676 112.39539
2019122116 86.68662 112.39662
2019122117 86.68644 112.3997
2019122118 86.68609 112.40483
2019122119 86.68558 112.41227
2019122120 86.6849 112.42198
2019122121 86.68405 112.43319
2019122122 86.68309 112.44485
2019122123 86.68207 112.45629
2019122200 86.6811 112.46628
2019122201 86.68029 112.47618
2019122202 86.67965 112.48739
2019122203 86.67916 112.50126
2019122204 86.67866 112.51784
2019122205 86.67808 112.53773
2019122206 86.67732 112.55955
2019122207 86.67629 112.5802
2019122208 86.67513 112.59668
2019122209 86.67401 112.6099
2019122210 86.67294 112.62264
2019122211 86.67184 112.63458
2019122212 86.67091 112.64585
2019122213 86.6701 112.6583
2019122214 86.66937 112.67275
2019122215 86.6687 112.68724
2019122216 86.66805 112.70571
2019122217 86.66738 112.72685
2019122218 86.66631 112.75233
2019122219 86.66471 112.78065
2019122220 86.66282 112.80988
2019122221 86.6608 112.83857
2019122222 86.65896 112.86184
2019122223 86.65718 112.88267
2019122300 86.65542 112.90133
2019122301 86.65378 112.91983
2019122302 86.6523 112.93858
2019122303 86.651 112.95837
2019122304 86.64986 112.9805
2019122305 86.64879 113.00564
2019122306 86.64764 113.0326
2019122307 86.64647 113.0599
2019122308 86.64523 113.08576
2019122309 86.644 113.10966
2019122310 86.6427 113.13118
2019122311 86.64126 113.14876
2019122312 86.6399 113.1651
2019122313 86.63864 113.18055
2019122314 86.63769 113.19532
2019122315 86.63685 113.2134
2019122316 86.63604 113.23584
2019122317 86.63528 113.26323
2019122318 86.63451 113.2941
2019122319 86.63371 113.32603
2019122320 86.63279 113.3579
2019122321 86.63188 113.38841
2019122322 86.63103 113.41742
2019122323 86.63016 113.44674
2019122400 86.6294 113.47627
2019122401 86.62881 113.50591
2019122402 86.62831 113.53635
2019122403 86.62788 113.56993
2019122404 86.62755 113.60626
2019122405 86.62723 113.64491
2019122406 86.62689 113.68652
2019122407 86.62654 113.72885
2019122408 86.62611 113.76978
2019122409 86.62553 113.81166
2019122410 86.62498 113.85279
2019122411 86.62434 113.89447
2019122412 86.62367 113.93252
2019122413 86.623 113.96952
2019122414 86.62251 114.01141
2019122415 86.62227 114.05439
2019122416 86.62227 114.09867
2019122417 86.62234 114.14708
2019122418 86.6224 114.19655
2019122419 86.62247 114.24741
2019122420 86.62235 114.29795
2019122421 86.62217 114.3457
2019122422 86.6219 114.39158
2019122423 86.62166 114.43607
2019122500 86.62153 114.47975
2019122501 86.6215 114.52234
2019122502 86.62154 114.56422
2019122503 86.62165 114.60769
2019122504 86.62191 114.65241
2019122505 86.62227 114.70003
2019122506 86.62271 114.74778
2019122507 86.62317 114.79484
2019122508 86.62354 114.84075
2019122509 86.62384 114.88446
2019122510 86.6242 114.92726
2019122511 86.62451 114.96897
2019122512 86.62489 115.0087
2019122513 86.62517 115.04529
2019122514 86.6256 115.0798
2019122515 86.62616 115.11263
2019122516 86.62698 115.1455
2019122517 86.62798 115.17827
2019122518 86.62919 115.212
2019122519 86.63074 115.24911
2019122520 86.63229 115.28714
2019122521 86.63396 115.32599
2019122522 86.63552 115.36347
2019122523 86.63692 115.40047
2019122600 86.63845 115.43792
2019122601 86.63982 115.47505
2019122602 86.64117 115.51244
2019122603 86.64246 115.55
2019122604 86.64379 115.58912
2019122605 86.64511 115.63141
2019122606 86.64648 115.67562
2019122607 86.64779 115.71907
2019122608 86.64904 115.76066
2019122609 86.65019 115.79913
2019122610 86.65142 115.83455
2019122611 86.65271 115.8636
2019122612 86.65388 115.88988
2019122613 86.65499 115.91144
2019122614 86.65616 115.92722
2019122615 86.65745 115.93867
2019122616 86.65898 115.94815
2019122617 86.66054 115.95601
2019122618 86.6624 115.96394
2019122619 86.66426 115.97158
2019122620 86.66611 115.97742
2019122621 86.66786 115.9834
2019122622 86.66949 115.98923
2019122623 86.67102 115.99447
2019122700 86.67249 115.99898
2019122701 86.67348 116.00187
2019122702 86.67419 116.0028
2019122703 86.67475 116.00295
2019122704 86.67518 116.00238
2019122705 86.67558 116.001
2019122706 86.676 115.99741
2019122707 86.67643 115.991
2019122708 86.67689 115.983
2019122709 86.67742 115.97392
2019122710 86.67804 115.965
2019122711 86.67861 115.95609
2019122712 86.67898 115.94668
2019122713 86.67923 115.93924
2019122714 86.67935 115.93501
2019122715 86.67929 115.92995
2019122716 86.67913 115.92345
2019122717 86.67894 115.91541
2019122718 86.67881 115.90612
2019122719 86.67879 115.89659
2019122720 86.67889 115.88693
2019122721 86.6791 115.87753
2019122722 86.6794 115.86867
2019122723 86.6797 115.86034
2019122800 86.67988 115.85149
2019122801 86.67981 115.84375
2019122802 86.67939 115.83345
2019122803 86.67869 115.82026
2019122804 86.67782 115.80729
2019122805 86.67693 115.79244
2019122806 86.67616 115.77854
2019122807 86.67548 115.76491
2019122808 86.67492 115.75206
2019122809 86.67443 115.74017
2019122810 86.6741 115.72858
2019122811 86.67373 115.71947
2019122812 86.67321 115.71188
2019122813 86.67246 115.70507
2019122814 86.6715 115.69926
2019122815 86.67039 115.69389
2019122816 86.66912 115.68747
2019122817 86.6678 115.67913
2019122818 86.6665 115.66983
2019122819 86.6653 115.66068
2019122820 86.66428 115.65168
2019122821 86.6634 115.64538
2019122822 86.66259 115.64202
2019122823 86.6618 115.64234
2019122900 86.6609 115.64604
2019122901 86.65989 115.65191
2019122902 86.65875 115.66023
2019122903 86.65745 115.67161
2019122904 86.65612 115.68156
2019122905 86.65465 115.69139
2019122906 86.65277 115.7045
2019122907 86.65113 115.71756
2019122908 86.6496 115.73309
2019122909 86.6482 115.75254
2019122910 86.64672 115.77317
2019122911 86.64529 115.79408
2019122912 86.64389 115.81667
2019122913 86.64236 115.84166
2019122914 86.64073 115.86927
2019122915 86.63873 115.89662
2019122916 86.63652 115.92489
2019122917 86.63425 115.95309
2019122918 86.63207 115.98001
2019122919 86.6299 116.00938
2019122920 86.62786 116.03775
2019122921 86.62588 116.06578
2019122922 86.62412 116.0931
2019122923 86.62252 116.1231
2019123000 86.62083 116.15917
2019123001 86.61929 116.19864
2019123002 86.61781 116.2486
2019123003 86.61636 116.3085
2019123004 86.61467 116.37676
2019123005 86.61261 116.44819
2019123006 86.61012 116.51834
2019123007 86.60742 116.58305
2019123008 86.60492 116.64149
2019123009 86.60253 116.69422
2019123010 86.60037 116.74797
2019123011 86.59838 116.80633
2019123012 86.59647 116.86721
2019123013 86.5943 116.92811
2019123014 86.59191 116.99353
2019123015 86.58938 117.064
2019123016 86.58691 117.13734
2019123017 86.58439 117.20974
2019123018 86.582 117.27623
2019123019 86.57991 117.33621
2019123020 86.57827 117.39188
2019123021 86.57705 117.43909
2019123022 86.57639 117.4835
2019123023 86.5763 117.52775
2019123100 86.57673 117.57259
2019123101 86.5771 117.61344
2019123102 86.57775 117.65359
2019123103 86.57826 117.68921
2019123104 86.57881 117.72415
2019123105 86.57942 117.75826
2019123106 86.58014 117.78948
2019123107 86.58112 117.81692
2019123108 86.58237 117.8393
2019123109 86.58405 117.85639
2019123110 86.58602 117.86858
2019123111 86.58848 117.87801
2019123112 86.59137 117.88818
2019123113 86.59459 117.90074
2019123114 86.59807 117.91751
2019123115 86.60159 117.93849
2019123116 86.60493 117.96292
2019123117 86.60812 117.98813
2019123118 86.61133 118.0116
2019123119 86.61467 118.03054
2019123120 86.61825 118.04463
2019123121 86.6223 118.05493
2019123122 86.62706 118.06225
2019123123 86.63226 118.06624
2020010100 86.6379 118.0678
2020010101 86.64354 118.06916
2020010102 86.64904 118.07131
2020010103 86.65443 118.07608
2020010104 86.65962 118.08191
2020010105 86.66504 118.08578
2020010106 86.67054 118.08517
2020010107 86.67632 118.07882
2020010108 86.68179 118.06214
2020010109 86.68751 118.03832
2020010110 86.69357 118.00897
2020010111 86.69967 117.97633
2020010112 86.70561 117.9417
2020010113 86.71138 117.90544
2020010114 86.71703 117.86941
2020010115 86.72231 117.83271
2020010116 86.72728 117.79225
2020010117 86.73188 117.74453
2020010118 86.73628 117.69112
2020010119 86.74061 117.63344
2020010120 86.7449 117.57208
2020010121 86.74941 117.5062
2020010122 86.75423 117.44115
2020010123 86.75935 117.37615
2020010200 86.76482 117.31312
2020010201 86.77037 117.25415
2020010202 86.77594 117.19788
2020010203 86.78139 117.1427
2020010204 86.7865 117.08829
2020010205 86.79136 117.03286
2020010206 86.79616 116.97403
2020010207 86.80102 116.91172
2020010208 86.80598 116.84716
2020010209 86.81106 116.78081
2020010210 86.81618 116.71198
2020010211 86.82135 116.64303
2020010212 86.82671 116.57481
2020010213 86.83198 116.50702
2020010214 86.83703 116.44151
2020010215 86.84175 116.37643
2020010216 86.84611 116.31188
2020010217 86.85013 116.24683
2020010218 86.85384 116.17824
2020010219 86.85732 116.10942
2020010220 86.86073 116.03955
2020010221 86.8642 115.96899
2020010222 86.86795 115.9002
2020010223 86.87191 115.83667
2020010300 86.8761 115.78499
2020010301 86.88027 115.75156
2020010302 86.88433 115.73757
2020010303 86.88799 115.73509
2020010304 86.89136 115.737
2020010305 86.89446 115.74048
2020010306 86.89732 115.74169
2020010307 86.90004 115.74015
2020010308 86.9027 115.73567
2020010309 86.90553 115.7266
2020010310 86.90853 115.71544
2020010311 86.91167 115.70431
2020010312 86.91501 115.69324
2020010313 86.91848 115.68473
2020010314 86.92226 115.67718
2020010315 86.92603 115.67187
2020010316 86.92968 115.66856
2020010317 86.93323 115.66443
2020010318 86.93685 115.65549
2020010319 86.94047 115.6397
2020010320 86.94398 115.61944
2020010321 86.94753 115.59484
2020010322 86.9513 115.56712
2020010323 86.9554 115.53683
2020010400 86.95982 115.5078
2020010401 86.96452 115.48452
2020010402 86.96937 115.46659
2020010403 86.97419 115.45562
2020010404 86.9787 115.4509
2020010405 86.98293 115.45119
2020010406 86.98672 115.45244
2020010407 86.99018 115.45115
2020010408 86.99345 115.44561
2020010409 86.99669 115.43662
2020010410 86.99999 115.4237
2020010411 87.00346 115.40841
2020010412 87.00713 115.39343
2020010413 87.01093 115.38078
2020010414 87.01478 115.37314
2020010415 87.01852 115.36904
2020010416 87.02201 115.36784
2020010417 87.02512 115.3695
2020010418 87.02795 115.37109
2020010419 87.03053 115.36982
2020010420 87.03308 115.36683
2020010421 87.03555 115.35901
2020010422 87.03805 115.3475
2020010423 87.04064 115.33368
2020010500 87.04333 115.32172
2020010501 87.04602 115.31084
2020010502 87.0489 115.30167
2020010503 87.05178 115.29471
2020010504 87.05451 115.29221
2020010505 87.05702 115.29418
2020010506 87.05918 115.30083
2020010507 87.06113 115.30771
2020010508 87.06292 115.31361
2020010509 87.06464 115.31705
2020010510 87.06632 115.31799
2020010511 87.06805 115.31777
2020010512 87.06988 115.31708
2020010513 87.07178 115.31709
2020010514 87.07376 115.31912
2020010515 87.07583 115.32352
2020010516 87.07801 115.33022
2020010517 87.08008 115.33752
2020010518 87.08185 115.34526
2020010519 87.08344 115.35137
2020010520 87.08507 115.35382
2020010521 87.0866 115.35072
2020010522 87.08818 115.34458
2020010523 87.08941 115.33535
2020010600 87.0904 115.32358
2020010601 87.09162 115.31079
2020010602 87.093 115.29952
2020010603 87.09436 115.28954
2020010604 87.09575 115.28047
2020010605 87.09713 115.27172
2020010606 87.09843 115.26179
2020010607 87.09946 115.25038
2020010608 87.10035 115.23756
2020010609 87.10121 115.22265
2020010610 87.10197 115.20468
2020010611 87.10277 115.18595
2020010612 87.10365 115.16675
2020010613 87.10464 115.14865
2020010614 87.10566 115.13088
2020010615 87.10669 115.11376
2020010616 87.10801 115.09777
2020010617 87.10851 115.08095
2020010618 87.1087 115.06387
2020010619 87.10913 115.04646
2020010620 87.10966 115.02985
2020010621 87.11013 115.01206
2020010622 87.11082 114.9959
2020010623 87.11179 114.97987
2020010700 87.11303 114.96571
2020010701 87.11426 114.95363
2020010702 87.1154 114.94456
2020010703 87.11662 114.93886
2020010704 87.11792 114.93578
2020010705 87.11946 114.93403
2020010706 87.12057 114.93317
2020010707 87.12141 114.93427
2020010708 87.12164 114.9383
2020010709 87.12176 114.94512
2020010710 87.1214 114.95402
2020010711 87.12103 114.96349
2020010712 87.12053 114.97158
2020010713 87.12032 114.97983
2020010714 87.12006 114.99394
2020010715 87.1197 115.01002
2020010716 87.11935 115.0274
2020010717 87.11873 115.04539
2020010718 87.11809 115.06483
2020010719 87.11756 115.08432
2020010720 87.11696 115.10295
2020010721 87.11623 115.12567
2020010722 87.11555 115.14442
2020010723 87.11478 115.15761
2020010800 87.11378 115.16582
2020010801 87.11293 115.17593
2020010802 87.11227 115.18815
2020010803 87.11173 115.20115
2020010804 87.11133 115.21358
2020010805 87.11106 115.21963
2020010806 87.11115 115.22296
2020010807 87.11118 115.22595
2020010808 87.11131 115.22308
2020010809 87.11151 115.2173
2020010810 87.11209 115.20808
2020010811 87.11278 115.19641
2020010812 87.1133 115.181
2020010813 87.11407 115.16071
2020010814 87.11475 115.14203
2020010815 87.11564 115.12231
2020010816 87.11682 115.1004
2020010817 87.11798 115.07898
2020010818 87.1193 115.05416
2020010819 87.12061 115.0271
2020010820 87.12193 115.00156
2020010821 87.12355 114.97113
2020010822 87.12493 114.93887
2020010823 87.12627 114.90424
2020010900 87.12745 114.86543
2020010901 87.12865 114.82286
2020010902 87.12978 114.77654
2020010903 87.13103 114.72677
2020010904 87.13244 114.67674
2020010905 87.13398 114.62504
2020010906 87.13557 114.57176
2020010907 87.13718 114.51674
2020010908 87.13875 114.46107
2020010909 87.14031 114.40565
2020010910 87.14183 114.34831
2020010911 87.14332 114.29005
2020010912 87.14478 114.23174
2020010913 87.14625 114.17328
2020010914 87.1478 114.11472
2020010915 87.14945 114.05676
2020010916 87.15113 114.00042
2020010917 87.15288 113.94665
2020010918 87.15462 113.89388
2020010919 87.15618 113.84002
2020010920 87.15762 113.78696
2020010921 87.15888 113.7329
2020010922 87.15989 113.67602
2020010923 87.16075 113.6159
2020011000 87.16151 113.55036
2020011001 87.16234 113.48175
2020011002 87.16325 113.41257
2020011003 87.16413 113.34375
2020011004 87.16506 113.27455
2020011005 87.1661 113.20431
2020011006 87.16739 113.13352
2020011007 87.16886 113.06181
2020011008 87.17053 112.99224
2020011009 87.17224 112.92443
2020011010 87.17406 112.8571
2020011011 87.17582 112.78974
2020011012 87.17755 112.72086
2020011013 87.17918 112.65187
2020011014 87.18075 112.58246
2020011015 87.18232 112.51199
2020011016 87.1839 112.44274
2020011017 87.18547 112.37572
2020011018 87.1871 112.30889
2020011019 87.18871 112.24481
2020011020 87.19049 112.17796
2020011021 87.19212 112.11088
2020011022 87.19379 112.04075
2020011023 87.19542 111.96674
2020011100 87.19725 111.88788
2020011101 87.19908 111.812
2020011102 87.2011 111.73645
2020011103 87.20289 111.66329
2020011104 87.20491 111.59252
2020011105 87.207 111.52021
2020011106 87.2092 111.44829
2020011107 87.21163 111.37639
2020011108 87.2142 111.30922
2020011109 87.21656 111.24277
2020011110 87.21924 111.17414
2020011111 87.22194 111.10771
2020011112 87.22466 111.04423
2020011113 87.22732 110.98296
2020011114 87.22996 110.92415
2020011115 87.23249 110.86729
2020011116 87.23503 110.81083
2020011117 87.23764 110.75319
2020011118 87.24028 110.69386
2020011119 87.2429 110.63242
2020011120 87.24536 110.57157
2020011121 87.24784 110.50695
2020011122 87.25042 110.4393
2020011123 87.25288 110.36826
2020011200 87.25525 110.29243
2020011201 87.25754 110.21645
2020011202 87.25957 110.14072
2020011203 87.26139 110.06313
2020011204 87.2629 109.9856
2020011205 87.26429 109.90951
2020011206 87.26554 109.8354
2020011207 87.26697 109.7604
2020011208 87.26867 109.68246
2020011209 87.27049 109.60476
2020011210 87.27239 109.52759
2020011211 87.27425 109.44954
2020011212 87.27618 109.37302
2020011213 87.27824 109.29734
2020011214 87.27974 109.22503
2020011215 87.28118 109.15293
2020011216 87.28228 109.07916
2020011217 87.28344 109.00267
2020011218 87.28482 108.92556
2020011219 87.28646 108.84182
2020011220 87.28842 108.75179
2020011221 87.2907 108.65662
2020011222 87.29335 108.55694
2020011223 87.29624 108.45479
2020011300 87.29909 108.35478
2020011301 87.30189 108.25364
2020011302 87.30469 108.15155
2020011303 87.30749 108.04846
2020011304 87.31009 107.94408
2020011305 87.3128 107.83512
2020011306 87.31586 107.7215
2020011307 87.31922 107.60254
2020011308 87.32281 107.48136
2020011309 87.32654 107.3613
2020011310 87.33053 107.24387
2020011311 87.33468 107.12906
2020011312 87.33861 107.02222
2020011313 87.34223 106.92116
2020011314 87.34556 106.82552
2020011315 87.3486 106.73394
2020011316 87.35155 106.64111
2020011317 87.35453 106.54516
2020011318 87.35761 106.44571
2020011319 87.36087 106.34409
2020011320 87.36435 106.24212
2020011321 87.36812 106.14254
2020011322 87.37214 106.04628
2020011323 87.37601 105.95569
2020011400 87.37974 105.86781
2020011401 87.38335 105.78251
2020011402 87.38676 105.70175
2020011403 87.38989 105.62469
2020011404 87.39269 105.55055
2020011405 87.3954 105.47798
2020011406 87.39774 105.40252
2020011407 87.40024 105.32862
2020011408 87.40271 105.25442
2020011409 87.40515 105.17787
2020011410 87.40761 105.10482
2020011411 87.41006 105.0338
2020011412 87.41247 104.9666
2020011413 87.41477 104.90092
2020011414 87.4168 104.83988
2020011415 87.41859 104.77778
2020011416 87.42016 104.71559
2020011417 87.42146 104.65324
2020011418 87.42283 104.58566
2020011419 87.42439 104.52076
2020011420 87.42615 104.45467
2020011421 87.42826 104.38964
2020011422 87.43062 104.32609
2020011423 87.4337 104.26133
2020011500 87.43745 104.19691
2020011501 87.44074 104.1317
2020011502 87.44411 104.06349
2020011503 87.44712 103.99641
2020011504 87.44974 103.92771
2020011505 87.45241 103.85292
2020011506 87.45531 103.76317
2020011507 87.45781 103.67329
2020011508 87.46101 103.58017
2020011509 87.46424 103.47924
2020011510 87.46804 103.37855
2020011511 87.47191 103.2855
2020011512 87.47584 103.20197
2020011513 87.4796 103.12338
2020011514 87.48327 103.04865
2020011515 87.48694 102.9806
2020011516 87.49069 102.91988
2020011517 87.49472 102.86431
2020011518 87.49911 102.81515
2020011519 87.50384 102.7656
2020011520 87.509 102.71445
2020011521 87.51426 102.66202
2020011522 87.51953 102.60844
2020011523 87.52467 102.55292
2020011600 87.52964 102.49424
2020011601 87.53443 102.4312
2020011602 87.5389 102.36473
2020011603 87.54299 102.29441
2020011604 87.5467 102.2195
2020011605 87.54997 102.14182
2020011606 87.55263 102.06171
2020011607 87.55495 101.97597
2020011608 87.55705 101.88459
2020011609 87.559 101.79009
2020011610 87.56059 101.69665
2020011611 87.56178 101.60441
2020011612 87.56292 101.5106
2020011613 87.56383 101.41694
2020011614 87.56428 101.32382
2020011615 87.56424 101.226
2020011616 87.56377 101.12457
2020011617 87.56307 101.0203
2020011618 87.56212 100.9099
2020011619 87.56111 100.79632
2020011620 87.56015 100.6855
2020011621 87.5591 100.57096
2020011622 87.55791 100.45564
2020011623 87.55666 100.34814
2020011700 87.55498 100.24403
2020011701 87.55318 100.14493
2020011702 87.55079 100.04419
2020011703 87.54768 99.9447
2020011704 87.54352 99.84372
2020011705 87.539 99.74992
2020011706 87.53355 99.66064
2020011707 87.52799 99.5838
2020011708 87.5221 99.51079
2020011709 87.51589 99.43083
2020011710 87.50989 99.3527
2020011711 87.50435 99.279
2020011712 87.49901 99.20741
2020011713 87.49378 99.13684
2020011714 87.4886 99.06748
2020011715 87.48336 98.99805
2020011716 87.47808 98.93105
2020011717 87.47277 98.86567
2020011718 87.46743 98.80111
2020011719 87.46227 98.73931
2020011720 87.45747 98.68241
2020011721 87.45289 98.63097
2020011722 87.44835 98.58243
2020011723 87.44384 98.53531
2020011800 87.43948 98.49083
2020011801 87.4354 98.45123
2020011802 87.43113 98.41478
2020011803 87.42713 98.38366
2020011804 87.42332 98.35391
2020011805 87.4199 98.32904
2020011806 87.41678 98.31139
2020011807 87.41393 98.29994
2020011808 87.41107 98.29254
2020011809 87.40837 98.28786
2020011810 87.40594 98.28271
2020011811 87.40384 98.27861
2020011812 87.40191 98.2782
2020011813 87.40009 98.28283
2020011814 87.3983 98.2895
2020011815 87.39688 98.3026
2020011816 87.39605 98.32252
2020011817 87.39511 98.33691
2020011818 87.39426 98.35112
2020011819 87.39346 98.36171
2020011820 87.39273 98.36933
2020011821 87.39205 98.37778
2020011822 87.39157 98.38565
2020011823 87.39129 98.39311
2020011900 87.39145 98.39667
2020011901 87.39186 98.39802
2020011902 87.39255 98.40219
2020011903 87.39307 98.41512
2020011904 87.39366 98.42599
2020011905 87.3941 98.4343
2020011906 87.39461 98.43931
2020011907 87.39527 98.43728
2020011908 87.39608 98.43181
2020011909 87.39688 98.42396
2020011910 87.39781 98.41317
2020011911 87.39851 98.39782
2020011912 87.39967 98.38001
2020011913 87.40073 98.35625
2020011914 87.40209 98.32626
2020011915 87.40382 98.29482
2020011916 87.4056 98.26395
2020011917 87.40731 98.22843
2020011918 87.40904 98.19127
2020011919 87.41077 98.15305
2020011920 87.41291 98.10822
2020011921 87.41503 98.06434
2020011922 87.41733 98.01778
2020011923 87.41991 97.9686
2020012000 87.42251 97.9214
2020012001 87.42507 97.87385
2020012002 87.42752 97.82827
2020012003 87.43004 97.78204
2020012004 87.43272 97.73279
2020012005 87.43547 97.68514
2020012006 87.43809 97.63953
2020012007 87.44062 97.59754
2020012008 87.44305 97.55467
2020012009 87.4453 97.51124
2020012010 87.44749 97.46995
2020012011 87.44957 97.42446
2020012012 87.45173 97.3808
2020012013 87.45389 97.33646
2020012014 87.45614 97.28987
2020012015 87.45848 97.2426
2020012016 87.46084 97.19609
2020012017 87.46306 97.14611
2020012018 87.4653 97.10109
2020012019 87.46752 97.05599
2020012020 87.46948 97.00826
2020012021 87.47137 96.96014
2020012022 87.4731 96.90392
2020012023 87.47484 96.84923
2020012100 87.47663 96.79534
2020012101 87.4783 96.74052
2020012102 87.47994 96.68453
2020012103 87.4814 96.62818
2020012104 87.48286 96.57181
2020012105 87.4842 96.51249
2020012106 87.48542 96.45378
2020012107 87.48649 96.39361
2020012108 87.48737 96.33353
2020012109 87.48804 96.27329
2020012110 87.48846 96.2132
2020012111 87.48875 96.15195
2020012112 87.48905 96.09212
2020012113 87.48935 96.03264
2020012114 87.48966 95.97298
2020012115 87.48994 95.91254
2020012116 87.4902 95.85233
2020012117 87.49038 95.79363
2020012118 87.49048 95.73525
2020012119 87.49044 95.67835
2020012120 87.49011 95.62318
2020012121 87.48965 95.56872
2020012122 87.48911 95.51553
2020012123 87.48842 95.46391
2020012200 87.4876 95.41323
2020012201 87.48669 95.36233
2020012202 87.48574 95.31119
2020012203 87.48485 95.26093
2020012204 87.48401 95.21248
2020012205 87.48319 95.16678
2020012206 87.48232 95.12431
2020012207 87.48149 95.08391
2020012208 87.48061 95.04506
2020012209 87.4796 95.00609
2020012210 87.47851 94.96655
2020012211 87.47735 94.92611
2020012212 87.47608 94.88579
2020012213 87.4748 94.84623
2020012214 87.47337 94.80936
2020012215 87.472 94.77059
2020012216 87.47068 94.73149
2020012217 87.4693 94.6927
2020012218 87.4679 94.6519
2020012219 87.46645 94.61008
2020012220 87.46487 94.56977
2020012221 87.46321 94.52717
2020012222 87.46145 94.48477
2020012223 87.45981 94.44629
2020012300 87.45808 94.40615
2020012301 87.45648 94.36257
2020012302 87.45492 94.32112
2020012303 87.4534 94.27592
2020012304 87.4519 94.23532
2020012305 87.45052 94.19776
2020012306 87.44916 94.16046
2020012307 87.4478 94.12277
2020012308 87.44648 94.08587
2020012309 87.445 94.04807
2020012310 87.44352 94.0098
2020012311 87.44191 93.97365
2020012312 87.44028 93.93867
2020012313 87.43875 93.90403
2020012314 87.43743 93.87143
2020012315 87.4361 93.83614
2020012316 87.43477 93.79666
2020012317 87.43358 93.75237
2020012318 87.43265 93.70621
2020012319 87.43176 93.65558
2020012320 87.43091 93.60663
2020012321 87.43 93.55988
2020012322 87.42917 93.51491
2020012323 87.42827 93.47128
2020012400 87.42743 93.42939
2020012401 87.42672 93.39027
2020012402 87.42608 93.35483
2020012403 87.42552 93.32249
2020012404 87.42496 93.29173
2020012405 87.42453 93.26286
2020012406 87.42408 93.23452
2020012407 87.42354 93.20631
2020012408 87.42295 93.17898
2020012409 87.42232 93.15304
2020012410 87.4216 93.12925
2020012411 87.42077 93.1081
2020012412 87.41987 93.08813
2020012413 87.41891 93.06835
2020012414 87.41786 93.04807
2020012415 87.41681 93.02716
2020012416 87.41576 93.00659
2020012417 87.41476 92.9861
2020012418 87.41381 92.96667
2020012419 87.41299 92.94534
2020012420 87.41218 92.92632
2020012421 87.41135 92.9125
2020012422 87.41062 92.89974
2020012423 87.40996 92.88728
2020012500 87.40924 92.8788
2020012501 87.40853 92.86884
2020012502 87.40788 92.85952
2020012503 87.40722 92.85139
2020012504 87.40656 92.84585
2020012505 87.40603 92.83775
2020012506 87.40559 92.831
2020012507 87.40515 92.82904
2020012508 87.40465 92.8247
2020012509 87.40434 92.81759
2020012510 87.40413 92.81443
2020012511 87.40363 92.81599
2020012512 87.40323 92.81927
2020012513 87.40266 92.83055
2020012514 87.40225 92.84513
2020012515 87.40196 92.86036
2020012516 87.40178 92.87747
2020012517 87.40176 92.89836
2020012518 87.40193 92.92148
2020012519 87.40246 92.9467
2020012520 87.40308 92.97238
2020012521 87.40369 92.99162
2020012522 87.40417 93.00874
2020012523 87.40457 93.02908
2020012600 87.40492 93.05913
2020012601 87.40545 93.0896
2020012602 87.40588 93.12851
2020012603 87.40644 93.17205
2020012604 87.40719 93.22183
2020012605 87.40841 93.27038
2020012606 87.4098 93.32132
2020012607 87.41128 93.37366
2020012608 87.4128 93.4365
2020012609 87.41375 93.51476
2020012610 87.41469 93.60049
2020012611 87.4156 93.69043
2020012612 87.41635 93.7802
2020012613 87.41707 93.87484
2020012614 87.41771 93.97048
2020012615 87.41855 94.07637
2020012616 87.41993 94.18184
2020012617 87.42115 94.29475
2020012618 87.42295 94.40019
2020012619 87.42426 94.51164
2020012620 87.42565 94.63181
2020012621 87.42716 94.74131
2020012622 87.42925 94.84607
2020012623 87.43141 94.94267
2020012700 87.43359 95.03579
2020012701 87.43565 95.12211
2020012702 87.43746 95.20539
2020012703 87.43904 95.2879
2020012704 87.44081 95.37435
2020012705 87.44248 95.46095
2020012706 87.44389 95.54247
2020012707 87.44499 95.61691
2020012708 87.44604 95.67979
2020012709 87.44711 95.72625
2020012710 87.44771 95.75272
2020012711 87.44813 95.77144
2020012712 87.44807 95.78671
2020012713 87.44802 95.80205
2020012714 87.44794 95.817
2020012715 87.44784 95.83268
2020012716 87.44775 95.85043
2020012717 87.44768 95.87158
2020012718 87.44764 95.89304
2020012719 87.44766 95.9098
2020012720 87.44778 95.92062
2020012721 87.44807 95.92421
2020012722 87.44843 95.91977
2020012723 87.4489 95.90739
2020012800 87.44946 95.8909
2020012801 87.45004 95.87282
2020012802 87.45056 95.85861
2020012803 87.45096 95.84894
2020012804 87.45132 95.84431
2020012805 87.45159 95.84
2020012806 87.45188 95.83444
2020012807 87.45219 95.82544
2020012808 87.4526 95.81267
2020012809 87.45318 95.79737
2020012810 87.4539 95.77677
2020012811 87.45485 95.75682
2020012812 87.45582 95.73256
2020012813 87.457 95.71031
2020012814 87.45824 95.69069
2020012815 87.45921 95.67691
2020012816 87.46025 95.66372
2020012817 87.46116 95.64535
2020012818 87.46205 95.62365
2020012819 87.463 95.59432
2020012820 87.46354 95.56466
2020012821 87.46442 95.52838
2020012822 87.46584 95.48435
2020012823 87.46724 95.44023
2020012900 87.4682 95.40192
2020012901 87.46905 95.36872
2020012902 87.4697 95.33845
2020012903 87.47017 95.31039
2020012904 87.47042 95.28354
2020012905 87.4706 95.25768
2020012906 87.47068 95.232
2020012907 87.47064 95.21151
2020012908 87.47074 95.19504
2020012909 87.47103 95.18091
2020012910 87.47131 95.16879
2020012911 87.47164 95.16017
2020012912 87.47218 95.15654
2020012913 87.47263 95.16311
2020012914 87.47297 95.17979
2020012915 87.47312 95.21079
2020012916 87.47305 95.25301
2020012917 87.47289 95.30087
2020012918 87.47289 95.35376
2020012919 87.47315 95.4069
2020012920 87.47406 95.47657
2020012921 87.47519 95.55132
2020012922 87.47619 95.62564
2020012923 87.47708 95.69785
2020013000 87.4778 95.7708
2020013001 87.47843 95.84436
2020013002 87.47897 95.91956
2020013003 87.47929 95.99718
2020013004 87.4794 96.07816
2020013005 87.47914 96.1551
2020013006 87.4784 96.2257
2020013007 87.47668 96.29507
2020013008 87.47363 96.36715
2020013009 87.46934 96.43899
2020013010 87.46428 96.49579
2020013011 87.45957 96.52962
2020013012 87.4556 96.53917
2020013013 87.45176 96.53979
2020013014 87.4479 96.53228
2020013015 87.44413 96.52327
2020013016 87.44036 96.51353
2020013017 87.43692 96.50317
2020013018 87.43417 96.49654
2020013019 87.43185 96.49144
2020013020 87.43007 96.48426
2020013021 87.42886 96.47816
2020013022 87.42839 96.47078
2020013023 87.42845 96.46399
2020013100 87.42873 96.4628
2020013101 87.42943 96.46461
2020013102 87.43024 96.47173
2020013103 87.43107 96.48167
2020013104 87.43199 96.48751
2020013105 87.43384 96.48929
2020013106 87.43662 96.48438
2020013107 87.43983 96.47072
2020013108 87.44367 96.44933
2020013109 87.44823 96.42451
2020013110 87.45319 96.39779
2020013111 87.45849 96.36845
2020013112 87.46388 96.33359
2020013113 87.46919 96.3004
2020013114 87.47386 96.27563
2020013115 87.4779 96.26712
2020013116 87.48143 96.27451
2020013117 87.48442 96.28949
2020013118 87.48703 96.305
2020013119 87.4895 96.32802
2020013120 87.49193 96.34698
2020013121 87.49413 96.35959
2020013122 87.4957 96.37183
2020013123 87.49663 96.3823
2020020100 87.49721 96.39019
2020020101 87.49713 96.38895
2020020102 87.49534 96.38168
2020020103 87.49042 96.34629
2020020104 87.48132 96.2956
2020020105 87.469 96.23808
2020020106 87.45475 96.16739
2020020107 87.43992 96.0725
2020020108 87.42602 95.9576
2020020109 87.41414 95.84108
2020020110 87.40478 95.74346
2020020111 87.39768 95.67866
2020020112 87.39231 95.65736
2020020113 87.38751 95.66972
2020020114 87.38272 95.70578
2020020115 87.37739 95.75379
2020020116 87.37107 95.80333
2020020117 87.36389 95.84607
2020020118 87.3569 95.86494
2020020119 87.35056 95.85944
2020020120 87.34542 95.83126
2020020121 87.34186 95.7894
2020020122 87.33988 95.7472
2020020123 87.33934 95.7125
2020020200 87.33942 95.6818
2020020201 87.34023 95.65706
2020020202 87.34152 95.63681
2020020203 87.34275 95.61375
2020020204 87.34384 95.58584
2020020205 87.34444 95.5444
2020020206 87.34464 95.47958
2020020207 87.34469 95.38647
2020020208 87.3451 95.26603
2020020209 87.34617 95.12657
2020020210 87.34801 94.97309
2020020211 87.34997 94.83275
2020020212 87.35173 94.71329
2020020213 87.35352 94.60749
2020020214 87.35513 94.51596
2020020215 87.35646 94.43444
2020020216 87.35749 94.36128
2020020217 87.35815 94.2906
2020020218 87.35872 94.21322
2020020219 87.35961 94.12577
2020020220 87.36127 94.02271
2020020221 87.36419 93.90379
2020020222 87.3686 93.77892
2020020223 87.37375 93.6601
2020020300 87.37945 93.55286
2020020301 87.3851 93.45605
2020020302 87.39054 93.37157
2020020303 87.39561 93.30233
2020020304 87.40009 93.25014
2020020305 87.40403 93.21727
2020020306 87.4074 93.19851
2020020307 87.41043 93.20159
2020020308 87.41299 93.22429
2020020309 87.41529 93.26392
2020020310 87.41773 93.32573
2020020311 87.42049 93.39859
2020020312 87.42371 93.4784
2020020313 87.42723 93.56775
2020020314 87.43062 93.66141
2020020315 87.43369 93.76
2020020316 87.43612 93.85848
2020020317 87.43806 93.9554
2020020318 87.43976 94.04617
2020020319 87.44133 94.12983
2020020320 87.44284 94.20875
2020020321 87.44437 94.28306
2020020322 87.44645 94.36099
2020020323 87.44929 94.45284
2020020400 87.45237 94.55386
2020020401 87.45484 94.6456
2020020402 87.45772 94.74252
2020020403 87.46082 94.8389
2020020404 87.46337 94.92797
2020020405 87.46602 95.01077
2020020406 87.46859 95.08783
2020020407 87.47077 95.15652
2020020408 87.47267 95.21488
2020020409 87.47435 95.25986
2020020410 87.47604 95.29128
2020020411 87.47795 95.31074
2020020412 87.48022 95.32144
2020020413 87.48279 95.3272
2020020414 87.4856 95.33134
2020020415 87.48845 95.3358
2020020416 87.49123 95.34062
2020020417 87.4938 95.34476
2020020418 87.49618 95.34811
2020020419 87.49832 95.3485
2020020420 87.50036 95.34395
2020020421 87.50236 95.3348
2020020422 87.50446 95.31953
2020020423 87.50689 95.29676
2020020500 87.5097 95.26861
2020020501 87.51289 95.23651
2020020502 87.51633 95.20644
2020020503 87.51994 95.18142
2020020504 87.52362 95.15956
2020020505 87.52708 95.1338
2020020506 87.53011 95.10034
2020020507 87.53307 95.06339
2020020508 87.53591 95.02561
2020020509 87.53864 94.97877
2020020510 87.54156 94.92703
2020020511 87.54439 94.86915
2020020512 87.54733 94.80881
2020020513 87.55058 94.74566
2020020514 87.55409 94.68055
2020020515 87.55781 94.61556
2020020516 87.56146 94.55402
2020020517 87.56491 94.5035
2020020518 87.5681 94.46001
2020020519 87.57089 94.42493
2020020520 87.57344 94.39496
2020020521 87.57561 94.37085
2020020522 87.57761 94.34874
2020020523 87.57945 94.32276
2020020600 87.58139 94.29526
2020020601 87.58351 94.26292
2020020602 87.58581 94.22509
2020020603 87.5883 94.18832
2020020604 87.5909 94.15027
2020020605 87.59368 94.11054
2020020606 87.5961 94.07594
2020020607 87.59848 94.05943
2020020608 87.60117 94.0429
2020020609 87.60411 94.02318
2020020610 87.60689 94.00461
2020020611 87.60904 93.98357
2020020612 87.61098 93.95947
2020020613 87.61318 93.93834
2020020614 87.61532 93.91844
2020020615 87.61725 93.90063
2020020616 87.61901 93.87939
2020020617 87.62068 93.8574
2020020618 87.6225 93.83887
2020020619 87.62413 93.82534
2020020620 87.62547 93.81488
2020020621 87.62641 93.80318
2020020622 87.62718 93.79314
2020020623 87.628 93.78294
2020020700 87.62889 93.77372
2020020701 87.63015 93.76622
2020020702 87.63139 93.75948
2020020703 87.63257 93.75065
2020020704 87.63373 93.74626
2020020705 87.63484 93.74625
2020020706 87.63594 93.74855
2020020707 87.63701 93.75288
2020020708 87.63804 93.75851
2020020709 87.63907 93.76466
2020020710 87.64004 93.7719
2020020711 87.64091 93.77851
2020020712 87.64174 93.78303
2020020713 87.6426 93.78838
2020020714 87.64356 93.79504
2020020715 87.6446 93.80536
2020020716 87.64576 93.81518
2020020717 87.64696 93.82486
2020020718 87.64815 93.83735
2020020719 87.64932 93.85148
2020020720 87.65042 93.86512
2020020721 87.65159 93.87531
2020020722 87.65285 93.88091
2020020723 87.65427 93.88183
2020020800 87.65578 93.88122
2020020801 87.65734 93.88168
2020020802 87.65899 93.88249
2020020803 87.66071 93.88388
2020020804 87.66252 93.88403
2020020805 87.66443 93.88187
2020020806 87.66637 93.87577
2020020807 87.6684 93.86471
2020020808 87.67032 93.85334
2020020809 87.67184 93.8415
2020020810 87.67347 93.82633
2020020811 87.67526 93.80677
2020020812 87.67692 93.78933
2020020813 87.67941 93.76118
2020020814 87.68148 93.74096
2020020815 87.68375 93.72109
2020020816 87.6863 93.69547
2020020817 87.6892 93.66267
2020020818 87.692 93.63211
2020020819 87.69432 93.6039
2020020820 87.69691 93.57372
2020020821 87.6992 93.54412
2020020822 87.70152 93.51224
2020020823 87.70386 93.47562
2020020900 87.70616 93.43752
2020020901 87.70803 93.39982
2020020902 87.70958 93.36779
2020020903 87.71183 93.32667
2020020904 87.71389 93.28929
2020020905 87.71644 93.2427
2020020906 87.71905 93.19233
2020020907 87.72161 93.14682
2020020908 87.72413 93.09936
2020020909 87.72647 93.05692
2020020910 87.72857 93.00974
2020020911 87.73091 92.96329
2020020912 87.73309 92.91783
2020020913 87.73524 92.87693
2020020914 87.7376 92.83157
2020020915 87.73986 92.78713
2020020916 87.74209 92.73989
2020020917 87.74439 92.69031
2020020918 87.74679 92.637
2020020919 87.74936 92.58078
2020020920 87.75212 92.52261
2020020921 87.75492 92.46773
2020020922 87.75842 92.41196
2020020923 87.76124 92.3561
2020021000 87.76357 92.30603
2020021001 87.76601 92.2616
2020021002 87.76831 92.21943
2020021003 87.7705 92.1761
2020021004 87.77266 92.13254
2020021005 87.77467 92.0902
2020021006 87.77679 92.04384
2020021007 87.77886 91.99281
2020021008 87.78097 91.93713
2020021009 87.78318 91.87803
2020021010 87.7854 91.81753
2020021011 87.78755 91.75855
2020021012 87.78959 91.70186
2020021013 87.79146 91.6449
2020021014 87.79314 91.58874
2020021015 87.79461 91.53429
2020021016 87.79593 91.47926
2020021017 87.7972 91.42213
2020021018 87.79845 91.3598
2020021019 87.79986 91.28983
2020021020 87.80148 91.21221
2020021021 87.80333 91.12886
2020021022 87.80533 91.04218
2020021023 87.8075 90.95435
2020021100 87.80959 90.86881
2020021101 87.81149 90.78582
2020021102 87.81304 90.708
2020021103 87.81452 90.63233
2020021104 87.8156 90.55988
2020021105 87.81659 90.48354
2020021106 87.81745 90.40321
2020021107 87.81835 90.31707
2020021108 87.8193 90.2223
2020021109 87.82034 90.11506
2020021110 87.82157 90.00352
2020021111 87.82289 89.89424
2020021112 87.82444 89.78499
2020021113 87.82604 89.67921
2020021114 87.8275 89.58161
2020021115 87.82876 89.49161
2020021116 87.82984 89.40733
2020021117 87.83082 89.32737
2020021118 87.83179 89.24611
2020021119 87.833 89.15839
2020021120 87.83457 89.06161
2020021121 87.83663 88.95738
2020021122 87.83906 88.84721
2020021123 87.84177 88.73266
2020021200 87.84476 88.6188
2020021201 87.84784 88.50795
2020021202 87.85077 88.40481
2020021203 87.85332 88.31207
2020021204 87.85548 88.23
2020021205 87.85754 88.15138
2020021206 87.85976 88.06582
2020021207 87.86284 87.96948
2020021208 87.86567 87.87094
2020021209 87.86898 87.76477
2020021210 87.87274 87.65219
2020021211 87.87689 87.53766
2020021212 87.88132 87.42537
2020021213 87.88581 87.31892
2020021214 87.89017 87.21896
2020021215 87.89428 87.12474
2020021216 87.89818 87.03541
2020021217 87.90208 86.94482
2020021218 87.90566 86.84698
2020021219 87.90904 86.73467
2020021220 87.91266 86.60583
2020021221 87.91602 86.46075
2020021222 87.91957 86.30982
2020021223 87.9234 86.15761
2020021300 87.9273 86.00303
2020021301 87.93102 85.85213
2020021302 87.93448 85.70928
2020021303 87.93758 85.57177
2020021304 87.94128 85.42827
2020021305 87.94473 85.28354
2020021306 87.94872 85.12844
2020021307 87.95271 84.9595
2020021308 87.95653 84.77805
2020021309 87.95991 84.5872
2020021310 87.96319 84.38025
2020021311 87.966 84.1705
2020021312 87.96878 83.96139
2020021313 87.9712 83.75284
2020021314 87.97323 83.5507
2020021315 87.97487 83.35397
2020021316 87.97663 83.16812
2020021317 87.97939 82.96844
2020021318 87.9819 82.76919
2020021319 87.98439 82.56843
2020021320 87.98705 82.37942
2020021321 87.98962 82.19376
2020021322 87.9923 82.01115
2020021323 87.99538 81.83677
2020021400 87.99848 81.66976
2020021401 88.00143 81.51145
2020021402 88.00416 81.36248
2020021403 88.00688 81.22274
2020021404 88.00939 81.09331
2020021405 88.01164 80.97242
2020021406 88.01378 80.85847
2020021407 88.01578 80.75128
2020021408 88.01795 80.64878
2020021409 88.0205 80.5461
2020021410 88.0233 80.44724
2020021411 88.02625 80.36518
2020021412 88.02932 80.2945
2020021413 88.03252 80.23781
2020021414 88.03575 80.19373
2020021415 88.03897 80.16226
2020021416 88.04199 80.14089
2020021417 88.04474 80.12298
2020021418 88.04728 80.10825
2020021419 88.04964 80.09781
2020021420 88.05199 80.08198
2020021421 88.05437 80.07289
2020021422 88.05688 80.04765
2020021423 88.05933 80.0269
2020021500 88.06163 80.00474
2020021501 88.06372 79.98569
2020021502 88.0656 79.96911
2020021503 88.06708 79.95639
2020021504 88.0681 79.93999
2020021505 88.06879 79.92221
2020021506 88.06925 79.90469
2020021507 88.06946 79.88413
2020021508 88.06929 79.86185
2020021509 88.06912 79.83716
2020021510 88.06893 79.81974
2020021511 88.06872 79.80487
2020021512 88.06855 79.79202
2020021513 88.06834 79.78009
2020021514 88.06816 79.76659
2020021515 88.06802 79.75791
2020021516 88.06792 79.75605
2020021517 88.06782 79.75687
2020021518 88.06778 79.75645
2020021519 88.06775 79.75561
2020021520 88.06773 79.75502
2020021521 88.06767 79.75096
2020021522 88.06759 79.74664
2020021523 88.06747 79.73984
2020021600 88.06725 79.73029
2020021601 88.06699 79.71805
2020021602 88.06677 79.70846
2020021603 88.06659 79.70152
2020021604 88.06649 79.69863
2020021605 88.06642 79.69765
2020021606 88.06654 79.71796
2020021607 88.06662 79.7301
2020021608 88.06678 79.74407
2020021609 88.06695 79.75519
2020021610 88.06688 79.75241
2020021611 88.06676 79.74739
2020021612 88.06664 79.74145
2020021613 88.06648 79.73376
2020021614 88.06719 79.76007
2020021615 88.06724 79.76277
2020021616 88.06679 79.73881
2020021617 88.06628 79.71012
2020021618 88.06623 79.69905
2020021619 88.06693 79.70421
2020021620 88.06787 79.71166
2020021621 88.06824 79.6905
2020021622 88.06858 79.65191
2020021623 88.06925 79.61316
2020021700 88.06943 79.57657
2020021701 88.06911 79.53714
2020021702 88.06898 79.49695
2020021703 88.06967 79.44574
2020021704 88.07036 79.39065
2020021705 88.07123 79.32895
2020021706 88.07228 79.26797
2020021707 88.07257 79.20231
2020021708 88.07269 79.13705
2020021709 88.07282 79.06917
2020021710 88.07295 78.99844
2020021711 88.07331 78.92123
2020021712 88.07376 78.83831
2020021713 88.07412 78.76102
2020021714 88.07427 78.67765
2020021715 88.07456 78.60168
2020021716 88.07472 78.53359
2020021717 88.07519 78.45897
2020021718 88.07586 78.3829
2020021719 88.07643 78.31706
2020021720 88.07697 78.25694
2020021721 88.0777 78.20312
2020021722 88.07857 78.15056
2020021723 88.07946 78.1002
2020021800 88.08053 78.05268
2020021801 88.08167 78.00591
2020021802 88.08299 77.95908
2020021803 88.08431 77.91003
2020021804 88.08568 77.85989
2020021805 88.08736 77.80362
2020021806 88.08966 77.73433
2020021807 88.09246 77.64376
2020021808 88.09588 77.53631
2020021809 88.09971 77.41751
2020021810 88.1038 77.29546
2020021811 88.10824 77.17181
2020021812 88.11271 77.03993
2020021813 88.11738 76.90955
2020021814 88.12211 76.78787
2020021815 88.12703 76.67182
2020021816 88.1323 76.55448
2020021817 88.13781 76.43157
2020021818 88.14362 76.30541
2020021819 88.14984 76.18032
2020021820 88.15584 76.05302
2020021821 88.16175 75.92481
2020021822 88.16741 75.79454
2020021823 88.17308 75.65936
2020021900 88.17868 75.51305
2020021901 88.18412 75.35288
2020021902 88.18984 75.18517
2020021903 88.19626 74.9972
2020021904 88.20358 74.79027
2020021905 88.21114 74.57521
2020021906 88.21899 74.35379
2020021907 88.22683 74.12202
2020021908 88.23464 73.88848
2020021909 88.24229 73.65883
2020021910 88.24957 73.43363
2020021911 88.2566 73.2155
2020021912 88.26322 73.00454
2020021913 88.2696 72.79944
2020021914 88.27589 72.59715
2020021915 88.2821 72.39403
2020021916 88.28847 72.18967
2020021917 88.29497 71.98283
2020021918 88.30123 71.77757
2020021919 88.30729 71.57485
2020021920 88.31278 71.37618
2020021921 88.31842 71.18241
2020021922 88.32361 70.99207
2020021923 88.32869 70.80654
2020022000 88.33361 70.62734
2020022001 88.33825 70.44822
2020022002 88.3427 70.26995
2020022003 88.34709 70.09406
2020022004 88.35193 69.91336
2020022005 88.35689 69.73548
2020022006 88.3618 69.56218
2020022007 88.36651 69.39624
2020022008 88.37101 69.23661
2020022009 88.37544 69.07638
2020022010 88.38003 68.91901
2020022011 88.38482 68.76996
2020022012 88.38995 68.63251
2020022013 88.39538 68.50907
2020022014 88.40112 68.40817
2020022015 88.407 68.32866
2020022016 88.41274 68.26683
2020022017 88.41829 68.21516
2020022018 88.42342 68.16412
2020022019 88.42792 68.11092
2020022020 88.43197 68.04116
2020022021 88.43598 67.95508
2020022022 88.43999 67.85529
2020022023 88.44424 67.73647
2020022100 88.44883 67.60571
2020022101 88.45351 67.48622
2020022102 88.45815 67.37657
2020022103 88.46284 67.27546
2020022104 88.46753 67.18057
2020022105 88.47219 67.08582
2020022106 88.47675 66.9881
2020022107 88.48123 66.88979
2020022108 88.48573 66.78818
2020022109 88.49036 66.68584
2020022110 88.49494 66.58939
2020022111 88.4994 66.49975
2020022112 88.50384 66.41785
2020022113 88.5083 66.34644
2020022114 88.51256 66.28199
2020022115 88.51679 66.21798
2020022116 88.52112 66.14662
2020022117 88.52565 66.06667
2020022118 88.5304 65.98342
2020022119 88.53521 65.89839
2020022120 88.53992 65.81822
2020022121 88.54428 65.74045
2020022122 88.54825 65.66199
2020022123 88.55177 65.58379
2020022200 88.55482 65.49904
2020022201 88.55772 65.41365
2020022202 88.56053 65.32719
2020022203 88.56322 65.25032
2020022204 88.56578 65.16989
2020022205 88.56817 65.0862
2020022206 88.57021 65.00269
2020022207 88.57207 64.91498
2020022208 88.57364 64.83127
2020022209 88.57489 64.7476
2020022210 88.5758 64.67235
2020022211 88.57663 64.60543
2020022212 88.57736 64.53073
2020022213 88.57798 64.46522
2020022214 88.57859 64.40603
2020022215 88.57878 64.35316
2020022216 88.57811 64.29403
2020022217 88.5771 64.21214
2020022218 88.57651 64.1021
2020022219 88.5763 63.97799
2020022220 88.57628 63.8381
2020022221 88.57635 63.69172
2020022222 88.57633 63.53248
2020022223 88.57624 63.37683
2020022300 88.57648 63.22249
2020022301 88.57689 63.07007
2020022302 88.57757 62.92094
2020022303 88.5784 62.76583
2020022304 88.57934 62.6135
2020022305 88.58071 62.45692
2020022306 88.58209 62.30289
2020022307 88.58381 62.14153
2020022308 88.58561 61.97213
2020022309 88.5873 61.80067
2020022310 88.58906 61.62658
2020022311 88.59086 61.44456
2020022312 88.59262 61.25966
2020022313 88.5941 61.07795
2020022314 88.59536 60.89221
2020022315 88.59622 60.70675
2020022316 88.59694 60.51034
2020022317 88.59746 60.30273
2020022318 88.59783 60.08723
2020022319 88.59821 59.85247
2020022320 88.59845 59.61344
2020022321 88.59869 59.36697
2020022322 88.59867 59.11425
2020022323 88.59835 58.84956
2020022400 88.59777 58.56502
2020022401 88.59693 58.27518
2020022402 88.59579 57.97806
2020022403 88.59496 57.67988
2020022404 88.59407 57.37943
2020022405 88.59326 57.05688
2020022406 88.5927 56.70617
2020022407 88.59214 56.3374
2020022408 88.59162 55.95173
2020022409 88.59107 55.5856
2020022410 88.59044 55.18267
2020022411 88.58947 54.79591
2020022412 88.58853 54.40375
2020022413 88.58765 54.02453
2020022414 88.58682 53.65198
2020022415 88.58604 53.28691
2020022416 88.58525 52.92412
2020022417 88.5845 52.55732
2020022418 88.58367 52.19002
2020022419 88.5828 51.81873
2020022420 88.58195 51.4464
2020022421 88.58107 51.07443
2020022422 88.58013 50.70116
2020022423 88.57905 50.32894
2020022500 88.57793 49.95635
2020022501 88.57669 49.58566
2020022502 88.57533 49.21708
2020022503 88.57404 48.85156
2020022504 88.5728 48.49602
2020022505 88.57162 48.14893
2020022506 88.57045 47.80564
2020022507 88.56918 47.46288
2020022508 88.5678 47.1176
2020022509 88.56629 46.77214
2020022510 88.56463 46.43091
2020022511 88.56273 46.09718
2020022512 88.56073 45.77189
2020022513 88.55865 45.46246
2020022514 88.55637 45.17152
2020022515 88.55401 44.89183
2020022516 88.55155 44.62299
2020022517 88.54899 44.36196
2020022518 88.54626 44.10578
2020022519 88.54335 43.85162
2020022520 88.54023 43.59719
2020022521 88.53696 43.34064
2020022522 88.53364 43.08098
2020022523 88.53033 42.81971
2020022600 88.52705 42.56396
2020022601 88.52381 42.31655
2020022602 88.52067 42.08191
2020022603 88.51753 41.85887
2020022604 88.51453 41.6429
2020022605 88.51156 41.435
2020022606 88.50847 41.23257
2020022607 88.50531 41.03225
2020022608 88.50209 40.83204
2020022609 88.49877 40.63106
2020022610 88.49547 40.43098
2020022611 88.49217 40.22893
2020022612 88.48884 40.03024
2020022613 88.48545 39.83909
2020022614 88.48216 39.66395
2020022615 88.4789 39.50294
2020022616 88.47557 39.35254
2020022617 88.47224 39.20797
2020022618 88.46898 39.06643
2020022619 88.46571 38.9247
2020022620 88.46241 38.77862
2020022621 88.4591 38.62881
2020022622 88.4557 38.47767
2020022623 88.45228 38.32597
2020022700 88.44892 38.17467
2020022701 88.44554 38.02866
2020022702 88.44224 37.8927
2020022703 88.43902 37.76492
2020022704 88.43582 37.64785
2020022705 88.43263 37.53766
2020022706 88.42943 37.42905
2020022707 88.42623 37.32064
2020022708 88.42301 37.20638
2020022709 88.41984 37.08306
2020022710 88.41665 36.95534
2020022711 88.41347 36.82446
2020022712 88.41034 36.68964
2020022713 88.40732 36.5541
2020022714 88.40439 36.41963
2020022715 88.40158 36.28855
2020022716 88.39882 36.16016
2020022717 88.39607 36.03335
2020022718 88.39331 35.90776
2020022719 88.3905 35.78245
2020022720 88.38765 35.65697
2020022721 88.38472 35.52924
2020022722 88.38168 35.39603
2020022723 88.37869 35.25853
2020022800 88.37583 35.12246
2020022801 88.37305 34.99253
2020022802 88.37033 34.86937
2020022803 88.36765 34.75269
2020022804 88.36495 34.6438
2020022805 88.36216 34.54208
2020022806 88.35935 34.44449
2020022807 88.35654 34.34865
2020022808 88.35371 34.25256
2020022809 88.35079 34.15382
2020022810 88.34781 34.04947
2020022811 88.34492 33.94606
2020022812 88.34216 33.8429
2020022813 88.33944 33.74521
2020022814 88.33681 33.65339
2020022815 88.33422 33.5686
2020022816 88.33156 33.49059
2020022817 88.32883 33.40886
2020022818 88.32606 33.3326
2020022819 88.32324 33.25255
2020022820 88.3204 33.16717
2020022821 88.31746 33.08229
2020022822 88.3145 32.9914
2020022823 88.31151 32.89699
2020022900 88.30847 32.80306
2020022901 88.3055 32.70808
2020022902 88.30271 32.61402
2020022903 88.29997 32.52135
2020022904 88.29723 32.43445
2020022905 88.29446 32.35351
2020022906 88.29167 32.28603
2020022907 88.28894 32.21856
2020022908 88.28621 32.1513
2020022909 88.28347 32.08337
2020022910 88.28067 32.01741
2020022911 88.27791 31.94696
2020022912 88.27517 31.87979
2020022913 88.27245 31.81635
2020022914 88.26978 31.75822
2020022915 88.26709 31.70976
2020022916 88.26435 31.66965
2020022917 88.26179 31.63774
2020022918 88.2593 31.61537
2020022919 88.25693 31.59322
2020022920 88.25462 31.5737
2020022921 88.25226 31.55268
2020022922 88.24981 31.53407
2020022923 88.24723 31.51515
2020030100 88.24459 31.49534
2020030101 88.24199 31.47014
2020030102 88.23949 31.45118
2020030103 88.23711 31.4368
2020030104 88.23498 31.42483
2020030105 88.23301 31.41929
2020030106 88.23117 31.41742
2020030107 88.22948 31.41717
2020030108 88.2279 31.41622
2020030109 88.22634 31.41254
2020030110 88.22473 31.40612
2020030111 88.22311 31.40356
2020030112 88.22147 31.39866
2020030113 88.21982 31.39376
2020030114 88.21826 31.38894
2020030115 88.21686 31.38318
2020030116 88.21565 31.37762
2020030117 88.21451 31.37534
2020030118 88.21343 31.37595
2020030119 88.21237 31.37764
2020030120 88.21128 31.37767
2020030121 88.21007 31.37504
2020030122 88.20874 31.36788
2020030123 88.20733 31.35465
2020030200 88.20588 31.34025
2020030201 88.20448 31.31686
2020030202 88.20306 31.29566
2020030203 88.20154 31.2827
2020030204 88.20012 31.25467
2020030205 88.19872 31.22349
2020030206 88.19718 31.20885
2020030207 88.19553 31.18551
2020030208 88.19386 31.16192
2020030209 88.19211 31.1408
2020030210 88.19014 31.11738
2020030211 88.18803 31.09237
2020030212 88.18581 31.06595
2020030213 88.18363 31.03619
2020030214 88.18149 31.00209
2020030215 88.17948 30.96018
2020030216 88.1775 30.93249
2020030217 88.17541 30.89755
2020030218 88.1733 30.87174
2020030219 88.17102 30.85212
2020030220 88.1687 30.82929
2020030221 88.16639 30.80681
2020030222 88.1641 30.78656
2020030223 88.16173 30.76272
2020030300 88.15933 30.73643
2020030301 88.15684 30.70706
2020030302 88.15452 30.66622
2020030303 88.15219 30.63519
2020030304 88.14991 30.61006
2020030305 88.14775 30.58958
2020030306 88.14563 30.57607
2020030307 88.14352 30.56287
2020030308 88.1416 30.55148
2020030309 88.13972 30.5394
2020030310 88.1377 30.52763
2020030311 88.13553 30.51395
2020030312 88.13334 30.49616
2020030313 88.13114 30.47794
2020030314 88.12899 30.46215
2020030315 88.12703 30.44685
2020030316 88.12508 30.43364
2020030317 88.12316 30.42334
2020030318 88.12132 30.41304
2020030319 88.11956 30.40736
2020030320 88.11789 30.40222
2020030321 88.11627 30.40008
2020030322 88.11459 30.39547
2020030323 88.11304 30.39454
2020030400 88.11151 30.38995
2020030401 88.10995 30.3892
2020030402 88.10842 30.38497
2020030403 88.10699 30.37633
2020030404 88.10569 30.37541
2020030405 88.10444 30.38158
2020030406 88.10316 30.38956
2020030407 88.10185 30.40765
2020030408 88.1007 30.4301
2020030409 88.09939 30.45031
2020030410 88.09813 30.47011
2020030411 88.09692 30.48764
2020030412 88.09581 30.50139
2020030413 88.09499 30.51581
2020030414 88.09429 30.53243
2020030415 88.09375 30.54712
2020030416 88.09333 30.56616
2020030417 88.09287 30.58608
2020030418 88.09247 30.60836
2020030419 88.09195 30.63206
2020030420 88.09153 30.65859
2020030421 88.09109 30.68444
2020030422 88.09069 30.70811
2020030423 88.09036 30.7294
2020030500 88.0901 30.74774
2020030501 88.08998 30.76195
2020030502 88.08996 30.77285
2020030503 88.0899 30.77926
2020030504 88.09005 30.78712
2020030505 88.09032 30.79352
2020030506 88.09064 30.80215
2020030507 88.09098 30.80836
2020030508 88.09135 30.81364
2020030509 88.09179 30.81601
2020030510 88.09222 30.81802
2020030511 88.09279 30.82049
2020030512 88.09318 30.81784
2020030513 88.09364 30.81408
2020030514 88.09416 30.80626
2020030515 88.09468 30.7958
2020030516 88.09508 30.78179
2020030517 88.09559 30.76796
2020030518 88.09604 30.75477
2020030519 88.09683 30.73682
2020030520 88.0975 30.71431
2020030521 88.09818 30.69025
2020030522 88.09881 30.65768
2020030523 88.09952 30.62197
2020030600 88.09982 30.58756
2020030601 88.10019 30.53845
2020030602 88.10045 30.48069
2020030603 88.10063 30.4277
2020030604 88.10091 30.36123
2020030605 88.10076 30.29952
2020030606 88.10077 30.21778
2020030607 88.1008 30.11421
2020030608 88.10084 30.00424
2020030609 88.10078 29.89837
2020030610 88.10108 29.77067
2020030611 88.101 29.6511
2020030612 88.10081 29.52059
2020030613 88.1002 29.40343
2020030614 88.09937 29.2931
2020030615 88.09849 29.16652
2020030616 88.09768 29.02519
2020030617 88.09667 28.89372
2020030618 88.09557 28.76478
2020030619 88.09453 28.63736
2020030620 88.09336 28.51597
2020030621 88.09215 28.39486
2020030622 88.09071 28.27972
2020030623 88.08912 28.16854
2020030700 88.08754 28.05426
2020030701 88.08596 27.93581
2020030702 88.08443 27.81981
2020030703 88.08284 27.7038
2020030704 88.08126 27.58559
2020030705 88.07971 27.46599
2020030706 88.07816 27.34977
2020030707 88.07651 27.23841
2020030708 88.07481 27.13111
2020030709 88.07307 27.03021
2020030710 88.07116 26.93634
2020030711 88.06919 26.84374
2020030712 88.06715 26.75195
2020030713 88.06512 26.66158
2020030714 88.06318 26.5717
2020030715 88.06137 26.48213
2020030716 88.05953 26.39549
2020030717 88.05767 26.30727
2020030718 88.05581 26.22274
2020030719 88.05389 26.14211
2020030720 88.05188 26.06461
2020030721 88.04977 25.98922
2020030722 88.0476 25.91525
2020030723 88.0454 25.84148
2020030800 88.04318 25.76823
2020030801 88.04099 25.69595
2020030802 88.0388 25.62555
2020030803 88.03652 25.5562
2020030804 88.0342 25.4867
2020030805 88.03181 25.42025
2020030806 88.02936 25.35585
2020030807 88.02692 25.29307
2020030808 88.02437 25.23572
2020030809 88.02177 25.18107
2020030810 88.01899 25.12705
2020030811 88.01618 25.0757
2020030812 88.01333 25.02496
2020030813 88.01034 24.97608
2020030814 88.00718 24.92808
2020030815 88.00384 24.88079
2020030816 88.00021 24.8323
2020030817 87.9965 24.78002
2020030818 87.9926 24.72873
2020030819 87.98858 24.67596
2020030820 87.98415 24.62387
2020030821 87.97937 24.57078
2020030822 87.97443 24.51745
2020030823 87.96917 24.46791
2020030900 87.96356 24.41888
2020030901 87.95777 24.36894
2020030902 87.95187 24.3193
2020030903 87.94586 24.27223
2020030904 87.93983 24.2299
2020030905 87.93378 24.19066
2020030906 87.92765 24.15447
2020030907 87.92147 24.12105
2020030908 87.91509 24.09086
2020030909 87.90863 24.06299
2020030910 87.90214 24.04006
2020030911 87.89545 24.02463
2020030912 87.88885 24.0123
2020030913 87.88225 24.00368
2020030914 87.87577 24.00033
2020030915 87.86945 23.99957
2020030916 87.86325 24.00322
2020030917 87.85709 24.00998
2020030918 87.85097 24.01975
2020030919 87.84489 24.03197
2020030920 87.83873 24.04787
2020030921 87.83245 24.06798
2020030922 87.826 24.09325
2020030923 87.81946 24.1227
2020031000 87.81292 24.15434
2020031001 87.8066 24.19206
2020031002 87.8003 24.23126
2020031003 87.79419 24.27541
2020031004 87.78819 24.32188
2020031005 87.78225 24.36763
2020031006 87.77631 24.41194
2020031007 87.77032 24.45558
2020031008 87.76432 24.49862
2020031009 87.75818 24.54273
2020031010 87.75195 24.58764
2020031011 87.7456 24.63407
2020031012 87.73939 24.6766
2020031013 87.73339 24.7212
2020031014 87.72764 24.76987
2020031015 87.72223 24.82156
2020031016 87.71726 24.87022
2020031017 87.7126 24.91688
2020031018 87.70825 24.95771
2020031019 87.70427 24.9973
2020031020 87.70054 25.03151
2020031021 87.69698 25.05915
2020031022 87.69362 25.07915
2020031023 87.69032 25.08748
2020031100 87.68726 25.08775
2020031101 87.68456 25.07516
2020031102 87.68251 25.04624
2020031103 87.68097 25.00501
2020031104 87.67973 24.95615
2020031105 87.67867 24.90187
2020031106 87.67777 24.84274
2020031107 87.67684 24.77713
2020031108 87.67572 24.70431
2020031109 87.67412 24.62373
2020031110 87.67224 24.54031
2020031111 87.6698 24.45291
2020031112 87.66688 24.36265
2020031113 87.66334 24.26787
2020031114 87.65943 24.1701
2020031115 87.65572 24.07463
2020031116 87.65186 23.97479
2020031117 87.648 23.87673
2020031118 87.64393 23.77704
2020031119 87.63961 23.67146
2020031120 87.63535 23.56224
2020031121 87.63054 23.44595
2020031122 87.62483 23.3203
2020031123 87.61868 23.18852
2020031200 87.61225 23.04268
2020031201 87.60556 22.89212
2020031202 87.59893 22.74647
2020031203 87.59242 22.60668
2020031204 87.58594 22.47324
2020031205 87.57937 22.34592
2020031206 87.5725 22.22218
2020031207 87.56536 22.0998
2020031208 87.55787 21.97476
2020031209 87.55006 21.84729
2020031210 87.54203 21.71513
2020031211 87.53392 21.57866
2020031212 87.52584 21.43976
2020031213 87.51777 21.30208
2020031214 87.50979 21.1631
2020031215 87.50183 21.02915
2020031216 87.49397 20.90426
2020031217 87.48607 20.78713
2020031218 87.47818 20.67615
2020031219 87.47017 20.56896
2020031220 87.46192 20.46051
2020031221 87.4535 20.35033
2020031222 87.44469 20.23872
2020031223 87.43546 20.1284
2020031300 87.42581 20.02041
2020031301 87.4158 19.91377
2020031302 87.40547 19.80354
2020031303 87.39484 19.68938
2020031304 87.38453 19.58117
2020031305 87.37441 19.48468
2020031306 87.36449 19.39416
2020031307 87.35485 19.31092
2020031308 87.34513 19.2263
2020031309 87.33542 19.13953
2020031310 87.32579 19.0498
2020031311 87.31607 18.95208
2020031312 87.30631 18.85025
2020031313 87.29638 18.75007
2020031314 87.286 18.65127
2020031315 87.27558 18.55675
2020031316 87.26519 18.46589
2020031317 87.25475 18.38002
2020031318 87.2444 18.30222
2020031319 87.23438 18.22713
2020031320 87.22485 18.15071
2020031321 87.21578 18.07462
2020031322 87.20697 17.99718
2020031323 87.1982 17.91486
2020031400 87.1898 17.83466
2020031401 87.18185 17.76059
2020031402 87.17431 17.69369
2020031403 87.16698 17.6307
2020031404 87.16092 17.57207
2020031405 87.15553 17.51922
2020031406 87.15101 17.46883
2020031407 87.14755 17.41834
2020031408 87.14499 17.36519
2020031409 87.1425 17.3133
2020031410 87.13979 17.26729
2020031411 87.13689 17.22072
2020031412 87.13391 17.16839
2020031413 87.13103 17.11787
2020031414 87.12844 17.07233
2020031415 87.12609 17.03364
2020031416 87.12397 16.99736
2020031417 87.12195 16.96051
2020031418 87.12014 16.91891
2020031419 87.11862 16.87026
2020031420 87.11714 16.8173
2020031421 87.11578 16.76732
2020031422 87.11431 16.71537
2020031423 87.11279 16.65693
2020031500 87.11123 16.59421
2020031501 87.10935 16.52662
2020031502 87.1072 16.45616
2020031503 87.10497 16.38614
2020031504 87.10234 16.31675
2020031505 87.09948 16.25096
2020031506 87.09631 16.18173
2020031507 87.09236 16.08616
2020031508 87.08733 15.94444
2020031509 87.08201 15.78577
2020031510 87.07658 15.61882
2020031511 87.07109 15.44241
2020031512 87.06543 15.25848
2020031513 87.05955 15.07361
2020031514 87.05372 14.88579
2020031515 87.04788 14.70387
2020031516 87.04202 14.53809
2020031517 87.03582 14.39194
2020031518 87.02918 14.27214
2020031519 87.02188 14.16397
2020031520 87.01412 14.05601
2020031521 87.00595 13.94634
2020031522 86.99787 13.82917
2020031523 86.98971 13.70442
2020031600 86.98177 13.58406
2020031601 86.97409 13.47321
2020031602 86.96674 13.37114
2020031603 86.95972 13.28461
2020031604 86.95297 13.20603
2020031605 86.946 13.14746
2020031606 86.93885 13.10226
2020031607 86.93159 13.0612
2020031608 86.92422 13.02055
2020031609 86.91675 12.97884
2020031610 86.90933 12.93513
2020031611 86.90208 12.88912
2020031612 86.89523 12.8424
2020031613 86.88869 12.79433
2020031614 86.88267 12.75182
2020031615 86.8765 12.7157
2020031616 86.87056 12.68686
2020031617 86.86485 12.66607
2020031618 86.85927 12.65312
2020031619 86.85379 12.64264
2020031620 86.84839 12.63303
2020031621 86.84315 12.62017
2020031622 86.83799 12.60197
2020031623 86.83289 12.57957
2020031700 86.8279 12.55236
2020031701 86.82306 12.52172
2020031702 86.81853 12.49071
2020031703 86.81444 12.46262
2020031704 86.81067 12.43942
2020031705 86.80701 12.42091
2020031706 86.80343 12.40705
2020031707 86.79979 12.39662
2020031708 86.79599 12.38578
2020031709 86.79213 12.37295
2020031710 86.78822 12.35732
2020031711 86.78427 12.33699
2020031712 86.7803 12.31205
2020031713 86.77641 12.28525
2020031714 86.77274 12.25816
2020031715 86.76938 12.23538
2020031716 86.76623 12.2192
2020031717 86.7631 12.20813
2020031718 86.75976 12.20032
2020031719 86.75614 12.1954
2020031720 86.75222 12.19085
2020031721 86.74823 12.18475
2020031722 86.74419 12.17659
2020031723 86.74017 12.16559
2020031800 86.73615 12.15374
2020031801 86.7322 12.14241
2020031802 86.72834 12.12994
2020031803 86.72469 12.11963
2020031804 86.72108 12.11353
2020031805 86.71745 12.11202
2020031806 86.71374 12.11315
2020031807 86.70986 12.11786
2020031808 86.70577 12.12425
2020031809 86.70167 12.13045
2020031810 86.69755 12.13518
2020031811 86.69351 12.13722
2020031812 86.68959 12.13562
2020031813 86.68574 12.13174
2020031814 86.68197 12.12796
2020031815 86.67829 12.12465
2020031816 86.67463 12.1205
2020031817 86.67073 12.12213
2020031818 86.66654 12.13021
2020031819 86.66169 12.14866
2020031820 86.65628 12.17773
2020031821 86.65063 12.21361
2020031822 86.64474 12.25354
2020031823 86.63872 12.29628
2020031900 86.63264 12.34633
2020031901 86.62632 12.41249
2020031902 86.61963 12.48855
2020031903 86.61268 12.57566
2020031904 86.60559 12.66616
2020031905 86.59769 12.7602
2020031906 86.58957 12.85174
2020031907 86.58129 12.93897
2020031908 86.57287 13.02102
2020031909 86.56431 13.09877
2020031910 86.55585 13.17171
2020031911 86.54734 13.24274
2020031912 86.53866 13.31232
2020031913 86.52969 13.3843
2020031914 86.5205 13.46161
2020031915 86.51117 13.54501
2020031916 86.50162 13.63161
2020031917 86.49195 13.71988
2020031918 86.4821 13.80823
2020031919 86.47212 13.89354
2020031920 86.46212 13.97569
2020031921 86.4524 14.05729
2020031922 86.44291 14.13667
2020031923 86.43367 14.21018
2020032000 86.42465 14.27811
2020032001 86.41587 14.3444
2020032002 86.40735 14.40978
2020032003 86.39899 14.47239
2020032004 86.39061 14.5308
2020032005 86.38206 14.58274
2020032006 86.37359 14.62841
2020032007 86.36539 14.67047
2020032008 86.35751 14.70798
2020032009 86.34992 14.73827
2020032010 86.34264 14.76289
2020032011 86.33583 14.78034
2020032012 86.32966 14.79173
2020032013 86.32429 14.79987
2020032014 86.31944 14.8079
2020032015 86.31488 14.81674
2020032016 86.31066 14.82503
2020032017 86.3064 14.83684
2020032018 86.30203 14.85255
2020032019 86.29771 14.87164
2020032020 86.29338 14.89337
2020032021 86.28916 14.91532
2020032022 86.28541 14.94985
2020032023 86.28175 14.97384
2020032100 86.27881 14.9959
2020032101 86.27641 15.01795
2020032102 86.27451 15.03778
2020032103 86.27283 15.05579
2020032104 86.27103 15.07489
2020032105 86.26924 15.09739
2020032106 86.26729 15.11979
2020032107 86.26518 15.14134
2020032108 86.26297 15.16116
2020032109 86.26114 15.18581
2020032110 86.25952 15.21025
2020032111 86.25795 15.23205
2020032112 86.25653 15.25315
2020032113 86.25534 15.2771
2020032114 86.25427 15.3028
2020032115 86.25308 15.33042
2020032116 86.25167 15.35789
2020032117 86.25001 15.38468
2020032118 86.24823 15.41006
2020032119 86.24638 15.43485
2020032120 86.24455 15.45839
2020032121 86.2428 15.48062
2020032122 86.24114 15.50304
2020032123 86.23962 15.52488
2020032200 86.23823 15.54577
2020032201 86.23691 15.56557
2020032202 86.23566 15.58498
2020032203 86.23451 15.60407
2020032204 86.23348 15.62333
2020032205 86.23256 15.64282
2020032206 86.23154 15.65823
2020032207 86.23052 15.67173
2020032208 86.22958 15.68339
2020032209 86.22873 15.69349
2020032210 86.22804 15.70344
2020032211 86.22747 15.71332
2020032212 86.227 15.72337
2020032213 86.22661 15.73458
2020032214 86.22628 15.74734
2020032215 86.22597 15.76054
2020032216 86.22566 15.77599
2020032217 86.22527 15.79167
2020032218 86.22492 15.80333
2020032219 86.22448 15.81308
2020032220 86.22387 15.82049
2020032221 86.2232 15.8261
2020032222 86.22245 15.82811
2020032223 86.22151 15.83013
2020032300 86.22061 15.83142
2020032301 86.2198 15.83033
2020032302 86.21906 15.82811
2020032303 86.21832 15.82652
2020032304 86.21755 15.82612
2020032305 86.21662 15.82408
2020032306 86.21595 15.817
2020032307 86.21514 15.81775
2020032308 86.21426 15.81571
2020032309 86.21342 15.8126
2020032310 86.21259 15.81271
2020032311 86.21178 15.81226
2020032312 86.21111 15.80969
2020032313 86.21051 15.80834
2020032314 86.21 15.80747
2020032315 86.20953 15.80417
2020032316 86.20904 15.80112
2020032317 86.2085 15.79817
2020032318 86.20778 15.79223
2020032319 86.20696 15.7854
2020032320 86.20599 15.77485
2020032321 86.20501 15.76316
2020032322 86.20409 15.7501
2020032323 86.20322 15.73794
2020032400 86.20236 15.72704
2020032401 86.20156 15.7185
2020032402 86.20089 15.71151
2020032403 86.20022 15.70585
2020032404 86.19952 15.6984
2020032405 86.19873 15.69032
2020032406 86.19799 15.67936
2020032407 86.19725 15.66601
2020032408 86.19655 15.64657
2020032409 86.19549 15.62406
2020032410 86.19436 15.59899
2020032411 86.19306 15.57274
2020032412 86.19169 15.5405
2020032413 86.19049 15.50317
2020032414 86.18937 15.46743
2020032415 86.1881 15.42808
2020032416 86.18644 15.3895
2020032417 86.18435 15.34708
2020032418 86.18203 15.30098
2020032419 86.17966 15.25177
2020032420 86.17686 15.20051
2020032421 86.17371 15.13864
2020032422 86.1702 15.07193
2020032423 86.16624 15.00242
2020032500 86.16222 14.92893
2020032501 86.15833 14.85531
2020032502 86.15444 14.78028
2020032503 86.1503 14.70702
2020032504 86.14629 14.62788
2020032505 86.14219 14.54586
2020032506 86.13787 14.45961
2020032507 86.13346 14.3748
2020032508 86.12911 14.28534
2020032509 86.12474 14.19612
2020032510 86.12022 14.10827
2020032511 86.11579 14.01957
2020032512 86.11141 13.93418
2020032513 86.10711 13.85524
2020032514 86.1028 13.7842
2020032515 86.09835 13.72108
2020032516 86.09386 13.66089
2020032517 86.08945 13.60612
2020032518 86.08512 13.55407
2020032519 86.0807 13.50256
2020032520 86.0761 13.45406
2020032521 86.07138 13.40935
2020032522 86.06669 13.36671
2020032523 86.06202 13.32759
2020032600 86.05731 13.29301
2020032601 86.05265 13.26285
2020032602 86.04818 13.23695
2020032603 86.04372 13.21462
2020032604 86.03929 13.19437
2020032605 86.03482 13.17587
2020032606 86.03024 13.15767
2020032607 86.02533 13.14149
2020032608 86.02022 13.12667
2020032609 86.01499 13.11469
2020032610 86.00958 13.10327
2020032611 86.00404 13.09406
2020032612 85.99838 13.08843
2020032613 85.99278 13.08666
2020032614 85.98721 13.08657
2020032615 85.98158 13.08908
2020032616 85.97576 13.09317
2020032617 85.96996 13.09848
2020032618 85.96417 13.10463
2020032619 85.95817 13.11102
2020032620 85.95192 13.1173
2020032621 85.94543 13.12539
2020032622 85.93853 13.13623
2020032623 85.93128 13.14698
2020032700 85.92384 13.15953
2020032701 85.91633 13.17212
2020032702 85.90893 13.18478
2020032703 85.90175 13.19843
2020032704 85.89463 13.21294
2020032705 85.88788 13.2288
2020032706 85.88134 13.24834
2020032707 85.87449 13.27196
2020032708 85.86702 13.29874
2020032709 85.85881 13.32551
2020032710 85.84981 13.34785
2020032711 85.84022 13.36515
2020032712 85.83021 13.37835
2020032713 85.82006 13.38833
2020032714 85.80994 13.39678
2020032715 85.79982 13.40636
2020032716 85.78973 13.42041
2020032717 85.77935 13.43497
2020032718 85.76865 13.44814
2020032719 85.75777 13.45837
2020032720 85.74697 13.46377
2020032721 85.73602 13.46462
2020032722 85.72488 13.46049
2020032723 85.71374 13.45503
2020032800 85.70282 13.44714
2020032801 85.69226 13.4373
2020032802 85.68252 13.4295
2020032803 85.67346 13.42095
2020032804 85.66483 13.41131
2020032805 85.65597 13.39817
2020032806 85.6471 13.38192
2020032807 85.63796 13.36423
2020032808 85.62858 13.3463
2020032809 85.61911 13.32582
2020032810 85.60952 13.30366
2020032811 85.59972 13.28093
2020032812 85.59021 13.25902
2020032813 85.58118 13.24
2020032814 85.57245 13.22707
2020032815 85.56413 13.22112
2020032816 85.55635 13.22186
2020032817 85.54883 13.22477
2020032818 85.54146 13.22846
2020032819 85.53415 13.23121
2020032820 85.52673 13.23199
2020032821 85.51909 13.23311
2020032822 85.51147 13.23391
2020032823 85.50408 13.23218
2020032900 85.4971 13.23161
2020032901 85.49042 13.23101
2020032902 85.48395 13.22994
2020032903 85.47781 13.23125
2020032904 85.47167 13.23463
2020032905 85.4654 13.23606
2020032906 85.45924 13.2399
2020032907 85.45327 13.23954
2020032908 85.44736 13.236
2020032909 85.44165 13.22902
2020032910 85.43608 13.22087
2020032911 85.43063 13.21605
2020032912 85.42513 13.20851
2020032913 85.41971 13.20205
2020032914 85.41454 13.19513
2020032915 85.40985 13.18837
2020032916 85.40566 13.18438
2020032917 85.40169 13.17845
2020032918 85.39776 13.17306
2020032919 85.39442 13.17015
2020032920 85.39151 13.16764
2020032921 85.38905 13.16534
2020032922 85.38705 13.16243
2020032923 85.38541 13.16106
2020033000 85.38411 13.16002
2020033001 85.38287 13.15936
2020033002 85.38162 13.15962
2020033003 85.38065 13.15954
2020033004 85.38014 13.16049
2020033005 85.37962 13.16363
2020033006 85.37933 13.16724
2020033007 85.37905 13.17163
2020033008 85.37869 13.17625
2020033009 85.37816 13.18332
2020033010 85.37751 13.19071
2020033011 85.37677 13.19908
2020033012 85.37579 13.20712
2020033013 85.37482 13.21772
2020033014 85.37391 13.23217
2020033015 85.37274 13.2484
2020033016 85.37125 13.26902
2020033017 85.36987 13.29027
2020033018 85.36848 13.31421
2020033019 85.36674 13.34022
2020033020 85.36484 13.36696
2020033021 85.36231 13.39275
2020033022 85.3591 13.41622
2020033023 85.35586 13.44048
2020033100 85.35236 13.47012
2020033101 85.34872 13.50184
2020033102 85.34487 13.53732
2020033103 85.3409 13.57699
2020033104 85.33676 13.61722
2020033105 85.33277 13.65971
2020033106 85.32887 13.70923
2020033107 85.32475 13.76425
2020033108 85.32037 13.82155
2020033109 85.31556 13.88204
2020033110 85.31005 13.942
2020033111 85.30379 13.99944
2020033112 85.29713 14.05868
2020033113 85.28979 14.11738
2020033114 85.2825 14.17793
2020033115 85.27538 14.23956
2020033116 85.26839 14.30435
2020033117 85.26135 14.37345
2020033118 85.25444 14.44618
2020033119 85.24759 14.52399
2020033120 85.23999 14.60622
2020033121 85.23244 14.69213
2020033122 85.22458 14.78049
2020033123 85.21642 14.86752
2020040100 85.20805 14.9496
2020040101 85.1997 15.02538
2020040102 85.19145 15.09395
2020040103 85.1834 15.15888
2020040104 85.17554 15.22171
2020040105 85.16788 15.28125
2020040106 85.16031 15.33626
2020040107 85.15281 15.38403
2020040108 85.14521 15.4251
2020040109 85.13759 15.46003
2020040110 85.1297 15.48637
2020040111 85.12158 15.50543
2020040112 85.11309 15.51761
2020040113 85.10444 15.52334
2020040114 85.09597 15.52519
2020040115 85.0881 15.52237
2020040116 85.08092 15.51893
2020040117 85.0743 15.51685
2020040118 85.06796 15.51403
2020040119 85.0619 15.5107
2020040120 85.05622 15.5118
2020040121 85.05058 15.51135
2020040122 85.04439 15.5038
2020040123 85.03741 15.48492
2020040200 85.03013 15.45306
2020040201 85.02292 15.41523
2020040202 85.01589 15.37369
2020040203 85.00905 15.33017
2020040204 85.00243 15.28716
2020040205 84.99589 15.24678
2020040206 84.98929 15.20984
2020040207 84.98242 15.17734
2020040208 84.97533 15.14535
2020040209 84.96814 15.11164
2020040210 84.96078 15.0741
2020040211 84.95339 15.03181
2020040212 84.94595 14.98378
2020040213 84.93843 14.92732
2020040214 84.93099 14.86432
2020040215 84.92375 14.79866
2020040216 84.91665 14.73231
2020040217 84.9096 14.66496
2020040218 84.90256 14.5965
2020040219 84.89549 14.5298
2020040220 84.88826 14.46529
2020040221 84.88076 14.40228
2020040222 84.87325 14.34399
2020040223 84.86564 14.28707
2020040300 84.85795 14.22763
2020040301 84.8503 14.1637
2020040302 84.84275 14.09657
2020040303 84.8353 14.02474
2020040304 84.82833 13.94989
2020040305 84.82191 13.87483
2020040306 84.81602 13.80323
2020040307 84.8107 13.73897
2020040308 84.80578 13.68196
2020040309 84.80115 13.63137
2020040310 84.7969 13.58307
2020040311 84.79287 13.53484
2020040312 84.78868 13.48189
2020040313 84.78443 13.4255
2020040314 84.78018 13.36725
2020040315 84.77588 13.31046
2020040316 84.77138 13.25472
2020040317 84.76694 13.20854
2020040318 84.76212 13.16899
2020040319 84.75685 13.13452
2020040320 84.75122 13.10529
2020040321 84.74533 13.0814
2020040322 84.73924 13.06172
2020040323 84.73302 13.04672
2020040400 84.72672 13.03337
2020040401 84.72038 13.01671
2020040402 84.71405 12.99712
2020040403 84.70773 12.97499
2020040404 84.70156 12.94958
2020040405 84.69592 12.92634
2020040406 84.69061 12.90902
2020040407 84.68532 12.89618
2020040408 84.68012 12.88876
2020040409 84.67513 12.88973
2020040410 84.67028 12.89266
2020040411 84.66536 12.89834
2020040412 84.66018 12.90636
2020040413 84.65505 12.91603
2020040414 84.65005 12.92703
2020040415 84.64521 12.93997
2020040416 84.64011 12.95271
2020040417 84.63491 12.96388
2020040418 84.62954 12.97322
2020040419 84.62434 12.98437
2020040420 84.6196 12.99856
2020040421 84.61515 13.01583
2020040422 84.61096 13.03253
2020040423 84.6072 13.04989
2020040500 84.60377 13.06864
2020040501 84.60038 13.08597
2020040502 84.59726 13.102
2020040503 84.59436 13.11978
2020040504 84.59172 13.14069
2020040505 84.58946 13.16514
2020040506 84.58732 13.19121
2020040507 84.58537 13.22109
2020040508 84.5838 13.25591
2020040509 84.58222 13.29387
2020040510 84.58062 13.33447
2020040511 84.57929 13.3784
2020040512 84.57808 13.42475
2020040513 84.57713 13.47346
2020040514 84.57626 13.52426
2020040515 84.57519 13.57448
2020040516 84.57385 13.62336
2020040517 84.57222 13.66975
2020040518 84.57029 13.71317
2020040519 84.56813 13.75231
2020040520 84.566 13.78862
2020040521 84.56388 13.82527
2020040522 84.56173 13.86249
2020040523 84.55946 13.90023
2020040600 84.55726 13.93997
2020040601 84.5551 13.98026
2020040602 84.55291 14.01998
2020040603 84.55075 14.0561
2020040604 84.54866 14.08708
2020040605 84.5467 14.11411
2020040606 84.54484 14.13803
2020040607 84.54296 14.16133
2020040608 84.54109 14.18673
2020040609 84.53914 14.21604
2020040610 84.53725 14.24758
2020040611 84.53547 14.28056
2020040612 84.53377 14.31296
2020040613 84.53214 14.34378
2020040614 84.53051 14.37218
2020040615 84.52881 14.39808
2020040616 84.52689 14.41897
2020040617 84.52479 14.43362
2020040618 84.52248 14.44406
2020040619 84.52005 14.45105
2020040620 84.51774 14.4551
2020040621 84.51543 14.45818
2020040622 84.51324 14.46084
2020040623 84.51118 14.46648
2020040700 84.50935 14.47652
2020040701 84.50793 14.48892
2020040702 84.50692 14.50185
2020040703 84.50623 14.51502
2020040704 84.50564 14.52658
2020040705 84.50508 14.53359
2020040706 84.5043 14.53565
2020040707 84.5034 14.53554
2020040708 84.50245 14.53426
2020040709 84.50142 14.53318
2020040710 84.50044 14.53376
2020040711 84.49963 14.53637
2020040712 84.49882 14.53974
2020040713 84.49803 14.54354
2020040714 84.49733 14.54675
2020040715 84.49688 14.54907
2020040716 84.49662 14.55026
2020040717 84.49635 14.55056
2020040718 84.49577 14.55002
2020040719 84.49477 14.54733
2020040720 84.49342 14.54378
2020040721 84.49188 14.54075
2020040722 84.4904 14.53931
2020040723 84.48899 14.54109
2020040800 84.48774 14.54646
2020040801 84.48669 14.55413
2020040802 84.48593 14.5635
2020040803 84.48539 14.57461
2020040804 84.48499 14.58676
2020040805 84.48463 14.59861
2020040806 84.48417 14.61025
2020040807 84.48351 14.62119
2020040808 84.48269 14.63269
2020040809 84.48177 14.64574
2020040810 84.48075 14.65953
2020040811 84.47969 14.67642
2020040812 84.47844 14.69614
2020040813 84.47708 14.71803
2020040814 84.47566 14.73996
2020040815 84.47428 14.7606
2020040816 84.47284 14.77969
2020040817 84.47132 14.79664
2020040818 84.46961 14.81091
2020040819 84.4677 14.82163
2020040820 84.46557 14.82926
2020040821 84.46324 14.83418
2020040822 84.46078 14.83734
2020040823 84.45827 14.84021
2020040900 84.45596 14.84259
2020040901 84.45385 14.84613
2020040902 84.4519 14.84991
2020040903 84.44993 14.85335
2020040904 84.44803 14.85668
2020040905 84.44616 14.85796
2020040906 84.44422 14.85651
2020040907 84.44199 14.85125
2020040908 84.4395 14.84254
2020040909 84.43672 14.83149
2020040910 84.43373 14.81857
2020040911 84.43079 14.80509
2020040912 84.42813 14.7928
2020040913 84.42565 14.78316
2020040914 84.42359 14.77545
2020040915 84.42199 14.77072
2020040916 84.42069 14.76652
2020040917 84.41956 14.76228
2020040918 84.41798 14.75597
2020040919 84.41605 14.7472
2020040920 84.41367 14.73521
2020040921 84.41089 14.72036
2020040922 84.40788 14.70346
2020040923 84.40484 14.68714
2020041000 84.40187 14.6726
2020041001 84.3994 14.66217
2020041002 84.39787 14.65549
2020041003 84.397 14.65241
2020041004 84.39638 14.65244
2020041005 84.39567 14.65379
2020041006 84.39459 14.6547
2020041007 84.39307 14.65411
2020041008 84.39084 14.65131
2020041009 84.38807 14.64586
2020041010 84.38508 14.63868
2020041011 84.38195 14.63073
2020041012 84.37891 14.62413
2020041013 84.37612 14.62046
2020041014 84.37354 14.62096
2020041015 84.37126 14.62508
2020041016 84.36934 14.63209
2020041017 84.3676 14.64071
2020041018 84.36573 14.64958
2020041019 84.36344 14.65833
2020041020 84.3608 14.66575
2020041021 84.358 14.67046
2020041022 84.35518 14.67296
2020041023 84.35276 14.674
2020041100 84.3505 14.67587
2020041101 84.34805 14.68018
2020041102 84.34563 14.68823
2020041103 84.34312 14.69919
2020041104 84.34072 14.7119
2020041105 84.3384 14.72443
2020041106 84.33621 14.73644
2020041107 84.33417 14.74549
2020041108 84.33183 14.74881
2020041109 84.3297 14.74976
2020041110 84.32742 14.74983
2020041111 84.32513 14.74729
2020041112 84.32257 14.74167
2020041113 84.32002 14.73666
2020041114 84.31755 14.73375
2020041115 84.31502 14.73299
2020041116 84.31249 14.73261
2020041117 84.31014 14.732
2020041118 84.30809 14.73143
2020041119 84.30629 14.72973
2020041120 84.30461 14.72643
2020041121 84.30283 14.72235
2020041122 84.30095 14.71736
2020041123 84.29899 14.71174
2020041200 84.29705 14.70734
2020041201 84.29556 14.70639
2020041202 84.29439 14.70783
2020041203 84.29386 14.71029
2020041204 84.29367 14.71492
2020041205 84.29375 14.72042
2020041206 84.29379 14.72541
2020041207 84.29377 14.72948
2020041208 84.29377 14.73229
2020041209 84.29368 14.73415
2020041210 84.29294 14.73769
2020041211 84.2921 14.74232
2020041212 84.29128 14.74767
2020041213 84.2905 14.75413
2020041214 84.28981 14.7616
2020041215 84.28917 14.77011
2020041216 84.28888 14.77847
2020041217 84.28893 14.78541
2020041218 84.289 14.79171
2020041219 84.28903 14.79754
2020041220 84.2891 14.80233
2020041221 84.28916 14.80569
2020041222 84.28917 14.80899
2020041223 84.28922 14.81294
2020041300 84.28931 14.81882
2020041301 84.28941 14.82616
2020041302 84.28952 14.83519
2020041303 84.28964 14.84617
2020041304 84.28982 14.85863
2020041305 84.29007 14.87218
2020041306 84.2904 14.88601
2020041307 84.29087 14.90078
2020041308 84.29137 14.91528
2020041309 84.29191 14.92892
2020041310 84.29243 14.94088
2020041311 84.29291 14.95242
2020041312 84.29334 14.96118
2020041313 84.29383 14.96774
2020041314 84.29441 14.97339
2020041315 84.29514 14.97906
2020041316 84.29604 14.9848
2020041317 84.29713 14.98951
2020041318 84.2985 14.99235
2020041319 84.30015 14.99378
2020041320 84.30203 14.99353
2020041321 84.30412 14.99165
2020041322 84.30614 14.98792
2020041323 84.30817 14.9828
2020041400 84.31024 14.97431
2020041401 84.31246 14.96349
2020041402 84.31487 14.95017
2020041403 84.31737 14.93488
2020041404 84.31993 14.9172
2020041405 84.32252 14.89619
2020041406 84.3251 14.872
2020041407 84.3278 14.84622
2020041408 84.33042 14.81717
2020041409 84.33311 14.78389
2020041410 84.33562 14.7464
2020041411 84.33775 14.70071
2020041412 84.33944 14.65346
2020041413 84.3407 14.60764
2020041414 84.34118 14.56504
2020041415 84.34092 14.5259
2020041416 84.34035 14.48798
2020041417 84.33962 14.45158
2020041418 84.33875 14.41605
2020041419 84.3379 14.38307
2020041420 84.33674 14.35147
2020041421 84.33576 14.3224
2020041422 84.33448 14.29456
2020041423 84.33328 14.26801
2020041500 84.33202 14.23928
2020041501 84.33074 14.20845
2020041502 84.32956 14.17672
2020041503 84.32863 14.14482
2020041504 84.32792 14.11339
2020041505 84.32719 14.08774
2020041506 84.32681 14.06179
2020041507 84.32651 14.03445
2020041508 84.32641 14.00698
2020041509 84.32648 13.97851
2020041510 84.32657 13.95048
2020041511 84.32651 13.92059
2020041512 84.32643 13.89004
2020041513 84.3258 13.85579
2020041514 84.32484 13.81856
2020041515 84.32353 13.78207
2020041516 84.32227 13.74598
2020041517 84.32078 13.7097
2020041518 84.31891 13.67538
2020041519 84.31699 13.64261
2020041520 84.31501 13.61103
2020041521 84.31279 13.57993
2020041522 84.31049 13.54855
2020041523 84.30805 13.51366
2020041600 84.30547 13.47394
2020041601 84.30327 13.42929
2020041602 84.30223 13.37906
2020041603 84.30259 13.32718
2020041604 84.30342 13.27534
2020041605 84.30543 13.23053
2020041606 84.30826 13.19326
2020041607 84.31166 13.16228
2020041608 84.31543 13.13826
2020041609 84.31984 13.12052
2020041610 84.32486 13.10651
2020041611 84.33017 13.09678
2020041612 84.33552 13.09173
2020041613 84.34059 13.09028
2020041614 84.34554 13.09043
2020041615 84.35033 13.09076
2020041616 84.35511 13.09308
2020041617 84.36047 13.10006
2020041618 84.36627 13.11692
2020041619 84.37198 13.14057
2020041620 84.37801 13.17501
2020041621 84.38383 13.21405
2020041622 84.38932 13.25618
2020041623 84.39459 13.30185
2020041700 84.39951 13.3474
2020041701 84.40396 13.39585
2020041702 84.40733 13.45211
2020041703 84.40997 13.50748
2020041704 84.41151 13.55531
2020041705 84.41219 13.59415
2020041706 84.41228 13.62719
2020041707 84.41197 13.65162
2020041708 84.41185 13.66813
2020041709 84.41229 13.67809
2020041710 84.41338 13.6828
2020041711 84.41501 13.68574
2020041712 84.41686 13.69031
2020041713 84.4194 13.70619
2020041714 84.42198 13.72634
2020041715 84.4243 13.74301
2020041716 84.42593 13.75253
2020041717 84.42683 13.75528
2020041718 84.42737 13.75898
2020041719 84.42804 13.76156
2020041720 84.42875 13.76407
2020041721 84.4296 13.76569
2020041722 84.43072 13.7659
2020041723 84.43228 13.76783
2020041800 84.43428 13.76958
2020041801 84.4366 13.77269
2020041802 84.43903 13.77736
2020041803 84.44151 13.78332
2020041804 84.44403 13.79032
2020041805 84.44655 13.79823
2020041806 84.44908 13.80653
2020041807 84.4516 13.81393
2020041808 84.45435 13.81982
2020041809 84.45789 13.82549
2020041810 84.46245 13.83289
2020041811 84.46781 13.84308
2020041812 84.4739 13.85878
2020041813 84.48021 13.88047
2020041814 84.48636 13.90818
2020041815 84.49181 13.9448
2020041816 84.49686 13.98407
2020041817 84.5016 14.02418
2020041818 84.5055 14.06029
2020041819 84.50957 14.0967
2020041820 84.51435 14.13559
2020041821 84.51953 14.17806
2020041822 84.52488 14.21861
2020041823 84.53139 14.26443
2020041900 84.53792 14.31546
2020041901 84.54384 14.36936
2020041902 84.54917 14.42317
2020041903 84.55381 14.47131
2020041904 84.55804 14.51155
2020041905 84.56206 14.54597
2020041906 84.56599 14.57424
2020041907 84.56995 14.59985
2020041908 84.5738 14.62609
2020041909 84.5781 14.65275
2020041910 84.58238 14.67923
2020041911 84.5864 14.70357
2020041912 84.59001 14.72789
2020041913 84.59326 14.74954
2020041914 84.59613 14.76511
2020041915 84.59864 14.7757
2020041916 84.60072 14.77908
2020041917 84.60238 14.77518
2020041918 84.60393 14.7667
2020041919 84.60518 14.75518
2020041920 84.60604 14.74263
2020041921 84.60654 14.73229
2020041922 84.60663 14.72425
2020041923 84.60614 14.71836
2020042000 84.60492 14.71514
2020042001 84.60302 14.71138
2020042002 84.6006 14.7031
2020042003 84.59748 14.69331
2020042004 84.5939 14.68238
2020042005 84.58943 14.6699
2020042006 84.58353 14.65662
2020042007 84.57707 14.64177
2020042008 84.57038 14.62498
2020042009 84.56306 14.60875
2020042010 84.55489 14.59353
2020042011 84.54586 14.58266
2020042012 84.53649 14.57841
2020042013 84.52689 14.57727
2020042014 84.51688 14.5786
2020042015 84.5066 14.58456
2020042016 84.4959 14.59571
2020042017 84.48489 14.61039
2020042018 84.47371 14.62798
2020042019 84.46257 14.6483
2020042020 84.4515 14.67117
2020042021 84.44076 14.69688
2020042022 84.43041 14.72608
2020042023 84.42053 14.76329
2020042100 84.41065 14.80286
2020042101 84.4008 14.84332
2020042102 84.39128 14.88531
2020042103 84.38198 14.9321
2020042104 84.37235 14.9776
2020042105 84.36227 15.01798
2020042106 84.35192 15.05293
2020042107 84.34181 15.08416
2020042108 84.33179 15.11369
2020042109 84.32162 15.14284
2020042110 84.3114 15.17285
2020042111 84.30137 15.20449
2020042112 84.29164 15.23931
2020042113 84.28178 15.27676
2020042114 84.27205 15.31631
2020042115 84.2626 15.35714
2020042116 84.25344 15.39847
2020042117 84.24472 15.44171
2020042118 84.23562 15.48143
2020042119 84.22656 15.51388
2020042120 84.21776 15.53783
2020042121 84.20915 15.55942
2020042122 84.20086 15.58273
2020042123 84.19337 15.60936
2020042200 84.18652 15.64136
2020042201 84.18032 15.67762
2020042202 84.17456 15.71702
2020042203 84.16867 15.75526
2020042204 84.16271 15.78917
2020042205 84.15667 15.81919
2020042206 84.15071 15.84649
2020042207 84.14461 15.86837
2020042208 84.13872 15.88593
2020042209 84.13351 15.89832
2020042210 84.12861 15.90984
2020042211 84.12404 15.92301
2020042212 84.11992 15.9403
2020042213 84.1161 15.96197
2020042214 84.1125 15.98356
2020042215 84.10901 16.00372
2020042216 84.10549 16.0193
2020042217 84.10205 16.03142
2020042218 84.09912 16.0373
2020042219 84.09671 16.03863
2020042220 84.09433 16.03778
2020042221 84.09221 16.03485
2020042222 84.09039 16.03118
2020042223 84.08883 16.02937
2020042300 84.08746 16.02972
2020042301 84.08621 16.03389
2020042302 84.08508 16.04041
2020042303 84.08382 16.04795
2020042304 84.08252 16.05556
2020042305 84.0811 16.06143
2020042306 84.07956 16.06366
2020042307 84.07817 16.06197
2020042308 84.07697 16.05658
2020042309 84.07571 16.04777
2020042310 84.07446 16.0391
2020042311 84.07334 16.03289
2020042312 84.07238 16.02947
2020042313 84.0715 16.02795
2020042314 84.07096 16.03007
2020042315 84.07055 16.03345
2020042316 84.07021 16.03564
2020042317 84.06973 16.03645
2020042318 84.06897 16.03451
2020042319 84.06803 16.02912
2020042320 84.06704 16.01995
2020042321 84.06604 16.00864
2020042322 84.06504 15.99764
2020042323 84.06414 15.98773
2020042400 84.0634 15.98104
2020042401 84.06292 15.97809
2020042402 84.0627 15.97834
2020042403 84.06268 15.9811
2020042404 84.06272 15.98372
2020042405 84.06263 15.9857
2020042406 84.06223 15.98301
2020042407 84.06122 15.97474
2020042408 84.05988 15.96151
2020042409 84.05845 15.9453
2020042410 84.05669 15.92736
2020042411 84.0549 15.91083
2020042412 84.05303 15.89743
2020042413 84.05116 15.88556
2020042414 84.04944 15.87664
2020042415 84.04799 15.86995
2020042416 84.04672 15.86217
2020042417 84.04552 15.85551
2020042418 84.04399 15.8457
2020042419 84.04214 15.83232
2020042420 84.04049 15.81619
2020042421 84.03878 15.79733
2020042422 84.037 15.77679
2020042423 84.03516 15.75697
2020042500 84.03334 15.7379
2020042501 84.03163 15.71937
2020042502 84.03007 15.70301
2020042503 84.0286 15.68963
2020042504 84.02691 15.67942
2020042505 84.025 15.67118
2020042506 84.0228 15.66233
2020042507 84.02011 15.65246
2020042508 84.01683 15.6411
2020042509 84.013 15.62819
2020042510 84.00885 15.61448
2020042511 84.00454 15.59953
2020042512 84.00022 15.58908
2020042513 83.99592 15.58133
2020042514 83.99166 15.57574
2020042515 83.98767 15.57323
2020042516 83.98387 15.57156
2020042517 83.98022 15.56971
2020042518 83.97676 15.56608
2020042519 83.97344 15.56084
2020042520 83.97001 15.55403
2020042521 83.96648 15.54441
2020042522 83.96288 15.53347
2020042523 83.95945 15.52185
2020042600 83.95628 15.51214
2020042601 83.9535 15.5065
2020042602 83.95094 15.50327
2020042603 83.94863 15.50582
2020042604 83.94634 15.50904
2020042605 83.94403 15.51323
2020042606 83.94149 15.51545
2020042607 83.93946 15.51849
2020042608 83.93691 15.51876
2020042609 83.93437 15.51758
2020042610 83.93159 15.51501
2020042611 83.92876 15.51128
2020042612 83.92605 15.50797
2020042613 83.9236 15.50632
2020042614 83.92156 15.50709
2020042615 83.91992 15.51022
2020042616 83.91865 15.51479
2020042617 83.91776 15.52019
2020042618 83.91704 15.52529
2020042619 83.91643 15.5296
2020042620 83.91588 15.53335
2020042621 83.91525 15.53568
2020042622 83.91453 15.53683
2020042623 83.91395 15.53737
2020042700 83.91362 15.53959
2020042701 83.91341 15.54219
2020042702 83.91345 15.54792
2020042703 83.91437 15.56127
2020042704 83.91595 15.57504
2020042705 83.91788 15.5897
2020042706 83.9198 15.60409
2020042707 83.92206 15.61783
2020042708 83.92431 15.62821
2020042709 83.92653 15.63361
2020042710 83.92868 15.63422
2020042711 83.93093 15.63206
2020042712 83.93358 15.63435
2020042713 83.93647 15.64309
2020042714 83.94007 15.65543
2020042715 83.94407 15.67184
2020042716 83.94837 15.69597
2020042717 83.95271 15.7208
2020042718 83.95689 15.7441
2020042719 83.96097 15.76599
2020042720 83.9658 15.79215
2020042721 83.97072 15.82057
2020042722 83.97554 15.8547
2020042723 83.98032 15.88912
2020042800 83.98524 15.92686
2020042801 83.99021 15.96878
2020042802 83.99531 16.01391
2020042803 84.00044 16.0624
2020042804 84.00517 16.11339
2020042805 84.00969 16.16575
2020042806 84.01414 16.21694
2020042807 84.0185 16.26849
2020042808 84.02283 16.31808
2020042809 84.02697 16.36606
2020042810 84.0305 16.41639
2020042811 84.03369 16.46438
2020042812 84.03635 16.51186
2020042813 84.03835 16.56218
2020042814 84.03999 16.61252
2020042815 84.04111 16.66259
2020042816 84.04182 16.71375
2020042817 84.04211 16.76636
2020042818 84.04187 16.81954
2020042819 84.04133 16.87012
2020042820 84.04063 16.91599
2020042821 84.03962 16.95619
2020042822 84.03839 16.9894
2020042823 84.03704 17.01586
2020042900 84.03566 17.03834
2020042901 84.03448 17.06065
2020042902 84.03329 17.0843
2020042903 84.03195 17.10509
2020042904 84.03068 17.12747
2020042905 84.02943 17.15548
2020042906 84.02797 17.18356
2020042907 84.02618 17.20785
2020042908 84.0238 17.22781
2020042909 84.02092 17.23966
2020042910 84.01743 17.24433
2020042911 84.01342 17.24321
2020042912 84.00871 17.24106
2020042913 84.00355 17.23491
2020042914 83.99842 17.22407
2020042915 83.9934 17.21441
2020042916 83.98906 17.20787
2020042917 83.98499 17.20952
2020042918 83.98083 17.22115
2020042919 83.97663 17.23601
2020042920 83.9726 17.24943
2020042921 83.96906 17.2612
2020042922 83.96578 17.27459
2020042923 83.96233 17.28772
2020043000 83.95894 17.29869
2020043001 83.9558 17.30875
2020043002 83.95284 17.31959
2020043003 83.95014 17.32971
2020043004 83.94775 17.3427
2020043005 83.94577 17.35781
2020043006 83.94403 17.37532
2020043007 83.94221 17.39597
2020043008 83.94042 17.41637
2020043009 83.93859 17.43689
2020043010 83.93672 17.45683
2020043011 83.93477 17.47486
2020043012 83.93272 17.49072
2020043013 83.93071 17.50291
2020043014 83.92873 17.51204
2020043015 83.92683 17.52055
2020043016 83.92509 17.53092
2020043017 83.92362 17.54327
2020043018 83.92232 17.5573
2020043019 83.92123 17.57443
2020043020 83.92011 17.59021
2020043021 83.91901 17.60328
2020043022 83.918 17.61374
2020043023 83.91708 17.62175
2020050100 83.91639 17.62782
2020050101 83.91581 17.63253
2020050102 83.91542 17.63704
2020050103 83.9152 17.64191
2020050104 83.91528 17.64783
2020050105 83.91545 17.65491
2020050106 83.91583 17.66313
2020050107 83.9165 17.67206
2020050108 83.91731 17.6819
2020050109 83.91804 17.68881
2020050110 83.9188 17.6923
2020050111 83.91954 17.69081
2020050112 83.9201 17.6826
2020050113 83.92087 17.67007
2020050114 83.92146 17.65424
2020050115 83.92212 17.63673
2020050116 83.92257 17.62404
2020050117 83.92269 17.61703
2020050118 83.92234 17.61423
2020050119 83.92156 17.61353
2020050120 83.92053 17.61151
2020050121 83.91942 17.60738
2020050122 83.91858 17.60278
2020050123 83.91786 17.5962
2020050200 83.9173 17.58782
2020050201 83.91677 17.57877
2020050202 83.91642 17.57095
2020050203 83.91587 17.56396
2020050204 83.91487 17.55828
2020050205 83.91358 17.55584
2020050206 83.91212 17.55631
2020050207 83.91057 17.55875
2020050208 83.90896 17.56198
2020050209 83.90733 17.56501
2020050210 83.90573 17.56735
2020050211 83.9042 17.56877
2020050212 83.90273 17.56971
2020050213 83.90124 17.57018
2020050214 83.89989 17.56979
2020050215 83.89847 17.57205
2020050216 83.89711 17.57566
2020050217 83.89558 17.57999
2020050218 83.89405 17.58606
2020050219 83.89236 17.59737
2020050220 83.89058 17.61138
2020050221 83.88907 17.62525
2020050222 83.8878 17.6401
2020050223 83.88686 17.65591
2020050300 83.88631 17.67201
2020050301 83.88591 17.68893
2020050302 83.88559 17.70507
2020050303 83.88458 17.71688
2020050304 83.88383 17.73054
2020050305 83.88396 17.74818
2020050306 83.88402 17.76739
2020050307 83.88396 17.7891
2020050308 83.88381 17.81265
2020050309 83.8838 17.84011
2020050310 83.88403 17.87188
2020050311 83.88457 17.90632
2020050312 83.88526 17.94214
2020050313 83.88585 17.97679
2020050314 83.88628 18.00899
2020050315 83.88668 18.03715
2020050316 83.88705 18.06255
2020050317 83.88725 18.08455
2020050318 83.88734 18.10479
2020050319 83.88727 18.12388
2020050320 83.88719 18.14296
2020050321 83.88716 18.16289
2020050322 83.88723 18.18379
2020050323 83.88745 18.20475
2020050400 83.88782 18.22484
2020050401 83.8884 18.24333
2020050402 83.88928 18.2601
2020050403 83.89047 18.27501
2020050404 83.89179 18.28698
2020050405 83.8932 18.29688
2020050406 83.89466 18.30477
2020050407 83.89623 18.31184
2020050408 83.89792 18.31824
2020050409 83.8998 18.32518
2020050410 83.90191 18.33288
2020050411 83.90411 18.34069
2020050412 83.90635 18.34784
2020050413 83.90857 18.35315
2020050414 83.91061 18.35408
2020050415 83.91269 18.35105
2020050416 83.91456 18.3451
2020050417 83.91619 18.33669
2020050418 83.9177 18.32621
2020050419 83.91876 18.31518
2020050420 83.9195 18.3054
2020050421 83.92018 18.29724
2020050422 83.92055 18.29307
2020050423 83.92079 18.28941
2020050500 83.92113 18.28625
2020050501 83.92157 18.28128
2020050502 83.92204 18.27431
2020050503 83.92242 18.26544
2020050504 83.92283 18.25203
2020050505 83.92322 18.23441
2020050506 83.92351 18.21489
2020050507 83.92367 18.19514
2020050508 83.92366 18.17643
2020050509 83.92364 18.15458
2020050510 83.92328 18.13452
2020050511 83.92252 18.11464
2020050512 83.92157 18.09907
2020050513 83.9205 18.08373
2020050514 83.91933 18.06673
2020050515 83.91817 18.04798
2020050516 83.91702 18.02636
2020050517 83.91601 18.00185
2020050518 83.91515 17.97569
2020050519 83.91433 17.94971
2020050520 83.91348 17.92608
2020050521 83.91256 17.90565
2020050522 83.91182 17.88791
2020050523 83.91108 17.87496
2020050600 83.91029 17.86518
2020050601 83.90948 17.8563
2020050602 83.90873 17.84631
2020050603 83.90833 17.83536
2020050604 83.9088 17.82331
2020050605 83.90975 17.80805
2020050606 83.91093 17.78894
2020050607 83.91249 17.76988
2020050608 83.91434 17.75034
2020050609 83.91646 17.73128
2020050610 83.91829 17.71209
2020050611 83.91939 17.69549
2020050612 83.92085 17.67961
2020050613 83.92235 17.66303
2020050614 83.92385 17.64466
2020050615 83.92567 17.62354
2020050616 83.92782 17.59727
2020050617 83.93022 17.56745
2020050618 83.93245 17.53513
2020050619 83.93438 17.50146
2020050620 83.93596 17.46548
2020050621 83.93731 17.42756
2020050622 83.93836 17.38908
2020050623 83.93903 17.35386
2020050700 83.93927 17.31974
2020050701 83.93927 17.28365
2020050702 83.93901 17.24436
2020050703 83.93876 17.20152
2020050704 83.93857 17.15402
2020050705 83.93837 17.10181
2020050706 83.93815 17.04495
2020050707 83.93787 16.9846
2020050708 83.93743 16.92161
2020050709 83.93678 16.85766
2020050710 83.93589 16.79429
2020050711 83.93473 16.73263
2020050712 83.93337 16.67132
2020050713 83.9318 16.61093
2020050714 83.93024 16.55149
2020050715 83.92874 16.49202
2020050716 83.92694 16.43242
2020050717 83.9249 16.37207
2020050718 83.92263 16.31071
2020050719 83.92 16.2488
2020050720 83.91692 16.18666
2020050721 83.91354 16.12587
2020050722 83.90995 16.06787
2020050723 83.90621 16.01294
2020050800 83.90242 15.96062
2020050801 83.89867 15.91002
2020050802 83.89473 15.85931
2020050803 83.89059 15.80647
2020050804 83.88616 15.75094
2020050805 83.88183 15.69341
2020050806 83.87729 15.631
2020050807 83.87259 15.56338
2020050808 83.86787 15.49287
2020050809 83.86319 15.42076
2020050810 83.85882 15.34819
2020050811 83.85501 15.27677
2020050812 83.8518 15.20561
2020050813 83.84891 15.13826
2020050814 83.84627 15.07304
2020050815 83.84401 15.00982
2020050816 83.84191 14.94809
2020050817 83.83985 14.88613
2020050818 83.83784 14.82337
2020050819 83.83555 14.7594
2020050820 83.833 14.69432
2020050821 83.83014 14.63246
2020050822 83.82691 14.57337
2020050823 83.82339 14.51371
2020050900 83.81954 14.45754
2020050901 83.8155 14.4072
2020050902 83.8114 14.3608
2020050903 83.80749 14.3162
2020050904 83.80385 14.27288
2020050905 83.80027 14.23172
2020050906 83.7967 14.19293
2020050907 83.79299 14.15159
2020050908 83.78906 14.11181
2020050909 83.78485 14.07434
2020050910 83.78051 14.03721
2020050911 83.77574 13.99721
2020050912 83.77083 13.96681
2020050913 83.76596 13.94372
2020050914 83.76125 13.92377
2020050915 83.75657 13.90991
2020050916 83.75218 13.89513
2020050917 83.74796 13.87849
2020050918 83.74384 13.85938
2020050919 83.73965 13.8379
2020050920 83.73516 13.81345
2020050921 83.73055 13.78603
2020050922 83.72605 13.75751
2020050923 83.72166 13.73094
2020051000 83.71739 13.71046
2020051001 83.71334 13.69374
2020051002 83.70944 13.68136
2020051003 83.70557 13.67153
2020051004 83.70157 13.66044
2020051005 83.69775 13.64908
2020051006 83.69367 13.63436
2020051007 83.68907 13.61393
2020051008 83.68389 13.58806
2020051009 83.67821 13.55867
2020051010 83.67212 13.52728
2020051011 83.6657 13.49565
2020051012 83.65907 13.46459
2020051013 83.65237 13.43541
2020051014 83.64557 13.40888
2020051015 83.63881 13.38558
2020051016 83.63226 13.36581
2020051017 83.62587 13.34699
2020051018 83.61954 13.32804
2020051019 83.61317 13.3076
2020051020 83.60673 13.28527
2020051021 83.60028 13.26136
2020051022 83.59376 13.2365
2020051023 83.58715 13.21232
2020051100 83.58058 13.19005
2020051101 83.57411 13.17147
2020051102 83.56775 13.15792
2020051103 83.56144 13.14995
2020051104 83.55503 13.14632
2020051105 83.54848 13.14581
2020051106 83.54174 13.14499
2020051107 83.5347 13.14375
2020051108 83.52738 13.14179
2020051109 83.5198 13.13808
2020051110 83.51208 13.13164
2020051111 83.50439 13.12259
2020051112 83.49678 13.11198
2020051113 83.48936 13.10225
2020051114 83.48215 13.09478
2020051115 83.47522 13.08986
2020051116 83.46852 13.08582
2020051117 83.46226 13.08099
2020051118 83.45658 13.074
2020051119 83.45145 13.06475
2020051120 83.44679 13.05418
2020051121 83.44262 13.04123
2020051122 83.43891 13.0263
2020051123 83.4356 13.01054
2020051200 83.43262 12.99477
2020051201 83.42995 12.98027
2020051202 83.42749 12.96683
2020051203 83.42532 12.95412
2020051204 83.42348 12.94222
2020051205 83.42199 12.92829
2020051206 83.42095 12.91005
2020051207 83.42038 12.8853
2020051208 83.42024 12.85291
2020051209 83.42046 12.81369
2020051210 83.42135 12.76884
2020051211 83.42247 12.72113
2020051212 83.4235 12.67391
2020051213 83.42372 12.62868
2020051214 83.4232 12.58141
2020051215 83.42201 12.53201
2020051216 83.42008 12.47751
2020051217 83.41761 12.41871
2020051218 83.41453 12.35082
2020051219 83.41067 12.28122
2020051220 83.40658 12.19703
2020051221 83.40201 12.10861
2020051222 83.39732 12.02139
2020051223 83.39166 11.93445
2020051300 83.38534 11.83349
2020051301 83.37974 11.72076
2020051302 83.37598 11.58817
2020051303 83.37325 11.45881
2020051304 83.37161 11.33433
2020051305 83.37117 11.21933
2020051306 83.37125 11.11083
2020051307 83.37148 11.00574
2020051308 83.37155 10.90511
2020051309 83.37105 10.81048
2020051310 83.3706 10.71711
2020051311 83.37024 10.62775
2020051312 83.36956 10.5394
2020051313 83.36863 10.4598
2020051314 83.36793 10.38335
2020051315 83.36753 10.31554
2020051316 83.36732 10.26271
2020051317 83.36755 10.22191
2020051318 83.36809 10.19163
2020051319 83.36885 10.16937
2020051320 83.37001 10.15894
2020051321 83.37176 10.14531
2020051322 83.37401 10.12511
2020051323 83.37648 10.10103
2020051400 83.37905 10.07384
2020051401 83.3812 10.04765
2020051402 83.38312 10.02205
2020051403 83.38492 10.00086
2020051404 83.38676 9.98376
2020051405 83.38876 9.97094
2020051406 83.3906 9.95904
2020051407 83.39206 9.94582
2020051408 83.39313 9.93189
2020051409 83.39372 9.91746
2020051410 83.39376 9.90641
2020051411 83.39333 9.89527
2020051412 83.39213 9.88383
2020051413 83.3912 9.87818
2020051414 83.3901 9.88129
2020051415 83.38798 9.87555
2020051416 83.38546 9.86256
2020051417 83.38246 9.84651
2020051418 83.38009 9.82663
2020051419 83.37764 9.79531
2020051420 83.37607 9.77613
2020051421 83.37477 9.75774
2020051422 83.374 9.73291
2020051423 83.37375 9.70443
2020051500 83.37413 9.67218
2020051501 83.37464 9.6447
2020051502 83.37563 9.6175
2020051503 83.37704 9.5857
2020051504 83.37859 9.55239
2020051505 83.38021 9.51953
2020051506 83.38182 9.48807
2020051507 83.38341 9.45854
2020051508 83.38485 9.42984
2020051509 83.38624 9.40213
2020051510 83.38752 9.37388
2020051511 83.38864 9.34449
2020051512 83.3896 9.30629
2020051513 83.3904 9.2738
2020051514 83.39114 9.24211
2020051515 83.39182 9.21189
2020051516 83.39224 9.19111
2020051517 83.39254 9.16448
2020051518 83.39279 9.14984
2020051519 83.39243 9.14896
2020051520 83.39221 9.1453
2020051521 83.39251 9.13025
2020051522 83.39271 9.1199
2020051523 83.39256 9.11949
2020051600 83.39237 9.11421
2020051601 83.39224 9.11304
2020051602 83.39222 9.11245
2020051603 83.39218 9.11197
2020051604 83.39224 9.11166
2020051605 83.3922 9.11151
2020051606 83.39215 9.11155
2020051607 83.39211 9.11164
2020051608 83.39208 9.11174
2020051609 83.39205 9.11176
2020051610 83.39194 9.1095
2020051611 83.39178 9.11153
2020051612 83.39152 9.11143
2020051613 83.39118 9.11084
2020051614 83.39071 9.10984
2020051615 83.39014 9.10833
2020051616 83.38951 9.10711
2020051617 83.38888 9.10641
2020051618 83.38833 9.10668
2020051619 83.38782 9.10717
2020051620 83.38735 9.10746
2020051621 83.38702 9.09826
2020051622 83.38736 9.08353
2020051623 83.3872 9.06176
2020051700 83.38698 9.06098
2020051701 83.38677 9.06013
2020051702 83.38648 9.05942
2020051703 83.38613 9.0585
2020051704 83.38564 9.05677
2020051705 83.38461 9.04855
2020051706 83.38498 9.05582
2020051707 83.38418 9.04841
2020051708 83.38252 9.04125
2020051709 83.38191 9.03958
2020051710 83.37315 9.02535
2020051711 83.37226 9.02161
2020051712 83.37054 9.01223
2020051713 83.3689 9.00685
2020051714 83.36132 9.09927
2020051715 83.35608 9.13376
2020051716 83.34615 9.08362
2020051717 83.34389 9.04262
2020051718 83.34278 9.0353
2020051719 83.34387 8.99548
2020051720 83.34387 8.96884
2020051721 83.34408 8.92406
2020051722 83.35239 8.82086
2020051723 83.35213 8.80551
2020051800 83.35066 8.79831
2020051801 83.34892 8.78955
2020051802 83.34771 8.7803
2020051803 83.34664 8.76994
2020051804 83.34509 8.76623
2020051805 83.34345 8.75796
2020051806 83.3422 8.74829
2020051807 83.33798 8.69812
2020051808 83.33421 8.68667
2020051809 83.33197 8.68589
2020051810 83.32959 8.68633
2020051811 83.3271 8.68736
2020051812 83.32452 8.68858
2020051813 83.32189 8.68988
2020051814 83.31919 8.69037
2020051815 83.31636 8.69089
2020051816 83.31347 8.69274
2020051817 83.31058 8.69526
2020051818 83.30767 8.69899
2020051819 83.30474 8.70349
2020051820 83.30182 8.7096
2020051821 83.29897 8.71682
2020051822 83.29622 8.72556
2020051823 83.2936 8.7355
2020051900 83.29117 8.74621
2020051901 83.28897 8.75667
2020051902 83.28692 8.76565
2020051903 83.28499 8.77265
2020051904 83.28307 8.77943
2020051905 83.28111 8.78692
2020051906 83.27916 8.79432
2020051907 83.277 8.80418
2020051908 83.2747 8.8154
2020051909 83.27245 8.82788
2020051910 83.27016 8.84266
2020051911 83.26788 8.85831
2020051912 83.26477 8.87314
2020051913 83.26302 8.88921
2020051914 83.25909 8.90291
2020051915 83.25559 8.92106
2020051916 83.25099 8.94455
2020051917 83.24844 8.96341
2020051918 83.24006 9.06128
2020051919 83.23231 9.12546
2020051920 83.22763 9.29468
2020051921 83.22529 9.31834
2020051922 83.21802 9.30847
2020051923 83.21266 9.33822
2020052000 83.204 9.47539
2020052001 83.20023 9.56652
2020052002 83.1984 9.60662
2020052003 83.19892 9.61285
2020052004 83.19989 9.62867
2020052005 83.20047 9.63913
2020052006 83.20109 9.643
2020052007 83.19366 9.76945
2020052008 83.19247 9.8124
2020052009 83.18774 9.84216
2020052010 83.17845 9.9006
2020052011 83.17535 9.93744
2020052012 83.16824 10.00271
2020052013 83.1403 10.07591
2020052014 83.13145 10.10607
2020052015 83.11934 10.1341
2020052016 83.09706 10.22798
2020052017 83.0898 10.28987
2020052018 83.08535 10.33657
2020052019 83.08557 10.36426
2020052020 83.08229 10.40729
2020052021 83.07836 10.45519
2020052022 83.0712 10.56181
2020052023 83.06785 10.63026
2020052100 83.05786 10.80156
2020052101 83.05355 10.93314
2020052102 83.05541 10.9531
2020052103 83.05796 10.9697
2020052104 83.06028 10.98284
2020052105 83.06228 10.99291
2020052106 83.06456 10.99687
2020052107 83.04678 11.1044
2020052108 83.03754 11.13034
2020052109 83.02107 11.10464
2020052110 83.00916 11.06241
2020052111 82.98446 11.03666
2020052112 82.97703 11.06483
2020052113 82.97601 11.06022
2020052114 82.96739 11.03227
2020052115 82.96183 11.02886
2020052116 82.964 11.2261
2020052117 82.96383 11.38863
2020052118 82.97201 11.41965
2020052119 82.97231 11.47694
2020052120 82.96588 11.53269
2020052121 82.96042 11.57277
2020052122 82.95671 11.59581
2020052123 82.95385 11.65686
2020052200 82.95449 11.65688
2020052201 82.95505 11.65904
2020052202 82.95628 11.65812
2020052203 82.95731 11.65657
2020052204 82.95818 11.65081
2020052205 82.957 11.6505
2020052206 82.95438 11.65034
2020052207 82.94855 11.63456
2020052208 82.9422 11.63586
2020052209 82.93988 11.62056
2020052210 82.93904 11.60338
2020052211 82.93829 11.58734
2020052212 82.93026 11.61131
2020052213 82.92624 11.61847
2020052214 82.92479 11.66167
2020052215 82.92047 11.67251
2020052216 82.91759 11.5901
2020052217 82.91405 11.4494
2020052218 82.90727 11.37599
2020052219 82.89536 11.25541
2020052220 82.89409 11.15886
2020052221 82.89126 11.10521
2020052222 82.88679 11.09027
2020052223 82.88414 11.08356
2020052300 82.87791 11.09501
2020052301 82.87448 11.09712
2020052302 82.87071 11.09934
2020052303 82.86325 11.10921
2020052304 82.85013 11.11898
2020052305 82.83831 11.0899
2020052306 82.82867 11.00349
2020052307 82.82562 10.93513
2020052308 82.82211 10.87482
2020052309 82.81277 10.79461
2020052310 82.80604 10.73414
2020052311 82.79289 10.61217
2020052312 82.7926 10.51471
2020052313 82.79021 10.42341
2020052314 82.79002 10.41677
2020052315 82.78594 10.40156
2020052316 82.78211 10.40462
2020052317 82.78013 10.40619
2020052318 82.77872 10.4085
2020052319 82.7777 10.39224
2020052320 82.77558 10.37695
2020052321 82.77364 10.36786
2020052322 82.76749 10.36136
2020052323 82.76269 10.33348
2020052400 82.75923 10.28674
2020052401 82.75372 10.30698
2020052402 82.7554 10.38071
2020052403 82.75241 10.38503
2020052404 82.74249 10.43462
2020052405 82.73627 10.45418
2020052406 82.73054 10.38865
2020052407 82.72678 10.29816
2020052408 82.72601 10.28369
2020052409 82.72476 10.26836
2020052410 82.72343 10.25387
2020052411 82.72219 10.24008
2020052412 82.72107 10.22688
2020052413 82.72018 10.21407
2020052414 82.71959 10.20112
2020052415 82.71914 10.1876
2020052416 82.71883 10.17309
2020052417 82.71867 10.15759
2020052418 82.71855 10.14142
2020052419 82.71842 10.12423
2020052420 82.71424 10.09102
2020052421 82.71363 10.06701
2020052422 82.71363 10.04976
2020052423 82.71381 10.03409
2020052500 82.71424 10.02012
2020052501 82.71495 10.00774
2020052502 82.71595 9.99692
2020052503 82.71732 9.98795
2020052504 82.7189 9.98074
2020052505 82.72049 9.97114
2020052506 82.72009 9.8995
2020052507 82.72254 9.84878
2020052508 82.73022 9.70899
2020052509 82.67649 9.298
2020052510 82.66138 9.16702
2020052511 82.66137 9.16119
2020052512 82.65343 8.84508
2020052513 82.62624 8.32302
2020052514 82.56262 8.05039
2020052515 82.52012 7.98008
2020052516 82.48386 8.05211
2020052517 82.44151 8.27876
2020052518 82.42544 8.25756
2020052519 82.39932 8.1568
2020052520 82.40172 8.13655
2020052521 82.40505 8.13145
2020052522 82.408 8.13036
2020052523 82.41133 8.13108
2020052600 82.4146 8.13616
2020052601 82.41799 8.1463
2020052602 82.42155 8.16278
2020052603 82.42493 8.18304
2020052604 82.42568 8.18439
2020052605 82.41091 8.18578
2020052606 82.40389 8.12632
2020052607 82.37399 8.15823
2020052608 82.34575 8.37753
2020052609 82.35179 8.23247
2020052610 82.32176 8.19523
2020052611 82.31767 8.18745
2020052612 82.31342 8.17016
2020052613 82.3122 8.15055
2020052614 82.30959 8.12166
2020052615 82.30111 8.19048
2020052616 82.30578 8.17909
2020052617 82.31056 8.1818
2020052618 82.31326 8.16814
2020052619 82.31627 8.15655
2020052620 82.31907 8.14618
2020052621 82.32241 8.13933
2020052622 82.32809 8.14349
2020052623 82.33447 8.15239
2020052700 82.34155 8.16779
2020052701 82.34809 8.18714
2020052702 82.35335 8.20203
2020052703 82.3581 8.21765
2020052704 82.36561 8.23737
2020052705 82.3727 8.25903
2020052706 82.3787 8.28379
2020052707 82.38347 8.30875
2020052708 82.38706 8.32615
2020052709 82.38949 8.33667
2020052710 82.39116 8.34118
2020052711 82.39257 8.34056
2020052712 82.39322 8.34085
2020052713 82.39369 8.3411
2020052714 82.39404 8.34004
2020052715 82.39432 8.33929
2020052716 82.3944 8.34046
2020052717 82.39417 8.33894
2020052718 82.3939 8.33542
2020052719 82.39337 8.3273
2020052720 82.39286 8.32014
2020052721 82.39231 8.3109
2020052722 82.39165 8.3021
2020052723 82.3912 8.29202
2020052800 82.39056 8.28459
2020052801 82.38998 8.28036
2020052802 82.38963 8.28009
2020052803 82.38941 8.28359
2020052804 82.38916 8.28888
2020052805 82.38892 8.29475
2020052806 82.38864 8.29985
2020052807 82.38808 8.30282
2020052808 82.38721 8.30336
2020052809 82.38569 8.29667
2020052810 82.38464 8.30259
2020052811 82.38318 8.29944
2020052812 82.37585 8.35423
2020052813 82.36435 8.38047
2020052814 82.34681 8.67253
2020052815 82.33379 8.70629
2020052816 82.33139 8.71645
2020052817 82.31558 8.82164
2020052818 82.30619 8.94296
2020052819 82.2987 9.03826
2020052820 82.29197 9.0446
2020052821 82.29002 9.06424
2020052822 82.28971 9.09672
2020052823 82.28748 9.08863
2020052900 82.28367 9.09528
2020052901 82.28201 9.08808
2020052902 82.26991 9.12976
2020052903 82.26387 9.14076
2020052904 82.26233 9.16581
2020052905 82.2619 9.17672
2020052906 82.26172 9.21156
2020052907 82.24943 9.25026
2020052908 82.24666 9.24219
2020052909 82.23498 9.21197
2020052910 82.2269 9.22165
2020052911 82.21313 9.19625
2020052912 82.20239 9.12796
2020052913 82.19187 9.11361
2020052914 82.16241 9.17858
2020052915 82.15079 9.1626
2020052916 82.14323 9.20061
2020052917 82.13639 9.18428
2020052918 82.11653 9.1544
2020052919 82.10119 9.17114
2020052920 82.08369 9.13404
2020052921 82.06281 9.09448
2020052922 82.04491 9.14227
2020052923 82.04064 9.14581
2020053000 82.03961 9.1377
2020053001 82.02928 9.16422
2020053002 82.0134 9.2218
2020053003 81.98795 9.33982
2020053004 81.98433 9.36992
2020053005 81.97738 9.32951
2020053006 81.96625 9.32344
2020053007 81.94549 9.33548
2020053008 81.94515 9.36733
2020053009 81.94366 9.39055
2020053010 81.94184 9.41257
2020053011 81.93938 9.43093
2020053012 81.93645 9.44805
2020053013 81.93347 9.4635
2020053014 81.93087 9.4762
2020053015 81.92716 9.48337
2020053016 81.92308 9.48404
2020053017 81.91916 9.48084
2020053018 81.92886 9.53139
2020053019 81.92767 9.53115
2020053020 81.92808 9.52957
2020053021 81.9146 9.60494
2020053022 81.90248 9.69228
2020053023 81.86858 9.75893
2020053100 81.84377 9.79413
2020053101 81.83668 9.8089
2020053102 81.82745 9.80973
2020053103 81.80841 9.865
2020053104 81.80883 9.87062
2020053105 81.80912 9.86218
2020053106 81.80878 9.85335
2020053107 81.80116 9.85556
2020053108 81.79962 9.85706
2020053109 81.79329 9.86835
2020053110 81.77892 9.88482
2020053111 81.73637 9.89661
2020053112 81.72478 9.91659
2020053113 81.7163 9.87871
2020053114 81.70018 9.7735
2020053115 81.69269 9.74504
2020053116 81.67507 9.74704
2020053117 81.65484 9.69173
2020053118 81.63459 9.70215
2020053119 81.58515 9.82046
2020053120 81.55067 9.83904
2020053121 81.50959 9.86663
2020053122 81.4795 9.8078
2020053123 81.45918 9.71944
2020060100 81.39513 9.87978
2020060101 81.39253 9.89049
2020060102 81.37446 9.85674
2020060103 81.36824 9.84744
2020060104 81.35922 9.84861
2020060105 81.3581 9.86523
2020060106 81.35868 9.87088
2020060107 81.35902 9.87818
2020060108 81.35924 9.88654
2020060109 81.35918 9.89666
2020060110 81.35866 9.90453
2020060111 81.3577 9.90962
2020060112 81.35642 9.91102
2020060113 81.35488 9.90637
2020060114 81.34372 9.9435
2020060115 81.33429 9.94075
2020060116 81.30972 9.8791
2020060117 81.30372 9.8481
2020060118 81.29242 9.80311
2020060119 81.28295 9.7791
2020060120 81.27983 9.78471
2020060121 81.27015 9.76499
2020060122 81.24774 9.67824
2020060123 81.23132 9.68842
2020060200 81.20832 9.66912
2020060201 81.15597 9.71426
2020060202 81.12207 9.75106
2020060203 81.10734 9.73817
2020060204 81.08291 9.63776
2020060205 81.05442 9.70998
2020060206 81.03855 9.63724
2020060207 80.98517 9.6655
2020060208 80.96001 9.72518
2020060209 80.93171 9.70589
2020060210 80.92066 9.70367
2020060211 80.90358 9.6077
2020060212 80.89718 9.58279
2020060213 80.87657 9.47663
2020060214 80.83931 9.48029
2020060215 80.77025 9.47994
2020060216 80.70305 9.56562
2020060217 80.67492 9.56694
2020060218 80.65247 9.61866
2020060219 80.57347 9.79504
2020060220 80.48929 9.98303
2020060221 80.39899 10.22389
2020060222 80.27986 10.61877
2020060223 80.17757 10.46484
2020060300 80.0817 10.17743
2020060301 79.99602 9.923
2020060302 79.90069 9.60818
2020060303 79.79999 9.34877
2020060304 79.69293 9.33162
2020060305 79.58664 9.31346
2020060306 79.47377 9.29487
2020060307 79.36965 9.27808
2020060308 79.2734 9.26172
2020060309 79.17111 9.24606
2020060310 79.06871 9.22865
2020060311 78.9631 9.2121
2020060312 78.85978 9.24154
2020060313 78.76004 9.41915
2020060314 78.65218 9.60944
2020060315 78.54898 9.7895
2020060316 78.44827 9.9639
2020060317 78.34712 10.13749
2020060318 78.24667 10.30876
2020060319 78.16681 10.44309
2020060320 78.13163 10.73106
2020060321 78.12831 11.19637
2020060322 78.12461 11.65948
2020060323 78.12058 12.17849
2020060400 78.11707 12.62776
2020060401 78.11355 13.06843
2020060402 78.12975 13.54643
2020060403 78.17274 14.09445
2020060404 78.21494 14.63913
2020060405 78.25411 15.13982
2020060406 78.24675 15.60049
2020060407 78.23395 15.62482
2020060408 78.23453 15.62285
2020060409 78.23448 15.62313
2020060410 78.2341 15.6244
2020060411 78.23382 15.6265
2020060412 78.23377 15.62812
2020060413 78.23381 15.62836
2020060414 78.23327 15.6302
2020060415 78.23335 15.63025
2020060416 78.23331 15.62997
2020060417 78.23406 15.63009
2020060418 78.23307 15.62834
2020060419 78.23317 15.62869
2020060420 78.2331 15.6281
2020060421 78.23319 15.62901
2020060422 78.23311 15.62816
2020060423 78.23314 15.62706
2020060500 78.23315 15.62757
2020060501 78.23305 15.6268
2020060502 78.23333 15.6278
2020060503 78.23379 15.62977
2020060504 78.23405 15.62987
2020060505 78.23415 15.62846
2020060506 78.23446 15.62368
2020060507 78.23463 15.62392
2020060508 78.23442 15.62281
2020060509 78.23425 15.62308
2020060510 78.23421 15.62285
2020060511 78.23396 15.62318
2020060512 78.23384 15.62428
2020060513 78.23384 15.62536
2020060514 78.23373 15.62693
2020060515 78.23354 15.6273
2020060516 78.23366 15.62769
2020060517 78.2337 15.62595
2020060518 78.23424 15.62508
2020060519 78.23455 15.62668
2020060520 78.23435 15.62734
2020060521 78.23435 15.62544
2020060522 78.23432 15.62272
2020060523 78.23443 15.62255
2020060600 78.2345 15.62257
2020060601 78.23457 15.62232
2020060602 78.23463 15.62245
2020060603 78.23459 15.62232
2020060604 78.23462 15.62237
2020060605 78.23479 15.62299
2020060606 78.23488 15.6237
2020060607 78.23484 15.622
2020060608 78.23499 15.62238
2020060609 78.23488 15.62176
2020060610 78.23437 15.62052
2020060611 78.23457 15.62039
2020060612 78.23476 15.62046
2020060613 78.23414 15.61993
2020060614 78.23432 15.61995
2020060615 78.2347 15.6204
2020060616 78.23486 15.62083
2020060617 78.2349 15.6206
2020060618 78.23487 15.62112
2020060619 78.23503 15.62126
2020060620 78.23453 15.61962
2020060621 78.23477 15.61989
2020060622 78.23446 15.61975
2020060623 78.23496 15.6207
2020060700 78.2354 15.62319
2020060701 78.23567 15.62556
2020060702 78.23557 15.62436
2020060703 78.23549 15.62335
2020060704 78.23571 15.62315
2020060705 78.23523 15.62069
2020060706 78.23497 15.61899
2020060707 78.23522 15.61944
2020060708 78.23553 15.61649
2020060709 78.23535 15.61582
2020060710 78.23594 15.61889
2020060711 78.23613 15.61864
2020060712 78.2359 15.6179
2020060713 78.23644 15.622
2020060714 78.23612 15.62006
2020060715 78.23626 15.61944
2020060716 78.236 15.61796
2020060717 78.23618 15.61957
2020060718 78.23561 15.61621
2020060719 78.23591 15.61645
2020060720 78.23655 15.62059
2020060721 78.23638 15.61893
2020060722 78.23626 15.61842
2020060723 78.23663 15.62087
2020060800 78.23567 15.61639
2020060801 78.23629 15.61846
2020060802 78.23594 15.6205
2020060803 78.23575 15.61922
2020060804 78.23532 15.61819
2020060805 78.23502 15.61991
2020060806 78.23499 15.62194
2020060807 78.2353 15.62243
2020060808 78.23444 15.62159
2020060809 78.23434 15.62059
2020060810 78.23557 15.62753
2020060811 78.23603 15.62802
2020060812 78.23629 15.62748
2020060813 78.23456 15.63011
2020060814 78.23622 15.62927
2020060815 78.26724 15.3423
2020060816 78.20075 14.51427
2020060817 78.14085 13.68658
2020060818 78.11554 12.82943
2020060819 78.12277 11.91832
2020060820 78.12998 10.99931
2020060821 78.19406 10.39798
2020060822 78.35596 10.12327
2020060823 78.51955 9.84128
2020060900 78.6868 9.54899
2020060901 78.85383 9.25331
2020060902 79.02826 9.18805
2020060903 79.20867 9.17187
2020060904 79.39128 9.15596
2020060905 79.57215 9.13937
2020060906 79.74576 9.12365
2020060907 79.91884 9.1072
2020060908 80.09201 9.09073
2020060909 80.27077 9.07207
2020060910 80.35251 9.56891
2020060911 80.37199 10.03115
2020060912 80.42868 10.49871
2020060913 80.49199 10.85575
2020060914 80.55873 10.76699
2020060915 80.61413 10.72136
2020060916 80.63934 10.73637
2020060917 80.66949 10.83415
2020060918 80.69262 10.7912
2020060919 80.71436 10.76932
2020060920 80.74624 10.95848
2020060921 80.78975 10.95227
2020060922 80.80342 10.88831
2020060923 80.85673 10.92894
2020061000 80.90057 10.90333
2020061001 80.93662 10.95682
2020061002 80.93487 10.93735
2020061003 80.94073 10.92801
2020061004 80.9545 11.03317
2020061005 80.9696 10.9411
2020061006 80.98084 10.92038
2020061007 80.98054 10.92113
2020061008 80.97953 10.91817
2020061009 80.9887 10.98874
2020061010 81.01186 10.93151
2020061011 81.0584 10.97991
2020061012 81.05492 10.96601
2020061013 81.05127 10.9523
2020061014 81.0645 10.97522
2020061015 81.08302 10.89451
2020061016 81.11089 10.73893
2020061017 81.16665 10.54054
2020061018 81.19813 10.59745
2020061019 81.19768 10.59015
2020061020 81.19833 10.58487
2020061021 81.21738 10.56061
2020061022 81.24641 10.48072
2020061023 81.26394 10.36876
2020061100 81.33049 10.15473
2020061101 81.38301 10.00005
2020061102 81.41651 9.76331
2020061103 81.44117 9.65428
2020061104 81.50625 9.50197
2020061105 81.5095 9.49645
2020061106 81.54559 9.36966
2020061107 81.56306 9.3925
2020061108 81.59841 9.28682
2020061109 81.61012 9.31076
2020061110 81.63621 9.45895
2020061111 81.63987 9.39879
2020061112 81.66611 9.00969
2020061113 81.67075 8.95366
2020061114 81.69869 8.92157
2020061115 81.70457 8.93754
2020061116 81.73053 8.93524
2020061117 81.75263 9.00879
2020061118 81.76368 8.79872
2020061119 81.78366 8.7425
2020061120 81.79721 8.76298
2020061121 81.82917 8.62913
2020061122 81.85144 8.49665
2020061123 81.8624 8.54273
2020061200 81.8827 8.56257
2020061201 81.93453 8.42772
2020061202 81.95928 8.33874
2020061203 81.98306 8.28436
2020061204 82.00206 8.27386
2020061205 82.01915 8.25844
2020061206 82.0375 8.27117
2020061207 82.04122 8.28934
2020061208 82.07005 8.24914
2020061209 82.0891 8.32284
2020061210 82.09252 8.3181
2020061211 82.09637 8.27335
2020061212 82.12407 8.1078
2020061213 82.14197 7.91573
2020061214 82.18306 7.83005
2020061215 82.18732 7.81054
2020061216 82.19199 7.78833
2020061217 82.20572 7.7939
2020061218 82.20814 7.74886
2020061219 82.20588 7.72764
2020061220 82.20316 7.71073
2020061221 82.20447 7.73205
2020061222 82.20586 7.67421
2020061223 82.21964 7.59989
2020061300 82.21809 7.57768
2020061301 82.2175 7.56073
2020061302 82.21235 7.54659
2020061303 82.20736 7.53702
2020061304 82.20193 7.53306
2020061305 82.19582 7.53854
2020061306 82.19024 7.54845
2020061307 82.18473 7.56688
2020061308 82.1794 7.58994
2020061309 82.17412 7.61527
2020061310 82.16861 7.6409
2020061311 82.16251 7.66463
2020061312 82.15551 7.68307
2020061313 82.1479 7.69634
2020061314 82.13958 7.70344
2020061315 82.13075 7.70278
2020061316 82.12169 7.69381
2020061317 82.11327 7.67802
2020061318 82.10622 7.65684
2020061319 82.10018 7.63781
2020061320 82.09537 7.6232
2020061321 82.09183 7.61623
2020061322 82.08906 7.61886
2020061323 82.08658 7.63217
2020061400 82.08418 7.65222
2020061401 82.0815 7.67475
2020061402 82.0785 7.70046
2020061403 82.07531 7.72706
2020061404 82.07208 7.75247
2020061405 82.06877 7.77611
2020061406 82.06561 7.79735
2020061407 82.06282 7.81224
2020061408 82.05958 7.81893
2020061409 82.05645 7.81976
2020061410 82.05281 7.81955
2020061411 82.04858 7.81971
2020061412 82.04361 7.81682
2020061413 82.03776 7.8102
2020061414 82.03091 7.79916
2020061415 82.02321 7.77938
2020061416 82.01483 7.75117
2020061417 82.02285 7.76821
2020061418 82.02018 7.74759
2020061419 82.01637 7.71984
2020061420 82.01184 7.69831
2020061421 82.00953 7.68577
2020061422 82.01104 7.73765
2020061423 82.01117 7.75878
2020061500 82.01063 7.8318
2020061501 82.00734 7.91132
2020061502 82.00279 7.96599
2020061503 81.99827 8.00584
2020061504 81.99479 8.03273
2020061505 81.99406 8.05409
2020061506 81.99392 8.03313
2020061507 81.99616 8.01929
2020061508 81.99385 8.0248
2020061509 81.99855 8.08617
2020061510 82.00088 8.16423
2020061511 81.99949 8.17744
2020061512 82.01327 8.22999
2020061513 82.06309 8.17993
2020061514 82.10283 8.14685
2020061515 82.11849 8.25777
2020061516 82.16809 8.41708
2020061517 82.17867 8.5195
2020061518 82.20635 8.41371
2020061519 82.21986 8.21298
2020061520 82.21443 8.18827
2020061521 82.20841 8.18433
2020061522 82.20766 8.20156
2020061523 82.20166 8.2131
2020061600 82.19567 8.23015
2020061601 82.18919 8.24285
2020061602 82.18236 8.25403
2020061603 82.17558 8.30463
2020061604 82.19562 8.24731
2020061605 82.22065 8.18002
2020061606 82.22656 8.2943
2020061607 82.2273 8.28823
2020061608 82.22039 8.30057
2020061609 82.21501 8.31136
2020061610 82.20843 8.31972
2020061611 82.20165 8.31755
2020061612 82.19438 8.31394
2020061613 82.18663 8.30678
2020061614 82.1857 8.28788
2020061615 82.19069 8.34731
2020061616 82.18464 8.32463
2020061617 82.17918 8.29716
2020061618 82.17417 8.27228
2020061619 82.16972 8.24867
2020061620 82.16675 8.23117
2020061621 82.16454 8.22707
2020061622 82.16311 8.23349
2020061623 82.16214 8.24768
2020061700 82.16134 8.26715
2020061701 82.16033 8.28966
2020061702 82.15887 8.31458
2020061703 82.15695 8.34226
2020061704 82.15438 8.37211
2020061705 82.15143 8.40608
2020061706 82.17188 8.40254
2020061707 82.16829 8.44033
2020061708 82.16357 8.4697
2020061709 82.15873 8.49314
2020061710 82.15412 8.50986
2020061711 82.14939 8.51926
2020061712 82.14436 8.52103
2020061713 82.13911 8.516
2020061714 82.13446 8.50554
2020061715 82.12988 8.48933
2020061716 82.12565 8.46843
2020061717 82.12249 8.44858
2020061718 82.1198 8.42688
2020061719 82.11734 8.41114
2020061720 82.11499 8.40197
2020061721 82.11325 8.39973
2020061722 82.11211 8.40358
2020061723 82.11133 8.41379
2020061800 82.11076 8.42932
2020061801 82.11004 8.44784
2020061802 82.10895 8.46939
2020061803 82.10732 8.49198
2020061804 82.10462 8.51265
2020061805 82.10105 8.52716
2020061806 82.09725 8.53276
2020061807 82.09312 8.53555
2020061808 82.08901 8.53651
2020061809 82.08491 8.53706
2020061810 82.08072 8.53817
2020061811 82.07658 8.53957
2020061812 82.07207 8.53938
2020061813 82.0671 8.53331
2020061814 82.0617 8.51999
2020061815 82.05608 8.49909
2020061816 82.05149 8.43212
2020061817 82.04447 8.50652
2020061818 82.04129 8.47642
2020061819 82.03876 8.45755
2020061820 82.03715 8.44417
2020061821 82.03581 8.44134
2020061822 82.035 8.44797
2020061823 82.0351 8.46007
2020061900 82.03584 8.47763
2020061901 82.03686 8.49903
2020061902 82.03781 8.52295
2020061903 82.0384 8.54853
2020061904 82.03844 8.57676
2020061905 82.03779 8.60654
2020061906 82.03654 8.63786
2020061907 82.0346 8.66525
2020061908 82.03135 8.67322
2020061909 82.02881 8.68827
2020061910 82.02713 8.70004
2020061911 82.02725 8.71822
2020061912 82.02769 8.74251
2020061913 82.02782 8.76767
2020061914 82.02769 8.78863
2020061915 82.02711 8.80535
2020061916 82.02684 8.81222
2020061917 82.02695 8.81135
2020061918 82.02738 8.80741
2020061919 82.02818 8.80375
2020061920 82.02915 8.80683
2020061921 82.03057 8.81841
2020061922 82.03222 8.8424
2020061923 82.03433 8.87077
2020062000 82.03671 8.90317
2020062001 82.03906 8.93901
2020062002 82.04108 8.97561
2020062003 82.04264 9.0109
2020062004 82.04366 9.04293
2020062005 82.04387 9.07243
2020062006 82.04334 9.09912
2020062007 82.04206 9.12068
2020062008 82.04006 9.13663
2020062009 82.03734 9.14737
2020062010 82.03407 9.15427
2020062011 82.03044 9.15564
2020062012 82.02692 9.15124
2020062013 82.02362 9.14016
2020062014 82.02029 9.12375
2020062015 82.01707 9.10072
2020062016 82.01419 9.07061
2020062017 82.01197 9.03609
2020062018 82.0106 9.00503
2020062019 82.00992 8.98028
2020062020 82.00961 8.96347
2020062021 82.00965 8.95739
2020062022 82.01004 8.96359
2020062023 82.01075 8.97873
2020062100 82.01169 8.99951
2020062101 82.01272 9.02582
2020062102 82.01368 9.05499
2020062103 82.01431 9.08644
2020062104 82.01424 9.11669
2020062105 82.01318 9.14408
2020062106 82.01094 9.16743
2020062107 82.00748 9.18555
2020062108 82.00318 9.19791
2020062109 81.99834 9.20467
2020062110 81.99314 9.20572
2020062111 81.98748 9.2019
2020062112 81.98196 9.18758
2020062113 81.97743 9.16276
2020062114 81.97374 9.13592
2020062115 81.97093 9.10918
2020062116 81.96916 9.08393
2020062117 81.96843 9.05925
2020062118 81.96848 9.03885
2020062119 81.96891 9.02552
2020062120 81.96931 9.01786
2020062121 81.96979 9.01723
2020062122 81.97061 9.02372
2020062123 81.97185 9.04047
2020062200 81.97366 9.06608
2020062201 81.97591 9.0952
2020062202 81.97859 9.12775
2020062203 81.98136 9.16455
2020062204 81.98392 9.20249
2020062205 81.98589 9.2412
2020062206 81.98674 9.27855
2020062207 81.98594 9.31163
2020062208 81.98393 9.33592
2020062209 81.98063 9.34921
2020062210 81.97619 9.35284
2020062211 81.9717 9.3435
2020062212 81.96777 9.32557
2020062213 81.965 9.30385
2020062214 81.96321 9.28034
2020062215 81.9627 9.25622
2020062216 81.9635 9.23422
2020062217 81.96521 9.21804
2020062218 81.9673 9.20398
2020062219 81.96998 9.19243
2020062220 81.97309 9.19237
2020062221 81.97632 9.19997
2020062222 81.97968 9.2166
2020062223 81.98347 9.24204
2020062300 81.98781 9.27566
2020062301 81.99282 9.3193
2020062302 81.99793 9.37055
2020062303 82.00282 9.42796
2020062304 82.007 9.48617
2020062305 82.01027 9.54226
2020062306 82.01241 9.59206
2020062307 82.01291 9.63449
2020062308 82.01173 9.66693
2020062309 82.0095 9.68887
2020062310 82.0062 9.69982
2020062311 82.00249 9.70105
2020062312 81.99867 9.69658
2020062313 81.99595 9.68995
2020062314 81.99445 9.68256
2020062315 81.99359 9.67361
2020062316 81.99367 9.65876
2020062317 81.99479 9.63757
2020062318 81.99733 9.61518
2020062319 82.00089 9.59869
2020062320 82.00535 9.59015
2020062321 82.01028 9.58754
2020062322 82.01551 9.59218
2020062323 82.02067 9.60623
2020062400 82.0258 9.63025
2020062401 82.03115 9.66778
2020062402 82.0365 9.71577
2020062403 82.04167 9.76939
2020062404 82.04604 9.82666
2020062405 82.04924 9.8824
2020062406 82.0509 9.92948
2020062407 82.05133 9.96522
2020062408 82.04989 9.98858
2020062409 82.04759 10.00232
2020062410 82.04415 10.00489
2020062411 82.04019 10.00114
2020062412 82.03634 9.99008
2020062413 82.03264 9.97404
2020062414 82.02934 9.9548
2020062415 82.02706 9.93245
2020062416 82.02576 9.90448
2020062417 82.02563 9.87321
2020062418 82.02679 9.8417
2020062419 82.02881 9.81689
2020062420 82.03171 9.80093
2020062421 82.03546 9.7923
2020062422 82.03954 9.79149
2020062423 82.04369 9.80192
2020062500 82.048 9.82611
2020062501 82.05258 9.86124
2020062502 82.05699 9.90683
2020062503 82.0608 9.96033
2020062504 82.06385 10.01582
2020062505 82.0659 10.07004
2020062506 82.06667 10.11853
2020062507 82.06662 10.1577
2020062508 82.06562 10.18483
2020062509 82.06363 10.19837
2020062510 82.06064 10.20119
2020062511 82.05696 10.1948
2020062512 82.05297 10.1802
2020062513 82.04832 10.15942
2020062514 82.04366 10.13569
2020062515 82.03969 10.10815
2020062516 82.03606 10.0769
2020062517 82.03309 10.0452
2020062518 82.03142 10.00722
2020062519 82.03079 9.96685
2020062520 82.03151 9.93068
2020062521 82.0336 9.90183
2020062522 82.03649 9.88217
2020062523 82.03977 9.87412
2020062600 82.04326 9.87904
2020062601 82.04685 9.89566
2020062602 82.05018 9.92268
2020062603 82.05273 9.95909
2020062604 82.0544 10.00263
2020062605 82.05448 10.05363
2020062606 82.05331 10.10307
2020062607 82.05094 10.1467
2020062608 82.04742 10.18218
2020062609 82.04325 10.20833
2020062610 82.03838 10.22085
2020062611 82.03266 10.22177
2020062612 82.02612 10.21354
2020062613 82.01919 10.19174
2020062614 82.01221 10.1604
2020062615 82.00521 10.12634
2020062616 81.998 10.08944
2020062617 81.99123 10.0474
2020062618 81.9855 10.00235
2020062619 81.98081 9.95649
2020062620 81.97777 9.91413
2020062621 81.97589 9.86969
2020062622 81.97556 9.83174
2020062623 81.97634 9.80454
2020062700 81.97756 9.78997
2020062701 81.97844 9.78555
2020062702 81.97952 9.79128
2020062703 81.98025 9.80494
2020062704 81.98008 9.82581
2020062705 81.97864 9.85028
2020062706 81.97666 9.87371
2020062707 81.97372 9.89773
2020062708 81.96903 9.90776
2020062709 81.96397 9.91179
2020062710 81.95856 9.90885
2020062711 81.95331 9.89785
2020062712 81.94782 9.88196
2020062713 81.94172 9.8633
2020062714 81.93513 9.84207
2020062715 81.92826 9.81675
2020062716 81.92173 9.78723
2020062717 81.91587 9.75422
2020062718 81.91083 9.71457
2020062719 81.90718 9.66896
2020062720 81.90541 9.62379
2020062721 81.90498 9.58019
2020062722 81.90554 9.54029
2020062723 81.90662 9.50792
2020062800 81.90779 9.48655
2020062801 81.90864 9.47603
2020062802 81.90903 9.47631
2020062803 81.9084 9.48334
2020062804 81.90704 9.49183
2020062805 81.90523 9.50171
2020062806 81.90235 9.51171
2020062807 81.89917 9.51638
2020062808 81.89583 9.51587
2020062809 81.89209 9.51309
2020062810 81.88738 9.50678
2020062811 81.88164 9.49546
2020062812 81.8752 9.47871
2020062813 81.8684 9.4569
2020062814 81.86134 9.43066
2020062815 81.85412 9.40114
2020062816 81.84701 9.36937
2020062817 81.84043 9.33562
2020062818 81.83472 9.30111
2020062819 81.83041 9.26559
2020062820 81.82814 9.23218
2020062821 81.82764 9.2036
2020062822 81.8281 9.18161
2020062823 81.82925 9.16517
2020062900 81.83084 9.1551
2020062901 81.83253 9.15213
2020062902 81.83377 9.15386
2020062903 81.83379 9.15851
2020062904 81.83304 9.16578
2020062905 81.83207 9.17258
2020062906 81.83082 9.17961
2020062907 81.82937 9.1816
2020062908 81.82822 9.18056
2020062909 81.8272 9.17508
2020062910 81.82642 9.16581
2020062911 81.82542 9.1556
2020062912 81.82392 9.14358
2020062913 81.82152 9.12749
2020062914 81.81821 9.10796
2020062915 81.8143 9.08512
2020062916 81.81009 9.05897
2020062917 81.80592 9.03052
2020062918 81.80226 8.99931
2020062919 81.79983 8.96969
2020062920 81.79874 8.94401
2020062921 81.79905 8.9226
2020062922 81.80039 8.90956
2020062923 81.80238 8.90478
2020063000 81.80459 8.90816
2020063001 81.80626 8.91892
2020063002 81.80706 8.93282
2020063003 81.80681 8.94793
2020063004 81.8058 8.96029
2020063005 81.80408 8.97098
2020063006 81.80192 8.97813
2020063007 81.8 8.98043
2020063008 81.79832 8.98015
2020063009 81.7971 8.97939
2020063010 81.79579 8.97905
2020063011 81.79441 8.97748
2020063012 81.79257 8.97517
2020063013 81.79011 8.96972
2020063014 81.787 8.9601
2020063015 81.78332 8.94567
2020063016 81.77925 8.92673
2020063017 81.77523 8.90493
2020063018 81.77186 8.88241
2020063019 81.76948 8.85909
2020063020 81.76837 8.83685
2020063021 81.76883 8.81976
2020063022 81.77057 8.81081
2020063023 81.77284 8.81086
2020070100 81.77536 8.81945
2020070101 81.77736 8.83287
2020070102 81.77835 8.84911
2020070103 81.77821 8.86501
2020070104 81.77702 8.8782
2020070105 81.77506 8.88729
2020070106 81.77251 8.89163
2020070107 81.77003 8.8901
2020070108 81.76826 8.88559
2020070109 81.76716 8.88048
2020070110 81.76655 8.8761
2020070111 81.7661 8.87218
2020070112 81.76562 8.86829
2020070113 81.76476 8.86393
2020070114 81.76338 8.8572
2020070115 81.76138 8.84468
2020070116 81.75902 8.82643
2020070117 81.75661 8.80416
2020070118 81.75457 8.77973
2020070119 81.75331 8.75611
2020070120 81.75307 8.7353
2020070121 81.75398 8.71876
2020070122 81.75549 8.70751
2020070123 81.75724 8.70026
2020070200 81.75907 8.69529
2020070201 81.76059 8.6917
2020070202 81.76123 8.68994
2020070203 81.76081 8.68422
2020070204 81.75895 8.67317
2020070205 81.7557 8.6578
2020070206 81.75146 8.63686
2020070207 81.74642 8.6126
2020070208 81.74075 8.58525
2020070209 81.73494 8.55447
2020070210 81.7297 8.52192
2020070211 81.72498 8.48992
2020070212 81.72045 8.45943
2020070213 81.7162 8.4279
2020070214 81.71168 8.39578
2020070215 81.70666 8.36273
2020070216 81.70121 8.3267
2020070217 81.69557 8.28547
2020070218 81.69071 8.23965
2020070219 81.68709 8.19066
2020070220 81.68529 8.1394
2020070221 81.68605 8.09411
2020070222 81.68854 8.05519
2020070223 81.69223 8.02539
2020070300 81.69558 8.00553
2020070301 81.698 7.99238
2020070302 81.6992 7.98078
2020070303 81.69927 7.96788
2020070304 81.69776 7.95222
2020070305 81.6946 7.92837
2020070306 81.6902 7.89204
2020070307 81.68506 7.84524
2020070308 81.67978 7.78945
2020070309 81.67557 7.72313
2020070310 81.67263 7.65284
2020070311 81.67125 7.58152
2020070312 81.67165 7.51521
2020070313 81.67317 7.456
2020070314 81.6755 7.4021
2020070315 81.67798 7.35779
2020070316 81.67896 7.31687
2020070317 81.67974 7.27225
2020070318 81.68079 7.22438
2020070319 81.68188 7.17927
2020070320 81.68341 7.13797
2020070321 81.68595 7.09739
2020070322 81.68953 7.05655
2020070323 81.69451 7.02258
2020070400 81.69968 6.99979
2020070401 81.70505 6.98591
2020070402 81.70914 6.97759
2020070403 81.71144 6.97405
2020070404 81.71248 6.96956
2020070405 81.71248 6.96115
2020070406 81.71112 6.9442
2020070407 81.70894 6.91685
2020070408 81.70703 6.87962
2020070409 81.70576 6.83464
2020070410 81.70558 6.78568
2020070411 81.70646 6.73994
2020070412 81.70845 6.70453
2020070413 81.71095 6.6829
2020070414 81.713 6.66931
2020070415 81.71442 6.658
2020070416 81.71546 6.64516
2020070417 81.7159 6.62945
2020070418 81.71579 6.61084
2020070419 81.71558 6.58971
2020070420 81.71573 6.56718
2020070421 81.71686 6.54664
2020070422 81.71941 6.52987
2020070423 81.72264 6.52212
2020070500 81.7259 6.52581
2020070501 81.72854 6.53732
2020070502 81.73026 6.54984
2020070503 81.73085 6.55981
2020070504 81.72988 6.56271
2020070505 81.72715 6.55188
2020070506 81.72313 6.52642
2020070507 81.71847 6.48782
2020070508 81.7137 6.43904
2020070509 81.70947 6.38873
2020070510 81.70596 6.34132
2020070511 81.70211 6.29548
2020070512 81.69782 6.24978
2020070513 81.69381 6.20661
2020070514 81.69024 6.16187
2020070515 81.68763 6.11421
2020070516 81.68556 6.06465
2020070517 81.68372 6.01247
2020070518 81.68232 5.95729
2020070519 81.68161 5.90154
2020070520 81.68217 5.8464
2020070521 81.68345 5.79707
2020070522 81.68558 5.75625
2020070523 81.68979 5.7231
2020070600 81.69459 5.70091
2020070601 81.69894 5.68858
2020070602 81.70248 5.68362
2020070603 81.70527 5.68411
2020070604 81.70669 5.68271
2020070605 81.70656 5.67501
2020070606 81.70508 5.65978
2020070607 81.70232 5.63688
2020070608 81.69844 5.60339
2020070609 81.69411 5.56079
2020070610 81.68965 5.51354
2020070611 81.68536 5.46247
2020070612 81.68166 5.40897
2020070613 81.67886 5.35574
2020070614 81.67714 5.30782
2020070615 81.67602 5.26405
2020070616 81.67506 5.22267
2020070617 81.67371 5.17909
2020070618 81.67206 5.13273
2020070619 81.67032 5.08231
2020070620 81.66884 5.02941
2020070621 81.66788 4.97653
2020070622 81.66737 4.92546
2020070623 81.66747 4.87966
2020070700 81.66903 4.84495
2020070701 81.67115 4.81749
2020070702 81.67358 4.79684
2020070703 81.67557 4.78415
2020070704 81.67664 4.78011
2020070705 81.67623 4.77919
2020070706 81.67392 4.77062
2020070707 81.66996 4.75516
2020070708 81.66439 4.72767
2020070709 81.65797 4.68806
2020070710 81.65129 4.63995
2020070711 81.64495 4.58052
2020070712 81.6398 4.51334
2020070713 81.6359 4.44235
2020070714 81.63311 4.37326
2020070715 81.6313 4.30927
2020070716 81.62976 4.2493
2020070717 81.6283 4.19038
2020070718 81.62659 4.13217
2020070719 81.62409 4.07133
2020070720 81.62136 4.00866
2020070721 81.61902 3.94296
2020070722 81.61723 3.87719
2020070723 81.61664 3.81164
2020070800 81.61746 3.75041
2020070801 81.61944 3.69509
2020070802 81.6217 3.65095
2020070803 81.62371 3.61712
2020070804 81.62483 3.58805
2020070805 81.62462 3.56054
2020070806 81.62357 3.53172
2020070807 81.62138 3.49998
2020070808 81.61794 3.46393
2020070809 81.61313 3.42305
2020070810 81.60739 3.37253
2020070811 81.60173 3.31194
2020070812 81.59656 3.25034
2020070813 81.59247 3.18826
2020070814 81.5899 3.1251
2020070815 81.58824 3.0659
2020070816 81.58657 3.01834
2020070817 81.58491 2.97576
2020070818 81.58268 2.93608
2020070819 81.58 2.89479
2020070820 81.57636 2.854
2020070821 81.57237 2.80865
2020070822 81.56837 2.75941
2020070823 81.56521 2.70963
2020070900 81.56213 2.66786
2020070901 81.56078 2.63204
2020070902 81.56044 2.60921
2020070903 81.56031 2.6011
2020070904 81.56046 2.60076
2020070905 81.56052 2.60275
2020070906 81.5602 2.60493
2020070907 81.55923 2.60608
2020070908 81.55747 2.60577
2020070909 81.55462 2.60353
2020070910 81.55082 2.59864
2020070911 81.54644 2.59096
2020070912 81.54248 2.58239
2020070913 81.53897 2.57392
2020070914 81.53595 2.5672
2020070915 81.53318 2.56149
2020070916 81.53054 2.55732
2020070917 81.52805 2.54882
2020070918 81.52603 2.53382
2020070919 81.52469 2.51215
2020070920 81.52366 2.48745
2020070921 81.52254 2.46225
2020070922 81.5214 2.43806
2020070923 81.5205 2.41517
2020071000 81.51997 2.39623
2020071001 81.51988 2.3834
2020071002 81.52051 2.37805
2020071003 81.52153 2.379
2020071004 81.5228 2.38471
2020071005 81.52349 2.39256
2020071006 81.52348 2.4005
2020071007 81.52266 2.40668
2020071008 81.52103 2.40934
2020071009 81.51841 2.40776
2020071010 81.51474 2.40032
2020071011 81.51054 2.38733
2020071012 81.50622 2.36885
2020071013 81.50191 2.34625
2020071014 81.49786 2.32062
2020071015 81.49401 2.29322
2020071016 81.49056 2.26579
2020071017 81.48753 2.23803
2020071018 81.48511 2.20346
2020071019 81.48319 2.16693
2020071020 81.4816 2.12905
2020071021 81.47972 2.0913
2020071022 81.4779 2.0458
2020071023 81.47604 1.9989
2020071100 81.47443 1.95652
2020071101 81.47285 1.91563
2020071102 81.47099 1.8815
2020071103 81.46901 1.85193
2020071104 81.46728 1.82596
2020071105 81.46558 1.8038
2020071106 81.46333 1.78153
2020071107 81.46051 1.75548
2020071108 81.45726 1.72329
2020071109 81.45363 1.68542
2020071110 81.44993 1.641
2020071111 81.44711 1.58982
2020071112 81.4458 1.53678
2020071113 81.44538 1.483
2020071114 81.44516 1.4258
2020071115 81.44561 1.36778
2020071116 81.44693 1.31022
2020071117 81.44873 1.2563
2020071118 81.45049 1.20795
2020071119 81.45131 1.163
2020071120 81.4514 1.11146
2020071121 81.45086 1.05784
2020071122 81.44946 0.99493
2020071123 81.44711 0.92512
2020071200 81.44543 0.84645
2020071201 81.44491 0.76967
2020071202 81.44606 0.70556
2020071203 81.44837 0.65578
2020071204 81.45106 0.62457
2020071205 81.45315 0.60899
2020071206 81.4542 0.60281
2020071207 81.45412 0.59753
2020071208 81.45272 0.58924
2020071209 81.45041 0.57417
2020071210 81.44779 0.55097
2020071211 81.44535 0.52165
2020071212 81.44365 0.49066
2020071213 81.44272 0.46171
2020071214 81.44048 0.43197
2020071215 81.44466 0.45236
2020071216 81.44323 0.4225
2020071217 81.44283 0.41302
2020071218 81.44247 0.4104
2020071219 81.44164 0.40669
2020071220 81.43996 0.39732
2020071221 81.43802 0.38289
2020071222 81.4356 0.36248
2020071223 81.43364 0.34138
2020071300 81.4319 0.32163
2020071301 81.43062 0.3036
2020071302 81.42967 0.2893
2020071303 81.42913 0.28098
2020071304 81.42881 0.28035
2020071305 81.42842 0.28762
2020071306 81.4277 0.29911
2020071307 81.42636 0.31076
2020071308 81.42442 0.31828
2020071309 81.42211 0.3197
2020071310 81.4198 0.3157
2020071311 81.41768 0.30804
2020071312 81.41587 0.2988
2020071313 81.41441 0.28999
2020071314 81.41326 0.28291
2020071315 81.41236 0.2787
2020071316 81.41155 0.27745
2020071317 81.41082 0.27779
2020071318 81.40995 0.27782
2020071319 81.40898 0.27596
2020071320 81.40779 0.26886
2020071321 81.40669 0.25835
2020071322 81.40581 0.24616
2020071323 81.40506 0.23473
2020071400 81.40436 0.22363
2020071401 81.40336 0.21056
2020071402 81.40252 0.20298
2020071403 81.40174 0.20194
2020071404 81.40068 0.20822
2020071405 81.39905 0.21858
2020071406 81.3968 0.2306
2020071407 81.3939 0.24095
2020071408 81.39079 0.24873
2020071409 81.38754 0.25294
2020071410 81.38427 0.2543
2020071411 81.38101 0.25415
2020071412 81.37765 0.25372
2020071413 81.37425 0.25482
2020071414 81.37082 0.25821
2020071415 81.36719 0.26386
2020071416 81.36341 0.27202
2020071417 81.3596 0.28152
2020071418 81.35564 0.28944
2020071419 81.35153 0.29308
2020071420 81.34758 0.29201
2020071421 81.34399 0.28595
2020071422 81.3412 0.27959
2020071423 81.33895 0.27518
2020071500 81.33697 0.27449
2020071501 81.3349 0.27759
2020071502 81.33268 0.28536
2020071503 81.32994 0.29643
2020071504 81.3265 0.30898
2020071505 81.32236 0.32085
2020071506 81.31774 0.33008
2020071507 81.31303 0.33557
2020071508 81.30856 0.33741
2020071509 81.30471 0.33611
2020071510 81.30158 0.33202
2020071511 81.29922 0.32609
2020071512 81.29746 0.32034
2020071513 81.29596 0.31646
2020071514 81.29446 0.31479
2020071515 81.29257 0.31604
2020071516 81.29009 0.31921
2020071517 81.28713 0.32352
2020071518 81.2838 0.32825
2020071519 81.28018 0.33165
2020071520 81.27665 0.33155
2020071521 81.27352 0.32793
2020071522 81.27095 0.32227
2020071523 81.26894 0.31547
2020071600 81.26729 0.30904
2020071601 81.26562 0.30417
2020071602 81.2635 0.30208
2020071603 81.26079 0.30258
2020071604 81.25742 0.30471
2020071605 81.25358 0.30714
2020071606 81.24939 0.3092
2020071607 81.24506 0.31084
2020071608 81.24075 0.31074
2020071609 81.2367 0.30827
2020071610 81.23315 0.30318
2020071611 81.23022 0.29623
2020071612 81.22752 0.28859
2020071613 81.22488 0.28197
2020071614 81.22228 0.27753
2020071615 81.21919 0.2756
2020071616 81.21565 0.27638
2020071617 81.21157 0.27915
2020071618 81.20713 0.28306
2020071619 81.20262 0.28581
2020071620 81.1983 0.28664
2020071621 81.19458 0.28654
2020071622 81.19154 0.28608
2020071623 81.18921 0.28665
2020071700 81.18747 0.28951
2020071701 81.18591 0.29486
2020071702 81.18427 0.30415
2020071703 81.18187 0.31623
2020071704 81.17866 0.3305
2020071705 81.17481 0.34253
2020071706 81.17042 0.35274
2020071707 81.16526 0.35769
2020071708 81.16082 0.36346
2020071709 81.15645 0.36523
2020071710 81.15225 0.36214
2020071711 81.14896 0.35971
2020071712 81.14603 0.35671
2020071713 81.14359 0.3546
2020071714 81.14138 0.35262
2020071715 81.13889 0.35465
2020071716 81.13538 0.35818
2020071717 81.13116 0.36232
2020071718 81.12634 0.36705
2020071719 81.12167 0.36936
2020071720 81.1175 0.36985
2020071721 81.11395 0.36957
2020071722 81.11099 0.37114
2020071723 81.10863 0.37388
2020071800 81.1066 0.38055
2020071801 81.10516 0.39174
2020071802 81.103 0.40366
2020071803 81.09982 0.41414
2020071804 81.09585 0.42442
2020071805 81.09058 0.4361
2020071806 81.08408 0.44155
2020071807 81.07741 0.44224
2020071808 81.07039 0.4405
2020071809 81.06339 0.43834
2020071810 81.05629 0.43628
2020071811 81.04877 0.43494
2020071812 81.04119 0.43045
2020071813 81.03365 0.42152
2020071814 81.02565 0.40379
2020071815 81.01714 0.37978
2020071816 81.00794 0.35202
2020071817 80.99908 0.32365
2020071818 80.99078 0.29869
2020071819 80.98355 0.27288
2020071820 80.97701 0.25124
2020071821 80.97043 0.23055
2020071822 80.96414 0.21323
2020071823 80.958 0.19722
2020071900 80.95233 0.17916
2020071901 80.94735 0.15632
2020071902 80.94291 0.12955
2020071903 80.93899 0.10104
2020071904 80.93521 0.07372
2020071905 80.93078 0.04602
2020071906 80.92538 0.01675
2020071907 80.91941 -0.01026
2020071908 80.91322 -0.03946
2020071909 80.90641 -0.07045
2020071910 80.89972 -0.10079
2020071911 80.89349 -0.13452
2020071912 80.88729 -0.17386
2020071913 80.88126 -0.21037
2020071914 80.876 -0.24221
2020071915 80.87173 -0.27088
2020071916 80.86755 -0.29458
2020071917 80.86276 -0.3125
2020071918 80.85673 -0.32728
2020071919 80.84953 -0.34112
2020071920 80.84156 -0.3541
2020071921 80.83343 -0.36589
2020071922 80.82566 -0.37715
2020071923 80.81874 -0.38842
2020072000 80.81291 -0.39933
2020072001 80.80845 -0.40889
2020072002 80.80504 -0.4176
2020072003 80.80235 -0.42499
2020072004 80.79935 -0.42944
2020072005 80.79564 -0.4319
2020072006 80.79102 -0.43366
2020072007 80.7855 -0.43755
2020072008 80.77905 -0.44478
2020072009 80.77225 -0.45618
2020072010 80.76551 -0.47077
2020072011 80.75926 -0.48709
2020072012 80.75365 -0.5036
2020072013 80.74894 -0.5192
2020072014 80.74491 -0.53273
2020072015 80.7411 -0.5436
2020072016 80.73684 -0.54966
2020072017 80.7316 -0.55103
2020072018 80.72514 -0.5501
2020072019 80.71742 -0.54712
2020072020 80.70886 -0.54325
2020072021 80.70002 -0.5382
2020072022 80.69151 -0.53166
2020072023 80.68354 -0.52632
2020072100 80.67636 -0.52428
2020072101 80.67019 -0.52444
2020072102 80.66466 -0.52405
2020072103 80.65949 -0.52459
2020072104 80.65485 -0.52447
2020072105 80.65001 -0.52615
2020072106 80.64504 -0.5268
2020072107 80.63953 -0.52962
2020072108 80.63361 -0.53103
2020072109 80.62674 -0.5344
2020072110 80.61916 -0.54163
2020072111 80.6114 -0.55498
2020072112 80.60545 -0.57297
2020072113 80.60068 -0.59411
2020072114 80.59619 -0.61
2020072115 80.59124 -0.62104
2020072116 80.58588 -0.62733
2020072117 80.58033 -0.62186
2020072118 80.57393 -0.60744
2020072119 80.56597 -0.59346
2020072120 80.55683 -0.5839
2020072121 80.54749 -0.58039
2020072122 80.53827 -0.58243
2020072123 80.53078 -0.58384
2020072200 80.52435 -0.58389
2020072201 80.52034 -0.58327
2020072202 80.5182 -0.57774
2020072203 80.51781 -0.56635
2020072204 80.51777 -0.55247
2020072205 80.5173 -0.5387
2020072206 80.51511 -0.52648
2020072207 80.51106 -0.51707
2020072208 80.50527 -0.51269
2020072209 80.49817 -0.5172
2020072210 80.49061 -0.5291
2020072211 80.48357 -0.54372
2020072212 80.47801 -0.55678
2020072213 80.47349 -0.56745
2020072214 80.4699 -0.57372
2020072215 80.46727 -0.57146
2020072216 80.4645 -0.56217
2020072217 80.46076 -0.54401
2020072218 80.45504 -0.52365
2020072219 80.44699 -0.50603
2020072220 80.43715 -0.49314
2020072221 80.42614 -0.48643
2020072222 80.41492 -0.48754
2020072223 80.40534 -0.49695
2020072300 80.39749 -0.51012
2020072301 80.39213 -0.5266
2020072302 80.38937 -0.544
2020072303 80.38914 -0.55996
2020072304 80.38993 -0.5679
2020072305 80.39076 -0.56547
2020072306 80.39018 -0.55734
2020072307 80.38719 -0.55051
2020072308 80.38132 -0.54779
2020072309 80.37301 -0.5549
2020072310 80.36371 -0.57532
2020072311 80.35457 -0.60625
2020072312 80.34638 -0.64287
2020072313 80.34055 -0.68285
2020072314 80.33727 -0.71334
2020072315 80.33582 -0.73333
2020072316 80.33485 -0.74108
2020072317 80.33329 -0.73288
2020072318 80.33025 -0.71304
2020072319 80.32489 -0.69807
2020072320 80.31661 -0.68559
2020072321 80.30601 -0.6794
2020072322 80.29469 -0.68084
2020072323 80.28357 -0.69119
2020072400 80.27369 -0.70705
2020072401 80.26659 -0.72318
2020072402 80.26285 -0.73307
2020072403 80.26077 -0.72956
2020072404 80.25938 -0.71495
2020072405 80.25807 -0.69067
2020072406 80.25518 -0.6595
2020072407 80.24998 -0.62651
2020072408 80.24165 -0.59957
2020072409 80.23069 -0.57791
2020072410 80.21803 -0.56973
2020072411 80.20514 -0.57077
2020072412 80.19291 -0.5818
2020072413 80.18235 -0.59965
2020072414 80.17497 -0.61301
2020072415 80.16965 -0.62161
2020072416 80.16545 -0.6161
2020072417 80.16169 -0.59132
2020072418 80.15621 -0.54376
2020072419 80.14672 -0.4853
2020072420 80.13278 -0.43586
2020072421 80.11574 -0.39693
2020072422 80.09468 -0.37127
2020072423 80.0721 -0.36935
2020072500 80.05084 -0.3982
2020072501 80.03364 -0.44605
2020072502 80.0213 -0.49857
2020072503 80.01256 -0.55247
2020072504 80.00789 -0.5911
2020072505 80.0051 -0.61491
2020072506 80.00198 -0.63143
2020072507 79.99719 -0.64554
2020072508 79.98965 -0.65966
2020072509 79.98037 -0.67588
2020072510 79.96945 -0.69694
2020072511 79.95622 -0.72723
2020072512 79.94176 -0.77771
2020072513 79.92817 -0.8396
2020072514 79.91678 -0.90704
2020072515 79.90839 -0.9762
2020072516 79.90238 -1.04044
2020072517 79.89863 -1.09339
2020072518 79.89437 -1.12741
2020072519 79.88837 -1.1519
2020072520 79.88037 -1.17701
2020072521 79.87125 -1.20569
2020072522 79.86151 -1.24154
2020072523 79.85084 -1.29033
2020072600 79.84157 -1.34795
2020072601 79.83432 -1.41052
2020072602 79.82971 -1.4733
2020072603 79.82812 -1.53529
2020072604 79.82848 -1.58993
2020072605 79.83016 -1.62617
2020072606 79.83165 -1.64881
2020072607 79.83163 -1.66167
2020072608 79.82877 -1.67101
2020072609 79.82282 -1.68019
2020072610 79.81397 -1.69734
2020072611 79.80296 -1.72295
2020072612 79.79126 -1.76097
2020072613 79.78022 -1.80764
2020072614 79.77152 -1.85369
2020072615 79.76446 -1.89528
2020072616 79.75844 -1.93139
2020072617 79.75331 -1.95857
2020072618 79.74866 -1.97266
2020072619 79.74347 -1.97512
2020072620 79.73671 -1.97402
2020072621 79.72785 -1.97358
2020072622 79.71754 -1.97938
2020072623 79.70584 -1.99906
2020072700 79.69355 -2.0292
2020072701 79.68141 -2.06794
2020072702 79.67079 -2.11091
2020072703 79.66213 -2.15129
2020072704 79.65538 -2.18591
2020072705 79.65011 -2.21357
2020072706 79.64565 -2.2333
2020072707 79.64058 -2.24571
2020072708 79.63388 -2.24773
2020072709 79.62553 -2.25013
2020072710 79.61507 -2.25545
2020072711 79.60266 -2.27027
2020072712 79.5889 -2.29499
2020072713 79.57499 -2.33124
2020072714 79.56214 -2.37885
2020072715 79.55138 -2.43069
2020072716 79.54272 -2.48041
2020072717 79.53619 -2.51742
2020072718 79.53047 -2.53884
2020072719 79.52439 -2.55183
2020072720 79.51751 -2.55495
2020072721 79.50909 -2.55109
2020072722 79.49866 -2.54768
2020072723 79.48647 -2.55024
2020072800 79.47282 -2.56155
2020072801 79.45864 -2.58346
2020072802 79.44539 -2.61493
2020072803 79.43369 -2.65316
2020072804 79.42369 -2.68868
2020072805 79.41644 -2.71789
2020072806 79.41081 -2.73465
2020072807 79.40575 -2.73935
2020072808 79.40014 -2.73513
2020072809 79.39314 -2.72195
2020072810 79.38395 -2.7072
2020072811 79.3726 -2.69615
2020072812 79.35989 -2.68859
2020072813 79.34647 -2.68786
2020072814 79.33277 -2.69583
2020072815 79.31966 -2.70774
2020072816 79.30819 -2.71894
2020072817 79.29863 -2.72948
2020072818 79.29053 -2.73372
2020072819 79.28401 -2.72997
2020072820 79.2781 -2.71747
2020072821 79.27179 -2.69932
2020072822 79.26464 -2.67829
2020072823 79.25632 -2.65656
2020072900 79.24658 -2.63988
2020072901 79.23639 -2.6331
2020072902 79.2269 -2.63796
2020072903 79.21908 -2.6501
2020072904 79.21342 -2.66088
2020072905 79.20961 -2.66618
2020072906 79.20681 -2.66376
2020072907 79.20439 -2.65365
2020072908 79.20162 -2.63822
2020072909 79.1982 -2.61975
2020072910 79.19411 -2.60254
2020072911 79.18988 -2.59217
2020072912 79.18616 -2.59049
2020072913 79.18286 -2.59733
2020072914 79.17992 -2.60339
2020072915 79.17745 -2.60942
2020072916 79.17609 -2.61591
2020072917 79.17639 -2.61561
2020072918 79.17671 -2.60969
2020072919 79.17481 -2.59583
2020072920 79.17218 -2.57478
2020072921 79.16814 -2.55132
2020072922 79.16269 -2.52641
2020072923 79.1555 -2.50698
2020073000 79.14784 -2.49613
2020073001 79.13935 -2.49353
2020073002 79.13123 -2.50063
2020073003 79.12492 -2.51443
2020073004 79.12084 -2.53162
2020073005 79.11829 -2.54273
2020073006 79.11674 -2.54364
2020073007 79.11578 -2.53162
2020073008 79.11505 -2.50906
2020073009 79.1129 -2.48348
2020073010 79.10956 -2.4609
2020073011 79.10449 -2.44209
2020073012 79.09809 -2.43348
2020073013 79.09169 -2.43966
2020073014 79.08623 -2.4574
2020073015 79.08173 -2.48243
2020073016 79.07893 -2.50894
2020073017 79.07754 -2.53399
2020073018 79.07751 -2.55415
2020073019 79.07846 -2.56647
2020073020 79.07972 -2.56915
2020073021 79.08048 -2.56025
2020073022 79.07993 -2.54922
2020073023 79.07816 -2.54501
2020073100 79.07561 -2.55016
2020073101 79.07293 -2.56845
2020073102 79.07056 -2.59975
2020073103 79.06925 -2.64006
2020073104 79.06876 -2.68503
2020073105 79.06886 -2.72965
2020073106 79.06893 -2.7754
2020073107 79.0701 -2.80759
2020073108 79.08153 -2.76069
2020073109 79.07148 -2.82461
2020073110 79.0696 -2.83597
2020073111 79.06647 -2.85603
2020073112 79.04947 -3.02375
2020073113 78.95748 -2.69734
2020073114 78.8838 -2.17909
2020073115 78.84665 -1.96963
2020073116 78.84247 -1.98798
2020073117 78.84549 -2.03535
2020073118 78.84871 -2.07397
2020073119 78.81305 -2.05705
2020073120 78.7944 -2.05051
2020073121 78.8021 -2.10988
2020073122 78.80789 -2.14155
2020073123 78.81471 -2.16721
2020080100 78.81785 -2.18182
2020080101 78.81897 -2.18496
2020080102 78.82138 -2.19849
2020080103 78.82497 -2.21036
2020080104 78.82788 -2.2241
2020080105 78.82999 -2.24109
2020080106 78.8327 -2.25982
2020080107 78.79482 -2.28947
2020080108 78.78906 -2.33342
2020080109 78.79654 -2.36389
2020080110 78.80245 -2.39397
2020080111 78.80981 -2.41592
2020080112 78.81819 -2.42344
2020080113 78.82442 -2.41175
2020080114 78.83086 -2.40274
2020080115 78.81106 -2.36664
2020080116 78.81718 -2.40406
2020080117 78.86836 -2.43352
2020080118 78.92293 -2.47354
2020080119 78.92933 -2.48855
2020080120 78.93777 -2.50223
2020080121 78.94782 -2.51429
2020080122 78.96111 -2.52823
2020080123 78.97496 -2.54214
2020080200 78.9841 -2.54447
2020080201 78.99314 -2.54907
2020080202 79.00227 -2.55663
2020080203 79.00952 -2.56713
2020080204 79.0147 -2.58053
2020080205 79.01929 -2.59841
2020080206 79.02435 -2.62009
2020080207 79.02877 -2.63761
2020080208 79.03394 -2.74597
2020080209 79.03603 -2.74312
2020080210 79.03636 -2.73445
2020080211 79.03691 -2.72308
2020080212 79.03978 -2.72149
2020080213 79.11452 -2.5621
2020080214 79.11377 -2.56734
2020080215 79.11128 -2.57594
2020080216 79.11054 -2.57944
2020080217 79.11304 -2.60776
2020080218 79.06559 -2.79886
2020080219 78.98507 -3.10684
2020080220 78.91197 -3.54779
2020080221 78.84157 -3.94307
2020080222 78.77283 -4.30275
2020080223 78.71689 -4.58972
2020080300 78.66631 -4.89339
2020080301 78.66348 -4.93452
2020080302 78.66125 -4.96744
2020080303 78.66025 -4.9976
2020080304 78.65804 -5.02302
2020080305 78.65524 -5.04746
2020080306 78.65196 -5.07407
2020080307 78.62437 -5.12954
2020080308 78.61974 -5.15866
2020080309 78.63588 -5.04118
2020080310 78.66008 -4.60366
2020080311 78.64448 -4.3106
2020080312 78.63636 -4.34209
2020080313 78.62275 -4.36064
2020080314 78.61325 -4.37836
2020080315 78.60534 -4.39358
2020080316 78.59896 -4.41473
2020080317 78.66999 -4.16761
2020080318 78.76745 -3.81612
2020080319 78.85987 -3.49374
2020080320 78.94694 -3.18763
2020080321 79.0177 -2.91103
2020080322 79.01801 -2.94765
2020080323 79.02458 -2.97953
2020080400 79.02851 -3.02111
2020080401 79.03246 -3.07505
2020080402 79.03524 -3.1393
2020080403 79.03956 -3.2053
2020080404 79.04535 -3.26578
2020080405 79.04727 -3.32057
2020080406 79.04616 -3.36978
2020080407 79.03965 -3.08919
2020080408 79.04067 -3.12068
2020080409 79.03431 -3.15994
2020080410 79.02863 -3.2023
2020080411 79.02509 -3.22544
2020080412 79.03181 -3.17541
2020080413 79.01929 -3.18657
2020080414 79.01672 -3.27478
2020080415 79.01656 -3.35676
2020080416 79.01779 -3.41973
2020080417 79.01868 -3.46477
2020080418 79.01716 -3.50194
2020080419 79.00312 -3.49982
2020080420 78.95865 -3.14243
2020080421 78.906 -2.62324
2020080422 78.8543 -2.1151
2020080423 78.80927 -1.6499
2020080500 78.7577 -1.1835
2020080501 78.74173 -1.05302
2020080502 78.73286 -1.0841
2020080503 78.72488 -1.11637
2020080504 78.71742 -1.14561
2020080505 78.70999 -1.17107
2020080506 78.70226 -1.19223
2020080507 78.6944 -1.21241
2020080508 78.64495 -1.35438
2020080509 78.59999 -1.48087
2020080510 78.59299 -1.54131
2020080511 78.58849 -1.60206
2020080512 78.5814 -1.64933
2020080513 78.57156 -1.6806
2020080514 78.56182 -1.71454
2020080515 78.55004 -2.03768
2020080516 78.53821 -2.5215
2020080517 78.52121 -3.05068
2020080518 78.50411 -3.60424
2020080519 78.48738 -4.15177
2020080520 78.47161 -4.67241
2020080521 78.45275 -5.16169
2020080522 78.43589 -5.62906
2020080523 78.41824 -6.0916
2020080600 78.40399 -6.50759
2020080601 78.39066 -6.90519
2020080602 78.38924 -7.00586
2020080603 78.38794 -7.02132
2020080604 78.38686 -7.03414
2020080605 78.38525 -7.04462
2020080606 78.37519 -7.13608
2020080607 78.3649 -7.19618
2020080608 78.36024 -7.21134
2020080609 78.35564 -7.22882
2020080610 78.34969 -7.24767
2020080611 78.35483 -7.24925
2020080612 78.35134 -7.26415
2020080613 78.34751 -7.28721
2020080614 78.3442 -7.31163
2020080615 78.34133 -7.33288
2020080616 78.3391 -7.35159
2020080617 78.36076 -7.32971
2020080618 78.39885 -7.26432
2020080619 78.47617 -7.13851
2020080620 78.56624 -6.97405
2020080621 78.65347 -6.75987
2020080622 78.75754 -6.64997
2020080623 78.85652 -6.51493
2020080700 78.96261 -6.37648
2020080701 79.07125 -6.23588
2020080702 79.17571 -6.03387
2020080703 79.27889 -5.94585
2020080704 79.35166 -5.83022
2020080705 79.44549 -5.63544
2020080706 79.53948 -5.44681
2020080707 79.56145 -5.37293
2020080708 79.58304 -5.25719
2020080709 79.63848 -5.14811
2020080710 79.71412 -5.25282
2020080711 79.75254 -5.14646
2020080712 79.76036 -4.95555
2020080713 79.75943 -4.95563
2020080714 79.76045 -4.96022
2020080715 79.76277 -4.95923
2020080716 79.77858 -4.78479
2020080717 79.80931 -4.43685
2020080718 79.87357 -4.11467
2020080719 79.93583 -3.71697
2020080720 79.92539 -3.60021
2020080721 79.91686 -3.58158
2020080722 79.90973 -3.56309
2020080723 79.90357 -3.55552
2020080800 79.9008 -3.55788
2020080801 79.89216 -3.55024
2020080802 79.88535 -3.54893
2020080803 79.88382 -3.55051
2020080804 79.88321 -3.54303
2020080805 79.88156 -3.52638
2020080806 79.88478 -3.51459
2020080807 79.88653 -3.50006
2020080808 79.88736 -3.47822
2020080809 79.90425 -3.78052
2020080810 79.90033 -3.76804
2020080811 79.89637 -3.7719
2020080812 79.88789 -3.76286
2020080813 79.87853 -3.73621
2020080814 79.89455 -3.83473
2020080815 79.89029 -3.82885
2020080816 79.8913 -3.85688
2020080817 79.89217 -3.88016
2020080818 79.89285 -3.8885
2020080819 79.90682 -3.8678
2020080820 79.92908 -4.01348
2020080821 79.92583 -4.03414
2020080822 79.91931 -4.0501
2020080823 79.91287 -4.06944
2020080900 79.90526 -4.08395
2020080901 79.89753 -4.09913
2020080902 79.8901 -4.11126
2020080903 79.88534 -4.13423
2020080904 79.88407 -4.17215
2020080905 79.88294 -4.176
2020080906 79.88329 -4.21742
2020080907 79.8815 -4.23112
2020080908 79.88059 -4.26688
2020080909 79.88763 -4.58717
2020080910 79.88509 -4.62229
2020080911 79.88145 -4.63561
2020080912 79.88058 -4.65754
2020080913 79.88337 -4.72597
2020080914 79.88118 -4.75696
2020080915 79.88069 -4.80366
2020080916 79.87937 -4.83428
2020080917 79.87848 -4.87306
2020080918 79.87792 -4.90363
2020080919 79.87665 -4.96623
2020080920 79.87798 -5.06252
2020080921 79.87846 -5.11753
2020080922 79.87918 -5.20453
2020080923 79.87867 -5.26789
2020081000 79.88121 -5.27934
2020081001 79.88564 -5.28676
2020081002 79.89228 -5.29923
2020081003 79.90288 -5.30717
2020081004 79.90694 -5.30386
2020081005 79.90862 -5.30865
2020081006 79.90733 -5.3096
2020081007 79.90508 -5.31383
2020081008 79.90176 -5.41641
2020081009 79.90183 -5.43774
2020081010 79.9013 -5.46415
2020081011 79.90253 -5.4898
2020081012 79.90477 -5.5105
2020081013 79.90792 -5.52519
2020081014 79.91026 -5.53603
2020081015 79.9129 -5.53912
2020081016 79.91682 -5.54026
2020081017 79.92011 -5.53692
2020081018 79.91998 -5.52471
2020081019 79.91924 -5.52256
2020081020 79.91947 -5.51653
2020081021 79.91954 -5.52436
2020081022 79.92036 -5.53225
2020081023 79.92217 -5.54455
2020081100 79.92466 -5.56442
2020081101 79.92718 -5.58095
2020081102 79.93112 -5.60444
2020081103 79.93692 -5.62478
2020081104 79.94318 -5.63039
2020081105 79.94715 -5.63773
2020081106 79.95079 -5.6469
2020081107 79.95344 -5.65701
2020081108 79.95485 -5.66326
2020081109 79.95506 -5.67763
2020081110 79.95482 -5.71878
2020081111 79.95608 -5.76325
2020081112 79.96011 -5.80783
2020081113 79.96563 -5.84352
2020081114 79.97255 -5.87833
2020081115 79.9795 -5.89427
2020081116 79.98533 -5.8941
2020081117 79.99022 -5.88588
2020081118 79.99351 -5.87405
2020081119 79.99506 -5.87644
2020081120 79.99674 -5.87542
2020081121 79.99726 -5.9008
2020081122 79.99951 -5.92947
2020081123 80.00382 -5.96091
2020081200 80.00922 -5.99646
2020081201 80.01592 -6.02572
2020081202 80.02228 -6.04056
2020081203 80.02525 -6.03916
2020081204 80.0286 -6.0392
2020081205 80.03186 -6.04674
2020081206 80.0357 -6.05255
2020081207 80.03948 -6.06815
2020081208 80.04608 -6.09824
2020081209 80.05359 -6.11685
2020081210 80.06292 -6.12625
2020081211 80.07119 -6.14593
2020081212 80.07895 -6.16269
2020081213 80.08755 -6.17209
2020081214 80.09435 -6.17969
2020081215 80.102 -6.19748
2020081216 80.11066 -6.21465
2020081217 80.12083 -6.22717
2020081218 80.1317 -6.23225
2020081219 80.14558 -6.22959
2020081220 80.15919 -6.22681
2020081221 80.16864 -6.22547
2020081222 80.17653 -6.21637
2020081223 80.18604 -6.19001
2020081300 80.19465 -6.16608
2020081301 80.20003 -6.15083
2020081302 80.20561 -6.13747
2020081303 80.21329 -6.1291
2020081304 80.22423 -6.11862
2020081305 80.23819 -6.09296
2020081306 80.25398 -6.04295
2020081307 80.27052 -5.96713
2020081308 80.33164 -5.87393
2020081309 80.42034 -5.95097
2020081310 80.5196 -6.06508
2020081311 80.60269 -6.41334
2020081312 80.68746 -6.65826
2020081313 80.73822 -7.03074
2020081314 80.83746 -7.1542
2020081315 80.94916 -7.12285
2020081316 81.02894 -7.02425
2020081317 81.08708 -7.02993
2020081318 81.13427 -6.83396
2020081319 81.20865 -6.4955
2020081320 81.31651 -6.41348
2020081321 81.42277 -6.14378
2020081322 81.53609 -6.05592
2020081323 81.64786 -6.16534
2020081400 81.77588 -6.23357
2020081401 81.90582 -6.25805
2020081402 82.03341 -6.4043
2020081403 82.17149 -6.54081
2020081404 82.31753 -6.59827
2020081405 82.46484 -6.56864
2020081406 82.60586 -6.57712
2020081407 82.6661 -7.17023
2020081408 82.71009 -7.49252
2020081409 82.76307 -7.58192
2020081410 82.86242 -7.77367
2020081411 82.96631 -8.13032
2020081412 83.03559 -8.68069
2020081413 83.10799 -9.35234
2020081414 83.19296 -10.01758
2020081415 83.28629 -10.97067
2020081416 83.339 -11.55136
2020081417 83.44032 -12.04308
2020081418 83.54194 -12.23692
2020081419 83.63495 -12.34787
2020081420 83.70755 -12.97049
2020081421 83.8122 -13.22968
2020081422 83.90217 -13.11574
2020081423 84.0075 -13.4918
2020081500 84.10359 -13.52168
2020081501 84.19715 -13.49096
2020081502 84.30486 -13.33691
2020081503 84.41064 -13.73185
2020081504 84.51187 -13.84956
2020081505 84.60422 -14.45624
2020081506 84.69067 -14.46406
2020081507 84.78302 -14.37829
2020081508 84.88538 -14.35953
2020081509 84.97824 -15.00398
2020081510 85.07469 -15.33111
2020081511 85.14391 -15.61003
2020081512 85.19999 -15.71677
2020081513 85.26337 -15.93119
2020081514 85.33173 -16.16305
2020081515 85.40991 -16.14147
2020081516 85.45852 -16.3879
2020081517 85.50062 -16.60505
2020081518 85.54122 -16.18047
2020081519 85.59518 -16.46765
2020081520 85.63983 -16.40223
2020081521 85.71591 -16.90785
2020081522 85.79484 -17.50782
2020081523 85.88909 -17.78187
2020081600 85.98796 -18.43979
2020081601 86.05782 -19.35317
2020081602 86.13791 -20.06918
2020081603 86.23128 -20.05527
2020081604 86.28622 -20.15161
2020081605 86.37598 -20.27422
2020081606 86.43882 -21.51232
2020081607 86.52649 -22.54027
2020081608 86.57953 -23.97036
2020081609 86.60066 -25.6931
2020081610 86.66169 -27.25225
2020081611 86.68199 -28.59208
2020081612 86.70256 -29.34884
2020081613 86.75603 -30.72798
2020081614 86.81648 -32.06667
2020081615 86.87278 -33.59395
2020081616 86.93877 -34.96488
2020081617 86.96608 -36.22577
2020081618 87.06435 -36.59104
2020081619 87.13335 -37.21617
2020081620 87.22138 -37.97025
2020081621 87.30776 -38.31615
2020081622 87.37974 -38.74934
2020081623 87.44722 -39.25663
2020081700 87.44639 -40.14004
2020081701 87.5125 -40.92459
2020081702 87.60078 -40.02779
2020081703 87.66896 -39.53734
2020081704 87.72717 -40.38564
2020081705 87.81364 -40.46947
2020081706 87.89025 -40.27027
2020081707 87.96525 -39.39969
2020081708 88.01407 -38.74838
2020081709 88.05055 -37.86959
2020081710 88.09208 -38.11113
2020081711 88.13337 -37.43813
2020081712 88.18223 -36.06028
2020081713 88.25707 -34.48223
2020081714 88.29853 -34.61348
2020081715 88.29831 -34.66743
2020081716 88.29685 -34.69906
2020081717 88.29536 -34.73739
2020081718 88.29386 -34.78387
2020081719 88.32139 -34.64561
2020081720 88.39686 -33.99409
2020081721 88.4224 -33.60323
2020081722 88.45908 -33.41067
2020081723 88.50482 -32.61034
2020081800 88.57095 -32.51847
2020081801 88.62886 -32.4447
2020081802 88.70091 -32.6852
2020081803 88.7835 -33.48994
2020081804 88.85487 -34.47137
2020081805 88.92059 -35.35585
2020081806 88.93896 -35.6344
2020081807 88.93731 -35.73345
2020081808 88.93633 -35.80506
2020081809 88.93552 -35.87179
2020081810 88.93483 -35.94423
2020081811 88.93647 -35.73241
2020081812 88.99798 -35.86339
2020081813 89.04352 -35.97959
2020081814 89.08591 -36.15031
2020081815 89.10041 -35.57069
2020081816 89.10534 -35.65436
2020081817 89.11732 -35.37911
2020081818 89.15798 -34.68736
2020081819 89.1955 -34.1342
2020081820 89.2471 -35.23893
2020081821 89.30318 -36.70663
2020081822 89.31909 -36.94675
2020081823 89.37033 -37.12678
2020081900 89.40234 -36.13938
2020081901 89.48657 -35.43619
2020081902 89.55741 -34.52924
2020081903 89.61818 -32.70102
2020081904 89.63934 -33.12191
2020081905 89.67602 -31.90452
2020081906 89.70893 -35.40755
2020081907 89.79988 -39.47377
2020081908 89.8251 -35.97203
2020081909 89.92307 -34.39013
2020081910 89.98396 -19.96954
2020081911 89.99955 117.208
2020081912 89.99572 147.66906
2020081913 89.9947 141.88928
2020081914 89.99366 135.64076
2020081915 89.99294 132.22633
2020081916 89.99266 131.65339
2020081917 89.9926 131.47064
2020081918 89.99275 133.91103
2020081919 89.99299 139.13145
2020081920 89.99462 -145.02182
2020081921 89.934 106.33888
2020081922 89.86382 106.15672
2020081923 89.81652 105.19058
2020082000 89.75287 108.23938
2020082001 89.67473 109.16864
2020082002 89.60507 110.6651
2020082003 89.52829 107.58608
2020082004 89.45923 107.01628
2020082005 89.4116 106.29234
2020082006 89.35414 107.48897
2020082007 89.25732 107.34372
2020082008 89.17097 105.95765
2020082009 89.07907 104.78821
2020082010 89.00614 104.01192
2020082011 88.98375 104.07738
2020082012 88.91417 104.71355
2020082013 88.81864 105.46206
2020082014 88.74292 106.10006
2020082015 88.69467 105.02059
2020082016 88.63395 104.36623
2020082017 88.56313 103.48568
2020082018 88.51078 103.7042
2020082019 88.45067 104.3391
2020082020 88.39899 104.21821
2020082021 88.29715 104.1044
2020082022 88.19618 104.07525
2020082023 88.11451 104.2733
2020082100 88.02829 104.3825
2020082101 87.99457 104.36098
2020082102 87.94598 104.31048
2020082103 87.86181 104.21474
2020082104 87.78735 104.55026
2020082105 87.71428 104.62207
2020082106 87.71439 104.53392
2020082107 87.71529 104.50879
2020082108 87.71622 104.48926
2020082109 87.717 104.47285
2020082110 87.71778 104.50178
2020082111 87.71809 104.48188
2020082112 87.73935 104.25656
2020082113 87.71683 104.34066
2020082114 87.71668 104.31379
2020082115 87.71664 104.28666
2020082116 87.71685 104.26151
2020082117 87.71732 104.24164
2020082118 87.71802 104.22775
2020082119 87.71888 104.22049
2020082120 87.7198 104.21949
2020082121 87.7207 104.22319
2020082122 87.72152 104.22865
2020082123 87.72227 104.23306
2020082200 87.723 104.23549
2020082201 87.72377 104.23658
2020082202 87.72472 104.23731
2020082203 87.72598 104.24044
2020082204 87.72764 104.24758
2020082205 87.72974 104.26321
2020082206 87.73247 104.2882
2020082207 87.7357 104.32006
2020082208 87.73929 104.36555
2020082209 87.7433 104.41269
2020082210 87.74712 104.46279
2020082211 87.75044 104.51586
2020082212 87.75327 104.57537
2020082213 87.7553 104.64143
2020082214 87.75641 104.71242
2020082215 87.75675 104.78729
2020082216 87.75637 104.86239
2020082217 87.75545 104.93904
2020082218 87.75413 105.01316
2020082219 87.75246 105.08589
2020082220 87.7504 105.16003
2020082221 87.74785 105.22707
2020082222 87.74529 105.28654
2020082223 87.74339 105.34005
2020082300 87.74232 105.39077
2020082301 87.74197 105.4339
2020082302 87.74207 105.47041
2020082303 87.74278 105.51206
2020082304 87.74394 105.55685
2020082305 87.74544 105.6089
2020082306 87.74709 105.66954
2020082307 87.74902 105.73699
2020082308 87.75121 105.80702
2020082309 87.75361 105.8741
2020082310 87.75606 105.94238
2020082311 87.75845 106.00468
2020082312 87.76077 106.05751
2020082313 87.76301 106.10215
2020082314 87.76535 106.13709
2020082315 87.76785 106.16372
2020082316 87.77044 106.18308
2020082317 87.77314 106.19901
2020082318 87.77586 106.21323
2020082319 87.77871 106.22544
2020082320 87.78177 106.23382
2020082321 87.78505 106.23837
2020082322 87.78861 106.24131
2020082323 87.79242 106.23625
2020082400 87.79657 106.20966
2020082401 87.79969 106.16698
2020082402 87.80111 106.1267
2020082403 87.80114 106.08687
2020082404 87.79979 106.04905
2020082405 87.79684 106.00732
2020082406 87.79329 105.96203
2020082407 87.78897 105.91847
2020082408 87.78436 105.8642
2020082409 87.78022 105.79718
2020082410 87.77627 105.76231
2020082411 87.773 105.70024
2020082412 87.77037 105.63362
2020082413 87.76816 105.55861
2020082414 87.76606 105.48685
2020082415 87.76437 105.4181
2020082416 87.76319 105.35052
2020082417 87.76252 105.29826
2020082418 87.76251 105.25832
2020082419 87.76307 105.22524
2020082420 87.76403 105.19859
2020082421 87.76515 105.17822
2020082422 87.76624 105.15991
2020082423 87.76754 105.1421
2020082500 87.76919 105.12548
2020082501 87.77115 105.10247
2020082502 87.77285 105.06774
2020082503 87.77415 105.0209
2020082504 87.77507 104.96042
2020082505 87.77595 104.88909
2020082506 87.77673 104.81144
2020082507 87.77752 104.73676
2020082508 87.77824 104.6794
2020082509 87.77869 104.62944
2020082510 87.77945 104.58611
2020082511 87.7804 104.549
2020082512 87.78127 104.51128
2020082513 87.78187 104.46716
2020082514 87.78229 104.41521
2020082515 87.78274 104.35799
2020082516 87.78347 104.29991
2020082517 87.78463 104.24643
2020082518 87.78624 104.20259
2020082519 87.78827 104.1696
2020082520 87.79096 104.15213
2020082521 87.79437 104.15261
2020082522 87.79813 104.15937
2020082523 87.80238 104.17831
2020082600 87.80734 104.21651
2020082601 87.81223 104.26777
2020082602 87.81675 104.33086
2020082603 87.82116 104.40961
2020082604 87.82496 104.50162
2020082605 87.82823 104.6022
2020082606 87.83072 104.71109
2020082607 87.83236 104.81836
2020082608 87.83404 104.90909
2020082609 87.83655 104.98086
2020082610 87.8405 105.04262
2020082611 87.84582 105.10452
2020082612 87.85246 105.18268
2020082613 87.86 105.29549
2020082614 87.8672 105.41821
2020082615 87.87347 105.54623
2020082616 87.87838 105.6762
2020082617 87.88193 105.79911
2020082618 87.88531 105.91015
2020082619 87.88865 106.01235
2020082620 87.89225 106.11047
2020082621 87.89656 106.207
2020082622 87.90161 106.307
2020082623 87.90761 106.40842
2020082700 87.91408 106.51198
2020082701 87.92056 106.61659
2020082702 87.92666 106.72385
2020082703 87.93197 106.84184
2020082704 87.93624 106.97487
2020082705 87.93949 107.11186
2020082706 87.94165 107.24333
2020082707 87.94322 107.35898
2020082708 87.94458 107.45414
2020082709 87.94617 107.5278
2020082710 87.9484 107.58523
2020082711 87.95182 107.64903
2020082712 87.95639 107.71856
2020082713 87.96174 107.79551
2020082714 87.96726 107.87785
2020082715 87.97272 107.96217
2020082716 87.97766 108.0599
2020082717 87.98159 108.16864
2020082718 87.98432 108.27661
2020082719 87.98613 108.35731
2020082720 87.98768 108.39629
2020082721 87.98966 108.39978
2020082722 87.99294 108.40387
2020082723 87.99748 108.41306
2020082800 88.00277 108.43034
2020082801 88.00825 108.45842
2020082802 88.01362 108.50061
2020082803 88.01852 108.55444
2020082804 88.02265 108.62065
2020082805 88.02579 108.69431
2020082806 88.0282 108.76134
2020082807 88.03013 108.81344
2020082808 88.03164 108.84995
2020082809 88.03346 108.87015
2020082810 88.03592 108.88288
2020082811 88.03888 108.89316
2020082812 88.04221 108.90667
2020082813 88.04601 108.92121
2020082814 88.04988 108.94109
2020082815 88.05341 108.97627
2020082816 88.05624 109.01538
2020082817 88.05845 109.05478
2020082818 88.06002 109.08746
2020082819 88.06137 109.10856
2020082820 88.06253 109.11577
2020082821 88.0642 109.11288
2020082822 88.06643 109.10849
2020082823 88.06944 109.10323
2020082900 88.07319 109.10164
2020082901 88.0775 109.10591
2020082902 88.082 109.12329
2020082903 88.08639 109.15795
2020082904 88.09043 109.20919
2020082905 88.09394 109.27092
2020082906 88.09706 109.33259
2020082907 88.09989 109.38855
2020082908 88.1027 109.43344
2020082909 88.1057 109.46426
2020082910 88.10929 109.48537
2020082911 88.11375 109.49771
2020082912 88.11901 109.51107
2020082913 88.12482 109.53479
2020082914 88.13083 109.57788
2020082915 88.13679 109.64625
2020082916 88.14241 109.74134
2020082917 88.14713 109.8566
2020082918 88.15093 109.97504
2020082919 88.15426 110.09175
2020082920 88.15737 110.20184
2020082921 88.16067 110.29751
2020082922 88.1643 110.38495
2020082923 88.16866 110.47196
2020083000 88.17377 110.5711
2020083001 88.17966 110.67855
2020083002 88.18622 110.79084
2020083003 88.19315 110.91447
2020083004 88.19986 111.06642
2020083005 88.20609 111.24723
2020083006 88.21156 111.44779
2020083007 88.21599 111.6494
2020083008 88.21972 111.8312
2020083009 88.22307 111.99433
2020083010 88.22624 112.13256
2020083011 88.22946 112.24233
2020083012 88.23308 112.34963
2020083013 88.23716 112.46068
2020083014 88.24148 112.57406
2020083015 88.24608 112.67758
2020083016 88.25047 112.79266
2020083017 88.25421 112.92645
2020083018 88.2573 113.0686
2020083019 88.25988 113.20401
2020083020 88.26202 113.31734
2020083021 88.26376 113.41051
2020083022 88.26529 113.48004
2020083023 88.26705 113.52333
2020083100 88.26913 113.55122
2020083101 88.27186 113.5712
2020083102 88.27526 113.59677
2020083103 88.27876 113.63807
2020083104 88.28206 113.69969
2020083105 88.28489 113.77751
2020083106 88.28717 113.86685
2020083107 88.28885 113.95202
2020083108 88.29019 114.02375
2020083109 88.29145 114.07919
2020083110 88.29284 114.1133
2020083111 88.29445 114.12998
2020083112 88.29667 114.13886
2020083113 88.29953 114.14805
2020083114 88.30297 114.15993
2020083115 88.30672 114.18606
2020083116 88.31032 114.2328
2020083117 88.31358 114.29579
2020083118 88.31646 114.36745
2020083119 88.31886 114.44049
2020083120 88.32091 114.50565
2020083121 88.32281 114.5618
2020083122 88.32465 114.60871
2020083123 88.32663 114.64803
2020090100 88.32875 114.67739
2020090101 88.33132 114.71228
2020090102 88.33369 114.76437
2020090103 88.33619 114.8205
2020090104 88.33868 114.88522
2020090105 88.34108 114.96253
2020090106 88.34345 115.0608
2020090107 88.34582 115.19272
2020090108 88.34819 115.32962
2020090109 88.35039 115.46622
2020090110 88.35257 115.58419
2020090111 88.3553 115.6946
2020090112 88.35826 115.81083
2020090113 88.36155 115.91666
2020090114 88.36497 116.01164
2020090115 88.36887 116.11686
2020090116 88.37221 116.20879
2020090117 88.37608 116.32826
2020090118 88.37955 116.46383
2020090119 88.3826 116.59547
2020090120 88.38525 116.711
2020090121 88.38768 116.811
2020090122 88.3901 116.88243
2020090123 88.39286 116.93543
2020090200 88.39591 116.97491
2020090201 88.39946 117.00685
2020090202 88.40353 117.03976
2020090203 88.40808 117.08235
2020090204 88.41296 117.14284
2020090205 88.41786 117.22146
2020090206 88.42256 117.31323
2020090207 88.42696 117.40929
2020090208 88.43108 117.50359
2020090209 88.43502 117.59306
2020090210 88.43886 117.67143
2020090211 88.44293 117.73969
2020090212 88.44752 117.8008
2020090213 88.45275 117.86522
2020090214 88.45858 117.94428
2020090215 88.46467 118.04605
2020090216 88.47083 118.17295
2020090217 88.47666 118.31385
2020090218 88.48246 118.45893
2020090219 88.488 118.59595
2020090220 88.49352 118.70782
2020090221 88.4991 118.78836
2020090222 88.50524 118.8504
2020090223 88.51183 118.91047
2020090300 88.51871 118.96694
2020090301 88.52593 119.03267
2020090302 88.53332 119.11743
2020090303 88.54084 119.22133
2020090304 88.54827 119.35072
2020090305 88.55549 119.49654
2020090306 88.5623 119.64078
2020090307 88.56887 119.77715
2020090308 88.5751 119.89148
2020090309 88.58102 119.98114
2020090310 88.58709 120.03913
2020090311 88.59342 120.07267
2020090312 88.60015 120.09706
2020090313 88.60721 120.12365
2020090314 88.61453 120.14478
2020090315 88.62188 120.17533
2020090316 88.62937 120.22248
2020090317 88.63706 120.29779
2020090318 88.64451 120.39776
2020090319 88.6513 120.4976
2020090320 88.65734 120.581
2020090321 88.66272 120.63866
2020090322 88.66749 120.67202
2020090323 88.67175 120.66916
2020090400 88.67609 120.6329
2020090401 88.68066 120.59244
2020090402 88.68549 120.57174
2020090403 88.69084 120.58388
2020090404 88.69605 120.62946
2020090405 88.7008 120.70137
2020090406 88.70449 120.77078
2020090407 88.70789 120.82083
2020090408 88.7113 120.83583
2020090409 88.71454 120.82608
2020090410 88.71806 120.77854
2020090411 88.72157 120.70589
2020090412 88.72504 120.62056
2020090413 88.72873 120.52317
2020090414 88.73262 120.43176
2020090415 88.73651 120.35542
2020090416 88.74022 120.2836
2020090417 88.74353 120.22092
2020090418 88.74603 120.16865
2020090419 88.74761 120.10281
2020090420 88.74853 120.02408
2020090421 88.74891 119.93581
2020090422 88.74901 119.84273
2020090423 88.74899 119.74271
2020090500 88.74902 119.64677
2020090501 88.74925 119.56513
2020090502 88.74962 119.50722
2020090503 88.75 119.47029
2020090504 88.75025 119.45657
2020090505 88.75029 119.46868
2020090506 88.74989 119.48719
2020090507 88.74913 119.50341
2020090508 88.74815 119.49793
2020090509 88.74719 119.46129
2020090510 88.74657 119.40391
2020090511 88.74638 119.33691
2020090512 88.7463 119.27234
2020090513 88.74596 119.26028
2020090514 88.74518 119.25742
2020090515 88.74404 119.26058
2020090516 88.74267 119.27168
2020090517 88.74117 119.28336
2020090518 88.73948 119.27926
2020090519 88.7378 119.26445
2020090520 88.73605 119.23378
2020090521 88.73433 119.19589
2020090522 88.73309 119.16578
2020090523 88.73256 119.12278
2020090600 88.73269 119.05578
2020090601 88.7333 118.97789
2020090602 88.73434 118.89522
2020090603 88.73552 118.82457
2020090604 88.73677 118.77955
2020090605 88.73807 118.73795
2020090606 88.73917 118.68923
2020090607 88.73999 118.62058
2020090608 88.74044 118.50526
2020090609 88.741 118.34837
2020090610 88.74219 118.14116
2020090611 88.74386 117.89388
2020090612 88.74627 117.6244
2020090613 88.74967 117.34253
2020090614 88.75328 117.00406
2020090615 88.75654 116.63591
2020090616 88.75933 116.25876
2020090617 88.76127 115.88828
2020090618 88.76159 115.52844
2020090619 88.76019 115.15807
2020090620 88.75734 114.7711
2020090621 88.75351 114.36811
2020090622 88.74891 113.93772
2020090623 88.74443 113.50512
2020090700 88.74055 113.11873
2020090701 88.73669 112.75893
2020090702 88.73367 112.47755
2020090703 88.73107 112.29072
2020090704 88.72803 112.15908
2020090705 88.72466 112.08622
2020090706 88.72049 112.04368
2020090707 88.71564 112.0227
2020090708 88.71015 112.00424
2020090709 88.70444 111.97048
2020090710 88.69899 111.90466
2020090711 88.69437 111.81226
2020090712 88.691 111.7062
2020090713 88.68883 111.60471
2020090714 88.68749 111.53545
2020090715 88.68659 111.53209
2020090716 88.68591 111.57506
2020090717 88.68494 111.63708
2020090718 88.68384 111.72309
2020090719 88.68232 111.82541
2020090720 88.68034 111.92329
2020090721 88.67809 112.00188
2020090722 88.67589 112.05184
2020090723 88.67407 112.06982
2020090800 88.67302 112.07157
2020090801 88.67273 112.0826
2020090802 88.67322 112.11006
2020090803 88.67413 112.16665
2020090804 88.6752 112.23914
2020090805 88.67612 112.3495
2020090806 88.67634 112.4968
2020090807 88.67612 112.64551
2020090808 88.6757 112.77586
2020090809 88.67533 112.87063
2020090810 88.67574 112.92287
2020090811 88.67734 112.9478
2020090812 88.67969 112.95565
2020090813 88.68296 112.96013
2020090814 88.68671 112.98876
2020090815 88.69101 113.05469
2020090816 88.69511 113.17103
2020090817 88.69908 113.32008
2020090818 88.70228 113.48199
2020090819 88.70449 113.61931
2020090820 88.70627 113.69824
2020090821 88.70775 113.72104
2020090822 88.70922 113.68813
2020090823 88.71103 113.59981
2020090900 88.71345 113.47244
2020090901 88.71675 113.33165
2020090902 88.72067 113.19247
2020090903 88.7246 113.0596
2020090904 88.72783 112.93329
2020090905 88.73034 112.81268
2020090906 88.7314 112.67699
2020090907 88.731 112.50993
2020090908 88.7295 112.29922
2020090909 88.72759 112.04675
2020090910 88.72582 111.73779
2020090911 88.72439 111.37977
2020090912 88.72351 111.01222
2020090913 88.72346 110.65504
2020090914 88.72389 110.34943
2020090915 88.72434 110.12111
2020090916 88.72407 109.98035
2020090917 88.72303 109.9413
2020090918 88.72139 109.90426
2020090919 88.71913 109.8259
2020090920 88.71642 109.6926
2020090921 88.7137 109.4877
2020090922 88.71155 109.23125
2020090923 88.71015 108.93592
2020091000 88.70964 108.61244
2020091001 88.70975 108.30488
2020091002 88.71039 108.05728
2020091003 88.71149 107.86434
2020091004 88.71258 107.71668
2020091005 88.71309 107.61624
2020091006 88.71294 107.52933
2020091007 88.7121 107.44038
2020091008 88.71078 107.34488
2020091009 88.70923 107.2343
2020091010 88.70795 107.10585
2020091011 88.70723 106.96179
2020091012 88.70723 106.81034
2020091013 88.70788 106.6658
2020091014 88.7091 106.52423
2020091015 88.71075 106.4229
2020091016 88.71253 106.34717
2020091017 88.71402 106.28994
2020091018 88.71511 106.23702
2020091019 88.71546 106.17486
2020091020 88.71539 106.09058
2020091021 88.71534 105.97042
2020091022 88.71567 105.80368
2020091023 88.71669 105.60726
2020091100 88.71853 105.40096
2020091101 88.72141 105.19276
2020091102 88.72516 105.00156
2020091103 88.72919 104.84871
2020091104 88.73287 104.74905
2020091105 88.73594 104.67634
2020091106 88.73829 104.61446
2020091107 88.7399 104.54722
2020091108 88.74083 104.45552
2020091109 88.74146 104.32339
2020091110 88.74235 104.1506
2020091111 88.74389 103.95269
2020091112 88.74623 103.75139
2020091113 88.7492 103.56566
2020091114 88.75253 103.40709
2020091115 88.75588 103.28276
2020091116 88.75879 103.19739
2020091117 88.7608 103.14131
2020091118 88.76177 103.09708
2020091119 88.76182 103.0448
2020091120 88.76119 102.96488
2020091121 88.76037 102.84685
2020091122 88.75978 102.6891
2020091123 88.75986 102.50027
2020091200 88.76078 102.29439
2020091201 88.76253 102.09272
2020091202 88.76477 101.91553
2020091203 88.76704 101.78005
2020091204 88.76922 101.6883
2020091205 88.77089 101.62719
2020091206 88.77188 101.57952
2020091207 88.77218 101.52655
2020091208 88.77196 101.45219
2020091209 88.77154 101.34653
2020091210 88.77137 101.20772
2020091211 88.77184 101.04306
2020091212 88.77324 100.86107
2020091213 88.7755 100.6821
2020091214 88.77852 100.53281
2020091215 88.78185 100.42182
2020091216 88.78509 100.35253
2020091217 88.78797 100.31785
2020091218 88.79028 100.30129
2020091219 88.79195 100.276
2020091220 88.79318 100.2187
2020091221 88.79434 100.11427
2020091222 88.79588 99.95938
2020091223 88.79823 99.75913
2020091300 88.80173 99.5211
2020091301 88.80672 99.26782
2020091302 88.81291 99.02661
2020091303 88.81976 98.8044
2020091304 88.82684 98.60823
2020091305 88.83396 98.41833
2020091306 88.84101 98.22692
2020091307 88.84757 97.9983
2020091308 88.85362 97.70772
2020091309 88.85959 97.33596
2020091310 88.866 96.88977
2020091311 88.87504 96.42631
2020091312 88.88692 96.06688
2020091313 88.89938 95.84024
2020091314 88.91137 95.75514
2020091315 88.92211 95.80021
2020091316 88.9308 95.95861
2020091317 88.93702 96.17052
2020091318 88.94043 96.35085
2020091319 88.94273 96.44147
2020091320 88.94574 96.45959
2020091321 88.95009 96.41731
2020091322 88.95559 96.33338
2020091323 88.96334 96.32614
2020091400 88.9724 96.47865
2020091401 88.98152 96.79434
2020091402 88.99006 97.26415
2020091403 88.99751 97.91457
2020091404 89.00255 98.66583
2020091405 89.00534 99.45212
2020091406 89.00555 100.18651
2020091407 89.00431 100.79286
2020091408 89.00294 101.22255
2020091409 89.00318 101.48762
2020091410 89.00615 101.6515
2020091411 89.01243 101.83733
2020091412 89.02068 102.16748
2020091413 89.02945 102.57005
2020091414 89.03792 103.0615
2020091415 89.04548 103.67451
2020091416 89.05189 104.36915
2020091417 89.0566 105.06567
2020091418 89.05751 105.75226
2020091419 89.05569 106.39853
2020091420 89.05217 106.86114
2020091421 89.04892 107.08962
2020091422 89.04744 107.13264
2020091423 89.04796 107.07814
2020091500 89.05099 106.97116
2020091501 89.05582 106.90627
2020091502 89.06138 106.93662
2020091503 89.06671 107.06698
2020091504 89.07084 107.28468
2020091505 89.07297 107.53284
2020091506 89.07299 107.75267
2020091507 89.07114 107.89903
2020091508 89.06813 107.92068
2020091509 89.06515 107.81188
2020091510 89.06308 107.59532
2020091511 89.06267 107.33904
2020091512 89.06432 107.12005
2020091513 89.06769 106.99593
2020091514 89.07174 107.00165
2020091515 89.0755 107.1333
2020091516 89.07816 107.36083
2020091517 89.07914 107.6413
2020091518 89.07843 107.91816
2020091519 89.07641 108.14311
2020091520 89.07357 108.2566
2020091521 89.07095 108.23931
2020091522 89.06974 108.13716
2020091523 89.07005 107.99899
2020091600 89.07214 107.88219
2020091601 89.07601 107.85372
2020091602 89.08083 107.95723
2020091603 89.08512 108.16446
2020091604 89.08851 108.46526
2020091605 89.09052 108.83742
2020091606 89.09087 109.19826
2020091607 89.08971 109.45598
2020091608 89.08655 109.52189
2020091609 89.08229 109.44732
2020091610 89.07825 109.25009
2020091611 89.07523 109.00739
2020091612 89.07366 108.76655
2020091613 89.07319 108.61545
2020091614 89.07331 108.60373
2020091615 89.07328 108.72334
2020091616 89.07211 108.95693
2020091617 89.06888 109.25858
2020091618 89.06365 109.52013
2020091619 89.05696 109.69038
2020091620 89.04979 109.7113
2020091621 89.04251 109.57759
2020091622 89.03643 109.32337
2020091623 89.03231 109.02828
2020091700 89.02982 108.74123
2020091701 89.0288 108.48766
2020091702 89.02868 108.30532
2020091703 89.02893 108.21367
2020091704 89.0288 108.17491
2020091705 89.02781 108.16709
2020091706 89.02589 108.17309
2020091707 89.02325 108.13869
2020091708 89.02041 108.02946
2020091709 89.01791 107.83607
2020091710 89.01626 107.58604
2020091711 89.01596 107.32925
2020091712 89.01709 107.11769
2020091713 89.01946 106.98071
2020091714 89.0228 106.93295
2020091715 89.02633 106.96093
2020091716 89.02964 107.06427
2020091717 89.03238 107.21261
2020091718 89.03423 107.3688
2020091719 89.03541 107.48009
2020091720 89.03605 107.53061
2020091721 89.03676 107.50547
2020091722 89.03815 107.41688
2020091723 89.04049 107.29121
2020091800 89.04386 107.15948
2020091801 89.04825 107.062
2020091802 89.05306 107.02649
2020091803 89.05784 107.05113
2020091804 89.06219 107.12212
2020091805 89.06563 107.22816
2020091806 89.06787 107.32989
2020091807 89.06934 107.38903
2020091808 89.07025 107.37454
2020091809 89.07113 107.27391
2020091810 89.07299 107.11553
2020091811 89.07603 106.94184
2020091812 89.08012 106.79696
2020091813 89.08498 106.71439
2020091814 89.09042 106.72577
2020091815 89.09567 106.82712
2020091816 89.10025 106.99435
2020091817 89.10356 107.18214
2020091818 89.10527 107.35716
2020091819 89.10646 107.50348
2020091820 89.10821 107.58473
2020091821 89.1105 107.59417
2020091822 89.11428 107.55889
2020091823 89.11955 107.54921
2020091900 89.12594 107.63435
2020091901 89.133 107.79152
2020091902 89.14017 108.03533
2020091903 89.14633 108.39347
2020091904 89.15117 108.86779
2020091905 89.15377 109.40205
2020091906 89.15449 109.94785
2020091907 89.15253 110.4143
2020091908 89.14847 110.74805
2020091909 89.14387 110.82846
2020091910 89.14027 110.70747
2020091911 89.13887 110.46305
2020091912 89.13984 110.19687
2020091913 89.14281 109.99063
2020091914 89.14716 110.00908
2020091915 89.15113 110.28766
2020091916 89.15312 110.71043
2020091917 89.15271 111.16568
2020091918 89.15042 111.56818
2020091919 89.14706 111.83195
2020091920 89.14283 111.96122
2020091921 89.13866 111.93147
2020091922 89.1357 111.71789
2020091923 89.13503 111.42208
2020092000 89.13663 111.14424
2020092001 89.13954 110.92422
2020092002 89.14262 110.82211
2020092003 89.1449 110.87451
2020092004 89.14573 111.03986
2020092005 89.14513 111.21933
2020092006 89.14329 111.36477
2020092007 89.1404 111.41454
2020092008 89.13713 111.34807
2020092009 89.13424 111.16757
2020092010 89.13256 110.90522
2020092011 89.13241 110.6187
2020092012 89.13353 110.3655
2020092013 89.13567 110.17871
2020092014 89.12059 110.27725
2020092015 89.07125 110.48419
2020092016 89.02149 110.27442
2020092017 88.98359 109.34683
2020092018 88.93382 108.11759
2020092019 88.91739 106.3852
2020092020 88.88122 105.65677
2020092021 88.85027 107.11188
2020092022 88.80195 107.88124
2020092023 88.76466 108.87096
2020092100 88.73682 108.48449
2020092101 88.69126 107.97454
2020092102 88.65455 107.67322
2020092103 88.62175 106.98223
2020092104 88.60214 106.43738
2020092105 88.59385 105.33416
2020092106 88.56667 105.25106
2020092107 88.54618 106.39726
2020092108 88.51987 106.34344
2020092109 88.51442 106.1787
2020092110 88.50953 105.64998
2020092111 88.50783 105.41725
2020092112 88.50642 105.15669
2020092113 88.4677 104.88879
2020092114 88.42636 104.99161
2020092115 88.37673 106.01165
2020092116 88.32754 105.58401
2020092117 88.29927 103.76973
2020092118 88.26351 103.07888
2020092119 88.22024 102.24813
2020092120 88.16077 100.57247
2020092121 88.07798 100.87482
2020092122 87.97815 100.31822
2020092123 87.88672 99.5519
2020092200 87.79964 100.16151
2020092201 87.73535 100.63743
2020092202 87.6594 100.76663
2020092203 87.5778 100.77141
2020092204 87.50031 99.66707
2020092205 87.49806 99.43468
2020092206 87.44544 98.71884
2020092207 87.34878 98.7622
2020092208 87.25034 98.36661
2020092209 87.1466 98.71112
2020092210 87.05001 98.08135
2020092211 86.97877 97.97024
2020092212 86.9051 97.99204
2020092213 86.8507 98.31072
2020092214 86.77097 97.59732
2020092215 86.70312 97.12981
2020092216 86.60989 96.58098
2020092217 86.54811 95.69523
2020092218 86.46938 94.64171
2020092219 86.38705 93.51894
2020092220 86.32822 92.16416
2020092221 86.26919 90.95765
2020092222 86.22048 89.61195
2020092223 86.17662 88.576
2020092300 86.10976 87.96728
2020092301 86.03062 87.32284
2020092302 86.02788 86.5352
2020092303 86.03128 85.78347
2020092304 86.03631 85.33768
2020092305 86.03153 84.8302
2020092306 86.03187 84.71191
2020092307 86.01558 83.75114
2020092308 85.97393 82.54322
2020092309 85.94982 81.13411
2020092310 85.9504 79.64091
2020092311 85.95831 78.87255
2020092312 85.95299 77.78241
2020092313 85.95521 76.31876
2020092314 85.96096 74.86013
2020092315 85.99005 73.76153
2020092316 85.95857 72.82884
2020092317 85.97606 71.73101
2020092318 85.98927 70.38185
2020092319 85.98025 69.38811
2020092320 85.98253 68.78821
2020092321 85.97922 67.65103
2020092322 85.95822 66.73992
2020092323 85.96284 65.65375
2020092400 85.96535 64.26808
2020092401 85.98227 62.73541
2020092402 85.98703 61.41462
2020092403 85.98383 60.2082
2020092404 85.99262 59.52948
2020092405 85.9995 59.49495
2020092406 86.00492 59.48935
2020092407 86.00848 59.49577
2020092408 86.01021 59.50099
2020092409 86.01072 59.49276
2020092410 86.01104 59.46605
2020092411 86.01208 59.434
2020092412 86.01407 59.39386
2020092413 86.03129 59.58462
2020092414 86.03278 59.54149
2020092415 86.0362 59.57734
2020092416 86.04139 59.59975
2020092417 86.04835 59.65192
2020092418 86.05423 59.74369
2020092419 86.04779 59.6543
2020092420 85.97115 58.86953
2020092421 85.9735 57.56206
2020092422 85.96916 57.04442
2020092423 85.94654 55.73292
2020092500 85.93867 54.61288
2020092501 85.95736 53.42388
2020092502 85.99446 52.55398
2020092503 85.98563 51.27199
2020092504 85.99761 50.445
2020092505 86.00236 50.16612
2020092506 86.0046 49.62674
2020092507 85.99379 49.16533
2020092508 85.97592 48.69207
2020092509 85.96007 48.45284
2020092510 85.95903 48.45737
2020092511 85.957 48.44759
2020092512 85.95607 48.4155
2020092513 85.95516 48.37722
2020092514 85.95526 48.34779
2020092515 85.956 48.34013
2020092516 85.95828 47.90941
2020092517 85.96278 46.67923
2020092518 85.99146 45.53052
2020092519 85.95692 44.38156
2020092520 85.98303 43.67738
2020092521 85.97907 42.44055
2020092522 85.9889 41.14773
2020092523 85.98109 40.17228
2020092600 85.9841 39.03126
2020092601 85.94821 38.02389
2020092602 85.96467 36.92244
2020092603 85.99211 35.93459
2020092604 86.02902 35.68884
2020092605 86.03011 35.59651
2020092606 86.02914 35.5637
2020092607 86.02967 35.52706
2020092608 86.03108 35.50243
2020092609 86.03225 35.49335
2020092610 86.03269 35.49686
2020092611 86.03203 35.51013
2020092612 86.03001 35.53323
2020092613 85.9979 35.09339
2020092614 85.99141 35.00158
2020092615 86.01796 33.97301
2020092616 86.00334 32.59428
2020092617 85.93035 31.97351
2020092618 85.84904 31.47921
2020092619 85.75142 31.708
2020092620 85.65564 32.03405
2020092621 85.5673 32.08091
2020092622 85.48224 31.66046
2020092623 85.36969 31.88227
2020092700 85.25568 32.0517
2020092701 85.14628 31.78787
2020092702 85.02981 31.62099
2020092703 84.92023 31.48525
2020092704 84.81413 31.67625
2020092705 84.71987 31.69491
2020092706 84.61484 31.62275
2020092707 84.59832 31.78726
2020092708 84.48344 31.73919
2020092709 84.38045 31.91442
2020092710 84.26976 32.16104
2020092711 84.15483 32.20783
2020092712 84.03889 32.20683
2020092713 83.92419 32.17698
2020092714 83.80862 32.14149
2020092715 83.69156 32.1027
2020092716 83.57245 32.0618
2020092717 83.45186 32.0721
2020092718 83.3329 32.07209
2020092719 83.21415 32.07029
2020092720 83.25137 31.9758
2020092721 83.25309 32.05017
2020092722 83.25453 32.09766
2020092723 83.25513 32.13446
2020092800 83.29717 31.56564
2020092801 83.35894 30.72486
2020092802 83.36961 29.68241
2020092803 83.35726 28.55652
2020092804 83.32556 27.51639
2020092805 83.29306 26.51504
2020092806 83.22846 25.65508
2020092807 83.16182 24.98196
2020092808 83.16253 25.01859
2020092809 83.16154 25.06352
2020092810 83.15906 25.11497
2020092811 83.15484 25.16578
2020092812 83.14943 25.20966
2020092813 83.14364 25.24284
2020092814 83.11875 24.6803
2020092815 83.0669 23.87863
2020092816 83.01116 23.09265
2020092817 82.95463 22.97019
2020092818 82.89393 22.6217
2020092819 82.80261 22.11874
2020092820 82.72978 21.39959
2020092821 82.66382 20.68842
2020092822 82.59712 19.97732
2020092823 82.53605 19.25007
2020092900 82.46974 18.57286
2020092901 82.42139 17.84976
2020092902 82.3679 17.05145
2020092903 82.34037 16.15542
2020092904 82.27803 15.64373
2020092905 82.20596 15.04723
2020092906 82.1213 14.50583
2020092907 82.02607 14.00145
2020092908 81.93578 13.52489
2020092909 81.83968 13.00556
2020092910 81.74193 12.49404
2020092911 81.64609 11.99012
2020092912 81.60249 11.77698
2020092913 81.59933 11.65351
2020092914 81.55981 11.59125
2020092915 81.57888 10.91324
2020092916 81.59029 10.11885
2020092917 81.59069 9.33188
2020092918 81.60092 8.62128
2020092919 81.6039 7.79974
2020092920 81.61104 7.02593
2020092921 81.61922 6.21206
2020092922 81.62221 5.46592
2020092923 81.62981 4.82147
2020093000 81.64866 4.26445
2020093001 81.6557 3.85199
2020093002 81.7434 3.40372
2020093003 81.78301 2.85796
2020093004 81.77783 2.45896
2020093005 81.77481 2.33021
2020093006 81.74858 2.15563
2020093007 81.73418 1.7469
2020093008 81.73037 1.63676
2020093009 81.72207 1.58573
2020093010 81.71377 1.53462
2020093011 81.70591 1.48398
2020093012 81.69852 1.43582
2020093013 81.69148 1.38899
2020093014 81.68449 1.34635
2020093015 81.67722 1.31036
2020093016 81.58226 1.67679
2020093017 81.49097 1.96684
2020093018 81.4 2.42016
2020093019 81.29934 2.79354
2020093020 81.19986 3.16939
2020093021 81.10111 3.58414
2020093022 81.00594 3.97842
2020093023 80.96369 4.16076
2020100100 80.95677 4.16675
2020100101 80.91202 4.34001
2020100102 80.81709 4.68428
2020100103 80.72261 5.03041
2020100104 80.6288 5.37267
2020100105 80.53562 5.71015
2020100106 80.44368 6.03959
2020100107 80.41493 6.10535
2020100108 80.39877 6.06043
2020100109 80.3453 6.17703
2020100110 80.2378 6.44822
2020100111 80.13365 6.72128
2020100112 80.02585 6.9438
2020100113 79.9178 7.16478
2020100114 79.80747 7.38799
2020100115 79.70199 7.59936
2020100116 79.59233 7.8168
2020100117 79.46082 8.07428
2020100118 79.32717 8.33335
2020100119 79.19519 8.5848
2020100120 79.06389 8.83061
2020100121 78.93016 9.08286
2020100122 78.79823 9.31827
2020100123 78.66527 9.55981
2020100200 78.53251 9.79785
2020100201 78.40841 10.01894
2020100202 78.27766 10.24906
2020100203 78.13305 10.53191
2020100204 78.12984 11.00645
2020100205 78.12354 11.79261
2020100206 78.11744 12.56706
2020100207 78.11241 13.32736
2020100208 78.17432 14.12339
2020100209 78.23276 14.86226
2020100210 78.26488 15.25361
2020100211 78.26523 15.25473
2020100212 78.26464 15.25362
2020100213 78.266 15.25263
2020100214 78.25954 15.23299
2020100215 78.19991 14.45324
2020100216 78.14967 13.80466
2020100217 78.11185 13.29168
2020100218 78.11843 12.46567
2020100219 78.12596 11.60573
2020100220 78.13102 10.97809
2020100221 78.20738 10.37488
2020100222 78.36096 10.10639
2020100223 78.48853 9.88198
2020100300 78.61188 9.66273
2020100301 78.73883 9.43439
2020100302 78.86876 9.36251
2020100303 78.9829 9.50773
2020100304 79.02097 10.2215
2020100305 79.03251 11.11964
2020100306 78.94971 11.91913
2020100307 78.93584 11.9344
2020100308 78.93574 11.93269
2020100309 78.93602 11.93789
2020100310 78.93589 11.9386
2020100311 78.93611 11.93436
2020100312 78.93617 11.93781
2020100313 78.93593 11.94219
2020100314 78.9355 11.93891
2020100315 78.93549 11.9364
2020100316 78.93596 11.93583
2020100317 78.9361 11.93397
2020100318 78.93576 11.93853
2020100319 78.93565 11.93492
2020100320 78.93623 11.9382
2020100321 78.93638 11.93918
2020100322 78.93649 11.93722
2020100323 78.93633 11.93921
2020100400 78.93591 11.94299
2020100401 78.93603 11.94146
2020100402 78.93559 11.94068
2020100403 78.93557 11.94591
2020100404 78.93564 11.9418
2020100405 78.9359 11.94198
2020100406 78.93623 11.93734
2020100407 78.93581 11.93909
2020100408 78.93566 11.94012
2020100409 78.93557 11.94024
2020100410 78.93538 11.93964
2020100411 78.93537 11.93876
2020100412 78.93493 11.93834
2020100413 78.93576 11.93721
2020100414 78.93614 11.93964
2020100415 79.02252 11.32087
2020100416 79.02848 10.45285
2020100417 78.99672 9.55754
2020100418 78.83692 9.27085
2020100419 78.66659 9.14146
2020100420 78.50401 9.02021
2020100421 78.34409 8.90219
2020100422 78.1866 8.78714
2020100423 78.0218 8.66886
2020100500 77.85336 8.54921
2020100501 77.68336 8.43055
2020100502 77.51376 8.31355
2020100503 77.3448 8.19838
2020100504 77.17539 8.08436
2020100505 77.00067 7.96897
2020100506 76.82493 7.85388
2020100507 76.66007 7.74722
2020100508 76.51679 7.65587
2020100509 76.37798 7.56804
2020100510 76.23764 7.48056
2020100511 76.10075 7.39548
2020100512 75.96436 7.31157
2020100513 75.82248 7.22524
2020100514 75.68233 7.14107
2020100515 75.53672 7.0539
2020100516 75.36767 6.9546
2020100517 75.22523 6.87138
2020100518 75.08875 6.79252
2020100519 74.95121 6.71372
2020100520 74.81158 6.63445
2020100521 74.67123 6.55536
2020100522 74.5306 6.47699
2020100523 74.38936 6.3987
2020100600 74.25068 6.32278
2020100601 74.11215 6.24769
2020100602 73.96901 6.17069
2020100603 73.82623 6.09447
2020100604 73.68452 6.01944
2020100605 73.53902 5.94327
2020100606 73.39388 5.86762
2020100607 73.25317 5.7954
2020100608 73.11104 5.72273
2020100609 72.9738 5.65822
2020100610 72.83353 5.61589
2020100611 72.68827 5.5724
2020100612 72.5492 5.54579
2020100613 72.42856 5.51404
2020100614 72.28886 5.47774
2020100615 72.16489 5.44144
2020100616 72.02308 5.39894
2020100617 71.87969 5.35644
2020100618 71.73537 5.3139
2020100619 71.59451 5.27305
2020100620 71.45366 5.23227
2020100621 71.31239 5.19172
2020100622 71.17055 5.15113
2020100623 71.02696 5.11066
2020100700 70.88544 5.0707
2020100701 70.74792 5.03234
2020100702 70.60493 4.99282
2020100703 70.46213 4.95338
2020100704 70.31934 4.91449
2020100705 70.17981 4.87664
2020100706 70.03213 4.83658
2020100707 69.88851 4.79836
2020100708 69.7455 4.76035
2020100709 69.60549 4.72345
2020100710 69.46273 4.68632
2020100711 69.32104 4.65015
2020100712 69.18012 4.6148
2020100713 69.04074 4.57955
2020100714 68.90255 4.54483
2020100715 68.76132 4.5097
2020100716 68.61547 4.47366
2020100717 68.47396 4.43891
2020100718 68.33507 4.40542
2020100719 68.1948 4.37118
2020100720 68.05573 4.3374
2020100721 67.91745 4.30448
2020100722 67.77665 4.27092
2020100723 67.63155 4.2366
2020100800 67.48486 4.20207
2020100801 67.34301 4.16888
2020100802 67.20052 4.13579
2020100803 67.05738 4.10283
2020100804 66.92013 4.07116
2020100805 66.78171 4.03967
2020100806 66.64523 4.00876
2020100807 66.50825 3.9779
2020100808 66.36839 3.94631
2020100809 66.22373 3.91389
2020100810 66.08105 3.88227
2020100811 65.9421 3.85167
2020100812 65.8039 3.82138
2020100813 65.66874 3.79166
2020100814 65.52835 3.76143
2020100815 65.39078 3.73151
2020100816 65.25465 3.70222
2020100817 65.1143 3.67234
2020100818 64.97087 3.6418
2020100819 64.82689 3.61136
2020100820 64.68231 3.58073
2020100821 64.53907 3.55084
2020100822 64.3991 3.52172
2020100823 64.25964 3.49273
2020100900 64.11882 3.46372
2020100901 63.97809 3.43489
2020100902 63.84017 3.40676
2020100903 63.69751 3.37774
2020100904 63.54877 3.34771
2020100905 63.40327 3.3184
2020100906 63.26505 3.29089
2020100907 63.12137 3.26233
2020100908 62.97998 3.23417
2020100909 62.83888 3.20646
2020100910 62.69514 3.18354
2020100911 62.54975 3.18166
2020100912 62.40798 3.17999
2020100913 62.26353 3.17797
2020100914 62.11913 3.17626
2020100915 61.97174 3.17447
2020100916 61.82346 3.1741
2020100917 61.67948 3.17365
2020100918 61.5388 3.17324
2020100919 61.39613 3.17277
2020100920 61.25358 3.17229
2020100921 61.10948 3.17196
2020100922 60.96456 3.17157
2020100923 60.82117 3.19051
2020101000 60.6782 3.2461
2020101001 60.54292 3.29818
2020101002 60.40792 3.35022
2020101003 60.27191 3.4025
2020101004 60.13065 3.45652
2020101005 59.99733 3.50713
2020101006 59.86301 3.55782
2020101007 59.71938 3.61195
2020101008 59.58228 3.66354
2020101009 59.44161 3.71624
2020101010 59.29876 3.76925
2020101011 59.16246 3.81909
2020101012 59.02245 3.87163
2020101013 58.88658 3.94749
2020101014 58.758 4.05365
2020101015 58.62844 4.16062
2020101016 58.49788 4.26764
2020101017 58.36998 4.37211
2020101018 58.23885 4.47904
2020101019 58.10605 4.58678
2020101020 57.97496 4.69273
2020101021 57.844 4.7983
2020101022 57.71321 4.90321
2020101023 57.58058 5.00921
2020101100 57.44949 5.11367
2020101101 57.31946 5.21696
2020101102 57.18794 5.32106
2020101103 57.05346 5.42698
2020101104 56.91916 5.53253
2020101105 56.78127 5.59947
2020101106 56.65208 5.71519
2020101107 56.51793 5.79299
2020101108 56.38952 5.86704
2020101109 56.25481 5.94457
2020101110 56.12097 6.0212
2020101111 55.98419 6.09929
2020101112 55.84704 6.17738
2020101113 55.71075 6.25473
2020101114 55.57456 6.33176
2020101115 55.43863 6.4083
2020101116 55.30821 6.50222
2020101117 55.18307 6.60637
2020101118 55.06012 6.7084
2020101119 54.93458 6.81231
2020101120 54.80612 6.91821
2020101121 54.67317 7.0275
2020101122 54.54132 7.13551
2020101123 54.40906 7.24359
2020101200 54.2804 7.34823
2020101201 54.15229 7.45162
2020101202 54.03084 7.56408
2020101203 53.90926 7.68643
2020101204 53.83636 8.06298
2020101205 53.66124 8.38689
