,time,MOSAiC t2m obs,MOSAiC 10si obs,CARRA2 forecast t2m,CARRA2 forecast 10si,IFS-FESOM_2t_ctrl,IFS-FESOM_2t_hist,IFS-FESOM_10si_hist,IFS-FESOM_10si_ctrl,CARRA2 analysis t2m,CARRA2 analysis 10si
0,2020-02-01 01:00:00,-11.96459979722222,3.747948831270207,-20.36626281738279,8.233283042907715,-28.66972961425779,-25.87750091552735,4.104598820209503,4.295352712273598,,
1,2020-02-01 02:00:00,-11.746658808333335,1.8325202939744438,-23.846395874023415,10.367530822753906,-28.93749847412107,-26.15849914550779,4.05246576666832,4.060714244842529,,
2,2020-02-01 03:00:00,-15.856160452777777,8.901875374600953,-26.463232421874977,11.863866806030273,-29.396810913085886,-26.568083190917946,4.628848224878311,4.416702091693878,-26.463217163085915,11.66831362451194
3,2020-02-01 04:00:00,-23.342251716666667,14.937513236614675,-26.556646728515602,13.209183692932129,-29.92699279785154,-27.212728881835886,5.96214659512043,5.275437667965889,,
4,2020-02-01 05:00:00,-26.189543986111108,15.935840732357876,-27.83110656738279,14.605021476745605,-30.489424133300787,-28.35552825927735,8.121273152530193,6.680219389498234,,
5,2020-02-01 06:00:00,-28.047573841666672,15.702152075356432,-28.830023193359352,15.513792037963867,-31.239401245117165,-29.787130737304665,10.335812643170357,8.561562567949295,-28.83000793457029,15.26262959674932
6,2020-02-01 07:00:00,-29.536502449999997,15.115745980617875,-28.998480224609352,15.07995891571045,-32.091452026367165,-31.00761260986326,11.767690494656565,10.115172386169434,,
7,2020-02-01 08:00:00,-30.850428955555554,14.621564938158565,-30.13048400878904,13.694134712219238,-32.92107238769529,-32.04746856689451,12.590410307049751,11.34186738729477,,
8,2020-02-01 09:00:00,-32.02734821388889,13.957500827324134,-31.04173889160154,12.728739738464355,-33.727377319335886,-32.97071685791013,12.742213129997252,12.05063571035862,-31.04172363281248,12.618741274171043
9,2020-02-01 10:00:00,-32.46075943333333,13.313491785986171,-31.67174377441404,12.159095764160156,-34.52458801269529,-33.727507019042946,12.331038638949394,12.025187462568285,,
10,2020-02-01 11:00:00,-33.197568775,12.630968748167705,-32.75194396972654,11.360369682312012,-35.21232452392573,-34.22290649414063,11.749121755361555,11.727166503667831,,
11,2020-02-01 12:00:00,-34.032401025000006,11.402712941633638,-33.59129943847654,10.226917266845703,-35.72955932617191,-34.56121673583982,11.266335770487784,11.274135664105415,-33.59128417968748,9.934982978797052
12,2020-02-01 13:00:00,-34.82633735277778,10.633725078123812,-33.01749267578123,9.76321792602539,-36.16020812988279,-34.87698211669917,11.087733969092367,11.008061319589617,,
13,2020-02-01 14:00:00,-35.54564615277778,9.925624168172801,-33.60478820800779,8.866684913635254,-36.552946472167946,-35.18927612304685,10.728282675147057,10.480360090732574,,
14,2020-02-01 15:00:00,-36.504730725,9.288610737556697,-34.5446838378906,7.559877395629883,-36.87702789306638,-35.45195617675779,10.013936892151833,9.689286082983015,-34.54466857910154,7.56376708089374
15,2020-02-01 16:00:00,-37.13250292222222,8.124494272962346,-34.46921386718748,7.589449882507324,-37.13258209228513,-35.66197052001951,9.279243141412737,8.931513130664825,,
16,2020-02-01 17:00:00,-37.595682108333335,7.384350275205541,-35.12644042968748,6.7553510665893555,-37.334410095214764,-35.825827026367165,8.604665070772171,8.25791472196579,,
17,2020-02-01 18:00:00,-37.93636404722222,7.031777453290714,-35.89055480957029,5.727008819580078,-37.50041046142573,-35.95004119873042,7.864270001649857,7.460488140583038,-35.89061584472654,5.843876913218992
18,2020-02-01 19:00:00,-38.00850485277778,6.116654207181725,-35.94925537109373,4.950619220733643,-37.64667358398438,-36.06232299804685,7.213178098201752,6.855041369795799,,
19,2020-02-01 20:00:00,-37.99031401111111,4.675973149972456,-36.72167053222654,3.985161304473877,-37.776525878906256,-36.15821685791013,6.653290301561356,6.217556864023209,,
20,2020-02-01 21:00:00,-38.011918591666664,3.9059073192906717,-37.87088623046873,3.0629336833953857,-37.877706909179665,-36.22761383056638,6.028401404619217,5.581920221447945,-37.87087097167967,3.176121650962159
21,2020-02-01 22:00:00,-38.331688566666664,3.142549314876414,-38.85796203613279,2.3765060901641846,-37.94707336425779,-36.25964202880857,5.345251679420471,4.909546792507172,,
22,2020-02-01 23:00:00,-38.839221063888886,2.819858468536003,-38.28905334472654,1.9489582777023315,-37.98152008056638,-36.20796051025388,4.06346233189106,3.955734014511109,,
23,2020-02-02 00:00:00,-38.28064658611111,2.6524906299456115,-37.00021972656248,1.9985063076019287,-37.94734802246094,-36.08547821044917,3.196175053715706,2.954007923603058,-37.00018920898435,2.049209161865292
24,2020-02-02 01:00:00,-37.38447144444444,2.612026853945132,-35.443014526367165,1.5555405616760254,-37.83178558349607,-35.90052642822266,2.7525602132081985,2.2225000709295277,,
25,2020-02-02 02:00:00,-36.63558034444444,3.0508871129979145,-34.34573974609373,2.261981248855591,-37.67706146240229,-35.69315185546873,2.386203095316887,1.654455468058586,,
26,2020-02-02 03:00:00,-36.235440555555556,3.8075980076826266,-33.84300842285154,2.8197391033172607,-37.52178039550779,-35.414945983886696,2.428711533546448,1.6967241019010544,-33.84299316406248,2.7297566711495165
27,2020-02-02 04:00:00,-35.7218317,4.3574035484772375,-33.16824951171873,3.5419719219207764,-37.34238281249998,-35.089018249511696,3.087376549839973,2.0956213027238846,,
28,2020-02-02 05:00:00,-35.05150032777778,4.829921622786851,-32.66625061035154,4.483081817626953,-37.15851440429685,-34.72502746582029,3.7635316401720047,2.629301816225052,,
29,2020-02-02 06:00:00,-34.14532557222222,5.693691119761951,-32.32932128906248,5.193747520446777,-36.97132720947266,-34.40429534912107,4.539297297596932,3.3909755498170853,-32.329306030273415,5.177148575370666
30,2020-02-02 07:00:00,-33.77459083333333,6.222365528019846,-31.640325927734352,5.866605281829834,-36.80860748291013,-34.131254577636696,5.321993038058281,4.145580142736435,,
31,2020-02-02 08:00:00,-33.37353276666667,6.536960200004142,-31.294683837890602,6.677546977996826,-36.637594604492165,-33.91279449462888,5.871581241488457,4.670070990920067,,
32,2020-02-02 09:00:00,-33.11938108888889,7.38587683153832,-31.049993896484352,6.934447288513184,-36.52073516845701,-33.77668609619138,6.257188841700554,5.051009193062782,-31.04997863769529,6.926789415767416
33,2020-02-02 10:00:00,-32.75618950277778,7.6546976725999265,-31.101324462890602,6.94165563583374,-36.41926422119138,-33.68620910644529,6.68995775282383,5.413689091801643,,
34,2020-02-02 11:00:00,-33.17576183333333,7.242982928579401,-32.07543029785154,5.889034271240234,-36.42039337158198,-33.67369689941401,6.982732445001602,5.807077571749687,,
35,2020-02-02 12:00:00,-33.70784096388889,6.6048931712934165,-33.27934875488279,5.154458999633789,-36.5123352050781,-33.72038879394529,7.1387723833322525,5.942565053701401,-33.27933349609373,4.940052791149356
36,2020-02-02 13:00:00,-33.979125008333334,7.019382525257201,-34.00726928710935,4.730215549468994,-36.5648254394531,-33.76903381347654,7.172597095370293,6.151606306433678,,
37,2020-02-02 14:00:00,-34.16910503888889,6.989043565688424,-34.4758361816406,5.025864601135254,-36.59958496093748,-33.77106323242191,7.396572142839432,6.376631990075111,,
38,2020-02-02 15:00:00,-34.34894325,6.513565278435528,-34.643698120117165,4.927558422088623,-36.60290374755857,-33.76252593994138,7.581565096974373,6.666244804859161,-34.64366760253904,4.721358162991237
39,2020-02-02 16:00:00,-34.735009238888885,5.47221383403221,-34.777120971679665,4.683290958404541,-36.55821838378907,-33.73586883544917,7.747326195240021,6.76495099067688,,
40,2020-02-02 17:00:00,-34.84552423611111,5.415090642478866,-34.62921752929685,4.828855514526367,-36.47376861572266,-33.685079956054665,7.733967006206512,6.824719861149788,,
41,2020-02-02 18:00:00,-34.36749433888889,6.249295131477759,-34.5212463378906,4.618447303771973,-36.35082855224607,-33.57846679687498,7.768578842282295,6.90167248249054,-34.52123107910154,4.490436384963687
42,2020-02-02 19:00:00,-34.05952181944445,6.606408641637455,-33.402548217773415,5.1917901039123535,-36.13184967041013,-33.3826965332031,7.750251054763794,6.8720637410879135,,
43,2020-02-02 20:00:00,-33.62519287222222,7.4615627949833945,-32.29672851562498,6.0460052490234375,-35.90807952880857,-33.11655273437498,7.797980740666389,6.884940102696419,,
44,2020-02-02 21:00:00,-33.120898933333336,8.348624120705551,-31.360006713867165,6.414841651916504,-35.599012756347605,-32.72038879394529,7.8587400913238525,6.72059640288353,-31.34239807128904,6.406932606128976
45,2020-02-02 22:00:00,-32.15545437777778,9.245984008080887,-30.372885131835915,7.147961139678955,-35.059774780273415,-32.19098510742191,7.825354650616646,6.699867859482765,,
46,2020-02-02 23:00:00,-31.67593298611111,9.437089749860197,-29.736410522460915,7.739668846130371,-34.443869018554665,-31.605314636230418,7.765717774629593,6.931795135140419,,
47,2020-02-03 00:00:00,-31.041949141666667,9.198635668723854,-29.01341857910154,7.754871845245361,-33.78012695312498,-30.940092468261696,7.553792595863342,6.732101321220398,-29.03291931152341,7.704079818504397
48,2020-02-03 01:00:00,-30.297854591666667,9.198086974420564,-28.33727111816404,7.877477169036865,-33.09262695312498,-30.10173645019529,7.290347099304199,6.3460497707128525,,
49,2020-02-03 02:00:00,-29.85789432777778,9.131630627648137,-27.670248413085915,7.971385955810547,-32.360617065429665,-29.00464477539063,6.500235706567764,5.6498419642448425,,
50,2020-02-03 03:00:00,-29.099977061111108,9.06123402847006,-26.872152709960915,7.753511428833008,-31.30602874755857,-27.704862976074224,5.495229929685593,4.99661910533905,-26.87213745117185,7.827590399858309
51,2020-02-03 04:00:00,-28.338038119444445,8.67673039791591,-25.97447814941404,7.702058792114258,-30.03698577880857,-26.589308166503884,5.095127627253532,4.690579473972321,,
52,2020-02-03 05:00:00,-27.546915683333328,7.703099069078846,-25.068869018554665,7.31069278717041,-28.924215698242165,-25.57500305175779,5.035310909152031,4.901100188493729,,
53,2020-02-03 06:00:00,-26.024887822222222,7.107533038276141,-24.028219604492165,6.171640872955322,-28.202833557128884,-24.89636077880857,5.382885530591011,5.136620864272118,-24.030157470703102,6.139908696524799
54,2020-02-03 07:00:00,-24.337701322222227,6.4971573225930355,-22.479132080078102,5.379742622375488,-27.694654846191384,-24.511007690429665,5.497986704111099,5.239011749625206,,
55,2020-02-03 08:00:00,-22.101188297222222,5.170081108428406,-20.63774719238279,4.589389324188232,-27.27887573242191,-24.205786132812477,5.316785484552383,5.156764701008797,,
56,2020-02-03 09:00:00,-18.736770975,4.944588689456947,-17.43144836425779,4.462782382965088,-26.88194122314451,-23.89292755126951,5.1740201115608215,4.974719941616058,-17.431433105468727,4.443015496013686
57,2020-02-03 10:00:00,-15.17137302222222,6.573348166232585,-14.706701660156227,6.221600532531738,-26.415411376953102,-23.54888000488279,5.162931025028229,5.1196929812431335,,
58,2020-02-03 11:00:00,-14.998722480555557,7.434375244103804,-15.108923339843727,7.368574619293213,-25.972113037109324,-23.126509094238287,5.561403274536133,5.656140089035034,,
59,2020-02-03 12:00:00,-15.98232608611111,7.950133492098765,-16.185949707031227,8.350322723388672,-25.614271545410134,-22.709921264648386,6.1562559902668,6.03914038836956,-16.185919189453102,8.375848599593155
60,2020-02-03 13:00:00,-16.687708047222223,8.310850332650764,-16.977178955078102,8.387825012207031,-25.476026916503884,-22.570272827148386,6.675344064831734,6.303452342748642,,
61,2020-02-03 14:00:00,-18.045507327777774,7.301613563414459,-18.486029052734352,8.545294761657715,-25.681097412109324,-22.719519042968727,6.992635823786259,6.690341368317604,,
62,2020-02-03 15:00:00,-17.222192936111114,8.7559048400227,-19.51470031738279,8.267773628234863,-26.212255859374977,-23.083799743652293,7.12846314907074,7.005960181355476,-19.514685058593727,8.217142418317962
63,2020-02-03 16:00:00,-17.904977680555557,8.897145542895709,-20.050863647460915,8.195443153381348,-26.79791107177735,-23.59758605957029,7.300480604171753,7.306034289300442,,
64,2020-02-03 17:00:00,-19.05362535277778,8.52375767555594,-20.72960510253904,8.340911865234375,-27.26402130126951,-24.10259094238279,7.439984455704689,7.437175422906876,,
65,2020-02-03 18:00:00,-19.306567875,8.458018570703116,-21.311361694335915,8.519998550415039,-27.61082305908198,-24.46165313720701,7.516048550605774,7.4663993418216705,-21.310186767578102,8.445906516106334
66,2020-02-03 19:00:00,-19.287025744444442,9.10927308725549,-21.711218261718727,8.140402793884277,-27.882910156249977,-24.83262481689451,7.613565400242805,7.488517701625824,,
67,2020-02-03 20:00:00,-19.460628163888888,8.351147003493276,-22.069967651367165,7.931050777435303,-28.137670898437477,-25.205763244628884,7.668892115354538,7.533784493803978,,
68,2020-02-03 21:00:00,-19.300399022222223,8.588504658658612,-22.274420166015602,7.9214982986450195,-28.35876312255857,-25.464025878906256,7.799932390451431,7.58657443523407,-22.274252319335915,7.831811973068397
69,2020-02-03 22:00:00,-19.776529869444445,8.80748123806462,-22.04320373535154,7.457947731018066,-28.562765502929665,-25.694296264648386,7.806560575962067,7.565625891089439,,
70,2020-02-03 23:00:00,-20.33319646944444,9.497848729125659,-22.125463867187477,7.835051536560059,-28.75291290283198,-25.925192260742165,7.782853722572327,7.606749057769775,,
71,2020-02-04 00:00:00,-20.545082961111113,9.239984580997977,-23.065710449218727,7.84211540222168,-28.611372375488287,-26.883009338378884,6.813315629959106,6.834725931286812,-22.98522033691404,7.896596598089673
72,2020-02-04 01:00:00,-20.80477471388889,8.437134017940068,-24.340155029296852,7.774852752685547,-28.80292358398438,-27.056227111816384,6.818162068724632,6.782054901123047,,
73,2020-02-04 02:00:00,-21.78331861388889,8.499118522922041,-25.208151245117165,7.149925231933594,-28.91435852050779,-27.15428009033198,6.745196923613548,6.673393353819847,,
74,2020-02-04 03:00:00,-22.51738572222222,8.339057706568923,-25.913732910156227,6.794400691986084,-29.034811401367165,-27.271299743652293,6.691066309809685,6.655901357531548,-26.044577026367165,6.630861005745828
75,2020-02-04 04:00:00,-22.789489125000003,7.533380428331674,-27.79064025878904,6.0812296867370605,-29.285498046874977,-27.533140563964764,6.6806301176548,6.489282637834549,,
76,2020-02-04 05:00:00,-24.028343044444444,6.71002295424309,-29.04277648925779,5.812434673309326,-29.561979675292946,-27.889303588867165,6.6685041934251785,6.403441697359085,,
77,2020-02-04 06:00:00,-25.230857516666664,5.95162681741311,-30.10539855957029,5.322587490081787,-29.779913330078102,-28.160757446289068,6.607951194047928,6.297871232032776,-30.105383300781227,5.072238963795826
78,2020-02-04 07:00:00,-25.894130964484123,6.1218276186996095,-30.904196166992165,5.180871963500977,-29.949858093261696,-28.359777832031227,6.349593549966812,6.128480315208435,,
79,2020-02-04 08:00:00,-26.56320231111111,5.720953906270526,-31.281347656249977,5.198897361755371,-30.076284790039068,-28.495985412597605,6.141687273979187,5.92700731754303,,
80,2020-02-04 09:00:00,-27.399696097222222,5.572755483937297,-31.885702514648415,4.487488746643066,-30.18791046142573,-28.60050811767573,5.74884058535099,5.451956003904343,-31.885687255859352,4.5930426170816645
81,2020-02-04 10:00:00,-27.95580976111111,5.320193307679385,-32.78380432128904,4.115838050842285,-30.289366149902293,-28.696821594238287,5.3609292805194855,5.091369837522507,,
82,2020-02-04 11:00:00,-28.603710694444445,5.2547320840777045,-33.48444213867185,3.962935209274292,-30.39471282958982,-28.78344573974607,5.122289702296257,4.841942399740219,,
83,2020-02-04 12:00:00,-28.61828368333333,5.4498039129338816,-33.944113159179665,3.924412965774536,-30.501837158203102,-28.852560424804665,4.985345706343651,4.893531188368797,-33.9440979003906,3.898567931726575
84,2020-02-04 13:00:00,-28.661807066666668,5.264826884071007,-34.23883666992185,3.6463117599487305,-30.636434936523415,-28.92938079833982,4.90646068751812,4.888291656970978,,
85,2020-02-04 14:00:00,-28.918667952777778,4.6486520863999266,-34.59369506835935,3.5880849361419678,-30.776815795898386,-29.025709533691384,4.789644129574299,4.775479570031166,,
86,2020-02-04 15:00:00,-28.93072268888889,4.767408485169433,-34.901205444335915,3.4795961380004883,-30.885939025878884,-29.12316741943357,4.679985344409943,4.65894715487957,-34.90119018554685,3.3783106909831986
87,2020-02-04 16:00:00,-28.79351615833333,4.679422925070592,-35.26108398437498,3.3862874507904053,-30.97026672363279,-29.178968811035134,4.682322770357132,4.761308193206787,,
88,2020-02-04 17:00:00,-29.282834072222226,4.5100035569171055,-35.308126831054665,3.540280818939209,-31.050062561035134,-29.24084320068357,4.688226938247681,4.735346466302872,,
89,2020-02-04 18:00:00,-29.46086891111111,4.610650726493077,-35.70023193359373,3.0717499256134033,-31.06151428222654,-29.302343749999977,4.695972248911858,4.6584954261779785,-35.717794799804665,3.076098849065602
90,2020-02-04 19:00:00,-29.11106153611111,4.679627268883261,-35.731344604492165,3.343332290649414,-31.014746093749977,-29.299810791015574,4.624045222997665,4.639916226267815,,
91,2020-02-04 20:00:00,-28.24010618888889,4.916619864308763,-35.10874023437498,3.3785393238067627,-31.063391113281227,-29.279150390624977,4.573675632476807,4.688566744327545,,
92,2020-02-04 21:00:00,-28.42566305277778,4.36739924621033,-35.144857788085915,3.2409040927886963,-31.112806701660134,-29.301115417480418,4.707399278879166,4.825927019119263,-35.14484252929685,3.159700905205682
93,2020-02-04 22:00:00,-28.774064683333336,4.420476444728005,-35.62016906738279,3.549938917160034,-31.073774719238287,-29.34422149658198,4.958901807665825,5.303911834955216,,
94,2020-02-04 23:00:00,-28.114575136111114,4.5577809611678815,-35.08673706054685,3.9770429134368896,-31.076429748535134,-29.421697998046852,5.429197579622269,5.777611672878265,,
95,2020-02-05 00:00:00,-28.27689602222222,4.826705094893511,-34.38022460937498,4.297408103942871,-31.269972229003884,-29.596006774902293,5.826432257890701,6.190712869167328,-34.380209350585915,4.102174749888945
96,2020-02-05 01:00:00,-28.05322625833333,5.22475868224213,-34.104757690429665,4.601536273956299,-31.62779083251951,-29.894209289550787,6.030485853552818,6.3795613050460815,,
97,2020-02-05 02:00:00,-27.753639744444442,4.932613989320994,-33.85773315429685,4.672728538513184,-31.899038696289068,-30.161833190917946,6.156491041183472,6.334496393799782,,
98,2020-02-05 03:00:00,-27.70327907222222,4.550588377681867,-33.96416320800779,4.64304780960083,-31.895223999023415,-30.221708679199168,6.201613143086433,6.17485024034977,-33.96414794921873,4.562914745270973
99,2020-02-05 04:00:00,-27.702683322222224,5.099045977792737,-34.40691223144529,5.202939987182617,-31.81725921630857,-30.12291564941401,6.270993068814278,6.325469076633453,,
100,2020-02-05 05:00:00,-26.955801761111108,4.861211852912875,-34.50955810546873,5.5825114250183105,-31.77903594970701,-29.976393127441384,6.294480696320534,6.443945497274399,,
101,2020-02-05 06:00:00,-26.042999833333337,6.31246994598612,-34.88651123046873,5.111928462982178,-31.856153869628884,-29.902388000488287,6.375113308429718,6.490036375820637,-34.886495971679665,5.1184984794817865
102,2020-02-05 07:00:00,-25.24099943888889,6.564617524781741,-35.12167968749998,5.700160980224609,-32.08481445312498,-30.066847229003884,6.705292999744415,6.708992153406143,,
103,2020-02-05 08:00:00,-26.275041666666667,6.334121493537423,-35.1811584472656,5.512575149536133,-32.22063293457029,-30.304342651367165,6.851258829236031,6.749900013208389,,
104,2020-02-05 09:00:00,-27.336254811111107,6.652442968945927,-35.512716674804665,5.296265602111816,-32.10383453369138,-30.277494812011696,6.805551588535309,6.704496040940285,-35.51425781249998,5.210816250997596
105,2020-02-05 10:00:00,-27.895222047222223,6.778938014167362,-36.041342163085915,5.411334037780762,-31.912390136718727,-30.105375671386696,6.760414868593216,6.787365972995758,,
106,2020-02-05 11:00:00,-28.30617533611111,6.372479945350574,-36.11253967285154,5.624416351318359,-31.850187683105446,-29.97588195800779,6.77864433825016,6.813475742936134,,
107,2020-02-05 12:00:00,-28.805999772222226,5.6235721820564235,-36.41013183593748,5.076551914215088,-32.032247924804665,-30.05895080566401,6.946320697665215,6.889933347702026,-36.409872436523415,4.88837197853718
108,2020-02-05 13:00:00,-29.13250635833334,5.33109270886868,-36.46799316406248,5.159832954406738,-32.229498291015574,-30.370916748046852,7.011454731225967,6.7431396171450615,,
109,2020-02-05 14:00:00,-28.487615366666663,5.4962690390744235,-35.17217102050779,5.582560062408447,-32.321745300292946,-30.607092285156256,7.008796334266663,6.776224106550217,,
110,2020-02-05 15:00:00,-27.150823724999995,6.532258000359806,-33.12920227050779,5.759202003479004,-31.963392639160134,-30.28766479492191,7.128945633769035,6.982462361454964,-33.12790527343748,5.604682852426777
111,2020-02-05 16:00:00,-26.281792927777776,7.106313035076552,-31.653417968749977,5.9905171394348145,-31.509580993652293,-29.803678894042946,7.20731520652771,7.043083220720291,,
112,2020-02-05 17:00:00,-26.556363736111113,6.210954761755228,-30.46898498535154,6.2168169021606445,-31.073820495605446,-29.43858184814451,7.168232902884483,6.956729620695114,,
113,2020-02-05 18:00:00,-26.419987733333333,4.930619670583382,-29.686483764648415,5.553303241729736,-30.642118835449168,-29.240805053710943,6.984243109822273,6.751189976930618,-29.686361694335915,5.55735412996728
114,2020-02-05 19:00:00,-26.33091518333333,5.303866291032938,-28.971578979492165,5.169338703155518,-30.22381439208982,-28.907545471191384,6.509035959839821,6.283763647079468,,
115,2020-02-05 20:00:00,-26.78501621111111,4.658706997264728,-28.99809875488279,4.4420671463012695,-29.83960571289063,-28.54271545410154,5.945194110274315,5.852337509393692,,
116,2020-02-05 21:00:00,-28.04056158611111,4.313481629629403,-28.967932128906227,3.826542377471924,-29.708166503906256,-28.322470092773415,5.63049840927124,5.4908307492733,-28.96823730468748,3.6671087705763057
117,2020-02-05 22:00:00,-28.553516169444446,4.67103952269802,-29.87352600097654,3.3852427005767822,-29.86298217773438,-28.292982482910134,5.450652256608009,5.31852862238884,,
118,2020-02-05 23:00:00,-28.714803988888892,4.8100206993992005,-31.232443237304665,2.984680414199829,-30.34013977050779,-28.673643493652293,5.45764634013176,5.374042853713036,,
119,2020-02-06 00:00:00,-28.840251177777777,4.61136204134111,-33.19530334472654,2.4807872772216797,-30.681433105468727,-29.03826751708982,5.641209021210671,5.4413856118917465,-33.19432678222654,2.299586327862926
120,2020-02-06 01:00:00,-28.936089850000002,4.715179593829416,-32.386801147460915,3.2128524780273438,-30.922682189941384,-29.260336303710943,5.535109966993332,5.424372762441635,,
121,2020-02-06 02:00:00,-27.72324489722222,4.843558396974175,-31.796026611328102,3.1049256324768066,-30.98504486083982,-29.45507659912107,5.451505780220032,5.54212760925293,,
122,2020-02-06 03:00:00,-27.055686119444445,4.449163186134981,-32.298605346679665,2.8087284564971924,-30.64409484863279,-29.456388854980418,5.21805614233017,4.988400042057037,-32.298605346679665,2.791743128618691
123,2020-02-06 04:00:00,-27.617953072222225,4.686534949998624,-32.1342834472656,2.5505566596984863,-30.02958526611326,-29.106649780273415,4.52846622467041,4.526089489459992,,
124,2020-02-06 05:00:00,-27.40006063888889,4.549241570103736,-29.549108886718727,3.3773629665374756,-29.343397521972662,-28.497213745117165,4.300758719444275,4.382731005549431,,
125,2020-02-06 06:00:00,-25.70868015555556,4.908998159402589,-27.81731262207029,3.3092541694641113,-28.710417175292946,-27.83262481689451,4.253651902079582,4.290441364049912,-27.81773986816404,3.365296919015236
126,2020-02-06 07:00:00,-23.06933878888889,4.815501177828293,-26.21904602050779,3.801225185394287,-28.20164337158198,-27.236494445800787,4.315253138542175,4.260419487953186,,
127,2020-02-06 08:00:00,-20.083248452777777,5.874557787488844,-24.672735595703102,3.8952794075012207,-27.77258148193357,-26.743544006347605,4.414763614535332,4.348661616444588,,
128,2020-02-06 09:00:00,-19.358698030555555,5.902724984193104,-23.43822326660154,3.3941917419433594,-27.41704406738279,-26.326246643066384,4.551748588681221,4.463801234960556,-23.505148315429665,3.3970967527129687
129,2020-02-06 10:00:00,-19.082117397222223,6.284924303404125,-22.204260253906227,3.7707619667053223,-27.11552276611326,-25.97820892333982,4.751716554164887,4.6714237332344055,,
130,2020-02-06 11:00:00,-19.246634808333337,6.103866264608322,-21.999472045898415,3.6044399738311768,-26.921102905273415,-25.705458068847605,4.940613090991974,4.873377501964569,,
131,2020-02-06 12:00:00,-20.535783280555552,5.611354291157672,-22.901922607421852,3.3051655292510986,-26.84251251220701,-25.57635345458982,5.059843003749847,5.135190486907959,-22.90074768066404,3.2839243959169835
132,2020-02-06 13:00:00,-20.563519647222222,6.032761589409122,-22.61791076660154,4.191573143005371,-26.691229248046852,-25.73003234863279,5.256316244602203,5.360144525766373,,
133,2020-02-06 14:00:00,-20.054517175,6.319794442097709,-22.64763488769529,4.126087665557861,-26.653578186035134,-25.705397033691384,5.326781213283539,5.427377998828888,,
134,2020-02-06 15:00:00,-21.042151425,5.258949276932447,-22.679098510742165,4.008023738861084,-26.650534057617165,-25.676237487792946,5.301205784082413,5.386287972331047,-22.67867126464841,4.299555913719814
135,2020-02-06 16:00:00,-21.072039944444445,4.568827050079194,-22.207174682617165,5.239223480224609,-26.78026428222654,-25.72252502441401,5.360516548156738,5.278482750058174,,
136,2020-02-06 17:00:00,-21.630734530555557,5.529645932182173,-22.31084289550779,4.856522083282471,-26.918241882324224,-25.910650634765574,5.3603595197200775,5.1395536959171295,,
137,2020-02-06 18:00:00,-22.023777966666668,6.164073212420658,-22.424902343749977,4.556480407714844,-27.131552124023415,-26.218458557128884,5.1096948981285095,4.895169675350189,-22.42536010742185,4.735394360963255
138,2020-02-06 19:00:00,-21.95198805,4.560132349863481,-22.263021850585915,4.8577656745910645,-27.395765686035134,-26.507597351074224,4.805944427847862,4.635652244091034,,
139,2020-02-06 20:00:00,-20.874888702777778,5.021004344682729,-22.195761108398415,4.401601791381836,-27.781835937499977,-26.858976745605446,4.537480056285858,4.443363279104233,,
140,2020-02-06 21:00:00,-20.982452055555555,5.115609035983359,-22.310919189453102,4.384949684143066,-28.150175476074224,-27.124960327148386,4.379589393734932,4.288873836398125,-22.310247802734352,4.449538890854456
141,2020-02-06 22:00:00,-22.55191155277778,4.261864226493881,-22.355078124999977,4.4340500831604,-28.358709716796852,-27.332647705078102,4.385029673576355,4.183414399623871,,
142,2020-02-06 23:00:00,-23.686376463888887,3.691658691564395,-22.452124023437477,4.37574577331543,-28.56256713867191,-27.51732482910154,4.423377096652985,4.166969329118729,,
143,2020-02-07 00:00:00,-25.25804616111111,4.309124707118042,-22.629492187499977,4.540698051452637,-28.787374877929665,-27.685942077636696,4.305665284395218,4.114116579294205,-22.62959899902341,4.640137938025873
144,2020-02-07 01:00:00,-26.03192348888889,4.657126669401418,-22.496984863281227,4.148890495300293,-28.972128295898386,-27.805006408691384,4.243022963404656,4.092018842697144,,
145,2020-02-07 02:00:00,-26.790645202777778,4.363474668590608,-22.75871887207029,4.040958404541016,-29.116896057128884,-27.87041320800779,4.331553757190704,4.184555351734161,,
146,2020-02-07 03:00:00,-27.330989886111112,4.314253976055935,-23.141622924804665,4.242194652557373,-29.19341125488279,-28.022238159179665,4.470406010746956,4.259494855999947,-23.140753173828102,4.264775090123294
147,2020-02-07 04:00:00,-28.056298988888887,3.496401824735566,-22.861639404296852,3.9354703426361084,-29.26658477783198,-28.13786926269529,4.519773468375206,4.293584525585175,,
148,2020-02-07 05:00:00,-28.894693227777775,3.5546493053398613,-23.065588378906227,3.481801748275757,-29.434698486328102,-28.263204956054665,4.540044084191322,4.333646446466446,,
149,2020-02-07 06:00:00,-29.15545701111111,3.4027351660077017,-23.92717590332029,2.852069139480591,-29.58666076660154,-28.32676544189451,4.583382308483124,4.376352310180664,-23.926657104492165,2.84643101884285
150,2020-02-07 07:00:00,-29.910020725,3.085770340996842,-23.976156616210915,2.6586222648620605,-29.729452514648386,-28.444105529785134,4.49026283621788,4.33069109916687,,
151,2020-02-07 08:00:00,-30.555059205555555,2.6875930976372104,-24.069357299804665,2.404681921005249,-29.86315002441401,-28.64304962158198,4.313206657767296,4.302312687039375,,
152,2020-02-07 09:00:00,-30.85611311388889,3.0779493935852233,-24.286703491210915,2.5244641304016113,-29.977018737792946,-28.83667602539063,4.202878639101982,4.303672641515732,-24.286642456054665,2.526037990581244
153,2020-02-07 10:00:00,-31.010023766666666,2.7868064352079114,-24.166967773437477,2.4939091205596924,-30.115377807617165,-29.032858276367165,4.114269003272057,4.266628339886665,,
154,2020-02-07 11:00:00,-30.542409513888888,3.2705287888829577,-24.885763549804665,2.3468596935272217,-30.234014892578102,-29.212126159667946,4.117544949054718,4.183702155947685,,
155,2020-02-07 12:00:00,-30.340979658333335,2.373702395478608,-25.835882568359352,2.332606315612793,-30.372686767578102,-29.37541046142573,4.112261310219765,4.113815546035767,-25.835882568359352,2.1969867727020755
156,2020-02-07 13:00:00,-30.79677285,2.652742131093515,-26.02709045410154,2.1969876289367676,-30.508764648437477,-29.531782531738287,3.979906067252159,3.997554615139961,,
157,2020-02-07 14:00:00,-31.32646555833333,2.628362062173555,-26.582006835937477,2.1979734897613525,-30.62473907470701,-29.683752441406256,3.848553866147995,3.93334710597992,,
158,2020-02-07 15:00:00,-31.68677255555555,2.0385598912832044,-27.960394287109352,1.513160228729248,-30.71392669677735,-29.821913146972662,3.845344439148903,3.9481930285692215,-27.958837890624977,1.6000882018415723
159,2020-02-07 16:00:00,-31.850950077777778,1.210928028062377,-29.49205627441404,1.7682722806930542,-30.808981323242165,-29.939848327636696,3.8119747638702393,3.846460998058319,,
160,2020-02-07 17:00:00,-31.763133041666666,2.5191951330561055,-30.619940185546852,1.9440929889678955,-30.903295898437477,-30.070700073242165,3.483645513653755,3.5543369501829147,,
161,2020-02-07 18:00:00,-31.704593091666666,2.4406029114737033,-31.43602600097654,2.342031955718994,-31.002149963378884,-30.210089111328102,3.287834256887436,3.2827740162611008,-31.43761291503904,2.3458547053451184
162,2020-02-07 19:00:00,-32.04831653333333,2.1482635626859925,-32.10663452148435,2.0172317028045654,-31.08758392333982,-30.332228088378884,3.310500279068947,3.28464911878109,,
163,2020-02-07 20:00:00,-32.09656856666667,2.5404451817509117,-33.00798645019529,0.9610705375671387,-31.183691406249977,-30.44969024658198,3.217769607901573,3.2192474603652954,,
164,2020-02-07 21:00:00,-32.134350669444444,2.175249672916078,-33.12091674804685,1.1866611242294312,-31.27953948974607,-30.56816711425779,3.030982732772827,3.0552109628915787,-33.120504760742165,1.1036239312961698
165,2020-02-07 22:00:00,-32.33290923888888,2.4248852162296237,-33.95511474609373,1.6998053789138794,-31.371885681152293,-30.68517913818357,3.0025709867477417,2.961054638028145,,
166,2020-02-07 23:00:00,-32.48002925833334,2.7412004597362327,-34.86057128906248,1.919896125793457,-31.461332702636696,-30.815748596191384,3.0471353232860565,2.911955267190933,,
167,2020-02-08 00:00:00,-32.618262611111106,2.982813892409361,-35.45975341796873,2.072697639465332,-31.570570373535134,-30.956983947753884,2.981707096099853,3.0725249648094177,-35.45975341796873,2.142933803726919
168,2020-02-08 01:00:00,-32.59908013333333,2.043988196161377,-35.540060424804665,2.2139785289764404,-31.70396270751951,-31.083021545410134,3.0713784396648407,3.161708325147629,,
169,2020-02-08 02:00:00,-32.71451953888889,2.796529975870808,-35.78801574707029,2.3215911388397217,-31.821974182128884,-31.20153656005857,3.1199169605970383,3.0871687680482864,,
170,2020-02-08 03:00:00,-32.58509280277778,2.406928002660034,-36.218527221679665,1.4623260498046875,-31.927198791503884,-31.31860198974607,3.1253518611192703,2.9163970351219177,-36.2204650878906,1.5316630320157856
171,2020-02-08 04:00:00,-32.61645915555556,2.126537502158142,-35.72714843749998,1.646138072013855,-32.0365051269531,-31.44077911376951,3.000990718603134,2.9885160624980927,,
172,2020-02-08 05:00:00,-32.263733475,2.662498274516907,-35.899252319335915,2.035306930541992,-32.169584655761696,-31.54862823486326,2.9402986317873,3.0565101951360703,,
173,2020-02-08 06:00:00,-31.895364133333334,3.2543190999625153,-35.96658935546873,2.1530158519744873,-32.276525878906256,-31.652479553222662,3.0173965990543365,3.000114649534225,-35.966574096679665,2.2156270818668418
174,2020-02-08 07:00:00,-31.80652030555555,3.0354615277623567,-35.76244201660154,2.488748550415039,-32.39257659912107,-31.758154296874977,3.0828588157892227,2.8372713774442677,,
175,2020-02-08 08:00:00,-32.08295545,2.7729947664189214,-35.722433471679665,2.3681957721710205,-32.53983917236326,-31.825453186035134,3.163082033395767,2.9990675151348114,,
176,2020-02-08 09:00:00,-31.82884443055556,3.2694423534637864,-35.53154602050779,1.9750813245773315,-32.68275299072266,-31.872167968749977,3.1129511296749115,3.1817401349544525,-35.53168334960935,2.081372276792536
177,2020-02-08 10:00:00,-31.386236699999998,2.549893368752335,-33.65720214843748,1.8926101922988892,-32.71629180908198,-31.888487243652293,3.3131413012743,3.3289367258548737,,
178,2020-02-08 11:00:00,-30.99072462222222,2.8950765330487864,-31.889837646484352,2.1052932739257812,-32.62307586669917,-31.819235229492165,3.649116516113281,3.596361890435219,,
179,2020-02-08 12:00:00,-29.75176414722223,3.4330038300391084,-30.39360656738279,2.2066690921783447,-32.38860168457029,-31.65630187988279,3.710779875516892,3.76228529214859,-30.47661437988279,1.9341415629023688
180,2020-02-08 13:00:00,-28.466724791666667,3.318128068191129,-28.758367919921852,2.785507917404175,-32.09764709472654,-31.456480407714764,3.861298695206642,3.995921164751053,,
181,2020-02-08 14:00:00,-27.13477275833333,3.833872434892855,-27.608007812499977,3.137930393218994,-31.585241699218727,-30.809400939941384,4.053715884685516,4.0684129148721695,,
182,2020-02-08 15:00:00,-25.786214152777774,3.9515394342698165,-26.657568359374977,3.5400664806365967,-31.015653991699168,-30.17089691162107,4.031516090035439,4.140055820345879,-26.658346557617165,3.7236922866432
183,2020-02-08 16:00:00,-24.81836114444445,4.270025337641905,-26.013922119140602,4.217105388641357,-30.516378784179665,-29.68058624267573,4.036606132984161,4.127387180924416,,
184,2020-02-08 17:00:00,-24.777073852777775,4.343428345649905,-25.43627014160154,4.528431415557861,-30.15086975097654,-29.22076263427735,4.161690980195999,4.272535875439644,,
185,2020-02-08 18:00:00,-25.71182370833333,4.704140402289306,-24.891088867187477,4.547408580780029,-29.94615783691401,-28.93022766113279,4.3832648396492,4.41484597325325,-24.89131774902341,4.5826723976642825
186,2020-02-08 19:00:00,-26.128011902777775,4.605899420324508,-24.424902343749977,4.6931538581848145,-29.854383850097605,-28.804785156249977,4.601237520575523,4.635652780532837,,
187,2020-02-08 20:00:00,-26.338519922222222,4.444844806873864,-24.620123291015602,4.798287868499756,-29.83306732177735,-28.81652679443357,4.655773043632507,4.858294472098351,,
188,2020-02-08 21:00:00,-26.104021319444445,4.57049654029786,-24.948019409179665,4.962879180908203,-29.87352600097654,-28.918623352050787,4.687524750828743,4.908162206411362,-24.948645019531227,4.752894991310313
189,2020-02-08 22:00:00,-25.983523580555556,4.895135532507414,-25.100057983398415,4.8065338134765625,-29.965841674804665,-29.00732269287107,4.682649537920952,4.902743145823479,,
190,2020-02-08 23:00:00,-25.931338113888884,5.474720463966697,-25.393331909179665,4.897329330444336,-30.111967468261696,-29.12470092773438,4.787830755114555,4.937486290931702,,
191,2020-02-09 00:00:00,-26.380516099999998,4.662407460977773,-25.925863647460915,4.608011245727539,-30.280790710449168,-29.236471557617165,4.995136231184006,4.983245983719826,-25.925375366210915,4.791159783490002
192,2020-02-09 01:00:00,-26.558506658333332,4.71823807449528,-26.32079162597654,4.79848051071167,-30.417692565917946,-29.329626464843727,5.181552529335022,5.002336874604225,,
193,2020-02-09 02:00:00,-26.377864605555555,5.058567161343995,-26.654272460937477,4.8053998947143555,-30.44890441894529,-29.467008972167946,5.176218003034592,5.063843011856079,,
194,2020-02-09 03:00:00,-26.53630995,5.446676134238872,-27.32414855957029,4.644937038421631,-30.498121643066384,-29.544561767578102,5.144644618034363,5.234483897686005,-27.32445373535154,4.626329433260253
195,2020-02-09 04:00:00,-26.69273191388889,5.649003187508847,-27.67076721191404,4.969576835632324,-30.574110412597605,-29.625868225097605,5.18192857503891,5.399844288825989,,
196,2020-02-09 05:00:00,-27.255638505555556,5.708219892042952,-27.826574707031227,5.006740570068359,-30.68388214111326,-29.750914001464764,5.3147671818733215,5.547822952270508,,
197,2020-02-09 06:00:00,-27.111958730555557,5.971100189905605,-27.968328857421852,4.973616600036621,-30.89489593505857,-29.933630371093727,5.463108479976654,5.680840775370598,-27.9675354003906,4.86007444182178
198,2020-02-09 07:00:00,-27.454518833333328,6.136448824592974,-27.972067260742165,4.799201488494873,-31.167440795898386,-30.15741577148438,5.6636448204517365,5.850903630256653,,
199,2020-02-09 08:00:00,-28.360829844444442,5.573490656257262,-27.857580566406227,5.031091690063477,-31.418905639648386,-30.385023498535134,5.816943258047104,5.987731009721756,,
200,2020-02-09 09:00:00,-29.47111874166667,5.105874547372923,-28.216558837890602,5.279180526733398,-31.68694152832029,-30.633322143554665,5.965678572654724,6.170366615056992,-28.217443847656227,5.168165722629055
201,2020-02-09 10:00:00,-28.925101072222223,6.435303820980605,-29.127523803710915,5.459072589874268,-31.939672851562477,-30.897978210449168,6.092990875244141,6.274442434310913,,
202,2020-02-09 11:00:00,-28.47663706666667,6.7805472456134135,-30.189367675781227,5.462009429931641,-32.19046630859373,-31.180746459960943,6.168306693434715,6.336824551224709,,
203,2020-02-09 12:00:00,-28.96960222222222,6.220735632135869,-31.001547241210915,5.411005020141602,-32.435484313964764,-31.462896728515574,6.167485997080803,6.326627641916275,-31.00153198242185,5.177526027837303
204,2020-02-09 13:00:00,-30.28781299444444,4.958865869759866,-31.414511108398415,5.257007598876953,-32.6126770019531,-31.66416778564451,6.142354369163513,6.324623286724091,,
205,2020-02-09 14:00:00,-30.21142378888889,5.496834445658512,-31.699255371093727,5.464739799499512,-32.73304595947266,-31.781141662597605,6.106680899858475,6.374795153737068,,
206,2020-02-09 15:00:00,-30.18660779722222,5.235100165261163,-32.195211791992165,5.485159397125244,-32.808805847167946,-31.83812561035154,6.182579666376114,6.421197131276131,-32.13304748535154,5.581139044603333
207,2020-02-09 16:00:00,-30.690843394444446,5.19343208027126,-32.2452453613281,5.75619649887085,-32.841085815429665,-31.875700378417946,6.335738927125931,6.529659733176231,,
208,2020-02-09 17:00:00,-30.315591030555556,5.811525071938391,-32.18680419921873,5.905966758728027,-32.841276550292946,-31.844282531738287,6.500312522053719,6.693838253617287,,
209,2020-02-09 18:00:00,-30.079488158333337,6.196705747583789,-32.0888732910156,5.751639366149902,-32.75705566406248,-31.741491699218727,6.52536728978157,6.785006880760193,-32.09020080566404,5.792167550884187
210,2020-02-09 19:00:00,-29.47642821111111,6.815337997159202,-31.65801086425779,5.886780261993408,-32.61877288818357,-31.533712768554665,6.478166356682777,6.754966825246811,,
211,2020-02-09 20:00:00,-29.318062430555557,5.944433678441161,-31.481115722656227,5.4367241859436035,-32.47648468017573,-31.335836791992165,6.459899201989174,6.817023798823357,,
212,2020-02-09 21:00:00,-29.622203286111116,5.482882243103552,-32.786947631835915,4.546908378601074,-32.448202514648386,-31.243917846679665,6.616058632731438,6.637711882591248,-32.78612365722654,4.327654087450355
213,2020-02-09 22:00:00,-29.067405761111107,5.650395483840732,-33.69284667968748,4.311103343963623,-32.28131713867191,-31.172758483886696,6.584816366434097,6.537138402462006,,
214,2020-02-09 23:00:00,-28.510012772222222,5.777195032064654,-33.20445861816404,4.908095359802246,-32.096128845214764,-31.017309570312477,6.5044630616903305,6.469516351819038,,
215,2020-02-10 00:00:00,-27.90306791388889,5.883338388826748,-32.328817749023415,5.055724143981934,-31.843336486816384,-30.784460449218727,6.49705907702446,6.449598520994186,-32.329611206054665,5.049348858534358
216,2020-02-10 01:00:00,-27.171807358333336,6.535568380953097,-31.715856933593727,5.148365497589111,-31.573545837402293,-30.562155151367165,6.471045583486557,6.414255827665329,,
217,2020-02-10 02:00:00,-27.410882525,5.889345027242244,-31.337774658203102,5.180997848510742,-31.33171691894529,-30.39411010742191,6.2893708646297455,6.289479732513428,,
218,2020-02-10 03:00:00,-27.58625053333333,5.565514358392746,-31.269064331054665,4.5642547607421875,-31.149610900878884,-30.246588134765574,6.037400647997856,6.04650416970253,-31.269903564453102,4.593127494648797
219,2020-02-10 04:00:00,-27.274455375000002,5.795166324443137,-30.561254882812477,4.47864294052124,-31.11803283691401,-30.02428283691401,5.788487985730171,5.803930938243866,,
220,2020-02-10 05:00:00,-26.083153380555558,6.007033398687928,-30.091619873046852,4.724040985107422,-31.08941497802735,-29.908514404296852,5.637244984507561,5.685670047998428,,
221,2020-02-10 06:00:00,-25.56552906666667,6.635716894734216,-30.472677612304665,4.216189384460449,-31.029341125488287,-29.853918457031227,5.627971172332764,5.744984820485115,-30.460333251953102,4.275284213304985
222,2020-02-10 07:00:00,-25.47425398333333,6.726644055069044,-31.111776733398415,4.321613311767578,-30.955725097656256,-29.76244201660154,5.771880194544792,5.965761244297028,,
223,2020-02-10 08:00:00,-26.11575965833333,6.426671307168274,-30.45171203613279,4.660327911376953,-30.865850830078102,-29.616217041015574,5.954227358102799,6.159508094191551,,
224,2020-02-10 09:00:00,-26.561773311111107,5.967211090770942,-28.931433105468727,4.46022891998291,-30.70287170410154,-29.389044189453102,6.185833424329758,6.209303200244904,-28.931524658203102,4.465242066886276
225,2020-02-10 10:00:00,-26.03152778611111,6.845741771624451,-27.55473937988279,4.57173490524292,-30.459028625488287,-29.032011413574224,6.411079481244087,6.28704147040844,,
226,2020-02-10 11:00:00,-25.872131019444442,7.0695481947556695,-25.989843749999977,5.245813846588135,-30.095785522460943,-28.69560852050779,6.572388276457787,6.391692399978638,,
227,2020-02-10 12:00:00,-25.668906274999998,7.63822927184365,-24.55290832519529,5.142345905303955,-29.67987670898438,-28.269491577148386,6.658308178186417,6.53367692232132,-24.55248107910154,5.232950645906385
228,2020-02-10 13:00:00,-26.227957,6.876698117505676,-24.14073791503904,5.3202409744262695,-29.244894409179665,-27.870382690429665,6.8378763645887375,6.649697929620743,,
229,2020-02-10 14:00:00,-26.341686469444443,7.562387521733342,-23.689642333984352,6.237407684326172,-29.093420410156256,-27.86321105957029,6.920694217085838,6.864190563559532,,
230,2020-02-10 15:00:00,-26.863285024999996,7.351285871550469,-23.789434814453102,6.60246467590332,-29.460287475585886,-28.23755493164063,7.197960272431374,7.155103623867035,-23.789190673828102,6.637274166685529
231,2020-02-10 16:00:00,-27.329169494444443,7.303120902407952,-24.721090698242165,6.524752140045166,-30.058325195312477,-28.79680480957029,7.338008612394333,7.381231799721718,,
232,2020-02-10 17:00:00,-27.371915980555556,7.599449313233418,-25.65080871582029,6.528744697570801,-30.643202209472662,-29.404333496093727,7.233834683895111,7.207439690828323,,
233,2020-02-10 18:00:00,-27.72696115277778,7.150082947383683,-27.213079833984352,5.686851978302002,-31.227880859374977,-30.010771179199168,6.991842359304428,6.960328876972199,-27.212728881835915,5.694954552513082
234,2020-02-10 19:00:00,-28.436190572222227,7.41405750673703,-28.541265869140602,5.932072162628174,-31.77171936035154,-30.571386718749977,6.665753662586212,6.630734279751778,,
235,2020-02-10 20:00:00,-29.300227699999997,6.721862006987,-30.645239257812477,6.138294696807861,-32.179205322265574,-30.994161987304665,6.7996044754982,6.722364112734795,,
236,2020-02-10 21:00:00,-30.061473925,6.583073466721118,-32.54291381835935,6.056987285614014,-32.49026336669917,-31.29907073974607,6.84551402926445,6.794754311442375,-32.54314270019529,6.187380865216255
237,2020-02-10 22:00:00,-30.822395944444448,6.18471011792452,-33.874594116210915,5.729060649871826,-32.763822937011696,-31.561422729492165,6.792133003473282,6.753943845629692,,
238,2020-02-10 23:00:00,-31.065015069444446,6.310582027066391,-34.69632568359373,5.5888590812683105,-33.048544311523415,-31.80975189208982,6.8421149253845215,6.770507097244263,,
239,2020-02-11 00:00:00,-31.195788597222222,6.518264742747514,-35.410482788085915,5.195594310760498,-33.31664886474607,-32.078817749023415,6.941694214940071,6.942101448774338,-35.411093139648415,5.212034665746614
240,2020-02-11 01:00:00,-31.716239519444446,6.8306733691394905,-35.74364318847654,5.363860607147217,-33.64015045166013,-32.395933532714764,7.0492039024829865,7.09189747273922,,
241,2020-02-11 02:00:00,-32.26641170555556,6.1503081910921145,-36.267660522460915,5.2931084632873535,-33.930075073242165,-32.68603363037107,7.101316928863525,7.141245350241661,,
242,2020-02-11 03:00:00,-32.39638729166666,6.429143094845713,-36.72650756835935,5.225203037261963,-34.151800537109324,-32.91704406738279,7.17411082983017,7.245293736457825,-36.72649230957029,5.2317971753655
243,2020-02-11 04:00:00,-32.292314516666664,6.540311649295481,-36.91728820800779,5.351402282714844,-34.287924194335886,-33.06559600830079,7.011854410171509,7.040373757481575,,
244,2020-02-11 05:00:00,-32.136129394444445,6.266679866271119,-36.99242248535154,5.533571243286133,-34.34503784179685,-33.12141265869138,6.7571731954813,6.821331009268761,,
245,2020-02-11 06:00:00,-31.34210910555556,6.767282553256764,-37.11749877929685,4.899331092834473,-34.39214935302735,-33.17925872802735,6.5052555203437805,6.424988925457001,-37.11748352050779,4.935458176769316
246,2020-02-11 07:00:00,-30.93410104166667,6.53579154858842,-37.17923583984373,4.47902250289917,-34.43932189941401,-33.22643127441401,6.204334571957588,6.147320464253426,,
247,2020-02-11 08:00:00,-31.057639433333332,6.472787559893011,-37.352072143554665,4.456974029541016,-34.462072753906256,-33.25792541503907,6.158635422587395,6.046799898147583,,
248,2020-02-11 09:00:00,-30.918069197222223,6.083429223231328,-37.55174865722654,4.922731876373291,-34.47556152343748,-33.30509796142573,6.395646452903748,6.349453896284103,-37.55173339843748,4.81193662120495
249,2020-02-11 10:00:00,-30.966253547222223,6.348027670149501,-37.341329956054665,5.094293594360352,-34.52670135498042,-33.39483489990229,6.626793324947357,6.593826532363892,,
250,2020-02-11 11:00:00,-30.950076466666673,6.7201746219014185,-37.24956359863279,5.342776298522949,-34.617132568359324,-33.50355377197266,6.742085635662079,6.694641292095184,,
251,2020-02-11 12:00:00,-31.310604538888892,6.76651248769069,-37.39435424804685,5.322092533111572,-34.69220581054685,-33.57283630371094,6.720926880836487,6.620630443096161,-37.39629211425779,5.1982135936268605
252,2020-02-11 13:00:00,-31.843915322222227,6.754895860866757,-37.77780761718748,4.988932132720947,-34.72245635986326,-33.56827392578123,6.615044012665749,6.515707567334175,,
253,2020-02-11 14:00:00,-32.325346591666666,6.565134637182813,-38.10838928222654,5.109766006469727,-34.73161163330079,-33.54276123046873,6.510763198137283,6.435592368245125,,
254,2020-02-11 15:00:00,-32.668431825,6.675305263680099,-38.209005737304665,5.272939682006836,-34.790853881835886,-33.59625091552735,6.6299024522304535,6.576255142688751,-38.2089904785156,5.262451716582291
255,2020-02-11 16:00:00,-32.91532825555556,6.244505940178997,-38.08196105957029,5.402621746063232,-34.89215698242191,-33.70178070068357,6.839012354612351,6.87140965461731,,
256,2020-02-11 17:00:00,-32.998339997222224,6.410389995158751,-38.08035888671873,5.272597312927246,-34.96367492675779,-33.794439697265574,6.657858043909073,6.771853536367416,,
257,2020-02-11 18:00:00,-33.14615148055555,6.361354278223282,-38.045248413085915,5.252840518951416,-34.9737609863281,-33.81907501220701,7.018300950527191,7.236618474125862,-38.04523315429685,5.239266042364761
258,2020-02-11 19:00:00,-33.05352268888888,6.374798599298238,-37.6711486816406,5.279775619506836,-34.90978851318357,-33.766271972656256,7.312801644206047,7.4399134516716,,
259,2020-02-11 20:00:00,-32.73915728888889,6.471694043392378,-37.085836791992165,5.39240837097168,-34.85094299316401,-33.67406311035154,7.53351603448391,7.527072072029114,,
260,2020-02-11 21:00:00,-32.63358887222222,7.0234324729446564,-36.1479553222656,5.801964282989502,-34.78550567626951,-33.5631164550781,7.640923768281937,7.609223559498787,-36.14792480468748,5.8313514149340335
261,2020-02-11 22:00:00,-31.999585047222226,7.545188278788282,-35.23747863769529,6.228048801422119,-34.70389404296873,-33.48342742919917,7.776014864444733,7.655146926641464,,
262,2020-02-11 23:00:00,-31.52583662777778,7.631234803334007,-34.46581115722654,6.367455959320068,-34.59625854492191,-33.400839233398386,7.760998874902725,7.608073323965073,,
263,2020-02-12 00:00:00,-31.693828472222222,7.006689162625524,-33.998312377929665,6.101904392242432,-34.577597045898386,-33.35013427734373,7.663672015070915,7.662488430738449,-33.9982971191406,5.957707291236147
264,2020-02-12 01:00:00,-31.883199497222222,6.477403217827354,-33.92731323242185,6.317943572998047,-34.639181518554665,-33.34587707519529,7.692828491330147,7.730426728725433,,
265,2020-02-12 02:00:00,-31.894922552777775,7.136153159950047,-33.980917358398415,6.166577339172363,-34.70977630615229,-33.37784423828123,7.703144550323486,7.773501813411713,,
266,2020-02-12 03:00:00,-32.13570331388888,7.124577137173458,-34.40680541992185,5.939650535583496,-34.79546966552735,-33.471464538574224,7.608393147587776,7.715269505977631,-34.44388427734373,5.910520870704204
267,2020-02-12 04:00:00,-32.258425052777774,7.08346767144075,-34.39459838867185,6.24307918548584,-34.8980773925781,-33.59155120849607,7.5860153287649155,7.666771546006203,,
268,2020-02-12 05:00:00,-32.414078177777775,7.385494888127069,-34.682028198242165,6.732566833496094,-34.961080932617165,-33.67785491943357,7.734842568635939,7.785769253969192,,
269,2020-02-12 06:00:00,-32.59531858888889,7.821927504581208,-35.082052612304665,6.964915752410889,-34.95652618408198,-33.69924774169917,8.057191550731659,8.04927085340023,-35.08202209472654,6.919506509671919
270,2020-02-12 07:00:00,-32.50592012777778,8.25366583931538,-35.02960815429685,7.226217269897461,-34.896810913085886,-33.64121093749998,8.447845429182053,8.364204674959183,,
271,2020-02-12 08:00:00,-32.46403058055555,8.427330875006223,-35.1628479003906,7.22944450378418,-34.79154052734373,-33.514791870117165,8.7300955504179,8.63484638929367,,
272,2020-02-12 09:00:00,-32.30232828611111,8.890503246929528,-35.02995910644529,7.480221748352051,-34.64399566650388,-33.357572937011696,8.84670090675354,8.839654207229614,-35.02994384765623,7.5882817638339475
273,2020-02-12 10:00:00,-32.23693041111111,8.570701536244675,-34.580770874023415,7.732876300811768,-34.46513214111326,-33.183683776855446,8.943238571286201,8.927571058273315,,
274,2020-02-12 11:00:00,-32.21596225833333,8.50911507433129,-34.38559570312498,8.240650177001953,-34.27025451660154,-32.99467315673829,9.07561731338501,9.020929977297785,,
275,2020-02-12 12:00:00,-32.06353789166668,9.06224606782032,-34.22141113281248,7.582586765289307,-34.06451263427735,-32.78995361328123,9.27753446996212,9.202530950307846,-34.203817749023415,7.560534873337019
276,2020-02-12 13:00:00,-31.71968817777778,8.823669986705273,-33.923666381835915,8.350092887878418,-33.86117401123042,-32.59946289062498,9.491860121488571,9.556794509291649,,
277,2020-02-12 14:00:00,-31.063639238888886,9.342120020873011,-33.56383361816404,8.484912872314453,-33.65868225097654,-32.42709960937498,9.7652590572834,9.848384156823158,,
278,2020-02-12 15:00:00,-30.452947758333337,9.594220717339242,-33.27414550781248,8.606034278869629,-33.463873291015574,-32.25102844238279,9.970620885491371,9.857223622500896,-33.276083374023415,8.541219131206162
279,2020-02-12 16:00:00,-30.112914158333336,9.539511794530855,-32.96422424316404,8.376376152038574,-33.29459991455079,-32.07977905273438,10.000825181603432,9.852351501584051,,
280,2020-02-12 17:00:00,-29.883438233333337,9.366318267367078,-32.4936584472656,8.66237735748291,-33.12095489501951,-31.91820373535154,10.070612400770187,10.003368973731996,,
281,2020-02-12 18:00:00,-29.513386427777778,10.293379042332605,-31.94847717285154,8.951188087463379,-32.94225921630857,-31.753004455566384,10.151319161057472,10.107574820518494,-31.94649353027341,9.07317595020868
282,2020-02-12 19:00:00,-29.16308539722222,10.676591841165694,-31.29387512207029,9.456083297729492,-32.74835815429685,-31.57195892333982,10.269938424229622,10.2125211507082,,
283,2020-02-12 20:00:00,-28.96471418888889,10.326427523857724,-31.178350830078102,9.932190895080566,-32.53380432128907,-31.351843261718727,10.43984617292881,10.30200144648552,,
284,2020-02-12 21:00:00,-28.943336916666667,10.252679084893588,-31.551611328124977,9.435824394226074,-32.33979644775388,-31.155241394042946,10.6117804646492,10.417522385716438,-31.520346069335915,9.340155685553327
285,2020-02-12 22:00:00,-29.05046577222222,10.602559638074583,-32.03142395019529,9.72299861907959,-32.24641265869138,-31.030905151367165,10.736983954906464,10.545133858919144,,
286,2020-02-12 23:00:00,-29.059215658333333,10.621778859479177,-31.974813842773415,10.097318649291992,-32.20220794677735,-30.982878112792946,10.888704717159271,10.725400984287262,,
287,2020-02-13 00:00:00,-29.133978683333336,10.046861825340256,-31.94750061035154,9.729873657226562,-32.1737121582031,-30.95104827880857,10.991235852241516,10.832203775644302,-31.92990722656248,9.436612571123987
288,2020-02-13 01:00:00,-29.209648016666666,10.181305883301063,-32.05899658203123,9.211607933044434,-32.16268005371094,-30.914205932617165,11.01114185154438,10.8361274600029,,
289,2020-02-13 02:00:00,-29.151851752777777,10.70291903137059,-31.965780639648415,8.940277099609375,-32.169760131835886,-30.91483917236326,10.912628561258316,10.8099627494812,,
290,2020-02-13 03:00:00,-29.0448001,11.853205319476608,-31.760504150390602,8.920247077941895,-32.1978820800781,-30.947431945800787,10.839009076356888,10.856857031583786,-31.76048889160154,8.883196966373362
291,2020-02-13 04:00:00,-28.93659546111111,12.2908096285191,-31.046347045898415,9.5314359664917,-32.2686828613281,-31.03912200927735,10.86711685359478,10.931837290525436,,
292,2020-02-13 05:00:00,-28.772809622222223,11.77996918230383,-30.726461791992165,9.561735153198242,-32.36358489990229,-31.16076507568357,10.99151775240898,11.024782240390778,,
293,2020-02-13 06:00:00,-28.702082292592593,10.773508909656734,-30.749243164062477,8.85678482055664,-32.452841186523415,-31.284513854980418,11.099574998021126,11.02675847709179,,
294,2020-02-13 07:00:00,,,-31.312597656249977,8.885303497314453,-32.575956726074224,-31.439901733398386,11.164409846067429,11.078517839312552,,
295,2020-02-13 08:00:00,,,-31.312506103515602,10.197894096374512,-32.70554962158198,-31.611715698242165,11.187404945492744,11.169836461544037,,
296,2020-02-13 09:00:00,-28.891285613271606,11.440281961677421,-31.627691650390602,10.40422248840332,-32.81977691650388,-31.762770080566384,11.206680372357368,11.220727190375328,-31.62767639160154,10.516317967150826
297,2020-02-13 10:00:00,-28.94290645833333,11.480085268149523,-31.44579162597654,10.642064094543457,-32.92341461181638,-31.87346496582029,11.279823705554008,11.168644830584526,,
298,2020-02-13 11:00:00,-29.073731244444446,12.363248329474585,-31.334967041015602,11.11937141418457,-32.97957458496094,-31.945127868652293,11.371238112449646,11.23579417169094,,
299,2020-02-13 12:00:00,-28.987261633333333,12.323915891379954,-31.342611694335915,10.504020690917969,-32.95072021484373,-31.98631896972654,11.487903892993929,11.418961197137833,-31.34258117675779,10.366714484407566
300,2020-02-13 13:00:00,-28.791389438888885,12.30486185136588,-30.947912597656227,11.098199844360352,-32.92755737304685,-31.985296630859324,11.512640357017515,11.550126001238825,,
301,2020-02-13 14:00:00,-28.76921189722222,12.369364469379732,-30.565893554687477,11.69576644897461,-32.87567749023438,-31.962545776367165,11.50287325680256,11.605849727988245,,
302,2020-02-13 15:00:00,-28.629776686111114,12.86459253891123,-30.26402893066404,11.802865982055664,-32.84058990478513,-31.908155822753884,11.53809529542923,11.64111877977848,-30.264013671874977,11.69403596239863
303,2020-02-13 16:00:00,-28.38268773333333,13.110542419168652,-29.766744995117165,12.041735649108887,-32.78459777832029,-31.854223632812477,11.679199546575546,11.627649769186974,,
304,2020-02-13 17:00:00,-27.94392238333333,13.406929285026296,-29.17070617675779,12.189057350158691,-32.64182891845701,-31.682165527343727,11.8706945925951,11.589185506105425,,
305,2020-02-13 18:00:00,-27.181651722222217,13.598775441357162,-28.802282714843727,11.660350799560547,-32.30647125244138,-31.19011535644529,11.94480051100254,11.5217617303133,-28.8022521972656,11.587932763970455
306,2020-02-13 19:00:00,-26.883569816666665,13.059484092111312,-28.27892150878904,11.13614559173584,-31.93823852539063,-30.612738037109324,12.0030277967453,11.391498148441316,,
307,2020-02-13 20:00:00,-26.325614080555553,12.715820667205792,-27.755712890624977,10.570380210876465,-31.243780517578102,-30.02057495117191,12.060078218579292,11.327721267938614,,
308,2020-02-13 21:00:00,-26.063381341666666,11.799193513577995,-27.347052001953102,10.70322322845459,-30.529150390624977,-29.47996368408198,12.053875222802162,11.326043844223022,-27.34703674316404,10.375867234019095
309,2020-02-13 22:00:00,-25.792603063888887,11.393419979728316,-26.530035400390602,10.20645809173584,-29.93273773193357,-28.993681335449168,11.9295374751091,11.32745112478733,,
310,2020-02-13 23:00:00,-25.44049248611111,10.997189613145457,-25.95201721191404,10.037381172180176,-29.38532104492191,-28.40183868408198,11.703078866004944,11.513069033622742,,
311,2020-02-14 00:00:00,-24.743190783333336,10.729663033045531,-25.53917541503904,9.896895408630371,-28.56438293457029,-27.52526702880857,11.113489344716072,11.21002757549286,-25.539160156249977,10.071734945871867
312,2020-02-14 01:00:00,-24.119970266666666,10.279766156602735,-24.93150939941404,9.536478996276855,-28.106390380859324,-26.99449005126951,10.887936234474182,11.141930013895037,,
313,2020-02-14 02:00:00,-23.54965285,9.23517853272016,-24.345404052734352,9.112139701843262,-27.509222412109324,-26.493597412109324,10.578887820243835,10.95143848657608,,
314,2020-02-14 03:00:00,-22.667288775000003,9.15768988205474,-23.794744873046852,9.389701843261719,-26.983610534667946,-25.947042846679665,10.243081495165823,10.558895111083984,-23.79472961425779,9.227557987323962
315,2020-02-14 04:00:00,-21.979277313888886,8.65481239354906,-22.915319824218727,8.55536937713623,-26.371473693847605,-25.424711608886696,9.855542212724686,10.213569566607475,,
316,2020-02-14 05:00:00,-21.922035402777777,7.433278534215126,-22.097723388671852,7.782038688659668,-25.731657409667946,-24.89831390380857,9.492239892482758,9.875171527266502,,
317,2020-02-14 06:00:00,-20.860882755555554,6.75298082814843,-21.359960937499977,7.221499919891357,-24.976576232910134,-24.064474487304665,9.219717264175417,9.605499684810638,-21.422445678710915,7.128535851719789
318,2020-02-14 07:00:00,-20.316777394444443,5.643444977975207,-20.042318725585915,6.092994213104248,-24.19237365722654,-23.159140014648386,8.909733176231384,9.213107272982596,,
319,2020-02-14 08:00:00,-19.651201544444444,4.5884594451164435,-18.900778198242165,5.025320053100586,-23.436117553710943,-22.25640716552735,8.334474891424179,8.758280918002129,,
320,2020-02-14 09:00:00,-19.042862794444446,3.484353069757859,-18.18956604003904,4.238203048706055,-22.677694702148386,-21.368475341796852,8.010102860629559,8.47559079527855,-18.189367675781227,4.146695008530514
321,2020-02-14 10:00:00,-19.36893173333333,1.7804581039633238,-17.107061767578102,3.5837299823760986,-22.030187988281227,-20.58372344970701,7.889410078525543,8.248160034418106,,
322,2020-02-14 11:00:00,-19.48572594166667,1.896509327364204,-16.453466796874977,2.416767120361328,-21.599584960937477,-20.031835937499977,7.875586047768593,7.949692636728287,,
323,2020-02-14 12:00:00,-19.2661203,3.5951335163095504,-16.258703613281227,1.9599740505218506,-21.226759338378884,-19.864714050292946,7.642584070563316,7.568467557430267,-16.512609863281227,1.5749114610953256
324,2020-02-14 13:00:00,-19.613135219444445,3.336787291355255,-16.631018066406227,2.089035749435425,-21.18742980957029,-19.79694213867191,7.350671842694282,7.327888324856758,,
325,2020-02-14 14:00:00,-19.82253545,3.3278304023725203,-17.64501037597654,4.6488800048828125,-21.167524719238287,-19.87401428222654,6.888257965445519,6.757471978664398,,
326,2020-02-14 15:00:00,-20.07274458888889,3.6523100000534305,-20.136907958984352,4.19448709487915,-21.514738464355446,-20.32617034912107,6.198862314224243,6.029336676001549,-20.13689270019529,4.008549788733944
327,2020-02-14 16:00:00,-20.871190447222222,4.22014275368035,-22.880255126953102,3.4608938694000244,-22.205206298828102,-21.017134094238287,5.492637991905212,5.217978619039059,,
328,2020-02-14 17:00:00,-25.215848233333332,3.539445533711443,-24.650579833984352,3.804271697998047,-23.098638916015574,-21.704534912109324,5.0009836703538895,4.706224083900452,,
329,2020-02-14 18:00:00,-28.875231350000004,3.411616154442361,-26.714971923828102,4.294710159301758,-24.06902923583982,-22.448645019531227,4.852084085345268,4.433275923132896,-26.71690979003904,4.322609283961356
330,2020-02-14 19:00:00,-30.314362736111107,3.0282616732156957,-28.541159057617165,3.842466354370117,-25.092901611328102,-23.409780883789068,4.77641074359417,4.413727298378944,,
331,2020-02-14 20:00:00,-31.970893113888888,2.8393300386484808,-29.861471557617165,4.255904674530029,-26.06989135742191,-24.37980499267573,4.675108090043068,4.4097019135952,,
332,2020-02-14 21:00:00,-33.12559731666667,2.883945850343267,-31.58360900878904,3.3283069133758545,-26.938925170898386,-25.32157745361326,4.746733620762825,4.459148794412613,-31.503515624999977,3.3257463717018254
333,2020-02-14 22:00:00,-34.479100916666674,2.751390389424561,-33.03513183593748,2.3970725536346436,-27.712416076660134,-26.24144592285154,4.723112300038338,4.480039998888969,,
334,2020-02-14 23:00:00,-35.234457475,3.5444737572334746,-34.31316223144529,2.0204622745513916,-28.435003662109324,-27.04386749267573,4.632018938660622,4.334492042660713,,
335,2020-02-15 00:00:00,-35.368538908333335,3.6548080630214166,-35.264791870117165,2.1483988761901855,-29.04804077148438,-27.739454650878884,4.542363107204437,4.1339501440525055,-35.2647766113281,2.538000099535566
336,2020-02-15 01:00:00,-36.21356289999999,3.274239353553995,-35.175192260742165,2.2595443725585938,-29.58710327148438,-28.334623718261696,4.3541663736104965,3.9947144985198975,,
337,2020-02-15 02:00:00,-36.32536539444445,3.46786210715829,-34.997640991210915,3.0052833557128906,-30.07725372314451,-28.833593749999977,4.208093881607056,3.8396844565868378,,
338,2020-02-15 03:00:00,-36.549017863888885,3.356534631752837,-35.860128784179665,2.9156107902526855,-30.496183776855446,-29.264234924316384,4.069064021110535,3.730665147304535,-35.8601135253906,3.0374085966032
339,2020-02-15 04:00:00,-36.55874567222222,3.4976104145215516,-35.35785522460935,3.0989601612091064,-30.862020874023415,-29.63251342773438,4.045045360922813,3.6830194741487503,,
340,2020-02-15 05:00:00,-36.62649682777777,3.5483274140213528,-35.65506591796873,3.379920482635498,-31.183546447753884,-29.954420471191384,4.138086751103401,3.7445151060819626,,
341,2020-02-15 06:00:00,-37.41511330000001,3.127961427387557,-36.3436340332031,3.1322572231292725,-31.487326049804665,-30.255705261230418,4.34341961145401,3.9901484698057175,-36.34361877441404,3.450030544539913
342,2020-02-15 07:00:00,-37.90501085277778,2.9839975914267938,-35.851339721679665,3.6426846981048584,-31.79589691162107,-30.54205932617191,4.551970362663269,4.250861629843712,,
343,2020-02-15 08:00:00,-38.12099097777778,3.28446717262759,-35.93950500488279,3.838308095932007,-32.085394287109324,-30.815275573730418,4.665507093071938,4.452819630503655,,
344,2020-02-15 09:00:00,-38.33897006944444,3.2350125750541974,-36.27275695800779,3.412689208984375,-32.369841003417946,-31.09184875488279,4.764651462435722,4.517511546611786,-36.27274169921873,3.712796193838585
345,2020-02-15 10:00:00,-38.39132617777778,3.406925923262212,-36.18854370117185,2.696011543273926,-32.63380279541013,-31.356886291503884,4.816406339406967,4.522415027022362,,
346,2020-02-15 11:00:00,-37.53763744444444,,-36.61520996093748,2.1106038093566895,-32.874235534667946,-31.60521545410154,4.901703357696533,4.575102597475052,,
347,2020-02-15 12:00:00,-37.62672956388889,4.013332632557426,-36.8855041503906,2.2300283908843994,-33.085653686523415,-31.823568725585886,5.025433346629143,4.713936060667038,-36.88548889160154,2.3177502641046885
348,2020-02-15 13:00:00,-37.618260177777785,3.9993008187504278,-35.97028198242185,2.786064863204956,-33.254789733886696,-32.01944580078123,5.089377865195274,4.847311407327652,,
349,2020-02-15 14:00:00,-37.785271658333336,4.371611524294768,-35.50275268554685,3.602879285812378,-33.40025177001951,-32.19388427734373,5.087370604276657,4.963855624198914,,
350,2020-02-15 15:00:00,-37.613994925,4.114714028296478,-35.53021850585935,3.2920196056365967,-33.47016754150388,-32.302877807617165,4.976626425981522,4.945581793785095,-35.53020324707029,3.24542960501276
351,2020-02-15 16:00:00,-37.91657016944445,3.814624235280044,-36.37938537597654,3.359623670578003,-33.48447265624998,-32.37193145751951,4.866999119520187,4.817820131778717,,
352,2020-02-15 17:00:00,-38.32805055,3.5520229839309434,-36.7126525878906,2.7720086574554443,-33.51255645751951,-32.43017425537107,4.931555509567261,4.753166943788528,,
353,2020-02-15 18:00:00,-38.631729074999996,3.994367551881439,-37.06786193847654,3.4917922019958496,-33.555334472656256,-32.47514190673829,5.032865643501282,4.794098377227783,-37.06784667968748,3.7624763367930423
354,2020-02-15 19:00:00,-39.47810744722222,3.059679580344703,-37.31125488281248,3.1853246688842773,-33.6226867675781,-32.55764617919917,5.05458477139473,5.137198060750961,,
355,2020-02-15 20:00:00,-38.88527080555556,3.334447411414844,-37.48039855957029,3.0168819427490234,-33.69990386962888,-32.6783508300781,4.857504338026047,5.148924574255943,,
356,2020-02-15 21:00:00,-38.59639417777778,3.4041494571671564,-37.0549377441406,3.250854730606079,-33.804159545898386,-32.794371032714764,4.685205966234207,4.871838212013245,-37.05492248535154,3.3724634998943657
357,2020-02-15 22:00:00,-38.465978566666664,3.7645374377054783,-36.56632080078123,2.812441825866699,-33.92976226806638,-32.90708770751951,4.48689891397953,4.648632973432541,,
358,2020-02-15 23:00:00,-38.27332633333333,3.5567321770897284,-37.09091796874998,3.1019680500030518,-34.091734313964764,-33.006803894042946,4.157095402479172,4.25969435274601,,
359,2020-02-16 00:00:00,-38.326254175,3.2162802858001274,-37.97350158691404,3.1070823669433594,-34.273649597167946,-33.06522216796873,4.095446228981018,3.90981674194336,-37.97405090332029,3.2765752363484357
360,2020-02-16 01:00:00,-38.96809451111111,3.156386416595884,-37.92125549316404,3.3413853645324707,-34.44981994628907,-33.115393066406256,4.228208750486374,4.170124918222427,,
361,2020-02-16 02:00:00,-39.02800351388888,3.382860288898277,-38.045309448242165,3.1611595153808594,-34.552153015136696,-33.16284790039063,4.292608976364136,4.297300413250923,,
362,2020-02-16 03:00:00,-38.26158608888888,3.2399850879918177,-37.02416076660154,3.2374091148376465,-34.630514526367165,-33.225592041015574,4.304634988307953,4.374746173620224,-37.02414550781248,3.4009969602921046
363,2020-02-16 04:00:00,-38.16311629999999,3.5943677910118352,-35.45578613281248,3.823852777481079,-34.676962280273415,-33.286032104492165,4.223362177610397,4.346003487706184,,
364,2020-02-16 05:00:00,-34.986129713888886,4.022054669621503,-34.505880737304665,3.9029431343078613,-34.69744720458982,-33.327536010742165,4.271771863102913,4.388116866350174,,
365,2020-02-16 06:00:00,-32.00908826944445,3.899729701431259,-33.28868713378904,4.150851726531982,-34.68517150878907,-33.34723510742191,4.302084177732468,4.36417843401432,-33.28867187499998,4.181614051689394
366,2020-02-16 07:00:00,-32.861997800000005,3.793695307260428,-31.964315795898415,4.445871353149414,-34.65437927246094,-33.3448547363281,4.354011178016663,4.338480845093727,,
367,2020-02-16 08:00:00,-33.75773151388889,4.284013911671285,-31.094946289062477,4.381128311157227,-34.62091674804685,-33.32248535156248,4.302987694740295,4.383705496788025,,
368,2020-02-16 09:00:00,-28.835517711111113,5.245967265027612,-30.56145324707029,4.376141548156738,-34.589559936523415,-33.287489318847605,4.3182152062654495,4.496501952409744,-30.561437988281227,4.349031793419272
369,2020-02-16 10:00:00,-27.100747458333334,5.407851567158867,-30.513616943359352,4.691919803619385,-34.566061401367165,-33.23710479736326,4.406043961644173,4.6443381905555725,,
370,2020-02-16 11:00:00,-26.71627015833333,5.0512388719576435,-31.351660156249977,4.213552474975586,-34.545080566406256,-33.168730163574224,4.638337895274162,4.862100973725319,,
371,2020-02-16 12:00:00,-25.9273007,5.101905015633456,-31.624716186523415,4.277750015258789,-34.50033416748042,-33.06350555419917,5.0012930035591125,5.036360830068588,-31.62492980957029,4.403162833012175
372,2020-02-16 13:00:00,-25.68134712777778,5.894507683226766,-30.18797912597654,4.757282257080078,-34.38859405517573,-32.92548980712888,5.225388422608376,5.063456565141678,,
373,2020-02-16 14:00:00,-25.852446311111112,4.773559966294671,-29.168951416015602,4.767093181610107,-34.241636657714764,-32.75730743408198,5.349639363586903,5.117913320660591,,
374,2020-02-16 15:00:00,-25.974661719444445,4.932698377262575,-29.03764953613279,4.45821475982666,-34.10480346679685,-32.60483398437498,5.257507041096687,5.168879970908165,-29.037634277343727,4.517484179203166
375,2020-02-16 16:00:00,-26.043748208333337,3.757290499928287,-29.214636230468727,3.7751429080963135,-34.01549377441401,-32.50131835937498,5.229187995195389,5.308260723948479,,
376,2020-02-16 17:00:00,-26.328443077777777,4.657085091143636,-29.198492431640602,4.222108840942383,-33.96562042236326,-32.407186889648386,5.384960427880287,5.510027259588242,,
377,2020-02-16 18:00:00,-27.582019191666664,4.609536491593137,-29.962973022460915,4.343081951141357,-33.92455902099607,-32.31010284423829,5.598808616399765,5.563500910997391,-29.962774658203102,4.390385072038043
378,2020-02-16 19:00:00,-29.43701819722222,4.898800971557379,-30.137533569335915,4.522373199462891,-33.86405029296873,-32.21728363037107,5.735138535499573,5.592270910739899,,
379,2020-02-16 20:00:00,-28.93372779444444,5.405847937278658,-30.023626708984352,5.0665483474731445,-33.789083862304665,-32.11492004394529,5.827922701835632,5.643844142556191,,
380,2020-02-16 21:00:00,-28.28610542222222,5.530568648303084,-29.924261474609352,5.263579368591309,-33.719931030273415,-31.99407043457029,5.929085060954094,5.708598479628563,-29.923498535156227,5.106031161849387
381,2020-02-16 22:00:00,-28.960596122222224,5.447213590972583,-29.674444580078102,5.1122636795043945,-33.670347595214764,-31.852423095703102,6.00879468023777,5.79834409058094,,
382,2020-02-16 23:00:00,-28.762290505555555,5.663019159927114,-30.397482299804665,5.379730224609375,-33.65551605224607,-31.770391845703102,5.992928981781006,5.8561951369047165,,
383,2020-02-17 00:00:00,-29.211969816666667,5.582767689375356,-31.098471069335915,5.8291802406311035,-33.68405761718748,-31.81335296630857,5.925089463591576,5.740231812000275,-31.09845581054685,5.865357644390315
384,2020-02-17 01:00:00,-28.294726055555557,6.317265646002091,-31.445135498046852,5.930453777313232,-33.74815979003907,-31.93335571289063,5.799509257078171,5.554577350616455,,
385,2020-02-17 02:00:00,-28.298777444444443,6.929743864300364,-32.343099975585915,5.593135356903076,-33.84635772705079,-32.06719055175779,5.67458088696003,5.392766356468201,,
386,2020-02-17 03:00:00,-29.330391616666663,6.7171125656870965,-33.298056030273415,5.50674295425415,-33.95957031249998,-32.179579162597605,5.672415971755981,5.390530228614807,-33.29804077148435,5.548938270207145
387,2020-02-17 04:00:00,-29.83778,7.194079070809938,-33.5728820800781,5.43444299697876,-34.074598693847605,-32.26272430419917,5.79315422475338,5.538729101419449,,
388,2020-02-17 05:00:00,-29.91874247777778,6.821559428690898,-34.05692138671873,5.549783706665039,-34.17744293212888,-32.318739318847605,5.8837848752737045,5.674914643168449,,
389,2020-02-17 06:00:00,-31.258244774999994,5.6983531432800865,-34.39850463867185,5.443022727966309,-34.25694885253907,-32.36840667724607,5.863425552845001,5.744520291686058,-34.39850463867185,5.360249545366969
390,2020-02-17 07:00:00,-32.25838987222223,5.7611348041119586,-34.5362609863281,5.180891990661621,-34.33355560302735,-32.421102905273415,5.774702966213226,5.702132299542427,,
391,2020-02-17 08:00:00,-32.45564307222222,6.130500019991604,-35.029623413085915,5.279052734375,-34.409124755859324,-32.48553314208982,5.682183057069778,5.687907814979553,,
392,2020-02-17 09:00:00,-33.188738419444455,5.717426706310074,-35.30438842773435,5.050589084625244,-34.4793762207031,-32.53828277587888,5.605192705988884,5.692660987377167,-35.30536499023435,4.781935194681864
393,2020-02-17 10:00:00,-33.84176405833333,5.883603084445771,-35.24790039062498,4.579354286193848,-34.54546203613279,-32.571684265136696,5.6061952114105225,5.648909255862236,,
394,2020-02-17 11:00:00,-33.92358875277779,5.853339582910265,-35.49057617187498,4.901797771453857,-34.60503234863279,-32.62140502929685,5.6407176703214645,5.562852039933205,,
395,2020-02-17 12:00:00,-33.77645664166668,5.4854532017579105,-35.53476562499998,4.6564249992370605,-34.62705841064451,-32.63793792724607,5.630778923630714,5.45487168431282,-35.535543823242165,4.5740733880666085
396,2020-02-17 13:00:00,-33.732408061111116,5.010354453808243,-34.481039428710915,4.615964412689209,-34.573179626464764,-32.631071472167946,5.403210982680321,5.3704973757267,,
397,2020-02-17 14:00:00,-33.63829698055555,5.223999282351632,-34.14873352050779,4.635308265686035,-34.48462524414063,-32.60750427246094,5.212738573551178,5.285364240407944,,
398,2020-02-17 15:00:00,-33.70876137777778,4.698169022997191,-33.821737670898415,4.214883804321289,-34.38359680175779,-32.5509094238281,5.116980150341988,5.181494876742363,-33.82066955566404,4.130824685678817
399,2020-02-17 16:00:00,-32.922749647222226,5.5386794825811565,-32.45378723144529,4.890529632568359,-34.26988067626951,-32.447645568847605,5.089108407497406,5.101458117365837,,
400,2020-02-17 17:00:00,-31.09521843611111,6.172315215123917,-31.36125793457029,4.44646692276001,-34.13484802246094,-32.32449951171873,5.090258970856667,5.121810793876648,,
401,2020-02-17 18:00:00,-29.923382447222224,4.932236020891498,-30.553259277343727,4.567066669464111,-34.068449401855446,-32.21532287597654,5.077178567647934,5.104983270168304,-30.553366088867165,4.470046776579693
402,2020-02-17 19:00:00,-28.728100363888895,4.968875756586024,-29.504461669921852,4.2007060050964355,-34.05561676025388,-32.13116302490229,5.063030049204826,5.003222584724426,,
403,2020-02-17 20:00:00,-29.42209201388889,5.3936086335974975,-28.74596252441404,4.605255603790283,-34.04637756347654,-32.093351745605446,4.950574353337288,4.862924069166184,,
404,2020-02-17 21:00:00,-30.5868528,4.660907303881068,-28.451681518554665,4.485796928405762,-33.966276550292946,-32.02346649169917,4.650205031037331,4.594944998621941,-28.45259704589841,4.373186461045407
405,2020-02-17 22:00:00,-30.438111272222226,4.372608098829654,-28.017294311523415,4.206467151641846,-33.85625305175779,-31.95055236816401,4.313453823328018,4.255314528942108,,
406,2020-02-17 23:00:00,-30.259927072222222,4.283297932254944,-27.72814025878904,4.407428741455078,-33.87839355468748,-31.94767608642573,4.024083644151688,3.968993157148361,,
407,2020-02-18 00:00:00,-31.255691341666665,4.153167208861121,-27.422674560546852,4.5628767013549805,-33.892469787597605,-31.90556182861326,3.902669921517372,3.7937141507864,-27.44414367675779,4.553171366307652
408,2020-02-18 01:00:00,-32.12133281388889,4.348143507853713,-26.905859374999977,4.322486877441406,-33.847433471679665,-31.763571166992165,3.922279849648476,3.710504204034805,,
409,2020-02-18 02:00:00,-32.23056590555555,4.488441005114984,-26.295294189453102,4.609669208526611,-33.856466674804665,-31.64062347412107,3.835066720843315,3.678153708577156,,
410,2020-02-18 03:00:00,-32.31401694444445,4.642059980697073,-25.92528381347654,4.96043062210083,-33.910795593261696,-31.561674499511696,3.7569184750318527,3.686041459441185,-25.92526855468748,5.045929887797684
411,2020-02-18 04:00:00,-31.529040766666668,4.445992944647413,-25.294577026367165,4.662809371948242,-34.044859313964764,-31.50445404052735,3.868098214268685,3.787836864590645,,
412,2020-02-18 05:00:00,-30.768134855555555,4.961486464089774,-25.525473022460915,4.6547651290893555,-34.16947021484373,-31.49907531738279,4.2154510617256165,4.108476057648659,,
413,2020-02-18 06:00:00,-29.819694263888888,5.267310606980601,-25.91124572753904,4.693467617034912,-34.192709350585886,-31.56529083251951,4.564361929893494,4.523524984717369,-25.911230468749977,4.7681556138559245
414,2020-02-18 07:00:00,-28.613095144444443,6.098081347439874,-25.979391479492165,4.949665546417236,-34.13410034179685,-31.539991760253884,4.883687928318977,4.805766344070435,,
415,2020-02-18 08:00:00,-25.436377627777777,6.557476996602571,-25.774267578124977,5.43636417388916,-34.01853790283198,-31.38700714111326,5.190539285540581,4.933954894542694,,
416,2020-02-18 09:00:00,-23.976979044444448,7.418576966614544,-24.41045227050779,6.072107315063477,-33.83949127197266,-31.002081298828102,5.440251275897026,5.340272486209869,-24.482702636718727,6.231986769766081
417,2020-02-18 10:00:00,-23.36840684444444,7.495001162385069,-22.546942138671852,7.499899387359619,-33.47069396972654,-30.388746643066384,5.902342692017555,6.132446810603142,,
418,2020-02-18 11:00:00,-22.645156472222222,7.895470549738211,-21.511968994140602,8.343184471130371,-33.05393829345701,-29.89929046630857,6.466679871082306,6.313157498836517,,
419,2020-02-18 12:00:00,-21.360211691666667,8.517171685664705,-20.675543212890602,9.028889656066895,-32.36797943115229,-29.185758972167946,6.896421045064926,6.738181248307228,-20.82787170410154,8.815844283002662
420,2020-02-18 13:00:00,-19.583250625,8.979598418826603,-19.450781249999977,9.021063804626465,-31.559469604492165,-28.45635070800779,7.276319533586502,7.077467322349548,,
421,2020-02-18 14:00:00,-18.513661891666665,8.614506135276699,-18.80205383300779,8.736830711364746,-30.737585449218727,-27.690390014648386,7.656479030847549,7.5655524879693985,,
422,2020-02-18 15:00:00,-17.717855183333338,8.208759361273936,-18.295797729492165,8.747251510620117,-30.012373352050787,-27.007482910156256,7.834975242614746,7.833204656839371,-18.296270751953102,8.788774835295044
423,2020-02-18 16:00:00,-16.766753488888888,7.986135668359146,-17.696264648437477,8.918862342834473,-29.08085479736326,-26.344869995117165,7.843266308307648,7.735840857028961,,
424,2020-02-18 17:00:00,-15.777039969444445,8.790654489131507,-17.323446655273415,8.545034408569336,-28.335478210449168,-25.910368347167946,7.900693625211716,7.653781682252884,,
425,2020-02-18 18:00:00,-14.897591308333332,9.05541055479983,-16.830541992187477,8.496354103088379,-27.58856811523438,-25.42712249755857,7.819097101688385,7.776982694864273,-16.928488159179665,8.648418962489814
426,2020-02-18 19:00:00,-13.848736188888887,9.996543710111316,-15.907324218749977,8.65273380279541,-26.864218139648386,-24.904623413085886,8.008275777101517,8.216702371835709,,
427,2020-02-18 20:00:00,-13.416580447222223,10.776071596761915,-15.120214843749977,8.933212280273438,-26.190275573730418,-24.36157836914063,8.468161135911942,8.497184246778488,,
428,2020-02-18 21:00:00,-13.484337174999999,10.065574930395764,-14.534796142578102,9.435613632202148,-25.593763732910134,-23.69745483398438,8.89267286658287,8.648712381720543,-14.547872924804665,9.430371556140017
429,2020-02-18 22:00:00,-13.283491469444444,9.899886767045508,-13.863623046874977,9.710345268249512,-24.96946563720701,-23.187292480468727,9.271965831518171,8.938573211431503,,
430,2020-02-18 23:00:00,-12.991024244444445,10.045836181173168,-13.530493164062477,10.197134017944336,-24.845259094238287,-22.93366088867191,9.55793783068657,9.461554363369942,,
431,2020-02-19 00:00:00,-13.256845166666666,10.310495225370419,-13.450781249999977,10.611773490905762,-25.375135803222662,-23.383184814453102,9.452757060527802,9.567471370100977,-13.450765991210917,10.701933657983318
432,2020-02-19 01:00:00,-13.946683208333333,10.562640528100923,-13.761999511718727,11.381420135498047,-24.934301757812477,-23.228239440917946,10.025521099567412,9.947326421737673,,
433,2020-02-19 02:00:00,-13.84304306111111,10.533599703867369,-13.722326660156227,11.285475730895996,-24.502340698242165,-23.05242767333982,10.17662800848484,10.060367688536644,,
434,2020-02-19 03:00:00,-13.838174475,11.413533109189393,-13.859045410156227,12.339498519897461,-24.346701049804665,-22.88776245117191,10.846956431865692,10.496163174510002,-13.859045410156227,12.437047381477896
435,2020-02-19 04:00:00,-13.489265622222222,12.13734711634161,-13.754400634765602,12.977849960327148,-24.252523803710943,-22.84520568847654,11.337248742580414,11.109878718852997,,
436,2020-02-19 05:00:00,-13.090908766666667,12.330726285374475,-13.673132324218727,12.848892211914062,-23.74681701660154,-22.680807495117165,11.551131159067154,11.423819690942764,,
437,2020-02-19 06:00:00,-12.741058347222221,12.861151216035259,-13.486151123046852,13.037206649780273,-23.027296447753884,-21.969885253906256,11.559419721364977,11.59467077255249,-13.48613586425779,13.134343767364044
438,2020-02-19 07:00:00,-12.789083872222223,13.725884472661129,-13.082342529296852,13.23459529876709,-22.724142456054665,-21.51049652099607,11.777275756001472,11.850360840559006,,
439,2020-02-19 08:00:00,-12.928612191666666,14.042995478880611,-13.575720214843727,13.291398048400879,-22.87425842285154,-21.42925109863279,11.831535622477531,11.918255992233751,,
440,2020-02-19 09:00:00,-13.303070019444446,14.291454912243886,-14.020147705078102,13.000327110290527,-23.078443908691384,-21.66258087158198,12.016970619559288,11.910282887518406,-14.01036682128904,13.061129936133511
441,2020-02-19 10:00:00,-13.901144569444442,13.853762795813518,-13.815557861328102,12.814452171325684,-22.967169189453102,-21.910002136230418,11.681119695305824,11.479161866009235,,
442,2020-02-19 11:00:00,-14.441174558333335,13.583428759684876,-13.913702392578102,12.627494812011719,-22.632177734374977,-21.757749938964764,11.577370509505272,11.506003707647324,,
443,2020-02-19 12:00:00,-14.63498148611111,13.097266613417668,-13.930883789062477,12.7402982711792,-22.45836486816401,-21.52111663818357,11.70859345793724,11.776356279850006,-13.948461914062475,12.6841769751627
444,2020-02-19 13:00:00,-14.617356666666666,12.660876717115544,-13.286840820312477,12.556256294250488,-22.344137573242165,-21.329801940917946,11.8973770737648,11.928865656256676,,
445,2020-02-19 14:00:00,-14.542678077777778,12.319139919827718,-13.206518554687477,12.326766967773438,-22.15680541992191,-21.199682617187477,11.924892947077751,11.950515910983086,,
446,2020-02-19 15:00:00,-14.350503966666666,12.028262659444087,-13.144018554687477,12.21517562866211,-21.958341979980418,-21.05224456787107,11.875739991664886,11.903287887573242,-13.149847412109352,12.28898788319202
447,2020-02-19 16:00:00,-14.06148338888889,11.556665730478185,-12.633642578124977,12.194498062133789,-21.747595214843727,-20.840910339355446,11.894121900200844,11.76262280344963,,
448,2020-02-19 17:00:00,-13.694918897222221,11.254118431996497,-12.465185546874977,12.184774398803711,-21.493597412109324,-20.588224792480418,11.833123788237572,11.71152350306511,,
449,2020-02-19 18:00:00,-13.383490805555555,11.28098796482329,-12.353918457031227,12.087455749511719,-21.200956726074224,-20.329603576660134,11.67975726723671,11.546092689037325,-12.350012207031227,12.161450701765716
450,2020-02-19 19:00:00,-13.094726247222221,11.489138859417702,-11.790808105468727,11.969354629516602,-20.923246765136696,-20.060171508789068,11.421547025442123,11.393299981951714,,
451,2020-02-19 20:00:00,-12.96028901111111,11.623496611794769,-11.438879394531227,11.832627296447754,-20.636068725585886,-19.800001525878884,11.274581283330916,11.232420176267624,,
452,2020-02-19 21:00:00,-13.14707988611111,11.142694000448282,-11.243994140624977,11.543139457702637,-20.35545959472654,-19.546217346191384,11.1919514387846,11.012862354516985,-11.243978881835917,11.512192865018733
453,2020-02-19 22:00:00,-13.3364718,10.483513963138211,-11.141088867187477,11.14738655090332,-20.10679473876951,-19.33502807617191,11.126598626375198,10.916017934679983,,
454,2020-02-19 23:00:00,-12.747452552777778,10.452099584701113,-10.902258300781227,11.169717788696289,-19.949484252929665,-19.136267089843727,11.157603710889816,10.956730127334597,,
455,2020-02-20 00:00:00,-12.479874711111114,9.880049177718936,-10.498571777343727,10.742026329040527,-19.799322509765574,-18.973966979980418,11.143539711833,11.051297783851624,-10.498541259765602,10.751059283153154
456,2020-02-20 01:00:00,-11.93265658611111,9.815994812179916,-10.222448730468727,10.713899612426758,-19.71141662597654,-18.904264831542946,10.99003081023693,11.007973849773409,,
457,2020-02-20 02:00:00,-11.646717824999998,10.368477005140095,-10.257910156249977,10.875045776367188,-19.610609436035134,-18.78710021972654,10.798283368349075,10.946947619318962,,
458,2020-02-20 03:00:00,-11.567140975000001,10.439093363318678,-10.413305664062477,11.065951347351074,-19.66692199707029,-18.657804870605446,10.726973935961723,10.72564621269703,-10.413305664062475,11.044171789544636
459,2020-02-20 04:00:00,-11.662256605555555,10.3068714411789,-10.036871337890602,10.831525802612305,-19.546049499511696,-18.536589050292946,10.743189245462418,10.66924510896206,,
460,2020-02-20 05:00:00,-11.703040052777778,10.502807897602908,-9.987921142578102,10.70768928527832,-19.36326446533198,-18.324476623535134,10.529924541711807,10.669759094715118,,
461,2020-02-20 06:00:00,-11.838830425,9.752242866559085,-9.982244873046852,10.651000022888184,-19.141943359374977,-18.18937530517573,10.435602724552156,10.46538744866848,-9.98222961425779,10.557453488581814
462,2020-02-20 07:00:00,-11.788106997222222,9.736836879065665,-9.774755859374977,10.241522789001465,-18.967916870117165,-18.06687774658198,10.391881793737411,10.404364585876465,,
463,2020-02-20 08:00:00,-11.801111922222221,9.418233835858382,-9.854162597656227,10.150877952575684,-18.832113647460943,-17.945875549316384,10.47828508913517,10.34531021118164,,
464,2020-02-20 09:00:00,-11.694363952777778,9.608612720503878,-9.867285156249977,10.387665748596191,-18.614775085449168,-17.784185791015574,10.648422628641129,10.32176049053669,-9.888739013671852,10.195545331574976
465,2020-02-20 10:00:00,-11.229693297222225,10.280121239993976,-9.383520507812477,9.967865943908691,-18.286436462402293,-17.568945312499977,10.84629748761654,10.48871961236,,
466,2020-02-20 11:00:00,-11.810507794444442,9.897067532748755,-9.502081298828102,10.275801658630371,-18.054365539550787,-17.34155883789063,11.078413650393486,10.61878214776516,,
467,2020-02-20 12:00:00,-11.368971202777779,10.132815932784071,-9.604772949218727,10.697779655456543,-17.786955261230418,-16.87547149658195,11.31958831846714,10.82939700782299,-9.60576477050779,10.573640469810924
468,2020-02-20 13:00:00,-10.85794548888889,9.816948071506962,-9.312719726562477,10.672739028930664,-17.475553894042946,-16.45634307861326,11.21294517815113,10.782588988542557,,
469,2020-02-20 14:00:00,-9.970311080833332,9.894609878138258,-9.205297851562477,10.89189624786377,-17.281675720214764,-16.225660705566384,10.619637936353683,10.655496925115584,,
470,2020-02-20 15:00:00,-9.907028443333333,10.543531429767011,-9.095800781249977,11.423920631408691,-17.050177001953102,-15.990270996093727,10.009649515151978,10.34170787036419,-9.093817138671852,11.573393522179686
471,2020-02-20 16:00:00,-11.88194291111111,10.02768424266947,-10.377264404296852,11.927474975585938,-17.372946166992165,-16.290365600585915,9.67500713467598,9.805838972330092,,
472,2020-02-20 17:00:00,-12.977947808333333,9.573482831163075,-14.711584472656227,11.429664611816406,-18.494573974609324,-17.39995422363279,9.907032817602158,9.992602050304413,,
473,2020-02-20 18:00:00,-13.087895147222225,8.601668238995307,-17.634466552734352,10.587100982666016,-19.90275421142573,-18.936834716796852,10.075106590986252,9.804904609918594,-17.63445129394529,10.675464631989598
474,2020-02-20 19:00:00,-16.50809533888889,12.33209246881358,-19.245733642578102,10.275822639465332,-21.182325744628884,-20.39763488769529,9.905220836400986,9.885985523462296,,
475,2020-02-20 20:00:00,-19.77290365,11.280987988544638,-20.57933654785154,8.761467933654785,-22.66864624023438,-21.782270812988287,9.904427319765093,9.80100291967392,,
476,2020-02-20 21:00:00,-21.53551988888889,9.694097746851421,-21.648931884765602,8.018815040588379,-23.900717163085886,-22.90684356689451,9.496510416269302,9.208070650696754,-21.64891662597654,7.748156185843982
477,2020-02-20 22:00:00,-21.48444580277778,7.4349077226422535,-21.82140197753904,6.627427577972412,-24.78368225097654,-23.769537353515574,9.240103244781494,8.843534052371979,,
478,2020-02-20 23:00:00,-20.646534105555556,9.042405396504343,-20.805502319335915,7.211486339569092,-25.436407470703102,-24.33025207519529,8.976754546165466,8.791720166802406,,
479,2020-02-21 00:00:00,-19.3244395,10.074898516784742,-19.112524414062477,7.846349239349365,-25.959020996093727,-24.734083557128884,8.984950989484787,8.815216600894928,-19.11250915527341,7.660432476084679
480,2020-02-21 01:00:00,-17.808694344444444,8.999787033292131,-17.648138427734352,8.667084693908691,-26.386915588378884,-25.054335021972662,9.17098844051361,8.93392425775528,,
481,2020-02-21 02:00:00,-17.32977286666667,9.170721395657587,-16.609106445312477,9.41958999633789,-26.67851867675779,-25.277685546874977,9.439791351556778,9.23090037703514,,
482,2020-02-21 03:00:00,-17.073161413888887,9.500404802982093,-16.040106201171852,9.388395309448242,-26.86631622314451,-25.385366821289068,9.604611843824388,9.477130711078644,-16.04009094238279,9.339286087197252
483,2020-02-21 04:00:00,-16.287477294444447,8.587927285090528,-15.320227050781227,8.729999542236328,-26.98113098144529,-25.501997375488287,10.055645987391472,9.753421440720558,,
484,2020-02-21 05:00:00,-17.551010002777776,9.714682114556945,-15.290411376953102,9.191225051879883,-27.08421173095701,-25.734342956542946,10.303957909345629,9.93799775838852,,
485,2020-02-21 06:00:00,-19.054788761111112,8.437210158226927,-16.821752929687477,8.913932800292969,-27.25273742675779,-25.934912109374977,10.457541093230247,10.251030579209328,-16.714300537109352,8.730865131656174
486,2020-02-21 07:00:00,-19.423507311111113,9.270885552609684,-17.25212707519529,8.464764595031738,-27.473905944824224,-26.06842651367191,10.672856375575066,10.379061117768288,,
487,2020-02-21 08:00:00,-20.067664319444443,9.884303652861044,-18.172216796874977,8.607965469360352,-27.671553039550787,-26.19225921630857,10.837927475571632,10.535345181822777,,
488,2020-02-21 09:00:00,-20.416773683333332,9.438057490873744,-17.913717651367165,9.516965866088867,-27.832647705078102,-26.32761993408198,10.98342788219452,10.71620199084282,-17.913702392578102,9.22714657150209
489,2020-02-21 10:00:00,-20.076881397222223,9.798168012225345,-17.93608703613279,9.779092788696289,-27.98065032958982,-26.448507690429665,11.04680460691452,10.82937115430832,,
490,2020-02-21 11:00:00,-19.862919950000002,9.884943893537198,-17.672399902343727,9.724150657653809,-28.092985534667946,-26.559240722656256,11.06775912642479,10.807773604989052,,
491,2020-02-21 12:00:00,-20.14402688611111,9.393283461819033,-17.700521850585915,9.917192459106445,-28.235739135742165,-26.627256774902293,11.1098253428936,10.76025041937828,-17.741522216796852,9.971430157660508
492,2020-02-21 13:00:00,-20.532250022222225,9.087283092550804,-17.605444335937477,10.599660873413086,-28.304037475585886,-26.67394866943357,11.15996155142784,10.752579480409622,,
493,2020-02-21 14:00:00,-20.58604001111111,9.325201018384083,-17.532598876953102,10.881261825561523,-28.304151916503884,-26.636442565917946,11.169725053012373,10.852902874350548,,
494,2020-02-21 15:00:00,-20.30805631388889,10.337698437285729,-17.59551086425779,11.335440635681152,-28.232801818847605,-26.59465637207029,11.244487568736076,11.009092092514038,-17.595495605468727,11.50247560243588
495,2020-02-21 16:00:00,-20.593611880555553,10.752074599361585,-17.652349853515602,11.70512866973877,-28.146925354003884,-26.57213439941401,11.46889454126358,11.237778276205065,,
496,2020-02-21 17:00:00,-20.85141516111111,11.190915923821494,-17.745993041992165,11.627992630004883,-28.071318054199168,-26.573255920410134,11.623951107263563,11.581363022327425,,
497,2020-02-21 18:00:00,-20.61283466388889,12.269053466744934,-17.688513183593727,11.99219036102295,-28.12323608398438,-26.60857238769529,11.735331445932388,11.78121192753315,-17.688497924804665,12.12013194116298
498,2020-02-21 19:00:00,-20.950868655555556,11.859821434414366,-17.411398315429665,12.538802146911621,-28.210791015624977,-26.689169311523415,11.91397786140442,11.942549228668211,,
499,2020-02-21 20:00:00,-21.141682558333333,11.619414971923971,-17.577062988281227,12.189326286315918,-28.27153625488279,-26.78391876220701,12.083405256271362,11.979241386055946,,
500,2020-02-21 21:00:00,-20.779611558333333,12.493169969650866,-17.785925292968727,11.831005096435547,-28.34770812988279,-26.834242248535134,12.155019968748093,11.96219465136528,-17.731222534179665,11.838328145735431
501,2020-02-21 22:00:00,-20.015548155555553,11.846215515719694,-17.589315795898415,11.76245403289795,-28.39714660644529,-26.861334228515574,12.20263358950615,12.050736978650091,,
502,2020-02-21 23:00:00,-19.661139608333333,11.30299463553797,-17.75890197753904,11.410972595214844,-28.404631042480418,-26.865438842773415,12.208477437496184,12.04139904677868,,
503,2020-02-22 00:00:00,-19.670888725,11.129399880408405,-18.100836181640602,11.087603569030762,-28.256994628906256,-26.75077667236326,12.265580028295515,12.022542178630829,-18.100134277343727,11.197014726814814
504,2020-02-22 01:00:00,-19.953715338888887,10.234179180842597,-18.012289428710915,11.279562950134277,-28.29107513427735,-26.730291748046852,12.125209033489227,11.74582351744175,,
505,2020-02-22 02:00:00,-19.979748,10.33882443220009,-18.313970947265602,10.883012771606445,-28.302694702148386,-26.693190002441384,11.915994703769684,11.41917872428894,,
506,2020-02-22 03:00:00,-19.621437138888886,10.130054046706226,-18.934698486328102,10.10317325592041,-28.399038696289068,-26.79070892333982,11.5877233594656,11.040389448404312,-18.935217285156227,10.20913268532604
507,2020-02-22 04:00:00,-19.925151402777775,9.42245220031029,-19.03301086425779,9.508000373840332,-28.57768859863279,-26.874449157714764,11.04800434410572,10.618810176849363,,
508,2020-02-22 05:00:00,-20.465095816666665,8.596871266621768,-19.46837463378904,8.627265930175781,-28.733473205566384,-27.008093261718727,10.460723251104357,10.21123369038105,,
509,2020-02-22 06:00:00,-20.15564743888889,8.427387641121468,-19.65410461425779,8.205999374389648,-28.898970031738287,-27.232237243652293,9.923853397369385,9.832838520407677,-19.636999511718727,8.331188308889978
510,2020-02-22 07:00:00,-19.984559777777775,7.800283230765829,-19.162191772460915,7.998578071594238,-29.06304779052735,-27.443434143066384,9.420302458107471,9.45027293264866,,
511,2020-02-22 08:00:00,-20.479067277777776,7.439127299854558,-19.192663574218727,7.254317760467529,-29.241781616210943,-27.676275634765574,8.862362638115883,8.907532811164856,,
512,2020-02-22 09:00:00,-20.864164916666663,7.419804072240329,-19.601904296874977,7.177250862121582,-29.443304443359324,-27.96703186035154,8.381131291389465,8.324220582842827,-19.601828002929665,6.992643083591247
513,2020-02-22 10:00:00,-21.581700650000002,5.656765399353792,-19.814428710937477,6.969537734985352,-29.662672424316384,-28.203253173828102,7.924788102507591,7.893509268760681,,
514,2020-02-22 11:00:00,-21.075717730555557,5.729676830580139,-19.859808349609352,6.382205963134766,-29.869223022460943,-28.405065917968727,7.547869801521301,7.486898601055145,,
515,2020-02-22 12:00:00,-20.432414241666667,6.163233118872445,-19.822836303710915,6.136245250701904,-30.076200866699168,-28.543669128417946,7.235753238201141,7.11633662879467,-19.82341613769529,6.223908956890227
516,2020-02-22 13:00:00,-20.997661569444446,6.975021200503899,-19.623739624023415,6.407536029815674,-30.264685058593727,-28.733541870117165,6.929010227322578,6.778518363833427,,
517,2020-02-22 14:00:00,-21.736969119444442,5.548313162776271,-20.16454162597654,6.0611748695373535,-30.42326965332029,-28.896147155761696,6.651039689779282,6.532722473144531,,
518,2020-02-22 15:00:00,-22.912108716666665,5.373947256863713,-20.274420166015602,5.668065547943115,-30.548551940917946,-29.032797241210943,6.530313491821289,6.35615898668766,-20.27409973144529,5.721529087400995
519,2020-02-22 16:00:00,-23.555621205555553,5.559263513842642,-20.89513244628904,5.162818908691406,-30.656576538085886,-29.13970031738279,6.4298873245716095,6.237820357084274,,
520,2020-02-22 17:00:00,-21.531883963888887,5.039882288219476,-21.249365234374977,5.70369815826416,-30.760900878906256,-29.21691741943357,6.279505655169487,6.002859219908714,,
521,2020-02-22 18:00:00,-18.115614105555554,5.5507824563826915,-20.800009155273415,5.843128204345703,-30.851499938964764,-29.276144409179665,6.1287886798381805,5.899110838770866,-20.799993896484352,5.876884945551865
522,2020-02-22 19:00:00,-16.731568425000003,6.706675475940134,-20.242086791992165,6.055220127105713,-30.913061523437477,-29.32432403564451,6.1029495149850845,5.832302302122116,,
523,2020-02-22 20:00:00,-16.565990808333336,7.5229144494970415,-20.298651123046852,6.584567546844482,-30.951826477050787,-29.321012878417946,5.975297912955284,5.769461095333099,,
524,2020-02-22 21:00:00,-16.63037969722222,6.152896311195555,-20.503424072265602,6.828314781188965,-30.982740783691384,-29.237211608886696,6.017000570893288,5.972164005041122,-20.50340881347654,6.718419767013984
525,2020-02-22 22:00:00,-16.644251297222223,7.85231688496138,-20.001531982421852,6.799581527709961,-30.916670227050787,-29.20952453613279,6.3437939286232,6.158131122589111,,
526,2020-02-22 23:00:00,-18.010995122222223,6.682555749940561,-19.702902221679665,6.770237922668457,-30.781935119628884,-29.208341979980418,6.643297433853149,6.383232086896896,,
527,2020-02-23 00:00:00,-19.321022802777776,6.035733801617987,-19.712301635742165,6.917796611785889,-30.695516967773415,-29.16874542236326,6.853663057088852,6.7123925387859344,-19.712286376953102,6.967968964483589
528,2020-02-23 01:00:00,-18.307632330555553,7.025816039338661,-20.138815307617165,6.844376564025879,-30.632452392578102,-29.095739746093727,6.829642832279205,6.792321816086769,,
529,2020-02-23 02:00:00,-18.203713752777777,6.492189256578636,-20.024053955078102,6.189248085021973,-30.547438049316384,-28.880537414550787,6.756770059466362,6.733712799847126,,
530,2020-02-23 03:00:00,-17.678632016666665,6.563055124291901,-19.451177978515602,6.681427001953125,-30.381170654296852,-28.611158752441384,6.770481795072556,6.679152727127075,-19.45114746093748,6.660760395170655
531,2020-02-23 04:00:00,-16.901946272222222,7.279954227366614,-19.841146850585915,6.963339805603027,-30.161650085449168,-28.49938812255857,6.810957238078117,6.634251624345779,,
532,2020-02-23 05:00:00,-16.690185225000004,7.548135201129813,-19.934942626953102,6.987679481506348,-30.10185089111326,-28.439115905761696,6.760372996330261,6.599616348743439,,
533,2020-02-23 06:00:00,-16.367455699999997,7.183284445909205,-19.347875976562477,7.30927848815918,-30.103292846679665,-28.27977600097654,6.722351863980293,6.667130216956139,-19.34786071777341,7.33877358189784
534,2020-02-23 07:00:00,-15.81283395833333,7.128335999142233,-19.152716064453102,7.281285285949707,-30.09385528564451,-28.030676269531227,6.840261951088905,6.78709152340889,,
535,2020-02-23 08:00:00,-15.214467625,7.249911046904958,-18.822409057617165,7.487208843231201,-30.011557006835886,-27.889044189453102,7.108771368861198,6.864918902516365,,
536,2020-02-23 09:00:00,-15.376787719444446,7.039683523403471,-18.596105957031227,7.376227378845215,-29.878790283203102,-28.026708984374977,7.250059530138969,6.952580079436302,-18.596090698242165,7.605180862010457
537,2020-02-23 10:00:00,-16.256090830555557,6.650253696187491,-18.035971069335915,7.467710971832275,-29.789694213867165,-28.182516479492165,7.264979958534241,7.098254770040512,,
538,2020-02-23 11:00:00,-15.79104261388889,7.755462738094479,-18.509558105468727,7.378170013427734,-29.82427062988279,-28.35314788818357,7.30417288839817,7.277528941631317,,
539,2020-02-23 12:00:00,-16.562227886111113,8.173351469790072,-19.028234863281227,7.641745090484619,-29.98936309814451,-28.472380065917946,7.325775265693664,7.436373233795166,-19.059469604492165,7.438367270689923
540,2020-02-23 13:00:00,-18.104152580555553,8.530649744688082,-20.373480224609352,8.178277969360352,-30.139425659179665,-28.47363128662107,7.425246149301529,7.493628278374672,,
541,2020-02-23 14:00:00,-18.505165755555556,8.192686955592869,-21.761022949218727,7.631518363952637,-30.238607788085886,-28.479879760742165,7.513862356543541,7.539275094866753,,
542,2020-02-23 15:00:00,-19.233263649999998,8.196021314523053,-22.77965393066404,7.986404895782471,-30.302557373046852,-28.536703491210943,7.74274905025959,7.651500225067139,-22.779638671874977,8.185220686893445
543,2020-02-23 16:00:00,-20.53519863888889,7.750828183939493,-23.07164611816404,8.260120391845703,-30.348478698730418,-28.622862243652293,7.993213936686516,7.74086531996727,,
544,2020-02-23 17:00:00,-21.16685230277778,8.287181170843757,-22.99370422363279,8.482037544250488,-30.429953002929665,-28.703833007812477,8.041315704584122,7.772702753543854,,
545,2020-02-23 18:00:00,-21.770511016666664,8.594647909321516,-23.766882324218727,8.614574432373047,-30.50382843017573,-28.766554260253884,8.102024331688881,7.781557068228722,-23.766867065429665,8.660689073207323
546,2020-02-23 19:00:00,-22.391386683333334,8.554200855041111,-25.084936523437477,8.684149742126465,-30.53388061523438,-28.83690490722654,8.173798695206642,7.802656292915344,,
547,2020-02-23 20:00:00,-22.996173586111112,8.26434666178841,-26.158880615234352,8.569028854370117,-30.577848815917946,-28.930517578124977,8.325448602437973,7.97965744137764,,
548,2020-02-23 21:00:00,-23.316235716666668,8.225842151407003,-27.019049072265602,8.84299373626709,-30.642980957031227,-29.036657714843727,8.555477052927017,8.350293606519699,-26.98192443847654,8.677441616542637
549,2020-02-23 22:00:00,-23.360433925,8.573262413076783,-27.29552307128904,8.938369750976562,-30.704008483886696,-29.13983764648438,8.782183781266212,8.606247216463089,,
550,2020-02-23 23:00:00,-23.648262899999995,8.473679145601842,-27.51286926269529,9.029889106750488,-30.724890136718727,-29.20299377441401,8.906615689396858,8.742267608642578,,
551,2020-02-24 00:00:00,-24.12843526111111,9.250917335798382,-27.73662414550779,9.198343276977539,-30.598532104492165,-29.20628204345701,9.113173708319664,8.902148842811584,-27.705358886718727,9.164823035651352
552,2020-02-24 01:00:00,-24.592551241666666,9.791209037833008,-27.676596069335915,9.095624923706055,-30.495321655273415,-29.168402099609324,9.349564015865326,9.127846330404282,,
553,2020-02-24 02:00:00,-25.192449538888884,10.08340203362293,-27.922994995117165,9.413492202758789,-30.385870361328102,-29.10002746582029,9.449419632554054,9.31753796339035,,
554,2020-02-24 03:00:00,-25.72022203055556,9.700522021447846,-28.182455444335915,9.724313735961914,-30.22697296142573,-28.988096618652293,9.57399596273899,9.494436740875244,-28.15119018554685,9.512084460351616
555,2020-02-24 04:00:00,-26.030340149999997,9.957482726537537,-28.181829833984352,9.731802940368652,-30.03588714599607,-28.84020843505857,9.796877041459084,9.658149614930151,,
556,2020-02-24 05:00:00,-25.937418302777782,10.476352846319111,-28.323507690429665,9.644505500793457,-29.88225402832029,-28.678976440429665,10.057740986347198,9.921241521835327,,
557,2020-02-24 06:00:00,-25.327338180555557,11.052466900049021,-27.795721435546852,9.989742279052734,-29.752233886718727,-28.486296081542946,10.383394211530684,10.292623788118362,-27.81328430175779,9.932978759577964
558,2020-02-24 07:00:00,-24.74347709722222,11.550220465696592,-26.608190917968727,10.580236434936523,-29.59648742675779,-28.260076904296852,10.73779322206974,10.578209206461906,,
559,2020-02-24 08:00:00,-24.477217827777775,12.241368043467311,-25.976705932617165,10.868818283081055,-29.31493225097654,-27.910116577148386,11.00039279460907,10.780030205845833,,
560,2020-02-24 09:00:00,-24.32070782222222,12.044724591300985,-25.60777893066404,11.014243125915527,-29.02721252441401,-27.47373809814451,11.166404098272324,10.91765519976616,-25.635107421874977,10.99889483768493
561,2020-02-24 10:00:00,-24.08091435277778,12.83468572704413,-24.939901733398415,11.155136108398438,-28.786528015136696,-27.24877014160154,11.26928088068962,10.97285383939743,,
562,2020-02-24 11:00:00,-23.829499075,13.419718660389508,-24.367559814453102,11.25246810913086,-28.529631042480418,-27.05467071533198,11.320252373814585,11.009413063526154,,
563,2020-02-24 12:00:00,-23.772435452777774,13.16668656985361,-24.021994018554665,11.417731285095215,-28.264738464355446,-26.861303710937477,11.42408698797226,11.071162857115269,-24.02196350097654,11.460134406166617
564,2020-02-24 13:00:00,-23.768070455555556,13.052209669780082,-23.55547180175779,11.719501495361328,-28.000936889648386,-26.698057556152293,11.542656987905502,11.223136499524117,,
565,2020-02-24 14:00:00,-23.694964352777777,12.770520182061416,-23.543798828124977,11.701913833618164,-27.727011108398386,-26.49096527099607,11.689060881733894,11.393464118242264,,
566,2020-02-24 15:00:00,-23.67845069166667,12.922135643538253,-23.629858398437477,11.75305461883545,-27.494223022460943,-26.299581909179665,11.772823870182036,11.525820270180702,-23.629827880859352,11.972012505138991
567,2020-02-24 16:00:00,-23.493357588888887,12.779426042106477,-23.448980712890602,11.627571105957031,-27.336798095703102,-26.16941680908198,11.773128151893616,11.505854099988936,,
568,2020-02-24 17:00:00,-23.271102391666663,12.509479072331741,-23.230749511718727,11.786367416381836,-27.237738037109324,-26.063078308105446,11.755172654986382,11.55642294883728,,
569,2020-02-24 18:00:00,-22.928216341666666,12.624710175583255,-22.905126953124977,12.043182373046875,-27.052397155761696,-25.962423706054665,11.77314978837967,11.639923363924026,-22.950033569335915,12.012774371018168
570,2020-02-24 19:00:00,-22.54771566388889,12.683421375839243,-22.359228515624977,11.962048530578613,-26.84221496582029,-25.831251525878884,11.819779857993126,11.601970449090004,,
571,2020-02-24 20:00:00,-21.959174847222226,12.785533122485985,-21.993917846679665,12.178603172302246,-26.632627868652293,-25.701307678222662,11.824885308742523,11.661440208554268,,
572,2020-02-24 21:00:00,-21.746847325,12.899089291159987,-21.950231933593727,12.269728660583496,-26.439733886718727,-25.490835571289068,11.95100399851799,11.828373983502388,-22.004904174804665,11.763701965333894
573,2020-02-24 22:00:00,-21.917703594444443,13.265270769147534,-21.743139648437477,11.814311027526855,-26.30692901611326,-25.344747924804665,11.996142730116844,11.839797765016556,,
574,2020-02-24 23:00:00,-22.111280555555556,13.376119139314127,-21.70128479003904,11.973475456237793,-26.212194824218727,-25.29956665039063,11.274097830057144,11.88834536075592,,
575,2020-02-25 00:00:00,-22.523505874999998,12.939973253745462,-21.639974975585915,11.97225284576416,-25.49816741943357,-24.89770355224607,10.283901140093803,12.25295913219452,-21.63995971679685,11.905051882262342
576,2020-02-25 01:00:00,-22.369170558333334,13.219061332068508,-21.38213195800779,11.7343111038208,-25.61411895751951,-24.837927246093727,10.260187149047852,12.21622896194458,,
577,2020-02-25 02:00:00,-21.97665975,13.075810426137272,-21.107763671874977,12.148676872253418,-25.608068847656256,-24.801046752929665,10.488484010100365,12.183388754725456,,
578,2020-02-25 03:00:00,-21.687025897222224,13.323100605090017,-20.955419921874977,12.26149845123291,-25.549391174316384,-24.77415313720701,10.679997742176056,11.249395430088043,-20.955404663085915,12.150033646612428
579,2020-02-25 04:00:00,-21.32931002777778,12.891754090689547,-20.436743164062477,12.158729553222656,-25.560453796386696,-24.784979248046852,10.79337638616562,11.001321867108343,,
580,2020-02-25 05:00:00,-20.485880913888888,12.596549831928074,-20.383505249023415,12.437477111816406,-25.665472412109324,-24.777861022949168,10.666269317269323,10.58438965678215,,
581,2020-02-25 06:00:00,-20.554174524999997,13.030530698189102,-20.543768310546852,12.067997932434082,-25.77007904052735,-24.90128936767573,10.697039231657982,10.50277015566826,-20.543737792968727,12.078144205966964
582,2020-02-25 07:00:00,-21.078482205555556,12.8097140653866,-20.31242980957029,12.058207511901855,-25.865736389160134,-25.030371093749977,10.763444140553474,12.093010172247888,,
583,2020-02-25 08:00:00,-20.796041894444443,12.92605800166245,-21.053808593749977,12.281954765319824,-26.06401672363279,-25.02140655517573,11.43573972582817,12.22486451268196,,
584,2020-02-25 09:00:00,-21.03624663333333,13.162795170803841,-21.91564025878904,11.971349716186523,-26.347914123535134,-25.256117248535134,12.043442025780678,12.028981745243073,-21.871969604492165,12.203513193904657
585,2020-02-25 10:00:00,-22.13371010277778,12.076760193970399,-22.38152160644529,11.974146842956543,-26.508413696289068,-25.475119018554665,11.818235248327255,11.857877850532532,,
586,2020-02-25 11:00:00,-22.51351594444444,11.896639036145823,-23.278356933593727,11.808293342590332,-26.76836242675779,-25.65012969970701,11.558358013629912,11.711162015795708,,
587,2020-02-25 12:00:00,-22.748423236111112,11.805621342616634,-24.175268554687477,11.550017356872559,-27.029028320312477,-25.84617462158198,11.39341440796852,11.51034490764141,-24.13619079589841,11.65985829278361
588,2020-02-25 13:00:00,-23.318612927777778,11.592586525960746,-24.434027099609352,11.34175968170166,-27.216276550292946,-26.056410217285134,11.37678076326847,11.323167100548744,,
589,2020-02-25 14:00:00,-23.5708652,11.3951682888654,-25.019430541992165,10.920687675476074,-27.32067718505857,-26.239782714843727,11.37397849559784,11.208527252078056,,
590,2020-02-25 15:00:00,-23.831930941666666,11.240524314334733,-25.588400268554665,10.888411521911621,-27.398283386230418,-26.333799743652293,11.223436176776886,11.182028412818909,-25.5473693847656,10.91786225454416
591,2020-02-25 16:00:00,-23.995919919444447,10.953332420175522,-26.044714355468727,10.507261276245117,-27.468527221679665,-26.359762573242165,11.089588776230812,11.131756886839868,,
592,2020-02-25 17:00:00,-24.117741983333335,11.242782942811054,-26.503576660156227,10.115880966186523,-27.56870880126951,-26.400015258789068,11.019330501556396,11.099587440490724,,
593,2020-02-25 18:00:00,-24.360270805555558,11.01553919130526,-26.613195800781227,10.195735931396484,-27.691137695312477,-26.486334228515574,11.026555597782137,11.07890886068344,-26.622946166992165,10.071961926587392
594,2020-02-25 19:00:00,-24.760357316666667,11.22193248080527,-26.59178771972654,10.135351181030273,-27.779562377929665,-26.593763732910134,11.050028264522552,11.006723195314407,,
595,2020-02-25 20:00:00,-24.998308805555556,11.17507806402255,-26.768682861328102,10.425910949707031,-27.79900207519529,-26.687879943847605,11.03572803735733,10.855876922607422,,
596,2020-02-25 21:00:00,-25.296179533333333,10.785941369301229,-27.128927612304665,10.303964614868164,-27.76097717285154,-26.76353302001951,10.938567847013474,10.721764639019966,-27.1601623535156,10.22507069504354
597,2020-02-25 22:00:00,-25.594243133333336,10.49531726915618,-27.936773681640602,9.4971284866333,-27.72026672363279,-26.804396057128884,10.86540061235428,10.718230992555618,,
598,2020-02-25 23:00:00,-25.688768958333338,10.170568308225057,-28.27507629394529,9.60927963256836,-27.703588867187477,-26.79547729492191,10.898176178336143,10.73337672650814,,
599,2020-02-26 00:00:00,-25.699595930555557,10.315719930050008,-28.429586791992165,9.666418075561523,-27.689718627929665,-26.757780456542946,10.865266099572182,10.671730145812036,-28.474493408203102,9.412819646880962
600,2020-02-26 01:00:00,-25.83401577777778,9.9771555810088,-28.336676025390602,9.047261238098145,-27.685156249999977,-26.732435607910134,10.64054211974144,10.550564512610435,,
601,2020-02-26 02:00:00,-26.086357122222225,8.953630326975023,-28.100866699218727,9.32507610321045,-27.71782531738279,-26.758398437499977,10.28782445192337,10.366181343793867,,
602,2020-02-26 03:00:00,-26.248008658333333,9.451757750853899,-27.857565307617165,9.089125633239746,-27.75591888427735,-26.834143066406256,10.079856842756271,10.133203253149986,-27.821386718749977,8.957726668566465
603,2020-02-26 04:00:00,-26.318074902777777,9.051159579487843,-27.92461242675779,8.731110572814941,-27.777182006835886,-26.914587402343727,9.98526531457901,9.955874502658844,,
604,2020-02-26 05:00:00,-26.422079038888892,9.327197754612177,-28.16832580566404,8.761828422546387,-27.777624511718727,-26.98594512939451,9.890897184610369,9.898557633161545,,
605,2020-02-26 06:00:00,-26.392870527777777,9.678175710177593,-28.341207885742165,8.755444526672363,-27.777777099609324,-27.06083526611326,9.741734832525252,9.81865268945694,-28.341192626953102,8.745313858846202
606,2020-02-26 07:00:00,-26.38507315,9.355987188924543,-28.45213928222654,8.516584396362305,-27.801657104492165,-27.14573516845701,9.50898878276348,9.686694115400314,,
607,2020-02-26 08:00:00,-26.181789688888884,9.085554937953168,-28.78960266113279,8.482136726379395,-27.880651855468727,-27.23515167236326,9.261218711733818,9.612511202692986,,
608,2020-02-26 09:00:00,-26.18536313888889,9.190916260606746,-28.679663085937477,8.338868141174316,-27.995703124999977,-27.317388916015574,9.12872925400734,9.4954277202487,-28.67966308593748,8.436257373308763
609,2020-02-26 10:00:00,-26.245231466666667,9.245773416322924,-28.29601135253904,8.234984397888184,-28.117582702636696,-27.400404357910134,9.067268133163452,9.225751161575316,,
610,2020-02-26 11:00:00,-26.422515519444442,9.140954790705,-28.488409423828102,8.2367582321167,-28.26099243164063,-27.489881896972662,8.995520293712616,9.01225708425045,,
611,2020-02-26 12:00:00,-26.680814424999998,9.001777553505656,-29.22972717285154,8.059650421142578,-28.398901367187477,-27.572760009765574,8.848338037729263,8.941005751490593,-29.22971191406248,7.96172390866559
612,2020-02-26 13:00:00,-27.14736939166667,8.764861902991235,-30.170614624023415,7.822175979614258,-28.524732971191384,-27.648092651367165,8.611110091209412,8.748391538858414,,
613,2020-02-26 14:00:00,-27.870670652777775,7.987434870472053,-30.744879150390602,7.784323215484619,-28.629675292968727,-27.723417663574224,8.336064338684082,8.469036489725113,,
614,2020-02-26 15:00:00,-28.11165078888889,8.043165703879415,-31.001715087890602,7.461513996124268,-28.724638366699168,-27.818266296386696,8.073467209935188,8.193810001015663,-30.94310607910154,7.539280985671212
615,2020-02-26 16:00:00,-28.773307977777776,8.224054140939094,-31.024969482421852,7.431976795196533,-29.392713928222662,-28.501776123046852,7.675110653042793,7.955408588051796,,
616,2020-02-26 17:00:00,-29.439298344444442,8.615119862877155,-31.694738769531227,7.76279878616333,-29.621733093261696,-28.746000671386696,7.565717309713364,7.738567113876343,,
617,2020-02-26 18:00:00,-29.546204516666666,8.697551963683377,-32.09543457031248,7.719022750854492,-29.853773498535134,-28.950827026367165,7.557245746254921,7.577926561236381,-32.093466186523415,7.57903825934045
618,2020-02-26 19:00:00,-29.556976694444444,7.860561658040241,-32.23735656738279,7.121824741363525,-30.108229064941384,-29.14684143066401,7.49798846244812,7.46061010658741,,
619,2020-02-26 20:00:00,-29.56526875277778,7.374009580329492,-32.79508056640623,7.078228950500488,-30.382719421386696,-29.365248107910134,7.364532142877579,7.468457743525505,,
620,2020-02-26 21:00:00,-29.450941441666668,7.171211082337501,-33.27036132812498,7.243730068206787,-30.643888854980418,-29.593702697753884,7.290008828043938,7.570683732628822,-33.270346069335915,6.903562100662384
621,2020-02-26 22:00:00,-29.408807616666667,7.168114555294871,-33.595175170898415,7.0738091468811035,-30.887213134765574,-29.808912658691384,7.270653054118156,7.627398490905762,,
622,2020-02-26 23:00:00,-29.280768922222222,6.818038948023012,-33.911642456054665,6.894444942474365,-31.11533966064451,-30.01537933349607,7.257909074425697,7.557071566581726,,
623,2020-02-27 00:00:00,-29.118010927777778,6.66203738510955,-34.07140197753904,6.8321452140808105,-31.33032073974607,-30.224645996093727,7.169371500611305,7.413698673248291,-34.06162109374998,6.713529365719296
624,2020-02-27 01:00:00,-28.650844249999995,6.712107102995319,-34.54929199218748,6.817047119140625,-31.54191436767573,-30.439466857910134,7.074754863977432,7.309219017624855,,
625,2020-02-27 02:00:00,-28.452028074999998,6.269713192413881,-35.037924194335915,6.851555824279785,-31.72382202148438,-30.61694946289063,7.120286121964455,7.326648533344269,,
626,2020-02-27 03:00:00,-28.685676361111117,6.293585062193563,-35.1892150878906,6.5074381828308105,-31.891325378417946,-30.710005187988287,7.201364293694496,7.425836756825447,-35.18919982910154,6.402552043786272
627,2020-02-27 04:00:00,-29.468989516666667,6.431186778472441,-34.852133178710915,6.567404747009277,-32.038236999511696,-30.775770568847605,7.276673868298531,7.51458577811718,,
628,2020-02-27 05:00:00,-29.934388869444447,6.468945647167203,-34.64703979492185,6.663053512573242,-32.169523620605446,-30.867224121093727,7.265573307871818,7.523938432335854,,
629,2020-02-27 06:00:00,-30.22718701388889,6.5215431056196955,-34.4436096191406,7.004403591156006,-32.28620758056638,-30.93480529785154,7.133920356631279,7.414602234959602,-34.44359436035154,6.918721518974053
630,2020-02-27 07:00:00,-30.38232051944445,7.181878727632739,-34.15830078124998,7.064462184906006,-32.39090576171873,-31.059477233886696,7.215476378798485,7.273905083537102,,
631,2020-02-27 08:00:00,-30.40090643333333,7.143627138405626,-34.00363769531248,6.985707759857178,-32.41040649414063,-31.214384460449168,7.410689920186996,7.182676747441292,,
632,2020-02-27 09:00:00,-30.912664886111113,7.3905774478959385,-34.056600952148415,7.041672706604004,-32.45142211914063,-31.32788696289063,7.461505070328712,6.642973080277443,-34.05744018554685,7.081752005615272
633,2020-02-27 10:00:00,-31.813841480555556,7.164287827484787,-33.64891662597654,7.0534563064575195,-32.54705657958982,-31.47272338867191,7.282314896583557,6.852523952722549,,
634,2020-02-27 11:00:00,-31.885653066666666,6.998706277269389,-33.430319213867165,6.878737926483154,-32.662115478515574,-31.623800659179665,7.218246072530746,7.078704997897148,,
635,2020-02-27 12:00:00,-32.10627535277778,7.067391542181954,-33.8048156738281,7.0000081062316895,-32.8421691894531,-31.761190795898386,7.139286234974861,7.235402032732964,-33.803427124023415,6.808657597517595
636,2020-02-27 13:00:00,-31.941131725,7.650753912483811,-33.940817260742165,6.958056449890137,-33.04093017578123,-31.939611816406256,6.726594895124435,7.288731336593628,,
637,2020-02-27 14:00:00,-31.956326061111117,7.580498513439612,-33.861227416992165,7.188230037689209,-33.2120422363281,-32.12045135498042,6.682277418673039,7.16906726360321,,
638,2020-02-27 15:00:00,-32.10699618055556,7.563705529816158,-33.88779296874998,7.33403205871582,-33.40777435302735,-32.28301086425779,6.609793484210968,7.107608333230019,-33.866293334960915,7.298452422837727
639,2020-02-27 16:00:00,-32.27701353055556,6.973270902105926,-33.662496948242165,7.204062461853027,-33.61575927734373,-32.516050720214764,6.477899000048637,6.9781767427921295,,
640,2020-02-27 17:00:00,-32.40641282222222,6.854055662822339,-33.85758056640623,7.096251010894775,-33.81426849365229,-32.72687377929685,6.879467412829399,6.809078186750412,,
641,2020-02-27 18:00:00,-32.521714861111114,7.0000858166602535,-34.190817260742165,7.111800193786621,-34.01464691162107,-32.900885009765574,6.933712899684906,6.750420555472374,-34.1908020019531,6.915770969528239
642,2020-02-27 19:00:00,-32.699391419444446,7.100772655072732,-33.96707763671873,7.052680015563965,-34.21458282470701,-33.08954467773438,6.903244867920876,6.791469410061836,,
643,2020-02-27 20:00:00,-33.01376163333334,7.263299644759798,-33.81229248046873,6.9733076095581055,-34.39781799316401,-33.27695312499998,6.915624916553497,6.854046449065208,,
644,2020-02-27 21:00:00,-33.27400336944444,7.365236945322042,-33.76874389648435,6.883429527282715,-34.55674591064451,-33.45609130859373,6.933076083660126,6.821341961622238,-33.71404113769529,6.86869128793478
645,2020-02-27 22:00:00,-33.542301765018834,7.0824296999523595,-33.31950988769529,7.108095169067383,-34.69541778564451,-33.62280883789063,6.882118910551071,6.752848953008652,,
646,2020-02-27 23:00:00,-33.83714082311676,6.877475926042137,-33.23479309082029,7.191771030426025,-34.81535186767573,-33.77673187255857,6.722468763589859,6.65887126326561,,
647,2020-02-28 00:00:00,-34.08502001666667,6.767255035238382,-33.38280334472654,7.366422653198242,-34.49320831298829,-33.38339843749998,6.76960913836956,6.7837094366550446,-33.38083496093748,7.346036890667165
648,2020-02-28 01:00:00,-34.40645891111111,6.70590205316367,-33.62091674804685,7.117218017578125,-34.60967864990229,-33.52953948974607,6.6974480748176575,6.700195714831352,,
649,2020-02-28 02:00:00,-34.80434335277778,6.041203477966381,-34.3458312988281,6.743487358093262,-34.70631256103513,-33.66898956298829,6.60183946788311,6.598163932561874,,
650,2020-02-28 03:00:00,-35.20023060277778,6.120905463791023,-35.18002929687498,6.613288879394531,-34.790045166015574,-33.79532470703123,6.668360933661461,6.516587913036346,-35.17999877929685,6.599483338766731
651,2020-02-28 04:00:00,-35.508714375000004,6.624543774487557,-35.5136779785156,6.307315349578857,-34.87318267822266,-33.90576019287107,6.711431667208672,6.542169347405434,,
652,2020-02-28 05:00:00,-35.743576322222225,6.716657442282641,-35.957723999023415,6.371225833892822,-34.95580139160154,-34.00656738281248,6.676070123910904,6.6251547783613205,,
653,2020-02-28 06:00:00,-35.96267388333333,6.636170444133281,-36.35234680175779,6.139404773712158,-35.042318725585886,-34.094732666015574,6.579114079475403,6.579411134123802,-36.35233154296873,6.027537542278878
654,2020-02-28 07:00:00,-36.09719090833334,6.281834466487712,-36.5034240722656,6.120463848114014,-35.1402648925781,-34.17631378173829,6.4292863458395,6.41253225505352,,
655,2020-02-28 08:00:00,-36.18312461111111,6.139825857432887,-36.738790893554665,6.09169864654541,-35.24545898437498,-34.25150146484373,6.308755531907082,6.238719657063484,,
656,2020-02-28 09:00:00,-36.05353951666666,6.548016892361875,-37.19158020019529,6.059514999389648,-35.338804626464764,-34.325834655761696,6.259887740015984,6.149000704288483,-37.19235839843748,5.986947383731604
657,2020-02-28 10:00:00,-36.06642345277778,5.8370499718170334,-36.80180969238279,6.006063938140869,-35.391981506347605,-34.402548217773415,6.274866372346878,6.097600743174553,,
658,2020-02-28 11:00:00,-35.94773542222222,6.0064288160976895,-36.42008056640623,6.166805744171143,-35.44589843749998,-34.47647705078123,6.341203615069389,6.11297844350338,,
659,2020-02-28 12:00:00,-36.17256233333333,5.719002903368256,-36.183981323242165,5.961629867553711,-35.49371185302735,-34.53514709472654,6.346371322870255,6.147285968065262,-36.1839660644531,5.85041703900788
660,2020-02-28 13:00:00,-36.363792297222226,5.6101807461658995,-35.863119506835915,5.636129856109619,-35.53010406494138,-34.583952331542946,6.271609485149384,6.147683143615723,,
661,2020-02-28 14:00:00,-36.70072056666667,5.393143244081952,-35.67722167968748,5.738871097564697,-35.58341064453123,-34.62302246093748,6.164951026439667,6.076546892523766,,
662,2020-02-28 15:00:00,-36.72552766111111,5.247338457469616,-35.864279174804665,5.674403190612793,-35.65598907470701,-34.67516174316401,6.071024850010872,5.979303985834122,-35.8642639160156,5.512190213514259
663,2020-02-28 16:00:00,-36.73058370277777,5.372201313825219,-36.01871337890623,5.45490837097168,-35.744650268554665,-34.74397125244138,6.001224800944328,5.901342809200287,,
664,2020-02-28 17:00:00,-36.73867205277778,5.186809451524157,-36.17514648437498,5.86263370513916,-35.81709136962888,-34.83530273437498,5.956255599856377,5.886357247829437,,
665,2020-02-28 18:00:00,-36.81011049722222,5.315886210657195,-36.83135070800779,5.537505626678467,-35.878912353515574,-34.91332092285154,5.936953902244568,5.879569590091705,-36.831686401367165,5.373302639462054
666,2020-02-28 19:00:00,-36.837014775,5.391414037365198,-36.97833862304685,5.336818695068359,-35.93865051269529,-34.97999420166013,5.892168045043945,5.865342423319817,,
667,2020-02-28 20:00:00,-36.76612204722223,5.193117595923464,-37.10294189453123,5.640256881713867,-35.99181976318357,-35.032919311523415,5.844748839735985,5.8335980623960495,,
668,2020-02-28 21:00:00,-36.76953265555555,5.1934772208121425,-37.47575988769529,5.2601776123046875,-36.040304565429665,-35.07298126220701,5.777393326163292,5.784760296344757,-37.47574462890623,5.048498151765671
669,2020-02-28 22:00:00,-36.73361460555555,5.179476758489619,-37.787069702148415,4.977984428405762,-36.079916381835886,-35.10454406738279,5.7242928594350815,5.762961983680725,,
670,2020-02-28 23:00:00,-36.53495929444444,5.461790411671777,-37.59197082519529,5.306219577789307,-36.11253204345701,-35.13062896728513,5.674402087926865,5.685142815113068,,
671,2020-02-29 00:00:00,-36.66041829444445,5.049601568806595,-37.72936096191404,5.019693374633789,-36.13408508300779,-35.154722595214764,5.599612414836884,5.632292076945305,,
672,2020-02-29 01:00:00,-36.493108569444445,5.4510584145636685,-37.92522277832029,4.606176853179932,-36.14396514892573,-35.18604888916013,5.534661367535591,5.566833406686783,,
673,2020-02-29 02:00:00,-36.47512568611111,5.150870253357991,-38.182760620117165,4.789487361907959,-36.15434875488279,-35.21866455078123,5.482451140880585,5.451212227344513,,
674,2020-02-29 03:00:00,-36.59567309722222,5.528050200024702,-38.95865478515623,4.347024917602539,-36.167372131347605,-35.249174499511696,5.398716360330582,5.313886493444443,,
675,2020-02-29 04:00:00,-36.688268586111114,5.2869495240211135,-39.70551147460935,4.234400272369385,-36.184538269042946,-35.27998199462888,5.308962479233742,5.217548161745071,,
676,2020-02-29 05:00:00,-36.77782090555556,5.075513560382718,-40.27330627441404,4.546210765838623,-36.18285980224607,-35.32453765869138,5.229765817523003,5.150111645460129,,
677,2020-02-29 06:00:00,-36.89303063611111,4.703355770447108,-40.74014892578123,4.375531196594238,-36.17520751953123,-35.37345733642573,5.16534897685051,5.085917666554451,,
678,2020-02-29 07:00:00,-36.87234485,4.827888745018029,-40.51494445800779,4.276519298553467,-36.22287597656248,-35.423918151855446,5.067290440201759,5.065644264221191,,
679,2020-02-29 08:00:00,-36.67822709722222,4.914332109128895,-39.977316284179665,4.4960761070251465,-36.28182067871094,-35.47502746582029,4.993976935744286,5.013593375682831,,
680,2020-02-29 09:00:00,-36.83051627222221,4.319542311563389,-39.43524780273435,4.215232849121094,-36.34809722900388,-35.52842559814451,4.941095799207687,4.95204308629036,,
681,2020-02-29 10:00:00,-36.90132708611112,4.395950255216639,-38.70647277832029,3.9988772869110107,-36.40286865234373,-35.58746185302735,4.918612495064735,4.870411798357964,,
682,2020-02-29 11:00:00,-37.37070809722223,3.943175204684645,-38.16014709472654,4.278363227844238,-36.48353424072266,-35.64407958984373,4.844052463769913,4.740173280239105,,
683,2020-02-29 12:00:00,-37.402405394444436,4.1295955902501165,-38.403341674804665,3.80017352104187,-36.54587402343748,-35.69241180419917,4.685447975993156,4.591498523950577,,
684,2020-02-29 13:00:00,-37.508013697222225,3.838511972472777,-38.491415405273415,3.5656497478485107,-36.60670318603513,-35.73164215087888,4.5255105793476105,4.471454158425331,,
685,2020-02-29 14:00:00,-37.36743388333334,4.1118525074020225,-38.130209350585915,4.187169075012207,-36.65992584228513,-35.76665344238279,4.411082103848457,4.423178404569626,,
686,2020-02-29 15:00:00,-37.45358227222223,3.882666703684499,-37.978659057617165,4.225048065185547,-36.717184448242165,-35.83615722656248,4.361608311533928,4.338221982121468,,
687,2020-02-29 16:00:00,-37.550556486111105,3.844865352418948,-37.774130249023415,3.840477705001831,-36.777616882324224,-35.90356292724607,4.294608235359192,4.245855763554573,,
688,2020-02-29 17:00:00,-37.76468753055556,3.563315169796853,-37.55136718749998,4.050333023071289,-36.832723999023415,-35.97077026367191,4.221125409007072,4.211620450019836,,
689,2020-02-29 18:00:00,-37.95361384722222,3.4638388421399493,-37.77330627441404,3.7282838821411133,-36.87776031494138,-36.030668640136696,4.159274727106094,4.163629710674286,,
690,2020-02-29 19:00:00,-38.02278036944445,3.501088120296867,-36.84552612304685,3.477368116378784,-36.913969421386696,-36.09354248046873,4.051024600863457,4.137087732553482,,
691,2020-02-29 20:00:00,-38.26976033611111,3.1621114985130263,-35.90373840332029,3.561643362045288,-36.946012878417946,-36.14916839599607,4.056172043085098,4.071841463446617,,
692,2020-02-29 21:00:00,-38.35979563888889,3.3522164239623025,-35.432089233398415,3.136878728866577,-36.97592773437498,-36.19042816162107,3.897710144519806,3.926216349005699,,
693,2020-02-29 22:00:00,-38.33748003611112,3.2238243281459105,-35.20622863769529,3.0764830112457275,-37.002951049804665,-36.22039642333982,3.9015224277973175,3.856400787830353,,
694,2020-02-29 23:00:00,-38.434504788888894,3.23120792325199,-34.69953002929685,3.464400291442871,-37.033697509765574,-36.24357452392573,3.721261858940125,3.651662439107895,,
695,2020-03-01 00:00:00,-38.32777641111111,3.393043047093028,-34.57102050781248,3.497854471206665,-37.06182708740229,-36.26328887939451,3.58929044008255,3.5743155479431152,-34.57102050781248,3.5472829201316927
696,2020-03-01 01:00:00,-38.25469705277778,3.34102518402517,-34.749349975585915,3.0600979328155518,-37.09149780273438,-36.28801574707029,3.3007344603538518,3.423038601875305,,
697,2020-03-01 02:00:00,-38.28144700833333,3.2942837612239604,-35.0795959472656,2.569864511489868,-37.124174499511696,-36.3192199707031,3.1371318995952606,3.299896627664566,,
698,2020-03-01 03:00:00,-38.23171577222222,3.2452073918022317,-36.018820190429665,2.242826461791992,-37.16367187499998,-36.35748901367191,2.9917383044958115,3.194443121552468,-36.0188049316406,2.3148715289135
699,2020-03-01 04:00:00,-37.67859635,3.4759315784675118,-35.77957763671873,2.073892831802368,-37.20490112304685,-36.398703002929665,2.9504565596580505,3.135413020849228,,
700,2020-03-01 05:00:00,-37.636841386111115,3.3323666540680854,-35.22540893554685,2.415498733520508,-37.24867095947266,-36.441351318359324,2.9436928927898407,3.070419520139694,,
701,2020-03-01 06:00:00,-37.80983908611111,3.4044133443994067,-35.033346557617165,2.321681022644043,-37.295011901855446,-36.47612609863279,2.967587113380432,3.0026644617319107,-35.0333312988281,2.44169998873258
702,2020-03-01 07:00:00,-37.65615631111111,3.410755648783668,-33.95526733398435,2.438488721847534,-37.34104766845701,-36.50822296142573,2.9296278953552246,2.899565458297729,,
703,2020-03-01 08:00:00,-37.736937330555556,3.094466256571522,-33.20444335937498,2.446256637573242,-37.38625946044917,-36.53379669189451,2.7743653059005737,2.7292736172676086,,
704,2020-03-01 09:00:00,-38.05163331388889,3.1371294844275863,-32.64859619140623,2.274874687194824,-37.430632019042946,-36.568785095214764,2.5366228222846985,2.562529966235161,-32.648580932617165,2.398470818065107
705,2020-03-01 10:00:00,-38.316724463888896,2.89427085315171,-32.22223510742185,2.092012405395508,-37.46983947753907,-36.61752166748042,2.285701915621757,2.40273679792881,,
706,2020-03-01 11:00:00,-38.43979149444445,2.9433210833617296,-31.721746826171852,2.109016180038452,-37.509664916992165,-36.67639007568357,2.046444371342659,2.2720089703798294,,
707,2020-03-01 12:00:00,-38.36013188333333,2.5205796312059308,-31.47313537597654,1.8863329887390137,-37.54852905273438,-36.734533691406256,1.8324990421533585,2.1399502605199814,-31.47312011718748,1.8261069164727812
708,2020-03-01 13:00:00,-38.13097124722222,2.793428864100939,-31.640463256835915,1.2992842197418213,-37.58735504150388,-36.77770843505857,1.6213390678167343,1.929248332977295,,
709,2020-03-01 14:00:00,-38.04685373333333,2.901774637770345,-32.137350463867165,1.3374900817871094,-37.61379852294917,-36.815435791015574,1.579812377691269,1.8311846852302551,,
710,2020-03-01 15:00:00,-37.943963136111115,3.1965057111044257,-32.404196166992165,1.4771913290023804,-37.628851318359324,-36.85961761474607,1.7451509088277817,1.875787302851677,-32.4041809082031,1.4395834756141994
711,2020-03-01 16:00:00,-38.14100925,2.8642271407892497,-32.085043334960915,1.3529210090637207,-37.64092864990229,-36.876181030273415,1.7879908978939056,1.9791898727416992,,
712,2020-03-01 17:00:00,-38.11076965555556,2.730440476113863,-31.702734374999977,1.9313064813613892,-37.68382110595701,-36.93726959228513,1.8302464187145235,1.975984796881676,,
713,2020-03-01 18:00:00,-37.95539724444445,3.0305422757538754,-31.339514160156227,2.2544312477111816,-37.67852630615229,-36.96135559082029,1.7936474978923798,1.9459404796361923,-31.339498901367165,2.1964684369741008
714,2020-03-01 19:00:00,-38.17340228055556,3.159783647556303,-31.20574035644529,1.9555860757827759,-37.62229003906248,-36.94797363281248,1.782283067703247,1.897094413638115,,
715,2020-03-01 20:00:00,-38.29167558888889,3.2837402646688694,-31.11284484863279,1.7339688539505005,-37.472059631347605,-36.91686859130857,1.7415539920330048,1.7867180109024048,,
716,2020-03-01 21:00:00,-38.12249182222222,3.2366712828726123,-30.991308593749977,1.433435082435608,-37.27171936035154,-36.834906005859324,1.7067135870456696,1.7681743204593658,-30.993246459960915,1.3941233332734555
717,2020-03-01 22:00:00,-38.230255436111115,2.9672126038295983,-31.250646972656227,1.2033771276474,-37.06090393066401,-36.71121826171873,1.7178576588630676,1.7490087747573853,,
718,2020-03-01 23:00:00,-38.20071677222222,3.0767817859503013,-31.18303527832029,1.1911587715148926,-36.90411987304685,-36.553244018554665,1.7183718085289,1.7512659430503843,,
719,2020-03-02 00:00:00,-38.15404597222222,3.2881504296789106,-31.086737060546852,1.3121297359466553,-36.74875488281248,-36.40453948974607,1.8851869404315948,1.7799420952796936,-31.08672180175779,1.3309709433815442
720,2020-03-02 01:00:00,-38.222186272222224,3.126171028327867,-31.414282226562477,1.440138578414917,-36.64172210693357,-36.23875274658198,1.9720767736434937,1.918809175491333,,
721,2020-03-02 02:00:00,-38.02165132777778,2.823787976775474,-32.021688842773415,1.612368106842041,-36.508268737792946,-36.05590667724607,1.9704800844192505,2.0038968175649643,,
722,2020-03-02 03:00:00,-38.36043581944444,2.4551592193171548,-33.005270385742165,1.5492202043533325,-36.37492980957029,-35.84589996337888,1.964080989360809,2.205337435007096,-33.0052551269531,1.568901923368685
723,2020-03-02 04:00:00,-38.63574409722222,2.951306552067667,-33.1453918457031,1.8948124647140503,-36.16563262939451,-35.61938323974607,1.977423071861267,2.249584898352623,,
724,2020-03-02 05:00:00,-37.97369683888889,2.9598632034058667,-32.95566406249998,1.799626111984253,-35.99091949462888,-35.40509643554685,2.0073848515748978,2.151766687631607,,
725,2020-03-02 06:00:00,-37.75001323055556,2.858240339439402,-32.71910705566404,1.7224966287612915,-35.83519592285154,-35.210104370117165,2.0509326308965683,2.14148861169815,-32.72104492187498,1.8553338547353635
726,2020-03-02 07:00:00,-37.81902096666667,3.3154385037444007,-32.168966674804665,1.8640183210372925,-35.69005432128907,-35.056608581542946,2.1636681854724884,2.176025807857513,,
727,2020-03-02 08:00:00,-38.25700270555556,3.4316603701316786,-31.814703369140602,2.061328172683716,-35.56261291503907,-34.898443603515574,2.363632947206497,2.295398861169815,,
728,2020-03-02 09:00:00,-38.20811873611111,3.5569540827073474,-32.34392395019529,2.1148293018341064,-35.40779724121094,-34.74980773925779,2.5184870660305023,2.4666411578655243,-32.34195556640623,2.207180078607053
729,2020-03-02 10:00:00,-38.01060489166667,3.437868038854561,-31.86736145019529,2.3439347743988037,-35.29980316162107,-34.619108581542946,2.59538796544075,2.569363370537758,,
730,2020-03-02 11:00:00,-38.115130844444444,3.466835669167656,-31.080297851562477,2.628755569458008,-35.16084136962888,-34.49865570068357,2.671307533979416,2.686460927128792,,
731,2020-03-02 12:00:00,-37.98229018611111,3.3888740184306916,-30.396337890624977,2.818084239959717,-35.023649597167946,-34.37033691406248,2.75713711977005,2.6268995106220245,-30.398275756835915,2.6994134506676346
732,2020-03-02 13:00:00,-38.28298586944445,3.441694166106165,-30.16319885253904,2.7165486812591553,-34.91870727539063,-34.26569976806638,2.7304802536964417,2.5344163179397583,,
733,2020-03-02 14:00:00,-38.29130588333334,3.515966864698699,-29.94591369628904,2.594552755355835,-34.82845916748042,-34.16993560791013,2.650949850678444,2.431780502200126,,
734,2020-03-02 15:00:00,-38.052906500000006,3.368151630629672,-29.77666320800779,2.757423162460327,-34.77570953369138,-34.11070098876951,2.640094146132469,2.48401340842247,-29.776647949218727,2.79653757129563
735,2020-03-02 16:00:00,-37.83912504166667,3.4457073361385135,-29.89592590332029,2.9020047187805176,-34.72437896728513,-34.0550598144531,2.701802894473076,2.4610142707824707,,
736,2020-03-02 17:00:00,-37.580746250000004,3.4256468449696738,-29.834204101562477,3.0253517627716064,-34.67390289306638,-34.02170410156248,2.823154702782631,2.347721830010414,,
737,2020-03-02 18:00:00,-37.239335213888886,3.3390675186514076,-29.79747619628904,3.3840880393981934,-34.70826568603513,-34.044210815429665,2.946865499019623,2.431427463889122,-29.807226562499977,3.358495505992323
738,2020-03-02 19:00:00,-37.29337684444444,3.283285937627204,-29.868246459960915,3.6640634536743164,-34.87956085205079,-34.07005157470701,2.964277759194374,2.495440423488617,,
739,2020-03-02 20:00:00,-37.04915857222222,3.0409832027102426,-29.855108642578102,3.6795079708099365,-35.11112823486326,-34.152853393554665,2.9913727045059204,2.495119348168373,,
740,2020-03-02 21:00:00,-36.830439588888886,2.9029736346776613,-29.73125305175779,3.7315561771392822,-35.378797912597605,-34.27151336669917,2.9963202327489853,2.5211515724658966,-29.731237792968727,3.603509216220118
741,2020-03-02 22:00:00,-36.77924736111111,2.8935582239973243,-29.820684814453102,3.3736677169799805,-35.52501525878907,-34.38873138427735,2.8349300771951675,2.5046164244413376,,
742,2020-03-02 23:00:00,-36.044030286111116,3.259670228489448,-29.957891845703102,2.9170453548431396,-35.64488830566401,-34.48798217773438,2.6759262830019,2.357599511742592,,
743,2020-03-03 00:00:00,-36.2360953861111,2.6323931697376377,-30.245794677734352,2.4646153450012207,-35.71667327880857,-34.61549224853513,2.5820848047733307,2.037696987390518,-30.245764160156227,2.4598259206977677
744,2020-03-03 01:00:00,-36.38827306666666,2.9985717941822476,-31.135046386718727,2.1338870525360107,-35.8372863769531,-34.774794006347605,2.46059587597847,2.1136717796325684,,
745,2020-03-03 02:00:00,-36.50824720833333,2.6560460811900355,-32.027792358398415,1.769793152809143,-36.062338256835886,-34.914068603515574,2.40299953520298,2.523308008909225,,
746,2020-03-03 03:00:00,-36.680228122222225,2.5554670897803646,-32.4709533691406,1.7325160503387451,-36.22420349121094,-35.039518737792946,2.2825619131326675,2.472006633877754,-32.47093811035154,1.5791952605359256
747,2020-03-03 04:00:00,-36.96777521111111,2.6496192673640016,-32.52509155273435,1.5740749835968018,-36.32224884033198,-35.141607666015574,2.0644244998693466,2.1424086540937424,,
748,2020-03-03 05:00:00,-37.75799876111111,2.355824789612073,-32.83481445312498,1.5011870861053467,-36.41023101806638,-35.247007751464764,2.1958772987127304,2.1647661924362183,,
749,2020-03-03 06:00:00,-38.3240128,2.5077687428632185,-33.26126708984373,1.7844165563583374,-36.54332580566401,-35.378385925292946,2.346298933029175,2.241480439901352,-33.3061584472656,1.6692682395223528
750,2020-03-03 07:00:00,-38.97383431388889,2.900392431469168,-33.53612365722654,1.734973669052124,-36.65832366943357,-35.48750152587888,2.287331894040108,2.2414855659008026,,
751,2020-03-03 08:00:00,-39.55339614166667,2.839467001239051,-33.50607910156248,1.7246421575546265,-36.74991455078123,-35.58916320800779,2.319527551531792,2.3163748681545258,,
752,2020-03-03 09:00:00,-39.97187528611111,3.2588965714896942,-33.49374999999998,1.923318862915039,-36.79923095703123,-35.663465881347605,2.429897978901863,2.425751715898514,-33.493734741210915,1.7895854718517512
753,2020-03-03 10:00:00,-39.87361515277778,3.295661142813255,-33.563375854492165,1.7263127565383911,-36.854154968261696,-35.76286163330079,2.476220667362213,2.5061300545930862,,
754,2020-03-03 11:00:00,-40.08825009722222,3.565123087113984,-33.37694396972654,1.4230703115463257,-36.922087097167946,-35.88633575439451,2.572450950741768,2.607659727334976,,
755,2020-03-03 12:00:00,-40.29284908611112,2.9907055854837075,-33.69748535156248,1.3799768686294556,-36.99915924072266,-35.99418487548829,2.6094439029693604,2.665482223033905,-33.697470092773415,1.3625805852934718
756,2020-03-03 13:00:00,-40.444719563888896,3.1143801778045077,-34.22537841796873,1.2868242263793945,-37.10068359374998,-36.09081115722654,2.459409445524216,2.6009295731782918,,
757,2020-03-03 14:00:00,-40.67873196111111,2.978620833678858,-34.81627502441404,1.119957685470581,-37.21293487548829,-36.20285644531248,2.305605247616768,2.445776730775833,,
758,2020-03-03 15:00:00,-41.07335556388889,2.52574788819128,-36.116415405273415,1.5034959316253662,-37.32749786376951,-36.314123535156256,2.267729803919792,2.340384051203728,-36.11833801269529,1.452928553102538
759,2020-03-03 16:00:00,-41.24141627777778,2.699622328139212,-37.21506347656248,1.21500563621521,-37.43189086914063,-36.41612091064451,2.2065758258104324,2.275288537144661,,
760,2020-03-03 17:00:00,-41.279838516666665,2.0665110163990605,-37.66728820800779,1.4839547872543335,-37.523947143554665,-36.50565185546873,2.0382310152053837,2.2338176518678665,,
761,2020-03-03 18:00:00,-41.066033624999996,2.0951638451431034,-38.28314819335935,1.6753863096237183,-37.59824218749998,-36.57026519775388,1.965523198246956,2.2577430307865143,-38.28117980957029,1.657995403278619
762,2020-03-03 19:00:00,-41.51216866666666,2.9619610260074034,-38.70920410156248,1.6119019985198975,-37.65604248046873,-36.62680664062498,2.152003765106201,2.3909226655960083,,
763,2020-03-03 20:00:00,-41.487194511111106,2.54820493073101,-38.982199096679665,1.386340856552124,-37.690695190429665,-36.67332305908198,2.4251931458711624,2.496409982442856,,
764,2020-03-03 21:00:00,-41.57153476944445,3.0022105074335403,-39.91789855957029,1.433244228363037,-37.711088562011696,-36.681158447265574,2.572922497987747,2.509819746017456,-39.91789855957029,1.5672287134220824
765,2020-03-03 22:00:00,-41.023470716666665,2.052339447536657,-39.7763732910156,1.2291797399520874,-37.689108276367165,-36.65588226318357,2.619373708963394,2.5215073078870773,,
766,2020-03-03 23:00:00,-41.24085195555555,2.181668896187858,-40.01268615722654,1.3436133861541748,-37.67075195312498,-36.61677398681638,2.7152445316314697,2.569917246699333,,
767,2020-03-04 00:00:00,-41.62286136111111,2.4072372235751627,-40.22922363281248,1.5070595741271973,-37.64555969238279,-36.57522430419917,2.8122380673885345,2.682798594236374,-40.229208374023415,1.7054541465477089
768,2020-03-04 01:00:00,-41.798725230555554,3.07855226469705,-39.37723388671873,1.6719350814819336,-37.60075988769529,-36.54003753662107,2.8595675975084305,2.7962903678417206,,
769,2020-03-04 02:00:00,-42.192534783333336,3.039348335044206,-39.13652648925779,1.7305095195770264,-37.55988922119138,-36.520712280273415,2.8829402327537537,2.7974173724651337,,
770,2020-03-04 03:00:00,-41.84794480833333,2.8309218958992943,-39.46959533691404,1.7879908084869385,-37.51988067626951,-36.51598968505857,2.939900413155556,2.850500375032425,-39.46958007812498,1.7600219522719271
771,2020-03-04 04:00:00,-41.38476485,2.9403698888450727,-38.789999389648415,1.6793467998504639,-37.45800628662107,-36.51647796630857,3.044343441724777,2.990766689181328,,
772,2020-03-04 05:00:00,-41.41133661666667,3.3147558041575462,-38.283590698242165,2.084914207458496,-37.417204284667946,-36.505644226074224,3.2283284813165665,3.167357474565506,,
773,2020-03-04 06:00:00,-41.46940197222222,3.373698078005811,-38.33771362304685,2.1981894969940186,-37.381559753417946,-36.488188171386696,3.39102366566658,3.346792310476303,-38.33769836425779,2.203941827872768
774,2020-03-04 07:00:00,-41.16351886388889,3.2888240304040255,-37.84563293457029,2.0589866638183594,-37.35202636718748,-36.471617126464764,3.5579685419797897,3.482999950647354,,
775,2020-03-04 08:00:00,-41.11188390277778,3.4917420189607884,-37.38237609863279,2.530369758605957,-37.327108764648386,-36.45757904052735,3.701158881187439,3.632988452911377,,
776,2020-03-04 09:00:00,-40.95043188888889,3.777169399295261,-37.205709838867165,2.754714012145996,-37.305120849609324,-36.447172546386696,3.8305916786193848,3.794962182641029,-37.20567932128904,2.7485490886028856
777,2020-03-04 10:00:00,-40.72970311388889,3.6855404857870746,-35.7224182128906,2.800063371658325,-37.28176727294917,-36.43821563720701,3.924056589603424,3.9767616391181946,,
778,2020-03-04 11:00:00,-40.73954400555556,3.1601119610568027,-35.05988159179685,3.212712526321411,-37.26337280273438,-36.43144073486326,3.9588843137025833,4.006265088915825,,
779,2020-03-04 12:00:00,-40.35710502222222,3.774272594520223,-35.32279052734373,3.0375008583068848,-37.26536407470701,-36.43124999999998,3.959859043359757,3.9909587502479553,-35.322775268554665,3.1627067963127047
780,2020-03-04 13:00:00,-40.39862666666667,3.5011817604494038,-34.64728393554685,3.142082691192627,-37.274679565429665,-36.431646728515574,3.978198274970055,4.030726373195648,,
781,2020-03-04 14:00:00,-40.13275043611111,3.8078267000515336,-34.63329162597654,3.178715229034424,-37.279074096679665,-36.427267456054665,3.98365381360054,4.067859552800655,,
782,2020-03-04 15:00:00,-39.83470515,3.664733231644926,-35.29961242675779,3.1482093334198,-37.273893737792946,-36.41779174804685,4.000665903091431,4.113406717777252,-35.29959716796873,3.1967866624472663
783,2020-03-04 16:00:00,-39.621705927777775,3.980712284491494,-35.749349975585915,3.059666633605957,-37.26006164550779,-36.39660491943357,4.078649550676346,4.124702319502831,,
784,2020-03-04 17:00:00,-39.185339894444446,4.2748235079798045,-36.18839111328123,3.262479543685913,-37.24200286865229,-36.36743774414063,4.167232722043991,4.122857928276062,,
785,2020-03-04 18:00:00,-39.34764471388889,4.100156162305363,-36.53069152832029,3.3155357837677,-37.219206237792946,-36.33665313720701,4.221784219145775,4.160353422164917,-36.53067626953123,3.4211339747562306
786,2020-03-04 19:00:00,-39.31877565277778,3.875254463293724,-35.96100463867185,3.2584028244018555,-37.18974151611326,-36.30118408203123,4.277374446392059,4.246824860572815,,
787,2020-03-04 20:00:00,-39.232380425,4.167416377316098,-36.13548889160154,3.163485288619995,-37.149908447265574,-36.25556793212888,4.354587078094482,4.321179628372192,,
788,2020-03-04 21:00:00,-39.152276038888886,3.8773795775786373,-36.6545471191406,3.137531280517578,-37.101774597167946,-36.19528808593748,4.413304373621941,4.411136671900749,-36.6545471191406,3.413508963654749
789,2020-03-04 22:00:00,-39.05115241944444,3.680629958515569,-36.081259155273415,3.4728927612304688,-37.04202117919917,-36.132215881347605,4.416068330407143,4.516192615032196,,
790,2020-03-04 23:00:00,-38.56833457777778,4.26150052805679,-36.264486694335915,3.4335522651672363,-36.984091186523415,-36.08481445312498,4.425105229020119,4.4827573001384735,,
791,2020-03-05 00:00:00,-38.38794494722222,4.268043382198969,-37.12065734863279,3.2741036415100098,-36.94559326171873,-36.05291595458982,4.461885437369347,4.460122376680374,-37.12554016113279,3.0429539962788112
792,2020-03-05 01:00:00,-38.59263732777777,3.7548982528705,-36.619161987304665,3.069850206375122,-36.925924682617165,-36.02531280517573,4.436879277229309,4.389432832598686,,
793,2020-03-05 02:00:00,-38.891212675,3.775438521956646,-36.579061889648415,3.2264466285705566,-36.916281127929665,-36.002378845214764,4.398191183805466,4.309264093637466,,
794,2020-03-05 03:00:00,-38.706850225,3.8771955916992926,-36.97931518554685,3.1548056602478027,-36.900175476074224,-35.983892822265574,4.330065011978149,4.307857304811478,-36.97931518554685,2.9682844395865686
795,2020-03-05 04:00:00,-39.16744238611111,3.2212573529091166,-36.463644409179665,3.0681979656219482,-36.85635986328123,-35.965170288085886,4.369860574603081,4.486556515097618,,
796,2020-03-05 05:00:00,-39.75611220277778,3.4415109604983907,-36.31291809082029,2.7634942531585693,-36.806158447265574,-35.943144226074224,4.462508395314217,4.566391408443451,,
797,2020-03-05 06:00:00,-39.66891408611111,3.540169795489842,-36.7747863769531,2.745439052581787,-36.78305664062498,-35.93417968749998,4.431351959705353,4.528681188821793,-36.7747863769531,2.680967953725485
798,2020-03-05 07:00:00,-39.53240059444445,3.701261134748878,-37.45439758300779,2.514915943145752,-36.78500976562498,-35.961363220214764,4.260338649153709,4.415873974561691,,
799,2020-03-05 08:00:00,-39.82139333611111,3.7218005016463676,-38.43088378906248,2.3793294429779053,-36.801916503906256,-36.00285949707029,4.2558110654354095,4.370652049779892,,
800,2020-03-05 09:00:00,-40.090280319444446,3.336400774233588,-39.55773010253904,2.4152936935424805,-36.7999328613281,-36.03684082031248,4.284710645675659,4.349026843905449,-39.55966796874998,2.400110481015872
801,2020-03-05 10:00:00,-40.02969186111111,3.392301590689504,-40.07012023925779,2.576495409011841,-36.75733795166013,-36.07507171630857,4.206797942519188,4.380143076181412,,
802,2020-03-05 11:00:00,-40.18588856944445,3.5719233800633443,-40.61130371093748,2.3851804733276367,-36.68069305419917,-36.11340179443357,4.124488666653633,4.344292312860489,,
803,2020-03-05 12:00:00,-40.07686429444445,3.3823899609085437,-41.184286499023415,2.1840503215789795,-36.62641754150388,-36.13304748535154,4.096473678946495,4.239333659410477,-41.18427124023435,2.261563820473384
804,2020-03-05 13:00:00,-40.32351824166667,3.455959351050831,-41.2724670410156,2.363093137741089,-36.623503112792946,-36.13925781249998,4.0610411167144775,4.156114146113396,,
805,2020-03-05 14:00:00,-39.74793202222222,3.8495898331323666,-41.87741699218748,2.4713141918182373,-36.67210235595701,-36.15041961669917,3.988398864865303,4.042931601405144,,
806,2020-03-05 15:00:00,-39.57100141388889,3.5389955001502447,-42.57401123046873,2.5285181999206543,-36.73864593505857,-36.16570129394529,3.954239621758461,4.0051001608371735,-42.57399597167967,2.6777274264604785
807,2020-03-05 16:00:00,-39.73323886111111,3.292432145837768,-41.952719116210915,2.5743961334228516,-36.79141845703123,-36.17375793457029,3.937716573476792,4.036346524953842,,
808,2020-03-05 17:00:00,-40.191816450000005,3.308207144924056,-41.46475830078123,2.403190851211548,-36.808538818359324,-36.16700592041013,3.939704641699791,4.021251603960991,,
809,2020-03-05 18:00:00,-39.92515114722222,3.4262590847433647,-41.49539794921873,2.4642174243927,-36.806784057617165,-36.129049682617165,3.965543955564499,3.990839511156082,-41.49538269042967,2.4525275299092755
810,2020-03-05 19:00:00,-40.209014858333326,3.351798659279329,-40.8917297363281,2.544590950012207,-36.78936614990229,-36.08861389160154,3.89215698838234,3.94074022769928,,
811,2020-03-05 20:00:00,-39.916023788888886,3.961536732494841,-40.62912597656248,2.776172637939453,-36.80079498291013,-36.081144714355446,3.7648261338472366,3.867252603173256,,
812,2020-03-05 21:00:00,-39.22070403055556,4.1918011016736605,-40.55840148925779,2.8819901943206787,-36.84256591796873,-36.119108581542946,3.692360818386078,3.784920573234558,-40.55838623046873,2.8611690937541425
813,2020-03-05 22:00:00,-38.98901816111111,4.2597632410106145,-40.40648498535154,3.265908718109131,-36.8761047363281,-36.150541687011696,3.715973004698754,3.748385787010193,,
814,2020-03-05 23:00:00,-38.443341233333335,4.423874233687853,-40.40292968749998,3.410898208618164,-36.86972656249998,-36.13673248291013,3.825392037630081,3.830732315778732,,
815,2020-03-06 00:00:00,-38.39707961388889,4.58245401064809,-40.842367553710915,3.417558431625366,-36.799337768554665,-36.03574981689451,4.14272353053093,4.12654572725296,-40.84236755371092,3.2071810222696517
816,2020-03-06 01:00:00,-38.015934277777774,4.867313704398323,-39.58136596679685,3.9251821041107178,-36.6610168457031,-35.85899200439451,4.528205707669258,4.473436564207077,,
817,2020-03-06 02:00:00,-36.87197166111111,5.947743298492049,-37.67131652832029,4.876351356506348,-36.47556152343748,-35.61410369873042,4.923497408628464,4.832908153533936,,
818,2020-03-06 03:00:00,-36.134742808333336,5.755769408894739,-36.25083007812498,5.480585098266602,-36.27207794189451,-35.31938018798829,5.296860039234161,5.164256408810616,-36.25083007812498,5.383896717452444
819,2020-03-06 04:00:00,-34.59014764444444,6.178072114199842,-34.51459350585935,6.325364112854004,-36.06890716552735,-34.97167053222654,5.673023089766502,5.474044233560562,,
820,2020-03-06 05:00:00,-32.69279136666666,7.361447610670499,-33.32402648925779,6.830464839935303,-35.85485687255857,-34.644316101074224,6.036092936992645,5.775164857506752,,
821,2020-03-06 06:00:00,-31.687673197222225,7.411286417753907,-32.46738281249998,7.163620471954346,-35.59555664062498,-34.30576171874998,6.312337219715118,6.060967773199081,-32.516195678710915,7.106128801358864
822,2020-03-06 07:00:00,-31.00587715,8.463689994493208,-31.636633300781227,7.576220512390137,-35.32950439453123,-34.00706329345701,6.541678860783577,6.375827640295029,,
823,2020-03-06 08:00:00,-30.396920305555557,9.629506624716349,-31.059576416015602,8.070898056030273,-35.08542480468748,-33.67803802490229,6.739776715636253,6.596153795719147,,
824,2020-03-06 09:00:00,-30.088563247222226,10.094997559110732,-30.57512512207029,8.234972953796387,-34.79978027343748,-33.29765930175779,6.888177782297134,6.719114989042282,-30.575109863281227,8.351414105447475
825,2020-03-06 10:00:00,-29.518290655555557,10.834397580549677,-29.914038085937477,9.078010559082031,-34.53616180419917,-32.944273376464764,7.005964264273644,6.82197767496109,,
826,2020-03-06 11:00:00,-29.24530143611111,10.563624349856815,-29.59355773925779,9.398310661315918,-34.2945617675781,-32.70881500244138,7.190103262662888,6.912285536527634,,
827,2020-03-06 12:00:00,-28.6177524,10.031602449050013,-29.380834960937477,9.618989944458008,-34.14646759033198,-32.53898468017573,7.368209093809128,7.040502279996872,-29.38081970214841,9.583039457793348
828,2020-03-06 13:00:00,-28.304523005555552,9.65077197528003,-29.199057006835915,10.229316711425781,-34.036825561523415,-32.40161743164063,7.534625232219696,7.18766188621521,,
829,2020-03-06 14:00:00,-28.750858722222222,8.490799990790352,-29.140158081054665,9.950430870056152,-33.86835327148438,-32.22973480224607,7.658185213804245,7.439731925725937,,
830,2020-03-06 15:00:00,-29.309760230555554,8.035676719384979,-29.14922180175779,9.44196891784668,-33.74059906005857,-32.05909576416013,7.674607887864113,7.580662727355957,-29.149206542968727,9.62775150797097
831,2020-03-06 16:00:00,-29.216830455555556,8.321827200180884,-28.95891418457029,8.918457984924316,-33.57865753173829,-31.98869171142573,7.761553645133972,7.673481732606888,,
832,2020-03-06 17:00:00,-29.359616080555554,8.71636491141156,-28.77702941894529,8.494682312011719,-33.45580139160154,-31.92815246582029,7.800241187214851,7.7469754964113235,,
833,2020-03-06 18:00:00,-29.381172352777778,8.555675194897578,-28.611791992187477,8.48780345916748,-33.32538452148438,-31.847311401367165,7.783049404621124,7.755310252308845,-28.61212768554685,8.531912818551064
834,2020-03-06 19:00:00,-29.425461858333332,7.876136411557563,-28.29283752441404,8.61968994140625,-33.32421722412107,-31.852560424804665,7.820129632949829,7.736752450466156,,
835,2020-03-06 20:00:00,-29.737847013888892,7.17805005869931,-28.137213134765602,8.466829299926758,-33.353422546386696,-31.915243530273415,7.803691536188126,7.716193273663521,,
836,2020-03-06 21:00:00,-29.759664777777783,7.156662567312334,-28.025701904296852,8.486250877380371,-33.37071838378907,-31.944227600097605,7.779518187046051,7.701691716909409,-28.02570190429685,8.429867718106834
837,2020-03-06 22:00:00,-29.366729861111114,7.309556681059313,-27.785482788085915,8.680380821228027,-33.41802062988279,-31.93957366943357,7.814797461032867,7.677898705005646,,
838,2020-03-06 23:00:00,-29.29510562222222,7.3891564814923685,-27.81249084472654,8.445786476135254,-33.512907409667946,-31.950155639648386,7.874893099069595,7.743658065795898,,
839,2020-03-07 00:00:00,-29.38239093888889,7.700969048473344,-27.94988098144529,8.721272468566895,-33.05901184082029,-31.40503540039063,8.090557053685188,7.800225332379341,-27.949850463867165,8.672205876326188
840,2020-03-07 01:00:00,-29.4268138,7.828461451816758,-27.799765014648415,8.461856842041016,-33.018713378906256,-31.397131347656256,8.162871673703194,7.812739387154579,,
841,2020-03-07 02:00:00,-28.96425351388889,7.605271453478406,-27.89269104003904,8.66594123840332,-33.04338684082029,-31.422087097167946,8.090730860829353,7.755561858415604,,
842,2020-03-07 03:00:00,-28.555865705555558,7.76770786420347,-28.146398925781227,9.21096420288086,-33.06209411621094,-31.430273437499977,7.942879796028137,7.686988115310669,-28.101446533203102,9.214162186690372
843,2020-03-07 04:00:00,-28.64259367777778,7.925421338815654,-28.049215698242165,9.107973098754883,-33.14737548828123,-31.48850860595701,7.823030427098274,7.62164081633091,,
844,2020-03-07 05:00:00,-28.542587927777774,8.798733242959186,-28.097982788085915,8.765628814697266,-33.18271484374998,-31.55760803222654,7.737583324313164,7.600656181573868,,
845,2020-03-07 06:00:00,-28.368374522222226,8.723504866001301,-28.32427062988279,8.742505073547363,-33.27216186523438,-31.625212097167946,7.707432866096497,7.555757090449333,-28.324255371093727,8.784789033350535
846,2020-03-07 07:00:00,-28.456707922222222,7.912909910768437,-28.377828979492165,8.713177680969238,-33.378195190429665,-31.70481719970701,7.69181951880455,7.457103043794632,,
847,2020-03-07 08:00:00,-28.314353233333335,8.130925892355458,-28.479895019531227,8.19207763671875,-33.47929229736326,-31.77331390380857,7.615468457341194,7.332348212599754,,
848,2020-03-07 09:00:00,-28.885213266666668,7.2813802201234665,-28.620397949218727,8.188632011413574,-33.57343902587888,-31.896429443359324,7.519360184669495,7.144133165478706,-28.585226440429665,8.258029874879867
849,2020-03-07 10:00:00,-28.842024541666664,7.228088316819005,-28.50487365722654,8.33512020111084,-33.67455902099607,-31.99004211425779,7.425396651029587,6.95830699801445,,
850,2020-03-07 11:00:00,-28.679811280555555,7.6252249020521035,-28.630041503906227,8.048527717590332,-33.78522338867191,-32.04880371093748,7.296129614114761,6.725195378065109,,
851,2020-03-07 12:00:00,-28.49649111111111,7.713645811891915,-28.74712219238279,7.791447639465332,-33.87996520996094,-32.14633789062498,7.062625393271446,6.494710326194763,-28.745138549804665,7.712567818758544
852,2020-03-07 13:00:00,-28.353395213888888,6.801665115902153,-28.900610351562477,7.169379711151123,-33.976530456542946,-32.23601379394529,6.804508298635483,6.271027818322182,,
853,2020-03-07 14:00:00,-28.150192011111113,6.27369777321082,-29.023275756835915,6.2868828773498535,-34.07935943603513,-32.32494964599607,6.548049584031105,6.07345874607563,,
854,2020-03-07 15:00:00,-27.788652297222225,5.622119450825739,-29.141271972656227,5.873387813568115,-34.139852905273415,-32.39702453613279,6.3305844366550446,5.805968254804611,-29.192037963867165,5.865935970039573
855,2020-03-07 16:00:00,-27.402737072222223,5.831437366102069,-29.101507568359352,5.717038631439209,-34.18779602050779,-32.51042022705079,6.069130465388298,5.5645823031663895,,
856,2020-03-07 17:00:00,-27.218715022222227,6.513024888525043,-28.82579650878904,5.872550964355469,-34.23223724365229,-32.592443847656256,5.8382823169231415,5.3532423079013824,,
857,2020-03-07 18:00:00,-27.137082813888885,6.258442127118264,-28.674871826171852,5.6289896965026855,-34.25166168212888,-32.658415222167946,5.62664869427681,5.209598362445831,-28.67485656738279,5.5749087346484885
858,2020-03-07 19:00:00,-27.01600690277778,5.832364344713231,-28.313818359374977,5.856722354888916,-34.23225250244138,-32.68991699218748,5.452203124761581,5.111349046230316,,
859,2020-03-07 20:00:00,-26.806789827777777,5.733703356400174,-28.030706787109352,5.6344804763793945,-34.19245758056638,-32.65338745117191,5.243244871497154,4.921984970569611,,
860,2020-03-07 21:00:00,-26.790870875,5.674388128814556,-27.844076538085915,5.5150370597839355,-34.13575592041013,-32.600103759765574,4.926585674285889,4.577488780021668,-27.87140502929685,5.42844796164718
861,2020-03-07 22:00:00,-26.831070258333327,5.876744708201753,-27.83165588378904,5.5353922843933105,-34.040190124511696,-32.52133789062498,4.680144026875496,4.368248760700226,,
862,2020-03-07 23:00:00,-26.870114663888888,6.276335126757606,-27.79155578613279,5.830938339233398,-33.98000946044917,-32.46922149658198,4.518714249134064,4.29559063911438,,
863,2020-03-08 00:00:00,-27.028374866666663,5.971660451858811,-27.764196777343727,5.988309383392334,-33.93317260742191,-32.461515808105446,4.305267199873924,4.136861026287079,-27.764181518554665,6.068565476802178
864,2020-03-08 01:00:00,-27.104749111111108,5.959378678783428,-27.768377685546852,5.653425693511963,-33.89471282958982,-32.427145385742165,4.168739795684815,3.9020664989948273,,
865,2020-03-08 02:00:00,-27.363191980555555,5.846438016503992,-27.656622314453102,5.45351505279541,-33.864958190917946,-32.38836517333982,4.036727279424667,3.8379337936639786,,
866,2020-03-08 03:00:00,-27.690888344444446,5.9032048861212205,-27.732870483398415,5.138126850128174,-33.84046783447266,-32.35669555664063,3.908775627613068,3.814166024327278,-27.732855224609352,5.169101121777203
867,2020-03-08 04:00:00,-27.905114197222222,5.793712217832918,-27.55632629394529,4.9056596755981445,-33.92204895019529,-32.44933929443357,3.790589943528176,3.7651161402463913,,
868,2020-03-08 05:00:00,-28.409817333333333,4.98202918638036,-27.986914062499977,4.465376377105713,-34.012167358398386,-32.547872924804665,3.7856074571609497,3.6647439152002335,,
869,2020-03-08 06:00:00,-28.42623555833333,5.638860663758549,-28.870016479492165,4.360436916351318,-34.11390533447266,-32.67685546874998,3.7705806344747534,3.612504169344902,-28.870001220703102,4.430724356498104
870,2020-03-08 07:00:00,-29.249624941666667,5.373701756430299,-29.504248046874977,4.464849948883057,-34.24887695312498,-32.815924072265574,3.804510921239853,3.664539009332657,,
871,2020-03-08 08:00:00,-29.95405121111111,5.221402169030765,-29.757147216796852,4.401153564453125,-34.44187774658198,-32.975851440429665,3.8713720738887782,3.7299367636442176,,
872,2020-03-08 09:00:00,-31.16021925595238,4.718540578964647,-30.148596191406227,4.43673038482666,-34.64489593505857,-33.131842041015574,3.9066272228956223,3.802098363637924,-30.1479553222656,4.503637862973847
873,2020-03-08 10:00:00,-32.2521802,4.7196659026446826,-30.344427490234352,4.864498138427734,-34.79461517333982,-33.27227630615229,4.11075134575367,3.9060937017202377,,
874,2020-03-08 11:00:00,-33.87475326388889,4.740059723297978,-30.553305053710915,5.630807876586914,-34.911528015136696,-33.38538970947266,4.295281752943993,3.994271039962769,,
875,2020-03-08 12:00:00,-34.49175603888889,4.3293525337854355,-31.076666259765602,5.598041534423828,-35.04485168457029,-33.50882568359373,4.42009049654007,4.10473395884037,-31.08641662597654,5.63948818820063
876,2020-03-08 13:00:00,-33.699074452777786,4.77962269976491,-31.20580139160154,5.786775588989258,-35.18320312499998,-33.64873352050779,4.524359568953514,4.282898709177971,,
877,2020-03-08 14:00:00,-33.583085788194445,5.2216036196321225,-31.214086914062477,6.150184154510498,-35.281462097167946,-33.772734069824224,4.702614113688469,4.5329045951366425,,
878,2020-03-08 15:00:00,-33.85625861388888,5.900318854561348,-31.728826904296852,5.74276065826416,-35.344328308105446,-33.85114135742191,5.015735164284706,4.737634494900703,-31.72881164550779,5.766960744163953
879,2020-03-08 16:00:00,-34.02317545,6.729692688163984,-32.4216369628906,5.646968364715576,-35.42303314208982,-33.95329132080079,5.213205873966217,4.884235039353371,,
880,2020-03-08 17:00:00,-34.297744575,7.287279721508974,-32.604879760742165,6.1165289878845215,-35.52362670898438,-34.0142883300781,5.404525130987167,5.153975620865822,,
881,2020-03-08 18:00:00,-34.71216196388888,7.409439004496197,-32.8172668457031,6.435322284698486,-35.59789886474607,-34.067594909667946,5.658263742923737,5.424962967634201,-32.87193908691404,6.606280200008769
882,2020-03-08 19:00:00,-35.25227181944445,7.881332730476747,-32.585958862304665,7.335816860198975,-35.60899200439451,-34.09394683837888,5.94116847217083,5.597599416971207,,
883,2020-03-08 20:00:00,-35.53829399166667,8.22180305061788,-32.31955566406248,8.107767105102539,-35.565328979492165,-34.06297912597654,6.187407940626144,5.665231138467789,,
884,2020-03-08 21:00:00,-35.77107834444445,8.030975698221104,-32.33450927734373,8.268898010253906,-35.50151672363279,-33.98274078369138,6.323755472898483,5.975929170846939,-32.334494018554665,8.18507883057464
885,2020-03-08 22:00:00,-36.036158275,8.257117362226593,-32.404196166992165,8.617778778076172,-35.45323028564451,-33.888677978515574,6.697372883558273,6.398824021220207,,
886,2020-03-08 23:00:00,-36.487142069444445,8.632347136468082,-32.13385620117185,9.199960708618164,-35.39497222900388,-33.78230895996094,6.897977262735367,6.584492385387421,,
887,2020-03-09 00:00:00,-36.89442825277778,8.408780221060193,-31.719931030273415,9.588979721069336,-35.30633392333982,-33.69819488525388,7.1600002348423,6.793252259492874,-31.796087646484352,9.40471302298829
888,2020-03-09 01:00:00,-37.14177123333334,8.505434138004311,-31.66814270019529,9.478442192077637,-35.23730316162107,-33.62215270996094,7.444988027215004,7.03785052895546,,
889,2020-03-09 02:00:00,-37.32737036111111,8.82165135228018,-31.67662658691404,9.64605712890625,-35.16187896728513,-33.54387512207029,7.5480636060237885,7.175847381353378,,
890,2020-03-09 03:00:00,-37.411648702777775,9.00201614680015,-31.707922363281227,10.044170379638672,-35.12504425048829,-33.47379913330079,7.755163848400116,7.339386597275734,-31.707907104492165,10.130977574095596
891,2020-03-09 04:00:00,-37.353146263888895,8.888151054175077,-32.106771850585915,10.240989685058594,-35.09009399414063,-33.439344787597605,8.048448950052261,7.569933623075485,,
892,2020-03-09 05:00:00,-37.28394111666666,8.733079248535946,-32.24889221191404,10.150735855102539,-35.07057037353513,-33.42999114990229,8.292924493551254,7.826493710279465,,
893,2020-03-09 06:00:00,-37.2348047,8.822762434779959,-32.41379394531248,10.121862411499023,-35.055380249023415,-33.42314758300779,8.488517299294472,7.92899078130722,-32.413778686523415,10.137963175191544
894,2020-03-09 07:00:00,-37.184199952777774,8.930304797844029,-32.76801147460935,10.050179481506348,-35.03988494873042,-33.42239227294917,8.539779841899872,8.051223307847977,,
895,2020-03-09 08:00:00,-37.20924667777778,9.255275236922571,-33.00858154296873,9.92042064666748,-35.03381195068357,-33.414450073242165,8.502837523818016,8.13295865058899,,
896,2020-03-09 09:00:00,-37.17564438055555,8.941064024854322,-33.09738769531248,9.907977104187012,-35.04056396484373,-33.43829193115229,8.597741171717644,8.245329350233078,-33.138388061523415,9.881127913948148
897,2020-03-09 10:00:00,-37.145940438888886,8.779329060339629,-33.20929565429685,9.851898193359375,-35.075346374511696,-33.48505249023438,8.717645421624184,8.428275316953659,,
898,2020-03-09 11:00:00,-37.140541275,8.290659091773284,-33.17304077148435,9.93350887298584,-35.15112152099607,-33.54962768554685,8.825731799006462,8.63093002140522,,
899,2020-03-09 12:00:00,-37.433424027777775,8.159922444801637,-33.098104858398415,10.018961906433105,-35.238607788085886,-33.617567443847605,8.963521555066109,8.814541384577751,-33.09807434082029,9.735674036550336
900,2020-03-09 13:00:00,-37.61629611944445,8.015548982305882,-32.84459533691404,9.833105087280273,-35.33586730957029,-33.700338745117165,9.164791829884052,8.9039516299963,,
901,2020-03-09 14:00:00,-37.43429937222222,8.123815835872731,-32.905966186523415,9.90455150604248,-35.39920654296873,-33.775534057617165,9.25131694227457,8.957825481891632,,
902,2020-03-09 15:00:00,-37.47512902222223,8.449934012623853,-32.96031799316404,10.143638610839844,-35.47135772705079,-33.82710113525388,9.128885492682455,8.918092772364616,-32.96030273437498,10.049954336020164
903,2020-03-09 16:00:00,-37.696876127777784,9.052805374755577,-33.04398193359373,10.01163387298584,-35.50177612304685,-33.847128295898386,9.111926957964895,8.766175255179405,,
904,2020-03-09 17:00:00,-37.708312525000004,8.926419849125006,-33.01581420898435,9.827829360961914,-35.51493682861326,-33.86011352539063,8.926104456186295,8.676346391439438,,
905,2020-03-09 18:00:00,-37.583244775,8.450961775101396,-32.925680541992165,9.978217124938965,-35.517248535156256,-33.84815826416013,8.925027519464493,8.624103337526321,-32.9256652832031,9.914345028460955
906,2020-03-09 19:00:00,-37.45328115277777,9.012927577761907,-32.52940979003904,9.955131530761719,-35.50885620117191,-33.81763305664063,8.899323746562004,8.5802943110466,,
907,2020-03-09 20:00:00,-37.81917600277777,9.276020910008743,-32.57121887207029,9.888036727905273,-35.47558441162107,-33.78538360595701,8.796308279037476,8.481865674257278,,
908,2020-03-09 21:00:00,-37.89138831944444,9.378054516213949,-32.59685363769529,9.600547790527344,-35.40337219238279,-33.72785034179685,8.835509449243546,8.496258437633514,-32.64800109863279,9.604960497905267
909,2020-03-09 22:00:00,-37.735313725,9.14899863154549,-32.52106323242185,9.652541160583496,-35.33501281738279,-33.66730346679685,8.707607835531235,8.352637827396393,,
910,2020-03-09 23:00:00,-37.77555341111111,9.983592767622119,-32.5108703613281,9.610995292663574,-35.210348510742165,-33.53762664794917,8.49428117275238,8.215353265404701,,
911,2020-03-10 00:00:00,-37.853493255555556,9.565577252889371,-32.51219787597654,9.62746810913086,-35.02782287597654,-33.37577667236326,8.354218542575836,8.10371409356594,-32.51218261718748,9.43869038077537
912,2020-03-10 01:00:00,-38.03219478333333,9.367237686722055,-32.39995422363279,9.836071014404297,-34.85294952392573,-33.210455322265574,8.2137700766325,7.890570163726807,,
913,2020-03-10 02:00:00,-38.02993981111111,9.29292147303692,-32.39572753906248,9.760632514953613,-34.65051116943357,-33.03312530517573,8.092469424009323,7.747694820165634,,
914,2020-03-10 03:00:00,-37.94132980277777,9.458019117184714,-32.42272033691404,10.054793357849121,-34.40026702880857,-32.80174102783198,7.948836594820023,7.634440451860428,-32.42270507812498,10.055107120308094
915,2020-03-10 04:00:00,-38.118423658333334,9.892825667439238,-32.262411499023415,10.249591827392578,-34.14314117431638,-32.54199066162107,7.698119252920151,7.364447206258774,,
916,2020-03-10 05:00:00,-38.330060144444445,9.961076315207922,-32.218283081054665,9.96749496459961,-33.840536499023415,-32.27524414062498,7.416117906570435,7.089644879102707,,
917,2020-03-10 06:00:00,-38.68571014444444,9.715272879406578,-32.120932006835915,10.351576805114746,-33.54303588867191,-32.03897705078123,7.144213899970055,6.812802642583847,-32.23224487304685,10.26048888801597
918,2020-03-10 07:00:00,-39.03489484166666,9.632625247172617,-32.12059631347654,10.373831748962402,-33.2327941894531,-31.796911621093727,6.799156427383423,6.522020295262337,,
919,2020-03-10 08:00:00,-39.24578168888889,9.232263473827993,-32.0011047363281,10.279451370239258,-32.95360412597654,-31.522604370117165,6.4312010407447815,6.171554550528526,,
920,2020-03-10 09:00:00,-39.45738305555556,9.779668473587714,-31.920782470703102,10.33360767364502,-32.64379730224607,-31.157789611816384,6.2833797335624695,5.981096789240837,-31.92076721191404,10.340449673705734
921,2020-03-10 10:00:00,-39.406058494444444,9.600690538867964,-31.863500976562477,10.382843017578125,-32.30474700927735,-30.748022460937477,6.096725821495056,5.929081976413727,,
922,2020-03-10 11:00:00,-39.252958158333335,9.553209637147885,-31.711676025390602,10.229715347290039,-31.87273254394529,-30.339872741699168,5.940057963132858,5.752974510192871,,
923,2020-03-10 12:00:00,-39.11239159166667,9.887503628516173,-31.513372802734352,10.057283401489258,-31.53446807861326,-30.001982116699168,5.803041517734528,5.634137004613876,-31.51140441894529,9.98361205100082
924,2020-03-10 13:00:00,-38.96135302222222,10.208009551635095,-31.478155517578102,9.681782722473145,-31.34338226318357,-29.698126220703102,5.751914247870445,5.484856441617012,,
925,2020-03-10 14:00:00,-38.739271925000004,9.599679941127578,-31.064840698242165,9.219169616699219,-31.320761108398386,-29.475134277343727,5.669966071844101,5.360715240240097,,
926,2020-03-10 15:00:00,-38.611694758333336,9.428077992096007,-30.75700988769529,9.000306129455566,-31.211996459960943,-29.351225280761696,5.478564500808716,5.158515751361847,-30.756979370117165,8.76356249168748
927,2020-03-10 16:00:00,-38.39502168888888,9.229192166856507,-30.30144348144529,8.624149322509766,-31.045050048828102,-29.20713653564451,5.305439054965973,4.887096554040909,,
928,2020-03-10 17:00:00,-38.31158879722222,9.061242957330228,-29.828833007812477,8.393869400024414,-30.86059417724607,-29.04205932617191,5.098940387368202,4.694084078073502,,
929,2020-03-10 18:00:00,-38.31139995833333,8.688467379563058,-29.559835815429665,8.04742431640625,-30.662870788574224,-28.92668762207029,4.889345705509186,4.635251834988594,-29.6867736816406,8.178049943991937
930,2020-03-10 19:00:00,-38.23613430555556,8.712082243616862,-29.208868408203102,7.681845188140869,-30.50822296142573,-28.839010620117165,4.600538954138756,4.6240765154361725,,
931,2020-03-10 20:00:00,-37.990973458333336,8.041305845229537,-28.658834838867165,7.099283695220947,-30.443251037597605,-28.88645782470701,4.393677711486816,4.575791895389557,,
932,2020-03-10 21:00:00,-37.68587121388889,7.242586919507313,-27.981466674804665,6.145047187805176,-30.446066284179665,-29.045927429199168,4.187205895781517,4.395483270287514,-27.9814514160156,6.244588167639449
933,2020-03-10 22:00:00,-37.65039096388889,6.759109942114146,-27.262640380859352,5.386213302612305,-30.701429748535134,-29.273703002929665,4.000358194112778,4.28426194190979,,
934,2020-03-10 23:00:00,-37.03244115555555,6.685941276637775,-26.805700683593727,5.031644821166992,-30.985365295410134,-29.595663452148386,3.965342521667481,4.17844495177269,,
935,2020-03-11 00:00:00,-36.407079438888886,5.8942362267166075,-26.889105224609352,4.189839839935303,-31.317816162109324,-29.964437866210943,4.152024507522583,4.129550009965897,-27.05315246582029,4.067079116532113
936,2020-03-11 01:00:00,-34.95245305277778,5.421005628084605,-26.125891113281227,3.538147211074829,-31.762998962402293,-30.343565368652293,4.457536339759827,4.350230023264885,,
937,2020-03-11 02:00:00,-35.819500544444445,4.237009600531786,-26.190649414062477,3.0458502769470215,-32.1519836425781,-30.74693908691401,4.720231860876083,4.690120235085487,,
938,2020-03-11 03:00:00,-36.859759330555555,3.838666295071248,-27.372213745117165,2.59840989112854,-32.47971191406248,-31.14214935302735,4.987279951572418,5.191867664456368,-27.374151611328102,2.467190005350858
939,2020-03-11 04:00:00,-37.28141176388888,3.436034171586602,-28.296972656249977,2.263187885284424,-32.72386779785154,-31.430754089355446,5.224015235900879,5.5364906042814255,,
940,2020-03-11 05:00:00,-38.20712853333333,3.1375325289665503,-28.208105468749977,2.9271416664123535,-32.951116943359324,-31.641317749023415,5.4344236850738525,5.411605328321457,,
941,2020-03-11 06:00:00,-38.42204205555556,2.533680053160862,-28.603659057617165,3.270190954208374,-33.131002807617165,-31.795805358886696,5.548798531293869,5.556801855564117,-28.603643798828102,3.233082598191686
942,2020-03-11 07:00:00,-37.28736212222222,2.6281771477442954,-27.591085815429665,4.592524528503418,-33.272245788574224,-31.909338378906256,5.655731201171875,5.741513133049011,,
943,2020-03-11 08:00:00,-36.521216277777775,3.3499834861586257,-27.022787475585915,5.330533027648926,-33.33391418457029,-31.934393310546852,5.80398665368557,5.916477665305138,,
944,2020-03-11 09:00:00,-36.245672725,4.133716347538382,-28.47728576660154,4.8426690101623535,-33.26240386962888,-31.74585571289063,5.64488909393549,5.653032928705216,-28.47727050781248,4.65819936740445
945,2020-03-11 10:00:00,-35.932459019444444,4.3640503063471945,-28.209906005859352,4.698667049407959,-32.849699401855446,-31.248869323730418,5.485967919230461,5.4624278247356415,,
946,2020-03-11 11:00:00,-34.93693688888889,4.418513804192853,-27.130438232421852,5.147068977355957,-31.98460235595701,-30.330397033691384,5.5086676478385925,5.543873399496079,,
947,2020-03-11 12:00:00,-33.419019625000004,5.1607188314248305,-25.13860168457029,6.122143268585205,-31.052816772460943,-29.35521545410154,5.844332784414291,5.907570660114288,-25.138571166992165,6.047302715596743
948,2020-03-11 13:00:00,-30.69911046388889,6.0259752868959175,-22.880590820312477,6.073845386505127,-30.262091064453102,-28.504660034179665,6.394095376133919,6.279961436986923,,
949,2020-03-11 14:00:00,-28.299761038888892,6.061300475071461,-21.706625366210915,6.9864912033081055,-29.742575073242165,-27.80975952148438,7.024302259087563,6.728721767663956,,
950,2020-03-11 15:00:00,-26.5914297723077,6.260911181180428,-21.288549804687477,8.628567695617676,-29.270338439941384,-27.311727905273415,7.474064148962498,6.978821590542793,,
951,2020-03-11 16:00:00,,,-21.365011596679665,9.366186141967773,-28.850538635253884,-27.069868469238287,7.941678747534752,7.337860599160194,,
952,2020-03-11 17:00:00,,,-21.46501770019529,9.560844421386719,-28.49375762939451,-26.809027099609324,8.133977636694908,7.7629325315356255,,
953,2020-03-11 18:00:00,-25.22908861111111,7.045028269278613,-21.569891357421852,9.712382316589355,-28.159834289550787,-26.51548614501951,8.315929874777794,8.032093077898026,,
954,2020-03-11 19:00:00,,,-21.314642333984352,9.949934005737305,-27.842558288574224,-26.21948852539063,8.649329990148544,8.297640591859818,,
955,2020-03-11 20:00:00,,,-21.33855285644529,10.228154182434082,-27.657041931152293,-26.078871154785134,9.062039226293564,8.577656358480453,,
956,2020-03-11 21:00:00,,,-21.56365051269529,10.63556957244873,-27.419462585449168,-26.068807983398386,9.40609222650528,9.038350239396095,,
957,2020-03-11 22:00:00,,,-22.385107421874977,10.73619556427002,-27.324537658691384,-26.051832580566384,9.62737573683262,9.330015659332275,,
958,2020-03-11 23:00:00,,,-22.763632202148415,11.372743606567383,-27.273397827148386,-25.908735656738287,9.873961389064789,9.530063971877098,,
959,2020-03-12 00:00:00,,,-22.933111572265602,11.357375144958496,-27.64079895019529,-26.234503173828102,9.739117980003355,9.55797117948532,,
960,2020-03-12 01:00:00,,,-22.860662841796852,11.605912208557129,-27.39006652832029,-26.028158569335886,10.275491073727608,10.032798036932943,,
961,2020-03-12 02:00:00,,,-22.51042785644529,11.4036865234375,-27.07201232910154,-25.784971618652293,10.783576712012293,10.444667488336565,,
962,2020-03-12 03:00:00,,,-22.168310546874977,12.201587677001953,-26.81011810302735,-25.68871154785154,11.321622610092165,11.006078779697418,,
963,2020-03-12 04:00:00,,,-22.696813964843727,12.892098426818848,-26.839758300781227,-25.909559631347605,12.078266590833664,11.707036674022676,,
964,2020-03-12 05:00:00,,,-23.299780273437477,13.345710754394531,-27.075575256347605,-26.146650695800787,12.427627965807917,12.128869742155077,,
965,2020-03-12 06:00:00,,,-24.166693115234352,13.720732688903809,-27.414381408691384,-26.364942932128884,12.45933961868286,12.195369809865952,,
966,2020-03-12 07:00:00,,,-24.895712280273415,13.927509307861328,-27.56591644287107,-26.578100585937477,12.370292469859123,12.13151191174984,,
967,2020-03-12 08:00:00,,,-25.440954589843727,13.747885704040527,-27.719396972656256,-26.649038696289068,12.3046046346426,12.056817442178726,,
968,2020-03-12 09:00:00,,,-26.067541503906227,13.689882278442383,-27.751142883300787,-26.676344299316384,12.274791285395622,12.115279033780098,-26.067526245117165,13.869584886793746
969,2020-03-12 10:00:00,-28.2113504375,12.567490868145644,-26.039816284179665,13.894556045532227,-27.60558929443357,-26.589514160156256,12.38425426185131,12.306536197662354,,
970,2020-03-12 11:00:00,-27.899583491666665,12.938910928454332,-25.81798400878904,13.976481437683105,-27.50018157958982,-26.47741546630857,12.578712806105614,12.462775766849518,,
971,2020-03-12 12:00:00,-27.229192044444446,12.4734727799024,-25.34367980957029,13.933094024658203,-27.34521331787107,-26.499937438964764,12.675886005163193,12.577360332012177,-25.390539550781227,13.907016712473704
972,2020-03-12 13:00:00,-26.323483063888887,12.922542217220782,-24.762213134765602,13.78016471862793,-27.22710266113279,-26.540991210937477,12.683431059122086,12.59314689040184,,
973,2020-03-12 14:00:00,-25.56134618568376,13.136267527559104,-24.461828613281227,14.161295890808105,-27.095785522460943,-26.466909790039068,12.70362190157175,12.66494882106781,,
974,2020-03-12 15:00:00,-25.559983088888888,12.935492241045864,-24.616522216796852,14.058526039123535,-27.082487487792946,-26.371748352050787,12.82586033642292,12.734609179198742,-24.58917846679685,14.222349788877182
975,2020-03-12 16:00:00,-25.808745266666666,12.89540388987568,-24.452108764648415,14.231328964233398,-27.08422698974607,-26.268232727050787,12.953424394130709,12.800664991140366,,
976,2020-03-12 17:00:00,-26.477629627777773,13.362242369653396,-24.320196533203102,14.679875373840332,-27.12402191162107,-26.20495452880857,13.006258741021156,12.89125382900238,,
977,2020-03-12 18:00:00,-26.985597161111116,13.387659927259818,-24.442572021484352,14.741827964782715,-27.14397277832029,-26.14409484863279,13.070321589708328,12.940914273262024,-24.44255676269529,14.783945816918276
978,2020-03-12 19:00:00,-27.219985955555554,12.728264797814331,-24.446173095703102,15.10274600982666,-27.143927001953102,-26.081930541992165,13.116337835788729,12.964971840381622,,
979,2020-03-12 20:00:00,-27.40685952222222,,-24.461004638671852,15.470563888549805,-27.162870788574224,-26.06194152832029,13.135738611221312,12.929516822099686,,
980,2020-03-12 21:00:00,-27.801130625000003,12.696721429867909,-24.592611694335915,14.909542083740234,-27.237448120117165,-26.07536926269529,13.232216984033585,12.119612634181976,-24.59259643554685,14.78473050321918
981,2020-03-12 22:00:00,-28.122658472222223,13.387314792735873,-24.54021301269529,14.644362449645996,-27.463583374023415,-26.249914550781227,11.521846950054169,11.040753662586212,,
982,2020-03-12 23:00:00,-28.401006044444447,13.510612829593512,-24.945013427734352,14.0433988571167,-27.57957305908198,-26.355474853515574,11.01190721988678,10.897375911474228,,
983,2020-03-13 00:00:00,-28.586990341666667,13.684964186053948,-26.36479797363279,14.995587348937988,-27.671759033203102,-26.419889831542946,11.418027639389038,11.022337287664412,-26.392126464843727,15.142428325489163
984,2020-03-13 01:00:00,-28.856453983333335,13.864868724701575,-26.826391601562477,15.218664169311523,-27.75231781005857,-26.487608337402293,11.645603120326996,11.019491955637932,,
985,2020-03-13 02:00:00,-29.159789758333332,14.494892259738476,-27.205114746093727,15.310752868652344,-27.796270751953102,-26.560026550292946,11.726949885487556,11.068094059824944,,
986,2020-03-13 03:00:00,-29.35723271468254,14.924830592416738,-27.37273254394529,14.919509887695312,-27.80144348144529,-26.59464874267573,11.789643540978432,11.24701227247715,,
987,2020-03-13 04:00:00,,,-27.17742004394529,14.903580665588379,-27.78869476318357,-26.578009033203102,11.610122337937357,11.27336448431015,,
988,2020-03-13 05:00:00,,,-27.123480224609352,15.10053825378418,-27.721212768554665,-26.497290039062477,11.517737239599228,10.9635069668293,,
989,2020-03-13 06:00:00,,,-27.20000305175779,15.140378952026367,-27.606710815429665,-26.380140686035134,11.126383513212204,10.661710575222967,,
990,2020-03-13 07:00:00,,,-26.844274902343727,15.67568588256836,-27.472494506835886,-26.263609313964764,10.916802257299423,10.797706887125967,,
991,2020-03-13 08:00:00,,,-26.938314819335915,15.448381423950195,-27.397238159179665,-26.133459472656256,11.484647825360298,10.84655113518238,,
992,2020-03-13 09:00:00,,,-27.026937866210915,15.22385025024414,-27.401411437988287,-26.168676757812477,11.871230855584145,11.381465181708336,,
993,2020-03-13 10:00:00,,,-26.512472534179665,15.320788383483887,-27.63544311523438,-26.405554199218727,11.54879054427147,11.076008141040802,,
994,2020-03-13 11:00:00,,,-26.31273498535154,15.151103019714355,-28.20281829833982,-26.841154479980418,11.20231032371521,10.700776740908625,,
995,2020-03-13 12:00:00,,,-26.121359252929665,15.41065788269043,-28.84032287597654,-27.413740539550787,11.289740532636642,10.912994042038918,,
996,2020-03-13 13:00:00,,,-25.980871582031227,15.701412200927734,-29.387098693847605,-27.83660736083982,11.772253796458244,11.482235535979273,,
997,2020-03-13 14:00:00,,,-25.334799194335915,15.545416831970215,-29.52580871582029,-28.047743225097605,11.789823591709135,11.780601501464844,,
998,2020-03-13 15:00:00,,,-25.021643066406227,15.447593688964844,-29.43974151611326,-27.97711791992191,12.115939244627953,12.03784702718258,,
999,2020-03-13 16:00:00,,,-24.347677612304665,15.594715118408203,-29.287878417968727,-27.83179321289063,12.88761669397354,12.5271814763546,,
1000,2020-03-13 17:00:00,,,-23.848608398437477,15.876259803771973,-29.13316192626951,-27.67077484130857,12.895739614963531,12.900156393647194,,
1001,2020-03-13 18:00:00,,,-23.119848632812477,15.632261276245117,-29.028356933593727,-27.55175628662107,12.855315685272217,12.884405359625816,,
1002,2020-03-13 19:00:00,,,-21.47044982910154,14.202335357666016,-28.91960754394529,-27.403280639648386,12.380851686000824,12.572968170046806,,
1003,2020-03-13 20:00:00,,,-20.89794006347654,13.989693641662598,-28.749853515624977,-27.207075500488287,11.93501678109169,12.14080160856247,,
1004,2020-03-13 21:00:00,,,-20.88493957519529,13.73110294342041,-28.60935821533198,-26.99608459472654,11.182712197303772,11.178719371557236,,
1005,2020-03-13 22:00:00,,,-20.512182617187477,13.254249572753906,-28.427381896972662,-26.73625793457029,11.158992797136309,11.29161873459816,,
1006,2020-03-13 23:00:00,,,-20.197592163085915,13.146108627319336,-28.26170196533198,-26.419821166992165,11.123178869485857,11.0723594725132,,
1007,2020-03-14 00:00:00,,,-20.138952636718727,13.776006698608398,-28.055029296874977,-26.206144714355446,10.66773472726345,10.643384873867037,,
1008,2020-03-14 01:00:00,,,-19.979925537109352,12.587008476257324,-27.817472839355446,-26.01598205566401,10.54949516057968,10.30221551656723,,
1009,2020-03-14 02:00:00,,,-19.94335021972654,11.854934692382812,-27.633940124511696,-25.856542968749977,10.116434156894684,9.743205472826958,,
1010,2020-03-14 03:00:00,,,-19.931158447265602,11.598552703857422,-27.554891967773415,-25.88110198974607,9.625388815999033,9.457511886954308,,
1011,2020-03-14 04:00:00,,,-19.118597412109352,11.42845630645752,-27.547300720214764,-25.98325958251951,9.132821410894394,9.38160651922226,,
1012,2020-03-14 05:00:00,,,-18.98039855957029,11.405885696411133,-27.505407714843727,-26.189657592773415,8.607140362262726,8.998685091733932,,
1013,2020-03-14 06:00:00,,,-18.51897277832029,10.771215438842773,-27.49169769287107,-26.466146850585886,7.939331024885178,8.36730045080185,,
1014,2020-03-14 07:00:00,,,-17.820944213867165,9.313516616821289,-27.70725860595701,-26.787077331542946,7.452170595526695,7.857399821281433,,
1015,2020-03-14 08:00:00,,,-18.112554931640602,4.961365222930908,-28.061338806152293,-27.133322143554665,6.5592526495456696,6.662920638918877,,
1016,2020-03-14 09:00:00,-25.822020805555553,6.484018856829425,-18.625555419921852,6.405483722686768,-28.63493957519529,-27.51141204833982,5.527310699224472,5.613053053617477,-18.62554016113279,6.437279034696985
1017,2020-03-14 10:00:00,-25.28805595,5.18495404606085,-19.864050292968727,6.407104015350342,-29.092131042480418,-27.809156799316384,4.766627877950668,4.672732293605804,,
1018,2020-03-14 11:00:00,-27.00015149444444,4.092996389647634,-20.470190429687477,3.8719594478607178,-29.465177917480418,-27.985380554199168,4.1934328228235245,4.279407292604446,,
1019,2020-03-14 12:00:00,-26.91885307179704,5.126373693794446,-20.319601440429665,4.591729164123535,-29.609205627441384,-28.030905151367165,4.046268537640572,4.130603551864624,-20.3195861816406,4.478316538094077
1020,2020-03-14 13:00:00,-27.638085344444445,4.618301298581142,-21.537313842773415,3.6879396438598633,-29.570356750488287,-27.938261413574224,3.743141606450081,3.743994444608688,,
1021,2020-03-14 14:00:00,-26.546159872222223,4.476581356695422,-25.271063232421852,1.8535035848617554,-29.451666259765574,-27.891119384765574,3.612624853849411,3.7167946994304657,,
1022,2020-03-14 15:00:00,-25.082612936111108,3.4556322090538445,-26.971655273437477,0.6564435362815857,-29.180555725097605,-27.725721740722662,3.530709981918335,3.277612969279289,-26.97164001464841,0.8381318539613858
1023,2020-03-14 16:00:00,-25.859214075,2.181503994340868,-26.245397949218727,1.263615608215332,-28.94816436767573,-27.513212585449168,3.237377107143402,3.094638809561729,,
1024,2020-03-14 17:00:00,-26.4015706,1.8618863359713693,-25.352392578124977,1.846665620803833,-28.705908203124977,-27.371000671386696,3.116664782166481,2.809502825140953,,
1025,2020-03-14 18:00:00,-27.547726416666666,3.5715758798572135,-26.107015991210915,2.2953922748565674,-28.65991821289063,-27.287199401855446,3.0830771028995514,2.733273684978485,-26.10700073242185,2.367007064225618
1026,2020-03-14 19:00:00,-29.459847544444447,3.0747138657901694,-25.824301147460915,2.9574174880981445,-28.704176330566384,-27.39037933349607,2.9551046788692474,2.7049828469753265,,
1027,2020-03-14 20:00:00,-30.826119430555554,2.841844044608903,-26.569860839843727,3.6888394355773926,-28.933370971679665,-27.574804687499977,2.954651862382889,2.6817438900470734,,
1028,2020-03-14 21:00:00,-32.10569834722222,2.87687671351547,-28.380941772460915,2.760390520095825,-29.160040283203102,-27.592565917968727,3.1041668504476547,2.4427637457847595,-28.38092651367185,2.64627120597288
1029,2020-03-14 22:00:00,-33.003131958333334,3.2234428679951086,-28.78551330566404,2.4679861068725586,-29.281347656249977,-27.61991729736326,3.080452188849449,2.2255456894636154,,
1030,2020-03-14 23:00:00,-33.08251110555556,3.1521270798844383,-28.73137512207029,2.315774440765381,-29.324476623535134,-27.769659423828102,3.367026388645172,2.028207391500473,,
1031,2020-03-15 00:00:00,-32.83557671388889,3.7591120739552046,-29.287298583984352,1.9979254007339478,-31.70136108398438,-30.148832702636696,3.875970810651779,2.81408628821373,-29.287191772460915,1.937323198071681
1032,2020-03-15 01:00:00,-32.24186461666667,4.010855562743387,-29.322286987304665,1.750469446182251,-31.619596862792946,-30.011381530761696,3.620194718241692,2.546319782733917,,
1033,2020-03-15 02:00:00,-31.455225886111112,3.715493630319943,-27.128378295898415,1.8827253580093384,-31.387785339355446,-29.687651062011696,3.3817553222179413,2.0581207871437077,,
1034,2020-03-15 03:00:00,-30.227571075,3.5890123937370575,-25.473272705078102,2.6203055381774902,-30.81944122314451,-29.084898376464764,2.3743606507778168,1.0951424539089205,-25.473242187499977,2.6695209477329627
1035,2020-03-15 04:00:00,-28.100308413888893,3.76524065986672,-24.162390136718727,2.8998379707336426,-30.310713195800787,-28.53052368164063,1.590926170349121,1.749974101781845,,
1036,2020-03-15 05:00:00,-25.853848036111106,4.5696924093881846,-22.90044250488279,2.5212390422821045,-29.70117034912107,-27.953405761718727,1.221229463815689,2.03907074034214,,
1037,2020-03-15 06:00:00,-24.758276869444447,3.3994248545908703,-21.093572998046852,3.902827739715576,-28.930502319335886,-27.25836029052735,2.4223478883504868,2.7026573717594147,-21.09355773925779,4.043429862940684
1038,2020-03-15 07:00:00,-23.221528305555555,3.849656028536888,-17.502081298828102,9.133886337280273,-27.297392272949168,-25.620512390136696,4.603678867220879,4.454640284180641,,
1039,2020-03-15 08:00:00,-19.588057930555557,9.24567725913922,-17.486303710937477,10.497489929199219,-25.130384826660134,-23.56822052001951,8.342572927474976,7.647962331771851,,
1040,2020-03-15 09:00:00,-19.228579027777773,11.086839748578553,-17.972357177734352,11.278489112854004,-23.669439697265574,-22.32835998535154,11.383274793624878,10.507519453763962,-17.936972045898415,11.3157693578396
1041,2020-03-15 10:00:00,-19.85063943333333,11.13360875169088,-17.917684936523415,11.520651817321777,-23.14385070800779,-21.94976654052735,12.277786150574684,11.947541117668152,,
1042,2020-03-15 11:00:00,-20.16154668333333,11.225738289369376,-17.834738159179665,10.977302551269531,-23.054205322265574,-21.801908874511696,12.781908214092256,12.674152374267578,,
1043,2020-03-15 12:00:00,-20.11512586388889,12.43974201890209,-18.941992187499977,13.803731918334961,-23.10405578613279,-21.82665863037107,13.149643152952194,12.991470113396645,-18.897055053710915,13.992576090153308
1044,2020-03-15 13:00:00,-20.293698983333332,12.698153972282464,-19.52745666503904,13.171019554138184,-23.232687377929665,-21.951216125488287,13.28257356584072,13.160038694739342,,
1045,2020-03-15 14:00:00,-20.614420624999998,14.14027690994446,-19.86528625488279,12.661039352416992,-23.403097534179665,-22.146910095214764,13.519454702734947,13.24776256084442,,
1046,2020-03-15 15:00:00,-20.857944030555554,13.62461908130924,-20.711508178710915,13.06132984161377,-23.623632812499977,-22.363172912597605,13.64475704729557,13.33684766292572,-20.71065368652341,13.648915814934298
1047,2020-03-15 16:00:00,-21.263589377777777,13.487713555959063,-21.53447570800779,13.00788402557373,-23.868658447265574,-22.598165893554665,13.809561550617218,13.452072411775587,,
1048,2020-03-15 17:00:00,-22.202090799999997,13.48581642553996,-23.061041259765602,13.545490264892578,-24.154150390624977,-22.924620056152293,13.884642511606216,13.480896323919296,,
1049,2020-03-15 18:00:00,-23.059763908333338,13.073146393655444,-23.99779357910154,13.454665184020996,-24.443006896972662,-23.403028869628884,13.777146250009537,13.496528297662737,-23.976217651367165,13.786791950347832
1050,2020-03-15 19:00:00,-23.50640462222222,12.663291718064682,-23.731085205078102,13.299065589904785,-24.785307312011696,-23.846327209472662,13.39540334045887,13.225684702396393,,
1051,2020-03-15 20:00:00,-24.041169419444444,12.814101299795079,-23.860144042968727,12.7374849319458,-25.20335998535154,-24.183599853515574,12.91697819530964,13.00313587486744,,
1052,2020-03-15 21:00:00,-24.248577105555555,13.881925583506346,-23.678656005859352,12.408858299255371,-25.58103790283198,-24.436430358886696,12.689000830054283,13.03146630525589,-23.68645324707029,12.4117579984013
1053,2020-03-15 22:00:00,-24.430267091666664,13.432790090901465,-23.45146789550779,12.351167678833008,-25.88738098144529,-24.654005432128884,12.675060331821442,12.43842026591301,,
1054,2020-03-15 23:00:00,-24.617728694444448,13.662377772178802,-23.73613586425779,11.882343292236328,-26.12425079345701,-24.85767211914063,12.735257476568222,12.274543642997742,,
1055,2020-03-16 00:00:00,-24.710275691666666,13.072875068735158,-23.833273315429665,11.841374397277832,-26.321241760253884,-25.080732727050787,12.732031166553496,12.030886068940164,-23.8332580566406,12.106895076693036
1056,2020-03-16 01:00:00,-24.877413913888887,11.96779483712064,-23.216574096679665,12.480657577514648,-26.414930725097605,-25.262289428710943,12.376904755830765,11.849930062890053,,
1057,2020-03-16 02:00:00,-24.869735886111105,11.75693171961177,-22.480245971679665,12.893031120300293,-26.441351318359324,-25.359632873535134,12.02576605975628,11.489471316337584,,
1058,2020-03-16 03:00:00,-24.89633825,11.581670199514269,-22.292929077148415,12.28555965423584,-26.45025482177735,-25.36710968017573,11.831130996346474,11.295818284153938,-22.29289855957029,12.484830641420558
1059,2020-03-16 04:00:00,-24.91535149444444,11.818112896694752,-22.297277832031227,12.240274429321289,-26.44390716552735,-25.334364318847605,11.586282879114153,11.152356669306757,,
1060,2020-03-16 05:00:00,-25.13454121944444,11.881622517398187,-22.24339904785154,11.127310752868652,-26.42210998535154,-25.266554260253884,11.149161353707314,10.914078012108805,,
1061,2020-03-16 06:00:00,-25.131268908333336,10.862883867968364,-22.314718627929665,10.326001167297363,-26.37206878662107,-25.183271789550787,10.754048764705658,10.531382113695145,-22.3147033691406,10.84313775668852
1062,2020-03-16 07:00:00,-25.024826869444443,11.189628197040719,-22.429846191406227,10.436412811279297,-26.320516967773415,-25.08740081787107,10.442176550626757,10.320756763219832,,
1063,2020-03-16 08:00:00,-25.319092555555553,10.762030529422708,-22.79930725097654,10.437158584594727,-26.27117004394529,-25.028921508789068,10.459737911820412,10.17123930156231,,
1064,2020-03-16 09:00:00,-25.685740966666668,10.0826210863666,-23.113439941406227,11.317240715026855,-26.224890136718727,-24.98723449707029,10.560485929250715,10.115928962826729,-22.99518432617185,11.97513762448216
1065,2020-03-16 10:00:00,-25.932857761111112,10.655270360452052,-23.158300781249977,12.102234840393066,-26.20653381347654,-24.977148437499977,10.361234217882156,10.167187795042992,,
1066,2020-03-16 11:00:00,-26.282101047222223,10.447862975528981,-23.576315307617165,11.792318344116211,-26.198339843749977,-24.971205139160134,10.41689632833004,10.1679325401783,,
1067,2020-03-16 12:00:00,-26.434750761111115,10.32649807034398,-23.907476806640602,11.344502449035645,-26.208410644531227,-24.990255737304665,10.555524602532389,10.306558445096016,-23.90744628906248,12.048186291474847
1068,2020-03-16 13:00:00,-26.680907438888894,9.840646077663452,-24.494223022460915,11.912629127502441,-26.25780334472654,-25.027777099609324,10.544173188507555,10.3638474047184,,
1069,2020-03-16 14:00:00,-26.725760822222224,9.643058560809138,-25.144003295898415,11.286396026611328,-26.316809082031227,-25.063063049316384,10.461412519216536,10.14904886484146,,
1070,2020-03-16 15:00:00,-26.743259041666665,9.693240203471833,-25.53160705566404,10.917214393615723,-26.35119476318357,-25.118009948730418,10.082526832818983,9.79981081187725,-25.531591796874977,11.397151419078
1071,2020-03-16 16:00:00,-26.805729063888887,10.458902262287701,-26.090170288085915,10.930490493774414,-26.373068237304665,-25.136694335937477,9.789237514138222,9.722752422094343,,
1072,2020-03-16 17:00:00,-27.068999580555555,10.426076152541942,-26.279989624023415,10.506570816040039,-26.377539062499977,-25.17198028564451,9.57927817106247,9.625136241316795,,
1073,2020-03-16 18:00:00,-27.5240505,10.117959643913519,-26.325781249999977,10.296625137329102,-26.41314544677735,-25.24834289550779,9.507063999772072,9.337795048952104,-26.325781249999977,10.33496715221554
1074,2020-03-16 19:00:00,-27.775682086111114,9.285889532236153,-26.112203979492165,10.054228782653809,-26.449667358398386,-25.25858917236326,9.32450607419014,9.34615983068943,,
1075,2020-03-16 20:00:00,-27.91958695,9.780760591140526,-25.801473999023415,9.268630027770996,-26.456068420410134,-25.28397979736326,9.378162384033203,9.23514710366726,,
1076,2020-03-16 21:00:00,-28.14223411666667,8.74038716962266,-25.498449707031227,9.141679763793945,-26.470610046386696,-25.30816497802735,9.27411076426506,9.29329749941826,-25.498434448242165,9.321398179628886
1077,2020-03-16 22:00:00,-28.455978461111112,8.57953270578025,-25.258810424804665,9.274855613708496,-26.528448486328102,-25.432516479492165,9.107382863759996,9.046900779008864,,
1078,2020-03-16 23:00:00,-29.001850386111116,8.040628339721009,-25.086279296874977,8.772859573364258,-26.571607971191384,-25.534628295898386,9.219658508896828,9.088966608047484,,
1079,2020-03-17 00:00:00,-28.95460738333333,8.36967037995544,-24.993185424804665,8.386738777160645,-26.650205993652293,-25.663717651367165,8.974420934915543,8.977252751588821,-24.9306701660156,8.536930058384314
1080,2020-03-17 01:00:00,-29.141747080555557,8.699973421102461,-25.73833312988279,7.930580139160156,-26.844084167480418,-25.86011352539063,8.590706288814545,8.604226902127266,,
1081,2020-03-17 02:00:00,-29.280705727777775,8.78724868894304,-25.588903808593727,7.593866348266602,-27.117613220214764,-26.09997406005857,8.143186315894127,8.196585327386856,,
1082,2020-03-17 03:00:00,-29.444755430555556,7.898507702230774,-25.250372314453102,8.197822570800781,-27.38854064941401,-26.31610717773438,7.740115463733673,7.856812134385109,-25.35777893066404,8.36239848130208
1083,2020-03-17 04:00:00,-29.71953265,7.384772055699609,-24.92107238769529,8.698653221130371,-27.659017944335886,-26.555624389648386,7.446424290537834,7.611606597900391,,
1084,2020-03-17 05:00:00,-29.856360586111112,7.569426587017355,-24.57164611816404,8.2145414352417,-27.913290405273415,-26.790693664550787,7.15820138156414,7.33281859755516,,
1085,2020-03-17 06:00:00,-29.834545488888892,6.845218532025158,-24.268957519531227,7.8586554527282715,-28.149916076660134,-26.998869323730418,6.876682057976723,7.000040635466576,-24.268927001953102,7.998098244424909
1086,2020-03-17 07:00:00,-29.247355019444445,7.592481955868238,-24.141027832031227,8.245745658874512,-28.373434448242165,-27.197157287597605,6.551305934786797,6.66836516559124,,
1087,2020-03-17 08:00:00,-28.74508291388889,7.801842177216919,-23.97112121582029,7.7339558601379395,-28.59459533691401,-27.354460144042946,6.199819996953011,6.301220148801804,,
1088,2020-03-17 09:00:00,-28.679718819444442,7.537101466521313,-24.15788879394529,7.456336975097656,-28.78973999023438,-27.490332031249977,5.839212208986282,5.967116683721542,-24.157873535156227,7.711459663813002
1089,2020-03-17 10:00:00,-28.721918016666663,7.3654438827976465,-23.448019409179665,7.890472412109375,-28.976675415039068,-27.629110717773415,5.559128284454346,5.599161580204964,,
1090,2020-03-17 11:00:00,-28.84433613888889,7.213673884659958,-22.852926635742165,7.763696193695068,-29.16527404785154,-27.709844970703102,5.325052976608276,5.273942291736603,,
1091,2020-03-17 12:00:00,-28.75731346111111,6.319360514716208,-23.161474609374977,7.276734352111816,-29.32310333251951,-27.86304321289063,5.107792004942894,5.006328821182251,-23.229818725585915,7.430779368129151
1092,2020-03-17 13:00:00,-29.349747252777775,6.684279386567426,-23.070150756835915,7.456613540649414,-29.45825805664063,-27.99790802001951,5.049547031521797,4.837296396493912,,
1093,2020-03-17 14:00:00,-29.665804016666666,6.702953963845001,-22.84264221191404,6.995803356170654,-29.584997558593727,-28.14702453613279,4.973208501935005,4.800842523574829,,
1094,2020-03-17 15:00:00,-30.11225263888889,6.213276103315184,-22.71233215332029,6.582967281341553,-29.702963256835886,-28.31109466552735,4.866634517908096,4.670267552137375,-22.712316894531227,6.7885568066558335
1095,2020-03-17 16:00:00,-30.664469363888884,4.987795557114546,-22.998968505859352,6.5764288902282715,-29.777120971679665,-28.38615264892573,4.705260634422302,4.490787386894226,,
1096,2020-03-17 17:00:00,-30.599840627777777,5.442168515678166,-23.157568359374977,6.453744411468506,-29.814878845214764,-28.406202697753884,4.652056470513344,4.356441780924797,,
1097,2020-03-17 18:00:00,-30.80858571944444,5.308978839600749,-23.407812499999977,6.4966278076171875,-29.751684570312477,-28.392408752441384,4.624137833714485,4.229372009634972,-23.407812499999977,6.627584466070402
1098,2020-03-17 19:00:00,-30.97473532777778,5.809855695890918,-23.203085327148415,7.512955188751221,-29.726354980468727,-28.302397155761696,4.613246470689774,4.250253155827522,,
1099,2020-03-17 20:00:00,-30.915963191666666,5.865479083400982,-23.274786376953102,7.568454742431641,-29.650038146972662,-28.315107727050787,4.763871163129807,4.345999479293823,,
1100,2020-03-17 21:00:00,-30.709603008333332,6.55064738353427,-23.550619506835915,7.140735626220703,-29.60673370361326,-28.339521789550787,4.818720504641533,4.42084014415741,-23.55060424804685,7.3190054292208515
1101,2020-03-17 22:00:00,-30.984357083333332,5.319420430269555,-23.775717163085915,7.0167059898376465,-29.581755065917946,-28.370977783203102,4.8723932057619095,4.5815631449222565,,
1102,2020-03-17 23:00:00,-31.11575321388889,4.487143026741753,-23.97154846191404,6.740187168121338,-29.58750762939451,-28.499449157714764,4.984824761748314,4.643880099058151,,
1103,2020-03-18 00:00:00,-31.381791927777783,4.120266706948258,-24.265158081054665,6.671344757080078,-29.842924499511696,-28.69653167724607,5.023009821772575,4.723560675978661,-24.2729553222656,6.825210987648461
1104,2020-03-18 01:00:00,-31.858598677777774,4.29868461440027,-24.44170227050779,6.765600681304932,-29.971083068847605,-28.90124359130857,4.787541687488556,4.550487563014031,,
1105,2020-03-18 02:00:00,-31.89846449166667,4.171005216843786,-24.584570312499977,6.525369167327881,-30.14800872802735,-29.112158203124977,4.796301022171974,4.574924170970917,,
1106,2020-03-18 03:00:00,-32.328959350000005,4.015646993020893,-24.925634765624977,6.667831897735596,-30.22887268066401,-29.225057983398386,4.8011448830366135,4.516846895217896,-24.927267456054665,6.808014714391902
1107,2020-03-18 04:00:00,-32.692075466666665,4.267597635387686,-25.401464843749977,6.653974533081055,-30.30119171142573,-29.29240264892573,4.800641939043999,4.475435882806778,,
1108,2020-03-18 05:00:00,-32.60567888055556,3.746983002164903,-25.676351928710915,6.338584899902344,-30.28814544677735,-29.292738342285134,4.853315740823746,4.564926490187645,,
1109,2020-03-18 06:00:00,-31.54108507777778,3.7201430591933433,-25.667700195312477,5.946557521820068,-30.336470031738287,-29.341932678222662,4.78661122918129,4.555499002337456,-25.66792907714841,6.101116790028755
1110,2020-03-18 07:00:00,-30.68063226111111,4.200833283858645,-25.516058349609352,6.464972496032715,-30.37821807861326,-29.433905029296852,4.669863671064377,4.440922886133194,,
1111,2020-03-18 08:00:00,-30.713373941666664,4.4980136344140975,-25.320623779296852,6.5880351066589355,-30.432272338867165,-29.564398193359324,4.583641439676285,4.34691821038723,,
1112,2020-03-18 09:00:00,-30.79328470277778,4.5080330428836355,-25.161779785156227,6.72529411315918,-30.51366271972654,-29.598165893554665,4.679579883813858,4.469570368528366,-25.15378417968748,6.432712440320756
1113,2020-03-18 10:00:00,-30.98263950833333,4.286811710037312,-25.436239624023415,5.971553325653076,-30.549223327636696,-29.556730651855446,4.728672787547112,4.619323119521141,,
1114,2020-03-18 11:00:00,-31.02575434722222,4.5675033023031615,-26.362280273437477,5.162535190582275,-30.579191589355446,-29.50169982910154,4.603437513113022,4.587977170944214,,
1115,2020-03-18 12:00:00,-31.212273963888887,4.951163820321416,-26.590338134765602,4.970755577087402,-30.631285095214764,-29.430220031738287,4.515717729926109,4.501077115535736,-26.59093322753904,5.27615946624428
1116,2020-03-18 13:00:00,-30.953460888888888,4.530349068048422,-26.440374755859352,5.266513824462891,-30.54968109130857,-29.342901611328102,4.688727036118507,4.573974132537842,,
1117,2020-03-18 14:00:00,-30.525754619444445,5.158836485097219,-25.189840698242165,6.284059524536133,-30.35680236816401,-29.160314941406256,4.689698055386543,4.5768585205078125,,
1118,2020-03-18 15:00:00,-30.400321247222227,4.352435894869932,-24.193197631835915,7.352211952209473,-30.215971374511696,-29.040007019042946,4.767645642161369,4.575824871659279,-24.221762084960915,7.344622913748026
1119,2020-03-18 16:00:00,-29.97658357222222,4.646668811177725,-23.969931030273415,6.8473992347717285,-29.856909179687477,-28.718359374999977,5.020843297243118,4.851194992661476,,
1120,2020-03-18 17:00:00,-29.695253658333332,4.7973073851002175,-23.55663146972654,7.127942085266113,-29.334143066406256,-28.121626281738287,5.63901062309742,5.358418181538582,,
1121,2020-03-18 18:00:00,-29.658563013888894,4.810984993313583,-23.57579650878904,7.704168319702148,-28.843077087402293,-27.570623779296852,6.319373294711113,6.058900356292725,-23.57150878906248,7.786781513597816
1122,2020-03-18 19:00:00,-29.307207719444445,5.052042931016387,-23.678533935546852,7.667269706726074,-28.511633300781227,-27.31144561767573,6.782988354563713,6.61700601875782,,
1123,2020-03-18 20:00:00,-27.416241708333335,5.5891797564680274,-23.202413940429665,8.778806686401367,-28.51885070800779,-27.369894409179665,7.430436909198761,7.122657269239426,,
1124,2020-03-18 21:00:00,-25.671890358333332,6.56293101276822,-23.212606811523415,9.609421730041504,-28.576574707031227,-27.410917663574224,7.742828324437141,7.531638532876968,-23.2128967285156,9.731583189568482
1125,2020-03-18 22:00:00,-25.51528408611111,9.510765200361693,-22.541326904296852,9.861410140991211,-28.004545593261696,-26.951963806152293,8.336278051137924,7.93720842897892,,
1126,2020-03-18 23:00:00,-25.863117586111112,8.840143507923516,-22.009588623046852,10.472530364990234,-27.477964782714764,-26.43182983398438,8.756693556904793,8.438208520412445,,
1127,2020-03-19 00:00:00,-25.587993863888887,8.71851185927943,-21.848455810546852,11.048617362976074,-27.05199279785154,-25.952795410156256,9.086169362068176,8.95235612988472,-21.84844055175779,11.208013279363511
1128,2020-03-19 01:00:00,-25.229350177777775,9.164531974362616,-21.813024902343727,11.864592552185059,-26.72675170898438,-25.547209167480418,9.45944944024086,9.578525930643082,,
1129,2020-03-19 02:00:00,-24.553667530555558,10.298421377287925,-21.888586425781227,12.288008689880371,-26.42930450439451,-25.236524963378884,10.332353919744492,10.48031160235405,,
1130,2020-03-19 03:00:00,-24.04525556111111,11.314165486438052,-21.955877685546852,13.186057090759277,-26.07200469970701,-24.94138946533198,10.960464864969254,11.211073905229568,-21.955755615234352,13.30115681665484
1131,2020-03-19 04:00:00,-24.073543158333333,11.714875034154074,-22.28453674316404,13.805914878845215,-25.74540557861326,-24.716764831542946,11.677878618240356,11.810425743460655,,
1132,2020-03-19 05:00:00,-24.119622055555556,12.538197498632824,-22.368673706054665,13.922128677368164,-25.49225463867191,-24.533216857910134,12.225890323519709,12.084926649928091,,
1133,2020-03-19 06:00:00,-24.534335263888888,12.399883297732138,-22.306127929687477,13.652442932128906,-25.237997436523415,-24.32170715332029,12.30731350183487,12.141537979245186,-22.30611267089841,13.582712159957737
1134,2020-03-19 07:00:00,-24.636178447222225,11.79048681465784,-22.128454589843727,13.166791915893555,-24.904447937011696,-24.009741210937477,12.387204602360724,12.304004475474358,,
1135,2020-03-19 08:00:00,-24.48580410833333,12.465710778792198,-21.933920288085915,13.234106063842773,-24.53648223876951,-23.64018859863279,12.397429823875427,12.379656061530111,,
1136,2020-03-19 09:00:00,-24.07880658611111,12.243547826196,-21.707235717773415,13.4826078414917,-24.141333007812477,-23.292814636230418,12.662825360894203,12.463527232408524,-21.707220458984352,13.221142729278654
1137,2020-03-19 10:00:00,-23.664036272222223,11.772045723817618,-21.052923583984352,13.112347602844238,-23.846693420410134,-23.061636352539068,12.859238862991331,12.725823000073431,,
1138,2020-03-19 11:00:00,-23.04940546111111,12.175675975204074,-20.811056518554665,13.704026222229004,-23.71324768066401,-22.949346923828102,12.829023003578186,12.7245951294899,,
1139,2020-03-19 12:00:00,-22.554955894444447,13.000689727811684,-20.533651733398415,14.025313377380371,-23.709005737304665,-22.945715332031227,12.736878901720049,12.545507058501244,-20.54143371582029,14.139892230479743
1140,2020-03-19 13:00:00,-22.259462302777777,13.393660508001126,-20.12718811035154,14.567132949829102,-23.720556640624977,-22.93042602539063,12.77316217124462,12.301350235939026,,
1141,2020-03-19 14:00:00,-22.21004057777778,13.655188593529154,-20.041754150390602,15.10564136505127,-23.759741210937477,-22.818754577636696,12.773255705833437,11.844893664121628,,
1142,2020-03-19 15:00:00,-22.47729468055556,13.813178564263621,-20.063818359374977,15.463732719421387,-23.800672912597605,-22.719030761718727,12.515394121408464,11.518014088273048,-20.065756225585915,15.571195737284144
1143,2020-03-19 16:00:00,-22.91613816944444,14.688698242158592,-20.04692687988279,15.928946495056152,-23.822477722167946,-22.71171417236326,12.53153184056282,11.399232298135756,,
1144,2020-03-19 17:00:00,-23.107461025000003,13.865024044718666,-20.086996459960915,16.414140701293945,-23.847624206542946,-22.866247558593727,12.354344472289084,11.459152936935425,,
1145,2020-03-19 18:00:00,-23.00546713333333,13.581558127997269,-20.34776916503904,16.622417449951172,-23.891882324218727,-23.09654846191401,12.456921622157097,11.895658656954764,-20.347753906249977,16.549880126840435
1146,2020-03-19 19:00:00,-22.958037102777777,13.713224062315739,-20.192465209960915,16.380451202392578,-24.023779296874977,-23.271925354003884,13.1724526360631,12.62415261566639,,
1147,2020-03-19 20:00:00,-23.000470283333332,13.634215530070739,-20.413900756835915,16.188982009887695,-24.172270202636696,-23.43036499023438,13.271365106105804,13.009162530303,,
1148,2020-03-19 21:00:00,-23.249002619444443,13.62490478606811,-20.400488281249977,15.957863807678223,-24.263380432128884,-23.484800720214764,12.990575015544891,12.822691157460213,-20.406332397460915,16.162118430947885
1149,2020-03-19 22:00:00,-23.35764680277778,13.492172014764021,-20.259283447265602,15.760766983032227,-24.290800476074224,-23.395147705078102,12.180358439683914,12.041205048561096,,
1150,2020-03-19 23:00:00,-23.50296638333333,13.21964894136464,-20.160910034179665,15.563667297363281,-24.150503540039068,-23.275427246093727,11.24386215209961,13.169286966323853,,
1151,2020-03-20 00:00:00,-23.32198835,13.046971003525114,-19.93968811035154,15.187573432922363,-23.89855804443357,-23.12383117675779,11.317663431167604,13.478488951921465,-19.93967285156248,15.32190227578394
1152,2020-03-20 01:00:00,-23.184831680555558,12.717810703452741,-20.099676513671852,14.793906211853027,-23.59746398925779,-22.906935119628884,12.333564192056656,12.922974526882172,,
1153,2020-03-20 02:00:00,-22.95362693888889,12.721570046370461,-19.965902709960915,14.363192558288574,-23.28013458251951,-22.58593597412107,12.171768605709076,12.535680130124092,,
1154,2020-03-20 03:00:00,-22.772028441666667,12.71816922424757,-19.695196533203102,13.895938873291016,-23.083540344238287,-22.364965820312477,11.70348098874092,12.049757152795792,-19.69518127441404,13.955870405421592
1155,2020-03-20 04:00:00,-22.634023591666665,12.389993146296796,-19.83641662597654,13.465544700622559,-22.91825714111326,-22.089933776855446,11.44496627151966,11.601455003023148,,
1156,2020-03-20 05:00:00,-22.394033313888887,11.82036457303011,-19.516363525390602,12.752347946166992,-22.902182006835886,-21.98894348144529,11.180898740887642,11.216299995779991,,
1157,2020-03-20 06:00:00,-22.08751683611111,11.078206015985836,-19.25084533691404,12.430819511413574,-23.171476745605446,-22.182287597656256,10.872749373316765,10.784084796905518,-19.25102844238279,12.551390376698691
1158,2020-03-20 07:00:00,-21.73944279722222,10.709994736036931,-19.241674804687477,11.62527084350586,-23.714743041992165,-22.673872375488287,10.69498561322689,10.587558463215828,,
1159,2020-03-20 08:00:00,-21.409375308333335,10.671586412798403,-19.206869506835915,11.240175247192383,-24.390890502929665,-23.31712188720701,10.426966965198517,10.387077495455742,,
1160,2020-03-20 09:00:00,-21.418206294444445,10.462470176700995,-19.096777343749977,10.600112915039062,-25.00272979736326,-23.899084472656256,10.07649776339531,10.090517401695251,-19.096762084960915,10.71547071589157
1161,2020-03-20 10:00:00,-21.134039080555556,10.985391862384168,-19.495626831054665,9.915287017822266,-25.44360198974607,-24.31298675537107,9.716611295938492,9.655385553836824,,
1162,2020-03-20 11:00:00,-22.222390194444444,8.164276163603025,-20.537756347656227,9.115666389465332,-25.74999847412107,-24.606939697265574,9.21780800819397,9.149565249681473,,
1163,2020-03-20 12:00:00,-23.478485674999998,7.932591662703303,-21.297766113281227,8.171732902526855,-25.98608245849607,-24.815802001953102,8.617925733327866,8.57330022752285,-21.2978576660156,8.448841286823153
1164,2020-03-20 13:00:00,-24.494212238888892,7.607058120063993,-21.855657958984352,7.919981479644775,-26.200842285156256,-24.980627441406256,8.422339707612991,8.115759208798409,,
1165,2020-03-20 14:00:00,-25.06270647777778,5.737292402034054,-21.69713439941404,8.614848136901855,-26.405928039550787,-25.102911376953102,8.193560793995857,7.794862687587738,,
1166,2020-03-20 15:00:00,-25.65052703611111,5.625789341385253,-22.24315490722654,7.465121269226074,-26.615881347656256,-25.27433624267573,7.809748187661171,7.61378812789917,-22.243002319335915,7.732054363237694
1167,2020-03-20 16:00:00,-26.113901616666666,5.994843393849311,-24.302954101562477,6.258330345153809,-26.817320251464764,-25.451254272460943,7.690695449709892,7.50769978761673,,
1168,2020-03-20 17:00:00,-26.519310352777776,6.120861128322133,-25.21764221191404,5.843623638153076,-27.02134552001951,-25.64549865722654,7.308603450655937,7.2410039603710175,,
1169,2020-03-20 18:00:00,-26.721337324999997,5.713964931577046,-25.749975585937477,5.5612263679504395,-27.225859069824224,-25.845899963378884,6.841157466173172,6.771274656057358,-25.750128173828102,5.668093433487229
1170,2020-03-20 19:00:00,-27.124930266666667,5.150444296251313,-26.863668823242165,4.746121406555176,-27.40715637207029,-25.998754882812477,6.637210994958878,6.476296812295914,,
1171,2020-03-20 20:00:00,-27.06458228055556,6.048257719621598,-27.663641357421852,4.282060623168945,-27.567221069335886,-26.115797424316384,6.308946222066879,6.140918806195259,,
1172,2020-03-20 21:00:00,-25.751193383333334,6.656401903103878,-28.286291503906227,4.057282447814941,-27.70776977539063,-26.22368469238279,6.025943621993065,5.877417549490929,-28.286276245117165,4.103828698949656
1173,2020-03-20 22:00:00,-24.315097144444447,5.392231501887655,-28.792089843749977,3.945089340209961,-27.825201416015574,-26.309484863281227,5.866072088479996,5.6591280698776245,,
1174,2020-03-20 23:00:00,-23.575165780555555,4.595574471306457,-29.437643432617165,3.1014199256896973,-27.90807189941401,-26.367575073242165,5.704853430390358,5.506631225347519,,
1175,2020-03-21 00:00:00,-22.88954015277778,5.008961882188261,-29.40483703613279,3.0831427574157715,-27.949964904785134,-26.40190734863279,5.521015822887421,5.416782200336456,-29.404821777343727,3.27568299183622
1176,2020-03-21 01:00:00,-23.193578519444443,5.137292824003725,-30.228659057617165,2.793797731399536,-27.99797668457029,-26.45031585693357,5.325043447315693,5.13850049674511,,
1177,2020-03-21 02:00:00,-24.432352508333334,5.736058840347767,-29.63323059082029,3.576266288757324,-28.036390686035134,-26.479872131347605,5.50918111205101,5.098128765821457,,
1178,2020-03-21 03:00:00,-25.708938519444445,4.828007911054044,-28.878988647460915,4.057408332824707,-28.03721466064451,-26.469503784179665,5.857008367776871,5.317786559462547,-28.89655151367185,4.2659832094796
1179,2020-03-21 04:00:00,-27.273220944444446,4.667336005615751,-28.722509765624977,3.8189449310302734,-28.00376739501951,-26.44244232177735,5.923413246870041,5.3416231870651245,,
1180,2020-03-21 05:00:00,-27.96140356111111,5.260923524262126,-28.989965820312477,3.500894784927368,-28.00426330566401,-26.469122314453102,5.768385887145996,5.189607128500938,,
1181,2020-03-21 06:00:00,-28.339162413888886,4.464464119260422,-28.446874999999977,3.389029026031494,-28.03979339599607,-26.505224609374977,5.730701133608818,5.244277656078339,-28.448812866210915,3.596818526275456
1182,2020-03-21 07:00:00,-28.528715841666667,4.214479572001319,-28.23424377441404,3.459789276123047,-28.04295959472654,-26.511274719238287,5.913598358631134,5.444461569190025,,
1183,2020-03-21 08:00:00,-28.58935962222222,4.355583717799507,-27.80034484863279,3.81329607963562,-27.99706878662107,-26.462370300292946,6.073461711406708,5.701318606734276,,
1184,2020-03-21 09:00:00,-27.806728247222225,4.914572053639537,-27.159948730468727,4.0906147956848145,-27.91424407958982,-26.372389221191384,6.067992985248566,5.786103799939156,-27.159933471679665,4.108585452893749
1185,2020-03-21 10:00:00,-26.96855784166667,4.749715294374965,-27.26299133300779,4.142759799957275,-27.81571807861326,-26.22138061523438,6.074676513671875,5.767099857330322,,
1186,2020-03-21 11:00:00,-26.64671990277778,4.61999679338978,-26.985433959960915,4.215182304382324,-27.65391387939451,-25.978033447265574,6.134210914373398,5.802277907729149,,
1187,2020-03-21 12:00:00,-26.764769297222227,4.1876309648153605,-26.81267395019529,3.889193058013916,-27.462728881835886,-25.70671691894529,6.273511484265328,5.758866369724274,-26.813146972656227,3.946380880428478
1188,2020-03-21 13:00:00,-27.74603515555556,4.403293387538414,-25.595220947265602,4.196133613586426,-27.133688354492165,-25.364370727539068,6.24937891960144,5.841086104512215,,
1189,2020-03-21 14:00:00,-27.35053067777778,4.412975923411769,-23.83849182128904,3.8014299869537354,-26.71001281738279,-24.984869384765574,5.896537229418755,5.845418497920036,,
1190,2020-03-21 15:00:00,-27.096643361111116,4.294511086086422,-22.275122070312477,4.402986526489258,-26.246260070800787,-24.517691040039068,5.802544474601746,5.729528918862343,-22.2749084472656,4.481890712573659
1191,2020-03-21 16:00:00,-26.63754587777778,4.312036446265866,-20.524206542968727,4.321146011352539,-25.933866882324224,-24.132658386230418,5.527386128902435,5.606062173843384,,
1192,2020-03-21 17:00:00,-26.112625752777777,4.213526515043413,-19.565145874023415,4.038290977478027,-25.515531921386696,-23.76665344238279,5.511348485946655,5.440375000238419,,
1193,2020-03-21 18:00:00,-24.827511947222224,5.249338869958893,-18.39147033691404,4.933051109313965,-25.05216827392573,-23.599234008789068,5.3012212216854095,5.577191323041916,-18.391271972656227,4.984677023021504
1194,2020-03-21 19:00:00,-24.081605766666666,5.696550817765888,-18.145391845703102,4.727731227874756,-24.76592102050779,-23.522123718261696,4.955211758613586,5.538029730319977,,
1195,2020-03-21 20:00:00,-23.672401097222224,5.406304679340646,-17.860540771484352,4.779962539672852,-24.620550537109324,-23.462980651855446,4.50733457505703,5.2533053904771805,,
1196,2020-03-21 21:00:00,-22.680734838888892,5.722889714466052,-17.794577026367165,4.732295989990234,-24.54038848876951,-23.418600463867165,4.3463892340660095,5.105584859848023,-17.79454650878904,4.906068735523149
1197,2020-03-21 22:00:00,-21.980923636111115,6.240052469555433,-18.184179687499977,4.698208808898926,-24.928488159179665,-23.50774230957029,5.438869476318359,5.363484963774681,,
1198,2020-03-21 23:00:00,-22.801814822222223,4.414771449740616,-18.290808105468727,4.568046569824219,-24.777418518066384,-23.451254272460943,5.35655665397644,5.187762200832367,,
1199,2020-03-22 00:00:00,-23.623243969444445,4.3703479474997176,-18.407232666015602,4.721130847930908,-24.75475158691401,-23.341894531249977,5.570035934448242,5.303404346108437,-18.40721740722654,4.819967139686924
1200,2020-03-22 01:00:00,-23.904650355555557,4.8368846620238735,-18.90086975097654,4.580080509185791,-24.748182678222662,-23.18534698486326,5.842657759785652,5.480422273278236,,
1201,2020-03-22 02:00:00,-24.32850805833333,4.896766709315723,-18.762838745117165,4.963689804077148,-24.686926269531227,-23.018591308593727,5.946708530187607,5.28283953666687,,
1202,2020-03-22 03:00:00,-24.50876772222222,5.001783729859731,-18.398504638671852,5.470017433166504,-24.624349975585886,-22.851583862304665,6.175179913640022,4.919288456439972,-18.39848937988279,5.452960655384231
1203,2020-03-22 04:00:00,-24.595258425,5.951936644515864,-18.193563842773415,5.730765342712402,-24.599775695800787,-22.791319274902293,6.1910630017519,4.738875895738602,,
1204,2020-03-22 05:00:00,-24.52828316388889,5.7392666640180074,-18.060278320312477,5.736647129058838,-24.647955322265574,-22.864683532714764,5.990693837404251,4.819138824939728,,
1205,2020-03-22 06:00:00,-24.473761058333334,5.118800029585931,-18.13139953613279,5.354710102081299,-24.75744476318357,-22.792860412597605,5.928840160369873,5.057512059807777,-18.131384277343727,5.301392899360508
1206,2020-03-22 07:00:00,-23.991741447222225,5.474964735435797,-18.18694152832029,5.465856075286865,-24.905065917968727,-22.73582305908198,5.97457018494606,5.175338506698608,,
1207,2020-03-22 08:00:00,-24.575142377777777,5.291888819565323,-18.073034667968727,5.717837333679199,-25.033338928222662,-22.79986419677735,6.282777324318886,5.110642448067665,,
1208,2020-03-22 09:00:00,-25.736200625,5.207173336612823,-18.014318847656227,5.582960605621338,-25.100744628906256,-23.13659515380857,6.091023802757263,4.855065271258354,-18.01378479003904,5.558450700016692
1209,2020-03-22 10:00:00,-26.104168413888885,4.6938116267842975,-18.22716369628904,4.8930559158325195,-25.125028991699168,-23.383146667480418,5.713394045829773,4.655914142727852,,
1210,2020-03-22 11:00:00,-25.922771944444445,4.434029940927466,-18.236303710937477,4.602251052856445,-25.228155517578102,-23.287489318847605,5.609704524278641,4.391787484288216,,
1211,2020-03-22 12:00:00,-25.78206488611111,4.597078589057453,-18.53551330566404,4.015007495880127,-25.362219238281227,-23.227911376953102,5.401917606592178,4.180168658494949,-18.537451171874977,4.2043981126043946
1212,2020-03-22 13:00:00,-26.273683777777777,5.067191678498893,-18.932516479492165,3.5346758365631104,-25.57701721191401,-23.29990997314451,5.05021345615387,4.252159893512726,,
1213,2020-03-22 14:00:00,-27.069416788888887,4.145177958797009,-19.209692382812477,3.018731117248535,-25.88274230957029,-23.50962677001951,4.733720108866692,4.300741419196129,,
1214,2020-03-22 15:00:00,-27.067075111111112,3.6805129998503023,-20.105490112304665,1.9898574352264404,-26.144903564453102,-23.71161499023438,4.634152129292488,3.938561588525772,-20.10619201660154,1.8795335167087612
1215,2020-03-22 16:00:00,-26.639082841666667,3.0367906177985025,-21.043051147460915,1.80152428150177,-26.42645111083982,-23.977133178710943,4.263829633593559,3.586628645658493,,
1216,2020-03-22 17:00:00,-27.25142906388888,3.1062216225781216,-21.480062866210915,2.860365152359009,-26.665808105468727,-24.269697570800787,3.903212115168572,3.786687761545181,,
1217,2020-03-22 18:00:00,-28.34711725833333,2.7487421817598965,-23.216574096679665,2.1530489921569824,-26.835974121093727,-24.445089721679665,3.6009869277477264,3.751101970672608,-23.2165588378906,2.051518156076781
1218,2020-03-22 19:00:00,-29.265223072222224,2.7026358578883953,-23.443441772460915,1.1634222269058228,-26.962515258789068,-24.547567749023415,3.3998980671167374,3.1566750407218933,,
1219,2020-03-22 20:00:00,-29.741280080555555,1.809268515661126,-23.39958801269529,1.002505898475647,-26.97678985595701,-24.660437011718727,3.391446530818939,3.23703333735466,,
1220,2020-03-22 21:00:00,-29.309818800000002,1.572527241608442,-25.095175170898415,0.9541088342666626,-27.129293823242165,-24.68462219238279,3.293433725833893,3.134583443403244,-25.095159912109352,0.9967257330426946
1221,2020-03-22 22:00:00,-28.87172417222222,1.2649651714687098,-23.642156982421852,1.326373815536499,-27.23533477783198,-24.78417053222654,3.1849195659160614,2.725787535309792,,
1222,2020-03-22 23:00:00,-28.98233017222222,1.4628373901761942,-23.08312072753904,1.2502604722976685,-27.236769104003884,-25.004415893554665,3.024672359228134,2.512629896402359,,
1223,2020-03-23 00:00:00,-29.72176012777778,1.0238134039845441,-23.788916015624977,1.1506108045578003,-27.139044189453102,-25.348036193847605,2.7150417864322662,1.9900973588228223,-23.788900756835915,1.0702935315202922
1224,2020-03-23 01:00:00,-29.18355752222222,1.1238364505294316,-25.21477355957029,0.9921993017196655,-26.93418731689451,-25.70722045898438,2.795313611626625,1.463688775897026,,
1225,2020-03-23 02:00:00,-29.88421405833333,0.7814451178268715,-25.46434631347654,0.3453593850135803,-26.897924804687477,-26.062353515624977,2.712363377213478,1.3986280411481855,,
1226,2020-03-23 03:00:00,-28.63579468055555,1.4419027655773602,-25.20116271972654,0.6387566328048706,-26.811437988281227,-26.252478027343727,2.194506734609604,1.4171512722969055,-25.20114746093748,0.5920153476035921
1227,2020-03-23 04:00:00,-28.908533141666666,1.089752731821471,-27.16002502441404,0.7349476218223572,-26.801351928710943,-26.162184143066384,1.5236317813396454,1.2511427700519562,,
1228,2020-03-23 05:00:00,-28.93774288888889,1.1888249921211498,-27.936651611328102,1.1488711833953857,-26.79344787597654,-25.98252716064451,0.7781984359025955,1.0815370678901672,,
1229,2020-03-23 06:00:00,-27.467638466666667,1.1059921774412238,-28.035177612304665,0.9420910477638245,-26.922026062011696,-25.868177795410134,0.8841880559921265,1.4176692217588425,-28.0351623535156,0.6913883705274202
1230,2020-03-23 07:00:00,-27.002274755555558,1.4026076874825355,-26.112814331054665,0.5824874639511108,-26.989523315429665,-25.827177429199168,1.0984866619110107,1.403255544602871,,
1231,2020-03-23 08:00:00,-26.475949238888887,2.145771523184121,-25.587301635742165,1.4839493036270142,-26.936300659179665,-25.77331390380857,0.999295935034752,1.0786263942718506,,
1232,2020-03-23 09:00:00,-26.52206971111111,1.919291288641671,-26.17485656738279,1.919481635093689,-26.851339721679665,-25.665853881835886,0.8542602807283401,0.9460225850343704,-26.174841308593727,1.946479007950984
1233,2020-03-23 10:00:00,-26.54941627777778,2.339112317246668,-25.391989135742165,2.35233998298645,-26.974737548828102,-25.65789642333982,1.1882284730672836,1.520366594195366,,
1234,2020-03-23 11:00:00,-25.95878437777778,0.9572306213095256,-25.819433593749977,1.801652431488037,-27.083517456054665,-25.68091430664063,1.6940010488033297,1.7935972064733503,,
1235,2020-03-23 12:00:00,-25.983874,1.5633073725239253,-26.172705078124977,1.6482583284378052,-27.116957092285134,-25.696661376953102,2.0746003314852715,1.9482822865247729,-26.172689819335915,1.654197930416558
1236,2020-03-23 13:00:00,-26.887058489583335,2.78581341822901,-27.286901855468727,1.0290488004684448,-27.121206665039068,-25.658651733398386,2.032169319689274,1.933131754398346,,
1237,2020-03-23 14:00:00,,2.3140468865737485,-27.563986206054665,1.050550937652588,-27.122763061523415,-25.605902099609324,1.872632831335068,1.7588389217853546,,
1238,2020-03-23 15:00:00,,2.9536991127044874,-27.049581909179665,1.9577444791793823,-27.17613067626951,-25.610494995117165,2.0367258489131927,1.7262330800294876,,1.929435816651676
1239,2020-03-23 16:00:00,,3.0387146084824757,-27.995367431640602,1.9291805028915405,-27.351416015624977,-25.694845581054665,2.490235969424248,2.2280539870262146,,
1240,2020-03-23 17:00:00,,3.3650597219383354,-28.566534423828102,2.219133138656616,-27.535253906249977,-25.722471618652293,2.5863240361213684,2.3888975232839584,,
1241,2020-03-23 18:00:00,,2.9899023755771967,-28.817114257812477,2.1618266105651855,-27.580511474609324,-25.846281433105446,2.89750137925148,2.038210898637772,,2.0510229823412374
1242,2020-03-23 19:00:00,,3.7486945543457613,-28.79973449707029,2.762146234512329,-27.698873901367165,-26.033972167968727,2.751799762248993,2.1597442626953125,,
1243,2020-03-23 20:00:00,,4.043922454462904,-29.57127990722654,2.6017866134643555,-27.902281188964764,-26.216284179687477,2.675456076860428,2.6629346907138824,,
1244,2020-03-23 21:00:00,,3.440640017603053,-31.01024475097654,2.0079267024993896,-28.057142639160134,-26.402677917480418,2.884921759366989,2.5137285590171814,,1.930683169979602
1245,2020-03-23 22:00:00,,2.973228981523573,-32.712118530273415,1.1366608142852783,-28.112936401367165,-26.549528503417946,2.797022745013237,2.160400405526161,,
1246,2020-03-23 23:00:00,,1.2759816354452258,-32.9952453613281,1.4329241514205933,-28.15691223144529,-26.65519561767573,2.727263242006302,2.076965808868408,,
1247,2020-03-24 00:00:00,,1.5648482586670205,-32.50214233398435,2.3862884044647217,-28.23008575439451,-26.80107727050779,2.924561142921448,2.1707569360733032,-32.50212707519529,2.286729824205395
1248,2020-03-24 01:00:00,-30.956108633333333,2.585692928134161,-33.239401245117165,2.0374200344085693,-28.28294982910154,-26.986105346679665,3.2246594727039337,2.290203645825386,,
1249,2020-03-24 02:00:00,-30.800422327777778,1.7652564580221135,-34.29266967773435,1.1111549139022827,-28.31242980957029,-27.152296447753884,3.26275534927845,2.293994337320328,,
1250,2020-03-24 03:00:00,-30.415608894444443,2.86019997431543,-34.91448059082029,1.071492075920105,-28.40740051269529,-27.29412689208982,3.194552779197693,2.5900227427482605,-34.91446533203123,1.0541305500664748
1251,2020-03-24 04:00:00,-31.12335894722222,2.710522927775699,-34.68358459472654,2.1264259815216064,-28.517599487304665,-27.380316162109324,3.3605143427848816,2.971260279417038,,
1252,2020-03-24 05:00:00,-31.445005358333333,2.14375467613663,-34.77603759765623,2.325836658477783,-28.64038696289063,-27.38371124267573,3.714564949274063,3.3950332701206207,,
1253,2020-03-24 06:00:00,-31.32726882222222,2.633641519817637,-34.86473693847654,2.583096981048584,-28.710539245605446,-27.313780212402293,3.886791005730629,3.7355769723653793,-34.86472167968748,2.3372293862048537
1254,2020-03-24 07:00:00,-31.34915215,2.2353516262667346,-34.47507324218748,2.400357484817505,-28.711210632324224,-27.180479431152293,4.1948157995939255,3.991928935050965,,
1255,2020-03-24 08:00:00,-31.48858381111111,3.15749820438626,-34.37651672363279,2.6207361221313477,-28.671484374999977,-27.036329650878884,4.450614362955093,4.101785495877266,,
1256,2020-03-24 09:00:00,-31.260737655555555,3.514961134651448,-34.279562377929665,2.855024576187134,-28.62956848144529,-26.937826538085886,4.484785869717598,4.092059105634689,-34.2795471191406,2.1104063383536413
1257,2020-03-24 10:00:00,-31.19237171944444,3.3241456991190765,-33.462423706054665,2.6670126914978027,-28.56694641113279,-26.863500976562477,4.536709487438202,4.372045710682869,,
1258,2020-03-24 11:00:00,-31.273722080555558,3.524846206480229,-32.0181945800781,3.5376389026641846,-28.502272033691384,-26.809233093261696,4.7763803750276566,4.802189886569977,,
1259,2020-03-24 12:00:00,-31.25316286111111,3.848302721377257,-31.311468505859352,4.071646690368652,-28.47021331787107,-26.800451660156256,5.0036623775959015,4.963510483503342,-31.31145324707029,3.3681447827257216
1260,2020-03-24 13:00:00,-31.40639003888889,3.8643323677233785,-31.520239257812477,3.9081482887268066,-28.48316040039063,-26.84850158691401,5.316559970378876,5.089588686823845,,
1261,2020-03-24 14:00:00,-31.69042423888889,4.285206400840595,-31.737249755859352,3.640763998031616,-28.50652923583982,-26.93426361083982,5.72135004401207,5.332861945033073,,
1262,2020-03-24 15:00:00,-31.80916549722222,5.031905857249638,-32.01645507812498,3.9785032272338867,-28.532492065429665,-27.03660430908198,6.102656424045563,5.538813874125481,-32.01593627929685,3.67683766502887
1263,2020-03-24 16:00:00,-31.70554932222222,5.603352995844887,-31.797323608398415,4.951593399047852,-28.585897827148386,-27.164663696289068,6.268574684858322,5.921278208494186,,
1264,2020-03-24 17:00:00,-31.502698436111114,6.183070372781658,-31.55211486816404,5.27000093460083,-28.647619628906256,-27.29588165283198,6.48781344294548,6.348373219370842,,
1265,2020-03-24 18:00:00,-31.435741877777783,5.402452821120061,-31.614538574218727,5.477785587310791,-28.703741455078102,-27.384924316406256,6.967023804783821,6.810517311096191,-31.614523315429665,3.911379250464961
1266,2020-03-24 19:00:00,-31.22669086944444,6.079350109422886,-32.026693725585915,4.790324687957764,-28.712240600585886,-27.42066040039063,7.427117720246315,7.353712677955627,,
1267,2020-03-24 20:00:00,-31.004545163888892,6.772477346282375,-31.805319213867165,5.588555335998535,-28.677389526367165,-27.40405883789063,7.744433328509331,7.708645343780518,,
1268,2020-03-24 21:00:00,-30.465858477777783,7.435129513533422,-31.63115539550779,6.078144550323486,-28.630278015136696,-27.321440124511696,8.04307908564806,7.836732029914856,-31.631933593749977,5.926868647235096
1269,2020-03-24 22:00:00,-30.239197958333335,7.934789179891079,-31.183721923828102,6.407149791717529,-28.559729003906256,-27.125578308105446,8.272147506475449,8.015050664544106,,
1270,2020-03-24 23:00:00,-29.883357691666664,7.948701128094701,-30.815206909179665,6.700900077819824,-28.40361633300779,-26.881506347656256,8.585823059082031,8.437179863452911,,
1271,2020-03-25 00:00:00,-29.437266694444446,8.570046198254479,-30.757345581054665,7.025470733642578,-28.857641601562477,-27.548773193359324,8.45862589776516,8.397868737578392,-30.75690307617185,6.887215378228575
1272,2020-03-25 01:00:00,-28.767422755555558,8.964573242025613,-29.690863037109352,7.69416618347168,-28.81109466552735,-27.355444335937477,8.673407912254333,8.655072063207626,,
1273,2020-03-25 02:00:00,-28.04416890555555,8.332494430018812,-28.74175109863279,8.041654586791992,-28.84716644287107,-27.195280456542946,8.878132298588753,8.954026967287064,,
1274,2020-03-25 03:00:00,-26.812653230555558,8.582637698757816,-27.93242492675779,8.44880485534668,-28.81519165039063,-27.07702484130857,9.09111501276493,9.206313163042068,-27.963659667968727,8.231550755212083
1275,2020-03-25 04:00:00,-25.977608686111115,8.381270790163923,-26.546789550781227,9.101985931396484,-28.72080841064451,-26.970976257324224,9.22736194729805,9.32671931385994,,
1276,2020-03-25 05:00:00,-24.96280214722222,9.048745945259292,-25.64098205566404,9.360248565673828,-28.614584350585886,-26.81628265380857,9.291272282600405,9.382750406861303,,
1277,2020-03-25 06:00:00,-24.618423380555555,9.868339411359043,-25.08959045410154,9.625472068786621,-28.430212402343727,-26.46252288818357,9.401334196329117,9.44776926934719,-25.09934082031248,9.267161524738183
1278,2020-03-25 07:00:00,-24.799720938888886,10.034156386831805,-24.628271484374977,9.567341804504395,-28.074331665039068,-26.07477416992191,9.52576483786106,9.608921006321909,,
1279,2020-03-25 08:00:00,-24.850779908333337,9.593406773868798,-24.479193115234352,9.773096084594727,-27.88641967773438,-25.778341674804665,9.663703978061676,9.77415981888771,,
1280,2020-03-25 09:00:00,-24.83090834444445,10.013650983457294,-24.23778381347654,9.909622192382812,-27.74841156005857,-25.45971527099607,9.731928378343582,9.90745024383068,-24.28269042968748,9.26722125627566
1281,2020-03-25 10:00:00,-24.82795286944444,10.175013581152513,-23.052008056640602,9.704302787780762,-27.631201171874977,-25.171156311035134,9.596261590719225,9.787370055913923,,
1282,2020-03-25 11:00:00,-24.90908268888889,9.715288167412007,-22.279211425781227,9.709905624389648,-27.495932006835886,-24.91711273193357,9.461636036634443,9.523773118853567,,
1283,2020-03-25 12:00:00,-24.879795505555553,9.324743209730496,-21.737615966796852,9.982172966003418,-27.398481750488287,-24.77647247314451,9.274806693196297,9.423232913017271,-21.79547729492185,9.663940304075368
1284,2020-03-25 13:00:00,-24.55899268611111,9.20730972450767,-20.865072631835915,9.552128791809082,-27.39854278564451,-24.808538818359324,9.036635920405388,9.454897105693815,,
1285,2020-03-25 14:00:00,-24.269334491666665,9.282663034309431,-20.719366455078102,9.37244987487793,-27.44975891113279,-24.901396179199168,8.928956970572472,9.492749243974686,,
1286,2020-03-25 15:00:00,-24.283749236111106,8.894985798211765,-20.95549621582029,9.276093482971191,-27.500257873535134,-25.033789062499977,8.917530208826065,9.131080105900764,-20.956457519531227,9.673487422871403
1287,2020-03-25 16:00:00,-24.623632472222223,9.248757809335968,-21.21538391113279,9.469400405883789,-27.550329589843727,-25.238195800781227,8.748206317424774,8.915401592850685,,
1288,2020-03-25 17:00:00,-25.148357563888894,8.716599668565934,-21.71507873535154,9.125153541564941,-27.572920227050787,-25.434645080566384,8.467881724238396,8.848866581916809,,
1289,2020-03-25 18:00:00,-25.47506706944444,7.670788448212332,-22.346517944335915,8.7682523727417,-27.552809143066384,-25.629125976562477,8.27937775850296,8.8432078063488,-22.34650268554685,8.332768013002351
1290,2020-03-25 19:00:00,-25.7974179,7.28072497006767,-22.67064514160154,8.11111831665039,-27.60521545410154,-25.868101501464764,8.183979004621506,8.629849314689636,,
1291,2020-03-25 20:00:00,-25.88690778333333,7.319514511818162,-23.176275634765602,8.171440124511719,-27.61101379394529,-26.063414001464764,8.086823344230652,8.353522151708603,,
1292,2020-03-25 21:00:00,-25.97473469166667,7.119856224600155,-23.75829162597654,8.247543334960938,-27.54859008789063,-26.181753540039068,8.044357791543007,8.043546006083488,-23.75827636718748,8.133095125551336
1293,2020-03-25 22:00:00,-26.07901212222222,6.831026615766949,-24.28642883300779,8.279197692871094,-27.57543792724607,-26.23082580566401,8.047180086374283,7.890111535787582,,
1294,2020-03-25 23:00:00,-26.233959433333336,6.942608062589273,-24.87792053222654,8.014456748962402,-27.71649017333982,-26.284376525878884,7.917002350091934,7.896507233381271,,
1295,2020-03-26 00:00:00,-25.903695238888886,6.955643226056556,-25.218832397460915,8.01345443725586,-27.824362182617165,-26.377752685546852,7.639577254652977,7.845607593655586,-25.25044860839841,7.860707628191449
1296,2020-03-26 01:00:00,-25.699566041666667,6.843848739961356,-25.22893371582029,7.975053310394287,-27.883886718749977,-26.48631896972654,7.492690205574036,7.741566494107246,,
1297,2020-03-26 02:00:00,-26.063888025,6.381016965133878,-25.064520263671852,7.946232318878174,-27.94608917236326,-26.58457794189451,7.5914436131715775,7.657767593860626,,
1298,2020-03-26 03:00:00,-26.319789258333333,6.78373405361188,-24.891180419921852,7.774111747741699,-27.97410430908198,-26.650221252441384,7.659799963235855,7.6629533767700195,-24.89034118652341,7.632016138639301
1299,2020-03-26 04:00:00,-26.44342703888889,7.240450994644113,-24.34874572753904,7.399149417877197,-27.96435394287107,-26.65410461425779,7.558746695518494,7.762762278318405,,
1300,2020-03-26 05:00:00,-26.661019866666667,7.0502550046474886,-24.32262268066404,6.914529323577881,-27.935446166992165,-26.62022247314451,7.571150317788124,7.695124089717865,,
1301,2020-03-26 06:00:00,-26.839608777777784,6.5028293419649685,-24.242498779296852,6.811290740966797,-27.892553710937477,-26.575224304199168,7.537641659379005,7.5795193910598755,-24.242102050781227,6.628255873190938
1302,2020-03-26 07:00:00,-26.979641166666664,7.236976065451256,-23.660559082031227,6.861971378326416,-27.830870056152293,-26.538214111328102,7.53248193860054,7.51013457775116,,
1303,2020-03-26 08:00:00,-27.036252130555557,6.683836242421189,-23.398718261718727,6.719545841217041,-27.738562011718727,-26.504927062988287,7.61552157998085,7.595271706581116,,
1304,2020-03-26 09:00:00,-27.029087649999997,6.840037343786005,-23.261572265624977,7.178352355957031,-27.60825958251951,-26.47460021972654,7.72200445830822,7.674661710858345,-23.260580444335915,6.522085819859058
1305,2020-03-26 10:00:00,-27.033997319444442,6.217435995843836,-23.127813720703102,6.956879615783691,-27.449751281738287,-26.450354003906256,7.78274330496788,7.720555275678635,,
1306,2020-03-26 11:00:00,-27.134916241666673,6.028513941284737,-23.762167358398415,7.395158290863037,-27.272962951660134,-26.43443145751951,7.911141872406006,7.854982674121857,,
1307,2020-03-26 12:00:00,-27.21414670555556,6.039589493619059,-23.803106689453102,8.004322052001953,-27.116110229492165,-26.397169494628884,8.129011705517769,8.029397740960121,-23.802389526367165,7.455707261397038
1308,2020-03-26 13:00:00,-27.197123122222223,6.035972863745431,-23.766882324218727,8.01628589630127,-26.952307128906256,-26.361006164550787,8.30250995606184,8.2784358933568,,
1309,2020-03-26 14:00:00,-27.286506177777785,6.251863739436697,-24.007345581054665,8.194303512573242,-26.71843566894529,-26.336195373535134,8.402185142040253,8.469266533851624,,
1310,2020-03-26 15:00:00,-27.306049344444446,6.707988380121416,-24.090979003906227,8.47616958618164,-26.542303466796852,-26.260778808593727,8.476923495531082,8.553099945187569,-24.219869995117165,7.782402992452262
1311,2020-03-26 16:00:00,-26.993828894444448,7.321467966745659,-24.078009033203102,8.22994327545166,-26.355734252929665,-26.09868469238279,8.5801422894001,8.662928879261017,,
1312,2020-03-26 17:00:00,-26.374607013888888,7.480585391821254,-24.269674682617165,8.361942291259766,-26.179647827148386,-25.92552795410154,8.739552929997444,8.737672165036201,,
1313,2020-03-26 18:00:00,-26.51463708888889,8.032214667783837,-24.344213867187477,8.819180488586426,-26.004423522949168,-25.77910461425779,8.858255311846733,8.75807797908783,-24.344259643554665,8.166229895461584
1314,2020-03-26 19:00:00,-26.48959679444444,8.387399804722994,-24.39800109863279,8.577666282653809,-25.815054321289068,-25.64543762207029,8.934342473745346,8.88973918557167,,
1315,2020-03-26 20:00:00,-26.449140486111116,8.285000258291015,-24.792944335937477,8.869569778442383,-25.631681823730418,-25.50511779785154,9.06709936261177,9.01859137415886,,
1316,2020-03-26 21:00:00,-26.56612714444444,8.982811126402757,-24.898931884765602,9.449836730957031,-25.470175170898386,-25.39445343017573,9.275956571102142,9.133050113916395,-24.98876037597654,9.124591540545223
1317,2020-03-26 22:00:00,-26.65229444722222,8.741477144561694,-24.92644348144529,9.50565242767334,-25.391455078124977,-25.311354064941384,9.32371836900711,9.247135758399963,,
1318,2020-03-26 23:00:00,-26.599725016666664,9.381197572672725,-25.103369140624977,9.825172424316406,-25.297010803222662,-25.16657104492191,9.326932862401009,9.372780472040176,,
1319,2020-03-27 00:00:00,-26.509363474999997,8.825985522989047,-25.35668029785154,10.421815872192383,-25.265341186523415,-24.99973907470701,9.425476223230362,9.027703166007996,-25.35666503906248,10.311706307606071
1320,2020-03-27 01:00:00,-26.535289005555555,9.485415630711039,-25.388739013671852,9.94723129272461,-25.30119171142573,-24.849813842773415,9.459364637732506,8.624745517969131,,
1321,2020-03-27 02:00:00,-26.749917883333335,8.51071741636175,-25.562292480468727,9.910933494567871,-25.28491058349607,-24.859091186523415,8.877934470772743,8.544474691152573,,
1322,2020-03-27 03:00:00,-26.777808441666668,8.853859747380527,-25.619604492187477,9.974761962890625,-25.23308410644529,-24.933409118652293,8.476759374141693,8.179789364337921,-25.619665527343727,10.03535693185404
1323,2020-03-27 04:00:00,-27.203607302777773,8.887009042548854,-25.309027099609352,9.972139358520508,-25.099325561523415,-24.90155639648438,8.455998450517654,8.056919261813164,,
1324,2020-03-27 05:00:00,-28.288884961111112,8.687389666206897,-25.294653320312477,9.925069808959961,-24.998754882812477,-24.714300537109324,9.066964879631996,7.89695742726326,,
1325,2020-03-27 06:00:00,-29.017062955555556,8.980534286409782,-25.398016357421852,10.42641544342041,-24.845365905761696,-24.411016845703102,9.231010392308235,7.853961527347565,-25.33550109863279,10.567663064488444
1326,2020-03-27 07:00:00,-29.14976560833333,9.602208285532928,-25.023352050781227,11.090611457824707,-24.638700866699168,-24.11510314941401,9.27847470343113,7.748835816979408,,
1327,2020-03-27 08:00:00,-28.753807480555555,10.216557531644744,-24.957647705078102,11.321450233459473,-24.361959838867165,-23.748129272460943,9.18083529174328,7.8866296261549,,
1328,2020-03-27 09:00:00,-27.858774080555552,10.818469568952116,-24.585028076171852,11.984950065612793,-24.047392272949168,-23.423910522460943,8.859338149428368,8.003545343875885,-24.55684509277341,12.151875018374994
1329,2020-03-27 10:00:00,-27.528309644444445,11.379630303632373,-24.046453857421852,12.140190124511719,-23.77509155273438,-23.132292175292946,8.287163987755775,7.904622301459312,,
1330,2020-03-27 11:00:00,-27.865506063888887,11.022896417904201,-23.709844970703102,12.351851463317871,-23.525419616699168,-22.836447143554665,8.009296014904976,7.89742411673069,,
1331,2020-03-27 12:00:00,-27.789598538888885,10.99877446981116,-23.403326416015602,12.492114067077637,-23.280096435546852,-22.519964599609324,7.69025631248951,7.586406201124191,-23.37987365722654,12.847556803084444
1332,2020-03-27 13:00:00,-27.496372725,11.192732189260504,-23.07463684082029,13.009218215942383,-22.947103881835886,-22.20055236816401,7.5316837430000305,7.4155140072107315,,
1333,2020-03-27 14:00:00,-27.46163485277778,11.514775364143157,-22.897055053710915,13.222935676574707,-22.678320312499977,-21.822424316406256,7.467650800943375,7.225489497184753,,
1334,2020-03-27 15:00:00,-27.21769425277778,11.228417300710547,-22.74834289550779,13.490584373474121,-22.29314270019529,-21.336241149902293,7.663801491260529,7.515265241265297,-22.752233886718727,13.570384924532846
1335,2020-03-27 16:00:00,-26.91059651666667,12.222193393303492,-22.66222229003904,13.776021957397461,-20.13744964599607,-19.383009338378884,7.492394924163818,7.809465438127518,,
1336,2020-03-27 17:00:00,-26.647966513888885,12.375055927301759,-22.543173217773415,13.98461627960205,-19.92993774414063,-19.17157592773438,7.643409490585327,8.019090175628662,,
1337,2020-03-27 18:00:00,-26.373618586111117,11.476148571368066,-22.391302490234352,14.506129264831543,-19.89752044677735,-19.08111419677735,7.935381233692169,8.318030893802643,-22.41277160644529,14.44279952859506
1338,2020-03-27 19:00:00,-26.09476156111111,11.824669834951665,-22.142340087890602,14.551973342895508,-19.993742370605446,-19.14238586425779,8.41592501103878,8.706115007400513,,
1339,2020-03-27 20:00:00,-25.856810361111112,11.240459154848947,-22.101446533203102,14.539080619812012,-20.17407836914063,-19.326208496093727,8.784058451652527,9.051881402730942,,
1340,2020-03-27 21:00:00,-25.57376148611111,12.528795805880764,-21.94194641113279,14.460349082946777,-20.37096252441401,-19.51873626708982,9.042067900300026,9.320603340864182,-21.978063964843727,14.359026882098988
1341,2020-03-27 22:00:00,-25.323720563888887,11.011123750014049,-21.640081787109352,14.053220748901367,-20.589521789550787,-19.726652526855446,9.227140843868256,9.487900480628014,,
1342,2020-03-27 23:00:00,-25.29173421388889,11.416576799864172,-21.449591064453102,13.702101707458496,-20.796652221679665,-19.951803588867165,9.263488560914992,9.577888771891594,,
1343,2020-03-28 00:00:00,-25.14676050555555,10.549677748903155,-21.196386718749977,13.460906028747559,-21.010893249511696,-20.203092956542946,9.754594922065737,9.866945207118988,-21.245214843749977,13.408993684628513
1344,2020-03-28 01:00:00,-24.573480855555555,9.420276648548116,-20.911932373046852,13.67931842803955,-21.095602416992165,-20.344061279296852,9.84191918373108,9.707380965352058,,
1345,2020-03-28 02:00:00,-24.096125477777775,9.799683243425461,-20.502874755859352,13.535133361816406,-21.089208984374977,-20.38804473876951,9.900810033082962,9.67190833389759,,
1346,2020-03-28 03:00:00,-23.920360213888888,9.549801902937512,-20.156591796874977,13.36691665649414,-21.034307861328102,-20.372106933593727,9.812728866934776,9.629507094621658,-20.156576538085915,13.440993244410492
1347,2020-03-28 04:00:00,-23.263650530555555,9.41464742935389,-19.68993225097654,13.148905754089355,-20.981359863281227,-20.324179077148386,9.750862330198288,9.807033702731133,,
1348,2020-03-28 05:00:00,-22.600059247222223,10.288319245642068,-19.246374511718727,12.80722713470459,-20.996473693847605,-20.355093383789068,9.209501475095747,9.698284238576887,,
1349,2020-03-28 06:00:00,-22.47500059444444,10.2941762354951,-18.988424682617165,12.522695541381836,-21.111166381835886,-20.362989807128884,8.674122095108032,8.979078322649002,-19.174932861328102,12.685010209213942
1350,2020-03-28 07:00:00,-22.554875383333336,10.391217745224624,-19.31786193847654,12.842920303344727,-21.16357269287107,-20.348089599609324,8.140057012438774,9.206839054822922,,
1351,2020-03-28 08:00:00,-22.624247916666665,10.789164005793031,-19.086889648437477,11.492938995361328,-21.220182800292946,-20.34184875488279,8.17513394355774,9.39204914867878,,
1352,2020-03-28 09:00:00,-22.508693541666663,10.154379757369183,-18.034246826171852,12.551596641540527,-21.28361358642573,-20.312170410156256,8.347758799791336,9.46025064587593,-18.22467651367185,11.74998283246532
1353,2020-03-28 10:00:00,-22.680615005555556,9.97228780082411,-18.02782287597654,11.803009033203125,-21.35973205566401,-20.316549682617165,8.359551012516022,9.45199489593506,,
1354,2020-03-28 11:00:00,-22.921810194444447,10.280702857027523,-17.91893615722654,12.048637390136719,-21.45361175537107,-20.320707702636696,8.388130873441696,9.372000575065613,,
1355,2020-03-28 12:00:00,-23.116829002777777,10.568304296290608,-17.985449218749977,12.175753593444824,-21.539511108398386,-20.347448730468727,8.494199082255363,9.28543682396412,-17.913168334960915,12.165492298081515
1356,2020-03-28 13:00:00,-23.65263555833334,9.785367287871962,-18.222982788085915,11.717508316040039,-21.62762298583982,-20.434042358398386,8.531552702188492,8.961688622832298,,
1357,2020-03-28 14:00:00,-23.971958811111108,9.78565781143292,-18.468344116210915,11.73270320892334,-21.610517883300787,-20.534033203124977,8.360855922102928,8.860071048140526,,
1358,2020-03-28 15:00:00,-24.23561268333333,9.042783930750103,-18.810140991210915,11.743929862976074,-21.612738037109324,-20.608366394042946,8.285315573215485,8.725488841533661,-18.81012573242185,11.637461921724023
1359,2020-03-28 16:00:00,-24.645174741666665,8.483987071173036,-18.95513000488279,11.091316223144531,-21.60960235595701,-20.695288085937477,8.089559197425842,8.673911601305008,,
1360,2020-03-28 17:00:00,-25.17200672222222,8.076387288483843,-19.118902587890602,11.46137809753418,-21.601866149902293,-20.69981231689451,8.041348040103912,8.597103327512741,,
1361,2020-03-28 18:00:00,-25.35258005277778,8.073180942044695,-19.33751525878904,11.397735595703125,-21.643095397949168,-20.708204650878884,7.916387006640434,8.392578393220901,-19.359945678710915,11.019470253610052
1362,2020-03-28 19:00:00,-25.539075438888887,8.723966695578772,-19.31004943847654,10.229961395263672,-21.729101562499977,-20.73932495117191,7.932934582233429,8.134904652833939,,
1363,2020-03-28 20:00:00,-25.5986095,8.113587456735694,-19.40184631347654,9.815016746520996,-21.79564514160154,-20.808569335937477,7.905971631407738,8.12753215432167,,
1364,2020-03-28 21:00:00,-25.35276822222222,7.441883887022201,-19.459448242187477,9.736970901489258,-21.88865509033198,-20.900778198242165,7.820300787687302,7.959090501070023,-19.42844238281248,9.628918823669665
1365,2020-03-28 22:00:00,-24.92398884722222,8.091323424759935,-19.290808105468727,9.58185863494873,-22.062643432617165,-21.005026245117165,7.707943260669708,8.167911693453789,,
1366,2020-03-28 23:00:00,-24.920528555555553,7.868311652940059,-19.428793334960915,9.691079139709473,-22.22203674316401,-21.113905334472662,8.213459849357605,8.595527157187462,,
1367,2020-03-29 00:00:00,-25.65871238611111,7.417808746191757,-19.86357727050779,9.805089950561523,-22.363493347167946,-21.18395843505857,8.356901153922081,8.64331516623497,-19.863562011718727,9.608434526599012
1368,2020-03-29 01:00:00,-26.332211269444443,7.07585931555544,-20.289938354492165,9.79200553894043,-22.515180969238287,-21.30443420410154,8.46254187822342,8.555752962827682,,
1369,2020-03-29 02:00:00,-26.30225238333333,7.220711634876907,-20.525762939453102,9.991273880004883,-22.448278808593727,-21.448629760742165,8.574827164411545,8.593232363462448,,
1370,2020-03-29 03:00:00,-26.041720872222218,6.5246634717955745,-20.947592163085915,9.938189506530762,-22.457601928710943,-21.610739135742165,8.441696122288704,8.683086931705475,-21.00031127929685,9.96531133283861
1371,2020-03-29 04:00:00,-25.47302073611111,7.179651773705607,-21.191656494140602,9.776592254638672,-22.467253112792946,-21.791319274902293,8.564322859048843,8.536922127008438,,
1372,2020-03-29 05:00:00,-25.04544481388889,7.5830114470916135,-21.489324951171852,9.656312942504883,-22.584616088867165,-21.822470092773415,8.288122162222862,8.472611457109451,,
1373,2020-03-29 06:00:00,-24.916165122222225,6.883233659016843,-21.92790832519529,9.56351375579834,-22.67626800537107,-21.71503295898438,8.22337330877781,8.37190143764019,-21.853674316406227,9.316732556908391
1374,2020-03-29 07:00:00,-24.510033172222222,7.9538487394319235,-21.697592163085915,8.985403060913086,-22.72685089111326,-21.596571350097605,8.35605589300394,8.430926322937012,,
1375,2020-03-29 08:00:00,-24.266290019444444,7.903380800496816,-21.974432373046852,9.1062593460083,-22.774008178710943,-21.548048400878884,8.266283333301544,8.35241149365902,,
1376,2020-03-29 09:00:00,-24.451377388888886,6.853149404570181,-22.177877807617165,8.864800453186035,-22.857572937011696,-21.47832336425779,8.114646777510643,8.244788154959679,-22.177877807617165,8.793592134898063
1377,2020-03-29 10:00:00,-24.2885045,6.650822534827732,-22.047201538085915,8.607383728027344,-22.92747344970701,-21.414366149902293,7.973828420042992,7.97284509241581,,
1378,2020-03-29 11:00:00,-24.73762001388889,6.709005231654424,-21.942602539062477,8.647605895996094,-23.019117736816384,-21.501966857910134,7.852819859981537,7.683488428592682,,
1379,2020-03-29 12:00:00,-24.88599699722222,7.00466247103217,-22.07445373535154,8.493099212646484,-23.11413421630857,-21.68573608398438,7.923289954662323,7.612795054912567,-21.97873535156248,8.356544037349522
1380,2020-03-29 13:00:00,-25.158388955555555,6.624373708159468,-22.251867675781227,8.222941398620605,-23.19841613769529,-21.81310882568357,7.902938932180405,7.505816265940666,,
1381,2020-03-29 14:00:00,-25.300863255555555,7.333423558833818,-22.679647827148415,8.581204414367676,-23.314466857910134,-22.209875488281227,7.903267681598663,7.685995936393738,,
1382,2020-03-29 15:00:00,-25.160605208333333,6.9631660385084055,-22.97173156738279,8.170005798339844,-23.478186035156256,-22.61724700927735,7.810338541865349,7.500436246395111,-22.969763183593727,8.386017342680134
1383,2020-03-29 16:00:00,-25.07326874166667,6.144401287667506,-23.188665771484352,7.993309020996094,-23.587614440917946,-22.936926269531227,7.63685168325901,7.377629488706589,,
1384,2020-03-29 17:00:00,-25.253440825,5.936118672406443,-23.78026428222654,7.719570159912109,-23.74651184082029,-23.29859008789063,7.518337652087212,7.38695602118969,,
1385,2020-03-29 18:00:00,-25.339889627777776,6.185534718044806,-24.099996948242165,7.263070106506348,-24.159155273437477,-23.665960693359324,7.300268575549126,7.359478205442429,-24.099981689453102,7.293917558388784
1386,2020-03-29 19:00:00,-25.596756116666665,6.055692559339492,-24.52257385253904,7.00767183303833,-24.620817565917946,-24.02783050537107,7.035347878932953,7.158717811107636,,
1387,2020-03-29 20:00:00,-25.903048374999997,5.8909263345606355,-24.851339721679665,7.3164448738098145,-25.042860412597605,-24.397352600097605,6.696875274181366,6.733688622713089,,
1388,2020-03-29 21:00:00,-26.137079594444444,5.574807196944885,-25.241979980468727,6.855816841125488,-25.456182861328102,-24.76872863769529,6.499212503433228,6.424077063798904,-25.1442932128906,6.843834156868979
1389,2020-03-29 22:00:00,-25.969275752777776,5.401824188405698,-25.627905273437477,6.199957370758057,-25.86102905273438,-25.10906829833982,6.291837006807327,6.231261789798737,,
1390,2020-03-29 23:00:00,-25.94826458333333,5.557536966051017,-26.11186828613279,5.947267532348633,-26.232695007324224,-25.42979278564451,6.150222674012184,6.078930526971817,,
1391,2020-03-30 00:00:00,-27.19793708055555,4.346075257957605,-27.044271850585915,5.707154273986816,-26.57163848876951,-25.753149414062477,5.914763525128365,5.820842653512955,-27.04425659179685,5.651264007610735
1392,2020-03-30 01:00:00,-27.90600218888889,4.686464547591907,-28.483419799804665,4.935164451599121,-26.880758666992165,-26.04821624755857,5.588792458176613,5.565207585692406,,
1393,2020-03-30 02:00:00,-28.545914613888886,4.954868864708881,-29.344732666015602,4.961635112762451,-27.142614746093727,-26.281263732910134,5.227201476693153,5.290401637554169,,
1394,2020-03-30 03:00:00,-28.9414163,3.821658243494578,-30.07372131347654,4.547348499298096,-27.34563293457029,-26.454130554199168,5.0820492208004,5.022608712315559,-30.07370605468748,4.501285674166866
1395,2020-03-30 04:00:00,-29.13122211111111,3.8373368481999246,-30.886083984374977,3.5481441020965576,-27.50250091552735,-26.59149780273438,5.194472596049309,5.146172925829887,,
1396,2020-03-30 05:00:00,-29.541390374999995,3.4809898660976253,-31.378668212890602,3.62778377532959,-27.624243164062477,-26.695845031738287,5.124074384570122,5.099802747368813,,
1397,2020-03-30 06:00:00,-29.327190644444446,3.543961350213181,-31.56139221191404,3.755465269088745,-27.695455932617165,-26.753012084960943,4.778588607907295,4.931944370269775,-31.561376953124977,3.891379355278332
1398,2020-03-30 07:00:00,-29.140862211111113,3.2151942101808015,-31.401449584960915,3.2818009853363037,-27.71800079345701,-26.762861633300787,4.840533569455147,4.8805046528577805,,
1399,2020-03-30 08:00:00,-29.53554683055555,3.2300831799298066,-31.29503479003904,3.1796464920043945,-27.706930541992165,-26.758009338378884,5.110111951828003,5.021565288305283,,
1400,2020-03-30 09:00:00,-29.380948250000003,3.416452411011539,-31.041906738281227,3.243565559387207,-27.661711120605446,-26.715864562988287,5.0567766726017,5.05571486055851,-31.041906738281227,3.1844078133581206
1401,2020-03-30 10:00:00,-29.07738420833333,3.427155239784612,-30.255468749999977,3.243661403656006,-27.582830810546852,-26.636885070800787,5.048417821526527,5.08637161552906,,
1402,2020-03-30 11:00:00,-28.724060516666665,3.5770128600876405,-29.200338745117165,3.5717289447784424,-27.49314727783198,-26.564909362792946,5.156297191977501,5.258451372385025,,
1403,2020-03-30 12:00:00,-28.470233533333328,4.000939240250982,-28.16820373535154,3.3219220638275146,-27.43242492675779,-26.49126281738279,5.348032474517822,5.488282948732376,-28.168127441406227,3.366932454169728
1404,2020-03-30 13:00:00,-28.571517575,3.9367369155516783,-27.75914611816404,3.292311191558838,-27.408857727050787,-26.444227600097605,5.577138856053352,5.641785621643066,,
1405,2020-03-30 14:00:00,-28.472980949999997,3.9114829593579334,-27.741186523437477,3.8994345664978027,-27.412763977050787,-26.450819396972662,5.895027071237564,5.921081572771072,,
1406,2020-03-30 15:00:00,-28.202385886111113,4.151901317757795,-27.758978271484352,3.8031036853790283,-27.436796569824224,-26.485494995117165,6.344359070062637,6.3488942831754684,-27.758978271484352,3.821473856572993
1407,2020-03-30 16:00:00,-28.25797147222222,4.56456390091591,-28.100408935546852,3.650843620300293,-27.462660217285134,-26.547827148437477,6.74386228621006,6.656819388270378,,
1408,2020-03-30 17:00:00,-28.53323423333333,4.3054188070952195,-28.17284240722654,4.55293083190918,-27.504522705078102,-26.641859436035134,7.005116626620293,6.9355109333992,,
1409,2020-03-30 18:00:00,-28.663053786111107,4.477113111632871,-28.412664794921852,4.514346122741699,-27.57349243164063,-26.764044189453102,7.22267547249794,7.150407031178474,-28.42143859863279,4.480427851434797
1410,2020-03-30 19:00:00,-28.59277139722222,5.18510770799006,-27.977301025390602,4.5441670417785645,-27.667822265624977,-26.88426818847654,7.43129400908947,7.390364021062851,,
1411,2020-03-30 20:00:00,-29.072529272222223,4.4553447927921965,-28.088018798828102,4.8890275955200195,-27.722494506835886,-26.866308593749977,7.676688730716705,7.68600669503212,,
1412,2020-03-30 21:00:00,-29.323921916666666,4.966276750784597,-28.447592163085915,4.813142776489258,-27.870619201660134,-27.057455444335886,7.915078535676002,7.978279605507851,-28.44757690429685,4.992807642614935
1413,2020-03-30 22:00:00,-29.086389050000005,6.3228012015512975,-27.844198608398415,5.208704948425293,-27.997229003906256,-27.12737121582029,8.181320071220398,8.19158673286438,,
1414,2020-03-30 23:00:00,-29.786866872222223,5.861840064609981,-27.53703918457029,6.145045280456543,-28.07665863037107,-27.286436462402293,8.424089670181274,8.471405670046806,,
1415,2020-03-31 00:00:00,-29.605227519444444,6.987254688113463,-28.323706054687477,6.6316986083984375,-28.370687866210943,-27.709608459472662,8.096809446811676,8.152731984853745,-28.32370605468748,6.618336660947534
1416,2020-03-31 01:00:00,-28.90662788611111,7.17814019972257,-28.746130371093727,7.227811813354492,-28.569792175292946,-27.782446289062477,7.955224812030792,8.419914066791534,,
1417,2020-03-31 02:00:00,-29.288069080555555,6.8399972281564265,-28.92278137207029,8.298728942871094,-28.652349853515574,-27.84149017333982,7.987570136785507,8.167962834239006,,
1418,2020-03-31 03:00:00,-29.821114769444446,7.216989529881553,-29.055929565429665,8.157608985900879,-28.65283050537107,-27.84069671630857,7.818018600344658,8.098534673452377,-29.0559143066406,8.244934353686403
1419,2020-03-31 04:00:00,-29.969827022222223,7.428318971780549,-28.81224670410154,8.437115669250488,-28.679243469238287,-27.858969116210943,8.05456456542015,8.213955283164978,,
1420,2020-03-31 05:00:00,-29.660753947222222,6.769076153729976,-29.02532043457029,8.920975685119629,-28.63542785644529,-27.85906829833982,8.233395993709564,8.340698942542076,,
1421,2020-03-31 06:00:00,-29.58681861111111,7.99865993170813,-29.011541748046852,9.214414596557617,-28.554602050781227,-27.747953796386696,8.409390687942505,8.204807937145233,-29.01154174804685,9.08030374487862
1422,2020-03-31 07:00:00,-29.47344895,8.76084623849256,-28.385641479492165,9.462590217590332,-28.336828613281227,-27.527662658691384,8.745806083083153,8.700247034430504,,
1423,2020-03-31 08:00:00,-29.057351747222224,9.043311119352717,-27.76445617675779,10.061840057373047,-28.004240417480418,-27.163839721679665,8.730589836835861,9.00723098218441,,
1424,2020-03-31 09:00:00,-28.667739172222223,9.759873411032478,-27.253271484374977,10.381793022155762,-27.565649414062477,-26.73504486083982,8.813531383872032,9.109513983130457,-27.234716796874977,10.236612139851786
1425,2020-03-31 10:00:00,-27.968539683333333,9.812440160919012,-26.667730712890602,10.334750175476074,-27.129370117187477,-26.279425048828102,9.144414320588112,9.368699699640274,,
1426,2020-03-31 11:00:00,-26.96082847916667,10.43347534582157,-26.126058959960915,11.30524730682373,-26.75755157470701,-25.926298522949168,9.973477602005005,10.129521012306212,,
1427,2020-03-31 12:00:00,-25.98914667222222,10.97492091400742,-25.441534423828102,11.515957832336426,-26.577055358886696,-25.70854797363279,10.72650620341301,11.04987969994545,,
1428,2020-03-31 13:00:00,,,-24.229086303710915,11.389376640319824,-26.541181945800787,-25.59813537597654,11.599279880523682,11.720283314585686,,
1429,2020-03-31 14:00:00,,,-23.789038085937477,12.136551856994629,-26.507040405273415,-25.564619445800787,12.10941258072853,12.163005858659744,,
1430,2020-03-31 15:00:00,,,-23.567892456054665,11.936833381652832,-26.45762481689451,-25.56089630126951,12.367502808570862,12.358810424804688,,
1431,2020-03-31 16:00:00,,,-22.63957824707029,11.446158409118652,-26.373312377929665,-25.508802795410134,12.587021723389626,12.48657475411892,,
1432,2020-03-31 17:00:00,,,-22.702032470703102,12.349287986755371,-26.259497070312477,-25.41953887939451,12.850724324584007,12.670499429106712,,
1433,2020-03-31 18:00:00,,,-22.896261596679665,12.800250053405762,-26.179037475585886,-25.35376586914063,13.010466307401655,12.954417914152144,,
1434,2020-03-31 19:00:00,,,-22.833929443359352,12.957062721252441,-26.10357513427735,-25.28014984130857,13.45645509660244,13.324950471520424,,
1435,2020-03-31 20:00:00,,,-23.13701477050779,14.082386016845703,-26.062963867187477,-25.238371276855446,13.801408722996712,13.813828691840172,,
1436,2020-03-31 21:00:00,,,-23.069830322265602,14.31196117401123,-26.001173400878884,-25.18223419189451,14.167331099510193,14.065560773015022,,
1437,2020-03-31 22:00:00,,,-22.629827880859352,14.420451164245605,-25.88023986816401,-25.044935607910134,14.16106241941452,14.16323235630989,,
1438,2020-03-31 23:00:00,,,-22.084265136718727,15.304849624633789,-25.674902343749977,-24.839300537109324,13.919714033603668,13.788409247994425,,
1439,2020-04-01 00:00:00,,,-21.489324951171852,15.864023208618164,-25.342916870117165,-24.577062988281227,12.888852149248123,12.539164289832115,,
1440,2020-04-01 01:00:00,,,-20.614401245117165,15.228034019470215,-24.964994812011696,-24.275183105468727,11.877793356776236,12.050680086016657,,
1441,2020-04-01 02:00:00,,,-20.196905517578102,14.766194343566895,-24.355322265624977,-23.797827148437477,12.402516812086104,13.404049083590508,,
1442,2020-04-01 03:00:00,,,-19.96141662597654,14.805793762207031,-23.69138946533198,-23.13701477050779,12.753500133752825,13.140886008739471,,
1443,2020-04-01 04:00:00,,,-19.100378417968727,13.89706039428711,-22.975050354003884,-22.40947570800779,12.241873174905775,12.223063260316849,,
1444,2020-04-01 05:00:00,,,-18.949667358398415,13.31925106048584,-22.47344055175779,-21.82450714111326,11.909764170646667,11.583244249224665,,
1445,2020-04-01 06:00:00,,,-18.496130371093727,12.611614227294922,-22.022665405273415,-21.316183471679665,11.542372211813928,11.428505718708038,,
1446,2020-04-01 07:00:00,,,-17.300360107421852,12.627339363098145,-21.66300811767573,-20.877287292480418,11.500331625342367,11.486344933509828,,
1447,2020-04-01 08:00:00,,,-17.044104003906227,12.665702819824219,-21.24889984130857,-20.446333312988287,11.664886891841888,11.70398062467575,,
1448,2020-04-01 09:00:00,,,-16.906591796874977,12.718647956848145,-20.868063354492165,-20.036512756347605,11.761709660291672,11.831202670931816,,
1449,2020-04-01 10:00:00,,,-16.000097656249977,12.308887481689453,-20.50604858398438,-19.666357421874977,11.87915214896202,11.893688067793846,,
1450,2020-04-01 11:00:00,,,-16.075903320312477,12.691569328308105,-20.182836914062477,-19.318861389160134,11.879459038376808,11.814042165875437,,
1451,2020-04-01 12:00:00,,,-16.231359863281227,12.862732887268066,-19.951986694335886,-19.00751342773438,11.806606903672218,11.783477082848547,,
1452,2020-04-01 13:00:00,,,-15.649328613281227,12.996305465698242,-19.764273071289068,-18.77984466552735,11.66621707379818,11.607839941978456,,
1453,2020-04-01 14:00:00,,,-15.648718261718727,13.199630737304688,-19.629911804199168,-18.619406127929665,11.29469509422779,11.280813336372375,,
1454,2020-04-01 15:00:00,,,-15.667120361328102,13.155980110168457,-19.643034362792946,-18.527906799316384,10.958660379052162,10.912641793489456,,
1455,2020-04-01 16:00:00,,,-15.236517333984352,12.861456871032715,-19.781507873535134,-18.541777038574224,10.833364859223366,10.736835151910782,,
1456,2020-04-01 17:00:00,,,-15.173681640624977,12.882322311401367,-19.751242065429665,-18.66587677001951,10.697305262088776,10.69697941839695,,
1457,2020-04-01 18:00:00,,,-15.155920410156227,12.973939895629883,-19.78850402832029,-18.677381896972662,10.666588559746742,10.683885008096697,,
1458,2020-04-01 19:00:00,,,-15.138769531249977,12.907029151916504,-19.91735687255857,-18.99413146972654,10.681137636303902,10.748112678527832,,
1459,2020-04-01 20:00:00,,,-15.359991455078102,13.239341735839844,-20.40839233398438,-19.640753173828102,10.93591696023941,11.077028691768646,,
1460,2020-04-01 21:00:00,,,-15.520605468749977,13.2134370803833,-21.377584838867165,-20.54314270019529,11.828684449195862,11.584700405597689,,
1461,2020-04-01 22:00:00,,,-15.812963867187477,13.201714515686035,-22.500883483886696,-21.571974182128884,11.933266013860704,11.68596374988556,,
1462,2020-04-01 23:00:00,,,-17.030126953124977,12.764415740966797,-23.408544921874977,-22.406820678710943,11.244117200374603,11.124699607491491,,
1463,2020-04-02 00:00:00,,,-17.82970275878904,12.3477201461792,-23.520040893554665,-22.486532592773415,10.442900717258452,10.623187869787216,,
1464,2020-04-02 01:00:00,,,-18.92186584472654,12.084254264831543,-24.064886474609324,-22.990438842773415,10.394500389695168,10.441719383001328,,
1465,2020-04-02 02:00:00,,,-19.947912597656227,11.602864265441895,-24.457373046874977,-23.36338653564451,10.560116663575172,10.538313388824465,,
1466,2020-04-02 03:00:00,,,-20.46770324707029,11.536712646484375,-24.68237915039063,-23.60651245117191,10.935811266303062,10.733967915177343,,
1467,2020-04-02 04:00:00,,,-20.591528320312477,11.573479652404785,-24.88597717285154,-23.721029663085886,11.224741876125336,10.923341453075407,,
1468,2020-04-02 05:00:00,,,-20.986517333984352,11.609172821044922,-24.91709747314451,-23.73413696289063,11.350164026021956,11.071000009775162,,
1469,2020-04-02 06:00:00,,,-21.142843627929665,11.490925788879395,-24.763082885742165,-23.511816406249977,10.669565111398695,10.916820213198662,,
1470,2020-04-02 07:00:00,,,-20.983709716796852,11.758101463317871,-24.41398468017573,-23.172979736328102,10.640381172299383,10.180088207125664,,
1471,2020-04-02 08:00:00,-26.953952705555558,11.693284674840982,-21.04167785644529,11.864501953125,-24.022627258300787,-22.766027832031227,10.527019828557968,10.362218961119652,,
1472,2020-04-02 09:00:00,-26.77098407222222,11.502405777064409,-20.889135742187477,11.997410774230957,-23.624281311035134,-22.378691101074224,9.957541823387146,9.934913992881777,-20.88716735839841,12.22863524442073
1473,2020-04-02 10:00:00,-26.324670188888888,11.37978293736623,-20.555151367187477,12.291054725646973,-23.300146484374977,-22.083753967285134,9.256789609789848,9.31648686528206,,
1474,2020-04-02 11:00:00,-25.785919311111115,11.798810132593985,-20.09685363769529,12.78615951538086,-23.060484313964764,-21.81793060302735,9.120069727301598,8.460485950112343,,
1475,2020-04-02 12:00:00,-25.32625429567901,12.022907645591218,-19.738226318359352,13.213497161865234,-22.818495178222662,-21.597784423828102,9.830726578831673,9.004028648138046,,
1476,2020-04-02 13:00:00,,,-19.27812805175779,13.009542465209961,-22.58836975097654,-21.44977416992191,11.125691831111908,10.514764472842216,,
1477,2020-04-02 14:00:00,,,-18.905584716796852,13.435770034790039,-22.449423217773415,-21.43553009033198,11.300663948059082,11.236743479967116,,
1478,2020-04-02 15:00:00,-25.489501283641975,12.18055002120378,-18.67766418457029,14.076979637145996,-22.517835998535134,-21.480123901367165,11.30057643353939,11.340556517243384,-18.677633666992165,14.395549590699376
1479,2020-04-02 16:00:00,-25.37498805833333,12.071466509924008,-18.81450500488279,13.78909683227539,-22.696546936035134,-21.620642089843727,11.358412280678747,11.348321169614792,,
1480,2020-04-02 17:00:00,-25.27224938333333,11.905834814166797,-18.80596008300779,13.45199966430664,-22.843374633789068,-21.78611602783198,11.450420886278152,11.582031458616257,,
1481,2020-04-02 18:00:00,-25.299012908333335,12.607450255402805,-18.966284179687477,14.482996940612793,-23.006933593749977,-21.887701416015574,11.723600685596466,11.953812316060066,-18.993597412109352,14.610061467508784
1482,2020-04-02 19:00:00,-25.39328577777778,12.469105620429298,-18.90367736816404,14.093242645263672,-23.237341308593727,-22.005522155761696,11.976213917136192,12.101724222302437,,
1483,2020-04-02 20:00:00,-25.709179852777776,12.926538707032284,-19.001928710937477,14.169258117675781,-23.379972839355446,-22.15483703613279,12.104987651109695,12.208804473280908,,
1484,2020-04-02 21:00:00,-26.186609002777775,13.276784255538344,-18.970617675781227,14.186253547668457,-23.53996124267573,-22.33195343017573,12.178298696875572,12.21973916888237,-19.033102416992165,14.31216630002018
1485,2020-04-02 22:00:00,-26.457852000000003,12.831738137256538,-19.078497314453102,14.316611289978027,-23.652311706542946,-22.441725158691384,12.322759807109833,12.210376530885696,,
1486,2020-04-02 23:00:00,-26.657337808333338,12.770770917304885,-19.593344116210915,14.726227760314941,-23.775717163085886,-22.493070983886696,12.34467387199402,12.105655014514925,,
1487,2020-04-03 00:00:00,-26.65435293333334,12.93795351249054,-19.814474487304665,15.131973266601562,-23.76122131347654,-22.542120361328102,12.282539069652556,11.971826314926147,-19.8144592285156,14.830835497006774
1488,2020-04-03 01:00:00,-26.722869902777777,12.874694928955025,-19.778692626953102,14.631178855895996,-23.74030151367191,-22.653776550292946,12.054859817028046,11.941199988126757,,
1489,2020-04-03 02:00:00,-26.711551627777776,12.680449082047039,-19.41130676269529,13.993937492370605,-23.782186889648386,-22.67149200439451,11.813169479370115,11.75352208316326,,
1490,2020-04-03 03:00:00,-26.544620327777775,13.243962437432144,-19.099279785156227,13.386144638061523,-23.811201477050787,-22.697897338867165,11.51959691941738,11.579090803861618,-19.100241088867165,13.37871284421999
1491,2020-04-03 04:00:00,-26.437458327777776,13.277486723938226,-18.28600158691404,12.092975616455078,-23.818434143066384,-22.68266906738279,11.19093695282936,11.366744875907898,,
1492,2020-04-03 05:00:00,-26.36801626944444,12.945331715678966,-18.223165893554665,11.598328590393066,-23.762297058105446,-22.509214782714764,10.622192323207855,10.98947575688362,,
1493,2020-04-03 06:00:00,-26.480614877777782,12.19735329797283,-18.072302246093727,11.516818046569824,-23.71343841552735,-22.385366821289068,10.17623010277748,10.223658055067062,-18.081243896484352,11.813036276958885
1494,2020-04-03 07:00:00,-26.400079369444445,11.706397428842365,-18.20439758300779,12.043150901794434,-23.611410522460943,-22.198255920410134,9.793960466980934,9.53697270154953,,
1495,2020-04-03 08:00:00,-26.36379709444444,11.13934117221296,-18.036199951171852,11.49540901184082,-23.56291809082029,-22.083990478515574,9.44894628226757,9.05241982638836,,
1496,2020-04-03 09:00:00,-25.89095621666667,10.319146606402521,-17.917944335937477,11.279284477233887,-23.57012023925779,-22.042250061035134,9.21311491727829,8.596280470490456,-17.917929077148415,11.368542248615997
1497,2020-04-03 10:00:00,-25.360023527777773,10.024326727165887,-18.214086914062477,11.356828689575195,-23.63451995849607,-22.188604736328102,8.954330146312714,8.573499262332916,,
1498,2020-04-03 11:00:00,-25.359068258333334,9.50397668872728,-18.082891845703102,11.14924430847168,-23.778463745117165,-22.260534667968727,8.678606316447258,8.557552814483643,,
1499,2020-04-03 12:00:00,-24.491410605555558,8.89448608815808,-18.323263549804665,10.669045448303223,-23.775015258789068,-22.172003173828102,8.52769523486495,8.518498867750168,-18.3232482910156,10.654520473908631
1500,2020-04-03 13:00:00,-23.365315350000003,9.63679706162488,-18.896566772460915,10.671869277954102,-23.820036315917946,-22.233419799804665,8.717840567231178,8.845158740878105,,
1501,2020-04-03 14:00:00,-23.00566286111111,9.72172716877264,-18.901098632812477,10.192273139953613,-23.967985534667946,-22.386244201660134,8.886775553226471,8.816403418779373,,
1502,2020-04-03 15:00:00,-23.169775950000002,8.40559921094569,-19.41887512207029,9.902832984924316,-24.19970550537107,-22.626181030273415,8.631865337491035,8.546638160943985,-19.419577026367165,10.234253472764976
1503,2020-04-03 16:00:00,-22.993032725000003,8.751719836307652,-20.41954650878904,10.194003105163574,-24.42186584472654,-22.83983459472654,8.399459898471832,8.163505047559738,,
1504,2020-04-03 17:00:00,-23.73670228055555,7.815216998422446,-20.619284057617165,9.456270217895508,-24.639959716796852,-23.024938964843727,8.290710836648941,7.990121737122536,,
1505,2020-04-03 18:00:00,-23.876538116666666,8.591797349628635,-20.534140014648415,9.338892936706543,-24.611822509765574,-23.113134765624977,8.511147856712341,8.088741272687912,-20.533819580078102,9.516325910575688
1506,2020-04-03 19:00:00,-23.84903667777778,9.574855945525515,-20.423284912109352,9.717133522033691,-24.538885498046852,-23.08568420410154,8.836148798465729,8.405322551727295,,
1507,2020-04-03 20:00:00,-24.133852641666664,9.83949768367841,-20.498861694335915,10.111517906188965,-24.410292053222662,-22.983442687988287,8.837786436080933,8.436497837305069,,
1508,2020-04-03 21:00:00,-24.17553767777778,9.671792481014984,-20.08098449707029,10.633282661437988,-24.249830627441384,-22.88291778564451,8.939819514751434,8.584164291620255,-20.080969238281227,10.653394948807543
1509,2020-04-03 22:00:00,-24.390562658333334,9.792915979008413,-20.00212707519529,10.831762313842773,-24.145178222656256,-22.840002441406256,9.375511184334757,9.146605551242828,,
1510,2020-04-03 23:00:00,-24.460740491666666,9.656255872248174,-20.262960815429665,10.573491096496582,-24.066183471679665,-22.88950958251951,9.299831852316856,9.513858631253242,,
1511,2020-04-04 00:00:00,-24.36303263055555,9.586578198130823,-21.053961181640602,10.915369033813477,-23.977217102050787,-22.892286682128884,9.036547511816025,9.561280831694605,-21.02660217285154,10.767763585667126
1512,2020-04-04 01:00:00,-24.292523522222222,9.59825112124136,-21.932394409179665,10.590909957885742,-23.99181976318357,-22.910101318359324,9.029461085796356,9.793288201093674,,
1513,2020-04-04 02:00:00,-24.111207930555555,8.890520630732558,-22.489172363281227,10.13051700592041,-24.20964660644529,-23.046881103515574,9.798733800649645,9.6013393253088,,
1514,2020-04-04 03:00:00,-23.99082810555556,9.336544398177404,-22.656591796874977,10.175637245178223,-24.436338806152293,-23.36083831787107,9.519261822104454,9.218208968639374,-22.656576538085915,10.043788340641186
1515,2020-04-04 04:00:00,-23.74262411388889,9.378290211662058,-23.020452880859352,8.96712589263916,-24.564398193359324,-23.60126342773438,8.575604483485222,9.143307611346245,,
1516,2020-04-04 05:00:00,-23.520560558333333,9.039384772723288,-24.069097900390602,8.835875511169434,-24.807630920410134,-23.692030334472662,7.653661280870438,8.181423053145409,,
1517,2020-04-04 06:00:00,-23.68042050277778,8.61800993980333,-24.192709350585915,8.525348663330078,-25.07958068847654,-23.848547363281227,7.825639769434929,7.673373892903328,-24.19269409179685,8.611653799191117
1518,2020-04-04 07:00:00,-24.256692261111112,8.027232758891858,-24.016668701171852,8.25360107421875,-25.319776916503884,-24.02331390380857,7.909123376011848,7.893822491168976,,
1519,2020-04-04 08:00:00,-24.451761683333334,7.537926685601403,-24.135443115234352,8.160833358764648,-25.494345092773415,-24.170683288574224,7.707586869597435,7.4082749634981155,,
1520,2020-04-04 09:00:00,,,-24.52556457519529,7.586886405944824,-25.556227111816384,-24.33898773193357,7.412534162402153,7.273179948329925,-24.484533691406227,7.55239427043125
1521,2020-04-04 10:00:00,-25.464349829166668,6.8735949608321265,-25.157690429687477,8.062910079956055,-25.70660247802735,-24.540235900878884,6.8424835950136185,6.8521924912929535,,
1522,2020-04-04 11:00:00,-25.82121811944445,6.097429655948317,-25.940267944335915,8.178287506103516,-25.86942901611326,-24.708761596679665,7.226433202624321,6.970575645565987,,
1523,2020-04-04 12:00:00,-25.954615030555555,7.218329620781841,-26.15379943847654,8.636138916015625,-26.145597839355446,-24.99498596191401,7.431079864501953,7.170584365725517,-26.15379943847654,8.427746204542927
1524,2020-04-04 13:00:00,-24.58935590555555,6.33468399920498,-25.91325988769529,8.34641170501709,-26.289274597167946,-25.17285003662107,7.446957990527153,7.137597873806953,,
1525,2020-04-04 14:00:00,-24.056918291666666,6.404194635908142,-26.108404541015602,8.874606132507324,-26.317037963867165,-25.247671508789068,6.820959091186523,6.796167440712452,,
1526,2020-04-04 15:00:00,-24.901753799999998,7.299738579513531,-26.08147277832029,8.457820892333984,-26.145849609374977,-25.113745117187477,7.361371025443077,7.300840452313423,-26.086126708984352,8.050826326711103
1527,2020-04-04 16:00:00,-25.28732337777778,7.622498380614464,-26.218084716796852,7.667098522186279,-26.142256164550787,-25.106153869628884,8.290500462055206,8.170964047312737,,
1528,2020-04-04 17:00:00,-25.756598550000003,7.7249044611044155,-26.53630676269529,7.737618446350098,-26.28980102539063,-25.25121917724607,8.36690840125084,8.120474517345428,,
1529,2020-04-04 18:00:00,-26.275826877777785,7.286245970118784,-26.258627319335915,7.6724162101745605,-26.47324981689451,-25.426405334472662,7.932509943842888,7.8262490183115005,-26.258703613281227,7.621951504435856
1530,2020-04-04 19:00:00,-26.595202852777778,6.061442107988008,-26.240377807617165,6.908060073852539,-26.494970703124977,-25.503233337402293,7.560960039496422,7.371895104646683,,
1531,2020-04-04 20:00:00,-26.51493451111111,5.07554475440973,-25.783087158203102,6.719477653503418,-26.482496643066384,-25.40049591064451,7.474716991186142,7.304226815700531,,
1532,2020-04-04 21:00:00,-26.30865618611111,4.872557618721637,-24.780050659179665,6.830782413482666,-26.465719604492165,-25.348120117187477,7.145567461848259,7.109200477600098,-24.7839416503906,6.796078490559012
1533,2020-04-04 22:00:00,-26.017655913888888,4.149006989822381,-25.112982177734352,5.857797145843506,-26.594198608398386,-25.371748352050787,6.896623536944389,6.868777960538864,,
1534,2020-04-04 23:00:00,-25.630045238888894,4.092700071246648,-25.21031799316404,5.513669013977051,-26.611181640624977,-25.500524902343727,6.885302782058716,6.738298177719116,,
1535,2020-04-05 00:00:00,-25.431585283333334,4.472916914514967,-24.895529174804665,4.910597801208496,-26.641004943847605,-25.66838684082029,6.837635233998299,6.646280482411385,-24.8955139160156,4.980584523989819
1536,2020-04-05 01:00:00,-23.194355038888887,4.764681373467059,-24.357885742187477,4.883761405944824,-26.68036499023438,-25.713690185546852,6.709189236164093,6.682174161076546,,
1537,2020-04-05 02:00:00,-21.715143852777782,5.19903371299029,-23.815588378906227,5.248586654663086,-26.72929229736326,-25.711241149902293,6.429291874170303,6.463874042034149,,
1538,2020-04-05 03:00:00,-21.084417000000002,4.4070441727091305,-23.177526855468727,5.728472709655762,-26.45983734130857,-25.579664611816384,6.317198112607002,6.325395196676254,-23.2165588378906,5.741108606511261
1539,2020-04-05 04:00:00,-20.552267616666665,5.651007927050017,-22.26610412597654,5.858170986175537,-26.112638854980418,-25.396742248535134,6.238571181893349,6.25328628718853,,
1540,2020-04-05 05:00:00,-20.06196863888889,6.031379668162557,-21.565191650390602,6.256667137145996,-25.74668731689451,-25.119467163085886,5.931864753365517,5.948384687304497,,
1541,2020-04-05 06:00:00,-19.698021533333332,6.343525801869862,-21.071478271484352,5.995291233062744,-25.410757446289068,-24.610426330566384,5.604007691144943,5.909435540437698,-21.07146301269529,6.119444279349409
1542,2020-04-05 07:00:00,-19.49046663333333,6.099062043378322,-20.352911376953102,6.417276382446289,-25.08275451660154,-24.09234466552735,5.595623284578323,5.944528788328171,,
1543,2020-04-05 08:00:00,-19.242858905555554,6.607600602304885,-20.049459838867165,6.376630783081055,-24.786833190917946,-23.71952667236326,5.937569752335548,6.040667116641998,,
1544,2020-04-05 09:00:00,-18.987506075000002,6.525499060223871,-19.98308410644529,6.806522369384766,-24.397894287109324,-23.350805664062477,5.938989922404289,6.072889819741249,-20.000646972656227,7.223788976145443
1545,2020-04-05 10:00:00,-18.900308924999997,6.275351939733297,-19.54717102050779,7.080627918243408,-24.07379760742191,-23.06278839111326,5.961627677083015,6.0575093775987625,,
1546,2020-04-05 11:00:00,-19.188305824999997,6.046335365658593,-19.214331054687477,6.875882625579834,-23.780294799804665,-22.797216796874977,6.236400812864304,6.200141176581383,,
1547,2020-04-05 12:00:00,-19.104085641666668,6.245783413744422,-18.65532531738279,6.576815128326416,-23.332830810546852,-22.40275421142573,6.121961787343025,6.213572800159454,-18.655310058593727,6.8280684936326
1548,2020-04-05 13:00:00,-19.022074525,5.875044360738118,-17.343206787109352,6.638607501983643,-22.794218444824224,-21.951818847656256,6.095546036958695,6.216076493263245,,
1549,2020-04-05 14:00:00,-18.522720780555556,6.260600665682265,-16.436010742187477,7.405847072601318,-22.21812286376951,-21.365866088867165,6.527968928217888,6.431094124913216,,
1550,2020-04-05 15:00:00,-17.62773538611111,6.532584978554062,-15.415716552734352,7.555922985076904,-21.57743682861326,-20.68919982910154,6.383073270320892,6.210162729024887,-15.504370117187475,7.60397783969529
1551,2020-04-05 16:00:00,-16.07331521944445,6.501922151478602,-13.817175292968727,8.556219100952148,-21.122106933593727,-20.237242126464764,6.101984888315201,6.276096805930138,,
1552,2020-04-05 17:00:00,-14.906588161111111,7.2795548996415045,-12.352392578124977,8.601710319519043,-20.68279113769529,-19.901144409179665,6.647966042160988,6.857853949069977,,
1553,2020-04-05 18:00:00,-14.137431883333335,7.616244501074753,-11.324255371093727,8.816534042358398,-20.22898712158198,-19.49120941162107,6.763177901506424,6.839363932609558,-11.32488098144529,8.683782378095202
1554,2020-04-05 19:00:00,-13.820084891666667,7.176749792485228,-10.732885742187477,8.63140869140625,-19.93755187988279,-19.185827636718727,6.8464363515377045,6.886273384094238,,
1555,2020-04-05 20:00:00,-13.719096869444444,7.759407233988512,-10.770025634765602,7.507236480712891,-19.883024597167946,-19.104338073730418,6.937102124094963,6.883910953998566,,
1556,2020-04-05 21:00:00,-14.642316658333334,6.713692550793426,-11.443457031249977,8.258635520935059,-20.087301635742165,-19.200354003906256,7.026940584182739,6.966919437050819,-11.444158935546852,8.052161071798764
1557,2020-04-05 22:00:00,-15.910129577777779,6.534785619350912,-12.220953369140602,7.265908718109131,-20.373648071289068,-19.489096069335886,7.145767956972122,6.996317356824875,,
1558,2020-04-05 23:00:00,-16.80212608888889,6.686972597173116,-12.700659179687477,7.394432544708252,-20.570753479003884,-19.685484313964764,7.223482355475426,7.026665180921555,,
1559,2020-04-06 00:00:00,-17.729985683333332,6.352862142990186,-13.024176025390602,7.623851299285889,-19.538229370117165,-18.74461975097654,7.779252678155899,7.64782090485096,-13.02513732910154,7.838651960366405
1560,2020-04-06 01:00:00,-17.794515761111114,6.858330939387913,-13.611273193359352,7.478302001953125,-19.787565612792946,-18.78446807861326,7.590796038508415,7.417784914374351,,
1561,2020-04-06 02:00:00,-18.78763823888889,6.524759137249984,-14.042150878906227,6.8812689781188965,-20.022314453124977,-18.99265899658198,7.223246514797211,7.022882461547852,,
1562,2020-04-06 03:00:00,-19.345246644444444,6.0322400668783525,-14.334387207031227,6.776830673217773,-20.31413879394529,-19.301168823242165,6.755403697490692,6.514951050281525,-14.334371948242165,6.785622103023343
1563,2020-04-06 04:00:00,-19.576908466666666,5.118986857753853,-14.601599121093727,5.78108549118042,-20.627867126464764,-19.68516387939451,6.236752659082413,6.0299583077430725,,
1564,2020-04-06 05:00:00,-19.818948088888888,4.815394365288138,-14.969824218749977,5.083920478820801,-20.998991394042946,-20.040129089355446,5.806961208581924,5.6658500880002975,,
1565,2020-04-06 06:00:00,-20.22739183888889,4.293942606969229,-14.947668457031227,5.4445648193359375,-21.255010986328102,-20.30054321289063,5.522239178419113,5.40223890542984,-14.946691894531227,5.368420192040503
1566,2020-04-06 07:00:00,-20.683762344444446,4.6266851990193425,-15.431158447265602,5.543154239654541,-21.349920654296852,-20.385763549804665,5.398905843496323,5.190299823880196,,
1567,2020-04-06 08:00:00,-20.589255827777777,4.735617935750286,-15.984472656249977,4.624207019805908,-21.206396484374977,-20.363554382324224,5.301160767674446,5.08801905810833,,
1568,2020-04-06 09:00:00,-20.990628061111114,4.5667293747482525,-16.653417968749977,4.068888187408447,-21.19865264892573,-20.34746398925779,5.169017136096954,4.940008744597435,-16.653417968749977,4.391179936006665
1569,2020-04-06 10:00:00,-20.309211527777776,5.544511249312276,-16.428137207031227,4.969290256500244,-21.122412109374977,-20.245741271972662,5.233528152108192,5.063302204012871,,
1570,2020-04-06 11:00:00,-20.302982825,4.949947414341125,-16.227087402343727,5.685617923736572,-20.91345062255857,-20.05913391113279,5.403076708316803,5.224275410175324,,
1571,2020-04-06 12:00:00,-19.806584013888887,5.203704842391702,-16.031195068359352,6.488089084625244,-20.765928649902293,-19.85748901367191,5.454520836472511,5.180356815457344,-16.03117980957029,6.656477993354201
1572,2020-04-06 13:00:00,-19.934537658333337,4.808822370231547,-15.885229492187477,6.795318126678467,-20.691908264160134,-19.68076934814451,5.340532630681992,5.076081395149231,,
1573,2020-04-06 14:00:00,-19.727050744444444,5.128888192854025,-15.555487060546852,6.985658645629883,-20.768568420410134,-19.607618713378884,5.1782106757164,5.092905268073082,,
1574,2020-04-06 15:00:00,-19.170555280555558,5.315535469905129,-15.126623535156227,7.01162052154541,-20.914190673828102,-19.69585266113279,5.089251816272736,5.092806831002235,-15.140295410156227,6.876823100086767
1575,2020-04-06 16:00:00,-18.916620280555552,5.0540959186178265,-14.698767089843727,6.264278411865234,-21.006460571289068,-19.857763671874977,5.038144826889038,5.062307327985764,,
1576,2020-04-06 17:00:00,-19.382858736111114,4.3097602703089555,-14.539343261718727,5.814589500427246,-20.904570007324224,-19.87743988037107,4.71794992685318,4.788202986121178,,
1577,2020-04-06 18:00:00,-19.83328795277778,4.659227947823408,-14.811865234374977,6.175402641296387,-20.823080444335886,-19.942694091796852,4.423100680112839,4.548559918999672,-14.811834716796852,6.27254870464094
1578,2020-04-06 19:00:00,-20.83041932777778,4.39258755900437,-15.188940429687477,6.289236545562744,-20.886877441406256,-19.942175292968727,4.2506298422813416,4.325487345457077,,
1579,2020-04-06 20:00:00,-22.72054974166667,3.3793830656581503,-15.903356933593727,6.106101036071777,-21.00151672363279,-19.974455261230418,4.185818046331406,4.174805551767349,,
1580,2020-04-06 21:00:00,-23.74156376944444,3.337652140086218,-16.354101562499977,6.156888961791992,-21.236769104003884,-20.07079925537107,4.185459837317467,4.083828538656235,-16.355062866210915,5.988493580516661
1581,2020-04-06 22:00:00,-23.015218211111115,4.203456160601306,-16.646093749999977,5.182861328125,-21.51116027832029,-20.316381835937477,4.150313138961792,4.0887133330106735,,
1582,2020-04-06 23:00:00,-23.179878052777777,4.307495113093019,-16.936499023437477,5.023517608642578,-21.797392272949168,-20.593840026855446,4.231085911393166,4.1141393929719925,,
1583,2020-04-07 00:00:00,-23.93636058611111,3.360037486066487,-17.261633300781227,4.82273530960083,-22.051847839355446,-20.93993988037107,4.064194619655609,3.942877411842346,-17.261618041992165,4.56651044182945
1584,2020-04-07 01:00:00,-24.498393333333336,2.899283703810989,-17.857031249999977,4.312612533569336,-22.260961914062477,-21.110739135742165,3.927959948778153,3.7242792695760727,,
1585,2020-04-07 02:00:00,-25.19232551944445,3.0999565660664117,-18.505316162109352,4.030825138092041,-22.41168060302735,-21.269239807128884,3.897534444928169,3.6420630514621735,,
1586,2020-04-07 03:00:00,-26.347468286111113,2.8559548695587615,-19.37016906738279,3.616241693496704,-22.570463562011696,-21.432623291015574,3.84047757089138,3.515470325946808,-19.370153808593727,3.6511897977325134
1587,2020-04-07 04:00:00,-27.261716719444447,2.6835399481126587,-20.631689453124977,3.3058135509490967,-22.787191772460943,-21.617277526855446,3.5405760556459427,3.2342538088560104,,
1588,2020-04-07 05:00:00,-27.93722056388889,2.403089927656741,-21.941183471679665,2.942667007446289,-23.000402832031227,-21.859312438964764,3.385005339980125,3.037788525223732,,
1589,2020-04-07 06:00:00,-28.648303616666666,1.985310403750406,-23.217565917968727,2.5781424045562744,-23.240866088867165,-22.119345092773415,3.420231357216835,3.0611882507801056,-23.217550659179665,2.306210097973235
1590,2020-04-07 07:00:00,-27.6423214,1.2560916920954348,-22.338415527343727,2.5867443084716797,-23.491705322265574,-22.392538452148386,3.610028460621834,3.213071621954441,,
1591,2020-04-07 08:00:00,-26.991086141666667,1.9887236255561547,-21.86076965332029,3.273545980453491,-23.743925476074224,-22.688574218749977,3.764057561755181,3.434872955083847,,
1592,2020-04-07 09:00:00,-27.5077342,2.478344494906494,-22.202597045898415,3.1195812225341797,-24.00517120361326,-22.948988342285134,3.783528596162796,3.539065033197403,-22.202581787109352,2.7766337528591976
1593,2020-04-07 10:00:00,-28.259908863888885,2.2190223150854727,-21.907186889648415,3.3294875621795654,-24.248022460937477,-23.169935607910134,3.769741728901863,3.5587289184331894,,
1594,2020-04-07 11:00:00,-28.724248275000004,2.256828257454558,-21.711492919921852,3.6247613430023193,-24.44377746582029,-23.35735168457029,3.745880752801895,3.693265452980995,,
1595,2020-04-07 12:00:00,-28.75160058333333,2.80881119184453,-22.111105346679665,3.4148552417755127,-24.621038818359324,-23.51141967773438,3.7628170251846313,3.79113344848156,-22.1110900878906,2.771070968243293
1596,2020-04-07 13:00:00,-29.147639469444446,2.779743631700408,-22.52599182128904,3.445711374282837,-24.78849639892573,-23.657675170898386,3.820469379425049,3.792092323303223,,
1597,2020-04-07 14:00:00,-29.231451572222227,3.0546590201585246,-23.271688842773415,3.416003942489624,-24.953451538085886,-23.813002014160134,3.786303974688053,3.735277272760868,,
1598,2020-04-07 15:00:00,-29.454759903333336,3.2897533739931673,-25.055929565429665,2.7717621326446533,-25.140898132324224,-24.00194396972654,3.717457517981529,3.741396978497505,-25.05589904785154,2.3950956548796967
1599,2020-04-07 16:00:00,-29.654479027777775,3.4038555926215404,-26.339971923828102,2.4391980171203613,-25.35424652099607,-24.217443847656256,3.7568648159503937,3.820691809058189,,
1600,2020-04-07 17:00:00,-29.894892186111107,3.3260867770072746,-27.463110351562477,2.2359743118286133,-25.597814941406256,-24.464857482910134,3.762477099895477,3.831209495663643,,
1601,2020-04-07 18:00:00,-30.18732753333333,3.14951726050155,-28.723959350585915,1.9603843688964844,-25.864660644531227,-24.73686828613279,3.83560411632061,3.95046503841877,-28.72394409179685,1.5707012793573083
1602,2020-04-07 19:00:00,-30.519294447222226,3.161367038306512,-29.97057189941404,2.1604130268096924,-26.148832702636696,-25.031065368652293,3.799731448292732,3.9561439901590343,,
1603,2020-04-07 20:00:00,-30.990615080555553,3.044945725207601,-31.227941894531227,1.7313159704208374,-26.433271789550787,-25.328253173828102,3.55051127076149,3.689207419753074,,
1604,2020-04-07 21:00:00,-31.29289310277778,3.133252244634924,-32.107015991210915,1.8005077838897705,-26.71708526611326,-25.61987152099607,3.24695996940136,3.4084056615829468,-32.10602416992185,1.579324422054924
1605,2020-04-07 22:00:00,-31.345351261111116,3.2547485651780668,-32.524740600585915,2.1516780853271484,-26.985792541503884,-25.900434875488287,3.146035820245743,3.2565516233444214,,
1606,2020-04-07 23:00:00,-31.767471211111115,3.5004587266412677,-31.76048889160154,1.6956901550292969,-27.217131042480418,-26.144056701660134,3.163758635520935,3.2573489248752594,,
1607,2020-04-08 00:00:00,-31.82153001944444,3.395021907514271,-31.543341064453102,1.1670819520950317,-27.38825073242191,-26.344984436035134,3.270316392183304,3.422323375940323,-31.54332580566404,1.12658491183538
1608,2020-04-08 01:00:00,-32.287178419444444,3.089906825482824,-31.448095703124977,2.0295233726501465,-27.469671630859324,-26.44804992675779,3.019370913505554,3.138292253017425,,
1609,2020-04-08 02:00:00,-32.23651681388889,2.4827342528994465,-30.88677062988279,1.7654303312301636,-27.413252258300787,-26.40503540039063,2.8512711822986603,2.889080062508583,,
1610,2020-04-08 03:00:00,-32.576855102777785,2.6839346878213117,-30.765936279296852,1.5382745265960693,-27.24999084472654,-26.276075744628884,2.785788372159004,2.772463947534561,-30.765905761718727,1.47712212492479
1611,2020-04-08 04:00:00,-32.00716470555556,2.5783437442493553,-30.884222412109352,1.6933776140213013,-26.99120178222654,-26.05505218505857,2.638616308569908,2.5378293991088867,,
1612,2020-04-08 05:00:00,-31.048222030555554,2.6969187929695195,-30.268881225585915,2.0240139961242676,-26.77202453613279,-25.79760589599607,2.771106138825417,2.70599465072155,,
1613,2020-04-08 06:00:00,-30.057369716666667,3.17316046840349,-29.31902160644529,1.9468791484832764,-26.51812591552735,-25.532484436035134,2.770641475915909,2.734418019652366,-29.318991088867165,1.8280484791612253
1614,2020-04-08 07:00:00,-29.324063702777778,3.5514690700382676,-27.39073791503904,2.111466646194458,-26.186598205566384,-25.227369689941384,2.903775289654732,2.9113094359636307,,
1615,2020-04-08 08:00:00,-28.770882874999998,3.6722843935420975,-25.116949462890602,3.082618236541748,-25.78105773925779,-24.87669982910154,3.2065651267766957,3.1998230516910557,,
1616,2020-04-08 09:00:00,-27.860645805555553,4.739339565443369,-23.88896789550779,3.9122676849365234,-25.328321838378884,-24.449598693847605,3.5974923074245453,3.58039653301239,-23.888952636718727,3.906971592339687
1617,2020-04-08 10:00:00,-26.43123316666666,4.773886683455298,-22.687826538085915,4.496325969696045,-24.887792968749977,-23.975859069824224,3.8284159898757935,3.81796070933342,,
1618,2020-04-08 11:00:00,-24.96459783611111,5.5771530846690425,-21.67857971191404,4.769227504730225,-24.44066467285154,-23.548437499999977,3.980169773101807,3.9447951316833496,,
1619,2020-04-08 12:00:00,-23.789284683333335,5.227127200181201,-20.622640991210915,4.672244071960449,-24.034887695312477,-23.091467285156256,4.105464056134224,4.045588850975037,-20.62262573242185,4.427997032064013
1620,2020-04-08 13:00:00,-22.41713381111111,4.9369787894682355,-19.471456909179665,4.563410758972168,-23.65691986083982,-22.677320861816384,4.356494769454002,4.4284228682518005,,
1621,2020-04-08 14:00:00,-22.165955738888886,5.188241400020501,-18.769140624999977,5.215816497802734,-22.910650634765574,-22.240270996093727,4.709955930709839,5.488614603877068,,
1622,2020-04-08 15:00:00,-22.100531480555556,5.418651678348439,-18.010504150390602,5.147626876831055,-21.979383850097605,-21.439878845214764,5.791471675038338,6.262651860713959,-18.01048889160154,5.099503514473327
1623,2020-04-08 16:00:00,-20.982181194444447,5.482258377708711,-17.059545898437477,5.435975551605225,-21.42411651611326,-20.60712280273438,6.1699990183115005,6.157746434211731,,
1624,2020-04-08 17:00:00,-21.03022269722222,5.7597447248871845,-16.561590576171852,5.918909072875977,-21.13268890380857,-20.245146179199168,5.958563804626465,5.908916413784027,,
1625,2020-04-08 18:00:00,-21.628760947222222,4.959929149191918,-16.122290039062477,5.6872878074646,-21.073385620117165,-20.073645019531227,5.362000539898872,5.318980172276497,-16.122259521484352,5.646856167877559
1626,2020-04-08 19:00:00,-20.694017847222224,4.525751686954281,-15.262701416015602,4.76569938659668,-20.943640136718727,-19.95049133300779,4.787354186177254,4.782312259078026,,
1627,2020-04-08 20:00:00,-22.21593150555556,4.041965148508491,-15.021704101562477,4.443569183349609,-20.98673858642573,-20.084478759765574,4.443335935473442,4.374947085976601,,
1628,2020-04-08 21:00:00,-23.28038345277778,4.497131970158471,-14.681097412109352,4.4418110847473145,-21.072798156738287,-20.120230102539068,4.284649103879929,4.144426718354225,-14.68108215332029,4.508081340813078
1629,2020-04-08 22:00:00,-23.354266763888887,4.405512023192913,-14.130499267578102,5.0557732582092285,-21.145300292968727,-20.236540222167946,4.230962216854096,4.048362702131271,,
1630,2020-04-08 23:00:00,-24.318565547222224,4.592432143463848,-14.590551757812477,4.46362829208374,-21.329809570312477,-20.429899597167946,4.268024563789368,4.100091934204102,,
1631,2020-04-09 00:00:00,-24.452177511111113,4.3675898087080105,-15.412268066406227,3.7025694847106934,-21.781935119628884,-20.853048706054665,4.253252476453781,4.172119900584221,-15.412252807617165,3.642365464766044
1632,2020-04-09 01:00:00,-25.472001180555555,4.257349879105929,-15.499975585937477,3.9638099670410156,-22.262838745117165,-21.253309631347605,4.282263159751892,4.308132648468018,,
1633,2020-04-09 02:00:00,-25.897054597222223,4.218388013710969,-16.136511230468727,4.115608215332031,-22.722807312011696,-21.661627197265574,4.143030762672424,4.218537494540215,,
1634,2020-04-09 03:00:00,-24.450313158333334,4.175767512866567,-16.782873535156227,3.9832284450531006,-23.118009948730418,-22.102201843261696,3.9351378977298737,3.9531525373458862,-16.781683349609352,4.038861767970957
1635,2020-04-09 04:00:00,-23.240153722222217,4.498476683597391,-17.103979492187477,4.013673305511475,-23.315473937988287,-22.325392150878884,3.797041952610016,3.754036441445351,,
1636,2020-04-09 05:00:00,-22.147323738888886,4.923377225554478,-17.632452392578102,4.0907392501831055,-23.482695007324224,-22.494833374023415,3.683575972914696,3.689404919743538,,
1637,2020-04-09 06:00:00,-21.826815555555555,5.076935141757894,-18.322485351562477,3.871971845626831,-23.57525482177735,-22.616796874999977,3.5856969207525253,3.6932512819767,-18.322637939453102,4.047985605429858
1638,2020-04-09 07:00:00,-22.488919313888886,5.467293645127975,-17.832861328124977,4.585619926452637,-23.61449279785154,-22.67100372314451,3.525800436735153,3.623052909970284,,
1639,2020-04-09 08:00:00,-22.722120772222222,4.869521920568045,-17.231649780273415,5.259624004364014,-23.626440429687477,-22.677015686035134,3.574845746159553,3.645906940102577,,
1640,2020-04-09 09:00:00,-22.845199758333333,4.809562121274337,-17.194891357421852,5.422140598297119,-23.630155944824224,-22.679357910156256,3.718210726976394,3.64797243475914,-17.03667297363279,5.774864579318091
1641,2020-04-09 10:00:00,-22.395347477777776,4.788691621392773,-17.41814270019529,5.548466205596924,-23.642126464843727,-22.680441284179665,3.702941745519638,3.584973558783531,,
1642,2020-04-09 11:00:00,-21.992610913888893,4.68194402522492,-17.88896789550779,5.1402692794799805,-23.680868530273415,-22.70744934082029,3.4651867002248764,3.339559763669968,,
1643,2020-04-09 12:00:00,-22.063985119444443,4.708762932858001,-18.144186401367165,4.941589832305908,-23.744451904296852,-22.749639892578102,3.285607680678368,3.165186464786529,-18.144171142578102,4.7781588768120855
1644,2020-04-09 13:00:00,-21.88340910277778,4.57241121121157,-18.451376342773415,4.731881141662598,-23.830351257324224,-22.822645568847605,3.277148902416229,3.137847036123276,,
1645,2020-04-09 14:00:00,-21.703092541666667,4.263100657225891,-18.932165527343727,4.42644739151001,-23.935316467285134,-22.934515380859324,3.200016990303993,3.2098533511161804,,
1646,2020-04-09 15:00:00,-21.762956977777776,4.165606960331125,-19.317846679687477,4.161240577697754,-24.08422698974607,-23.082655334472662,3.202678620815277,3.229467377066612,-19.31783142089841,4.20331338676624
1647,2020-04-09 16:00:00,-21.858518575,4.317324073921232,-19.657324218749977,3.985832691192627,-24.254248046874977,-23.238935852050787,3.2656906247138977,3.2405123710632324,,
1648,2020-04-09 17:00:00,-21.92812984444444,4.412114304715078,-20.528875732421852,3.6491878032684326,-24.453222656249977,-23.433737182617165,3.478931665420532,3.4446543008089066,,
1649,2020-04-09 18:00:00,-22.10951396111111,4.617963813961665,-21.543005371093727,3.465017795562744,-24.672460937499977,-23.648260498046852,3.819127827882767,3.7813496440649033,-21.542990112304665,3.4304937415290624
1650,2020-04-09 19:00:00,-22.196672538888887,4.798333995974295,-21.81133117675779,3.43304181098938,-24.878691101074224,-23.868360900878884,4.216480627655983,4.145522400736809,,
1651,2020-04-09 20:00:00,-22.38728523611111,4.231927177454398,-21.992803955078102,3.8284342288970947,-25.095617675781227,-24.101385498046852,4.475573047995567,4.434135094285011,,
1652,2020-04-09 21:00:00,-22.691195230555554,4.107207076718217,-22.656530761718727,3.727240562438965,-25.30400695800779,-24.315695190429665,4.603477790951729,4.602969691157341,-22.656515502929665,3.810788104892709
1653,2020-04-09 22:00:00,-23.456796249999996,4.087361020180715,-23.521490478515602,3.650510549545288,-25.516188049316384,-24.50303497314451,4.652312219142914,4.726646333932877,,
1654,2020-04-09 23:00:00,-24.627648150000002,4.372531150285071,-24.384848022460915,3.9226627349853516,-25.71166076660154,-24.662748718261696,4.814465567469597,4.79088294506073,,
1655,2020-04-10 00:00:00,-25.368015580555554,4.344201678906583,-25.226705932617165,3.716933012008667,-25.849737548828102,-24.785185241699168,4.864736273884773,4.787019610404968,-25.22618713378904,3.5471212186384946
1656,2020-04-10 01:00:00,-26.131468938888887,4.019087737915485,-25.867773437499977,3.6316046714782715,-25.95152130126951,-24.86981811523438,4.796756386756897,4.726949229836464,,
1657,2020-04-10 02:00:00,-25.533632186111117,4.3288077975462,-26.44066467285154,3.5847811698913574,-26.02995910644529,-24.92900695800779,4.755093082785606,4.631497725844383,,
1658,2020-04-10 03:00:00,-25.289800716666665,4.202884834364931,-26.899572753906227,3.2920546531677246,-26.05883636474607,-24.961798095703102,4.606596365571022,4.560289561748505,-26.900030517578102,3.254176509741228
1659,2020-04-10 04:00:00,-24.859021705555552,4.599640411262371,-27.168051147460915,3.0695269107818604,-26.023115539550787,-24.932554626464764,4.442948743700981,4.446563348174095,,
1660,2020-04-10 05:00:00,-24.808171633333334,3.91670607609543,-27.146032714843727,3.0648093223571777,-25.95085754394529,-24.862516784667946,4.417684897780418,4.3617948442697525,,
1661,2020-04-10 06:00:00,-24.25059025277778,4.343283359541096,-27.09013977050779,2.7930359840393066,-25.831922912597605,-24.778211975097605,4.34905706346035,4.213075488805771,-27.204290771484352,2.9116985083092004
1662,2020-04-10 07:00:00,-25.590830613888887,3.6472648139360238,-26.16667785644529,3.2429122924804688,-25.68485870361326,-24.638578796386696,4.212078899145126,4.144371025264263,,
1663,2020-04-10 08:00:00,-25.030588936111116,3.577872349821875,-24.499472045898415,3.33258056640625,-25.519346618652293,-24.479940795898386,4.084345385432243,4.064608424901962,,
1664,2020-04-10 09:00:00,-24.124346202777776,3.30681215403554,-23.380407714843727,3.054710865020752,-25.339453124999977,-24.30803527832029,3.9504036754369736,3.897601246833801,-23.380392456054665,2.954993965977337
1665,2020-04-10 10:00:00,-23.50699683611111,3.219225624991766,-22.013800048828102,2.8683316707611084,-25.14891662597654,-24.12047424316401,3.871432289481163,3.7686362266540527,,
1666,2020-04-10 11:00:00,-22.808927725,3.940589558549501,-20.813818359374977,3.307934284210205,-24.94755401611326,-23.910253906249977,3.783361107110977,3.648111656308174,,
1667,2020-04-10 12:00:00,-22.597534102777775,3.5156528541973735,-20.231115722656227,3.720776081085205,-24.74938049316401,-23.705480957031227,3.6612660586833954,3.5139215290546417,-20.231100463867165,3.299022835912183
1668,2020-04-10 13:00:00,-23.186058211111114,3.68029386310551,-20.067938232421852,3.5605831146240234,-24.556921386718727,-23.51178588867191,3.666653022170067,3.473806917667389,,
1669,2020-04-10 14:00:00,-23.877718827777773,4.480527705949908,-20.346578979492165,4.0836100578308105,-24.396887207031227,-23.355993652343727,3.733268052339554,3.53201675415039,,
1670,2020-04-10 15:00:00,-23.441243930555558,4.393392543117111,-20.509176635742165,4.485777854919434,-24.304579162597605,-23.26365509033198,3.85941244661808,3.784070685505867,-20.509161376953102,4.743495989590883
1671,2020-04-10 16:00:00,-23.909534816666667,4.280991505572818,-20.873419189453102,5.070852756500244,-24.29624786376951,-23.23082580566401,4.131540343165398,4.197748750448227,,
1672,2020-04-10 17:00:00,-24.395980186111114,4.476779796962087,-21.409155273437477,5.2790846824646,-24.333174133300787,-23.25535430908198,4.505128964781761,4.572379112243652,,
1673,2020-04-10 18:00:00,-24.891752125,4.7734291554895645,-21.847235107421852,5.654507637023926,-24.406629943847605,-23.325758361816384,4.835477024316788,4.886053144931793,-21.84721984863279,5.768077952321619
1674,2020-04-10 19:00:00,-25.872964136111108,3.233874421945415,-22.074407958984352,5.670231342315674,-24.511190795898386,-23.437124633789068,4.980962723493576,5.113783806562424,,
1675,2020-04-10 20:00:00,-26.376273955555558,3.3324083090945957,-22.707373046874977,5.5469279289245605,-24.636816406249977,-23.585783386230418,5.0323857963085175,5.129598572850227,,
1676,2020-04-10 21:00:00,-26.735212902777775,3.603775022205305,-23.585409545898415,5.540230751037598,-24.81909790039063,-23.761663818359324,5.097722083330154,5.139182418584824,-23.584417724609352,5.574368864763528
1677,2020-04-10 22:00:00,-27.204256669444444,3.510490209569196,-24.598608398437477,5.089606285095215,-25.013334655761696,-23.93944396972654,5.146756231784821,5.079124122858048,,
1678,2020-04-10 23:00:00,-27.792323986111114,3.4884728340559783,-25.39464416503904,4.765669822692871,-25.189123535156256,-24.10899200439451,5.194866329431534,5.074236065149307,,
1679,2020-04-11 00:00:00,-27.56104421388889,3.272772831044883,-26.12175598144529,4.270759105682373,-25.34617462158198,-24.26451721191401,5.136143177747726,4.927001029253006,-26.12273254394529,4.530745272873901
1680,2020-04-11 01:00:00,-28.2414682,3.641417294269982,-26.455053710937477,4.022874355316162,-25.487417602539068,-24.401380920410134,4.966880723834038,4.725256055593491,,
1681,2020-04-11 02:00:00,-28.81576536388889,4.164642711298086,-26.776983642578102,3.6930174827575684,-25.603971862792946,-24.50945129394529,4.84479795396328,4.596184879541397,,
1682,2020-04-11 03:00:00,-29.16530106944445,3.512513254797667,-26.78148498535154,3.865178346633911,-25.674719238281227,-24.56358184814451,4.831236302852631,4.5571626871824265,-26.78146972656248,3.9018726152717136
1683,2020-04-11 04:00:00,-29.493602694444448,3.743279215424732,-26.737493896484352,3.7653470039367676,-25.689077758789068,-24.569471740722662,4.724576383829117,4.56117171049118,,
1684,2020-04-11 05:00:00,-29.577501036111105,3.8902950746904312,-26.44054260253904,4.2566752433776855,-25.66319122314451,-24.547949218749977,4.536984607577324,4.540290296077728,,
1685,2020-04-11 06:00:00,-29.56181428333333,3.7924054400124323,-26.172125244140602,4.080610275268555,-25.608023071289068,-24.51152648925779,4.33761540055275,4.4578607976436615,-26.21701660156248,4.212786233169027
1686,2020-04-11 07:00:00,-29.562453847222226,3.704492082976883,-25.32207336425779,4.087850570678711,-25.53545227050779,-24.462316894531227,4.158261805772781,4.388691619038582,,
1687,2020-04-11 08:00:00,-29.389470241666668,3.4608978018234224,-24.790533447265602,4.5209174156188965,-25.466818237304665,-24.40534057617191,4.086969390511513,4.302779123187065,,
1688,2020-04-11 09:00:00,-29.223815849999998,3.2328861160560023,-24.536169433593727,4.545656681060791,-25.41918792724607,-24.361898803710943,4.105806902050972,4.283465892076492,-24.534201049804665,4.443400397198275
1689,2020-04-11 10:00:00,-28.36374833611111,3.8993299592797057,-24.39891662597654,4.388060569763184,-25.389303588867165,-24.338812255859324,4.272471487522125,4.242711037397385,,
1690,2020-04-11 11:00:00,-27.01388368611111,4.4135173591667325,-23.806799316406227,4.871699333190918,-25.358312988281227,-24.330343627929665,4.272790268063545,4.126031205058098,,
1691,2020-04-11 12:00:00,-26.34423818888889,4.5650371150677636,-22.973730468749977,4.89379358291626,-25.32140960693357,-24.31658020019529,4.165105476975441,4.1690001636743546,-22.973715209960915,4.514398605446331
1692,2020-04-11 13:00:00,-26.614570694444442,5.435280343024008,-22.373144531249977,3.873385429382324,-25.29106750488279,-24.30283966064451,4.282589823007584,4.296460255980492,,
1693,2020-04-11 14:00:00,-26.839182980555552,5.83591634681986,-21.869772338867165,4.7569451332092285,-25.271879577636696,-24.29668273925779,4.316238388419151,4.372437819838524,,
1694,2020-04-11 15:00:00,-26.77656503333333,5.542595782745425,-22.107031249999977,5.464896202087402,-25.28014221191401,-24.288298034667946,4.236521482467651,4.248263999819756,-22.107031249999977,5.283879631198943
1695,2020-04-11 16:00:00,-27.403392677777777,5.03958370396633,-21.96782531738279,5.305247783660889,-25.35618438720701,-24.317587280273415,4.010358646512032,3.9946589916944495,,
1696,2020-04-11 17:00:00,-27.74118252777778,4.307697809927173,-21.734564208984352,5.170673847198486,-25.503950500488287,-24.419775390624977,3.8920011818408966,3.8657854348421097,,
1697,2020-04-11 18:00:00,-27.88529742222222,4.233830874513399,-21.715551757812477,4.836355686187744,-25.67674102783198,-24.567030334472662,3.7935671210289,3.802260249853134,-21.71651306152341,4.842010633015889
1698,2020-04-11 19:00:00,-28.191534836111117,3.9293379628626792,-21.40007629394529,3.966444969177246,-25.861853027343727,-24.745680236816384,3.721473976969719,3.738182082772255,,
1699,2020-04-11 20:00:00,-28.420748611111108,4.038162889167176,-21.254949951171852,3.6597747802734375,-26.050382995605446,-24.935934448242165,3.6351297795772552,3.677488088607788,,
1700,2020-04-11 21:00:00,-28.636240455555555,4.3161167078760565,-21.434103393554665,2.9456734657287598,-26.24291839599607,-25.129354858398386,3.539500042796135,3.616734653711319,-21.4340881347656,2.828272525570356
1701,2020-04-11 22:00:00,-29.026310036111113,4.273171823842257,-22.43425598144529,2.6030516624450684,-26.418600463867165,-25.33055725097654,3.4219312518835068,3.561773255467415,,
1702,2020-04-11 23:00:00,-29.41610310833333,4.3536429216006,-23.134741210937477,2.6999504566192627,-26.594366455078102,-25.536161804199168,3.292138904333114,3.384742572903633,,
1703,2020-04-12 00:00:00,-29.919011411111104,3.9077268043643145,-23.720617675781227,2.529451608657837,-26.73380889892573,-25.70976867675779,3.272845610976219,3.293335273861885,-23.720602416992165,2.5423388500348665
1704,2020-04-12 01:00:00,-30.406320425,3.5120136891808564,-24.421667480468727,2.379563093185425,-26.84685363769529,-25.833952331542946,3.13867612183094,3.128530979156494,,
1705,2020-04-12 02:00:00,-30.638959224999997,3.513664401247711,-25.931463623046852,2.2366182804107666,-26.916159057617165,-25.878462219238287,2.9238001257181168,2.9046508073806763,,
1706,2020-04-12 03:00:00,-30.323488583333333,3.7751867704848547,-26.81340637207029,2.2455098628997803,-26.958319091796852,-25.88970794677735,2.6886704713106155,2.725757747888565,-26.790930175781227,2.268731733885943
1707,2020-04-12 04:00:00,-30.42250281666667,2.708490860893028,-27.490972900390602,2.2291197776794434,-26.981581115722662,-25.818884277343727,2.4354956597089767,2.564960390329361,,
1708,2020-04-12 05:00:00,-30.184625377777778,2.3014910483992312,-27.271078491210915,2.5884435176849365,-26.91412200927735,-25.748358154296852,2.346310466527939,2.442136123776436,,
1709,2020-04-12 06:00:00,-30.200083902777777,2.7007702559707223,-27.126852416992165,2.2425832748413086,-26.823828124999977,-25.62644805908198,2.265097394585609,2.349777072668076,-27.126837158203102,2.3441453637788072
1710,2020-04-12 07:00:00,-30.11233183888889,2.2691426476047916,-26.78136291503904,2.2396247386932373,-26.69800415039063,-25.532789611816384,2.067211091518402,2.2242579460144043,,
1711,2020-04-12 08:00:00,-28.881884094444445,2.297847228032106,-26.126852416992165,2.4702160358428955,-26.538832092285134,-25.417158508300787,1.8225275427103045,2.073873668909073,,
1712,2020-04-12 09:00:00,-28.724538130555555,2.42609257098758,-25.649084472656227,2.0292983055114746,-26.366033935546852,-25.285284423828102,1.6294554024934769,1.8497606962919235,-25.649069213867165,1.747295756591484
1713,2020-04-12 10:00:00,-28.34118345555555,1.9650758624959719,-25.562826538085915,1.8182053565979004,-26.20927276611326,-25.16638031005857,1.500488355755806,1.530482441186905,,
1714,2020-04-12 11:00:00,-28.17128160277778,1.7911498351447854,-25.106024169921852,2.063739061355591,-26.082434082031227,-25.056791687011696,1.5420362949371338,1.5301238149404526,,
1715,2020-04-12 12:00:00,-28.10884626944444,1.8527664343905048,-25.171942138671852,2.0704708099365234,-25.96806945800779,-24.948133850097605,1.5573734194040298,1.856358379125595,-25.17095031738279,2.033321564900689
1716,2020-04-12 13:00:00,-28.25883611666667,2.953697814128035,-25.47850646972654,1.7506186962127686,-25.873480224609324,-24.85930480957029,1.532232940196991,1.882705703377724,,
1717,2020-04-12 14:00:00,-27.995518075000007,2.4633057116308517,-25.190451049804665,1.9343286752700806,-25.803717041015574,-24.812757873535134,1.5580343306064606,1.7825390845537186,,
1718,2020-04-12 15:00:00,-27.972494972222226,1.8496376281007318,-25.04607238769529,1.952365756034851,-25.780851745605446,-24.799322509765574,1.662755236029625,1.7987850159406662,-25.046057128906227,1.870752423768863
1719,2020-04-12 16:00:00,-28.082549563888886,2.0970701714223434,-25.110174560546852,1.7230212688446045,-25.821867370605446,-24.82444610595701,1.9135848432779312,2.0115582793951035,,
1720,2020-04-12 17:00:00,-28.227180794444447,1.885609686413053,-25.050970458984352,1.8355882167816162,-25.857130432128884,-24.879888916015574,2.126371145248413,2.3207878917455678,,
1721,2020-04-12 18:00:00,-28.800984469444444,1.8810935608096544,-25.881002807617165,1.61431884765625,-25.960333251953102,-24.970373535156256,2.3065799921751022,2.5354387015104294,-25.880987548828102,1.4281736314005684
1722,2020-04-12 19:00:00,-29.142939836111108,2.3132635136529944,-26.763327026367165,1.5773028135299683,-26.16588439941401,-25.140791320800787,2.360878497362137,2.4317392706871037,,
1723,2020-04-12 20:00:00,-29.607568855555556,2.14304355774515,-27.49944152832029,1.3354448080062866,-26.38914337158198,-25.36431732177735,2.518544748425484,2.492845505475998,,
1724,2020-04-12 21:00:00,-30.02365213611111,2.130466553633738,-28.18266906738279,1.6797826290130615,-26.620733642578102,-25.565512084960943,2.7918121367692947,2.7832149863243103,-28.181677246093727,1.5307432265253738
1725,2020-04-12 22:00:00,-30.522875930555557,2.2533386080413087,-28.68303527832029,1.6864013671875,-26.77733459472654,-25.656286621093727,2.974717676639557,3.023931637406349,,
1726,2020-04-12 23:00:00,-31.071181047222225,2.305745320999407,-29.732305908203102,1.8640369176864624,-26.927328491210943,-25.81109466552735,3.266670137643814,3.307469442486763,,
1727,2020-04-13 00:00:00,-31.78221661666666,2.3682791315572778,-30.669744873046852,1.9546380043029785,-27.015715026855446,-25.848646545410134,3.237687543034553,3.351428791880608,-30.66972961425779,2.108408612664789
1728,2020-04-13 01:00:00,-32.26920379999999,2.4931892239263913,-30.535253906249977,1.9252785444259644,-27.073583984374977,-25.92993774414063,3.202409952878952,3.336509943008423,,
1729,2020-04-13 02:00:00,-32.6170143888889,2.5678227417313013,-30.384222412109352,1.8949936628341675,-27.087675476074224,-26.022795104980418,3.496868401765824,3.641217321157456,,
1730,2020-04-13 03:00:00,-31.917249155555552,2.7026757190397124,-30.028997802734352,2.1753275394439697,-26.969328308105446,-25.95581665039063,3.871515318751335,3.9907451421022415,-30.02898254394529,2.1983420555479825
1731,2020-04-13 04:00:00,-31.859809816666665,2.5198044324619584,-30.76994934082029,2.2386701107025146,-26.753233337402293,-25.735464477539068,4.158702179789543,4.297501012682915,,
1732,2020-04-13 05:00:00,-31.776989294444444,3.0121299368636,-31.192938232421852,2.408433675765991,-26.620764160156256,-25.556265258789068,4.3033516854047775,4.523960530757904,,
1733,2020-04-13 06:00:00,-31.198868883333333,3.066082751680666,-31.254614257812477,2.521900177001953,-26.46990814208982,-25.310758972167946,4.457732915878296,4.717182740569115,-31.308294677734352,2.3416578576434404
1734,2020-04-13 07:00:00,-30.452168002777782,3.5185806533912363,-30.96489562988279,2.5950913429260254,-26.29675140380857,-25.10637512207029,4.792801663279533,5.050383061170578,,
1735,2020-04-13 08:00:00,-30.202850663888892,3.910448161934745,-30.206182861328102,2.749211549758911,-26.024320983886696,-24.885298156738287,5.0835733115673065,5.385781317949295,,
1736,2020-04-13 09:00:00,-29.943241213888893,4.183645975560993,-29.368811035156227,3.1762888431549072,-25.728186035156256,-24.63305511474607,5.327343240380287,5.597842797636986,-29.368795776367165,2.812530851631891
1737,2020-04-13 10:00:00,-29.567007702777776,4.507719005549638,-28.923498535156227,3.2669718265533447,-25.46165313720701,-24.35142364501951,5.532112345099449,5.704537928104401,,
1738,2020-04-13 11:00:00,-28.81213053611111,5.369230742250164,-28.586950683593727,3.5897395610809326,-25.19419708251951,-24.044546508789068,5.703177317976952,5.841350048780441,,
1739,2020-04-13 12:00:00,-28.093403025,5.73811395352056,-28.119833374023415,3.9018287658691406,-24.968267822265574,-23.82977142333982,5.862031668424606,5.892788410186768,-28.11882629394529,3.23180700064404
1740,2020-04-13 13:00:00,-26.828673661111107,5.793382612531552,-27.891683959960915,3.782700300216675,-24.780493164062477,-23.656835937499977,5.971818268299103,6.048133045434952,,
1741,2020-04-13 14:00:00,-25.947268124999997,5.763855509978807,-27.792822265624977,4.065773963928223,-24.671728515624977,-23.523863220214764,5.967435985803604,6.228731989860535,,
1742,2020-04-13 15:00:00,-26.298285644444437,5.55186250753851,-27.78386535644529,4.240612506866455,-24.689962768554665,-23.495001220703102,6.090145111083984,6.101739317178726,-27.783834838867165,4.258091432828223
1743,2020-04-13 16:00:00,-26.72066075277778,5.578629172064404,-27.93645324707029,4.28114128112793,-24.742201232910134,-23.49389495849607,6.029058814048767,6.076229095458984,,
1744,2020-04-13 17:00:00,-27.29921631388889,5.189291363570946,-28.332159423828102,4.41981840133667,-24.811170959472662,-23.593519592285134,5.959121853113174,5.988993138074875,,
1745,2020-04-13 18:00:00,-27.643455161111117,5.641407804523488,-28.733175659179665,4.775633335113525,-24.99792327880857,-23.715246582031227,6.061144262552261,6.086784273386002,-28.80931701660154,4.6717640770366415
1746,2020-04-13 19:00:00,-27.860096300000006,5.628276983031644,-29.10143127441404,4.738145351409912,-25.19029846191401,-23.92167510986326,6.151718080043793,6.430341213941574,,
1747,2020-04-13 20:00:00,-27.959264566666665,5.773835811106568,-29.209082031249977,5.001668453216553,-25.315374755859324,-24.13842620849607,6.406411305069923,6.553726598620415,,
1748,2020-04-13 21:00:00,-28.112206980555555,5.889713093895335,-28.378134155273415,5.774967193603516,-25.396826171874977,-24.26483764648438,6.547406733036041,6.614669650793076,-28.37810363769529,5.656579226546455
1749,2020-04-13 22:00:00,-27.531838880555554,6.262243163681912,-27.454473876953102,5.856301307678223,-25.44872894287107,-24.257437133789068,6.722969472408295,6.900554105639458,,
1750,2020-04-13 23:00:00,-27.407801127777777,6.291977672246316,-26.354833984374977,6.582937717437744,-25.338148498535134,-24.204672241210943,6.910671949386597,7.073950082063675,,
1751,2020-04-14 00:00:00,-26.45096567222222,6.861411975097421,-25.426733398437477,7.137213706970215,-25.12897338867191,-24.039228820800787,7.066090971231461,7.140426754951477,-25.42671813964841,7.227842027758015
1752,2020-04-14 01:00:00,-25.449484105555555,6.908856883479287,-24.420416259765602,7.253284931182861,-24.884428405761696,-23.83715667724607,7.095386013388634,7.01113985478878,,
1753,2020-04-14 02:00:00,-25.374657677777776,6.299372488212916,-23.567602539062477,7.390698432922363,-24.641455078124977,-23.53263702392573,7.022056221961975,6.92665345966816,,
1754,2020-04-14 03:00:00,-24.786473647222223,6.139078225747757,-22.674154663085915,7.50787353515625,-24.393682861328102,-23.266767883300787,6.872205913066864,6.741943791508675,-22.67510070800779,7.581187279894948
1755,2020-04-14 04:00:00,-24.261505947222222,6.176978198205952,-22.057516479492165,7.761134624481201,-24.143034362792946,-23.013838195800787,6.844409912824631,6.684727519750595,,
1756,2020-04-14 05:00:00,-23.54311106666667,6.713483470560941,-21.70250549316404,7.675006866455078,-24.03637542724607,-22.82300415039063,6.6623406410217285,6.168206065893173,,
1757,2020-04-14 06:00:00,-22.654642041666666,7.276499391475611,-21.356329345703102,7.822319507598877,-24.067762756347605,-22.76148071289063,5.910551875829697,5.686529919505119,-21.333837890624977,7.908257782226428
1758,2020-04-14 07:00:00,-21.89809698611111,7.170450711957369,-20.39226379394529,8.096268653869629,-24.00646820068357,-22.674711608886696,5.810789600014687,5.776807934045792,,
1759,2020-04-14 08:00:00,-21.461072972222222,7.4045327396844085,-20.00102844238279,8.04926872253418,-23.79809417724607,-22.444052124023415,5.879891946911812,5.9275932386517525,,
1760,2020-04-14 09:00:00,-20.751760452777777,7.460185239145356,-19.127951049804665,8.51393985748291,-23.481115722656256,-22.194677734374977,5.854105681180954,6.093725755810738,-19.1279357910156,8.398145414306782
1761,2020-04-14 10:00:00,-19.65602678611111,7.612500904203596,-18.159002685546852,8.641359329223633,-23.155661010742165,-21.87280883789063,5.866402506828308,5.93555361032486,,
1762,2020-04-14 11:00:00,-18.93837745277778,8.219480495007817,-17.549230957031227,8.769291877746582,-22.804205322265574,-21.472113037109324,6.252340570092201,5.754280343651772,,
1763,2020-04-14 12:00:00,-18.51156291388889,8.03487161553178,-16.948278808593727,8.693568229675293,-22.36424102783198,-20.969381713867165,6.740034654736519,5.894588828086853,-16.948263549804665,8.49847017895081
1764,2020-04-14 13:00:00,-17.864965166666664,7.561003686255668,-16.393988037109352,8.422298431396484,-21.81279602050779,-20.452406311035134,6.785297423601151,6.0397883504629135,,
1765,2020-04-14 14:00:00,-17.63626812777778,7.637366988995557,-16.091101074218727,8.258591651916504,-21.167875671386696,-19.90106811523438,6.681812301278114,6.371693789958954,,
1766,2020-04-14 15:00:00,-17.415873638888886,7.186566440574136,-15.630468749999977,8.29259204864502,-20.515470886230418,-19.33006896972654,6.54961085319519,6.462832540273666,-15.565023803710917,8.158316644374281
1767,2020-04-14 16:00:00,-17.375868805555555,6.958928047813155,-14.689123535156227,8.05308723449707,-19.97333374023438,-18.79325714111326,6.460257709026337,6.363635748624802,,
1768,2020-04-14 17:00:00,-16.90632456388889,6.951714824525042,-14.403234863281227,8.151843070983887,-19.597814941406256,-18.416235351562477,6.37462329864502,6.245783135294914,,
1769,2020-04-14 18:00:00,-16.257295394444444,6.817807339678084,-13.866674804687477,8.034061431884766,-19.434599304199168,-18.39367523193357,6.216668128967285,6.1065137684345245,-13.86662902832029,8.080256271670805
1770,2020-04-14 19:00:00,-15.82392571111111,6.531093192113968,-12.856970214843727,7.669658660888672,-19.599752807617165,-18.46093597412107,6.013119459152222,5.77004174888134,,
1771,2020-04-14 20:00:00,-15.41405371111111,6.155104479766077,-12.616735839843727,7.9940290451049805,-19.868200683593727,-18.600538635253884,5.688629657030106,5.302017942070961,,
1772,2020-04-14 21:00:00,-14.786419338888889,6.297875548956018,-12.176611328124977,7.971286773681641,-20.123838806152293,-18.84186401367191,5.250892952084541,4.886116728186607,-12.176580810546852,8.00431428081356
1773,2020-04-14 22:00:00,-14.344208152777776,5.917087831896484,-11.888220214843727,7.6253862380981445,-20.321989440917946,-19.07456817626951,4.946327388286591,4.621801286935806,,
1774,2020-04-14 23:00:00,-14.079848780555556,6.433929381212072,-11.599768066406227,7.546205043792725,-20.424108886718727,-19.23022308349607,4.912462592124939,4.52985692024231,,
1775,2020-04-15 00:00:00,-13.499626180555557,6.330205682844589,-11.225988769531227,6.940792083740234,-20.409880065917946,-19.20439758300779,4.835999697446823,4.472750782966614,-11.22594299316404,6.950277106021531
1776,2020-04-15 01:00:00,-12.982559008333332,6.27121237040321,-10.777075195312477,6.640536785125732,-20.27727355957029,-18.93108215332029,4.804440498352051,4.617955952882767,,
1777,2020-04-15 02:00:00,-12.376055994444444,6.206230156446673,-10.383306884765602,6.4504313468933105,-19.976110839843727,-18.508764648437477,4.654450178146362,4.716042324900627,,
1778,2020-04-15 03:00:00,-11.661700044444444,5.969179854029606,-9.796270751953102,6.173117637634277,-19.52514495849607,-18.121801757812477,4.579341530799866,4.6226005256176,-9.79625549316404,6.313202503253706
1779,2020-04-15 04:00:00,-10.899793091666666,5.220467514741916,-8.792517089843727,5.852761268615723,-19.023878479003884,-17.841802978515574,4.596975028514862,4.487657234072685,,
1780,2020-04-15 05:00:00,-10.000777186666665,4.4582664200909035,-8.009130859374977,4.968563079833984,-18.468351745605446,-17.194792175292946,4.753194987773895,4.706587493419647,,
1781,2020-04-15 06:00:00,-8.307942639166669,4.769033801358095,-6.686529541015602,4.348899841308594,-17.779623413085886,-16.214506530761696,5.04008923470974,5.050536647439003,-6.68663635253904,4.429469233029522
1782,2020-04-15 07:00:00,-8.390599684166668,5.590609899534317,-5.321813964843727,5.283345699310303,-17.312223815917946,-15.474935913085915,5.475751593708992,5.467693522572517,,
1783,2020-04-15 08:00:00,-8.851625008611112,5.395686243271148,-5.703771972656227,7.261205673217773,-17.211500549316384,-14.944395446777321,5.581208258867264,5.566651567816734,,
1784,2020-04-15 09:00:00,-8.599876114444443,5.540575636809945,-5.285589599609352,6.178063869476318,-17.107252502441384,-14.500646972656284,5.574612587690353,5.642258003354073,-5.28557434082029,5.819412327487953
1785,2020-04-15 10:00:00,-8.101487046944444,4.690962933386879,-4.448950195312477,4.964939594268799,-16.986593627929665,-14.159101867675759,5.998479455709457,5.922855690121651,,
1786,2020-04-15 11:00:00,-7.394246023611111,3.615187464807461,-4.020788574218727,6.247407913208008,-16.998327636718727,-13.905233764648358,6.162332996726036,5.99665704369545,,
1787,2020-04-15 12:00:00,-6.693997911666667,4.3882492374411,-4.314428710937477,6.265183925628662,-16.98625030517576,-13.76254119873039,6.540145739912987,6.383586540818214,-4.314413452148415,6.337121475487948
1788,2020-04-15 13:00:00,-5.930467571388888,5.280579240523608,-3.7742675781249773,6.064966201782227,-16.851416015624977,-13.627584838867165,6.627608075737953,6.598607279360294,,
1789,2020-04-15 14:00:00,-5.735864449166666,5.485884694023778,-3.8997253417968523,5.802938938140869,-16.617895507812477,-13.52043762207029,6.900833576917648,6.52744847536087,,
1790,2020-04-15 15:00:00,-5.687746766111111,5.653615016407347,-3.9321655273437273,6.222520351409912,-16.26299133300779,-13.368879699707009,6.841064065694809,6.613607615232468,-3.9321502685546648,6.141697572078556
1791,2020-04-15 16:00:00,-5.8105481305555555,5.6826339863329265,-4.142279052734352,5.79766845703125,-15.855657958984352,-13.187101745605446,6.955367714166641,6.599973827600479,,
1792,2020-04-15 17:00:00,-5.713270853611111,6.052624128798967,-4.312597656249977,6.164851665496826,-15.525923156738259,-13.159033203124977,6.481721103191376,6.271678119897842,,
1793,2020-04-15 18:00:00,-5.604462990277778,6.064876158127014,-4.362280273437477,6.371626377105713,-15.41283264160154,-13.223753356933571,6.428610250353813,6.369525521993637,-4.362265014648415,6.425754635420162
1794,2020-04-15 19:00:00,-5.734758323055556,6.221013228021888,-4.466864013671852,6.222758769989014,-15.137754821777321,-13.155714416503884,6.339256465435028,6.47995999455452,,
1795,2020-04-15 20:00:00,-5.91917835638889,6.171654436452571,-4.967932128906227,6.968712329864502,-14.866957092285134,-12.938726806640602,6.472115859389305,6.7861328125,,
1796,2020-04-15 21:00:00,-6.101055374166666,6.349407376270932,-5.026831054687477,7.499761581420898,-14.629026794433571,-12.693441772460915,6.736663788557053,7.131026059389114,-5.026800537109352,7.558067832374945
1797,2020-04-15 22:00:00,-6.234115966111111,6.7524183423721595,-5.036047363281227,7.851056098937988,-14.375166320800759,-12.46074523925779,7.292279496788979,7.557808592915535,,
1798,2020-04-15 23:00:00,-6.3274975397222235,7.35364144287923,-5.146337890624977,8.581520080566406,-14.079382324218727,-12.194166564941384,7.776285722851753,7.969260007143021,,
1799,2020-04-16 00:00:00,-6.247339246666667,7.786319528941738,-5.204595947265602,9.049507141113281,-13.723730468749977,-11.852842712402321,8.118779256939888,8.18419024348259,-5.20458068847654,8.97674603498308
1800,2020-04-16 01:00:00,-5.904124704166666,7.959685019136494,-5.088537597656227,9.076266288757324,-13.270483398437477,-11.330847167968727,8.125253722071648,8.094909682869911,,
1801,2020-04-16 02:00:00,-5.070405323055556,7.504999394766123,-4.809606933593727,8.859442710876465,-12.621679687499977,-10.590849304199196,8.077747166156769,8.073613688349724,,
1802,2020-04-16 03:00:00,-3.9443005080555555,7.765331288189746,-3.6804565429687273,9.218284606933594,-11.727247619628884,-9.733847045898358,8.165101498365402,8.17736804485321,-3.6814178466796648,9.059369965281803
1803,2020-04-16 04:00:00,-2.9826395044444447,8.559549018519858,-2.5268615722656023,8.909844398498535,-10.723402404785134,-8.837530517578102,8.55377659201622,8.637258663773537,,
1804,2020-04-16 05:00:00,-2.5558068386111112,7.888814106993248,-0.9614013671874773,9.649872779846191,-9.79228820800779,-7.997335815429665,9.328526496887209,9.50468611717224,,
1805,2020-04-16 06:00:00,-2.1365509044444444,9.04949197312734,-0.29175415039060226,10.421758651733398,-9.06566467285154,-7.290167236328102,9.935357347130775,9.75930753350258,-0.2917388916015397,10.135392542229964
1806,2020-04-16 07:00:00,-1.957403541666667,8.55805366938528,0.15786132812502274,9.495851516723633,-8.504904174804665,-6.6624893188476335,10.127583667635918,9.706367790699003,,
1807,2020-04-16 08:00:00,-1.6926597969444444,9.63720434706031,-0.05557861328122726,9.706853866577148,-8.006369018554665,-6.160543823242165,10.364553838968275,9.926381200551988,,
1808,2020-04-16 09:00:00,-1.8230943180555554,10.783413654169827,-0.14288940429685226,10.86117172241211,-7.559103393554665,-5.701109313964764,10.6538655012846,10.057170629501345,-0.1428741455077897,10.740688082994891
1809,2020-04-16 10:00:00,-1.5856918400000002,11.10237560807578,0.14901123046877274,11.424698829650879,-7.071264648437477,-5.343077087402321,10.9314294308424,10.611674576997755,,
1810,2020-04-16 11:00:00,-1.3832120741666667,11.811588741608903,0.38399658203127274,11.845824241638184,-6.775213623046852,-4.843649291992165,11.79975000023842,11.245103925466536,,
1811,2020-04-16 12:00:00,-1.558150435,11.823463739552482,0.38375244140627274,12.405988693237305,-6.457312011718727,-4.554655456542946,12.215974897146223,11.920171037316322,0.3417602539062727,12.194617966015358
1812,2020-04-16 13:00:00,-1.6531192691666667,11.43803091131165,0.7243896484375227,11.34405517578125,-6.174276733398358,-4.29295959472654,12.17412419617176,12.18248301744461,,
1813,2020-04-16 14:00:00,-1.5656761366666665,11.001937362412052,0.6260620117187727,10.919626235961914,-6.256231689453102,-4.211546325683571,12.014397755265236,11.868169590830805,,
1814,2020-04-16 15:00:00,-1.6328318652777778,11.066548044359637,0.7052856445312727,11.614474296569824,-6.484335327148358,-4.46257629394529,11.564532861113548,11.223231077194214,0.7053009033203352,11.405400330200791
1815,2020-04-16 16:00:00,-1.8083861980555556,11.610412087979213,0.8918701171875227,11.7857666015625,-6.804182434081952,-4.5965713500976335,11.34682184457779,10.987177342176436,,
1816,2020-04-16 17:00:00,-2.1707523711111114,11.8486434601593,0.8493896484375227,11.343685150146484,-6.92742004394529,-4.663183593749977,11.297266587615011,11.245437443256378,,
1817,2020-04-16 18:00:00,-2.293819479722222,11.369979390072885,0.8625732421875227,12.168123245239258,-7.078649902343727,-4.7122024536132585,11.18391041457653,11.262459188699722,0.8626037597656477,12.20011790713761
1818,2020-04-16 19:00:00,-1.8797848669444444,12.103368871258672,1.0040527343750227,12.896082878112793,-7.146238708496071,-5.132055664062477,11.427359014749529,11.196929588913918,,
1819,2020-04-16 20:00:00,-1.747718258611111,12.120042170764707,0.8844848632812727,13.05295467376709,-7.369665527343727,-5.780340576171852,11.525166884064674,11.668889343738556,,
1820,2020-04-16 21:00:00,-5.219846361388889,13.329380151220477,-0.5469116210937273,14.031425476074219,-7.497862243652321,-6.200094604492165,12.170261263847353,12.132251292467116,-0.5469116210937273,13.924854950397275
1821,2020-04-16 22:00:00,-9.436230015555557,11.433394310410861,-5.444708251953102,13.627840995788574,-7.941046142578102,-6.3355239868163835,12.447559893131256,12.714294999837875,,
1822,2020-04-16 23:00:00,-12.389778844444445,12.004411700694725,-9.265112304687477,12.7765474319458,-9.167028808593727,-7.181723022460915,12.71880728006363,12.639922723174095,,
1823,2020-04-17 00:00:00,-12.982168952777776,12.176745100299135,-10.506140136718727,11.733192443847656,-10.718153381347634,-9.292257690429665,12.184524774551392,12.546616181731224,-10.465612792968727,11.725829675211571
1824,2020-04-17 01:00:00,-13.543627952777781,11.557680075653133,-11.392736816406227,11.067780494689941,-12.194197082519509,-11.578283691406284,11.70302937924862,12.15893730521202,,
1825,2020-04-17 02:00:00,-14.167551516666665,11.063362561652555,-11.711828613281227,9.935589790344238,-13.328985595703102,-13.020697021484352,11.22189386188984,11.579901278018951,,
1826,2020-04-17 03:00:00,-14.538094777777777,10.600988753770203,-12.393896484374977,8.497762680053711,-14.19292297363279,-13.85775604248039,10.42768906056881,10.798361837863922,-12.343466186523417,8.54125759494491
1827,2020-04-17 04:00:00,-14.929264844444445,9.550784971624715,-13.224340820312477,8.0843505859375,-14.933721923828102,-14.354612731933571,9.843462094664574,9.885383039712906,,
1828,2020-04-17 05:00:00,-16.243536602777777,7.957042102786608,-13.948950195312477,6.953219890594482,-15.526434326171852,-14.652326965331952,9.374232709407806,9.081953465938568,,
1829,2020-04-17 06:00:00,-17.203141338888887,6.957847266292075,-14.379492187499977,6.598816394805908,-15.887403869628884,-14.735929870605446,8.983131110668182,8.295288667082787,-14.379095458984352,6.498392822686583
1830,2020-04-17 07:00:00,-17.384411544444443,5.6365582260924265,-14.739843749999977,6.636301517486572,-16.018011474609352,-14.566572570800759,8.115291863679886,7.622823357582092,,
1831,2020-04-17 08:00:00,-17.48099142777778,5.236371176441736,-14.681433105468727,5.162328243255615,-15.974401855468727,-14.366705322265602,6.6733241230249405,6.43397119641304,,
1832,2020-04-17 09:00:00,-17.275806758333335,5.129035763517086,-14.489660644531227,4.413505554199219,-15.864164733886696,-14.192533874511696,5.406838089227676,5.098447233438492,-14.489645385742165,4.382706489879638
1833,2020-04-17 10:00:00,-16.91556569722222,4.842661503472452,-14.289160156249977,4.61290979385376,-15.710173034667946,-14.011923217773415,4.935819506645203,4.679718807339668,,
1834,2020-04-17 11:00:00,-16.814621030555557,5.710841007269792,-13.800390624999977,4.52271842956543,-15.499327087402321,-13.826170349121071,5.273413985967636,5.165932983160019,,
1835,2020-04-17 12:00:00,-16.476586875,4.916907936759553,-13.452062988281227,4.951011657714844,-15.311659240722634,-13.662580871581952,5.71225380897522,5.333447158336639,-13.450094604492165,5.174504910130054
1836,2020-04-17 13:00:00,-15.750288602777779,5.500153725208765,-13.380529785156227,5.414112567901611,-15.220274353027321,-13.573156738281227,5.822463974356651,5.396102279424667,,
1837,2020-04-17 14:00:00,-15.46800096388889,5.528694917913698,-13.286352539062477,5.133301258087158,-15.24071350097654,-13.569616699218727,5.667303174734116,5.314070448279381,,
1838,2020-04-17 15:00:00,-15.439304755555556,5.5229180024126,-13.376654052734352,4.990018844604492,-15.353765869140602,-13.648458862304665,5.374126210808754,5.16908922791481,-13.376654052734352,5.032673679757863
1839,2020-04-17 16:00:00,-15.588586966666666,5.035275155362799,-13.995977783203102,4.616589069366455,-15.541601562499977,-13.815473937988259,5.3436345756053925,5.207288920879364,,
1840,2020-04-17 17:00:00,-15.810561133333332,4.510679464646679,-14.233221435546852,4.42385721206665,-15.787657165527321,-14.055212402343727,5.400754272937775,5.35329070687294,,
1841,2020-04-17 18:00:00,-15.931526469444444,4.584751529911614,-14.531469726562477,4.4229512214660645,-16.064360046386696,-14.317655944824196,5.359118521213532,5.477758228778839,-14.531439208984352,4.260937954764813
1842,2020-04-17 19:00:00,-16.366217527777778,4.230294176514499,-15.016577148437477,4.103291988372803,-16.301977539062477,-14.600660705566384,5.359182238578796,5.559761703014374,,
1843,2020-04-17 20:00:00,-16.949373919444444,4.031642866707324,-15.567114257812477,3.919591188430786,-16.383337402343727,-14.815649414062477,5.414340391755104,5.490915775299072,,
1844,2020-04-17 21:00:00,-17.040804094444443,3.8913108248758,-16.172155761718727,3.787304639816284,-16.339918518066384,-14.833502197265602,5.297990620136261,5.378906071186066,-16.172155761718727,3.658065350202378
1845,2020-04-17 22:00:00,-15.326308844444448,4.210724885344352,-16.858984374999977,3.3289363384246826,-16.25298156738279,-14.792143249511696,5.083893403410912,5.264794945716858,,
1846,2020-04-17 23:00:00,-14.338369455555556,4.820484855198677,-17.282202148437477,3.2987759113311768,-16.250860595703102,-14.515081787109352,4.94064411520958,5.019123017787933,,
1847,2020-04-18 00:00:00,-13.666154594444444,4.42038613067671,-17.082067871093727,3.0858592987060547,-16.181539916992165,-13.906874084472634,5.044603854417801,4.8623500764369965,-17.082037353515602,3.143312083091587
1848,2020-04-18 01:00:00,-12.740305252777778,4.964401881866526,-14.134802246093727,3.895901918411255,-15.90856018066404,-13.259306335449196,5.322990879416466,4.991548448801041,,
1849,2020-04-18 02:00:00,-11.804746833333333,5.151291843142708,-12.070959472656227,4.618161201477051,-15.663221740722634,-12.553297424316384,5.551963403820992,5.278177157044411,,
1850,2020-04-18 03:00:00,-10.581941271666667,5.494737854339924,-10.433447265624977,5.140254497528076,-15.456983947753884,-11.99712219238279,5.715523183345795,5.4503244906663895,-10.433416748046852,4.999008815851994
1851,2020-04-18 04:00:00,-9.337938044722224,6.047215406543333,-8.974859619140602,5.5213212966918945,-14.883367919921852,-11.596899414062477,5.89492928981781,5.515464887022972,,
1852,2020-04-18 05:00:00,-8.367480958333333,6.457388745308122,-7.899328613281227,6.226255416870117,-14.230123901367165,-11.41033020019529,5.965743213891983,5.594086572527885,,
1853,2020-04-18 06:00:00,-7.895275235277778,6.863009449690433,-6.749334716796852,6.482973575592041,-13.947584533691384,-11.242857360839821,6.129401087760925,6.023580998182297,-6.750280761718727,6.302757806028239
1854,2020-04-18 07:00:00,-7.539668709722222,6.193421782697759,-6.044989013671852,6.941140174865723,-13.541334533691384,-11.082502746581952,6.619890660047531,6.358921200037003,,
1855,2020-04-18 08:00:00,-7.302390201944445,5.42044197790239,-5.526098632812477,5.861876964569092,-13.01164855957029,-10.783338928222634,7.225762963294983,6.9694197326898575,,
1856,2020-04-18 09:00:00,-6.620241794722222,7.013329585269979,-5.268286132812477,7.160013198852539,-12.197416687011696,-10.385397338867165,7.873764321208,7.93444262444973,-5.267279052734352,6.932386778818909
1857,2020-04-18 10:00:00,-5.649868288611111,8.72339915394011,-4.239141845703102,7.999464988708496,-11.38506164550779,-9.99938049316404,8.074632838368416,8.674317046999931,,
1858,2020-04-18 11:00:00,-4.9810256075,8.866325419421509,-3.2572082519531023,8.847546577453613,-10.983282470703102,-9.377424621581952,9.005738958716393,9.494794353842735,,
1859,2020-04-18 12:00:00,-4.149906543888889,10.142654186787922,-2.6805175781249773,10.472734451293945,-11.038229370117165,-9.129331970214764,9.56847782433033,10.161864563822746,-2.7117370605468523,10.23356705228798
1860,2020-04-18 13:00:00,-3.351176154444444,11.842490870842468,-2.2521118164062273,10.291220664978027,-10.520979309081952,-8.763594055175759,10.057766258716583,10.757516875863075,,
1861,2020-04-18 14:00:00,-2.9806826013888887,12.11960704206276,-2.0102600097656023,9.799897193908691,-9.896398925781227,-8.082624816894509,10.224834695458412,10.64368975162506,,
1862,2020-04-18 15:00:00,-2.980292315,11.99543852051733,-1.7752441406249773,10.30679702758789,-9.498594665527321,-7.645117187499977,10.313698440790176,10.84610265493393,-1.7771667480468525,10.078060992760584
1863,2020-04-18 16:00:00,-4.710619031944445,12.202386994995264,-3.4623779296874773,11.090255737304688,-9.343382263183571,-7.512335205078102,10.198092207312584,10.986442372202871,,
1864,2020-04-18 17:00:00,-8.315376917222222,11.351833878677652,-4.342016601562477,11.604398727416992,-9.151502990722634,-7.7028335571288835,10.344450175762177,11.048305749893188,,
1865,2020-04-18 18:00:00,-9.456735441111112,9.591874454585474,-7.427099609374977,9.88913345336914,-9.044683837890602,-8.189276123046852,10.537014946341516,11.112534895539284,-7.427099609374977,9.599019017303362
1866,2020-04-18 19:00:00,-9.095834493333333,9.339956471931778,-7.245886230468727,9.456534385681152,-8.79039611816404,-8.723532104492165,10.730193451046944,11.31912100315094,,
1867,2020-04-18 20:00:00,-6.479777138888888,9.83331040176575,-7.399786376953102,9.176077842712402,-8.406309509277321,-9.07329406738279,11.02821134030819,12.008036941289902,,
1868,2020-04-18 21:00:00,-4.256203696944445,12.261101984471432,-6.599645996093727,9.876139640808105,-8.251974487304665,-9.074484252929665,12.14598099887371,12.533144608139992,-6.599630737304665,9.817919682594948
1869,2020-04-18 22:00:00,-4.46737599,12.282339082758156,-5.604010009765602,10.621094703674316,-8.394049072265602,-8.528929138183571,12.099583253264427,12.772876873612404,,
1870,2020-04-18 23:00:00,-3.723085428333333,13.67768885013683,-4.231054687499977,12.397760391235352,-8.441297912597634,-8.160917663574196,12.18359972536564,13.181945264339449,,
1871,2020-04-19 00:00:00,-3.292199817777778,13.213238665656705,-3.3486694335937273,13.161778450012207,-8.398481750488259,-8.20903625488279,12.232122480869291,13.194219574332235,-3.3486389160156023,13.102566505083814
1872,2020-04-19 01:00:00,-2.8720937752777775,14.15801323836184,-2.9297241210937273,12.317222595214844,-8.576048278808571,-8.320516967773415,12.60675023496151,12.769889518618584,,
1873,2020-04-19 02:00:00,-2.8855225794444443,13.480713426618605,-3.1662353515624773,12.589686393737793,-8.099073791503884,-8.359953308105446,12.643284931778908,12.568892776966097,,
1874,2020-04-19 03:00:00,-3.1344976677777776,13.132333124064994,-3.7881225585937273,12.169137954711914,-7.601156616210915,-8.169622802734352,12.21384385228157,12.24301192164421,-3.788092041015602,12.030848259339107
1875,2020-04-19 04:00:00,-3.170036886666667,11.332958761200734,-3.2152160644531023,11.268665313720703,-7.05290832519529,-7.6025527954101335,11.827009737491608,12.208762034773828,,
1876,2020-04-19 05:00:00,-2.8065078850000003,12.534711990601137,-2.8976806640624773,9.21324634552002,-6.344358825683571,-6.8099502563476335,11.329282701015472,12.400766506791117,,
1877,2020-04-19 06:00:00,-2.458022239166667,8.577140139591188,-2.1115478515624773,9.91414737701416,-5.747808837890602,-5.989141845703102,11.251648664474487,12.022834062576294,-2.1115478515624773,9.830698022153229
1878,2020-04-19 07:00:00,-1.680921243888889,9.227690459888489,-1.9844421386718523,10.118691444396973,-5.213446044921852,-5.240324401855446,11.421292409300804,11.997818931937218,,
1879,2020-04-19 08:00:00,-1.9335552738888886,9.9085869221999,-1.5654052734374773,10.43647289276123,-4.69255676269529,-4.65727844238279,11.230078935623167,12.013454735279083,,
1880,2020-04-19 09:00:00,-1.3992064325,9.386197919326586,-0.9972900390624773,10.985332489013672,-4.322149658203102,-4.234892272949196,10.58753576874733,11.615987658500671,-0.9973052978515398,10.937989489757456
1881,2020-04-19 10:00:00,-0.8408330012777778,8.681614747457262,-0.6493286132812273,10.649991989135742,-4.096945190429665,-3.804991149902321,10.363200470805168,11.866164833307266,,
1882,2020-04-19 11:00:00,-0.34438315430833333,10.027672626762191,-0.21207275390622726,9.391122817993164,-3.8157485961913835,-3.493986511230389,10.433984115719795,11.698195204138756,,
1883,2020-04-19 12:00:00,-0.18803789293888887,8.375999850142735,0.14663085937502274,8.804537773132324,-3.5821365356445085,-3.2049926757812273,10.71590867638588,11.670651495456696,0.1466613769531477,8.776858188852202
1884,2020-04-19 13:00:00,-0.14313088727346665,8.066650328579811,0.22106323242189774,9.377131462097168,-3.486776733398358,-2.9234451293945085,10.584189489483832,11.343429401516914,,
1885,2020-04-19 14:00:00,-0.18491486838333335,8.059155074282407,0.16066894531252274,8.951506614685059,-3.4699920654296648,-2.828581237792946,10.115630865097046,10.701971173286438,,
1886,2020-04-19 15:00:00,-0.22899233480524997,6.674169669639494,0.17385253906252274,8.693534851074219,-3.5185455322265398,-2.885588073730389,9.691517934203148,10.198761388659475,0.1465545654297102,8.471569447021466
1887,2020-04-19 16:00:00,-0.06337698193267778,7.844064317056412,-0.07468261718747726,7.270442962646484,-3.7311004638671648,-3.0325149536132585,9.549955576658247,10.237994700670242,,
1888,2020-04-19 17:00:00,-0.4671280373611111,8.07975035785042,-0.14624633789060226,6.940673828125,-4.239141845703102,-3.193785095214764,9.062921017408373,10.14837011694908,,
1889,2020-04-19 18:00:00,-1.6411501133333335,9.32949162940246,-0.19278564453122726,6.275142669677734,-4.6746658325195085,-3.5467056274413835,8.475544571876526,9.217488497495651,-0.1927398681640397,6.03708596189972
1890,2020-04-19 19:00:00,-1.2529904116666666,7.589005301376873,-0.24710693359372726,5.095000267028809,-5.0480484008788835,-4.0290359497070085,7.743250846862793,8.179686158895493,,
1891,2020-04-19 20:00:00,-1.295976056111111,6.524851684645712,-0.34293212890622726,4.538344860076904,-5.482084655761696,-4.5423721313476335,6.782672762870789,7.228473126888275,,
1892,2020-04-19 21:00:00,-1.2975692983333333,5.082880719717814,-0.5100769042968523,3.404141902923584,-5.973715209960915,-4.992269897460915,5.836327031254768,6.596685484051704,-0.5110229492187273,3.632270688045537
1893,2020-04-19 22:00:00,-1.3367208169444444,3.4085920395495326,-0.7062438964843523,2.8061535358428955,-6.5109695434570085,-5.47331848144529,5.33166866004467,6.197124928236008,,
1894,2020-04-19 23:00:00,-1.5698094461111112,2.4287005331322535,-0.9469970703124773,1.685426950454712,-7.05174865722654,-5.874632263183571,4.986269578337669,5.979906111955643,,
1895,2020-04-20 00:00:00,-1.8188583961111113,2.6382229639864687,-1.1523803710937273,1.4340155124664307,-7.2074111938476335,-5.983061218261696,4.332100138068199,4.8383581936359406,-1.1513885498046648,1.4940665991744029
1896,2020-04-20 01:00:00,-2.650075714722222,2.8028403758806015,-1.2839111328124773,1.3482019901275635,-7.4595169067382585,-6.249151611328102,4.078214883804321,4.381565034389496,,
1897,2020-04-20 02:00:00,-3.07842745,0.944936672228304,-1.5105651855468523,2.4214749336242676,-7.585539245605446,-6.451559448242165,4.094473779201508,4.067533358931541,,
1898,2020-04-20 03:00:00,-3.3213193830555556,1.6457511029721639,-1.7519897460937273,1.9205576181411743,-7.643682861328102,-6.5966018676757585,3.568050801753998,3.410379394888878,-1.7523864746093525,2.0743862418457866
1899,2020-04-20 04:00:00,-3.5785124352777777,1.9528513026463499,-4.013922119140602,8.964956283569336,-7.662619018554665,-6.687132263183571,2.8413294553756714,3.009127125144005,,
1900,2020-04-20 05:00:00,-4.051689823888889,3.9224582036832594,-5.753698730468727,11.08041000366211,-7.66136779785154,-6.73192443847654,3.7084766626358032,4.1057659685611725,,
1901,2020-04-20 06:00:00,-5.299138970333333,7.641477368764552,-7.171759033203102,12.911212921142578,-7.62193908691404,-6.760015869140602,4.95690181851387,5.299940675497055,,
1902,2020-04-20 07:00:00,,,-7.218389892578102,13.560434341430664,-7.600103759765602,-6.8080581665038835,5.7829035222530365,6.096206367015839,,
1903,2020-04-20 08:00:00,,,-8.450903320312477,13.970558166503906,-7.61992492675779,-6.868734741210915,6.4576286226511,6.724057212471962,,
1904,2020-04-20 09:00:00,-6.415935940000001,10.740441894628104,-9.192083740234352,14.672941207885742,-7.704626464843727,-6.962797546386696,6.659943729639053,6.997389271855354,-9.191671752929665,14.578862282680348
1905,2020-04-20 10:00:00,-6.7154741300000005,11.758010169310639,-9.155676269531227,15.519994735717773,-7.865881347656284,-7.125700378417946,7.099020451307297,7.277517005801201,,
1906,2020-04-20 11:00:00,-7.773737861944444,12.7558641080794,-10.150488281249977,15.794135093688965,-8.095671081542946,-7.359411621093727,7.710716612637043,7.65412575006485,,
1907,2020-04-20 12:00:00,-8.700709737222223,14.023924205986482,-10.708166503906227,15.59542179107666,-8.376036071777321,-7.658209228515602,7.681171908974647,7.846256852149963,-10.70818176269529,15.545847902307289
1908,2020-04-20 13:00:00,-9.354813769444444,14.937301800324603,-10.707708740234352,15.535593032836914,-8.634313964843727,-7.9647354125976335,8.050731673836708,8.226922884583473,,
1909,2020-04-20 14:00:00,-10.331612680000001,13.843518730785725,-11.289770507812477,15.8158597946167,-8.900953674316384,-8.428686523437477,9.580672353506088,9.233032748103142,,
1910,2020-04-20 15:00:00,-11.146804947222222,13.907495210914249,-11.797155761718727,15.78454875946045,-9.263204956054665,-9.061056518554665,11.149231180548668,10.512382328510284,-11.741491699218727,15.98013469466241
1911,2020-04-20 16:00:00,-11.705360463888887,14.799716294976308,-12.015844726562477,16.20409393310547,-9.821714782714764,-9.79167785644529,12.364089265465736,11.64314404129982,,
1912,2020-04-20 17:00:00,-12.38466038611111,15.007462930245184,-12.529699707031227,16.086997985839844,-10.502172851562477,-10.588941955566384,13.335502862930298,12.735041201114656,,
1913,2020-04-20 18:00:00,-13.037706063888889,14.965653407716585,-13.025854492187477,15.955883979797363,-11.180708312988259,-11.225973510742165,14.011078894138336,13.522454336285591,-13.025839233398417,16.079618101241067
1914,2020-04-20 19:00:00,-13.247507230555554,14.532588501048822,-13.489660644531227,15.686685562133789,-11.752630615234352,-11.729345703124977,14.690270110964777,14.170456781983376,,
1915,2020-04-20 20:00:00,-13.478071341666665,14.15542408829915,-13.602392578124977,15.703268051147461,-12.278150939941384,-12.163313293457009,15.347605168819427,14.855997279286385,,
1916,2020-04-20 21:00:00,-13.761496955555558,13.950151584761473,-13.803076171874977,16.019132614135742,-12.71275939941404,-12.518629455566384,15.627328768372536,15.01932355761528,-13.803076171874975,15.965784693311434
1917,2020-04-20 22:00:00,-14.197769213888888,11.765152962735064,-14.361975097656227,15.890900611877441,-13.02940979003904,-12.753691101074196,15.579447984695436,14.94132712483406,,
1918,2020-04-20 23:00:00,-14.449586405555555,11.09476638059098,-14.485327148437477,15.60781192779541,-13.285398864746071,-12.930647277831952,15.623118668794632,14.98935230076313,,
1919,2020-04-21 00:00:00,-14.643015516666665,12.202279341223269,-14.616888427734352,15.20748233795166,-13.536940002441384,-13.069357299804665,15.683199435472488,15.337863326072693,-14.59929504394529,15.10893036070047
1920,2020-04-21 01:00:00,-14.73095634722222,11.984434993823898,-14.212561035156227,15.173227310180664,-13.746420288085915,-13.166540527343727,15.616801768541336,15.132699117064476,,
1921,2020-04-21 02:00:00,-15.017465430555553,10.93341919579438,-13.935156249999977,15.12658977508545,-13.871549987792946,-13.211859130859352,15.585389167070389,15.083383619785309,,
1922,2020-04-21 03:00:00,-14.971515094444444,11.148509002028492,-14.075476074218727,15.377164840698242,-13.920492553710915,-13.276678466796852,15.77987077832222,15.396884366869926,-14.039312744140602,15.386246815265622
1923,2020-04-21 04:00:00,-15.060822769444444,11.864343108425784,-13.845922851562477,15.32977294921875,-14.009199523925759,-13.32549133300779,15.99172841012478,15.864068791270256,,
1924,2020-04-21 05:00:00,-15.134127652777778,11.0618405102193,-13.830969238281227,14.884514808654785,-14.080732727050759,-13.359808349609352,15.93334275484085,16.11698393523693,,
1925,2020-04-21 06:00:00,-14.945464083333334,12.04293631025349,-13.798193359374977,14.374707221984863,-14.062696838378884,-13.363829040527321,16.312463387846947,16.224818274378777,-13.784490966796852,14.290375970653258
1926,2020-04-21 07:00:00,-14.904560488888889,11.650619532181238,-13.253027343749977,14.54185676574707,-14.010198974609352,-13.370405578613259,16.33861067891121,16.297613829374313,,
1927,2020-04-21 08:00:00,-15.103276288888887,11.57263231747765,-13.285009765624977,14.617435455322266,-13.920133972167946,-13.353392028808571,16.798316948115826,16.91709975898266,,
1928,2020-04-21 09:00:00,-14.75597168888889,11.382948068939065,-13.370886230468727,14.628584861755371,-13.893438720703102,-13.246122741699196,16.942524671554565,16.503278896212578,-13.370855712890602,14.378962876973674
1929,2020-04-21 10:00:00,-14.74150860277778,11.549127055761062,-13.344152832031227,14.365011215209961,-13.906340026855446,-13.076193237304665,17.184788540005684,16.922582909464836,,
1930,2020-04-21 11:00:00,-14.45031963888889,11.183624029118889,-13.403112792968727,14.21721363067627,-13.74590148925779,-12.885740661621071,17.475658267736435,17.42490741610527,,
1931,2020-04-21 12:00:00,-14.075864355555554,11.03180241647098,-13.302618408203102,14.292819023132324,-13.612425231933571,-12.861105346679665,17.117305174469948,17.5235887914896,-13.27135314941404,14.526551497750916
1932,2020-04-21 13:00:00,-13.247265441666665,12.04806859608553,-13.143652343749977,14.925253868103027,-13.487486267089821,-12.929228210449196,16.919513523578644,17.55346840620041,,
1933,2020-04-21 14:00:00,-13.178999883333333,11.980420518721841,-12.866705322265602,15.462079048156738,-13.46019592285154,-12.947828674316384,16.68923646211624,17.323396295309067,,
1934,2020-04-21 15:00:00,-12.896010088888888,12.607944117592703,-13.330389404296852,15.370640754699707,-13.345991516113259,-12.852865600585915,16.056624114513397,17.093130096793175,-13.27959289550779,15.7973724801559
1935,2020-04-21 16:00:00,-13.32914207222222,14.593571649140033,-14.066809082031227,15.038595199584961,-13.315023803710915,-12.662519836425759,15.393593579530716,16.332870170474052,,
1936,2020-04-21 17:00:00,-14.103374619444445,14.722625411618028,-14.439489746093727,14.173666954040527,-13.29045715332029,-12.615278625488259,14.960416719317436,15.931741148233414,,
1937,2020-04-21 18:00:00,-14.547434102777778,13.047609400415242,-14.912451171874977,13.523117065429688,-13.339605712890602,-12.696112060546852,14.869661778211594,15.37902781367302,-14.912435913085917,13.492642628320027
1938,2020-04-21 19:00:00,-14.854355313888888,10.082704511341552,-15.758856201171852,12.710655212402344,-13.516142272949196,-12.894804382324196,14.536300271749496,14.77321681380272,,
1939,2020-04-21 20:00:00,-14.623598611111111,9.728997835116443,-16.126989746093727,12.486335754394531,-13.882261657714764,-13.16527404785154,14.347012788057327,14.251933991909029,,
1940,2020-04-21 21:00:00,-14.962417547222222,11.47097932169124,-16.441137695312477,12.36878490447998,-14.276930236816384,-13.437086486816384,13.883524239063265,14.016671404242516,-16.440145874023415,12.537329222308472
1941,2020-04-21 22:00:00,-15.15548017777778,11.674118466313686,-17.049963378906227,12.03969669342041,-14.596571350097634,-13.592749023437477,13.250470370054243,13.673939019441605,,
1942,2020-04-21 23:00:00,-15.289979416666666,11.550498407920903,-17.281698608398415,11.522636413574219,-14.809797668457009,-13.753904724121071,12.994562536478044,13.482161402702332,,
1943,2020-04-22 00:00:00,-15.105481897222221,11.799067790131794,-17.21727600097654,11.6997652053833,-14.767652893066384,-13.567160034179665,13.798106387257576,13.632295399904253,-17.217260742187477,11.62799517530948
1944,2020-04-22 01:00:00,-15.129390033333335,11.397386826289164,-17.49223937988279,10.673118591308594,-14.695707702636696,-13.780409240722634,13.484166592359545,13.385830670595167,,
1945,2020-04-22 02:00:00,-15.665518444444444,10.171338020480185,-17.341284179687477,10.718817710876465,-14.67174377441404,-13.819479370117165,13.369377598166466,13.372286021709442,,
1946,2020-04-22 03:00:00,-15.904284683333335,9.942110454072406,-17.254919433593727,10.082859992980957,-14.741979980468727,-13.903532409667946,13.236738681793211,13.176377579569817,-17.254904174804665,9.944658195367085
1947,2020-04-22 04:00:00,-15.744735094444444,10.55041554050492,-17.199865722656227,9.331852912902832,-14.827040100097634,-14.038336181640602,12.869113624095917,12.784857273101808,,
1948,2020-04-22 05:00:00,-16.055896594444445,10.23427763333106,-17.176062011718727,8.984126091003418,-14.910536193847634,-14.129736328124977,12.52421610057354,12.364916697144508,,
1949,2020-04-22 06:00:00,-16.31681989166667,9.730266372605653,-17.115270996093727,8.69657039642334,-14.98949279785154,-14.19450988769529,12.120748952031136,11.98930974304676,-17.115270996093727,8.651846224325709
1950,2020-04-22 07:00:00,-16.59393215,8.336645541618044,-17.17565002441404,8.526134490966797,-15.034063720703102,-14.22130432128904,11.909784480929376,11.684730038046837,,
1951,2020-04-22 08:00:00,-16.789051911111113,6.741439169159784,-17.306829833984352,8.45959186553955,-15.026533508300759,-14.204626464843727,11.93113698065281,11.311140075325966,,
1952,2020-04-22 09:00:00,-16.72826078611111,6.2726033429457955,-17.400488281249977,8.180466651916504,-15.019529724121071,-14.17416229248039,11.818041682243347,10.669385001063349,-17.343832397460915,8.011796852340922
1953,2020-04-22 10:00:00,-16.487596955555556,6.582236480415287,-17.226538085937477,7.347836971282959,-15.036825561523415,-14.16240539550779,11.59931418299675,10.335215285420418,,
1954,2020-04-22 11:00:00,-16.508919586111112,7.653950490607381,-17.037390136718727,6.906102657318115,-15.06523742675779,-14.16515197753904,11.259462766349316,10.195749640464784,,
1955,2020-04-22 12:00:00,-16.55909050277778,6.807210745235302,-16.937750244140602,6.565503120422363,-15.123815917968727,-14.179876708984352,10.990055605769156,10.027280062437056,-16.937719726562477,6.461826191225555
1956,2020-04-22 13:00:00,-16.572030586111108,6.1043788889101265,-17.31529846191404,6.515414714813232,-15.218481445312477,-14.236128234863259,10.519121780991554,9.716380529105663,,
1957,2020-04-22 14:00:00,-16.55120355277778,6.432453052893372,-17.38103332519529,6.108845233917236,-15.320944213867165,-14.29216613769529,9.958923503756523,9.26286343485117,,
1958,2020-04-22 15:00:00,-16.61519504166667,6.713146469742623,-17.506842041015602,5.717506408691406,-15.400732421874977,-14.363851928710915,9.464912243187428,8.917076766490936,-17.50585021972654,5.636385132209398
1959,2020-04-22 16:00:00,-16.68117540277778,6.522110257623123,-18.238302612304665,4.888375759124756,-15.48528137207029,-14.450781249999977,9.047505855560305,8.579312056303024,,
1960,2020-04-22 17:00:00,-16.816021377777776,5.3383875678380965,-18.740637207031227,4.47606897354126,-15.633482360839821,-14.575949096679665,8.63376598060131,8.140146747231483,,
1961,2020-04-22 18:00:00,-17.240727691666667,4.598115675483368,-19.519430541992165,3.8146939277648926,-15.827825927734352,-14.727117919921852,8.242446839809418,7.71613846719265,-19.519415283203102,2.539033033652231
1962,2020-04-22 19:00:00,-17.56595823888889,4.0355638108813245,-21.132894897460915,2.8460230827331543,-16.04911651611326,-14.890692138671852,7.76679065823555,7.26001800596714,,
1963,2020-04-22 20:00:00,-17.997980869444444,3.861009807107482,-21.45622863769529,3.3037638664245605,-16.28917541503904,-15.065779113769509,7.360011532902718,6.855698272585869,,
1964,2020-04-22 21:00:00,-18.443086591666667,3.578744072486574,-22.261923217773415,3.0003163814544678,-16.523588562011696,-15.25414123535154,7.001008301973343,6.526352852582932,-22.41618957519529,2.4797672500135377
1965,2020-04-22 22:00:00,-19.182304394444444,3.6084328772081258,-23.498785400390602,2.0172882080078125,-16.748022460937477,-15.427259826660134,6.68247589468956,6.251795768737793,,
1966,2020-04-22 23:00:00,-19.80457511944444,3.1354029269563113,-24.339239501953102,1.524996280670166,-16.94004669189451,-15.576208496093727,6.429340690374374,6.038994833827019,,
1967,2020-04-23 00:00:00,-19.75865908888889,3.437394075081116,-24.494085693359352,1.3703460693359375,-17.090002441406284,-15.689848327636696,6.215997651219368,5.827586829662323,-24.493933105468727,1.387786050210707
1968,2020-04-23 01:00:00,-20.032846372222224,3.381238990720789,-24.826818847656227,1.0669255256652832,-17.18981781005857,-15.762327575683571,5.949598431587219,5.631500661373138,,
1969,2020-04-23 02:00:00,-19.96673676111111,3.5262833258978312,-24.498144531249977,1.3296921253204346,-17.238859558105446,-15.790113830566384,5.667690098285675,5.42125990986824,,
1970,2020-04-23 03:00:00,-20.38254719444444,2.8609422590833304,-23.975790405273415,1.774712324142456,-17.241590881347605,-15.785261535644509,5.406948879361153,5.174403682351112,-23.975775146484352,1.683455806109123
1971,2020-04-23 04:00:00,-20.486099536111112,2.742037593778322,-23.806982421874977,1.5555651187896729,-17.19567718505857,-15.741888427734352,5.2448892295360565,4.937247544527054,,
1972,2020-04-23 05:00:00,-20.03623862777778,2.90802344507903,-23.263159179687477,1.266771912574768,-17.105360412597634,-15.656927490234352,5.208791002631187,4.824015378952026,,
1973,2020-04-23 06:00:00,-19.55428255833333,2.2489037920257187,-22.456060791015602,1.1786810159683228,-16.977613830566384,-15.549688720703102,5.283103838562965,4.872794151306152,-22.45604553222654,1.1760444829124026
1974,2020-04-23 07:00:00,-19.110130036111112,2.2286141442454706,-21.573065185546852,1.121555209159851,-16.82427062988279,-15.416777038574196,5.322331801056862,4.909985229372978,,
1975,2020-04-23 08:00:00,-18.64264415,2.3887786152695196,-20.62090148925779,1.237738013267517,-16.663229370117165,-15.269956970214764,5.297988772392273,4.948142498731613,,
1976,2020-04-23 09:00:00,-18.054427319444446,2.3893350775390543,-19.737570190429665,1.1090432405471802,-16.506925964355446,-15.119467163085915,5.225498408079147,4.804467499256134,-19.7375549316406,0.8699188573518768
1977,2020-04-23 10:00:00,-17.620046702777778,2.364806565044089,-19.178503417968727,0.9785283803939819,-16.36272277832029,-14.971983337402321,4.960188537836075,4.596244007349014,,
1978,2020-04-23 11:00:00,-17.103210752777773,2.2688833350211874,-18.563681030273415,1.141772985458374,-16.238233947753884,-14.843321228027321,4.78033883869648,4.358340665698052,,
1979,2020-04-23 12:00:00,-16.599619261111112,2.738035934355119,-18.093176269531227,1.064489722251892,-16.137152099609352,-14.737615966796852,4.618923932313919,4.151159465312958,-18.093176269531227,0.911134593305178
1980,2020-04-23 13:00:00,-16.308900944444446,2.572262164239625,-18.321966552734352,0.9760962724685669,-16.067396545410134,-14.659819030761696,4.482955977320671,4.023832127451897,,
1981,2020-04-23 14:00:00,-16.19491486388889,2.543496357831654,-18.172583007812477,1.4403671026229858,-16.029394531249977,-14.625273132324196,4.353153094649315,3.9829086661338806,,
1982,2020-04-23 15:00:00,-16.21092965,2.404706346392404,-18.386785888671852,0.9699428081512451,-16.03855743408195,-14.640379333496071,4.2570062056183815,3.878238916397095,-18.38678588867185,0.946163700078614
1983,2020-04-23 16:00:00,-16.303670486111113,2.7637202486247285,-19.08458557128904,1.1673011779785156,-16.107214355468727,-14.701124572753884,4.208244666457176,3.842935964465141,,
1984,2020-04-23 17:00:00,-16.567574333333337,2.6195560775559756,-19.434545898437477,1.2241826057434082,-16.234281921386696,-14.801161193847634,4.221465855836868,3.804195761680603,,
1985,2020-04-23 18:00:00,-16.80305593611111,2.5724606695480197,-19.97466125488279,1.0524919033050537,-16.397604370117165,-14.938558959960915,4.298215538263321,3.8529272228479385,-19.97466125488279,0.9646397046162748
1986,2020-04-23 19:00:00,-16.86479045277778,2.08824617367391,-20.632772827148415,1.1017076969146729,-16.57817687988279,-15.100401306152321,4.384983167052269,3.939362406730652,,
1987,2020-04-23 20:00:00,-17.41020257222222,2.3022498726251954,-21.106512451171852,1.1278847455978394,-16.767668151855446,-15.288916015624977,4.442414775490761,4.007108718156815,,
1988,2020-04-23 21:00:00,-18.190301583333333,2.633907368675495,-21.452230834960915,1.3279613256454468,-16.945249938964764,-15.483442687988259,4.48739030957222,4.056579947471619,-21.45220031738279,1.2791692714672536
1989,2020-04-23 22:00:00,-18.60455348333333,2.7947484024472193,-22.029257202148415,1.5126253366470337,-17.09557189941404,-15.671385192871071,4.446532309055328,4.056545361876488,,
1990,2020-04-23 23:00:00,-19.069045250000002,2.8939879736204737,-22.238378906249977,1.559735655784607,-17.230070495605446,-15.847471618652321,4.395170450210571,4.0077930092811584,,
1991,2020-04-24 00:00:00,-19.205211508333335,2.255150952712731,-22.19750061035154,1.7039319276809692,-17.31469573974607,-15.996534729003884,4.438109055161476,4.060828074812889,-22.19748535156248,1.6923406933783554
1992,2020-04-24 01:00:00,-19.287009344444446,2.6822203336478823,-22.556463623046852,1.2993762493133545,-17.39678039550779,-16.11315765380857,4.5311693251132965,4.099399447441101,,
1993,2020-04-24 02:00:00,-19.3201411,2.9990270352525528,-22.489965820312477,1.087364673614502,-17.480932617187477,-16.20329132080076,4.728568434715271,4.135716199874878,,
1994,2020-04-24 03:00:00,-19.424986122222222,1.8882541515596534,-22.316748046874977,1.0014954805374146,-17.562109374999977,-16.303434753417946,4.887271821498871,4.1897633373737335,-22.31671752929685,1.143120534601621
1995,2020-04-24 04:00:00,-19.579743891666666,2.325048415055069,-21.81291809082029,1.6871119737625122,-17.676916503906256,-16.365301513671852,4.947637051343918,4.39829708635807,,
1996,2020-04-24 05:00:00,-19.463266405555554,2.632144342173665,-21.212866210937477,1.8208625316619873,-17.771742248535134,-16.355184936523415,5.0837800949811935,4.601336747407913,,
1997,2020-04-24 06:00:00,-19.12785768611111,2.707329839968241,-20.580175781249977,1.749721646308899,-17.73669281005857,-16.28111877441404,5.223658517003059,4.829334452748299,-20.580160522460915,1.8145347562385723
1998,2020-04-24 07:00:00,-18.722478219444444,2.561772493920824,-19.756079101562477,2.0960192680358887,-17.575659179687477,-16.213461303710915,5.369287237524986,5.060678720474243,,
1999,2020-04-24 08:00:00,-18.26416961944444,2.6729056450465305,-19.052496337890602,2.2810657024383545,-17.36718597412107,-16.146826171874977,5.55452049523592,5.310558028519154,,
2000,2020-04-24 09:00:00,-17.574427833333335,2.7723120263346828,-18.44725646972654,2.3793997764587402,-17.157125854492165,-16.061544799804665,5.672899872064591,5.469549596309662,-18.44725646972654,1.959806923114229
2001,2020-04-24 10:00:00,-16.76040471388889,2.9941637909307115,-18.209265136718727,2.2621123790740967,-16.890882873535134,-15.904638671874977,5.788754627108574,5.607111752033234,,
2002,2020-04-24 11:00:00,-16.621813488888886,3.604699652158068,-17.88866271972654,2.61228346824646,-16.656988525390602,-15.738508605957009,5.894609659910202,5.712440699338913,,
2003,2020-04-24 12:00:00,-16.30075635833333,4.078362985296059,-17.679296874999977,2.8515708446502686,-16.547941589355446,-15.68352355957029,6.083658382296562,5.803330942988396,-17.679281616210915,2.4233853479963727
2004,2020-04-24 13:00:00,-15.92030353888889,4.249394655851769,-17.827902221679665,2.662980079650879,-16.457235717773415,-15.64828338623039,6.249561131000519,6.125829562544823,,
2005,2020-04-24 14:00:00,-15.517921883333335,4.3840087541527275,-17.73448791503904,2.5979807376861572,-16.384741210937477,-15.653875732421852,6.330884277820587,6.242068335413933,,
2006,2020-04-24 15:00:00,-15.499288077777777,4.1500460138390505,-17.800177001953102,2.458216667175293,-16.387335205078102,-15.685873413085915,6.334333151578903,6.104564920067787,-17.80016174316404,2.501649592828471
2007,2020-04-24 16:00:00,-15.680386888888888,4.1482435572003205,-18.396139526367165,2.668285369873047,-16.487814331054665,-15.67003479003904,6.3919724971055984,6.145066320896149,,
2008,2020-04-24 17:00:00,-15.805482536111112,3.464091745668711,-18.573080444335915,3.002129316329956,-16.605627441406284,-15.71428527832029,6.3688062727451324,6.289359703660011,,
2009,2020-04-24 18:00:00,-15.883317508333333,4.249156654609864,-18.97814025878904,2.9104268550872803,-16.67631378173826,-15.821310424804665,6.216137930750847,6.261432617902756,-18.978124999999977,2.663233695930103
2010,2020-04-24 19:00:00,-15.968744583333335,4.350715116314993,-19.450582885742165,2.7957820892333984,-16.747213745117165,-15.92953338623039,6.265917286276817,6.236544340848923,,
2011,2020-04-24 20:00:00,-16.156458458333333,3.9907876070488553,-19.719244384765602,3.0207018852233887,-16.890417480468727,-16.00596466064451,6.333841115236282,6.360275596380234,,
2012,2020-04-24 21:00:00,-16.45125467777778,4.365192262358211,-20.21001281738279,2.8539271354675293,-17.006185913085915,-16.049749755859352,6.3565893471241,6.229503184556961,-20.209982299804665,2.3547665676742326
2013,2020-04-24 22:00:00,-16.878482533333333,3.8561581635485687,-21.114508056640602,2.1494839191436768,-17.07183685302732,-16.130377197265602,6.243241652846336,6.130188196897507,,
2014,2020-04-24 23:00:00,-17.540501922222223,3.387465314860217,-21.233358764648415,2.547079086303711,-17.128988647460915,-16.20104827880857,6.123630255460739,6.115609779953957,,
2015,2020-04-25 00:00:00,-17.90339375,3.28104084845527,-21.370382690429665,2.4851861000061035,-17.14482727050779,-16.278700256347634,6.147493585944176,6.075128689408302,-21.37035217285154,2.615954189619515
2016,2020-04-25 01:00:00,-18.275269608333335,3.287694661304498,-21.21092834472654,2.9147675037384033,-17.18414154052735,-16.35014190673826,6.152290299534798,6.061202555894852,,
2017,2020-04-25 02:00:00,-18.327639019444444,3.676330609862599,-21.064306640624977,2.5848283767700195,-17.179716491699168,-16.373983764648358,6.18804894387722,6.2069680988788605,,
2018,2020-04-25 03:00:00,-17.74326155,3.489556864924371,-20.660467529296852,3.0683205127716064,-17.17095031738279,-16.375090026855446,6.254690691828728,6.345414727926254,-20.65849914550779,3.1184824514202774
2019,2020-04-25 04:00:00,-17.653460944444443,3.1614427151920697,-20.258947753906227,2.5229146480560303,-17.084692382812477,-16.30443420410154,6.130241274833679,6.256793364882469,,
2020,2020-04-25 05:00:00,-17.194774508333328,3.2382854868203297,-19.448202514648415,2.7185466289520264,-16.935743713378884,-16.26501312255857,6.1739025712013245,6.06682750582695,,
2021,2020-04-25 06:00:00,-17.56131693888889,3.732739907447872,-19.172018432617165,3.2329800128936768,-16.80198516845701,-16.257276916503884,6.153897315263748,5.75751668214798,-19.172003173828102,3.2454676328925416
2022,2020-04-25 07:00:00,-17.08795358333333,3.9493038909310436,-18.453024291992165,3.3592231273651123,-16.685186767578102,-16.175131225585915,6.177147328853607,5.822973549365997,,
2023,2020-04-25 08:00:00,-16.632349513888887,4.114830219867932,-17.81822814941404,3.5162014961242676,-16.614218139648358,-16.020544433593727,6.109849199652672,5.942953512072563,,
2024,2020-04-25 09:00:00,-16.167865422222224,4.549382923237748,-17.426947021484352,3.827064037322998,-16.59514465332029,-15.874723815917946,6.142545253038406,6.059847697615624,-17.426916503906227,3.4805112170870416
2025,2020-04-25 10:00:00,-15.441667883333333,5.082699164698095,-17.021520996093727,3.7921886444091797,-16.596388244628884,-15.753187561035134,6.124383360147476,6.053677812218666,,
2026,2020-04-25 11:00:00,-14.885223838888889,4.760416983196563,-16.486975097656227,3.9146149158477783,-16.58379211425779,-15.68016662597654,6.1305932849645615,6.047239512205124,,
2027,2020-04-25 12:00:00,-14.481656130555557,5.757235406888978,-16.203100585937477,4.003956317901611,-16.517980957031227,-15.636480712890602,6.171454921364784,6.021038860082626,-16.203085327148415,3.939801310771145
2028,2020-04-25 13:00:00,-14.388640258333334,5.9049819771973375,-16.151556396484352,3.7681312561035156,-16.501379394531227,-15.664099121093727,6.283255130052567,6.175725594162941,,
2029,2020-04-25 14:00:00,-14.55455803611111,6.132284889143686,-16.174627685546852,3.7416560649871826,-16.44470062255857,-15.684790039062477,6.492203310132027,6.417672485113144,,
2030,2020-04-25 15:00:00,-14.119089547222224,6.528950576105192,-16.328283691406227,3.785109281539917,-16.293600463867165,-15.66197814941404,6.607490420341492,6.773185461759567,-16.328283691406227,3.316444612981286
2031,2020-04-25 16:00:00,-13.691641222222223,6.393981100095075,-16.738745117187477,3.3755829334259033,-16.174169921874977,-15.700117492675759,6.834656327962875,7.121711373329163,,
2032,2020-04-25 17:00:00,-14.113315741666666,6.730514197558065,-16.980688476562477,4.090099334716797,-16.056097412109352,-15.765478515624977,6.9288040548563,7.356014311313629,,
2033,2020-04-25 18:00:00,-14.635638316666665,5.378608914293124,-17.195501708984352,4.45267391204834,-16.01170196533195,-15.78258361816404,6.880025491118431,7.424290254712105,-17.19548645019529,4.513886975124478
2034,2020-04-25 19:00:00,-15.288464533333334,4.75805201007205,-17.25939025878904,4.6124043464660645,-15.903105163574196,-15.763006591796852,6.896541342139244,7.516117438673973,,
2035,2020-04-25 20:00:00,-15.666837158333331,5.0405715229552905,-17.59099426269529,4.643250465393066,-15.723242187499977,-15.681822204589821,7.054677829146385,7.620645195245743,,
2036,2020-04-25 21:00:00,-15.954657241666666,5.411212265422193,-18.054937744140602,4.399924278259277,-15.692701721191384,-15.599043273925759,7.257252782583237,7.674612700939178,-18.05490722656248,4.191547684487887
2037,2020-04-25 22:00:00,-16.332211716666666,4.848857524916602,-18.386846923828102,4.388357162475586,-15.806562805175759,-15.68358459472654,7.550058349967003,7.755739599466324,,
2038,2020-04-25 23:00:00,-16.658432030555556,4.725662863292194,-18.48680725097654,4.514725685119629,-15.76628723144529,-15.832975769042946,7.808968007564545,7.976017713546753,,
2039,2020-04-26 00:00:00,-16.691687569444444,4.943064789072127,-18.673544311523415,4.446869373321533,-15.65001525878904,-15.757666015624977,8.130894973874092,7.919102370738983,-18.73210754394529,4.105600818293169
2040,2020-04-26 01:00:00,-16.818401380555553,4.74055432245666,-19.087316894531227,4.090325832366943,-15.602278137207009,-15.422018432617165,8.242704331874847,7.5691637098789215,,
2041,2020-04-26 02:00:00,-17.145094922222224,4.316108100902196,-19.18309631347654,4.168723106384277,-15.483061218261696,-15.10381164550779,8.199450612068176,7.109272032976151,,
2042,2020-04-26 03:00:00,-17.595090111111112,4.024393948047109,-19.19737854003904,4.286311149597168,-15.55034484863279,-14.834364318847634,8.032588109374046,6.891304701566696,-19.19737854003904,4.1809914752375335
2043,2020-04-26 04:00:00,-17.848060430555552,4.562363480474285,-19.05248107910154,4.134833335876465,-15.824362182617165,-14.689695739746071,7.747878611087799,6.9365222454071045,,
2044,2020-04-26 05:00:00,-17.48092866944444,4.758817062742261,-18.898291015624977,3.8382210731506348,-16.00059356689451,-14.639379882812477,7.494786337018013,7.079941600561142,,
2045,2020-04-26 06:00:00,-17.335682469444443,3.840376002290028,-18.63323059082029,3.9321088790893555,-15.916021728515602,-14.618345642089821,7.461676314473152,7.255643978714943,-18.531652832031227,3.917130297282711
2046,2020-04-26 07:00:00,-17.179733005555555,5.119704525074808,-18.274694824218727,4.155682563781738,-15.79405822753904,-14.588507080078102,7.003466948866844,7.378009676933289,,
2047,2020-04-26 08:00:00,-16.891933447222225,4.458425758201131,-17.78667297363279,4.175739765167236,-15.632582092285134,-14.699980163574196,6.479371294379234,7.255962923169136,,
2048,2020-04-26 09:00:00,-16.514708747222222,3.924545120828546,-17.25108947753904,3.6268625259399414,-15.446989440917946,-14.63390197753904,6.14867989718914,6.9508956372737885,-17.251074218749977,2.606628397013992
2049,2020-04-26 10:00:00,-16.190937141666666,3.7846579468396566,-17.157125854492165,2.8128504753112793,-15.298544311523415,-14.505445861816384,5.994353383779526,6.653820678591728,,
2050,2020-04-26 11:00:00,-15.53433803611111,3.7907479989839223,-16.639929199218727,2.69132399559021,-15.120237731933571,-14.387663269042946,5.83442597091198,6.380131766200066,,
2051,2020-04-26 12:00:00,-15.361118138888889,3.6067811719222114,-16.365881347656227,2.513712167739868,-14.873167419433571,-14.30351867675779,5.477992445230484,5.541639178991318,-16.365850830078102,2.1392864296212792
2052,2020-04-26 13:00:00,-15.425142644444444,3.2381487761901013,-16.691656494140602,2.216697931289673,-14.76415100097654,-14.240950012207009,5.165704049170017,4.76114709675312,,
2053,2020-04-26 14:00:00,-15.416861461111111,3.2708354408778977,-16.584295654296852,2.2959322929382324,-14.759054565429665,-14.208189392089821,4.925385013222694,4.565144032239914,,
2054,2020-04-26 15:00:00,-15.413449372222223,2.945000644143503,-16.710577392578102,2.184900999069214,-14.796224975585915,-14.211248779296852,4.697760716080666,4.508403658866882,-16.71056213378904,1.688996744749602
2055,2020-04-26 16:00:00,-15.369990783333336,2.6586974151585707,-17.804525756835915,1.8726662397384644,-14.896131896972634,-14.27001037597654,4.384993493556976,4.301970303058624,,
2056,2020-04-26 17:00:00,-15.54358386388889,1.9466532971497355,-18.159399414062477,1.8188602924346924,-15.043127441406284,-14.362005615234352,4.042705565690994,4.055471658706665,,
2057,2020-04-26 18:00:00,-15.722217455555556,1.7476762944447595,-18.727941894531227,1.6459314823150635,-15.229048156738259,-14.499304199218727,3.79037755727768,3.7563957273960114,-18.727941894531227,1.185097717680037
2058,2020-04-26 19:00:00,-16.230084316666666,2.083659093191855,-19.796240234374977,1.360945701599121,-15.438337707519509,-14.669004821777321,3.700957790017128,3.618849501013756,,
2059,2020-04-26 20:00:00,-16.914735408333335,2.424024391760001,-20.414755249023415,1.2575478553771973,-15.67009582519529,-14.865927124023415,3.474852278828621,3.4564653635025024,,
2060,2020-04-26 21:00:00,-17.510082997222224,1.7990513602568574,-20.947515869140602,1.1722216606140137,-15.920538330078102,-15.056982421874977,3.1136101484298706,3.129882082343101,-20.94748535156248,1.176140580122592
2061,2020-04-26 22:00:00,-17.781130341666664,1.1149267189330805,-20.619085693359352,1.5971105098724365,-16.158964538574196,-15.189642333984352,2.791707679629326,2.8397748172283173,,
2062,2020-04-26 23:00:00,-18.367212463888887,1.0658670950730054,-20.510458374023415,1.8082410097122192,-16.353918457031227,-15.236647033691384,2.524354189634323,2.4992889165878296,,
2063,2020-04-27 00:00:00,-19.82388732777778,2.646690154826962,-20.792257690429665,2.006606340408325,-16.45117034912107,-15.230711364746071,2.584850326180458,2.393437057733536,-20.7922424316406,2.0101562017807737
2064,2020-04-27 01:00:00,-19.657109913888892,2.8319980054977933,-20.86736145019529,2.279273509979248,-16.44293060302732,-15.248182678222634,2.822750151157379,2.5489643961191177,,
2065,2020-04-27 02:00:00,-19.270851480555557,3.4354109152917904,-20.249884033203102,2.864933729171753,-16.353407287597634,-15.331999206542946,2.967496559023857,2.7309978753328323,,
2066,2020-04-27 03:00:00,-18.9618802,3.0890210856168054,-19.716513061523415,3.045011520385742,-16.255072021484352,-15.325895690917946,3.159330874681473,2.9936861991882324,-19.717474365234352,3.0783811865840107
2067,2020-04-27 04:00:00,-17.95911151388889,3.7346749649928306,-19.104772949218727,3.5250442028045654,-16.263922119140602,-15.179998779296852,3.468592643737793,3.279868885874748,,
2068,2020-04-27 05:00:00,-17.302141819444444,3.3831368567253652,-18.42748107910154,3.734375,-16.33610382080076,-14.905798339843727,3.6878372132778168,3.532790347933769,,
2069,2020-04-27 06:00:00,-17.134119111111115,3.410688787661666,-17.786825561523415,3.889198064804077,-16.367712402343727,-14.639768981933571,3.9679048731923103,3.5579439103603363,-17.78679504394529,3.8296128945657983
2070,2020-04-27 07:00:00,-16.84735756111111,4.371558379562529,-17.045141601562477,4.479881763458252,-16.36022033691404,-14.401754760742165,4.446192890405655,3.741526067256928,,
2071,2020-04-27 08:00:00,-15.893122061111109,5.145570924453843,-16.358312988281227,4.981337070465088,-16.32604827880857,-14.140234374999977,5.020786255598068,4.003702402114868,,
2072,2020-04-27 09:00:00,-15.148049949999999,5.686294865170669,-15.744665527343727,5.318611145019531,-16.074720764160134,-13.868635559081952,5.67034587264061,4.382027670741081,-15.744650268554665,4.642621195933316
2073,2020-04-27 10:00:00,-14.328950622222223,6.31609690367554,-15.662939453124977,5.434409141540527,-15.896932983398358,-13.604391479492165,6.144091844558716,4.611225187778473,,
2074,2020-04-27 11:00:00,-13.620639644444443,7.104865717455728,-15.173834228515602,5.965791702270508,-15.90019836425779,-13.375021362304665,6.332710534334183,4.548721119761467,,
2075,2020-04-27 12:00:00,-12.961698458333332,7.389033258528865,-14.792700195312477,6.708868026733398,-15.751654052734352,-13.179449462890602,6.496142715215683,4.901015043258667,-14.791693115234352,6.61668136442313
2076,2020-04-27 13:00:00,-12.532438258333334,7.7521398840781055,-14.977606201171852,7.177613258361816,-15.529943847656284,-13.051573181152321,6.768792659044266,5.028146550059319,,
2077,2020-04-27 14:00:00,-11.93674745,8.02344801576924,-14.563330078124977,7.712949752807617,-15.244024658203102,-13.01842346191404,7.0913547575473785,5.846247225999832,,
2078,2020-04-27 15:00:00,-11.5904861,8.431096523438436,-14.316961669921852,7.944673538208008,-15.042585754394509,-13.048292541503884,7.404617354273796,6.429471045732498,-14.39604797363279,
2079,2020-04-27 16:00:00,-11.769136483333334,,-14.284613037109352,8.17422103881836,-14.809835815429665,-13.101362609863259,7.889332696795464,7.325937151908874,,
2080,2020-04-27 17:00:00,,,-14.028173828124977,8.243781089782715,-14.393377685546852,-13.187078857421852,8.372207969427109,8.234190613031387,,
2081,2020-04-27 18:00:00,,,-13.262243652343727,8.816706657409668,-14.094862365722634,-13.208036804199196,8.733250230550766,8.442762553691864,,
2082,2020-04-27 19:00:00,,,-12.884680175781227,8.376965522766113,-13.93346252441404,-13.020536804199196,8.638951912522316,8.497798219323158,,
2083,2020-04-27 20:00:00,,,-12.256842041015602,8.890438079833984,-14.064375305175759,-12.885603332519509,8.57332156598568,8.592353641986847,,
2084,2020-04-27 21:00:00,,,-11.683966064453102,8.897655487060547,-14.215818786621071,-13.128820800781227,8.933637157082558,8.986836314201355,,
2085,2020-04-27 22:00:00,,,-10.829138183593727,8.961207389831543,-14.182440185546852,-13.16551818847654,9.149626791477203,9.205638632178308,,
2086,2020-04-27 23:00:00,,,-10.128332519531227,9.716229438781738,-13.91802062988279,-12.877035522460915,9.241422563791277,9.374191105365751,,
2087,2020-04-28 00:00:00,,,-9.678808593749977,10.229853630065918,-13.458807373046852,-12.495848083496071,9.525566816329956,9.806415781378746,,
2088,2020-04-28 01:00:00,,,-8.610449218749977,10.966992378234863,-12.941755676269509,-12.109785461425759,9.933972790837288,10.12149003148079,,
2089,2020-04-28 02:00:00,,,-8.023535156249977,11.392255783081055,-12.575605773925759,-11.391844177246071,10.132599011063576,10.34369233250618,,
2090,2020-04-28 03:00:00,,,-7.545324707031227,11.44093132019043,-12.207792663574196,-11.024999999999977,10.504323840141296,10.810507506132126,,
2091,2020-04-28 04:00:00,,,-6.954931640624977,11.47568130493164,-11.929693603515602,-10.832159423828102,10.772122710943222,11.147313579916954,,
2092,2020-04-28 05:00:00,,,-6.617620849609352,11.366260528564453,-11.503256225585915,-10.374731445312477,10.95125088095665,11.342796206474304,,
2093,2020-04-28 06:00:00,,,-6.089270019531227,11.196921348571777,-10.858335876464764,-9.476148986816384,11.423493057489395,11.731521561741827,,
2094,2020-04-28 07:00:00,,,-5.590063476562477,11.745477676391602,-10.344313049316384,-8.729704284667946,11.956357315182686,11.513972833752632,,
2095,2020-04-28 08:00:00,-4.577081236111112,11.510931923650054,-5.185919189453102,11.485589981079102,-9.890447998046852,-8.316664123535134,12.359754905104635,11.746520444750786,,
2096,2020-04-28 09:00:00,-4.3907536474999995,11.501391131936018,-4.448583984374977,11.679350852966309,-9.51225891113279,-8.119223022460915,12.318723648786545,11.963017165660858,-4.50816955566404,11.602838013903238
2097,2020-04-28 10:00:00,-3.963724097777778,10.82970228027571,-4.095709228515602,12.01974105834961,-9.365812683105446,-7.963888549804665,11.680495038628578,11.583012133836746,,
2098,2020-04-28 11:00:00,-3.6169036019444447,10.470960684979937,-3.7129882812499773,11.005767822265625,-9.295988464355446,-7.983648681640602,11.00206808745861,11.2421193420887,,
2099,2020-04-28 12:00:00,-3.6646304511111105,10.553454660120748,-3.7884277343749773,10.143747329711914,-9.285498046874977,-8.162031555175759,10.304622605443,10.745010152459145,-3.7884124755859143,9.74826097622281
2100,2020-04-28 13:00:00,-4.259748891666666,11.43660304318554,-3.7221435546874773,9.622916221618652,-9.299482727050759,-8.278883361816384,9.993327111005785,10.278442561626434,,
2101,2020-04-28 14:00:00,-5.11811782,9.91303256441865,-4.066931152343727,8.938639640808105,-9.261862182617165,-8.291937255859352,10.095335721969604,10.27852912247181,,
2102,2020-04-28 15:00:00,-5.942405167777777,8.287139057822118,-5.678442382812477,8.65251636505127,-9.216032409667946,-8.161329650878884,9.905796259641647,10.296587854623796,-5.678427124023415,8.583786369417794
2103,2020-04-28 16:00:00,-6.799815537222222,7.847832977182417,-5.962866210937477,7.548275947570801,-9.03710021972654,-7.9485916137695085,9.62174353003502,9.72250998020172,,
2104,2020-04-28 17:00:00,-7.509239345,7.043708858194112,-6.080633544921852,8.313636779785156,-8.81914367675779,-7.77776184082029,9.019923880696297,9.384293019771576,,
2105,2020-04-28 18:00:00,-7.983674680555556,6.813468755768906,-6.291052246093727,7.20971155166626,-8.650457763671852,-7.644438171386696,8.593800604343414,8.830408841371536,-6.291021728515602,7.342002848163247
2106,2020-04-28 19:00:00,-8.612162791666668,6.073693402087584,-6.344763183593727,6.674877643585205,-8.56157531738279,-7.656469726562477,7.996733754873276,8.511449873447418,,
2107,2020-04-28 20:00:00,-9.355029308611112,6.038510697713849,-6.454077148437477,6.246750354766846,-8.560057067871071,-7.896948242187477,7.441607311367989,7.544724255800247,,
2108,2020-04-28 21:00:00,-9.385916854444444,5.390005773533706,-6.626501464843727,5.508274078369141,-8.614424133300759,-8.253462219238259,7.186929225921631,6.798123106360436,-6.627478027343727,5.369660608586855
2109,2020-04-28 22:00:00,-9.233266736666666,4.998076504921028,-6.845190429687477,4.844795227050781,-8.712217712402321,-8.511701965331952,6.614160120487213,6.015982240438461,,
2110,2020-04-28 23:00:00,-9.140869028888888,3.8239291706888707,-7.000097656249977,4.76005744934082,-8.831922912597634,-8.593153381347634,6.033113807439804,5.33631643652916,,
2111,2020-04-29 00:00:00,-9.213191561388888,3.8487693511426717,-7.087194824218727,4.449463367462158,-8.97612609863279,-8.604795837402321,5.670643374323845,5.056970506906509,-7.08617248535154,4.303726738435216
2112,2020-04-29 01:00:00,-9.182504939166666,4.382122415058631,-7.008856201171852,4.243292808532715,-9.107527160644509,-8.548780822753884,5.722405001521111,5.041399329900742,,
2113,2020-04-29 02:00:00,-9.290199667222224,3.84206558808005,-7.127111816406227,3.592707395553589,-9.22313537597654,-8.450697326660134,5.663861811161041,5.075389042496681,,
2114,2020-04-29 03:00:00,-9.32103026,3.0493632949261653,-7.618688964843727,2.7063069343566895,-9.229246520996071,-8.341017150878884,5.608205050230026,5.093996614217758,-7.618673706054665,2.747731627896428
2115,2020-04-29 04:00:00,-9.40378584361111,4.043025236566727,-7.686560058593727,3.0511491298675537,-9.184599304199196,-8.233969116210915,5.450028285384178,4.973039150238037,,
2116,2020-04-29 05:00:00,-8.92449021361111,4.798338151069379,-7.835729980468727,3.1157314777374268,-9.090399169921852,-8.208105468749977,5.198288753628731,4.932628631591797,,
2117,2020-04-29 06:00:00,-8.476912185277778,4.998514264841863,-8.058996582031227,4.2234697341918945,-9.00231018066404,-8.378500366210915,5.00107154250145,5.011232689023018,-8.058981323242165,4.085471948143095
2118,2020-04-29 07:00:00,-8.025624386388888,4.491655321224525,-8.282141113281227,4.610618591308594,-9.125875854492165,-8.729231262207009,4.644922167062759,4.771371394395828,,
2119,2020-04-29 08:00:00,-8.24097244138889,4.91900220910073,-8.238256835937477,5.567224025726318,-9.592512512207009,-9.170683288574196,4.634523794054985,4.920498177409172,,
2120,2020-04-29 09:00:00,-9.4666761325,5.793765037396877,-8.360449218749977,6.717960834503174,-10.308729553222634,-9.673422241210915,5.28897388279438,5.3435754626989365,-8.295965576171852,6.597623136360198
2121,2020-04-29 10:00:00,-10.896313408333334,6.635964741587451,-8.556494140624977,6.8553900718688965,-10.969755554199196,-10.247702026367165,6.127068758010864,5.935180604457855,,
2122,2020-04-29 11:00:00,-10.993138305555554,6.6891272684500125,-8.868505859374977,7.2951979637146,-11.228910827636696,-10.68150939941404,6.7126395255327225,6.611652046442032,,
2123,2020-04-29 12:00:00,-10.917918466666668,7.247559851921774,-9.254492187499977,7.767399311065674,-11.118551635742165,-10.764837646484352,7.244734197854996,7.260802447795868,-9.254492187499975,7.341140756499954
2124,2020-04-29 13:00:00,-11.024336988888889,7.206995484858066,-9.171972656249977,7.250396728515625,-11.041052246093727,-10.81835021972654,7.653104946017265,7.581106618046761,,
2125,2020-04-29 14:00:00,-11.376309063888888,7.137201822808371,-9.330969238281227,7.231912612915039,-11.113973999023415,-11.014830017089821,7.762304499745369,7.748837918043137,,
2126,2020-04-29 15:00:00,-11.404984172222221,7.012737983065034,-9.832678222656227,7.105621337890625,-11.11778869628904,-11.228247070312477,7.75674294680357,8.003492757678032,-9.809225463867165,7.210165300581139
2127,2020-04-29 16:00:00,-11.205977080555556,6.214886027028451,-10.712438964843727,7.429571628570557,-11.108358764648358,-11.433622741699196,7.71949265897274,7.918802559375763,,
2128,2020-04-29 17:00:00,-11.61613826388889,7.056208619289734,-11.364782714843727,8.077860832214355,-11.487265014648358,-11.67101135253904,7.496557682752609,7.8171291053295135,,
2129,2020-04-29 18:00:00,-12.357367416666667,7.62302464990795,-11.715063476562477,7.491958141326904,-12.059515380859352,-11.822492980957009,7.221806019544601,7.963277161121368,-11.71562805175779,7.529779737640638
2130,2020-04-29 19:00:00,-12.945853511111112,7.418971397209197,-12.029760742187477,7.0825653076171875,-12.52666320800779,-11.965826416015602,7.621097594499588,7.858697652816772,,
2131,2020-04-29 20:00:00,-13.316753194444445,6.247238969800658,-12.347509765624977,6.4221320152282715,-12.737188720703102,-11.951544189453102,7.761996150016785,7.909346967935562,,
2132,2020-04-29 21:00:00,-13.45216576388889,5.878046341797988,-12.551824951171852,6.732160568237305,-12.831991577148358,-11.71752014160154,7.872796922922134,7.888870120048523,-12.55278625488279,6.453681169077754
2133,2020-04-29 22:00:00,-13.410730719444443,5.912162368238746,-13.052648925781227,5.494791030883789,-12.886579895019509,-11.764707946777321,8.033721566200256,7.831023320555687,,
2134,2020-04-29 23:00:00,-13.632206105555555,6.4708355452375015,-13.366552734374977,4.766190528869629,-12.952574157714764,-12.141806030273415,8.137139648199081,7.920057654380798,,
2135,2020-04-30 00:00:00,-14.136649002777778,5.793234741734671,-13.416357421874977,5.216205596923828,-13.161482238769509,-12.521803283691384,8.194849491119385,7.904622793197632,-13.416342163085917,5.007457132451236
2136,2020-04-30 01:00:00,-14.966930530555556,6.782020179661196,-13.584997558593727,4.975561141967773,-13.260351562499977,-12.739393615722634,8.186322540044785,7.946149259805679,,
2137,2020-04-30 02:00:00,-15.407182780555553,6.696150766690844,-13.022741699218727,6.13948392868042,-13.25487365722654,-12.842726135253884,7.990333586931229,7.728877425193787,,
2138,2020-04-30 03:00:00,-15.926121233333333,4.790184905154315,-13.255438232421852,5.607662200927734,-13.298200988769509,-12.782865905761696,7.619076818227768,7.390223264694214,-13.185095214843727,5.644077591714449
2139,2020-04-30 04:00:00,-16.268315688888887,5.795153310473963,-13.808020019531227,4.599555015563965,-13.256964111328102,-12.612455749511696,7.588035687804222,7.523759931325912,,
2140,2020-04-30 05:00:00,-16.212885866666667,4.9860575797537905,-14.210302734374977,5.1971564292907715,-13.199957275390602,-12.444158935546852,7.924309939146042,7.534247696399689,,
2141,2020-04-30 06:00:00,-15.896820763888888,4.801768955838708,-14.223852539062477,5.545709609985352,-13.002569580078102,-12.302893066406284,8.378764107823372,7.904073402285576,-14.223852539062475,5.263291978510097
2142,2020-04-30 07:00:00,-15.428272649999998,4.831349697101863,-14.182745361328102,5.528501033782959,-12.723860168457009,-12.173239135742165,8.728422567248344,8.19855184853077,,
2143,2020-04-30 08:00:00,-14.928354361111111,4.656733255711528,-13.995611572265602,5.834186553955078,-12.51408996582029,-12.000921630859352,9.171167865395546,8.54053145647049,,
2144,2020-04-30 09:00:00,-14.465753419444445,5.805564725462879,-13.836401367187477,6.230400085449219,-12.354597473144509,-11.848730468749977,9.69233125448227,9.19839569926262,-13.836386108398417,5.56242213502992
2145,2020-04-30 10:00:00,-14.039166405555555,5.781399928367885,-13.684179687499977,5.84454345703125,-12.222021484374977,-11.679502868652321,10.111670285463331,9.786951631307602,,
2146,2020-04-30 11:00:00,-13.566859780555555,6.3612281844590335,-13.356939697265602,6.054421901702881,-12.022001647949196,-11.509687805175759,10.354596495628355,10.013784170150757,,
2147,2020-04-30 12:00:00,-13.324270541666666,5.916519792198751,-12.994268798828102,5.869531631469727,-11.857748413085915,-11.399023437499977,9.941422134637833,9.160955876111984,-12.97960510253904,5.595805686665699
2148,2020-04-30 13:00:00,-12.896369044444443,4.842338168450279,-12.579046630859352,6.0066237449646,-11.913130187988259,-11.335646057128884,8.738048315048218,7.75692754983902,,
2149,2020-04-30 14:00:00,-12.640519941666668,4.661482183893968,-11.861883544921852,5.9712371826171875,-12.052214050292946,-11.292700195312477,6.969308868050575,6.816354870796204,,
2150,2020-04-30 15:00:00,-12.46203771388889,4.808813887506004,-11.661474609374977,5.615076065063477,-12.11498107910154,-11.23656311035154,6.551262423396111,6.504072919487953,-11.711264038085917,5.5202649750281125
2151,2020-04-30 16:00:00,-12.056969777777779,3.8817887428172617,-11.921240234374977,5.305535316467285,-12.258886718749977,-11.03148498535154,6.668122380971909,6.262423947453499,,
2152,2020-04-30 17:00:00,-12.002872850000003,3.4144523021120174,-11.579931640624977,5.586779594421387,-12.301878356933571,-10.899877929687477,6.32696245610714,5.959427163004875,,
2153,2020-04-30 18:00:00,-12.392893369444442,3.551285586316297,-11.597265624999977,5.814828872680664,-12.454039001464764,-11.003157043457009,6.006396770477295,5.438725501298904,-11.597250366210917,5.267024106637109
2154,2020-04-30 19:00:00,-12.481518186111112,4.955361876098771,-11.856268310546852,5.127285003662109,-12.666906738281227,-11.365263366699196,5.356503337621689,5.28537979722023,,
2155,2020-04-30 20:00:00,-13.048337225000003,4.978141331751506,-11.839147949218727,5.24022912979126,-13.030950927734352,-11.711401367187477,4.807821661233902,5.369147628545761,,
2156,2020-04-30 21:00:00,-12.345919663888887,5.2513174305128,-11.797705078124977,5.338675022125244,-13.380865478515602,-11.998815917968727,4.829106032848358,5.191364914178848,-11.797674560546852,5.199607376824133
2157,2020-04-30 22:00:00,-12.610640033333334,4.378766211292425,-11.916204833984352,5.063227653503418,-13.676458740234352,-12.29741516113279,4.646450877189636,4.594268918037415,,
2158,2020-04-30 23:00:00,-12.303636852777778,4.373151182928988,-12.016943359374977,4.951473236083984,-13.975119018554665,-12.632933044433571,4.079630941152573,4.17194028198719,,
2159,2020-05-01 00:00:00,-12.368259083333335,3.860764524651372,-11.963049316406227,4.623705863952637,-14.213545227050759,-12.908201599121071,3.5899695456027985,3.997818067669869,-11.963034057617165,4.559802869218402
