,time,lat,lon,2t
0,2019-09-20 17:00:00,69.67955,18.996640000000014,276.1932144165039
1,2019-09-20 18:00:00,69.67955,18.99664999999999,276.11485290527344
2,2019-09-20 19:00:00,69.68378,19.025270000000006,276.13226318359375
3,2019-09-20 20:00:00,69.80262,19.411339999999996,271.85491943359375
4,2019-09-20 21:00:00,69.91434,19.895190000000014,272.0992660522461
5,2019-09-20 22:00:00,70.09253,20.230729999999994,273.63452911376953
6,2019-09-20 23:00:00,70.28971,20.439639999999997,273.72210693359375
7,2019-09-21 00:00:00,70.46332,20.80802,275.70838928222656
8,2019-09-21 01:00:00,70.63522,21.17132000000001,275.8272399902344
9,2019-09-21 02:00:00,70.81119,21.542360000000002,276.7802429199219
10,2019-09-21 03:00:00,70.9619,22.01044999999999,277.1511993408203
11,2019-09-21 04:00:00,71.1125,22.52036000000001,275.90535736083984
12,2019-09-21 05:00:00,71.26079,23.03522000000001,276.2307586669922
13,2019-09-21 06:00:00,71.40394,23.544450000000012,276.2965850830078
14,2019-09-21 07:00:00,71.54404,24.055209999999988,275.6019744873047
15,2019-09-21 08:00:00,71.67923,24.55958000000001,275.7081069946289
16,2019-09-21 09:00:00,71.81303,25.072120000000012,275.1340560913086
17,2019-09-21 10:00:00,71.94108,25.57423,274.96866607666016
18,2019-09-21 11:00:00,72.06317,26.06438,275.12146759033203
19,2019-09-21 12:00:00,72.14798,26.41001,275.04515075683594
20,2019-09-21 13:00:00,72.28545,26.85750999999999,274.2910919189453
21,2019-09-21 14:00:00,72.43329,27.34232,274.2023010253906
22,2019-09-21 15:00:00,72.58152,27.894110000000012,273.94225311279297
23,2019-09-21 16:00:00,72.74398,28.39975000000001,273.78465270996094
24,2019-09-21 17:00:00,72.89066,28.92401000000001,273.7006607055664
25,2019-09-21 18:00:00,73.03655,29.449810000000014,273.28365325927734
26,2019-09-21 19:00:00,73.17963,29.983389999999986,273.2693328857422
27,2019-09-21 20:00:00,73.32211,30.52913000000001,273.1772155761719
28,2019-09-21 21:00:00,73.46276,31.08256,273.07041931152344
29,2019-09-21 22:00:00,73.60168,31.643879999999996,273.15100860595703
30,2019-09-21 23:00:00,73.73809,32.209360000000004,272.87841033935547
31,2019-09-22 00:00:00,73.87609,32.79930000000002,272.6856231689453
32,2019-09-22 01:00:00,74.01256,33.399,272.7000045776367
33,2019-09-22 02:00:00,74.14396,33.99297999999999,272.7351379394531
34,2019-09-22 03:00:00,74.27761,34.614660000000015,272.7570037841797
35,2019-09-22 04:00:00,74.41307,35.26567,272.60706329345703
36,2019-09-22 05:00:00,74.54602,35.923550000000006,272.5769577026367
37,2019-09-22 06:00:00,74.67485,36.58058,272.325927734375
38,2019-09-22 07:00:00,74.80356,37.2603,272.3265609741211
39,2019-09-22 08:00:00,74.93098,37.95429999999999,271.37232971191406
40,2019-09-22 09:00:00,75.05481,38.65163000000001,271.4026412963867
41,2019-09-22 10:00:00,75.17563,39.35640999999998,271.2358856201172
42,2019-09-22 11:00:00,75.29393,40.068839999999994,271.3789825439453
43,2019-09-22 12:00:00,75.40777,40.777739999999994,272.09996795654297
44,2019-09-22 13:00:00,75.51823,41.490999999999985,272.3171844482422
45,2019-09-22 14:00:00,75.62692,42.21767,272.44690704345703
46,2019-09-22 15:00:00,75.73465,42.96285,272.4351272583008
47,2019-09-22 16:00:00,75.84079,43.72071,272.0251770019531
48,2019-09-22 17:00:00,75.9433,44.49020999999999,272.0231246948242
49,2019-09-22 18:00:00,76.04395,45.269499999999994,272.20704650878906
50,2019-09-22 19:00:00,76.13942,46.037859999999995,272.1608352661133
51,2019-09-22 20:00:00,76.23201,46.81399999999999,272.1001281738281
52,2019-09-22 21:00:00,76.3219,47.59904,271.40008544921875
53,2019-09-22 22:00:00,76.40849,48.38479000000001,271.2461166381836
54,2019-09-22 23:00:00,76.49318,49.18536,271.3842468261719
55,2019-09-23 00:00:00,76.57606,50.00448,270.1343994140625
56,2019-09-23 01:00:00,76.65608,50.83391,270.34757232666016
57,2019-09-23 02:00:00,76.73172,51.65111000000002,270.6731262207031
58,2019-09-23 03:00:00,76.80469,52.47719000000001,270.7953414916992
59,2019-09-23 04:00:00,76.87523,53.315889999999996,270.3608169555664
60,2019-09-23 05:00:00,76.94114,54.141520000000014,270.38353729248047
61,2019-09-23 06:00:00,77.03841,54.896270000000015,269.6090774536133
62,2019-09-23 07:00:00,77.16918,55.54668000000001,269.565185546875
63,2019-09-23 08:00:00,77.29086,56.22830999999999,269.52183532714844
64,2019-09-23 09:00:00,77.39976,56.920950000000005,269.29896545410156
65,2019-09-23 10:00:00,77.51162,57.638149999999996,269.2900848388672
66,2019-09-23 11:00:00,77.62489,58.371340000000004,269.818115234375
67,2019-09-23 12:00:00,77.73794,59.10919999999999,269.04422760009766
68,2019-09-23 13:00:00,77.84994,59.84746999999999,269.1154022216797
69,2019-09-23 14:00:00,77.96086,60.584599999999995,269.67503356933594
70,2019-09-23 15:00:00,78.07137,61.326040000000006,269.66004180908203
71,2019-09-23 16:00:00,78.1826,62.079679999999996,269.5316162109375
72,2019-09-23 17:00:00,78.29466,62.845489999999984,269.46714782714844
73,2019-09-23 18:00:00,78.40738,63.62313,269.3797607421875
74,2019-09-23 19:00:00,78.51854,64.39726000000002,269.23734283447266
75,2019-09-23 20:00:00,78.62929,65.17649,269.25939178466797
76,2019-09-23 21:00:00,78.73835,65.95028000000002,269.2981948852539
77,2019-09-23 22:00:00,78.84445,66.71087,269.2862243652344
78,2019-09-23 23:00:00,78.95201,67.48928000000001,269.37603759765625
79,2019-09-24 00:00:00,79.06006,68.27802,269.23223876953125
80,2019-09-24 01:00:00,79.16161,69.09532000000002,269.2652359008789
81,2019-09-24 02:00:00,79.26247,69.95997,269.2987976074219
82,2019-09-24 03:00:00,79.36694,70.86238,269.37522888183594
83,2019-09-24 04:00:00,79.4722,71.78125,269.5505905151367
84,2019-09-24 05:00:00,79.57664,72.70287000000002,269.08563232421875
85,2019-09-24 06:00:00,79.68288,73.64987000000002,269.1169662475586
86,2019-09-24 07:00:00,79.7929,74.63958,269.1438674926758
87,2019-09-24 08:00:00,79.92189,75.38209,269.1797180175781
88,2019-09-24 09:00:00,79.99599,76.42097000000001,268.33667755126953
89,2019-09-24 10:00:00,80.09275,77.35789999999997,268.97886657714844
90,2019-09-24 11:00:00,80.14151,78.40026999999998,269.10365295410156
91,2019-09-24 12:00:00,80.22707,79.29926,269.15345764160156
92,2019-09-24 13:00:00,80.37942,80.02594999999997,268.7874526977539
93,2019-09-24 14:00:00,80.49153,81.02305000000001,268.90108489990234
94,2019-09-24 15:00:00,80.61974,82.01835,269.12113189697266
95,2019-09-24 16:00:00,80.75415,83.07706999999999,268.8063278198242
96,2019-09-24 17:00:00,80.89116,84.17090000000002,269.0458984375
97,2019-09-24 18:00:00,81.02819,85.28127,269.21456146240234
98,2019-09-24 19:00:00,81.15928,86.35933,269.92433166503906
99,2019-09-24 20:00:00,81.29232,87.47012999999998,270.072998046875
100,2019-09-24 21:00:00,81.42716,88.59996999999998,270.31170654296875
101,2019-09-24 22:00:00,81.56421,89.74151999999998,270.519775390625
102,2019-09-24 23:00:00,81.65582,90.92428999999998,270.50208282470703
103,2019-09-25 00:00:00,81.60735,92.35090000000002,269.9836959838867
104,2019-09-25 01:00:00,81.55955,93.74592999999999,270.0972137451172
105,2019-09-25 02:00:00,81.51263,95.11095,270.20511627197266
106,2019-09-25 03:00:00,81.46448,96.50275999999997,270.2956085205078
107,2019-09-25 04:00:00,81.34058,97.59019999999998,270.4766159057617
108,2019-09-25 05:00:00,81.18693,98.51285999999999,270.50475311279297
109,2019-09-25 06:00:00,81.03714,99.14895999999999,270.5364685058594
110,2019-09-25 07:00:00,80.89872,99.92093999999997,270.6189651489258
111,2019-09-25 08:00:00,80.86184,100.99824999999998,270.9760437011719
112,2019-09-25 09:00:00,80.84129,101.80878000000001,271.15125274658203
113,2019-09-25 10:00:00,80.84415,102.63689999999997,271.2387161254883
114,2019-09-25 11:00:00,80.85939,103.30623000000003,271.21234130859375
115,2019-09-25 12:00:00,80.84614,104.00747000000001,271.0938720703125
116,2019-09-25 13:00:00,80.87118,104.66588999999999,270.288330078125
117,2019-09-25 14:00:00,80.93967,105.17797999999999,270.0226058959961
118,2019-09-25 15:00:00,81.02236,105.69472999999999,269.8546142578125
119,2019-09-25 16:00:00,81.06482,106.32364999999999,269.38973236083984
120,2019-09-25 17:00:00,81.06429,106.99130000000002,269.2902374267578
121,2019-09-25 18:00:00,81.03127,107.62092999999999,269.21473693847656
122,2019-09-25 19:00:00,81.05327,108.30513000000002,269.1653137207031
123,2019-09-25 20:00:00,81.0714,109.00704999999999,268.5551300048828
124,2019-09-25 21:00:00,81.12989,109.70206999999999,267.9597854614258
125,2019-09-25 22:00:00,81.21015,110.15007000000003,268.1323471069336
126,2019-09-25 23:00:00,81.26152,110.74399,268.2320785522461
127,2019-09-26 00:00:00,81.32203,111.44020999999998,267.83902740478516
128,2019-09-26 01:00:00,81.40883,112.03379000000001,268.0007553100586
129,2019-09-26 02:00:00,81.39206,112.63868000000002,268.1519088745117
130,2019-09-26 03:00:00,81.39535,112.63304,268.2732238769531
131,2019-09-26 04:00:00,81.39891,112.65649000000002,268.43961334228516
132,2019-09-26 05:00:00,81.407,113.07905,268.57357025146484
133,2019-09-26 06:00:00,81.4683,113.79572000000002,267.8490676879883
134,2019-09-26 07:00:00,81.55975,114.52177,267.7108917236328
135,2019-09-26 08:00:00,81.59384,115.44355000000002,267.5644302368164
136,2019-09-26 09:00:00,81.67498,116.48714000000001,267.3991241455078
137,2019-09-26 10:00:00,81.74633,117.11172999999997,266.9807891845703
138,2019-09-26 11:00:00,81.82274,117.71012999999999,266.78594970703125
139,2019-09-26 12:00:00,81.85928,118.36106999999998,266.63002014160156
140,2019-09-26 13:00:00,81.90313,119.07646999999997,266.2994384765625
141,2019-09-26 14:00:00,81.94088,119.47120999999999,266.30074310302734
142,2019-09-26 15:00:00,82.04427,119.77082999999999,266.1946487426758
143,2019-09-26 16:00:00,82.0626,119.43119000000002,265.89237213134766
144,2019-09-26 17:00:00,82.06467,119.27985000000001,265.5292434692383
145,2019-09-26 18:00:00,82.06656,119.29773999999998,265.26698303222656
146,2019-09-26 19:00:00,82.06302,119.28547000000003,265.1237106323242
147,2019-09-26 20:00:00,82.06351,119.28481999999997,265.02684783935547
148,2019-09-26 21:00:00,82.06454,119.27863000000002,264.86519622802734
149,2019-09-26 22:00:00,82.06282,119.27123,264.6650848388672
150,2019-09-26 23:00:00,82.06528,119.28361000000001,264.4624328613281
151,2019-09-27 00:00:00,82.07193,119.28395,264.3186264038086
152,2019-09-27 01:00:00,82.07839,119.28834,264.07250213623047
153,2019-09-27 02:00:00,82.08447,119.30709999999999,264.0027618408203
154,2019-09-27 03:00:00,82.09003,119.34863000000001,264.1148223876953
155,2019-09-27 04:00:00,82.01358,119.36002000000002,264.0734100341797
156,2019-09-27 05:00:00,81.9587,119.30763999999999,263.94908905029297
157,2019-09-27 06:00:00,81.95872,119.3123,263.8046417236328
158,2019-09-27 07:00:00,81.95675,119.30016999999998,263.6980743408203
159,2019-09-27 08:00:00,81.95734,119.76761999999997,263.67022705078125
160,2019-09-27 09:00:00,81.9556,119.77735000000001,263.6989288330078
161,2019-09-27 10:00:00,81.95898,119.73320999999999,263.89508056640625
162,2019-09-27 11:00:00,82.02665,119.91070000000002,264.2450408935547
163,2019-09-27 12:00:00,82.04598,120.22059000000002,264.6255111694336
164,2019-09-27 13:00:00,82.1482,120.04335000000003,264.9017639160156
165,2019-09-27 14:00:00,82.24383,119.85106000000002,265.0442810058594
166,2019-09-27 15:00:00,82.29635,119.43929000000003,265.1041793823242
167,2019-09-27 16:00:00,82.2624,118.88231999999999,264.8649368286133
168,2019-09-27 17:00:00,82.15183,119.15708000000001,265.2629089355469
169,2019-09-27 18:00:00,82.07592,119.55644999999998,265.42529296875
170,2019-09-27 19:00:00,82.07022,119.76301000000001,265.5756607055664
171,2019-09-27 20:00:00,82.06915,119.7656,265.4349365234375
172,2019-09-27 21:00:00,82.06873,119.75468000000001,265.3317413330078
173,2019-09-27 22:00:00,82.07665,119.71614,265.2236328125
174,2019-09-27 23:00:00,82.07191,119.64632,265.14441680908203
175,2019-09-28 00:00:00,82.07815,119.55565999999999,265.0838394165039
176,2019-09-28 01:00:00,82.09035,119.49727999999999,265.05818939208984
177,2019-09-28 02:00:00,82.09822,119.55947000000003,264.95509338378906
178,2019-09-28 03:00:00,82.10883,119.57391999999999,264.92356872558594
179,2019-09-28 04:00:00,82.15014,119.67779000000002,265.0130844116211
180,2019-09-28 05:00:00,82.23077,120.07479999999998,265.17850494384766
181,2019-09-28 06:00:00,82.33015,120.47023999999999,265.2921676635742
182,2019-09-28 07:00:00,82.45597,120.52585999999997,265.28245544433594
183,2019-09-28 08:00:00,82.56787,121.21147000000002,265.2546920776367
184,2019-09-28 09:00:00,82.65732,121.74149,265.0434799194336
185,2019-09-28 10:00:00,82.76724,122.03267,264.98988342285156
186,2019-09-28 11:00:00,82.85898,122.39533,264.81725311279297
187,2019-09-28 12:00:00,82.90819,122.93839000000003,264.5383834838867
188,2019-09-28 13:00:00,83.01568,123.43371000000002,264.68492889404297
189,2019-09-28 14:00:00,83.08311,124.04678000000001,264.4756393432617
190,2019-09-28 15:00:00,83.18634,124.62814000000003,264.21849060058594
191,2019-09-28 16:00:00,83.27913,125.34735999999998,264.08863067626953
192,2019-09-28 17:00:00,83.36799,125.85118999999997,264.4835433959961
193,2019-09-28 18:00:00,83.47084,126.00416000000001,264.4210433959961
194,2019-09-28 19:00:00,83.56778,126.40431000000001,264.42650604248047
195,2019-09-28 20:00:00,83.66563,126.79383999999999,264.41077423095703
196,2019-09-28 21:00:00,83.76252,127.17302000000001,264.0343017578125
197,2019-09-28 22:00:00,83.85358,127.71647000000002,263.9404983520508
198,2019-09-28 23:00:00,83.94145,128.31987000000004,263.79329681396484
199,2019-09-29 00:00:00,84.04065,128.54404,263.60391998291016
200,2019-09-29 01:00:00,84.15035,129.00275999999997,263.42215728759766
201,2019-09-29 02:00:00,84.18624,129.13993,263.1850280761719
202,2019-09-29 03:00:00,84.27307,129.81330000000003,263.26065826416016
203,2019-09-29 04:00:00,84.38129,129.19663000000003,263.0286331176758
204,2019-09-29 05:00:00,84.46889,128.82501000000002,262.9077682495117
205,2019-09-29 06:00:00,84.54231,128.60257000000001,262.86785888671875
206,2019-09-29 07:00:00,84.54212,128.57869,262.8520050048828
207,2019-09-29 08:00:00,84.54194,128.54467,262.8568420410156
208,2019-09-29 09:00:00,84.54153,128.57606999999996,262.8504409790039
209,2019-09-29 10:00:00,84.56433,129.42659000000003,262.9231719970703
210,2019-09-29 11:00:00,84.64691,129.88347999999996,262.826416015625
211,2019-09-29 12:00:00,84.69726,130.64989000000003,262.94866943359375
212,2019-09-29 13:00:00,84.7516,131.75887,262.9175491333008
213,2019-09-29 14:00:00,84.81248,132.88005999999996,262.8499755859375
214,2019-09-29 15:00:00,84.85457,134.10231,262.83663177490234
215,2019-09-29 16:00:00,84.89847,135.02484000000004,263.2151641845703
216,2019-09-29 17:00:00,84.95945,135.90913,263.3402328491211
217,2019-09-29 18:00:00,84.99068,136.86883,263.4120330810547
218,2019-09-29 19:00:00,85.06901,137.47298999999998,263.23458099365234
219,2019-09-29 20:00:00,85.12095,138.12873000000002,263.13375091552734
220,2019-09-29 21:00:00,85.11921,138.07856000000004,263.24324798583984
221,2019-09-29 22:00:00,85.11775,138.01511,263.4863739013672
222,2019-09-29 23:00:00,85.12397,138.03845,263.84873962402344
223,2019-09-30 00:00:00,85.12441,137.98648000000003,265.5059051513672
224,2019-09-30 01:00:00,85.12389,137.93745,265.93590545654297
225,2019-09-30 02:00:00,85.12301,137.89761,266.24061584472656
226,2019-09-30 03:00:00,85.12141,137.86352,266.42244720458984
227,2019-09-30 04:00:00,85.11902,137.83090000000004,266.45967864990234
228,2019-09-30 05:00:00,85.11599,137.79485999999997,266.40636444091797
229,2019-09-30 06:00:00,85.11249,137.75000999999997,266.35047912597656
230,2019-09-30 07:00:00,85.10904,137.69561,266.2970428466797
231,2019-09-30 08:00:00,85.10606,137.63396999999998,266.15303802490234
232,2019-09-30 09:00:00,85.10376,137.56843000000003,265.78038787841797
233,2019-09-30 10:00:00,85.10199,137.50477999999998,265.4439697265625
234,2019-09-30 11:00:00,85.10073,137.4468,265.2351531982422
235,2019-09-30 12:00:00,85.09931,137.39965,265.12622833251953
236,2019-09-30 13:00:00,85.09669,137.36571000000004,265.0495300292969
237,2019-09-30 14:00:00,85.09328,137.33839,264.9760208129883
238,2019-09-30 15:00:00,85.08916,137.31367,264.8527145385742
239,2019-09-30 16:00:00,85.08431,137.28808000000004,264.8596878051758
240,2019-09-30 17:00:00,85.07904,137.25707999999997,264.9196548461914
241,2019-09-30 18:00:00,85.07394,137.22141999999997,264.9746551513672
242,2019-09-30 19:00:00,85.06938,137.17949999999996,265.0215301513672
243,2019-09-30 20:00:00,85.06568,137.13248,265.0066604614258
244,2019-09-30 21:00:00,85.06311,137.08482000000004,265.00000762939453
245,2019-09-30 22:00:00,85.06171,137.03894000000003,265.00840759277344
246,2019-09-30 23:00:00,85.06115,136.99905,264.99462127685547
247,2019-10-01 00:00:00,85.06107,136.96708999999998,264.16668701171875
248,2019-10-01 01:00:00,85.06076,136.94462999999996,264.07179260253906
249,2019-10-01 02:00:00,85.06013,136.92835000000002,263.88868713378906
250,2019-10-01 03:00:00,85.05899,136.9169,263.75189208984375
251,2019-10-01 04:00:00,85.05725,136.90697,263.5736083984375
252,2019-10-01 05:00:00,85.05509,136.89400999999998,263.38401794433594
253,2019-10-01 06:00:00,85.05271,136.8766,263.25289154052734
254,2019-10-01 07:00:00,85.05054,136.85455000000002,263.09642028808594
255,2019-10-01 08:00:00,85.04901,136.82475,262.9959259033203
256,2019-10-01 09:00:00,85.04831,136.79309999999998,262.8831100463867
257,2019-10-01 10:00:00,85.04876,136.75887,262.68128204345703
258,2019-10-01 11:00:00,85.05005,136.72531000000004,262.54769134521484
259,2019-10-01 12:00:00,85.05188,136.69874,262.4187316894531
260,2019-10-01 13:00:00,85.05373,136.68084,262.222412109375
261,2019-10-01 14:00:00,85.05525,136.66841,262.07286834716797
262,2019-10-01 15:00:00,85.05623,136.66041,261.89855194091797
263,2019-10-01 16:00:00,85.05675,136.654,261.7076873779297
264,2019-10-01 17:00:00,85.05684,136.64547,261.57867431640625
265,2019-10-01 18:00:00,85.05681,136.63072999999997,261.42637634277344
266,2019-10-01 19:00:00,85.05694,136.60992999999996,261.22105407714844
267,2019-10-01 20:00:00,85.05752,136.58324,261.07080841064453
268,2019-10-01 21:00:00,85.06228,136.30239,260.9829406738281
269,2019-10-01 22:00:00,85.12386,135.17714,261.0116424560547
270,2019-10-01 23:00:00,85.11998,134.54922,261.07117462158203
271,2019-10-02 00:00:00,85.12265,134.52706999999998,261.0702209472656
272,2019-10-02 01:00:00,85.16646,134.41296,261.09014892578125
273,2019-10-02 02:00:00,85.16506,134.47377,261.20176696777344
274,2019-10-02 03:00:00,85.16672,134.47229,261.2802963256836
275,2019-10-02 04:00:00,85.1638,134.49252,261.3338851928711
276,2019-10-02 05:00:00,85.17085,134.40924,261.3480453491211
277,2019-10-02 06:00:00,85.16752,134.46452999999997,261.3746032714844
278,2019-10-02 07:00:00,85.16746,134.45119999999997,261.44835662841797
279,2019-10-02 08:00:00,85.16777,134.43306,261.4979019165039
280,2019-10-02 09:00:00,85.16875,134.40656,261.5277099609375
281,2019-10-02 10:00:00,85.16958,134.38349,261.6322021484375
282,2019-10-02 11:00:00,85.17145,134.35942999999997,261.7079162597656
283,2019-10-02 12:00:00,85.17341,134.34171000000003,261.7788848876953
284,2019-10-02 13:00:00,85.17614,134.3265,261.83988189697266
285,2019-10-02 14:00:00,85.17788,134.32151,261.9006576538086
286,2019-10-02 15:00:00,85.17921,134.31993,261.923828125
287,2019-10-02 16:00:00,85.18,134.31854999999996,261.98889923095703
288,2019-10-02 17:00:00,85.18016,134.31477,262.00621795654297
289,2019-10-02 18:00:00,85.18006,134.30622,261.95055389404297
290,2019-10-02 19:00:00,85.18003,134.2912,261.77032470703125
291,2019-10-02 20:00:00,85.18023,134.27070000000003,261.54000091552734
292,2019-10-02 21:00:00,85.18098,134.24450000000002,261.2247009277344
293,2019-10-02 22:00:00,85.18182,134.21799,260.91790771484375
294,2019-10-02 23:00:00,85.18284,134.19397000000004,260.7661361694336
295,2019-10-03 00:00:00,85.18421,134.17348000000004,260.5864486694336
296,2019-10-03 01:00:00,85.1856,134.15436999999997,260.5694122314453
297,2019-10-03 02:00:00,85.18676,134.13653,260.6978073120117
298,2019-10-03 03:00:00,85.18701,134.12018999999998,260.9233627319336
299,2019-10-03 04:00:00,85.18604,134.11338999999998,261.1287307739258
300,2019-10-03 05:00:00,85.15413,134.07517,261.3790969848633
301,2019-10-03 06:00:00,85.14625,134.00008000000003,261.6567840576172
302,2019-10-03 07:00:00,85.14507,133.97204999999997,261.9181594848633
303,2019-10-03 08:00:00,85.14355,133.94322999999997,262.1041030883789
304,2019-10-03 09:00:00,85.14203,133.91305,262.24639892578125
305,2019-10-03 10:00:00,85.14084,133.87553000000003,262.3186340332031
306,2019-10-03 11:00:00,85.13623,133.89783,262.3511734008789
307,2019-10-03 12:00:00,85.13583,133.85095,262.3414306640625
308,2019-10-03 13:00:00,85.13579,133.80523,262.36561584472656
309,2019-10-03 14:00:00,85.13559,133.76117999999997,262.3591995239258
310,2019-10-03 15:00:00,85.13515,133.72033,262.3785400390625
311,2019-10-03 16:00:00,85.13404,133.68352,262.4336700439453
312,2019-10-03 17:00:00,85.13244,133.64204,262.49696350097656
313,2019-10-03 18:00:00,85.13074,133.59348,262.64878845214844
314,2019-10-03 19:00:00,85.12908,133.53818,262.8191604614258
315,2019-10-03 20:00:00,85.12753,133.47693000000004,263.0782928466797
316,2019-10-03 21:00:00,85.12631,133.40562999999997,263.2866439819336
317,2019-10-03 22:00:00,85.12541,133.32155,263.55858612060547
318,2019-10-03 23:00:00,85.12502,133.23712,263.83585357666016
319,2019-10-04 00:00:00,85.12514,133.15913999999998,264.0171127319336
320,2019-10-04 01:00:00,85.12736,133.07569,264.1755599975586
321,2019-10-04 02:00:00,85.12776,132.99400000000003,264.3272933959961
322,2019-10-04 03:00:00,85.12676,132.90677,264.49241638183594
323,2019-10-04 04:00:00,85.12674,132.84519,264.60616302490234
324,2019-10-04 05:00:00,85.1261,132.78461,264.6923065185547
325,2019-10-04 06:00:00,85.12532,132.71819,264.7560043334961
326,2019-10-04 07:00:00,85.12474,132.66823999999997,264.740966796875
327,2019-10-04 08:00:00,85.1256,132.61518999999998,264.6990280151367
328,2019-10-04 09:00:00,85.12768,132.51877000000002,264.61365509033203
329,2019-10-04 10:00:00,85.1267,132.5704,264.5693359375
330,2019-10-04 11:00:00,85.13365,133.28922,264.50659942626953
331,2019-10-04 12:00:00,85.12304,134.47389999999996,264.4842300415039
332,2019-10-04 13:00:00,85.10471,134.98885,264.43157958984375
333,2019-10-04 14:00:00,85.07638,134.40418,264.41918182373047
334,2019-10-04 15:00:00,85.07669,134.35127999999997,264.4197006225586
335,2019-10-04 16:00:00,85.07703,134.29845999999998,264.42376708984375
336,2019-10-04 17:00:00,85.07717,134.25239,264.4176559448242
337,2019-10-04 18:00:00,85.07721,134.20725,264.37467193603516
338,2019-10-04 19:00:00,85.07721,134.16321,264.38025665283203
339,2019-10-04 20:00:00,85.07743,134.1191,264.40540313720703
340,2019-10-04 21:00:00,85.07797,134.07452,264.37432861328125
341,2019-10-04 22:00:00,85.07909,134.03137000000004,264.34139251708984
342,2019-10-04 23:00:00,85.08069,133.99049000000002,264.25186920166016
343,2019-10-05 00:00:00,85.0828,133.95245999999997,264.2077102661133
344,2019-10-05 01:00:00,85.08521,133.91827,264.15638732910156
345,2019-10-05 02:00:00,85.08761,133.89094999999998,264.14215087890625
346,2019-10-05 03:00:00,85.08962,133.87144999999998,264.06690216064453
347,2019-10-05 04:00:00,85.09124,133.85546,264.03844451904297
348,2019-10-05 05:00:00,85.09228,133.84342000000004,263.9783935546875
349,2019-10-05 06:00:00,85.09294,133.83157,263.9429626464844
350,2019-10-05 07:00:00,85.09355,133.81642,263.8840103149414
351,2019-10-05 08:00:00,85.09408,133.79911000000004,263.9298095703125
352,2019-10-05 09:00:00,85.09485,133.78070000000002,263.91585540771484
353,2019-10-05 10:00:00,85.0959,133.76336000000003,263.9830017089844
354,2019-10-05 11:00:00,85.09732,133.74827,263.99910736083984
355,2019-10-05 12:00:00,85.09912,133.73699999999997,264.06348419189453
356,2019-10-05 13:00:00,85.10115,133.73005999999998,264.0752639770508
357,2019-10-05 14:00:00,85.10326,133.72731999999996,264.0535659790039
358,2019-10-05 15:00:00,85.10534,133.73003,264.0304412841797
359,2019-10-05 16:00:00,85.10708,133.73782,264.0146026611328
360,2019-10-05 17:00:00,85.10837,133.74738000000002,263.97845458984375
361,2019-10-05 18:00:00,85.1089,133.75694999999996,263.9275207519531
362,2019-10-05 19:00:00,85.10925,133.7636,263.8984680175781
363,2019-10-05 20:00:00,85.10929,133.76437999999996,263.88716888427734
364,2019-10-05 21:00:00,85.10928,133.76296000000002,263.90071868896484
365,2019-10-05 22:00:00,85.10929,133.76261,263.8966979980469
366,2019-10-05 23:00:00,85.10942,133.76432999999997,263.9168243408203
367,2019-10-06 00:00:00,85.10954,133.76641,263.8777542114258
368,2019-10-06 01:00:00,85.10955,133.77084000000002,263.8149948120117
369,2019-10-06 02:00:00,85.10957,133.78065000000004,263.7283935546875
370,2019-10-06 03:00:00,85.10949,133.79471999999998,263.6653137207031
371,2019-10-06 04:00:00,85.1092,133.80872,263.42529296875
372,2019-10-06 05:00:00,85.10855,133.82034,262.9753646850586
373,2019-10-06 06:00:00,85.10768,133.82813,262.47318267822266
374,2019-10-06 07:00:00,85.10659,133.83294999999998,262.0015106201172
375,2019-10-06 08:00:00,85.10537,133.83466999999996,261.5357208251953
376,2019-10-06 09:00:00,85.10426,133.83691999999996,261.07784271240234
377,2019-10-06 10:00:00,85.10342,133.84127,260.7462615966797
378,2019-10-06 11:00:00,85.10289,133.84783,260.6622314453125
379,2019-10-06 12:00:00,85.1025,133.85638,260.77266693115234
380,2019-10-06 13:00:00,85.10238,133.8671,260.9974594116211
381,2019-10-06 14:00:00,85.10234,133.88156000000004,261.1299362182617
382,2019-10-06 15:00:00,85.10227,133.89948000000004,261.23451232910156
383,2019-10-06 16:00:00,85.10209,133.92037,261.41234588623047
384,2019-10-06 17:00:00,85.10171,133.94471999999996,261.73182678222656
385,2019-10-06 18:00:00,85.10101,133.97171000000003,262.0914001464844
386,2019-10-06 19:00:00,85.09978,134.00131999999996,262.4004440307617
387,2019-10-06 20:00:00,85.09815,134.03053999999997,262.5603561401367
388,2019-10-06 21:00:00,85.09647,134.05420000000004,262.79297637939453
389,2019-10-06 22:00:00,85.09483,134.07491,263.0874710083008
390,2019-10-06 23:00:00,85.0933,134.09551999999996,263.3097457885742
391,2019-10-07 00:00:00,85.092,134.12032,263.4795227050781
392,2019-10-07 01:00:00,85.09101,134.14913,263.5419464111328
393,2019-10-07 02:00:00,85.09024,134.18183999999997,263.5998840332031
394,2019-10-07 03:00:00,85.08922,134.21825,263.5449447631836
395,2019-10-07 04:00:00,85.08784,134.25626,263.3077392578125
396,2019-10-07 05:00:00,85.08614,134.29676,263.01671600341797
397,2019-10-07 06:00:00,85.08402,134.33844,262.6569137573242
398,2019-10-07 07:00:00,85.08177,134.37826,262.3656692504883
399,2019-10-07 08:00:00,85.07924,134.41526,262.21471405029297
400,2019-10-07 09:00:00,85.07678,134.45082000000002,262.12525177001953
401,2019-10-07 10:00:00,85.07442,134.48828000000003,262.10618591308594
402,2019-10-07 11:00:00,85.07196,134.53425,262.2090148925781
403,2019-10-07 12:00:00,85.06937,134.59095000000002,262.47779083251953
404,2019-10-07 13:00:00,85.06647,134.65443,262.71583557128906
405,2019-10-07 14:00:00,85.06359,134.72001999999998,263.01993560791016
406,2019-10-07 15:00:00,85.0603,134.78880000000004,263.21189880371094
407,2019-10-07 16:00:00,85.05677,134.85404,263.2148971557617
408,2019-10-07 17:00:00,85.0529,134.91744,263.0927276611328
409,2019-10-07 18:00:00,85.04894,134.97992,262.9551467895508
410,2019-10-07 19:00:00,85.04492,135.04275,262.7693862915039
411,2019-10-07 20:00:00,85.04124,135.10512,262.5710754394531
412,2019-10-07 21:00:00,85.03797,135.17231000000004,262.57825469970703
413,2019-10-07 22:00:00,85.03489,135.25062000000003,262.8217239379883
414,2019-10-07 23:00:00,85.03112,135.34996999999998,263.2008361816406
415,2019-10-08 00:00:00,85.02707,135.4531,263.2923812866211
416,2019-10-08 01:00:00,85.02302,135.5568,263.6162567138672
417,2019-10-08 02:00:00,85.01872,135.66083000000003,263.8850784301758
418,2019-10-08 03:00:00,85.01393,135.76428999999996,264.1361846923828
419,2019-10-08 04:00:00,85.00873,135.86106,264.4051055908203
420,2019-10-08 05:00:00,85.00318,135.95175,264.71356201171875
421,2019-10-08 06:00:00,84.99728,136.03332999999998,265.0145034790039
422,2019-10-08 07:00:00,84.99113,136.10063000000002,265.31478118896484
423,2019-10-08 08:00:00,84.98482,136.15565000000004,265.63523864746094
424,2019-10-08 09:00:00,84.97849,136.19628999999998,265.9732971191406
425,2019-10-08 10:00:00,84.97228,136.21766000000002,266.32896423339844
426,2019-10-08 11:00:00,84.96587,136.22623999999996,266.6748046875
427,2019-10-08 12:00:00,84.95957,136.22656,266.90734100341797
428,2019-10-08 13:00:00,84.95397,136.22085000000004,266.92911529541016
429,2019-10-08 14:00:00,84.94885,136.21491000000003,266.788818359375
430,2019-10-08 15:00:00,84.9445,136.20838000000003,266.5462112426758
431,2019-10-08 16:00:00,84.9408,136.20387,266.2743148803711
432,2019-10-08 17:00:00,84.93744,136.20133999999996,265.91014099121094
433,2019-10-08 18:00:00,84.93415,136.20121,265.5107879638672
434,2019-10-08 19:00:00,84.93041,136.19852000000003,265.11096954345703
435,2019-10-08 20:00:00,84.92638,136.19078000000002,264.85076904296875
436,2019-10-08 21:00:00,84.9226,136.17651,264.7416229248047
437,2019-10-08 22:00:00,84.91906,136.15799000000004,264.7623291015625
438,2019-10-08 23:00:00,84.91588,136.13241,264.81080627441406
439,2019-10-09 00:00:00,84.91365,136.10305,264.85669708251953
440,2019-10-09 01:00:00,84.91195,136.07331999999997,264.85601806640625
441,2019-10-09 02:00:00,84.9107,136.04524000000004,264.8385772705078
442,2019-10-09 03:00:00,84.91018,136.02096,264.768798828125
443,2019-10-09 04:00:00,84.91026,136.00269000000003,264.6916046142578
444,2019-10-09 05:00:00,84.91014,135.99003,264.6068649291992
445,2019-10-09 06:00:00,84.91002,135.98194,264.51104736328125
446,2019-10-09 07:00:00,84.90944,135.97558000000004,264.3906555175781
447,2019-10-09 08:00:00,84.90833,135.96794999999997,264.2713623046875
448,2019-10-09 09:00:00,84.90681,135.95691999999997,264.10916900634766
449,2019-10-09 10:00:00,84.90548,135.94221,263.88578033447266
450,2019-10-09 11:00:00,84.90452,135.92521999999997,263.7016830444336
451,2019-10-09 12:00:00,84.90386,135.90962000000002,263.4933166503906
452,2019-10-09 13:00:00,84.90342,135.8947,263.3444366455078
453,2019-10-09 14:00:00,84.90331,135.88206000000002,263.19781494140625
454,2019-10-09 15:00:00,84.90374,135.8725,263.0688781738281
455,2019-10-09 16:00:00,84.90459,135.86465999999996,262.9195022583008
456,2019-10-09 17:00:00,84.90574,135.85722999999996,262.7688903808594
457,2019-10-09 18:00:00,84.90701,135.84839999999997,262.6252746582031
458,2019-10-09 19:00:00,84.90835,135.83691,262.39698791503906
459,2019-10-09 20:00:00,84.90946,135.81951000000004,262.16807556152344
460,2019-10-09 21:00:00,84.91043,135.79430000000002,261.88426208496094
461,2019-10-09 22:00:00,84.91127,135.76168,261.59765625
462,2019-10-09 23:00:00,84.91205,135.72194000000002,261.3674545288086
463,2019-10-10 00:00:00,84.91302,135.67641000000003,261.2240295410156
464,2019-10-10 01:00:00,84.91429,135.62791000000004,261.12291717529297
465,2019-10-10 02:00:00,84.91577,135.57798000000003,260.9411163330078
466,2019-10-10 03:00:00,84.91749,135.52772,260.78336334228516
467,2019-10-10 04:00:00,84.9194,135.48031000000003,260.61258697509766
468,2019-10-10 05:00:00,84.92108,135.43880000000001,260.45310974121094
469,2019-10-10 06:00:00,84.92204,135.40369999999996,260.1426315307617
470,2019-10-10 07:00:00,84.92231,135.37541999999996,259.7876739501953
471,2019-10-10 08:00:00,84.92186,135.35402999999997,259.5354690551758
472,2019-10-10 09:00:00,84.92085,135.32982000000004,259.3518753051758
473,2019-10-10 10:00:00,84.91952,135.30543,259.24591064453125
474,2019-10-10 11:00:00,84.91791,135.27835,259.24471282958984
475,2019-10-10 12:00:00,84.91639,135.25180999999998,259.2634506225586
476,2019-10-10 13:00:00,84.91506,135.22869000000003,259.24053955078125
477,2019-10-10 14:00:00,84.91389,135.21103,259.1648406982422
478,2019-10-10 15:00:00,84.91298,135.20256,259.2402572631836
479,2019-10-10 16:00:00,84.9122,135.20351,259.48946380615234
480,2019-10-10 17:00:00,84.91135,135.2135,259.90089416503906
481,2019-10-10 18:00:00,84.91027,135.23613,260.10575103759766
482,2019-10-10 19:00:00,84.90858,135.26756,260.1071014404297
483,2019-10-10 20:00:00,84.90624,135.30200000000002,260.18697357177734
484,2019-10-10 21:00:00,84.9032,135.34026,260.2603302001953
485,2019-10-10 22:00:00,84.89956,135.37928,260.1955337524414
486,2019-10-10 23:00:00,84.89513,135.41596000000004,259.9458465576172
487,2019-10-11 00:00:00,84.8904,135.44668000000001,260.01904296875
488,2019-10-11 01:00:00,84.88567,135.47118999999998,260.0449752807617
489,2019-10-11 02:00:00,84.88099,135.49041,259.97298431396484
490,2019-10-11 03:00:00,84.87687,135.50523999999996,259.9420394897461
491,2019-10-11 04:00:00,84.87344,135.52107999999998,260.0102767944336
492,2019-10-11 05:00:00,84.87073,135.54044,260.0275421142578
493,2019-10-11 06:00:00,84.86803,135.56583999999998,260.0644760131836
494,2019-10-11 07:00:00,84.86365,135.60118,260.1381301879883
495,2019-10-11 08:00:00,84.85842,135.63115,260.2101821899414
496,2019-10-11 09:00:00,84.85335,135.65038000000004,260.0762023925781
497,2019-10-11 10:00:00,84.84873,135.66011000000003,259.8667678833008
498,2019-10-11 11:00:00,84.84488,135.66445999999996,259.86744689941406
499,2019-10-11 12:00:00,84.8417,135.66647,259.99851989746094
500,2019-10-11 13:00:00,84.83919,135.671,260.1395492553711
501,2019-10-11 14:00:00,84.83728,135.68117,260.31754302978516
502,2019-10-11 15:00:00,84.83576,135.69983000000002,260.4567565917969
503,2019-10-11 16:00:00,84.8346,135.72354,260.5676956176758
504,2019-10-11 17:00:00,84.83366,135.75126999999998,260.6292037963867
505,2019-10-11 18:00:00,84.83232,135.78213,260.5498046875
506,2019-10-11 19:00:00,84.83078,135.80880000000002,260.3661117553711
507,2019-10-11 20:00:00,84.82918,135.82961,260.26776123046875
508,2019-10-11 21:00:00,84.82792,135.84388,260.1786422729492
509,2019-10-11 22:00:00,84.82723,135.8496,260.05804443359375
510,2019-10-11 23:00:00,84.8274,135.84721000000002,259.9864196777344
511,2019-10-12 00:00:00,84.82892,135.84010999999998,260.0020980834961
512,2019-10-12 01:00:00,84.83155,135.83463,260.0233688354492
513,2019-10-12 02:00:00,84.83514,135.83439999999996,260.0892105102539
514,2019-10-12 03:00:00,84.83927,135.83841,260.0956344604492
515,2019-10-12 04:00:00,84.84333,135.84265,260.09143829345703
516,2019-10-12 05:00:00,84.84704,135.8422,260.10877990722656
517,2019-10-12 06:00:00,84.85014,135.83774,260.0502243041992
518,2019-10-12 07:00:00,84.85251,135.82855,259.8328857421875
519,2019-10-12 08:00:00,84.85413,135.81286,259.6016159057617
520,2019-10-12 09:00:00,84.85513,135.78877,259.50057220458984
521,2019-10-12 10:00:00,84.85592,135.75538,259.302978515625
522,2019-10-12 11:00:00,84.85679,135.71227,259.0599136352539
523,2019-10-12 12:00:00,84.8579,135.66241000000002,258.8957977294922
524,2019-10-12 13:00:00,84.85929,135.61127999999997,258.7363510131836
525,2019-10-12 14:00:00,84.86091,135.5639,258.49688720703125
526,2019-10-12 15:00:00,84.86246,135.52504999999996,258.14808654785156
527,2019-10-12 16:00:00,84.86375,135.49469,257.7874221801758
528,2019-10-12 17:00:00,84.8645,135.4708,257.4399871826172
529,2019-10-12 18:00:00,84.86456,135.44921,257.26512145996094
530,2019-10-12 19:00:00,84.86396,135.42637000000002,257.3082580566406
531,2019-10-12 20:00:00,84.86294,135.39778,257.4379425048828
532,2019-10-12 21:00:00,84.86185,135.36018,257.49493408203125
533,2019-10-12 22:00:00,84.86091,135.3134,257.3292541503906
534,2019-10-12 23:00:00,84.86029,135.26309000000003,256.97408294677734
535,2019-10-13 00:00:00,84.86,135.21200999999996,256.6086654663086
536,2019-10-13 01:00:00,84.86013,135.16226,256.1937484741211
537,2019-10-13 02:00:00,84.86031,135.11804,255.6917724609375
538,2019-10-13 03:00:00,84.86019,135.08126,255.13045501708984
539,2019-10-13 04:00:00,84.85963,135.05106999999998,254.74412536621094
540,2019-10-13 05:00:00,84.85858,135.02475000000004,254.57774353027344
541,2019-10-13 06:00:00,84.8571,134.99973999999997,254.43975067138672
542,2019-10-13 07:00:00,84.85534,134.97319,254.2474594116211
543,2019-10-13 08:00:00,84.85344,134.94448999999997,254.08463287353516
544,2019-10-13 09:00:00,84.85147,134.91253,254.03824615478516
545,2019-10-13 10:00:00,84.84946,134.87937,253.9876251220703
546,2019-10-13 11:00:00,84.84762,134.84875,253.98284912109375
547,2019-10-13 12:00:00,84.84593,134.82486,253.96663665771484
548,2019-10-13 13:00:00,84.84401,134.80941,253.97171020507812
549,2019-10-13 14:00:00,84.84185,134.80135,254.0175552368164
550,2019-10-13 15:00:00,84.83948,134.80425000000002,254.18558502197266
551,2019-10-13 16:00:00,84.83661,134.81554,254.3647232055664
552,2019-10-13 17:00:00,84.83266,134.83050000000003,254.64749145507812
553,2019-10-13 18:00:00,84.82743,134.84143,254.88677215576172
554,2019-10-13 19:00:00,84.82181,134.84281999999996,254.99217224121094
555,2019-10-13 20:00:00,84.81655,134.83008,255.05229949951172
556,2019-10-13 21:00:00,84.81179,134.80588999999998,255.0875473022461
557,2019-10-13 22:00:00,84.80704,134.77376000000004,255.12401580810547
558,2019-10-13 23:00:00,84.80275,134.73343999999997,255.19799041748047
559,2019-10-14 00:00:00,84.79903,134.69284,255.29849243164062
560,2019-10-14 01:00:00,84.7958,134.65701,255.3356170654297
561,2019-10-14 02:00:00,84.79276,134.62805000000003,255.3639907836914
562,2019-10-14 03:00:00,84.78975,134.60324000000003,255.4251937866211
563,2019-10-14 04:00:00,84.78703,134.58312999999998,255.48651885986328
564,2019-10-14 05:00:00,84.78428,134.56669999999997,255.52540588378906
565,2019-10-14 06:00:00,84.78149,134.55372,255.59071350097656
566,2019-10-14 07:00:00,84.77853,134.54143,255.67481994628906
567,2019-10-14 08:00:00,84.7753,134.52832999999998,255.5728759765625
568,2019-10-14 09:00:00,84.77185,134.51108,255.3852081298828
569,2019-10-14 10:00:00,84.76869,134.48828000000003,255.15182495117188
570,2019-10-14 11:00:00,84.76615,134.46195,254.93162536621094
571,2019-10-14 12:00:00,84.76422,134.43408999999997,254.75791931152344
572,2019-10-14 13:00:00,84.76292,134.40862000000004,254.65283203125
573,2019-10-14 14:00:00,84.76207,134.38926000000004,254.65435028076172
574,2019-10-14 15:00:00,84.76151,134.37782000000004,254.6142120361328
575,2019-10-14 16:00:00,84.76104,134.37548000000004,254.5631561279297
576,2019-10-14 17:00:00,84.76049,134.38117999999997,254.45655822753906
577,2019-10-14 18:00:00,84.75975,134.39201000000003,254.3893051147461
578,2019-10-14 19:00:00,84.7588,134.40394000000003,254.37911224365234
579,2019-10-14 20:00:00,84.75775,134.41323999999997,254.3910140991211
580,2019-10-14 21:00:00,84.75679,134.41686000000004,254.38890075683594
581,2019-10-14 22:00:00,84.75611,134.41318,254.3688201904297
582,2019-10-14 23:00:00,84.75584,134.40215,254.4062271118164
583,2019-10-15 00:00:00,84.7561,134.38764000000003,254.36065673828125
584,2019-10-15 01:00:00,84.75685,134.37297,254.31525421142578
585,2019-10-15 02:00:00,84.75796,134.36140999999998,254.28915405273438
586,2019-10-15 03:00:00,84.75923,134.35483,254.1955108642578
587,2019-10-15 04:00:00,84.76043,134.35467,254.05422973632812
588,2019-10-15 05:00:00,84.76139,134.35860000000002,253.90909576416016
589,2019-10-15 06:00:00,84.76194,134.36289,253.77220916748047
590,2019-10-15 07:00:00,84.76207,134.36595,253.5980682373047
591,2019-10-15 08:00:00,84.76188,134.36356,253.42963409423828
592,2019-10-15 09:00:00,84.76158,134.35360000000003,253.2822036743164
593,2019-10-15 10:00:00,84.76132,134.33616,253.1512680053711
594,2019-10-15 11:00:00,84.76132,134.31268,253.02684783935547
595,2019-10-15 12:00:00,84.76169,134.28578,252.73422241210938
596,2019-10-15 13:00:00,84.76244,134.2591,252.30870819091797
597,2019-10-15 14:00:00,84.76342,134.23609999999996,251.87804412841797
598,2019-10-15 15:00:00,84.76448,134.21871999999996,251.46002960205078
599,2019-10-15 16:00:00,84.76534,134.20727,251.14501190185547
600,2019-10-15 17:00:00,84.7659,134.19937,250.97881317138672
601,2019-10-15 18:00:00,84.76594,134.18921,250.90099334716797
602,2019-10-15 19:00:00,84.7655,134.17059,250.81185150146484
603,2019-10-15 20:00:00,84.76444,134.14351999999997,250.75286102294922
604,2019-10-15 21:00:00,84.7639,134.10877,250.67850494384766
605,2019-10-15 22:00:00,84.76317,134.05885999999998,250.65528106689453
606,2019-10-15 23:00:00,84.76266,133.99864000000002,250.65959930419922
607,2019-10-16 00:00:00,84.76269,133.93808,250.65647888183594
608,2019-10-16 01:00:00,84.76322,133.88174000000004,250.6442413330078
609,2019-10-16 02:00:00,84.76405,133.83181000000002,250.64395904541016
610,2019-10-16 03:00:00,84.76498,133.79118,250.6507110595703
611,2019-10-16 04:00:00,84.76559,133.76033,250.6369857788086
612,2019-10-16 05:00:00,84.76574,133.73552,250.66413116455078
613,2019-10-16 06:00:00,84.76519,133.71341,250.79468536376953
614,2019-10-16 07:00:00,84.76433,133.68869,251.04666137695312
615,2019-10-16 08:00:00,84.76298,133.66066,251.2754898071289
616,2019-10-16 09:00:00,84.76161,133.62563,251.431884765625
617,2019-10-16 10:00:00,84.76055,133.5836,251.5343246459961
618,2019-10-16 11:00:00,84.75987,133.53686,251.56978607177734
619,2019-10-16 12:00:00,84.75979,133.48856999999998,251.61067962646484
620,2019-10-16 13:00:00,84.76013,133.44104,251.7240447998047
621,2019-10-16 14:00:00,84.76094,133.39831000000004,251.72620391845703
622,2019-10-16 15:00:00,84.76193,133.36264,251.66597747802734
623,2019-10-16 16:00:00,84.76274,133.33483999999999,251.5332260131836
624,2019-10-16 17:00:00,84.76332,133.31354,251.40377807617188
625,2019-10-16 18:00:00,84.7632,133.29613,251.28955841064453
626,2019-10-16 19:00:00,84.76256,133.28069,251.1864776611328
627,2019-10-16 20:00:00,84.76133,133.26324,251.10316467285156
628,2019-10-16 21:00:00,84.76,133.23929999999996,251.08174896240234
629,2019-10-16 22:00:00,84.75885,133.20828,251.13296508789062
630,2019-10-16 23:00:00,84.75785,133.16823,251.25205993652344
631,2019-10-17 00:00:00,84.75712,133.12121000000002,251.41620635986328
632,2019-10-17 01:00:00,84.75672,133.07614999999998,251.63575744628906
633,2019-10-17 02:00:00,84.75652,133.03817000000004,251.77721405029297
634,2019-10-17 03:00:00,84.75654,133.00547,251.833740234375
635,2019-10-17 04:00:00,84.75676,132.98073,251.9595718383789
636,2019-10-17 05:00:00,84.75695,132.9681,252.08417510986328
637,2019-10-17 06:00:00,84.75693,132.96537,252.21458435058594
638,2019-10-17 07:00:00,84.75651,132.96613000000002,252.3072738647461
639,2019-10-17 08:00:00,84.75559,132.96582,252.47210693359375
640,2019-10-17 09:00:00,84.75444,132.96119,252.6729507446289
641,2019-10-17 10:00:00,84.75331,132.95268999999996,252.80227661132812
642,2019-10-17 11:00:00,84.75234,132.94002,252.82907104492188
643,2019-10-17 12:00:00,84.75179,132.92744,252.73550415039062
644,2019-10-17 13:00:00,84.75166,132.91753,252.66220092773438
645,2019-10-17 14:00:00,84.7519,132.91332,252.56553649902344
646,2019-10-17 15:00:00,84.75259,132.91696000000002,252.53031158447266
647,2019-10-17 16:00:00,84.75339,132.92858,252.3594741821289
648,2019-10-17 17:00:00,84.75428,132.94795999999997,252.21660614013672
649,2019-10-17 18:00:00,84.75516,132.97282,252.1590576171875
650,2019-10-17 19:00:00,84.75592,132.99760000000003,252.18154907226562
651,2019-10-17 20:00:00,84.75662,133.01918999999998,252.1534881591797
652,2019-10-17 21:00:00,84.75747,133.03418,252.07665252685547
653,2019-10-17 22:00:00,84.75876,133.04191000000003,251.97129821777344
654,2019-10-17 23:00:00,84.76082,133.04287,251.80941772460938
655,2019-10-18 00:00:00,84.76385,133.03974,251.65673065185547
656,2019-10-18 01:00:00,84.76763,133.03882,251.5551986694336
657,2019-10-18 02:00:00,84.77204,133.04185,251.55460357666016
658,2019-10-18 03:00:00,84.77684,133.04863999999998,251.5505828857422
659,2019-10-18 04:00:00,84.78162,133.06171,251.5298080444336
660,2019-10-18 05:00:00,84.78643,133.07934,251.4645233154297
661,2019-10-18 06:00:00,84.79103,133.09983999999997,251.39958953857422
662,2019-10-18 07:00:00,84.79525,133.11919,251.29318237304688
663,2019-10-18 08:00:00,84.79915,133.13413000000003,251.1526336669922
664,2019-10-18 09:00:00,84.80315,133.14273000000003,251.04753875732422
665,2019-10-18 10:00:00,84.80744,133.1447,250.96543884277344
666,2019-10-18 11:00:00,84.81229,133.14098,250.90958404541016
667,2019-10-18 12:00:00,84.81806,133.13320999999996,251.8130340576172
668,2019-10-18 13:00:00,84.8245,133.1273,251.9245834350586
669,2019-10-18 14:00:00,84.83136,133.12493,252.05335998535156
670,2019-10-18 15:00:00,84.83893,133.12917,252.2216033935547
671,2019-10-18 16:00:00,84.84652,133.13864999999998,252.39801788330078
672,2019-10-18 17:00:00,84.85358,133.15794,252.53475189208984
673,2019-10-18 18:00:00,84.85997,133.17832999999996,252.87364959716797
674,2019-10-18 19:00:00,84.86554,133.20241,253.17542266845703
675,2019-10-18 20:00:00,84.87067,133.22078999999997,253.38837432861328
676,2019-10-18 21:00:00,84.87568,133.23397999999997,253.4505157470703
677,2019-10-18 22:00:00,84.881,133.23720000000003,253.4801788330078
678,2019-10-18 23:00:00,84.88684,133.23203999999998,253.34899139404297
679,2019-10-19 00:00:00,84.89314,133.22116,253.17437744140625
680,2019-10-19 01:00:00,84.89959,133.20585,253.1226348876953
681,2019-10-19 02:00:00,84.90586,133.1938,253.1407928466797
682,2019-10-19 03:00:00,84.91179,133.19250999999997,253.11808013916016
683,2019-10-19 04:00:00,84.91661,133.19279,253.09041595458984
684,2019-10-19 05:00:00,84.9203,133.19261,253.10118103027344
685,2019-10-19 06:00:00,84.92317,133.18980999999997,253.00115203857422
686,2019-10-19 07:00:00,84.9253,133.18286999999998,252.66515350341797
687,2019-10-19 08:00:00,84.92723,133.17253,252.307373046875
688,2019-10-19 09:00:00,84.92926,133.15720999999996,251.92819213867188
689,2019-10-19 10:00:00,84.93165,133.13666999999998,251.67510223388672
690,2019-10-19 11:00:00,84.93453,133.11145999999997,251.50323486328125
691,2019-10-19 12:00:00,84.93798,133.08312999999998,251.52359771728516
692,2019-10-19 13:00:00,84.94181,133.05368999999996,251.80516815185547
693,2019-10-19 14:00:00,84.9458,133.02857,252.3583755493164
694,2019-10-19 15:00:00,84.94963,133.00858,252.9767303466797
695,2019-10-19 16:00:00,84.95301,132.99433,253.57689666748047
696,2019-10-19 17:00:00,84.95563,132.9837,253.97264099121094
697,2019-10-19 18:00:00,84.95741,132.97276999999997,254.29822540283203
698,2019-10-19 19:00:00,84.95866,132.95973000000004,254.54761505126953
699,2019-10-19 20:00:00,84.95952,132.94281,254.64027404785156
700,2019-10-19 21:00:00,84.9603,132.91931,254.65069580078125
701,2019-10-19 22:00:00,84.96115,132.89286000000004,254.62338256835938
702,2019-10-19 23:00:00,84.96246,132.86489,254.61038970947266
703,2019-10-20 00:00:00,84.96443,132.83661,254.58169555664062
704,2019-10-20 01:00:00,84.96688,132.81003999999996,254.52349853515625
705,2019-10-20 02:00:00,84.96967,132.788,254.47560119628906
706,2019-10-20 03:00:00,84.97268,132.77096,254.55193328857422
707,2019-10-20 04:00:00,84.97565,132.75883999999996,254.57274627685547
708,2019-10-20 05:00:00,84.97829,132.75101,254.54337310791016
709,2019-10-20 06:00:00,84.98052,132.74559999999997,254.47979736328125
710,2019-10-20 07:00:00,84.98247,132.73995000000002,254.4773941040039
711,2019-10-20 08:00:00,84.98431,132.73221999999998,254.57708740234375
712,2019-10-20 09:00:00,84.98617,132.72103000000004,254.68904876708984
713,2019-10-20 10:00:00,84.98834,132.70699000000002,254.6815948486328
714,2019-10-20 11:00:00,84.99106,132.69187999999997,254.60301208496094
715,2019-10-20 12:00:00,84.99434,132.67696,254.55661010742188
716,2019-10-20 13:00:00,84.99825,132.66494,254.5526123046875
717,2019-10-20 14:00:00,85.00269,132.65798,254.66226959228516
718,2019-10-20 15:00:00,85.00756,132.65904,254.85274505615234
719,2019-10-20 16:00:00,85.01255,132.66994999999997,255.05850982666016
720,2019-10-20 17:00:00,85.01757,132.69443,255.33081817626953
721,2019-10-20 18:00:00,85.02235,132.72582999999997,255.4722137451172
722,2019-10-20 19:00:00,85.02672,132.75955999999996,255.50088500976562
723,2019-10-20 20:00:00,85.0302,132.78813000000002,255.4655532836914
724,2019-10-20 21:00:00,85.0331,132.80502,255.56881713867188
725,2019-10-20 22:00:00,85.03627,132.80458999999996,255.6737289428711
726,2019-10-20 23:00:00,85.04049,132.79254000000003,255.88703155517578
727,2019-10-21 00:00:00,85.04684,132.77864999999997,256.18499755859375
728,2019-10-21 01:00:00,85.05402,132.76306999999997,256.52954864501953
729,2019-10-21 02:00:00,85.06189,132.75011,256.6326141357422
730,2019-10-21 03:00:00,85.0698,132.74262,256.6951217651367
731,2019-10-21 04:00:00,85.07757,132.73883,256.67777252197266
732,2019-10-21 05:00:00,85.0849,132.73505999999998,256.73146057128906
733,2019-10-21 06:00:00,85.09105,132.72766000000001,256.8486328125
734,2019-10-21 07:00:00,85.09604,132.71479,256.94959259033203
735,2019-10-21 08:00:00,85.10068,132.69167,257.0222473144531
736,2019-10-21 09:00:00,85.10538,132.65807,256.98657989501953
737,2019-10-21 10:00:00,85.11068,132.61510999999996,256.88854217529297
738,2019-10-21 11:00:00,85.11675,132.56549,256.8472137451172
739,2019-10-21 12:00:00,85.12362,132.51328,256.80821228027344
740,2019-10-21 13:00:00,85.13094,132.46137999999996,256.6825180053711
741,2019-10-21 14:00:00,85.1385,132.41235,256.26051330566406
742,2019-10-21 15:00:00,85.14597,132.36696,255.707763671875
743,2019-10-21 16:00:00,85.153,132.32491,255.23492431640625
744,2019-10-21 17:00:00,85.15938,132.28462000000002,254.92057037353516
745,2019-10-21 18:00:00,85.16515,132.24397,254.78936004638672
746,2019-10-21 19:00:00,85.17043,132.20187999999996,254.74315643310547
747,2019-10-21 20:00:00,85.17557,132.1553,254.7874984741211
748,2019-10-21 21:00:00,85.181,132.10226999999998,254.808349609375
749,2019-10-21 22:00:00,85.18699,132.04345,254.77758026123047
750,2019-10-21 23:00:00,85.19367,131.98041999999998,254.75198364257812
751,2019-10-22 00:00:00,85.20113,131.91706999999997,254.7182388305664
752,2019-10-22 01:00:00,85.20889,131.85579,254.76258087158203
753,2019-10-22 02:00:00,85.21705,131.79728,254.79237365722656
754,2019-10-22 03:00:00,85.22526,131.74265000000003,254.845947265625
755,2019-10-22 04:00:00,85.23309,131.69194,254.83795166015625
756,2019-10-22 05:00:00,85.24025,131.64243,254.69544982910156
757,2019-10-22 06:00:00,85.2468,131.59024999999997,254.51588439941406
758,2019-10-22 07:00:00,85.25262,131.53341,254.3686981201172
759,2019-10-22 08:00:00,85.25785,131.47087999999997,254.21615600585938
760,2019-10-22 09:00:00,85.26262,131.40447,254.01283264160156
761,2019-10-22 10:00:00,85.26716,131.33508,253.76593780517578
762,2019-10-22 11:00:00,85.27155,131.26159,253.51752471923828
763,2019-10-22 12:00:00,85.27595,131.18696999999997,253.3304672241211
764,2019-10-22 13:00:00,85.28036,131.11314,253.096923828125
765,2019-10-22 14:00:00,85.28462,131.04107,252.8830337524414
766,2019-10-22 15:00:00,85.28906,130.97360000000003,252.36972045898438
767,2019-10-22 16:00:00,85.29341,130.91095,252.23983764648438
768,2019-10-22 17:00:00,85.29755,130.85104,252.1492462158203
769,2019-10-22 18:00:00,85.3015,130.79746999999998,252.08946990966797
770,2019-10-22 19:00:00,85.30523,130.74472000000003,252.06515502929688
771,2019-10-22 20:00:00,85.30827,130.69303000000002,252.0650177001953
772,2019-10-22 21:00:00,85.31124,130.63755000000003,252.01156616210938
773,2019-10-22 22:00:00,85.31414,130.57963,251.98382568359375
774,2019-10-22 23:00:00,85.31735,130.51863000000003,252.04631805419922
775,2019-10-23 00:00:00,85.32074,130.45650999999998,252.10128784179688
776,2019-10-23 01:00:00,85.32421,130.39435000000003,252.07835388183594
777,2019-10-23 02:00:00,85.3278,130.33218999999997,251.9460906982422
778,2019-10-23 03:00:00,85.33128,130.27368,251.75687408447266
779,2019-10-23 04:00:00,85.33448,130.2201,251.5501480102539
780,2019-10-23 05:00:00,85.33725,130.16827,251.35498046875
781,2019-10-23 06:00:00,85.33946,130.11948,251.1619644165039
782,2019-10-23 07:00:00,85.34133,130.07222000000002,250.97745513916016
783,2019-10-23 08:00:00,85.34285,130.02398,250.81856536865234
784,2019-10-23 09:00:00,85.34424,129.97407999999996,250.68014526367188
785,2019-10-23 10:00:00,85.34566,129.92561999999998,250.55635833740234
786,2019-10-23 11:00:00,85.34717,129.88017000000002,250.4479751586914
787,2019-10-23 12:00:00,85.34886,129.84028999999998,250.4034194946289
788,2019-10-23 13:00:00,85.35068,129.80492000000004,250.3387908935547
789,2019-10-23 14:00:00,85.35268,129.76965,250.2723846435547
790,2019-10-23 15:00:00,85.3548,129.73867,250.2608413696289
791,2019-10-23 16:00:00,85.35683,129.70912999999996,250.29037475585938
792,2019-10-23 17:00:00,85.35871,129.67915,250.31380462646484
793,2019-10-23 18:00:00,85.36039,129.64965,250.26313018798828
794,2019-10-23 19:00:00,85.36188,129.61995000000002,250.17173767089844
795,2019-10-23 20:00:00,85.36331,129.58951000000002,250.05379486083984
796,2019-10-23 21:00:00,85.36478,129.55650000000003,249.93550872802734
797,2019-10-23 22:00:00,85.36647,129.51872000000003,249.8586196899414
798,2019-10-23 23:00:00,85.3685,129.4792,249.78192901611328
799,2019-10-24 00:00:00,85.37078,129.43986,249.73706817626953
800,2019-10-24 01:00:00,85.37376,129.39770999999996,249.69109344482422
801,2019-10-24 02:00:00,85.37719,129.35766,249.6210708618164
802,2019-10-24 03:00:00,85.38089,129.3234,249.56947326660156
803,2019-10-24 04:00:00,85.38453,129.29120999999998,249.5425567626953
804,2019-10-24 05:00:00,85.38783,129.25856999999996,249.51648712158203
805,2019-10-24 06:00:00,85.39099,129.22392000000002,249.50413513183594
806,2019-10-24 07:00:00,85.39376,129.18461000000002,249.53475189208984
807,2019-10-24 08:00:00,85.39659,129.14427,249.56633758544922
808,2019-10-24 09:00:00,85.39908,129.09742,249.61141967773438
809,2019-10-24 10:00:00,85.40121,129.04575,249.67473602294922
810,2019-10-24 11:00:00,85.40377,128.99023999999997,249.81485748291016
811,2019-10-24 12:00:00,85.40637,128.92926,249.97272491455078
812,2019-10-24 13:00:00,85.40927,128.86724000000004,250.10242462158203
813,2019-10-24 14:00:00,85.41215,128.80574000000001,250.20115661621094
814,2019-10-24 15:00:00,85.4151,128.74428999999998,250.2803497314453
815,2019-10-24 16:00:00,85.41853,128.68516999999997,250.2225570678711
816,2019-10-24 17:00:00,85.42167,128.63194,250.02865600585938
817,2019-10-24 18:00:00,85.42456,128.57991000000004,249.85919189453125
818,2019-10-24 19:00:00,85.42693,128.52845000000002,249.72077178955078
819,2019-10-24 20:00:00,85.42882,128.47611,249.6071014404297
820,2019-10-24 21:00:00,85.43026,128.42281000000003,249.51526641845703
821,2019-10-24 22:00:00,85.43165,128.36819000000003,249.44314575195312
822,2019-10-24 23:00:00,85.43315,128.31375000000003,249.38624572753906
823,2019-10-25 00:00:00,85.43496,128.26025000000004,249.42430114746094
824,2019-10-25 01:00:00,85.43685,128.21078999999997,249.5082015991211
825,2019-10-25 02:00:00,85.43883,128.16350999999997,249.62828826904297
826,2019-10-25 03:00:00,85.44076,128.12302,249.74098205566406
827,2019-10-25 04:00:00,85.44244,128.0892,249.81869506835938
828,2019-10-25 05:00:00,85.44375,128.06219999999996,249.88103485107422
829,2019-10-25 06:00:00,85.44459,128.04017,249.93354034423828
830,2019-10-25 07:00:00,85.44511,128.01917000000003,249.97676849365234
831,2019-10-25 08:00:00,85.44543,127.99486000000002,249.97309112548828
832,2019-10-25 09:00:00,85.4457,127.96699000000001,249.90811157226562
833,2019-10-25 10:00:00,85.44601,127.93637999999999,249.8556671142578
834,2019-10-25 11:00:00,85.44636,127.90526,249.82181549072266
835,2019-10-25 12:00:00,85.44671,127.87511,249.84774780273438
836,2019-10-25 13:00:00,85.44724,127.84607,249.80734252929688
837,2019-10-25 14:00:00,85.44793,127.81934999999999,249.7343521118164
838,2019-10-25 15:00:00,85.44869,127.79602,249.70914459228516
839,2019-10-25 16:00:00,85.44946,127.77690000000001,249.71866607666016
840,2019-10-25 17:00:00,85.45011,127.76006999999998,249.75595092773438
841,2019-10-25 18:00:00,85.45052,127.74184000000002,249.80865478515625
842,2019-10-25 19:00:00,85.4506,127.72537,249.83809661865234
843,2019-10-25 20:00:00,85.45051,127.70693,249.85438537597656
844,2019-10-25 21:00:00,85.45028,127.68833000000001,249.78084564208984
845,2019-10-25 22:00:00,85.45006,127.66604000000001,249.68919372558594
846,2019-10-25 23:00:00,85.44997,127.64161000000001,249.62462615966797
847,2019-10-26 00:00:00,85.45007,127.61648000000002,249.59381103515625
848,2019-10-26 01:00:00,85.4504,127.59216000000004,249.54708099365234
849,2019-10-26 02:00:00,85.45093,127.57033000000001,249.51288604736328
850,2019-10-26 03:00:00,85.4516,127.55267000000003,249.5756072998047
851,2019-10-26 04:00:00,85.45226,127.53868,249.594482421875
852,2019-10-26 05:00:00,85.45285,127.52665000000002,249.57537078857422
853,2019-10-26 06:00:00,85.4533,127.51499000000001,249.50865173339844
854,2019-10-26 07:00:00,85.4536,127.50200999999998,249.45401763916016
855,2019-10-26 08:00:00,85.45382,127.48588000000001,249.4328155517578
856,2019-10-26 09:00:00,85.45403,127.46602999999999,249.422607421875
857,2019-10-26 10:00:00,85.45434,127.44214999999997,249.42522430419922
858,2019-10-26 11:00:00,85.45479,127.41589999999997,249.43272399902344
859,2019-10-26 12:00:00,85.45546,127.38835,249.37405395507812
860,2019-10-26 13:00:00,85.45639,127.36198999999999,249.2967300415039
861,2019-10-26 14:00:00,85.45751,127.33803,249.18885803222656
862,2019-10-26 15:00:00,85.45873,127.31743,249.08348083496094
863,2019-10-26 16:00:00,85.45998,127.30020000000002,249.04214477539062
864,2019-10-26 17:00:00,85.46118,127.28525000000002,249.04641723632812
865,2019-10-26 18:00:00,85.46233,127.27121,249.00724029541016
866,2019-10-26 19:00:00,85.4634,127.25644,248.93280792236328
867,2019-10-26 20:00:00,85.46444,127.23909000000003,248.8755340576172
868,2019-10-26 21:00:00,85.46555,127.21870999999999,248.74745178222656
869,2019-10-26 22:00:00,85.46678,127.19400999999999,248.61803436279297
870,2019-10-26 23:00:00,85.46823,127.16633000000002,248.5060272216797
871,2019-10-27 00:00:00,85.46986,127.13797999999997,248.4076919555664
872,2019-10-27 01:00:00,85.47175,127.11000999999999,248.3386459350586
873,2019-10-27 02:00:00,85.47391,127.08312999999998,248.23534393310547
874,2019-10-27 03:00:00,85.47629,127.05926999999997,248.1485595703125
875,2019-10-27 04:00:00,85.47878,127.03933,248.1009521484375
876,2019-10-27 05:00:00,85.48122,127.02235000000002,248.10311889648438
877,2019-10-27 06:00:00,85.48359,127.00526000000002,248.08773040771484
878,2019-10-27 07:00:00,85.4858,126.98729000000003,248.07504272460938
879,2019-10-27 08:00:00,85.48792,126.96650999999997,248.09014129638672
880,2019-10-27 09:00:00,85.49002,126.94272000000001,248.1089859008789
881,2019-10-27 10:00:00,85.49224,126.91673000000003,248.14193725585938
882,2019-10-27 11:00:00,85.49462,126.88992000000002,248.16781616210938
883,2019-10-27 12:00:00,85.49727,126.86343,248.2021942138672
884,2019-10-27 13:00:00,85.50007,126.83758999999998,248.23119354248047
885,2019-10-27 14:00:00,85.50301,126.81295,248.2446746826172
886,2019-10-27 15:00:00,85.50615,126.78983,248.24369049072266
887,2019-10-27 16:00:00,85.50939,126.76986,248.2437973022461
888,2019-10-27 17:00:00,85.51266,126.75085000000001,248.2425537109375
889,2019-10-27 18:00:00,85.51597,126.73194999999998,248.2491683959961
890,2019-10-27 19:00:00,85.51919,126.70956000000001,248.27521514892578
891,2019-10-27 20:00:00,85.5224,126.68195000000003,248.31210327148438
892,2019-10-27 21:00:00,85.52568,126.65062,248.3446273803711
893,2019-10-27 22:00:00,85.52915,126.61392999999998,248.3682632446289
894,2019-10-27 23:00:00,85.5329,126.5709,248.4047622680664
895,2019-10-28 00:00:00,85.53687,126.52665000000002,248.45829010009766
896,2019-10-28 01:00:00,85.54106,126.48365999999999,248.5209503173828
897,2019-10-28 02:00:00,85.54548,126.44319000000002,248.5985336303711
898,2019-10-28 03:00:00,85.55001,126.40777000000003,248.66607666015625
899,2019-10-28 04:00:00,85.5546,126.37689,248.7020492553711
900,2019-10-28 05:00:00,85.55919,126.35012,248.75064086914062
901,2019-10-28 06:00:00,85.56367,126.32463000000001,248.79248809814453
902,2019-10-28 07:00:00,85.56798,126.29858000000002,248.83263397216797
903,2019-10-28 08:00:00,85.57221,126.27093000000002,248.88436126708984
904,2019-10-28 09:00:00,85.57651,126.24124999999998,248.94463348388672
905,2019-10-28 10:00:00,85.58079,126.20954999999998,248.97727966308594
906,2019-10-28 11:00:00,85.58506,126.17687000000001,248.97379302978516
907,2019-10-28 12:00:00,85.58931,126.14485000000002,249.2564697265625
908,2019-10-28 13:00:00,85.59328,126.11436000000003,249.20769500732422
909,2019-10-28 14:00:00,85.59717,126.08467000000002,249.13784790039062
910,2019-10-28 15:00:00,85.60111,126.05586,249.0626983642578
911,2019-10-28 16:00:00,85.60498,126.03140000000002,249.00167846679688
912,2019-10-28 17:00:00,85.60857,126.00629000000004,248.98280334472656
913,2019-10-28 18:00:00,85.6118,125.97741000000002,248.9713897705078
914,2019-10-28 19:00:00,85.61487,125.94330000000002,248.97631072998047
915,2019-10-28 20:00:00,85.61789,125.90492,248.98809051513672
916,2019-10-28 21:00:00,85.62095,125.86216000000002,249.01119995117188
917,2019-10-28 22:00:00,85.62409,125.81637999999998,249.02436065673828
918,2019-10-28 23:00:00,85.62734,125.76737000000003,249.03125
919,2019-10-29 00:00:00,85.63065,125.71530000000001,249.02452850341797
920,2019-10-29 01:00:00,85.63408,125.66467999999998,248.9923553466797
921,2019-10-29 02:00:00,85.63751,125.61984000000001,248.91809844970703
922,2019-10-29 03:00:00,85.64078,125.58098999999999,248.81385040283203
923,2019-10-29 04:00:00,85.64377,125.54550999999998,248.69944763183594
924,2019-10-29 05:00:00,85.64655,125.51173,248.73368072509766
925,2019-10-29 06:00:00,85.64917,125.47703000000001,248.7453842163086
926,2019-10-29 07:00:00,85.65165,125.43819000000002,248.68852996826172
927,2019-10-29 08:00:00,85.65415,125.39459,248.57198333740234
928,2019-10-29 09:00:00,85.65679,125.34744,248.4434051513672
929,2019-10-29 10:00:00,85.65962,125.29716000000002,248.38192749023438
930,2019-10-29 11:00:00,85.66269,125.24400000000003,248.3829803466797
931,2019-10-29 12:00:00,85.66602,125.19186000000002,248.47149658203125
932,2019-10-29 13:00:00,85.66939,125.14395000000002,248.58447265625
933,2019-10-29 14:00:00,85.67268,125.10178000000002,248.6148452758789
934,2019-10-29 15:00:00,85.67572,125.06423999999998,248.59881591796875
935,2019-10-29 16:00:00,85.67846,125.03061000000002,248.65411376953125
936,2019-10-29 17:00:00,85.68096,124.99862000000002,248.7479248046875
937,2019-10-29 18:00:00,85.6833,124.96632,248.82788848876953
938,2019-10-29 19:00:00,85.68556,124.93137999999999,248.88809967041016
939,2019-10-29 20:00:00,85.68785,124.8929,248.9506607055664
940,2019-10-29 21:00:00,85.69017,124.85190999999998,249.00369262695312
941,2019-10-29 22:00:00,85.69262,124.80831999999998,249.0027084350586
942,2019-10-29 23:00:00,85.69531,124.76292000000001,248.94890594482422
943,2019-10-30 00:00:00,85.69828,124.71658000000002,248.86046600341797
944,2019-10-30 01:00:00,85.70132,124.67320999999998,248.72354888916016
945,2019-10-30 02:00:00,85.70428,124.63342999999998,248.5110092163086
946,2019-10-30 03:00:00,85.70702,124.59852000000001,248.2994842529297
947,2019-10-30 04:00:00,85.70949,124.5666,248.07791900634766
948,2019-10-30 05:00:00,85.71176,124.53624000000002,247.9245376586914
949,2019-10-30 06:00:00,85.7138,124.50459000000001,247.8190689086914
950,2019-10-30 07:00:00,85.71579,124.47021999999998,247.74645233154297
951,2019-10-30 08:00:00,85.7178,124.43000999999998,247.7496337890625
952,2019-10-30 09:00:00,85.71989,124.38580000000002,247.82621002197266
953,2019-10-30 10:00:00,85.72222,124.33924999999999,247.9049072265625
954,2019-10-30 11:00:00,85.72476,124.2935,247.90694427490234
955,2019-10-30 12:00:00,85.72746,124.25092000000001,247.7909698486328
956,2019-10-30 13:00:00,85.73012,124.21206999999998,247.65770721435547
957,2019-10-30 14:00:00,85.73259,124.17701999999997,247.49935150146484
958,2019-10-30 15:00:00,85.73474,124.14549999999997,247.36485290527344
959,2019-10-30 16:00:00,85.73652,124.11594000000002,247.2465591430664
960,2019-10-30 17:00:00,85.738,124.08681999999999,247.15018463134766
961,2019-10-30 18:00:00,85.73938,124.05552,247.08934020996094
962,2019-10-30 19:00:00,85.74075,124.02091000000001,247.04881286621094
963,2019-10-30 20:00:00,85.74228,123.98300999999998,246.9906463623047
964,2019-10-30 21:00:00,85.74405,123.94082000000003,246.9114990234375
965,2019-10-30 22:00:00,85.74614,123.89609999999999,246.82461547851562
966,2019-10-30 23:00:00,85.74852,123.85086000000001,246.74491119384766
967,2019-10-31 00:00:00,85.7511,123.80664000000002,246.6725082397461
968,2019-10-31 01:00:00,85.7537,123.76601,246.59732055664062
969,2019-10-31 02:00:00,85.7561,123.73043000000001,246.52033233642578
970,2019-10-31 03:00:00,85.75822,123.69884000000002,246.4894790649414
971,2019-10-31 04:00:00,85.76001,123.6705,246.51032257080078
972,2019-10-31 05:00:00,85.76162,123.64348999999999,246.54442596435547
973,2019-10-31 06:00:00,85.7631,123.61588999999998,246.60000610351562
974,2019-10-31 07:00:00,85.76456,123.58665000000002,246.65489196777344
975,2019-10-31 08:00:00,85.76615,123.55488000000003,246.70855712890625
976,2019-10-31 09:00:00,85.76795,123.52013,246.75989532470703
977,2019-10-31 10:00:00,85.77002,123.48397999999997,246.81603240966797
978,2019-10-31 11:00:00,85.77231,123.44779,246.87631225585938
979,2019-10-31 12:00:00,85.77474,123.41320999999999,246.92061614990234
980,2019-10-31 13:00:00,85.77713,123.38134000000002,246.91006469726562
981,2019-10-31 14:00:00,85.77938,123.35320999999999,246.880126953125
982,2019-10-31 15:00:00,85.78134,123.3286,246.82284545898438
983,2019-10-31 16:00:00,85.783,123.30570999999998,246.80242156982422
984,2019-10-31 17:00:00,85.78444,123.28313000000003,246.7496795654297
985,2019-10-31 18:00:00,85.78576,123.25967000000003,246.7011947631836
986,2019-10-31 19:00:00,85.78711,123.23388999999997,246.71634674072266
987,2019-10-31 20:00:00,85.78859,123.20517000000001,246.73751831054688
988,2019-10-31 21:00:00,85.79029,123.17341999999996,246.74858856201172
989,2019-10-31 22:00:00,85.79228,123.13965999999999,246.70411682128906
990,2019-10-31 23:00:00,85.79457,123.10525999999999,246.63038635253906
991,2019-11-01 00:00:00,85.79707,123.07276000000002,246.53570556640625
992,2019-11-01 01:00:00,85.79964,123.04437000000001,246.46580505371094
993,2019-11-01 02:00:00,85.80213,123.01922000000002,246.39684295654297
994,2019-11-01 03:00:00,85.80441,122.99896000000001,246.32568359375
995,2019-11-01 04:00:00,85.80643,122.98124000000001,246.2912826538086
996,2019-11-01 05:00:00,85.80815,122.96492,246.2599334716797
997,2019-11-01 06:00:00,85.80971,122.9479,246.2425994873047
998,2019-11-01 07:00:00,85.81125,122.92863999999997,246.2478256225586
999,2019-11-01 08:00:00,85.81289,122.90791000000002,246.2613525390625
1000,2019-11-01 09:00:00,85.81479,122.88504999999998,246.27517700195312
1001,2019-11-01 10:00:00,85.81693,122.86118999999997,246.30044555664062
1002,2019-11-01 11:00:00,85.81924,122.83825000000002,246.36113739013672
1003,2019-11-01 12:00:00,85.82174,122.81747999999999,246.4261932373047
1004,2019-11-01 13:00:00,85.82421,122.80108000000001,246.4524917602539
1005,2019-11-01 14:00:00,85.82647,122.78888999999998,246.44033813476562
1006,2019-11-01 15:00:00,85.82846,122.78098,246.4063720703125
1007,2019-11-01 16:00:00,85.82999,122.77454,246.35736083984375
1008,2019-11-01 17:00:00,85.83115,122.769,246.37323760986328
1009,2019-11-01 18:00:00,85.83206,122.76171,246.40668487548828
1010,2019-11-01 19:00:00,85.83294,122.75085999999999,246.3544464111328
1011,2019-11-01 20:00:00,85.83384,122.73599999999999,246.236083984375
1012,2019-11-01 21:00:00,85.83489,122.71861000000001,246.11273193359375
1013,2019-11-01 22:00:00,85.83619,122.70006000000001,246.03734588623047
1014,2019-11-01 23:00:00,85.83797,122.67925000000002,246.0252456665039
1015,2019-11-02 00:00:00,85.84,122.65924000000001,246.05213928222656
1016,2019-11-02 01:00:00,85.84212,122.64204000000001,246.07984924316406
1017,2019-11-02 02:00:00,85.8442,122.62772999999999,246.06077575683594
1018,2019-11-02 03:00:00,85.84601,122.61648000000002,246.0304718017578
1019,2019-11-02 04:00:00,85.84746,122.60644000000002,246.0030059814453
1020,2019-11-02 05:00:00,85.84859,122.59521999999998,245.91797637939453
1021,2019-11-02 06:00:00,85.84944,122.58139,245.84783935546875
1022,2019-11-02 07:00:00,85.85019,122.56295,245.7443389892578
1023,2019-11-02 08:00:00,85.85107,122.53969999999998,245.60448455810547
1024,2019-11-02 09:00:00,85.85224,122.51420000000002,245.44197845458984
1025,2019-11-02 10:00:00,85.85372,122.48462999999998,245.33656311035156
1026,2019-11-02 11:00:00,85.85565,122.45254999999997,245.37364959716797
1027,2019-11-02 12:00:00,85.85784,122.42282,245.3785171508789
1028,2019-11-02 13:00:00,85.86017,122.39449000000002,245.39747619628906
1029,2019-11-02 14:00:00,85.86245,122.36799000000002,245.31246185302734
1030,2019-11-02 15:00:00,85.86456,122.34235999999999,245.26307678222656
1031,2019-11-02 16:00:00,85.86629,122.31711000000001,245.25135040283203
1032,2019-11-02 17:00:00,85.86786,122.28987999999998,245.21849822998047
1033,2019-11-02 18:00:00,85.8692,122.25995999999998,245.1858367919922
1034,2019-11-02 19:00:00,85.87046,122.22683999999998,245.1468734741211
1035,2019-11-02 20:00:00,85.87181,122.18925999999999,245.10879516601562
1036,2019-11-02 21:00:00,85.87342,122.14642000000003,245.1090850830078
1037,2019-11-02 22:00:00,85.87531,122.09942000000001,245.1488494873047
1038,2019-11-02 23:00:00,85.87757,122.05090000000001,245.1661834716797
1039,2019-11-03 00:00:00,85.88003,122.00421,245.18253326416016
1040,2019-11-03 01:00:00,85.88267,121.95974000000001,245.31903076171875
1041,2019-11-03 02:00:00,85.88526,121.91805999999997,245.8550567626953
1042,2019-11-03 03:00:00,85.88763,121.87763999999999,246.45453643798828
1043,2019-11-03 04:00:00,85.89004,121.83767999999998,246.8207778930664
1044,2019-11-03 05:00:00,85.89229,121.79484000000002,246.91516876220703
1045,2019-11-03 06:00:00,85.89402,121.74067000000002,246.99072265625
1046,2019-11-03 07:00:00,85.89526,121.67012999999997,246.94869232177734
1047,2019-11-03 08:00:00,85.89652,121.58699999999999,246.91458129882812
1048,2019-11-03 09:00:00,85.89782,121.50121000000001,246.71517944335938
1049,2019-11-03 10:00:00,85.89947,121.41334999999998,246.56900787353516
1050,2019-11-03 11:00:00,85.90169,121.32549,246.51726531982422
1051,2019-11-03 12:00:00,85.9043,121.24189999999999,246.474609375
1052,2019-11-03 13:00:00,85.90713,121.16782,246.42456817626953
1053,2019-11-03 14:00:00,85.91008,121.0985,246.3798599243164
1054,2019-11-03 15:00:00,85.91265,121.03861999999998,246.34066772460938
1055,2019-11-03 16:00:00,85.9148,120.98293999999999,246.33889770507812
1056,2019-11-03 17:00:00,85.91672,120.92689999999999,246.38616180419922
1057,2019-11-03 18:00:00,85.91841,120.87173000000001,246.4792022705078
1058,2019-11-03 19:00:00,85.91986,120.81155000000001,246.31012725830078
1059,2019-11-03 20:00:00,85.92138,120.75227000000001,246.3959732055664
1060,2019-11-03 21:00:00,85.92304,120.68833999999998,246.52345275878906
1061,2019-11-03 22:00:00,85.9249,120.62092000000001,246.62935638427734
1062,2019-11-03 23:00:00,85.92707,120.55036999999999,246.71575164794922
1063,2019-11-04 00:00:00,85.9294,120.48176999999998,246.7793426513672
1064,2019-11-04 01:00:00,85.93186,120.41634999999997,246.93814086914062
1065,2019-11-04 02:00:00,85.93444,120.35025000000002,247.02066040039062
1066,2019-11-04 03:00:00,85.93671,120.293,247.15631866455078
1067,2019-11-04 04:00:00,85.93855,120.23984999999999,247.31615447998047
1068,2019-11-04 05:00:00,85.93997,120.18757,247.44261932373047
1069,2019-11-04 06:00:00,85.94103,120.13526000000002,247.5183563232422
1070,2019-11-04 07:00:00,85.94198,120.07837999999998,247.5508041381836
1071,2019-11-04 08:00:00,85.94306,120.01069999999999,247.52049255371094
1072,2019-11-04 09:00:00,85.94418,119.94063,247.5530014038086
1073,2019-11-04 10:00:00,85.94547,119.87038000000001,247.5336685180664
1074,2019-11-04 11:00:00,85.94696,119.80182000000002,247.4145965576172
1075,2019-11-04 12:00:00,85.94857,119.73558000000003,247.30105590820312
1076,2019-11-04 13:00:00,85.95016,119.67340999999999,247.21326446533203
1077,2019-11-04 14:00:00,85.95157,119.61464999999998,247.25558471679688
1078,2019-11-04 15:00:00,85.9527,119.55881,247.1727066040039
1079,2019-11-04 16:00:00,85.95343,119.50512000000003,246.95428466796875
1080,2019-11-04 17:00:00,85.95375,119.45263999999997,246.75113677978516
1081,2019-11-04 18:00:00,85.95377,119.40001000000001,246.56166076660156
1082,2019-11-04 19:00:00,85.95358,119.34658999999999,246.4007797241211
1083,2019-11-04 20:00:00,85.95334,119.29223000000002,246.28667449951172
1084,2019-11-04 21:00:00,85.95307,119.23633000000001,246.2412109375
1085,2019-11-04 22:00:00,85.95292,119.18115999999998,246.20116424560547
1086,2019-11-04 23:00:00,85.95285,119.12707,246.1328582763672
1087,2019-11-05 00:00:00,85.95293,119.07515000000001,246.43849182128906
1088,2019-11-05 01:00:00,85.95299,119.02539000000002,246.37205505371094
1089,2019-11-05 02:00:00,85.95272,118.97827000000001,246.30684661865234
1090,2019-11-05 03:00:00,85.95205,118.93142,246.31568908691406
1091,2019-11-05 04:00:00,85.95135,118.87748999999997,246.22628021240234
1092,2019-11-05 05:00:00,85.95034,118.82499000000001,246.1134490966797
1093,2019-11-05 06:00:00,85.94899,118.77357,246.03496551513672
1094,2019-11-05 07:00:00,85.94735,118.71947999999998,246.01378631591797
1095,2019-11-05 08:00:00,85.94557,118.66438,246.01842498779297
1096,2019-11-05 09:00:00,85.9437,118.60991000000001,246.02811431884766
1097,2019-11-05 10:00:00,85.94191,118.55419999999998,246.05943298339844
1098,2019-11-05 11:00:00,85.94026,118.49577999999997,246.0996322631836
1099,2019-11-05 12:00:00,85.93894,118.44001000000003,246.07647705078125
1100,2019-11-05 13:00:00,85.9378,118.38842,246.05525970458984
1101,2019-11-05 14:00:00,85.93667,118.34186999999997,246.0583953857422
1102,2019-11-05 15:00:00,85.93538,118.29737999999998,246.07130432128906
1103,2019-11-05 16:00:00,85.93384,118.25477999999998,246.0922088623047
1104,2019-11-05 17:00:00,85.9321,118.21467999999999,246.13489532470703
1105,2019-11-05 18:00:00,85.93023,118.1755,246.26128387451172
1106,2019-11-05 19:00:00,85.92833,118.13569999999999,246.388671875
1107,2019-11-05 20:00:00,85.9266,118.09401000000003,246.5065689086914
1108,2019-11-05 21:00:00,85.92507,118.05068,246.62254333496094
1109,2019-11-05 22:00:00,85.92388,118.00664999999998,246.62201690673828
1110,2019-11-05 23:00:00,85.92305,117.96296999999998,246.61227416992188
1111,2019-11-06 00:00:00,85.92249,117.92120999999997,246.5958709716797
1112,2019-11-06 01:00:00,85.92209,117.88241,246.62387084960938
1113,2019-11-06 02:00:00,85.92171,117.84649999999999,246.71451568603516
1114,2019-11-06 03:00:00,85.92128,117.81252999999998,246.73439025878906
1115,2019-11-06 04:00:00,85.92069,117.77864999999997,246.59667205810547
1116,2019-11-06 05:00:00,85.91997,117.74356,246.4154815673828
1117,2019-11-06 06:00:00,85.91916,117.70688999999999,246.24553680419922
1118,2019-11-06 07:00:00,85.91831,117.66663,246.07190704345703
1119,2019-11-06 08:00:00,85.91757,117.62351999999998,245.9251937866211
1120,2019-11-06 09:00:00,85.91698,117.57882999999998,245.77035522460938
1121,2019-11-06 10:00:00,85.91671,117.53235999999998,245.6268081665039
1122,2019-11-06 11:00:00,85.91675,117.48435999999998,245.4847640991211
1123,2019-11-06 12:00:00,85.91706,117.43806000000001,245.35323333740234
1124,2019-11-06 13:00:00,85.91755,117.39579000000003,245.25999450683594
1125,2019-11-06 14:00:00,85.91813,117.35773,245.20207977294922
1126,2019-11-06 15:00:00,85.91864,117.32358999999997,245.32335662841797
1127,2019-11-06 16:00:00,85.91892,117.29219,245.63917541503906
1128,2019-11-06 17:00:00,85.91893,117.26105999999999,245.87095642089844
1129,2019-11-06 18:00:00,85.91877,117.22830999999996,245.9425277709961
1130,2019-11-06 19:00:00,85.91849,117.19326000000001,245.9214630126953
1131,2019-11-06 20:00:00,85.91824,117.15541000000002,245.7831039428711
1132,2019-11-06 21:00:00,85.91806,117.11583999999999,245.7094955444336
1133,2019-11-06 22:00:00,85.91807,117.07533999999998,245.67837524414062
1134,2019-11-06 23:00:00,85.91834,117.03523000000001,245.64735412597656
1135,2019-11-07 00:00:00,85.91882,116.99725000000001,245.65074920654297
1136,2019-11-07 01:00:00,85.91945,116.96247,245.73003387451172
1137,2019-11-07 02:00:00,85.92005,116.93124,245.8086395263672
1138,2019-11-07 03:00:00,85.9205,116.90350999999998,245.98538970947266
1139,2019-11-07 04:00:00,85.92075,116.87754000000001,246.12969970703125
1140,2019-11-07 05:00:00,85.92076,116.85153000000003,246.26800537109375
1141,2019-11-07 06:00:00,85.9205,116.82477,246.35089111328125
1142,2019-11-07 07:00:00,85.92001,116.79532,246.4304656982422
1143,2019-11-07 08:00:00,85.91944,116.76184999999998,246.61421966552734
1144,2019-11-07 09:00:00,85.91885,116.72606999999999,246.7661895751953
1145,2019-11-07 10:00:00,85.91835,116.68821000000003,246.83061981201172
1146,2019-11-07 11:00:00,85.91802,116.65178000000003,246.87520599365234
1147,2019-11-07 12:00:00,85.91785,116.61865,246.88072967529297
1148,2019-11-07 13:00:00,85.91777,116.58875999999998,246.88800811767578
1149,2019-11-07 14:00:00,85.91769,116.56225999999998,246.94972229003906
1150,2019-11-07 15:00:00,85.91753,116.53987000000001,246.9556427001953
1151,2019-11-07 16:00:00,85.91735,116.52024,246.91558837890625
1152,2019-11-07 17:00:00,85.91695,116.50216,246.85564422607422
1153,2019-11-07 18:00:00,85.91636,116.48315000000002,246.6978988647461
1154,2019-11-07 19:00:00,85.9156,116.46194000000003,246.43195343017578
1155,2019-11-07 20:00:00,85.9148,116.43882000000002,246.11534118652344
1156,2019-11-07 21:00:00,85.91397,116.41131000000001,245.82950592041016
1157,2019-11-07 22:00:00,85.91325,116.38200999999998,245.54496002197266
1158,2019-11-07 23:00:00,85.91274,116.35232000000002,245.28275299072266
1159,2019-11-08 00:00:00,85.91238,116.32497000000001,245.0625762939453
1160,2019-11-08 01:00:00,85.91209,116.30020000000002,244.86614227294922
1161,2019-11-08 02:00:00,85.91181,116.27890000000002,244.67606353759766
1162,2019-11-08 03:00:00,85.9114,116.25995999999998,244.50170135498047
1163,2019-11-08 04:00:00,85.91076,116.24264,244.35018157958984
1164,2019-11-08 05:00:00,85.90983,116.22505000000001,244.2155532836914
1165,2019-11-08 06:00:00,85.90858,116.20468,244.09835815429688
1166,2019-11-08 07:00:00,85.90704,116.18135000000001,243.9931640625
1167,2019-11-08 08:00:00,85.90529,116.15683000000001,243.89728546142578
1168,2019-11-08 09:00:00,85.90338,116.132,243.81424713134766
1169,2019-11-08 10:00:00,85.90146,116.10230000000001,243.7527618408203
1170,2019-11-08 11:00:00,85.89957,116.07258000000002,243.7496337890625
1171,2019-11-08 12:00:00,85.89771,116.04254000000003,243.7441864013672
1172,2019-11-08 13:00:00,85.89581,116.01327000000003,243.84194946289062
1173,2019-11-08 14:00:00,85.8938,115.98473999999999,244.05593872070312
1174,2019-11-08 15:00:00,85.89168,115.95871999999997,244.45797729492188
1175,2019-11-08 16:00:00,85.88937,115.93520000000001,244.8019256591797
1176,2019-11-08 17:00:00,85.88688,115.91271999999998,245.0483169555664
1177,2019-11-08 18:00:00,85.88415,115.89137,245.31835174560547
1178,2019-11-08 19:00:00,85.88119,115.87113,245.5413818359375
1179,2019-11-08 20:00:00,85.87814,115.85045000000002,245.74958038330078
1180,2019-11-08 21:00:00,85.87498,115.82891000000001,245.92350006103516
1181,2019-11-08 22:00:00,85.87195,115.81004000000001,246.14710235595703
1182,2019-11-08 23:00:00,85.86903,115.79392999999999,246.40399932861328
1183,2019-11-09 00:00:00,85.86611,115.78050999999999,246.72621154785156
1184,2019-11-09 01:00:00,85.86346,115.77244999999999,246.9529037475586
1185,2019-11-09 02:00:00,85.86089,115.76904000000002,247.10965728759766
1186,2019-11-09 03:00:00,85.85833,115.77031999999997,247.2665786743164
1187,2019-11-09 04:00:00,85.85584,115.77418999999998,247.37893676757812
1188,2019-11-09 05:00:00,85.85321,115.77975000000004,247.36892700195312
1189,2019-11-09 06:00:00,85.85051,115.78439000000003,247.34950256347656
1190,2019-11-09 07:00:00,85.84791,115.78607999999997,247.3237075805664
1191,2019-11-09 08:00:00,85.84549,115.78544,247.2503204345703
1192,2019-11-09 09:00:00,85.84323,115.78332999999998,247.1141357421875
1193,2019-11-09 10:00:00,85.84115,115.7808,246.9583969116211
1194,2019-11-09 11:00:00,85.83923,115.77945,246.7527313232422
1195,2019-11-09 12:00:00,85.83742,115.78204,246.54586791992188
1196,2019-11-09 13:00:00,85.83578,115.78958999999998,246.35596466064453
1197,2019-11-09 14:00:00,85.83423,115.80164000000002,246.1206817626953
1198,2019-11-09 15:00:00,85.8327,115.81738000000001,245.88797760009766
1199,2019-11-09 16:00:00,85.83115,115.83443,245.643310546875
1200,2019-11-09 17:00:00,85.82962,115.85153000000003,245.46571350097656
1201,2019-11-09 18:00:00,85.82817,115.86755,245.32998657226562
1202,2019-11-09 19:00:00,85.82682,115.88150999999999,245.20660400390625
1203,2019-11-09 20:00:00,85.82564,115.89390000000003,245.08098602294922
1204,2019-11-09 21:00:00,85.82463,115.90553999999997,244.95386505126953
1205,2019-11-09 22:00:00,85.82383,115.91700000000003,244.8269500732422
1206,2019-11-09 23:00:00,85.82326,115.92966999999999,244.70639038085938
1207,2019-11-10 00:00:00,85.82288,115.94412,244.6257781982422
1208,2019-11-10 01:00:00,85.82265,115.96026999999998,244.5477523803711
1209,2019-11-10 02:00:00,85.82253,115.97841,244.45709991455078
1210,2019-11-10 03:00:00,85.82252,115.99855000000002,244.4013442993164
1211,2019-11-10 04:00:00,85.82253,116.01992000000001,244.3736343383789
1212,2019-11-10 05:00:00,85.82254,116.04127,244.34833526611328
1213,2019-11-10 06:00:00,85.82253,116.06126,244.27558135986328
1214,2019-11-10 07:00:00,85.82261,116.07896,244.12838745117188
1215,2019-11-10 08:00:00,85.82287,116.09415999999999,243.97213745117188
1216,2019-11-10 09:00:00,85.82335,116.10683,243.81975555419922
1217,2019-11-10 10:00:00,85.8241,116.11784999999998,243.73782348632812
1218,2019-11-10 11:00:00,85.8251,116.12887999999998,243.6986083984375
1219,2019-11-10 12:00:00,85.82635,116.14147000000003,243.72185516357422
1220,2019-11-10 13:00:00,85.82781,116.15717000000001,243.67401123046875
1221,2019-11-10 14:00:00,85.82934,116.17615999999998,243.60107421875
1222,2019-11-10 15:00:00,85.83084,116.19740000000002,243.54756927490234
1223,2019-11-10 16:00:00,85.83228,116.21974,243.56649780273438
1224,2019-11-10 17:00:00,85.83368,116.24169999999998,243.56278228759766
1225,2019-11-10 18:00:00,85.83519,116.26180999999997,243.4867706298828
1226,2019-11-10 19:00:00,85.83692,116.27927,243.40618896484375
1227,2019-11-10 20:00:00,85.83895,116.29302000000001,243.32024383544922
1228,2019-11-10 21:00:00,85.84134,116.30381999999997,243.23624420166016
1229,2019-11-10 22:00:00,85.8441,116.31347,243.10472106933594
1230,2019-11-10 23:00:00,85.84723,116.32382000000001,242.97772216796875
1231,2019-11-11 00:00:00,85.85062,116.33568000000002,242.85971069335938
1232,2019-11-11 01:00:00,85.85426,116.35122000000001,242.7908706665039
1233,2019-11-11 02:00:00,85.85803,116.37031000000002,242.76832580566406
1234,2019-11-11 03:00:00,85.86197,116.39267000000001,242.7682113647461
1235,2019-11-11 04:00:00,85.86619,116.41611999999998,242.85460662841797
1236,2019-11-11 05:00:00,85.87073,116.43846000000002,243.1136932373047
1237,2019-11-11 06:00:00,85.87576,116.45978000000002,243.4709243774414
1238,2019-11-11 07:00:00,85.88127,116.48070000000001,243.87383270263672
1239,2019-11-11 08:00:00,85.88715,116.49970000000002,244.24388885498047
1240,2019-11-11 09:00:00,85.89365,116.52037000000001,244.55039978027344
1241,2019-11-11 10:00:00,85.90061,116.54242999999997,244.95352172851562
1242,2019-11-11 11:00:00,85.90779,116.56749000000002,245.2248306274414
1243,2019-11-11 12:00:00,85.91509,116.5969,245.40286254882812
1244,2019-11-11 13:00:00,85.92235,116.63085999999998,245.5325698852539
1245,2019-11-11 14:00:00,85.92939,116.66939000000002,245.6618194580078
1246,2019-11-11 15:00:00,85.93606,116.71186999999998,246.00041961669922
1247,2019-11-11 16:00:00,85.94225,116.75781999999998,246.1165008544922
1248,2019-11-11 17:00:00,85.9479,116.80554000000001,246.231201171875
1249,2019-11-11 18:00:00,85.95301,116.85289999999998,246.36036682128906
1250,2019-11-11 19:00:00,85.95779,116.90057999999999,246.4240951538086
1251,2019-11-11 20:00:00,85.96237,116.94826999999998,246.46912384033203
1252,2019-11-11 21:00:00,85.96694,116.99499000000003,246.54978942871094
1253,2019-11-11 22:00:00,85.97147,117.04230000000001,246.62208557128906
1254,2019-11-11 23:00:00,85.97606,117.09032000000002,246.85360717773438
1255,2019-11-12 00:00:00,85.98075,117.14168999999998,247.40357971191406
1256,2019-11-12 01:00:00,85.98538,117.19542999999999,247.72906494140625
1257,2019-11-12 02:00:00,85.98987,117.24928999999997,247.65457153320312
1258,2019-11-12 03:00:00,85.99425,117.30189000000001,247.2930908203125
1259,2019-11-12 04:00:00,85.99843,117.34959000000003,247.02346801757812
1260,2019-11-12 05:00:00,86.00255,117.39357000000001,246.96379852294922
1261,2019-11-12 06:00:00,86.00682,117.43324999999999,247.04764556884766
1262,2019-11-12 07:00:00,86.01099,117.46330999999998,247.11618041992188
1263,2019-11-12 08:00:00,86.01539,117.48581000000001,247.14043426513672
1264,2019-11-12 09:00:00,86.01998,117.50353999999999,247.06178283691406
1265,2019-11-12 10:00:00,86.02493,117.52025000000003,246.9062271118164
1266,2019-11-12 11:00:00,86.03011,117.53908999999999,246.74457550048828
1267,2019-11-12 12:00:00,86.03533,117.56182000000001,246.65206909179688
1268,2019-11-12 13:00:00,86.04036,117.58735000000001,246.54736328125
1269,2019-11-12 14:00:00,86.04525,117.61712,246.46019744873047
1270,2019-11-12 15:00:00,86.04992,117.64952,246.39803314208984
1271,2019-11-12 16:00:00,86.05432,117.68158,246.3765106201172
1272,2019-11-12 17:00:00,86.05847,117.71195999999998,246.38336181640625
1273,2019-11-12 18:00:00,86.0623,117.73752999999999,246.3913345336914
1274,2019-11-12 19:00:00,86.06601,117.75959999999998,246.37266540527344
1275,2019-11-12 20:00:00,86.06963,117.77796000000001,246.36046600341797
1276,2019-11-12 21:00:00,86.07326,117.79147,246.3340301513672
1277,2019-11-12 22:00:00,86.07714,117.80398000000002,246.28762817382812
1278,2019-11-12 23:00:00,86.08129,117.81857000000002,246.23915100097656
1279,2019-11-13 00:00:00,86.08551,117.83783,246.19713592529297
1280,2019-11-13 01:00:00,86.0896,117.86181999999997,246.15573120117188
1281,2019-11-13 02:00:00,86.09321,117.89103,246.08020782470703
1282,2019-11-13 03:00:00,86.09614,117.92122,246.03961944580078
1283,2019-11-13 04:00:00,86.09848,117.94702000000001,246.06797790527344
1284,2019-11-13 05:00:00,86.10057,117.96497999999997,246.0250701904297
1285,2019-11-13 06:00:00,86.10266,117.97679,245.95337677001953
1286,2019-11-13 07:00:00,86.10479,117.98417,245.86234283447266
1287,2019-11-13 08:00:00,86.10671,117.98419999999999,245.80963134765625
1288,2019-11-13 09:00:00,86.10877,117.97852999999998,245.78662109375
1289,2019-11-13 10:00:00,86.11108,117.97309000000001,245.74677276611328
1290,2019-11-13 11:00:00,86.1136,117.96846,245.67781829833984
1291,2019-11-13 12:00:00,86.11622,117.96640000000002,245.59197235107422
1292,2019-11-13 13:00:00,86.11879,117.96551,245.80838775634766
1293,2019-11-13 14:00:00,86.12109,117.96668,245.82237243652344
1294,2019-11-13 15:00:00,86.12311,117.97060999999997,245.78756713867188
1295,2019-11-13 16:00:00,86.12502,117.98136,245.7289581298828
1296,2019-11-13 17:00:00,86.1266,117.99412000000001,245.6537322998047
1297,2019-11-13 18:00:00,86.12825,118.00132000000002,245.5789794921875
1298,2019-11-13 19:00:00,86.13009,118.01715999999999,245.4908905029297
1299,2019-11-13 20:00:00,86.13231,118.03088000000002,245.3827133178711
1300,2019-11-13 21:00:00,86.1353,118.04218000000003,245.27378845214844
1301,2019-11-13 22:00:00,86.13894,118.05351000000002,245.1969451904297
1302,2019-11-13 23:00:00,86.14279,118.06414999999998,245.14473724365234
1303,2019-11-14 00:00:00,86.1466,118.07668999999999,245.10963439941406
1304,2019-11-14 01:00:00,86.15023,118.09302000000002,245.08816528320312
1305,2019-11-14 02:00:00,86.15363,118.11336,245.06929779052734
1306,2019-11-14 03:00:00,86.15672,118.13650000000001,245.0621795654297
1307,2019-11-14 04:00:00,86.15924,118.16102000000001,245.06301879882812
1308,2019-11-14 05:00:00,86.16119,118.18394999999998,245.0564422607422
1309,2019-11-14 06:00:00,86.16283,118.20364000000001,245.05738067626953
1310,2019-11-14 07:00:00,86.16441,118.21829000000002,245.1601791381836
1311,2019-11-14 08:00:00,86.16615,118.22755999999998,245.4188232421875
1312,2019-11-14 09:00:00,86.16789,118.23450000000003,245.7973403930664
1313,2019-11-14 10:00:00,86.16989,118.23768999999999,246.17738342285156
1314,2019-11-14 11:00:00,86.17207,118.24083000000002,246.40470123291016
1315,2019-11-14 12:00:00,86.17425,118.24529000000001,246.49608612060547
1316,2019-11-14 13:00:00,86.17632,118.25299000000001,246.53692626953125
1317,2019-11-14 14:00:00,86.17814,118.26440000000002,246.76029205322266
1318,2019-11-14 15:00:00,86.17961,118.27713,246.94266510009766
1319,2019-11-14 16:00:00,86.18082,118.29101000000003,246.8830795288086
1320,2019-11-14 17:00:00,86.18168,118.30464999999998,246.6834945678711
1321,2019-11-14 18:00:00,86.18216,118.31567000000001,246.34809112548828
1322,2019-11-14 19:00:00,86.18246,118.32196999999996,246.09069061279297
1323,2019-11-14 20:00:00,86.18274,118.32303000000002,245.89917755126953
1324,2019-11-14 21:00:00,86.18325,118.31943000000001,245.79407501220703
1325,2019-11-14 22:00:00,86.18414,118.31306999999998,245.74980926513672
1326,2019-11-14 23:00:00,86.18531,118.30723,245.7279281616211
1327,2019-11-15 00:00:00,86.18665,118.30552,245.68762969970703
1328,2019-11-15 01:00:00,86.18805,118.30858999999998,245.6725082397461
1329,2019-11-15 02:00:00,86.18916,118.31677000000002,245.77629852294922
1330,2019-11-15 03:00:00,86.18986,118.3297,245.93215942382812
1331,2019-11-15 04:00:00,86.19006,118.3449,245.99634552001953
1332,2019-11-15 05:00:00,86.18991,118.36216000000002,246.01775360107422
1333,2019-11-15 06:00:00,86.1895,118.37905,246.14832305908203
1334,2019-11-15 07:00:00,86.18896,118.39490999999998,246.26470184326172
1335,2019-11-15 08:00:00,86.18849,118.40967999999998,246.3264389038086
1336,2019-11-15 09:00:00,86.18827,118.42325,246.32010650634766
1337,2019-11-15 10:00:00,86.18876,118.43899999999996,246.2470932006836
1338,2019-11-15 11:00:00,86.18997,118.46062999999998,246.2436981201172
1339,2019-11-15 12:00:00,86.19158,118.48547000000002,246.35811614990234
1340,2019-11-15 13:00:00,86.19317,118.52395000000001,246.63742065429688
1341,2019-11-15 14:00:00,86.19456,118.57598000000002,247.23746490478516
1342,2019-11-15 15:00:00,86.19535,118.64299,248.03723907470703
1343,2019-11-15 16:00:00,86.19557,118.71042,248.7358169555664
1344,2019-11-15 17:00:00,86.19496,118.78095000000002,249.35393524169922
1345,2019-11-15 18:00:00,86.19445,118.85021,249.8480224609375
1346,2019-11-15 19:00:00,86.19408,118.91964000000002,249.9989471435547
1347,2019-11-15 20:00:00,86.19358,118.99212999999997,250.02787017822266
1348,2019-11-15 21:00:00,86.19279,119.06642999999997,250.21118927001953
1349,2019-11-15 22:00:00,86.19169,119.14423999999997,250.37062072753906
1350,2019-11-15 23:00:00,86.19073,119.22339999999997,250.47138214111328
1351,2019-11-16 00:00:00,86.19003,119.31443999999999,250.65503692626953
1352,2019-11-16 01:00:00,86.18877,119.42043999999999,250.96115112304688
1353,2019-11-16 02:00:00,86.18727,119.52629000000002,251.35772705078125
1354,2019-11-16 03:00:00,86.18559,119.63506000000001,251.8697967529297
1355,2019-11-16 04:00:00,86.18378,119.75024000000002,252.55780029296875
1356,2019-11-16 05:00:00,86.18195,119.86723,253.58726501464844
1357,2019-11-16 06:00:00,86.17999,119.99310000000003,254.17066955566406
1358,2019-11-16 07:00:00,86.17757,120.13238000000001,254.43499755859375
1359,2019-11-16 08:00:00,86.17436,120.28147000000001,254.60719299316406
1360,2019-11-16 09:00:00,86.17062,120.44477999999998,254.9293975830078
1361,2019-11-16 10:00:00,86.16673,120.60816999999997,254.9862518310547
1362,2019-11-16 11:00:00,86.16299,120.77328999999997,254.57861328125
1363,2019-11-16 12:00:00,86.15975,120.93213000000003,254.51329040527344
1364,2019-11-16 13:00:00,86.15718,121.09989000000002,254.9817657470703
1365,2019-11-16 14:00:00,86.15492,121.27611000000002,255.52693939208984
1366,2019-11-16 15:00:00,86.15289,121.45850000000002,255.92648315429688
1367,2019-11-16 16:00:00,86.15052,121.64048000000003,256.3270263671875
1368,2019-11-16 17:00:00,86.14727,121.81979000000001,256.90840911865234
1369,2019-11-16 18:00:00,86.14319,121.99164999999999,257.46478271484375
1370,2019-11-16 19:00:00,86.1372,122.13569000000001,258.0062561035156
1371,2019-11-16 20:00:00,86.12945,122.25009999999997,258.6022491455078
1372,2019-11-16 21:00:00,86.12143,122.33042999999998,259.15782928466797
1373,2019-11-16 22:00:00,86.11302,122.38448,259.41463470458984
1374,2019-11-16 23:00:00,86.10411,122.41993000000002,258.44921875
1375,2019-11-17 00:00:00,86.09464,122.44344000000001,258.2664489746094
1376,2019-11-17 01:00:00,86.08474,122.44436000000002,256.6448745727539
1377,2019-11-17 02:00:00,86.07516,122.43345,254.31397247314453
1378,2019-11-17 03:00:00,86.06683,122.42187000000001,252.01815795898438
1379,2019-11-17 04:00:00,86.05985,122.43988999999999,251.45460510253906
1380,2019-11-17 05:00:00,86.05213,122.47379000000001,251.63858032226562
1381,2019-11-17 06:00:00,86.04374,122.51641000000001,251.06199645996094
1382,2019-11-17 07:00:00,86.0355,122.55131,250.20742797851562
1383,2019-11-17 08:00:00,86.02747,122.58401000000003,249.79727935791016
1384,2019-11-17 09:00:00,86.01967,122.60689000000002,249.73470306396484
1385,2019-11-17 10:00:00,86.01197,122.60793999999999,249.64637756347656
1386,2019-11-17 11:00:00,86.00408,122.57731999999999,249.66521453857422
1387,2019-11-17 12:00:00,85.99615,122.50650999999999,249.71442413330078
1388,2019-11-17 13:00:00,85.9886,122.41282999999999,249.5856170654297
1389,2019-11-17 14:00:00,85.9819,122.31600000000003,249.33529663085938
1390,2019-11-17 15:00:00,85.97749,122.23829,249.14527893066406
1391,2019-11-17 16:00:00,85.97264,122.18273999999997,249.20574188232422
1392,2019-11-17 17:00:00,85.96549,122.11059,249.4951171875
1393,2019-11-17 18:00:00,85.95603,122.04885000000002,249.84547424316406
1394,2019-11-17 19:00:00,85.94693,121.97145999999998,250.20154571533203
1395,2019-11-17 20:00:00,85.93855,121.89251999999999,250.48495483398438
1396,2019-11-17 21:00:00,85.92877,121.80902000000003,250.65049743652344
1397,2019-11-17 22:00:00,85.9183,121.71294999999998,250.62842559814453
1398,2019-11-17 23:00:00,85.90755,121.59875999999997,250.59552764892578
1399,2019-11-18 00:00:00,85.89753,121.47030000000001,250.4995574951172
1400,2019-11-18 01:00:00,85.8884,121.33546000000001,250.43133544921875
1401,2019-11-18 02:00:00,85.88025,121.20325000000003,250.34513092041016
1402,2019-11-18 03:00:00,85.8728,121.07538,250.2681655883789
1403,2019-11-18 04:00:00,85.86579,120.97419000000002,250.17064666748047
1404,2019-11-18 05:00:00,85.85951,120.88148999999999,250.05179595947266
1405,2019-11-18 06:00:00,85.85326,120.80435,249.95597076416016
1406,2019-11-18 07:00:00,85.84728,120.74905999999999,249.8649139404297
1407,2019-11-18 08:00:00,85.84125,120.70418000000001,249.75849151611328
1408,2019-11-18 09:00:00,85.83518,120.65877999999998,249.6523666381836
1409,2019-11-18 10:00:00,85.82925,120.6121,249.5244903564453
1410,2019-11-18 11:00:00,85.8235,120.56076000000002,249.3835220336914
1411,2019-11-18 12:00:00,85.81815,120.5007,249.25228881835938
1412,2019-11-18 13:00:00,85.81375,120.43648000000002,249.07823181152344
1413,2019-11-18 14:00:00,85.81073,120.37763999999999,248.86327362060547
1414,2019-11-18 15:00:00,85.80887,120.33110999999997,248.65009307861328
1415,2019-11-18 16:00:00,85.80758,120.30142000000001,248.5071258544922
1416,2019-11-18 17:00:00,85.80663,120.29430000000002,248.5202407836914
1417,2019-11-18 18:00:00,85.80549,120.31115,248.6145782470703
1418,2019-11-18 19:00:00,85.80413,120.34629999999999,248.8017349243164
1419,2019-11-18 20:00:00,85.80267,120.38936999999999,249.13392639160156
1420,2019-11-18 21:00:00,85.8012,120.43106999999998,249.54754638671875
1421,2019-11-18 22:00:00,85.79998,120.46046000000001,250.00277709960938
1422,2019-11-18 23:00:00,85.79896,120.47261000000003,250.52388763427734
1423,2019-11-19 00:00:00,85.79829,120.47035,251.12981414794922
1424,2019-11-19 01:00:00,85.79809,120.46215000000001,251.75521850585938
1425,2019-11-19 02:00:00,85.79888,120.45105000000001,252.39684295654297
1426,2019-11-19 03:00:00,85.8004,120.44432,252.92217254638672
1427,2019-11-19 04:00:00,85.80163,120.45488,253.3705825805664
1428,2019-11-19 05:00:00,85.80249,120.48088999999999,253.72999572753906
1429,2019-11-19 06:00:00,85.80251,120.52267,253.94857788085938
1430,2019-11-19 07:00:00,85.80142,120.57749999999999,254.11690521240234
1431,2019-11-19 08:00:00,85.79998,120.63278000000003,254.20127868652344
1432,2019-11-19 09:00:00,85.79792,120.68646000000001,254.24191284179688
1433,2019-11-19 10:00:00,85.79578,120.72426000000002,254.37582397460938
1434,2019-11-19 11:00:00,85.7939,120.75018999999998,254.54933166503906
1435,2019-11-19 12:00:00,85.79244,120.77026999999998,254.7207260131836
1436,2019-11-19 13:00:00,85.7912,120.79093999999998,255.03330993652344
1437,2019-11-19 14:00:00,85.78988,120.81954000000002,255.3982162475586
1438,2019-11-19 15:00:00,85.78827,120.85549000000003,255.67786407470703
1439,2019-11-19 16:00:00,85.78601,120.89774,255.8495635986328
1440,2019-11-19 17:00:00,85.78315,120.95493999999997,255.71166229248047
1441,2019-11-19 18:00:00,85.77984,121.02395999999999,256.03143310546875
1442,2019-11-19 19:00:00,85.77614,121.0994,256.3161392211914
1443,2019-11-19 20:00:00,85.77244,121.17003,256.52127838134766
1444,2019-11-19 21:00:00,85.76898,121.23061999999999,256.5914077758789
1445,2019-11-19 22:00:00,85.76598,121.27978999999999,256.6338882446289
1446,2019-11-19 23:00:00,85.76367,121.31849999999997,256.6399383544922
1447,2019-11-20 00:00:00,85.76226,121.35131999999999,256.57643127441406
1448,2019-11-20 01:00:00,85.76157,121.38400999999999,256.4240493774414
1449,2019-11-20 02:00:00,85.76189,121.41847000000001,256.1604690551758
1450,2019-11-20 03:00:00,85.76301,121.45969000000002,255.8264923095703
1451,2019-11-20 04:00:00,85.76432,121.50826,255.53477478027344
1452,2019-11-20 05:00:00,85.7654,121.55808999999999,255.40215301513672
1453,2019-11-20 06:00:00,85.76598,121.60131000000001,255.33192443847656
1454,2019-11-20 07:00:00,85.76565,121.62894,255.02581024169922
1455,2019-11-20 08:00:00,85.76478,121.63940000000002,254.6322479248047
1456,2019-11-20 09:00:00,85.76347,121.63475,254.25547790527344
1457,2019-11-20 10:00:00,85.76182,121.61104999999998,254.05118560791016
1458,2019-11-20 11:00:00,85.76026,121.56664999999998,253.85598754882812
1459,2019-11-20 12:00:00,85.75921,121.51589000000001,253.6011199951172
1460,2019-11-20 13:00:00,85.75888,121.46787999999998,253.36843872070312
1461,2019-11-20 14:00:00,85.75889,121.4291,253.31747436523438
1462,2019-11-20 15:00:00,85.75903,121.39661000000001,253.35440826416016
1463,2019-11-20 16:00:00,85.7589,121.36991999999998,253.3999786376953
1464,2019-11-20 17:00:00,85.75837,121.34632999999997,253.3099594116211
1465,2019-11-20 18:00:00,85.75761,121.32772999999997,253.18505859375
1466,2019-11-20 19:00:00,85.75611,121.30754999999999,253.0055389404297
1467,2019-11-20 20:00:00,85.75399,121.28359,252.8575668334961
1468,2019-11-20 21:00:00,85.75167,121.25256999999999,252.7574920654297
1469,2019-11-20 22:00:00,85.74928,121.21262999999999,252.57636260986328
1470,2019-11-20 23:00:00,85.74739,121.16574000000003,252.2466049194336
1471,2019-11-21 00:00:00,85.74609,121.11311999999998,251.96800994873047
1472,2019-11-21 01:00:00,85.74555,121.06666999999999,251.74492645263672
1473,2019-11-21 02:00:00,85.7453,121.02582999999998,251.46236419677734
1474,2019-11-21 03:00:00,85.74513,120.99268000000001,251.1438980102539
1475,2019-11-21 04:00:00,85.745,120.97021999999998,250.83296966552734
1476,2019-11-21 05:00:00,85.74466,120.95706000000001,250.58299255371094
1477,2019-11-21 06:00:00,85.74396,120.94979999999998,250.46007537841797
1478,2019-11-21 07:00:00,85.74297,120.94536,250.30953216552734
1479,2019-11-21 08:00:00,85.74189,120.93923000000001,250.1580581665039
1480,2019-11-21 09:00:00,85.74082,120.93020000000001,249.98167419433594
1481,2019-11-21 10:00:00,85.74003,120.91898000000003,249.8247528076172
1482,2019-11-21 11:00:00,85.73959,120.90651000000003,249.77100372314453
1483,2019-11-21 12:00:00,85.73931,120.89168999999998,249.77771759033203
1484,2019-11-21 13:00:00,85.73929,120.87724000000003,249.80242156982422
1485,2019-11-21 14:00:00,85.73962,120.86737,249.91802215576172
1486,2019-11-21 15:00:00,85.74011,120.86198000000002,249.98956298828125
1487,2019-11-21 16:00:00,85.74044,120.86063999999999,250.04226684570312
1488,2019-11-21 17:00:00,85.74047,120.86289,250.10572052001953
1489,2019-11-21 18:00:00,85.73997,120.86662000000001,250.1852264404297
1490,2019-11-21 19:00:00,85.73901,120.86755,250.21819305419922
1491,2019-11-21 20:00:00,85.73794,120.86642999999998,250.14160919189453
1492,2019-11-21 21:00:00,85.73699,120.86175000000003,250.1118392944336
1493,2019-11-21 22:00:00,85.73613,120.85423000000003,250.10416412353516
1494,2019-11-21 23:00:00,85.73534,120.84418,250.28914642333984
1495,2019-11-22 00:00:00,85.73493,120.83170999999999,250.5837631225586
1496,2019-11-22 01:00:00,85.73493,120.82186999999999,250.8823471069336
1497,2019-11-22 02:00:00,85.73525,120.81690000000003,251.0469207763672
1498,2019-11-22 03:00:00,85.73564,120.81319000000002,250.9786376953125
1499,2019-11-22 04:00:00,85.73575,120.81173999999999,250.7552947998047
1500,2019-11-22 05:00:00,85.73522,120.81232,250.4977798461914
1501,2019-11-22 06:00:00,85.73424,120.80917999999997,250.16017150878906
1502,2019-11-22 07:00:00,85.73284,120.79953,249.8449935913086
1503,2019-11-22 08:00:00,85.73135,120.78181000000001,249.51406860351562
1504,2019-11-22 09:00:00,85.73039,120.75151,249.36676788330078
1505,2019-11-22 10:00:00,85.73004,120.71156000000002,249.17205047607422
1506,2019-11-22 11:00:00,85.73014,120.66750000000002,248.92964935302734
1507,2019-11-22 12:00:00,85.73082,120.62025,248.67229461669922
1508,2019-11-22 13:00:00,85.73191,120.57177000000001,248.3820571899414
1509,2019-11-22 14:00:00,85.73328,120.52884,248.17579650878906
1510,2019-11-22 15:00:00,85.73443,120.49565999999999,247.99017333984375
1511,2019-11-22 16:00:00,85.73525,120.46821999999997,247.7612762451172
1512,2019-11-22 17:00:00,85.73557,120.44529,247.55614471435547
1513,2019-11-22 18:00:00,85.73539,120.42650000000003,247.38993072509766
1514,2019-11-22 19:00:00,85.73482,120.40999999999997,247.2330322265625
1515,2019-11-22 20:00:00,85.73403,120.39395000000002,247.13765716552734
1516,2019-11-22 21:00:00,85.73319,120.37849,247.03838348388672
1517,2019-11-22 22:00:00,85.73269,120.35955999999999,247.04805755615234
1518,2019-11-22 23:00:00,85.73271,120.33938999999998,247.0114974975586
1519,2019-11-23 00:00:00,85.73314,120.32082000000003,246.91397094726562
1520,2019-11-23 01:00:00,85.73384,120.30527000000001,246.8052215576172
1521,2019-11-23 02:00:00,85.73465,120.29488000000003,246.6098403930664
1522,2019-11-23 03:00:00,85.73539,120.29286000000002,246.63575744628906
1523,2019-11-23 04:00:00,85.73597,120.29993000000002,246.84801483154297
1524,2019-11-23 05:00:00,85.73616,120.31633,247.09552001953125
1525,2019-11-23 06:00:00,85.73626,120.33587,247.34986877441406
1526,2019-11-23 07:00:00,85.73638,120.35957000000002,247.53921508789062
1527,2019-11-23 08:00:00,85.73669,120.38513999999998,247.68183135986328
1528,2019-11-23 09:00:00,85.73734,120.41318999999999,247.88531494140625
1529,2019-11-23 10:00:00,85.73863,120.44289000000003,248.06671142578125
1530,2019-11-23 11:00:00,85.74074,120.47063000000003,248.2036590576172
1531,2019-11-23 12:00:00,85.74387,120.50283999999999,248.29327392578125
1532,2019-11-23 13:00:00,85.74775,120.53827999999999,248.35425567626953
1533,2019-11-23 14:00:00,85.75222,120.58449000000002,248.4303207397461
1534,2019-11-23 15:00:00,85.75675,120.64350999999999,248.51915740966797
1535,2019-11-23 16:00:00,85.76118,120.70847000000003,248.60675048828125
1536,2019-11-23 17:00:00,85.76543,120.77569,248.7007293701172
1537,2019-11-23 18:00:00,85.76966,120.83783,248.8478240966797
1538,2019-11-23 19:00:00,85.77396,120.89467000000002,249.00374603271484
1539,2019-11-23 20:00:00,85.7786,120.94209000000001,249.11856842041016
1540,2019-11-23 21:00:00,85.78401,120.98270000000002,249.1395721435547
1541,2019-11-23 22:00:00,85.79095,121.02067,249.13128662109375
1542,2019-11-23 23:00:00,85.79879,121.05692999999997,249.1419677734375
1543,2019-11-24 00:00:00,85.80754,121.09456999999998,249.1830291748047
1544,2019-11-24 01:00:00,85.81677,121.13580999999999,249.2316131591797
1545,2019-11-24 02:00:00,85.82612,121.18191000000002,249.21817779541016
1546,2019-11-24 03:00:00,85.83557,121.22922,249.1547088623047
1547,2019-11-24 04:00:00,85.84456,121.27548000000002,249.05266571044922
1548,2019-11-24 05:00:00,85.85274,121.3168,248.9321060180664
1549,2019-11-24 06:00:00,85.86031,121.34987999999998,248.8991241455078
1550,2019-11-24 07:00:00,85.8675,121.37189000000001,248.92462921142578
1551,2019-11-24 08:00:00,85.87441,121.38267000000002,248.98206329345703
1552,2019-11-24 09:00:00,85.88112,121.38182,249.05606842041016
1553,2019-11-24 10:00:00,85.88771,121.37310000000002,249.1374282836914
1554,2019-11-24 11:00:00,85.89379,121.35881999999998,249.16637420654297
1555,2019-11-24 12:00:00,85.89885,121.34291000000002,249.14781951904297
1556,2019-11-24 13:00:00,85.90297,121.32767000000001,249.07643127441406
1557,2019-11-24 14:00:00,85.90746,121.31464,249.01060485839844
1558,2019-11-24 15:00:00,85.91296,121.30450000000002,248.93968963623047
1559,2019-11-24 16:00:00,85.91915,121.29660000000001,248.8623046875
1560,2019-11-24 17:00:00,85.92563,121.28620000000001,248.77452087402344
1561,2019-11-24 18:00:00,85.93218,121.26998000000003,248.73334503173828
1562,2019-11-24 19:00:00,85.93875,121.24597,248.68643188476562
1563,2019-11-24 20:00:00,85.94536,121.21320000000003,248.57140350341797
1564,2019-11-24 21:00:00,85.9524,121.17437000000001,248.59732055664062
1565,2019-11-24 22:00:00,85.95953,121.13227999999998,248.48160552978516
1566,2019-11-24 23:00:00,85.96638,121.08965999999998,248.31967163085938
1567,2019-11-25 00:00:00,85.973,121.04865999999998,248.18444061279297
1568,2019-11-25 01:00:00,85.97987,121.00967000000003,248.02336883544922
1569,2019-11-25 02:00:00,85.98714,120.97375999999997,247.69860076904297
1570,2019-11-25 03:00:00,85.99429,120.94031999999999,247.333984375
1571,2019-11-25 04:00:00,86.00116,120.90620999999999,246.96733856201172
1572,2019-11-25 05:00:00,86.00808,120.86777999999998,246.62731170654297
1573,2019-11-25 06:00:00,86.01532,120.82457999999997,246.42327880859375
1574,2019-11-25 07:00:00,86.0225,120.77744000000001,246.31968688964844
1575,2019-11-25 08:00:00,86.02928,120.72647,246.28742218017578
1576,2019-11-25 09:00:00,86.0356,120.67401999999998,246.2155990600586
1577,2019-11-25 10:00:00,86.04159,120.61788000000001,246.09215545654297
1578,2019-11-25 11:00:00,86.04731,120.56193000000002,245.96923828125
1579,2019-11-25 12:00:00,86.05276,120.50808999999998,245.88308715820312
1580,2019-11-25 13:00:00,86.05796,120.45677999999998,245.82212829589844
1581,2019-11-25 14:00:00,86.06303,120.40750000000003,245.7249526977539
1582,2019-11-25 15:00:00,86.06791,120.35939000000002,245.59878540039062
1583,2019-11-25 16:00:00,86.07262,120.31198999999998,245.48060607910156
1584,2019-11-25 17:00:00,86.07716,120.26301999999998,245.39183807373047
1585,2019-11-25 18:00:00,86.08153,120.21181000000001,245.3199462890625
1586,2019-11-25 19:00:00,86.08563,120.15759000000003,245.2575225830078
1587,2019-11-25 20:00:00,86.08947,120.10019,245.19871520996094
1588,2019-11-25 21:00:00,86.09316,120.04011000000003,245.18138885498047
1589,2019-11-25 22:00:00,86.0968,119.97863000000001,245.2039566040039
1590,2019-11-25 23:00:00,86.10027,119.91624999999999,245.18582153320312
1591,2019-11-26 00:00:00,86.10358,119.85507000000001,245.1669158935547
1592,2019-11-26 01:00:00,86.10651,119.79289,245.1849136352539
1593,2019-11-26 02:00:00,86.10948,119.73094000000003,245.22311401367188
1594,2019-11-26 03:00:00,86.11217,119.66966000000002,245.3065185546875
1595,2019-11-26 04:00:00,86.11472,119.60985,245.34649658203125
1596,2019-11-26 05:00:00,86.11686,119.54799000000003,245.3077163696289
1597,2019-11-26 06:00:00,86.11889,119.48477000000003,245.2918243408203
1598,2019-11-26 07:00:00,86.12067,119.42006000000003,245.43567657470703
1599,2019-11-26 08:00:00,86.12246,119.35567000000003,245.59017181396484
1600,2019-11-26 09:00:00,86.12388,119.29041999999998,245.7802963256836
1601,2019-11-26 10:00:00,86.12536,119.22552999999999,245.9520721435547
1602,2019-11-26 11:00:00,86.12697,119.16134,246.111328125
1603,2019-11-26 12:00:00,86.12844,119.09794,246.2061004638672
1604,2019-11-26 13:00:00,86.12976,119.03652,246.2526092529297
1605,2019-11-26 14:00:00,86.13116,118.97757000000001,246.30821228027344
1606,2019-11-26 15:00:00,86.13236,118.91831000000002,246.3543243408203
1607,2019-11-26 16:00:00,86.13344,118.86002000000002,246.41729736328125
1608,2019-11-26 17:00:00,86.13458,118.80367999999999,246.47023010253906
1609,2019-11-26 18:00:00,86.13587,118.75358,246.49251556396484
1610,2019-11-26 19:00:00,86.13738,118.70544000000001,246.39682006835938
1611,2019-11-26 20:00:00,86.13878,118.65596,246.31575775146484
1612,2019-11-26 21:00:00,86.14026,118.60549000000003,246.4000701904297
1613,2019-11-26 22:00:00,86.14175,118.55437999999998,246.48828125
1614,2019-11-26 23:00:00,86.14322,118.50301000000002,246.58309936523438
1615,2019-11-27 00:00:00,86.14472,118.45213000000001,246.61822509765625
1616,2019-11-27 01:00:00,86.14618,118.40355999999997,246.5486297607422
1617,2019-11-27 02:00:00,86.14752,118.35759999999999,246.2541046142578
1618,2019-11-27 03:00:00,86.14876,118.31441999999998,245.82476806640625
1619,2019-11-27 04:00:00,86.15,118.27242999999999,245.31449127197266
1620,2019-11-27 05:00:00,86.15119,118.23149000000001,244.8558578491211
1621,2019-11-27 06:00:00,86.15237,118.19106,244.51905822753906
1622,2019-11-27 07:00:00,86.15355,118.14985000000001,244.27093505859375
1623,2019-11-27 08:00:00,86.15468,118.10720000000003,244.08605194091797
1624,2019-11-27 09:00:00,86.15598,118.06144999999998,243.93167114257812
1625,2019-11-27 10:00:00,86.15734,118.01310999999998,243.77906036376953
1626,2019-11-27 11:00:00,86.15854,117.96265,243.66644287109375
1627,2019-11-27 12:00:00,86.1597,117.91023999999999,243.60562133789062
1628,2019-11-27 13:00:00,86.1608,117.85595999999998,243.57366180419922
1629,2019-11-27 14:00:00,86.16185,117.80090000000001,243.52466583251953
1630,2019-11-27 15:00:00,86.16267,117.74991999999997,243.4689483642578
1631,2019-11-27 16:00:00,86.16337,117.70384000000001,243.43604278564453
1632,2019-11-27 17:00:00,86.16404,117.6601,243.42818450927734
1633,2019-11-27 18:00:00,86.16462,117.61923000000002,243.43900299072266
1634,2019-11-27 19:00:00,86.16517,117.57533000000001,243.41027069091797
1635,2019-11-27 20:00:00,86.16576,117.52837,243.38418579101562
1636,2019-11-27 21:00:00,86.16658,117.47782999999998,243.4072036743164
1637,2019-11-27 22:00:00,86.16728,117.42489,243.3185577392578
1638,2019-11-27 23:00:00,86.16784,117.37182999999999,243.16648864746094
1639,2019-11-28 00:00:00,86.16818,117.31765000000001,242.9990692138672
1640,2019-11-28 01:00:00,86.16818,117.26243999999997,242.84075927734375
1641,2019-11-28 02:00:00,86.16793,117.20738,242.65841674804688
1642,2019-11-28 03:00:00,86.16753,117.15391999999997,242.7405776977539
1643,2019-11-28 04:00:00,86.167,117.10097999999999,243.0530548095703
1644,2019-11-28 05:00:00,86.16631,117.04775999999998,243.37450408935547
1645,2019-11-28 06:00:00,86.16537,116.99405999999999,243.74359893798828
1646,2019-11-28 07:00:00,86.16421,116.93875000000003,244.10665130615234
1647,2019-11-28 08:00:00,86.1629,116.88056,244.52144622802734
1648,2019-11-28 09:00:00,86.16154,116.81677000000002,244.8227081298828
1649,2019-11-28 10:00:00,86.16037,116.75297,245.1756134033203
1650,2019-11-28 11:00:00,86.15918,116.68718000000001,245.72317504882812
1651,2019-11-28 12:00:00,86.15788,116.61325,246.25497436523438
1652,2019-11-28 13:00:00,86.15634,116.53163999999998,246.5449447631836
1653,2019-11-28 14:00:00,86.15454,116.44677999999999,246.71981048583984
1654,2019-11-28 15:00:00,86.15258,116.35624999999999,246.70645904541016
1655,2019-11-28 16:00:00,86.15027,116.26809000000003,246.61844635009766
1656,2019-11-28 17:00:00,86.14778,116.18138999999996,246.81060028076172
1657,2019-11-28 18:00:00,86.14527,116.08166,247.0970458984375
1658,2019-11-28 19:00:00,86.14279,115.9796,247.29425811767578
1659,2019-11-28 20:00:00,86.14053,115.87718000000001,247.49156188964844
1660,2019-11-28 21:00:00,86.13833,115.77195,247.5894546508789
1661,2019-11-28 22:00:00,86.13625,115.66566999999998,247.65447998046875
1662,2019-11-28 23:00:00,86.1342,115.55971999999997,247.67742919921875
1663,2019-11-29 00:00:00,86.13207,115.45524,247.67337036132812
1664,2019-11-29 01:00:00,86.12982,115.35138999999998,247.70053100585938
1665,2019-11-29 02:00:00,86.12743,115.24777,247.77230072021484
1666,2019-11-29 03:00:00,86.12493,115.14420000000001,247.91531372070312
1667,2019-11-29 04:00:00,86.12237,115.03904999999997,247.99728393554688
1668,2019-11-29 05:00:00,86.11988,114.93263000000002,247.95720672607422
1669,2019-11-29 06:00:00,86.11751,114.82643999999999,247.88948822021484
1670,2019-11-29 07:00:00,86.11542,114.72037999999998,247.8174285888672
1671,2019-11-29 08:00:00,86.1137,114.61493000000002,247.71859741210938
1672,2019-11-29 09:00:00,86.11229,114.51204999999999,247.60203552246094
1673,2019-11-29 10:00:00,86.11101,114.41091,247.50772857666016
1674,2019-11-29 11:00:00,86.10982,114.31164000000001,247.45066833496094
1675,2019-11-29 12:00:00,86.10872,114.21361000000002,247.290771484375
1676,2019-11-29 13:00:00,86.10751,114.11990000000003,246.97461700439453
1677,2019-11-29 14:00:00,86.10588,114.03476999999998,246.5966033935547
1678,2019-11-29 15:00:00,86.10369,113.95866999999998,246.2667694091797
1679,2019-11-29 16:00:00,86.10116,113.88718,246.05963897705078
1680,2019-11-29 17:00:00,86.09841,113.81810000000002,246.02239990234375
1681,2019-11-29 18:00:00,86.0955,113.75047999999998,246.21063232421875
1682,2019-11-29 19:00:00,86.09265,113.68198000000001,246.50755310058594
1683,2019-11-29 20:00:00,86.08993,113.61121000000003,246.63738250732422
1684,2019-11-29 21:00:00,86.08734,113.54059999999998,246.5226593017578
1685,2019-11-29 22:00:00,86.08493,113.47255000000001,246.19072723388672
1686,2019-11-29 23:00:00,86.08258,113.40676000000002,245.81591033935547
1687,2019-11-30 00:00:00,86.08017,113.34428000000003,245.515380859375
1688,2019-11-30 01:00:00,86.07757,113.28557,245.293212890625
1689,2019-11-30 02:00:00,86.07467,113.22892999999999,245.13738250732422
1690,2019-11-30 03:00:00,86.07151,113.17406,244.96351623535156
1691,2019-11-30 04:00:00,86.06815,113.12293,244.71129608154297
1692,2019-11-30 05:00:00,86.06459,113.07612,244.46381378173828
1693,2019-11-30 06:00:00,86.06095,113.03637000000003,244.3289794921875
1694,2019-11-30 07:00:00,86.05735,112.99891000000002,244.27828979492188
1695,2019-11-30 08:00:00,86.05389,112.96380999999997,244.26070404052734
1696,2019-11-30 09:00:00,86.05055,112.93132000000003,244.25090789794922
1697,2019-11-30 10:00:00,86.04732,112.90147999999999,244.24596405029297
1698,2019-11-30 11:00:00,86.044,112.87624,244.25127410888672
1699,2019-11-30 12:00:00,86.04058,112.85237000000001,244.28633880615234
1700,2019-11-30 13:00:00,86.03704,112.83221000000003,244.35169219970703
1701,2019-11-30 14:00:00,86.03316,112.81669,244.41392517089844
1702,2019-11-30 15:00:00,86.02904,112.80479000000003,244.47203826904297
1703,2019-11-30 16:00:00,86.02495,112.79543999999999,244.5378875732422
1704,2019-11-30 17:00:00,86.02072,112.78832,244.62118530273438
1705,2019-11-30 18:00:00,86.01656,112.78248000000002,244.73248291015625
1706,2019-11-30 19:00:00,86.01258,112.77807000000001,244.84080505371094
1707,2019-11-30 20:00:00,86.00872,112.77625999999998,244.86205291748047
1708,2019-11-30 21:00:00,86.00501,112.77645999999999,244.94766235351562
1709,2019-11-30 22:00:00,86.00138,112.77996000000002,245.17242431640625
1710,2019-11-30 23:00:00,85.99782,112.78706,245.2942886352539
1711,2019-12-01 00:00:00,85.99412,112.80165999999997,245.25787353515625
1712,2019-12-01 01:00:00,85.9906,112.82326,245.3661117553711
1713,2019-12-01 02:00:00,85.98711,112.84920999999997,245.49095916748047
1714,2019-12-01 03:00:00,85.98337,112.87977999999998,245.52227020263672
1715,2019-12-01 04:00:00,85.97958,112.91227000000003,245.62918090820312
1716,2019-12-01 05:00:00,85.97596,112.94515000000001,245.71895599365234
1717,2019-12-01 06:00:00,85.97256,112.97947999999997,245.6951141357422
1718,2019-12-01 07:00:00,85.96927,113.01616000000001,245.58300018310547
1719,2019-12-01 08:00:00,85.96606,113.05335000000002,245.4095687866211
1720,2019-12-01 09:00:00,85.9629,113.09109999999998,245.23072052001953
1721,2019-12-01 10:00:00,85.95969,113.12760000000003,245.06680297851562
1722,2019-12-01 11:00:00,85.95638,113.16230999999999,244.94246673583984
1723,2019-12-01 12:00:00,85.95292,113.19380000000001,244.82479858398438
1724,2019-12-01 13:00:00,85.9493,113.22181999999998,244.69793701171875
1725,2019-12-01 14:00:00,85.94558,113.24581999999998,244.64098358154297
1726,2019-12-01 15:00:00,85.94186,113.26749000000001,244.89234924316406
1727,2019-12-01 16:00:00,85.93815,113.28784000000002,245.11920166015625
1728,2019-12-01 17:00:00,85.93464,113.30768,245.19723510742188
1729,2019-12-01 18:00:00,85.93153,113.32893000000001,245.2400894165039
1730,2019-12-01 19:00:00,85.92886,113.35253,245.24783325195312
1731,2019-12-01 20:00:00,85.92678,113.37882000000002,245.16776275634766
1732,2019-12-01 21:00:00,85.92528,113.40782999999999,245.02025604248047
1733,2019-12-01 22:00:00,85.92433,113.43975,244.91149139404297
1734,2019-12-01 23:00:00,85.92375,113.47388000000001,244.8794174194336
1735,2019-12-02 00:00:00,85.9234,113.50934999999998,244.8704605102539
1736,2019-12-02 01:00:00,85.92315,113.54541999999998,244.87245178222656
1737,2019-12-02 02:00:00,85.92298,113.58121,244.89247131347656
1738,2019-12-02 03:00:00,85.92284,113.61709000000002,244.92906188964844
1739,2019-12-02 04:00:00,85.92271,113.65352999999999,244.9781951904297
1740,2019-12-02 05:00:00,85.92258,113.69110999999998,245.0345230102539
1741,2019-12-02 06:00:00,85.92247,113.72917000000001,245.1139144897461
1742,2019-12-02 07:00:00,85.92248,113.76818000000003,245.1883087158203
1743,2019-12-02 08:00:00,85.92276,113.80856,245.23944091796875
1744,2019-12-02 09:00:00,85.92338,113.85016000000002,245.27433013916016
1745,2019-12-02 10:00:00,85.92434,113.89276000000001,245.29324340820312
1746,2019-12-02 11:00:00,85.92564,113.93551000000002,245.32080078125
1747,2019-12-02 12:00:00,85.92735,113.98034000000001,245.42724609375
1748,2019-12-02 13:00:00,85.92938,114.02857,245.74703216552734
1749,2019-12-02 14:00:00,85.93144,114.08193,246.18309020996094
1750,2019-12-02 15:00:00,85.93381,114.14150999999998,246.5889434814453
1751,2019-12-02 16:00:00,85.93638,114.20571999999999,246.9077911376953
1752,2019-12-02 17:00:00,85.93917,114.27467999999999,247.10694885253906
1753,2019-12-02 18:00:00,85.9422,114.34931,247.12439727783203
1754,2019-12-02 19:00:00,85.9455,114.43117000000001,247.2043914794922
1755,2019-12-02 20:00:00,85.9491,114.52118000000002,247.32850646972656
1756,2019-12-02 21:00:00,85.95329,114.61144000000002,247.46794891357422
1757,2019-12-02 22:00:00,85.95797,114.70925999999997,247.9417266845703
1758,2019-12-02 23:00:00,85.96302,114.81148000000002,248.6185760498047
1759,2019-12-03 00:00:00,85.96837,114.91766000000001,248.96096801757812
1760,2019-12-03 01:00:00,85.97366,115.02629000000002,249.28944396972656
1761,2019-12-03 02:00:00,85.9789,115.13731999999999,249.46971893310547
1762,2019-12-03 03:00:00,85.98402,115.24885999999998,249.68476104736328
1763,2019-12-03 04:00:00,85.98905,115.36048,249.91181182861328
1764,2019-12-03 05:00:00,85.99394,115.47271999999998,250.07903289794922
1765,2019-12-03 06:00:00,85.99872,115.58406000000002,250.28173828125
1766,2019-12-03 07:00:00,86.00344,115.69623000000001,250.4779815673828
1767,2019-12-03 08:00:00,86.00802,115.81040999999999,250.58642578125
1768,2019-12-03 09:00:00,86.01265,115.92482999999999,250.64929962158203
1769,2019-12-03 10:00:00,86.01712,116.04000000000002,250.76073455810547
1770,2019-12-03 11:00:00,86.02156,116.15298999999999,250.9335174560547
1771,2019-12-03 12:00:00,86.02578,116.26490999999999,251.0982208251953
1772,2019-12-03 13:00:00,86.03006,116.37284,251.23925018310547
1773,2019-12-03 14:00:00,86.03427,116.47899000000001,251.38924407958984
1774,2019-12-03 15:00:00,86.03856,116.58285000000001,251.56391143798828
1775,2019-12-03 16:00:00,86.04315,116.68605000000002,251.66217041015625
1776,2019-12-03 17:00:00,86.04767,116.79101000000003,251.6356964111328
1777,2019-12-03 18:00:00,86.05219,116.89516000000003,251.62974548339844
1778,2019-12-03 19:00:00,86.05637,117.00061,251.72649383544922
1779,2019-12-03 20:00:00,86.06023,117.10522000000003,251.89988708496094
1780,2019-12-03 21:00:00,86.06424,117.20862999999997,252.1072998046875
1781,2019-12-03 22:00:00,86.06805,117.31074000000001,252.2848129272461
1782,2019-12-03 23:00:00,86.07187,117.4099,252.46511840820312
1783,2019-12-04 00:00:00,86.07548,117.50887,252.7908935546875
1784,2019-12-04 01:00:00,86.07896,117.60894000000002,252.89817810058594
1785,2019-12-04 02:00:00,86.08246,117.70974000000001,252.99857330322266
1786,2019-12-04 03:00:00,86.08587,117.81133,253.0666961669922
1787,2019-12-04 04:00:00,86.08909,117.91482000000002,253.11602783203125
1788,2019-12-04 05:00:00,86.09202,118.02058,253.16725158691406
1789,2019-12-04 06:00:00,86.09471,118.12949000000003,253.2477798461914
1790,2019-12-04 07:00:00,86.09715,118.24038999999999,253.35020446777344
1791,2019-12-04 08:00:00,86.09904,118.35314,253.4445037841797
1792,2019-12-04 09:00:00,86.10075,118.46488999999997,253.47837829589844
1793,2019-12-04 10:00:00,86.10258,118.57056,253.47557067871094
1794,2019-12-04 11:00:00,86.10472,118.66993000000002,253.45769500732422
1795,2019-12-04 12:00:00,86.10707,118.76522999999997,253.27638244628906
1796,2019-12-04 13:00:00,86.10961,118.85991999999999,253.02615356445312
1797,2019-12-04 14:00:00,86.11234,118.95562000000001,252.74173736572266
1798,2019-12-04 15:00:00,86.11504,119.05606,252.56451416015625
1799,2019-12-04 16:00:00,86.11736,119.16421000000003,252.31275177001953
1800,2019-12-04 17:00:00,86.11913,119.27980000000002,251.87728118896484
1801,2019-12-04 18:00:00,86.12061,119.39643999999998,251.65260314941406
1802,2019-12-04 19:00:00,86.12173,119.51321999999999,251.42880249023438
1803,2019-12-04 20:00:00,86.12273,119.62585999999999,251.29120635986328
1804,2019-12-04 21:00:00,86.12371,119.72739999999999,251.27317810058594
1805,2019-12-04 22:00:00,86.12489,119.81983000000002,251.25299072265625
1806,2019-12-04 23:00:00,86.12643,119.90798000000001,251.21022033691406
1807,2019-12-05 00:00:00,86.12837,119.99608,251.1619873046875
1808,2019-12-05 01:00:00,86.13065,120.08528000000001,251.00164794921875
1809,2019-12-05 02:00:00,86.13306,120.17786999999998,250.8136215209961
1810,2019-12-05 03:00:00,86.1353,120.27701000000002,250.6855697631836
1811,2019-12-05 04:00:00,86.13725,120.38123000000002,250.59940338134766
1812,2019-12-05 05:00:00,86.13877,120.48726999999997,250.6121368408203
1813,2019-12-05 06:00:00,86.13993,120.59257000000002,250.65831756591797
1814,2019-12-05 07:00:00,86.14076,120.69747000000001,250.72120666503906
1815,2019-12-05 08:00:00,86.14133,120.79802999999998,250.7620849609375
1816,2019-12-05 09:00:00,86.14174,120.89227,250.7824249267578
1817,2019-12-05 10:00:00,86.14217,120.98118,250.77735137939453
1818,2019-12-05 11:00:00,86.14248,121.06522000000001,250.7563018798828
1819,2019-12-05 12:00:00,86.14305,121.14555000000001,250.7333984375
1820,2019-12-05 13:00:00,86.14372,121.22582999999997,250.68030548095703
1821,2019-12-05 14:00:00,86.14442,121.30754999999999,250.6356201171875
1822,2019-12-05 15:00:00,86.1451,121.39182,250.62584686279297
1823,2019-12-05 16:00:00,86.14547,121.47830999999996,250.61429595947266
1824,2019-12-05 17:00:00,86.1455,121.56392,250.61278533935547
1825,2019-12-05 18:00:00,86.14523,121.64749,250.63538360595703
1826,2019-12-05 19:00:00,86.1445,121.72519,250.6580047607422
1827,2019-12-05 20:00:00,86.14347,121.79782,250.6822509765625
1828,2019-12-05 21:00:00,86.14242,121.86259999999999,250.7121810913086
1829,2019-12-05 22:00:00,86.14146,121.91862000000003,250.7487564086914
1830,2019-12-05 23:00:00,86.1409,121.96528999999998,250.82440948486328
1831,2019-12-06 00:00:00,86.14068,122.00650999999999,250.65935516357422
1832,2019-12-06 01:00:00,86.14069,122.04536999999999,250.6844024658203
1833,2019-12-06 02:00:00,86.14077,122.08266000000003,251.06708526611328
1834,2019-12-06 03:00:00,86.14083,122.11944,251.1266098022461
1835,2019-12-06 04:00:00,86.14083,122.15688999999998,251.1431655883789
1836,2019-12-06 05:00:00,86.14059,122.19326999999998,251.1063003540039
1837,2019-12-06 06:00:00,86.14026,122.22516000000002,251.04621124267578
1838,2019-12-06 07:00:00,86.13978,122.25117,250.98550415039062
1839,2019-12-06 08:00:00,86.13942,122.27088000000003,250.92658233642578
1840,2019-12-06 09:00:00,86.13906,122.28403000000003,250.85899353027344
1841,2019-12-06 10:00:00,86.1388,122.29143999999997,250.80963134765625
1842,2019-12-06 11:00:00,86.13882,122.29425000000003,250.74960327148438
1843,2019-12-06 12:00:00,86.13912,122.29356000000001,250.68048095703125
1844,2019-12-06 13:00:00,86.1398,122.29147999999998,250.65261840820312
1845,2019-12-06 14:00:00,86.14064,122.29009000000002,250.63726043701172
1846,2019-12-06 15:00:00,86.14167,122.28877999999997,250.62865447998047
1847,2019-12-06 16:00:00,86.14282,122.28764999999999,250.64456176757812
1848,2019-12-06 17:00:00,86.14384,122.28849000000002,250.6709747314453
1849,2019-12-06 18:00:00,86.14469,122.28910000000002,250.6961212158203
1850,2019-12-06 19:00:00,86.14529,122.28875,250.73186492919922
1851,2019-12-06 20:00:00,86.14571,122.28562,250.77718353271484
1852,2019-12-06 21:00:00,86.14605,122.27877000000001,250.84765625
1853,2019-12-06 22:00:00,86.14647,122.26832000000002,250.90222930908203
1854,2019-12-06 23:00:00,86.14708,122.25362000000001,250.94771575927734
1855,2019-12-07 00:00:00,86.148,122.23786999999999,250.9625244140625
1856,2019-12-07 01:00:00,86.14918,122.22071,250.9807586669922
1857,2019-12-07 02:00:00,86.1506,122.20526999999998,250.9754180908203
1858,2019-12-07 03:00:00,86.15218,122.19211000000001,250.91041564941406
1859,2019-12-07 04:00:00,86.15377,122.18339000000003,250.87740325927734
1860,2019-12-07 05:00:00,86.15517,122.17716000000001,250.8321075439453
1861,2019-12-07 06:00:00,86.15655,122.17257999999998,250.6928939819336
1862,2019-12-07 07:00:00,86.15782,122.16682000000003,250.3300552368164
1863,2019-12-07 08:00:00,86.15909,122.16021,249.936279296875
1864,2019-12-07 09:00:00,86.16036,122.15223000000003,249.4101104736328
1865,2019-12-07 10:00:00,86.16165,122.14105999999998,248.94808959960938
1866,2019-12-07 11:00:00,86.16304,122.12553000000003,248.57810974121094
1867,2019-12-07 12:00:00,86.16475,122.10694000000001,248.26402282714844
1868,2019-12-07 13:00:00,86.16692,122.08774,248.00941467285156
1869,2019-12-07 14:00:00,86.16931,122.06833,247.81275939941406
1870,2019-12-07 15:00:00,86.17196,122.04836999999998,247.6398468017578
1871,2019-12-07 16:00:00,86.17516,122.02679,247.4930419921875
1872,2019-12-07 17:00:00,86.17859,122.00223,247.36769104003906
1873,2019-12-07 18:00:00,86.18224,121.97388000000001,247.24404907226562
1874,2019-12-07 19:00:00,86.18602,121.93689999999998,247.1155776977539
1875,2019-12-07 20:00:00,86.19021,121.89382,247.04469299316406
1876,2019-12-07 21:00:00,86.19534,121.84476999999998,246.9810028076172
1877,2019-12-07 22:00:00,86.20132,121.78836999999999,246.8895721435547
1878,2019-12-07 23:00:00,86.20843,121.72593999999998,246.87644958496094
1879,2019-12-08 00:00:00,86.21597,121.65810999999997,247.18118286132812
1880,2019-12-08 01:00:00,86.22363,121.59627,247.43333435058594
1881,2019-12-08 02:00:00,86.23113,121.54493000000002,247.56122589111328
1882,2019-12-08 03:00:00,86.23844,121.50387999999998,247.53730010986328
1883,2019-12-08 04:00:00,86.24554,121.47168999999997,247.48056030273438
1884,2019-12-08 05:00:00,86.25236,121.44632000000001,247.38446044921875
1885,2019-12-08 06:00:00,86.25885,121.42518000000001,247.23241424560547
1886,2019-12-08 07:00:00,86.26501,121.40481,247.0580062866211
1887,2019-12-08 08:00:00,86.27092,121.38348000000002,246.89892578125
1888,2019-12-08 09:00:00,86.27662,121.36005,246.7117919921875
1889,2019-12-08 10:00:00,86.28222,121.33472,246.44489288330078
1890,2019-12-08 11:00:00,86.28794,121.30813,246.1966094970703
1891,2019-12-08 12:00:00,86.29388,121.28159,245.98545837402344
1892,2019-12-08 13:00:00,86.30008,121.25673999999998,245.82618713378906
1893,2019-12-08 14:00:00,86.30642,121.23372,245.7077865600586
1894,2019-12-08 15:00:00,86.31264,121.21456,245.62621307373047
1895,2019-12-08 16:00:00,86.31861,121.20217000000002,245.55059814453125
1896,2019-12-08 17:00:00,86.32433,121.19283000000001,245.49539947509766
1897,2019-12-08 18:00:00,86.32977,121.18545,245.47450256347656
1898,2019-12-08 19:00:00,86.33482,121.17847999999998,245.45809173583984
1899,2019-12-08 20:00:00,86.33956,121.16894000000002,245.42784881591797
1900,2019-12-08 21:00:00,86.34417,121.15492999999998,245.392333984375
1901,2019-12-08 22:00:00,86.34875,121.13695999999999,245.35709381103516
1902,2019-12-08 23:00:00,86.35328,121.11592000000002,245.31300354003906
1903,2019-12-09 00:00:00,86.35784,121.09318000000002,245.33690643310547
1904,2019-12-09 01:00:00,86.36253,121.07067,245.29996490478516
1905,2019-12-09 02:00:00,86.36735,121.04994999999997,245.25675201416016
1906,2019-12-09 03:00:00,86.37214,121.03183000000001,245.2632598876953
1907,2019-12-09 04:00:00,86.3769,121.01549999999997,245.34931182861328
1908,2019-12-09 05:00:00,86.38166,120.99986000000001,245.70348358154297
1909,2019-12-09 06:00:00,86.3863,120.98451999999997,246.0445556640625
1910,2019-12-09 07:00:00,86.39076,120.96983,246.30458068847656
1911,2019-12-09 08:00:00,86.39509,120.95571000000001,246.34052276611328
1912,2019-12-09 09:00:00,86.39927,120.93983000000003,246.2869644165039
1913,2019-12-09 10:00:00,86.40345,120.92304999999999,246.42098236083984
1914,2019-12-09 11:00:00,86.40772,120.90787,246.5692367553711
1915,2019-12-09 12:00:00,86.41195,120.89571999999998,246.716552734375
1916,2019-12-09 13:00:00,86.41636,120.88673,246.73927307128906
1917,2019-12-09 14:00:00,86.42094,120.88382000000001,246.55741119384766
1918,2019-12-09 15:00:00,86.4254,120.88542999999999,246.46568298339844
1919,2019-12-09 16:00:00,86.42957,120.89087,246.3592529296875
1920,2019-12-09 17:00:00,86.43355,120.90007000000003,246.20769500732422
1921,2019-12-09 18:00:00,86.43752,120.90614,246.09449005126953
1922,2019-12-09 19:00:00,86.44126,120.91003,245.87062072753906
1923,2019-12-09 20:00:00,86.4448,120.91212000000002,245.55076599121094
1924,2019-12-09 21:00:00,86.44839,120.90957000000003,245.24612426757812
1925,2019-12-09 22:00:00,86.45211,120.90394000000003,245.01697540283203
1926,2019-12-09 23:00:00,86.45599,120.90012000000002,244.84589385986328
1927,2019-12-10 00:00:00,86.46007,120.89935000000003,244.70465087890625
1928,2019-12-10 01:00:00,86.46448,120.90456,244.60838317871094
1929,2019-12-10 02:00:00,86.46893,120.91120000000001,244.58304595947266
1930,2019-12-10 03:00:00,86.47344,120.92070999999999,244.6075897216797
1931,2019-12-10 04:00:00,86.47809,120.93799000000001,244.68387603759766
1932,2019-12-10 05:00:00,86.48258,120.95673999999997,244.73580169677734
1933,2019-12-10 06:00:00,86.48698,120.97915,244.72450256347656
1934,2019-12-10 07:00:00,86.49097,120.99694999999997,244.7237091064453
1935,2019-12-10 08:00:00,86.49476,121.01215000000002,244.78926849365234
1936,2019-12-10 09:00:00,86.49815,121.02231999999998,244.9083023071289
1937,2019-12-10 10:00:00,86.50141,121.03310999999997,244.9987335205078
1938,2019-12-10 11:00:00,86.50439,121.0385,245.03008270263672
1939,2019-12-10 12:00:00,86.50742,121.04142000000002,245.01859283447266
1940,2019-12-10 13:00:00,86.51062,121.04344000000003,245.01284790039062
1941,2019-12-10 14:00:00,86.51385,121.04255,245.00226593017578
1942,2019-12-10 15:00:00,86.51693,121.04028,244.9268569946289
1943,2019-12-10 16:00:00,86.51995,121.03674999999998,244.82770538330078
1944,2019-12-10 17:00:00,86.523,121.03032999999999,244.71439361572266
1945,2019-12-10 18:00:00,86.52637,121.02046999999999,244.6109161376953
1946,2019-12-10 19:00:00,86.53,121.00585000000001,244.5741195678711
1947,2019-12-10 20:00:00,86.5336,120.98981000000003,244.5552978515625
1948,2019-12-10 21:00:00,86.53694,120.96760999999998,244.54389190673828
1949,2019-12-10 22:00:00,86.54024,120.93398000000002,244.54840850830078
1950,2019-12-10 23:00:00,86.5438,120.90535999999997,244.53034210205078
1951,2019-12-11 00:00:00,86.54705,120.87806,244.47842407226562
1952,2019-12-11 01:00:00,86.55005,120.85912000000002,244.4267349243164
1953,2019-12-11 02:00:00,86.55282,120.84649000000002,244.37944793701172
1954,2019-12-11 03:00:00,86.55573,120.84072000000003,244.3110809326172
1955,2019-12-11 04:00:00,86.55825,120.83051999999998,244.23981475830078
1956,2019-12-11 05:00:00,86.56057,120.81709000000001,244.1943817138672
1957,2019-12-11 06:00:00,86.56296,120.80457000000001,244.1583023071289
1958,2019-12-11 07:00:00,86.56537,120.78938,244.11634826660156
1959,2019-12-11 08:00:00,86.56765,120.77013999999997,244.05638122558594
1960,2019-12-11 09:00:00,86.57002,120.75671,243.9858169555664
1961,2019-12-11 10:00:00,86.5724,120.74689000000001,243.91463470458984
1962,2019-12-11 11:00:00,86.57459,120.72793000000001,243.84552764892578
1963,2019-12-11 12:00:00,86.57658,120.69799999999998,243.76492309570312
1964,2019-12-11 13:00:00,86.57836,120.66363999999999,243.68091583251953
1965,2019-12-11 14:00:00,86.57996,120.62347999999997,243.5917739868164
1966,2019-12-11 15:00:00,86.58166,120.58238,243.49889373779297
1967,2019-12-11 16:00:00,86.58344,120.54228999999998,243.4072723388672
1968,2019-12-11 17:00:00,86.58521,120.50515999999999,243.332275390625
1969,2019-12-11 18:00:00,86.58695,120.47068999999999,243.2761688232422
1970,2019-12-11 19:00:00,86.58848,120.43597999999997,243.2397918701172
1971,2019-12-11 20:00:00,86.58963,120.4017,243.23053741455078
1972,2019-12-11 21:00:00,86.5907,120.3689,243.2359619140625
1973,2019-12-11 22:00:00,86.59174,120.33832999999998,243.2545394897461
1974,2019-12-11 23:00:00,86.59294,120.31225999999998,243.24618530273438
1975,2019-12-12 00:00:00,86.59413,120.28706999999997,243.25125885009766
1976,2019-12-12 01:00:00,86.59517,120.26306999999997,243.2806854248047
1977,2019-12-12 02:00:00,86.59613,120.23878000000002,243.33767700195312
1978,2019-12-12 03:00:00,86.59692,120.21301,243.4266586303711
1979,2019-12-12 04:00:00,86.59757,120.18662999999998,243.538330078125
1980,2019-12-12 05:00:00,86.59805,120.16183000000001,243.62732696533203
1981,2019-12-12 06:00:00,86.59844,120.13842,243.7733612060547
1982,2019-12-12 07:00:00,86.5987,120.1164,244.00933837890625
1983,2019-12-12 08:00:00,86.59881,120.09604000000002,244.25167846679688
1984,2019-12-12 09:00:00,86.59879,120.07537000000002,244.46136474609375
1985,2019-12-12 10:00:00,86.59871,120.05414999999999,244.61534881591797
1986,2019-12-12 11:00:00,86.59863,120.03203000000002,244.75619506835938
1987,2019-12-12 12:00:00,86.59855,120.00945999999999,244.91770935058594
1988,2019-12-12 13:00:00,86.59841,119.98563000000001,245.02975463867188
1989,2019-12-12 14:00:00,86.59812,119.96165000000002,245.09762573242188
1990,2019-12-12 15:00:00,86.59789,119.9377,245.1604766845703
1991,2019-12-12 16:00:00,86.59774,119.91471000000001,245.19788360595703
1992,2019-12-12 17:00:00,86.59759,119.89360999999997,245.2065658569336
1993,2019-12-12 18:00:00,86.59745,119.87342999999998,245.2343978881836
1994,2019-12-12 19:00:00,86.59727,119.85446999999999,245.27875518798828
1995,2019-12-12 20:00:00,86.59711,119.83425,245.3446044921875
1996,2019-12-12 21:00:00,86.59674,119.80498999999998,245.4642791748047
1997,2019-12-12 22:00:00,86.59627,119.76953000000003,245.5757293701172
1998,2019-12-12 23:00:00,86.59539,119.72276,245.73320770263672
1999,2019-12-13 00:00:00,86.59442,119.67331000000001,245.88790893554688
2000,2019-12-13 01:00:00,86.59346,119.61962,246.08258819580078
2001,2019-12-13 02:00:00,86.5926,119.56498999999997,246.30394744873047
2002,2019-12-13 03:00:00,86.59206,119.50970000000001,246.5202178955078
2003,2019-12-13 04:00:00,86.5919,119.46035,246.75444793701172
2004,2019-12-13 05:00:00,86.59194,119.41663,246.87345123291016
2005,2019-12-13 06:00:00,86.59213,119.37601000000001,246.87657928466797
2006,2019-12-13 07:00:00,86.59243,119.33326999999997,246.7954330444336
2007,2019-12-13 08:00:00,86.59274,119.28978999999998,246.70602416992188
2008,2019-12-13 09:00:00,86.59316,119.24507,246.59632110595703
2009,2019-12-13 10:00:00,86.59372,119.19929000000002,246.5901870727539
2010,2019-12-13 11:00:00,86.59419,119.15724999999998,246.59432220458984
2011,2019-12-13 12:00:00,86.59468,119.11829,246.66278076171875
2012,2019-12-13 13:00:00,86.59517,119.07749000000001,246.80803680419922
2013,2019-12-13 14:00:00,86.59576,119.03935000000001,246.99079132080078
2014,2019-12-13 15:00:00,86.59642,119.00317999999999,247.1294403076172
2015,2019-12-13 16:00:00,86.59707,118.96814999999998,247.27985382080078
2016,2019-12-13 17:00:00,86.59775,118.93459999999999,247.52734375
2017,2019-12-13 18:00:00,86.5984,118.90214000000003,247.93413543701172
2018,2019-12-13 19:00:00,86.59905,118.86932999999999,248.36292266845703
2019,2019-12-13 20:00:00,86.59976,118.83695999999998,248.67938995361328
2020,2019-12-13 21:00:00,86.60057,118.80466999999999,248.9927978515625
2021,2019-12-13 22:00:00,86.60143,118.77247,249.2492904663086
2022,2019-12-13 23:00:00,86.60236,118.74099000000001,249.43377685546875
2023,2019-12-14 00:00:00,86.60324,118.70916999999997,249.59394073486328
2024,2019-12-14 01:00:00,86.60425,118.68018999999998,249.79666900634766
2025,2019-12-14 02:00:00,86.60527,118.65327000000002,249.94265747070312
2026,2019-12-14 03:00:00,86.60629,118.62869999999998,250.01786041259766
2027,2019-12-14 04:00:00,86.60727,118.60660000000001,249.99462127685547
2028,2019-12-14 05:00:00,86.60821,118.58510000000001,250.03653717041016
2029,2019-12-14 06:00:00,86.60906,118.56430999999998,250.07025909423828
2030,2019-12-14 07:00:00,86.60983,118.54476,250.09417724609375
2031,2019-12-14 08:00:00,86.61063,118.52552000000003,250.19784545898438
2032,2019-12-14 09:00:00,86.61143,118.50603999999998,250.24456787109375
2033,2019-12-14 10:00:00,86.61199,118.48458,250.29246520996094
2034,2019-12-14 11:00:00,86.61261,118.46267,250.21775817871094
2035,2019-12-14 12:00:00,86.61315,118.43952999999999,250.0710906982422
2036,2019-12-14 13:00:00,86.61381,118.41773,249.7792510986328
2037,2019-12-14 14:00:00,86.61435,118.39859999999999,249.31195831298828
2038,2019-12-14 15:00:00,86.61476,118.38081,248.76760864257812
2039,2019-12-14 16:00:00,86.61519,118.36394999999999,248.16149139404297
2040,2019-12-14 17:00:00,86.61555,118.34860000000003,247.58518981933594
2041,2019-12-14 18:00:00,86.61592,118.33458999999999,247.11840057373047
2042,2019-12-14 19:00:00,86.61625,118.32130000000001,246.7570037841797
2043,2019-12-14 20:00:00,86.61652,118.30638999999996,246.49513244628906
2044,2019-12-14 21:00:00,86.61697,118.28868,246.2349853515625
2045,2019-12-14 22:00:00,86.6174,118.26837,245.9949493408203
2046,2019-12-14 23:00:00,86.61788,118.24634000000003,245.8133087158203
2047,2019-12-15 00:00:00,86.61829,118.22222999999997,245.66195678710938
2048,2019-12-15 01:00:00,86.61867,118.19752,245.54586791992188
2049,2019-12-15 02:00:00,86.61896,118.17281000000003,245.45125579833984
2050,2019-12-15 03:00:00,86.61913,118.15017999999998,245.35595703125
2051,2019-12-15 04:00:00,86.61927,118.12981000000002,245.25836181640625
2052,2019-12-15 05:00:00,86.61933,118.11157000000003,245.17871856689453
2053,2019-12-15 06:00:00,86.61929,118.09542999999996,245.12305450439453
2054,2019-12-15 07:00:00,86.61921,118.07801999999998,245.07572174072266
2055,2019-12-15 08:00:00,86.61915,118.05790000000002,245.05062103271484
2056,2019-12-15 09:00:00,86.61908,118.03535,244.9877700805664
2057,2019-12-15 10:00:00,86.61907,118.01017999999999,244.94503021240234
2058,2019-12-15 11:00:00,86.61908,117.98158999999998,245.01976013183594
2059,2019-12-15 12:00:00,86.61905,117.95049,245.1605987548828
2060,2019-12-15 13:00:00,86.61896,117.91705999999999,245.34168243408203
2061,2019-12-15 14:00:00,86.61874,117.88094000000001,245.55626678466797
2062,2019-12-15 15:00:00,86.61844,117.84548999999998,245.76636505126953
2063,2019-12-15 16:00:00,86.61807,117.81063,245.8993682861328
2064,2019-12-15 17:00:00,86.6176,117.77585999999997,245.99996948242188
2065,2019-12-15 18:00:00,86.61713,117.73981000000003,246.02710723876953
2066,2019-12-15 19:00:00,86.61652,117.70105999999998,246.16179656982422
2067,2019-12-15 20:00:00,86.6159,117.65990999999997,246.29004669189453
2068,2019-12-15 21:00:00,86.61522,117.61513000000002,246.50968170166016
2069,2019-12-15 22:00:00,86.61458,117.56735000000003,246.7900390625
2070,2019-12-15 23:00:00,86.61383,117.51299,247.08750915527344
2071,2019-12-16 00:00:00,86.61316,117.45571999999999,247.31940460205078
2072,2019-12-16 01:00:00,86.61244,117.39630999999997,247.52001953125
2073,2019-12-16 02:00:00,86.61161,117.33179999999999,247.71856689453125
2074,2019-12-16 03:00:00,86.61029,117.25765999999999,247.07215118408203
2075,2019-12-16 04:00:00,86.60886,117.18306999999999,247.18011474609375
2076,2019-12-16 05:00:00,86.60734,117.10910000000001,247.44927978515625
2077,2019-12-16 06:00:00,86.60559,117.03206999999998,247.8291778564453
2078,2019-12-16 07:00:00,86.60368,116.95335,248.23062896728516
2079,2019-12-16 08:00:00,86.60182,116.86198999999999,248.67922973632812
2080,2019-12-16 09:00:00,86.60021,116.76071999999999,249.16217041015625
2081,2019-12-16 10:00:00,86.5991,116.64357000000001,249.61622619628906
2082,2019-12-16 11:00:00,86.59854,116.52553999999998,249.9791259765625
2083,2019-12-16 12:00:00,86.59838,116.40742,250.26667022705078
2084,2019-12-16 13:00:00,86.59855,116.29077000000001,250.44300079345703
2085,2019-12-16 14:00:00,86.59894,116.17836999999997,250.52013397216797
2086,2019-12-16 15:00:00,86.59954,116.07096000000001,250.521728515625
2087,2019-12-16 16:00:00,86.60021,115.96920999999998,250.56937408447266
2088,2019-12-16 17:00:00,86.6009,115.87394,250.54722595214844
2089,2019-12-16 18:00:00,86.60158,115.78345999999999,250.36282348632812
2090,2019-12-16 19:00:00,86.60226,115.69758999999999,249.98360443115234
2091,2019-12-16 20:00:00,86.60302,115.61732999999998,249.65868377685547
2092,2019-12-16 21:00:00,86.6039,115.53964000000002,249.2109832763672
2093,2019-12-16 22:00:00,86.6049,115.46087,248.8526611328125
2094,2019-12-16 23:00:00,86.60603,115.38240000000002,248.556884765625
2095,2019-12-17 00:00:00,86.60725,115.30432000000002,247.98213958740234
2096,2019-12-17 01:00:00,86.60876,115.22735999999998,247.7972412109375
2097,2019-12-17 02:00:00,86.61052,115.15204,247.62002563476562
2098,2019-12-17 03:00:00,86.61262,115.07603,247.44837951660156
2099,2019-12-17 04:00:00,86.61453,115.00626,247.2888641357422
2100,2019-12-17 05:00:00,86.61689,114.93441999999999,247.12744140625
2101,2019-12-17 06:00:00,86.61964,114.86770999999999,246.95755004882812
2102,2019-12-17 07:00:00,86.62213,114.80344000000002,246.78173065185547
2103,2019-12-17 08:00:00,86.62474,114.74549999999999,246.62836456298828
2104,2019-12-17 09:00:00,86.62727,114.69187,246.46804809570312
2105,2019-12-17 10:00:00,86.63006,114.63836000000003,246.3177947998047
2106,2019-12-17 11:00:00,86.63311,114.58415000000002,246.17420959472656
2107,2019-12-17 12:00:00,86.63637,114.52900999999997,246.03804779052734
2108,2019-12-17 13:00:00,86.63965,114.47369000000003,245.91062927246094
2109,2019-12-17 14:00:00,86.64297,114.41840000000002,245.84849548339844
2110,2019-12-17 15:00:00,86.64625,114.36316999999997,245.8347930908203
2111,2019-12-17 16:00:00,86.64953,114.31142999999997,245.7540054321289
2112,2019-12-17 17:00:00,86.65252,114.26288999999997,245.59805297851562
2113,2019-12-17 18:00:00,86.65532,114.21771000000001,245.4623794555664
2114,2019-12-17 19:00:00,86.65784,114.17336999999998,245.34540557861328
2115,2019-12-17 20:00:00,86.66034,114.13006999999999,245.24508666992188
2116,2019-12-17 21:00:00,86.66272,114.08686999999998,245.16114807128906
2117,2019-12-17 22:00:00,86.66489,114.04273999999998,245.0881805419922
2118,2019-12-17 23:00:00,86.66698,113.99808000000002,245.0285186767578
2119,2019-12-18 00:00:00,86.66908,113.95238,244.97856903076172
2120,2019-12-18 01:00:00,86.67126,113.90633000000003,244.92236328125
2121,2019-12-18 02:00:00,86.67337,113.86176999999998,244.85604858398438
2122,2019-12-18 03:00:00,86.67543,113.81763000000001,244.77708435058594
2123,2019-12-18 04:00:00,86.67697,113.77778999999998,244.68861389160156
2124,2019-12-18 05:00:00,86.67813,113.74061,244.60289764404297
2125,2019-12-18 06:00:00,86.67899,113.70724000000001,244.52505493164062
2126,2019-12-18 07:00:00,86.67954,113.67794000000004,244.44608306884766
2127,2019-12-18 08:00:00,86.67981,113.65118000000001,244.3648452758789
2128,2019-12-18 09:00:00,86.68001,113.62481000000002,244.28638458251953
2129,2019-12-18 10:00:00,86.6802,113.59653000000003,244.2073745727539
2130,2019-12-18 11:00:00,86.68035,113.56612999999999,244.1480255126953
2131,2019-12-18 12:00:00,86.6804,113.5349,244.1238784790039
2132,2019-12-18 13:00:00,86.68043,113.50224000000003,244.13526916503906
2133,2019-12-18 14:00:00,86.68047,113.46917000000002,244.15628814697266
2134,2019-12-18 15:00:00,86.68049,113.43696999999997,244.14611053466797
2135,2019-12-18 16:00:00,86.68046,113.40609,244.08167266845703
2136,2019-12-18 17:00:00,86.68043,113.37739999999997,243.99053955078125
2137,2019-12-18 18:00:00,86.68038,113.35041999999999,243.8943862915039
2138,2019-12-18 19:00:00,86.68026,113.32553000000001,243.8044891357422
2139,2019-12-18 20:00:00,86.68008,113.3012,243.72859954833984
2140,2019-12-18 21:00:00,86.68,113.27525000000003,243.66461944580078
2141,2019-12-18 22:00:00,86.68002,113.24778000000003,243.6057357788086
2142,2019-12-18 23:00:00,86.68017,113.21877999999998,243.5477752685547
2143,2019-12-19 00:00:00,86.6804,113.18953999999997,243.49271392822266
2144,2019-12-19 01:00:00,86.68068,113.16093000000001,243.4217758178711
2145,2019-12-19 02:00:00,86.68092,113.13413000000003,243.35811614990234
2146,2019-12-19 03:00:00,86.68104,113.11065000000002,243.31570434570312
2147,2019-12-19 04:00:00,86.68092,113.09005000000002,243.27266693115234
2148,2019-12-19 05:00:00,86.68062,113.07367999999997,243.25354766845703
2149,2019-12-19 06:00:00,86.6803,113.05799000000002,243.22737884521484
2150,2019-12-19 07:00:00,86.67997,113.04232000000002,243.1965103149414
2151,2019-12-19 08:00:00,86.67961,113.02561000000003,243.207275390625
2152,2019-12-19 09:00:00,86.67922,113.00823000000003,243.22616577148438
2153,2019-12-19 10:00:00,86.67886,112.9896,243.29067993164062
2154,2019-12-19 11:00:00,86.67856,112.97026,243.47885131835938
2155,2019-12-19 12:00:00,86.67822,112.95059000000003,243.66809844970703
2156,2019-12-19 13:00:00,86.67796,112.92969,243.86895751953125
2157,2019-12-19 14:00:00,86.67783,112.90969999999999,243.9344711303711
2158,2019-12-19 15:00:00,86.67778,112.89010000000002,243.83670806884766
2159,2019-12-19 16:00:00,86.67779,112.87187,243.7883071899414
2160,2019-12-19 17:00:00,86.67774,112.85532999999998,243.81173706054688
2161,2019-12-19 18:00:00,86.67755,112.84046000000001,243.92710876464844
2162,2019-12-19 19:00:00,86.67725,112.82747,244.09209442138672
2163,2019-12-19 20:00:00,86.67684,112.81281000000001,244.22801971435547
2164,2019-12-19 21:00:00,86.67647,112.79475000000002,244.3525390625
2165,2019-12-19 22:00:00,86.67619,112.77418999999998,244.33890533447266
2166,2019-12-19 23:00:00,86.67606,112.75387999999998,244.29056549072266
2167,2019-12-20 00:00:00,86.67614,112.73383999999999,244.30103302001953
2168,2019-12-20 01:00:00,86.67638,112.71407999999997,244.3574447631836
2169,2019-12-20 02:00:00,86.67681,112.6959,244.44171905517578
2170,2019-12-20 03:00:00,86.67733,112.68043999999998,244.5344009399414
2171,2019-12-20 04:00:00,86.67788,112.66726,244.63623809814453
2172,2019-12-20 05:00:00,86.6784,112.65631000000002,244.62921905517578
2173,2019-12-20 06:00:00,86.67884,112.64651000000003,244.607177734375
2174,2019-12-20 07:00:00,86.67914,112.63743999999997,244.61396026611328
2175,2019-12-20 08:00:00,86.67933,112.62669,244.76720428466797
2176,2019-12-20 09:00:00,86.67944,112.61482000000001,244.84156799316406
2177,2019-12-20 10:00:00,86.67959,112.60088000000002,244.90467834472656
2178,2019-12-20 11:00:00,86.67986,112.58614,245.07242584228516
2179,2019-12-20 12:00:00,86.68027,112.57139999999998,245.13705444335938
2180,2019-12-20 13:00:00,86.6808,112.55712,245.2747573852539
2181,2019-12-20 14:00:00,86.68153,112.54410999999999,245.26020050048828
2182,2019-12-20 15:00:00,86.68235,112.53269,245.1705322265625
2183,2019-12-20 16:00:00,86.68315,112.52386000000001,245.15503692626953
2184,2019-12-20 17:00:00,86.68386,112.51645000000002,245.09396362304688
2185,2019-12-20 18:00:00,86.68442,112.50995,245.06717681884766
2186,2019-12-20 19:00:00,86.68484,112.50365,245.13391876220703
2187,2019-12-20 20:00:00,86.68514,112.49667999999997,245.0650405883789
2188,2019-12-20 21:00:00,86.68536,112.48849000000001,244.87210083007812
2189,2019-12-20 22:00:00,86.68551,112.47878000000003,244.59947204589844
2190,2019-12-20 23:00:00,86.68572,112.46785,244.46578979492188
2191,2019-12-21 00:00:00,86.68602,112.45613000000003,244.43162536621094
2192,2019-12-21 01:00:00,86.68646,112.44447000000002,244.54705047607422
2193,2019-12-21 02:00:00,86.68701,112.43376999999998,244.41980743408203
2194,2019-12-21 03:00:00,86.68761,112.42518000000001,244.22977447509766
2195,2019-12-21 04:00:00,86.68814,112.4194,244.004150390625
2196,2019-12-21 05:00:00,86.68856,112.41615000000002,243.7961196899414
2197,2019-12-21 06:00:00,86.68879,112.41439000000003,243.6687469482422
2198,2019-12-21 07:00:00,86.68885,112.41338000000002,243.6039581298828
2199,2019-12-21 08:00:00,86.68872,112.41194000000002,243.65452575683594
2200,2019-12-21 09:00:00,86.68846,112.41059000000001,243.80001831054688
2201,2019-12-21 10:00:00,86.6881,112.40821,243.8511199951172
2202,2019-12-21 11:00:00,86.68769,112.40460000000002,243.86866760253906
2203,2019-12-21 12:00:00,86.68733,112.40082999999998,243.77396392822266
2204,2019-12-21 13:00:00,86.68706,112.39756999999997,243.6038055419922
2205,2019-12-21 14:00:00,86.6869,112.39576999999997,243.55462646484375
2206,2019-12-21 15:00:00,86.68676,112.39539000000002,243.61275482177734
2207,2019-12-21 16:00:00,86.68662,112.39661999999998,243.56639862060547
2208,2019-12-21 17:00:00,86.68644,112.3997,243.5894317626953
2209,2019-12-21 18:00:00,86.68609,112.40483,243.637939453125
2210,2019-12-21 19:00:00,86.68558,112.41227000000003,243.6106185913086
2211,2019-12-21 20:00:00,86.6849,112.42198000000002,243.50442504882812
2212,2019-12-21 21:00:00,86.68405,112.43318999999997,243.44161987304688
2213,2019-12-21 22:00:00,86.68309,112.44484999999997,243.4544219970703
2214,2019-12-21 23:00:00,86.68207,112.45628999999997,243.5457763671875
2215,2019-12-22 00:00:00,86.6811,112.46627999999998,243.66815185546875
2216,2019-12-22 01:00:00,86.68029,112.47618,243.773681640625
2217,2019-12-22 02:00:00,86.67965,112.48739,243.85586547851562
2218,2019-12-22 03:00:00,86.67916,112.50126,243.9351043701172
2219,2019-12-22 04:00:00,86.67866,112.51783999999998,244.03001403808594
2220,2019-12-22 05:00:00,86.67808,112.53773000000001,244.10751342773438
2221,2019-12-22 06:00:00,86.67732,112.55955,244.18444061279297
2222,2019-12-22 07:00:00,86.67629,112.58019999999999,244.24343872070312
2223,2019-12-22 08:00:00,86.67513,112.59667999999999,244.2221450805664
2224,2019-12-22 09:00:00,86.67401,112.60989999999998,244.19147491455078
2225,2019-12-22 10:00:00,86.67294,112.62263999999999,244.19033813476562
2226,2019-12-22 11:00:00,86.67184,112.63458000000003,244.2103271484375
2227,2019-12-22 12:00:00,86.67091,112.64585,244.2426986694336
2228,2019-12-22 13:00:00,86.6701,112.6583,244.2932891845703
2229,2019-12-22 14:00:00,86.66937,112.67275000000001,244.34518432617188
2230,2019-12-22 15:00:00,86.6687,112.68723999999997,244.36095428466797
2231,2019-12-22 16:00:00,86.66805,112.70571000000001,244.3505401611328
2232,2019-12-22 17:00:00,86.66738,112.72685000000001,244.3697280883789
2233,2019-12-22 18:00:00,86.66631,112.75233000000003,244.43164825439453
2234,2019-12-22 19:00:00,86.66471,112.78064999999998,244.49603271484375
2235,2019-12-22 20:00:00,86.66282,112.80988000000002,244.5426025390625
2236,2019-12-22 21:00:00,86.6608,112.83857,244.55133819580078
2237,2019-12-22 22:00:00,86.65896,112.86184000000003,244.54330444335938
2238,2019-12-22 23:00:00,86.65718,112.88267000000002,244.4988784790039
2239,2019-12-23 00:00:00,86.65542,112.90133000000003,244.4976806640625
2240,2019-12-23 01:00:00,86.65378,112.91982999999999,244.55853271484375
2241,2019-12-23 02:00:00,86.6523,112.93858,244.58837890625
2242,2019-12-23 03:00:00,86.651,112.95837,244.57015991210938
2243,2019-12-23 04:00:00,86.64986,112.9805,244.48409271240234
2244,2019-12-23 05:00:00,86.64879,113.00563999999997,244.34637451171875
2245,2019-12-23 06:00:00,86.64764,113.0326,244.2363052368164
2246,2019-12-23 07:00:00,86.64647,113.05989999999997,244.15233612060547
2247,2019-12-23 08:00:00,86.64523,113.08576,244.06005859375
2248,2019-12-23 09:00:00,86.644,113.10966000000002,243.98013305664062
2249,2019-12-23 10:00:00,86.6427,113.13117999999997,243.9218292236328
2250,2019-12-23 11:00:00,86.64126,113.14875999999998,243.88211059570312
2251,2019-12-23 12:00:00,86.6399,113.1651,243.85515594482422
2252,2019-12-23 13:00:00,86.63864,113.18054999999998,243.83914184570312
2253,2019-12-23 14:00:00,86.63769,113.19531999999998,243.83370208740234
2254,2019-12-23 15:00:00,86.63685,113.21339999999998,243.84593963623047
2255,2019-12-23 16:00:00,86.63604,113.23584,243.91416931152344
2256,2019-12-23 17:00:00,86.63528,113.26323000000002,244.0208969116211
2257,2019-12-23 18:00:00,86.63451,113.29410000000001,244.08982849121094
2258,2019-12-23 19:00:00,86.63371,113.32603,244.10611724853516
2259,2019-12-23 20:00:00,86.63279,113.35789999999997,244.10308837890625
2260,2019-12-23 21:00:00,86.63188,113.38841000000002,244.10723876953125
2261,2019-12-23 22:00:00,86.63103,113.41741999999999,244.10269927978516
2262,2019-12-23 23:00:00,86.63016,113.44673999999998,244.04912567138672
2263,2019-12-24 00:00:00,86.6294,113.47627,243.9713897705078
2264,2019-12-24 01:00:00,86.62881,113.50590999999997,243.91130828857422
2265,2019-12-24 02:00:00,86.62831,113.53634999999997,243.86077117919922
2266,2019-12-24 03:00:00,86.62788,113.56993,243.80017852783203
2267,2019-12-24 04:00:00,86.62755,113.60626000000002,243.71695709228516
2268,2019-12-24 05:00:00,86.62723,113.64490999999998,243.62226104736328
2269,2019-12-24 06:00:00,86.62689,113.68651999999997,243.52777099609375
2270,2019-12-24 07:00:00,86.62654,113.72884999999997,243.46642303466797
2271,2019-12-24 08:00:00,86.62611,113.76977999999997,243.50020599365234
2272,2019-12-24 09:00:00,86.62553,113.81166000000002,243.57809448242188
2273,2019-12-24 10:00:00,86.62498,113.85279000000003,243.69933319091797
2274,2019-12-24 11:00:00,86.62434,113.89447000000001,243.81092071533203
2275,2019-12-24 12:00:00,86.62367,113.93252000000001,243.95458984375
2276,2019-12-24 13:00:00,86.623,113.96951999999999,244.07996368408203
2277,2019-12-24 14:00:00,86.62251,114.01141000000001,244.16497802734375
2278,2019-12-24 15:00:00,86.62227,114.05439000000001,244.14532470703125
2279,2019-12-24 16:00:00,86.62227,114.09866999999997,244.1160659790039
2280,2019-12-24 17:00:00,86.62234,114.14708000000002,244.08380126953125
2281,2019-12-24 18:00:00,86.6224,114.19655,244.0633316040039
2282,2019-12-24 19:00:00,86.62247,114.24741,244.0671844482422
2283,2019-12-24 20:00:00,86.62235,114.29795000000001,244.0963592529297
2284,2019-12-24 21:00:00,86.62217,114.34569999999997,244.14112091064453
2285,2019-12-24 22:00:00,86.6219,114.39157999999998,244.1714630126953
2286,2019-12-24 23:00:00,86.62166,114.43606999999997,244.17323303222656
2287,2019-12-25 00:00:00,86.62153,114.47974999999997,244.16588592529297
2288,2019-12-25 01:00:00,86.6215,114.52233999999999,244.16217041015625
2289,2019-12-25 02:00:00,86.62154,114.56421999999998,244.1787567138672
2290,2019-12-25 03:00:00,86.62165,114.60768999999999,244.22437286376953
2291,2019-12-25 04:00:00,86.62191,114.65241000000003,244.3153305053711
2292,2019-12-25 05:00:00,86.62227,114.70002999999997,244.45008087158203
2293,2019-12-25 06:00:00,86.62271,114.74778000000003,244.58626556396484
2294,2019-12-25 07:00:00,86.62317,114.79484000000002,244.62230682373047
2295,2019-12-25 08:00:00,86.62354,114.84075000000001,244.65338897705078
2296,2019-12-25 09:00:00,86.62384,114.88445999999999,244.81539916992188
2297,2019-12-25 10:00:00,86.6242,114.92725999999999,244.95378875732422
2298,2019-12-25 11:00:00,86.62451,114.96897000000001,244.94427490234375
2299,2019-12-25 12:00:00,86.62489,115.00869999999998,244.96288299560547
2300,2019-12-25 13:00:00,86.62517,115.04529000000002,245.15248107910156
2301,2019-12-25 14:00:00,86.6256,115.07979999999998,245.17906951904297
2302,2019-12-25 15:00:00,86.62616,115.11262999999997,245.00616455078125
2303,2019-12-25 16:00:00,86.62698,115.14549999999997,244.78044891357422
2304,2019-12-25 17:00:00,86.62798,115.17827,244.61344146728516
2305,2019-12-25 18:00:00,86.62919,115.21199999999999,244.44451904296875
2306,2019-12-25 19:00:00,86.63074,115.24910999999997,244.25332641601562
2307,2019-12-25 20:00:00,86.63229,115.28714000000002,244.0408935546875
2308,2019-12-25 21:00:00,86.63396,115.32598999999999,243.86636352539062
2309,2019-12-25 22:00:00,86.63552,115.36347,243.7545166015625
2310,2019-12-25 23:00:00,86.63692,115.40046999999998,243.67860412597656
2311,2019-12-26 00:00:00,86.63845,115.43792000000002,243.89190673828125
2312,2019-12-26 01:00:00,86.63982,115.47505000000001,243.75779724121094
2313,2019-12-26 02:00:00,86.64117,115.51243999999997,243.55342864990234
2314,2019-12-26 03:00:00,86.64246,115.55000000000001,243.37289428710938
2315,2019-12-26 04:00:00,86.64379,115.58911999999998,243.2258758544922
2316,2019-12-26 05:00:00,86.64511,115.63141000000002,243.0678939819336
2317,2019-12-26 06:00:00,86.64648,115.67561999999998,243.0538787841797
2318,2019-12-26 07:00:00,86.64779,115.71906999999999,242.9593276977539
2319,2019-12-26 08:00:00,86.64904,115.76066000000003,242.70763397216797
2320,2019-12-26 09:00:00,86.65019,115.79912999999999,242.44671630859375
2321,2019-12-26 10:00:00,86.65142,115.83454999999998,242.20864868164062
2322,2019-12-26 11:00:00,86.65271,115.86360000000002,241.9816131591797
2323,2019-12-26 12:00:00,86.65388,115.88988,241.8018035888672
2324,2019-12-26 13:00:00,86.65499,115.91143999999997,241.68605041503906
2325,2019-12-26 14:00:00,86.65616,115.92722000000003,241.61090850830078
2326,2019-12-26 15:00:00,86.65745,115.93867,241.66754150390625
2327,2019-12-26 16:00:00,86.65898,115.94815,241.83089447021484
2328,2019-12-26 17:00:00,86.66054,115.95600999999999,242.0047607421875
2329,2019-12-26 18:00:00,86.6624,115.96393999999998,242.0621795654297
2330,2019-12-26 19:00:00,86.66426,115.97158000000002,242.15772247314453
2331,2019-12-26 20:00:00,86.66611,115.97742,242.22388458251953
2332,2019-12-26 21:00:00,86.66786,115.98340000000002,242.24609375
2333,2019-12-26 22:00:00,86.66949,115.98923000000002,242.17346954345703
2334,2019-12-26 23:00:00,86.67102,115.99446999999998,242.04961395263672
2335,2019-12-27 00:00:00,86.67249,115.99898000000002,241.8959197998047
2336,2019-12-27 01:00:00,86.67348,116.00187,241.7298126220703
2337,2019-12-27 02:00:00,86.67419,116.00279999999998,241.53504180908203
2338,2019-12-27 03:00:00,86.67475,116.00295,241.3682098388672
2339,2019-12-27 04:00:00,86.67518,116.00238000000002,241.23910522460938
2340,2019-12-27 05:00:00,86.67558,116.00099999999998,241.18804931640625
2341,2019-12-27 06:00:00,86.676,115.99741,241.1061782836914
2342,2019-12-27 07:00:00,86.67643,115.99099999999999,240.9750518798828
2343,2019-12-27 08:00:00,86.67689,115.983,240.84671783447266
2344,2019-12-27 09:00:00,86.67742,115.97392000000002,240.7174072265625
2345,2019-12-27 10:00:00,86.67804,115.96500000000003,240.6580810546875
2346,2019-12-27 11:00:00,86.67861,115.95609000000002,240.59815979003906
2347,2019-12-27 12:00:00,86.67898,115.94668000000001,240.53744506835938
2348,2019-12-27 13:00:00,86.67923,115.93923999999998,240.55976104736328
2349,2019-12-27 14:00:00,86.67935,115.93501000000003,240.60045623779297
2350,2019-12-27 15:00:00,86.67929,115.92995000000002,240.5918426513672
2351,2019-12-27 16:00:00,86.67913,115.92345,240.60578155517578
2352,2019-12-27 17:00:00,86.67894,115.91541000000001,240.67621612548828
2353,2019-12-27 18:00:00,86.67881,115.90611999999999,240.73564910888672
2354,2019-12-27 19:00:00,86.67879,115.89659,240.68962860107422
2355,2019-12-27 20:00:00,86.67889,115.88693,240.70043182373047
2356,2019-12-27 21:00:00,86.6791,115.87752999999998,240.67925262451172
2357,2019-12-27 22:00:00,86.6794,115.86867000000001,240.57978057861328
2358,2019-12-27 23:00:00,86.6797,115.86034000000001,240.44683074951172
2359,2019-12-28 00:00:00,86.67988,115.85149000000001,240.31644439697266
2360,2019-12-28 01:00:00,86.67981,115.84375,240.19119262695312
2361,2019-12-28 02:00:00,86.67939,115.83344999999997,240.06394958496094
2362,2019-12-28 03:00:00,86.67869,115.82026000000002,239.92052459716797
2363,2019-12-28 04:00:00,86.67782,115.80728999999997,239.78314208984375
2364,2019-12-28 05:00:00,86.67693,115.79244,239.66141510009766
2365,2019-12-28 06:00:00,86.67616,115.77854000000002,239.55182647705078
2366,2019-12-28 07:00:00,86.67548,115.76490999999999,239.4892807006836
2367,2019-12-28 08:00:00,86.67492,115.75206000000003,239.42223358154297
2368,2019-12-28 09:00:00,86.67443,115.74017000000003,239.38861083984375
2369,2019-12-28 10:00:00,86.6741,115.72857999999997,239.48026275634766
2370,2019-12-28 11:00:00,86.67373,115.71947,239.41791534423828
2371,2019-12-28 12:00:00,86.67321,115.71188000000001,239.421630859375
2372,2019-12-28 13:00:00,86.67246,115.70506999999998,239.47572326660156
2373,2019-12-28 14:00:00,86.6715,115.69925999999998,239.50743865966797
2374,2019-12-28 15:00:00,86.67039,115.69389000000001,239.5430450439453
2375,2019-12-28 16:00:00,86.66912,115.68747000000002,239.69737243652344
2376,2019-12-28 17:00:00,86.6678,115.67912999999999,239.99417114257812
2377,2019-12-28 18:00:00,86.6665,115.66982999999999,240.4199676513672
2378,2019-12-28 19:00:00,86.6653,115.66068000000001,240.80765533447266
2379,2019-12-28 20:00:00,86.66428,115.65168,241.1112823486328
2380,2019-12-28 21:00:00,86.6634,115.64537999999999,241.41180419921875
2381,2019-12-28 22:00:00,86.66259,115.64202,241.64341735839844
2382,2019-12-28 23:00:00,86.6618,115.64233999999999,241.82286834716797
2383,2019-12-29 00:00:00,86.6609,115.64603999999997,242.00215911865234
2384,2019-12-29 01:00:00,86.65989,115.65190999999999,242.1500473022461
2385,2019-12-29 02:00:00,86.65875,115.66023000000001,242.24028778076172
2386,2019-12-29 03:00:00,86.65745,115.67160999999999,242.3434600830078
2387,2019-12-29 04:00:00,86.65612,115.68155999999999,242.46710968017578
2388,2019-12-29 05:00:00,86.65465,115.69139000000001,242.62499237060547
2389,2019-12-29 06:00:00,86.65277,115.7045,242.75286102294922
2390,2019-12-29 07:00:00,86.65113,115.71755999999999,242.81244659423828
2391,2019-12-29 08:00:00,86.6496,115.73309,242.84703063964844
2392,2019-12-29 09:00:00,86.6482,115.75254000000001,242.92923736572266
2393,2019-12-29 10:00:00,86.64672,115.77317,242.9982452392578
2394,2019-12-29 11:00:00,86.64529,115.79408000000001,243.10535430908203
2395,2019-12-29 12:00:00,86.64389,115.81666999999999,243.1880340576172
2396,2019-12-29 13:00:00,86.64236,115.84165999999999,243.32815551757812
2397,2019-12-29 14:00:00,86.64073,115.86927000000003,243.54137420654297
2398,2019-12-29 15:00:00,86.63873,115.89661999999998,243.6843032836914
2399,2019-12-29 16:00:00,86.63652,115.92489,243.7865219116211
2400,2019-12-29 17:00:00,86.63425,115.95308999999997,243.8506622314453
2401,2019-12-29 18:00:00,86.63207,115.98001,243.99089813232422
2402,2019-12-29 19:00:00,86.6299,116.00937999999996,244.2988739013672
2403,2019-12-29 20:00:00,86.62786,116.03775000000002,244.51854705810547
2404,2019-12-29 21:00:00,86.62588,116.06578000000002,244.6583709716797
2405,2019-12-29 22:00:00,86.62412,116.09309999999999,244.81676483154297
2406,2019-12-29 23:00:00,86.62252,116.12310000000002,244.9866943359375
2407,2019-12-30 00:00:00,86.62083,116.15917000000002,245.12267303466797
2408,2019-12-30 01:00:00,86.61929,116.19864000000001,245.24090576171875
2409,2019-12-30 02:00:00,86.61781,116.24860000000001,245.3563690185547
2410,2019-12-30 03:00:00,86.61636,116.30849999999998,245.40540313720703
2411,2019-12-30 04:00:00,86.61467,116.37675999999999,245.3705596923828
2412,2019-12-30 05:00:00,86.61261,116.44819000000001,245.26913452148438
2413,2019-12-30 06:00:00,86.61012,116.51833999999997,245.04666137695312
2414,2019-12-30 07:00:00,86.60742,116.58305000000001,244.7714614868164
2415,2019-12-30 08:00:00,86.60492,116.64148999999998,244.56007385253906
2416,2019-12-30 09:00:00,86.60253,116.69421999999997,244.34735107421875
2417,2019-12-30 10:00:00,86.60037,116.74797000000001,244.22443389892578
2418,2019-12-30 11:00:00,86.59838,116.80633,244.06148529052734
2419,2019-12-30 12:00:00,86.59647,116.86721,243.91866302490234
2420,2019-12-30 13:00:00,86.5943,116.92811,243.81234741210938
2421,2019-12-30 14:00:00,86.59191,116.99353000000002,243.6740493774414
2422,2019-12-30 15:00:00,86.58938,117.06399999999996,243.8249053955078
2423,2019-12-30 16:00:00,86.58691,117.13734,243.62772369384766
2424,2019-12-30 17:00:00,86.58439,117.20974000000001,243.47341918945312
2425,2019-12-30 18:00:00,86.582,117.27623,243.4178924560547
2426,2019-12-30 19:00:00,86.57991,117.33621,243.3893280029297
2427,2019-12-30 20:00:00,86.57827,117.39188000000001,243.371826171875
2428,2019-12-30 21:00:00,86.57705,117.43908999999996,243.35890197753906
2429,2019-12-30 22:00:00,86.57639,117.48349999999999,243.31560516357422
2430,2019-12-30 23:00:00,86.5763,117.52774999999997,243.29239654541016
2431,2019-12-31 00:00:00,86.57673,117.57258999999999,243.28317260742188
2432,2019-12-31 01:00:00,86.5771,117.61343999999997,243.2265167236328
2433,2019-12-31 02:00:00,86.57775,117.65359000000001,243.08560180664062
2434,2019-12-31 03:00:00,86.57826,117.68921,242.9412384033203
2435,2019-12-31 04:00:00,86.57881,117.72415000000001,242.83148193359375
2436,2019-12-31 05:00:00,86.57942,117.75826,242.7559814453125
2437,2019-12-31 06:00:00,86.58014,117.78948000000003,242.7362060546875
2438,2019-12-31 07:00:00,86.58112,117.81691999999998,242.73819732666016
2439,2019-12-31 08:00:00,86.58237,117.83929999999998,242.6955337524414
2440,2019-12-31 09:00:00,86.58405,117.85639000000003,242.54931640625
2441,2019-12-31 10:00:00,86.58602,117.86858000000001,242.40946197509766
2442,2019-12-31 11:00:00,86.58848,117.87801000000002,242.2062759399414
2443,2019-12-31 12:00:00,86.59137,117.88818000000003,241.99618530273438
2444,2019-12-31 13:00:00,86.59459,117.90073999999998,241.73822021484375
2445,2019-12-31 14:00:00,86.59807,117.91751,241.54878997802734
2446,2019-12-31 15:00:00,86.60159,117.93849,241.37400817871094
2447,2019-12-31 16:00:00,86.60493,117.96292,241.10333251953125
2448,2019-12-31 17:00:00,86.60812,117.98813000000001,240.84140014648438
2449,2019-12-31 18:00:00,86.61133,118.01159999999999,240.66441345214844
2450,2019-12-31 19:00:00,86.61467,118.03053999999997,240.57582092285156
2451,2019-12-31 20:00:00,86.61825,118.04462999999998,240.52589416503906
2452,2019-12-31 21:00:00,86.6223,118.05493000000001,240.5046157836914
2453,2019-12-31 22:00:00,86.62706,118.06225,240.52069091796875
2454,2019-12-31 23:00:00,86.63226,118.06624,240.55581665039062
2455,2020-01-01 00:00:00,86.6379,118.06780000000003,240.5626678466797
2456,2020-01-01 01:00:00,86.64354,118.06916000000001,240.54673767089844
2457,2020-01-01 02:00:00,86.64904,118.07130999999998,240.5143280029297
2458,2020-01-01 03:00:00,86.65443,118.07607999999999,240.43226623535156
2459,2020-01-01 04:00:00,86.65962,118.08191,240.27700805664062
2460,2020-01-01 05:00:00,86.66504,118.08578,240.07476043701172
2461,2020-01-01 06:00:00,86.67054,118.08517,239.8718490600586
2462,2020-01-01 07:00:00,86.67632,118.07882000000001,240.07688903808594
2463,2020-01-01 08:00:00,86.68179,118.06214,239.89905548095703
2464,2020-01-01 09:00:00,86.68751,118.03832,239.7442398071289
2465,2020-01-01 10:00:00,86.69357,118.00896999999998,239.62319946289062
2466,2020-01-01 11:00:00,86.69967,117.97633000000002,239.5311737060547
2467,2020-01-01 12:00:00,86.70561,117.94169999999997,239.45819091796875
2468,2020-01-01 13:00:00,86.71138,117.90544,239.39724731445312
2469,2020-01-01 14:00:00,86.71703,117.86941000000002,239.35342407226562
2470,2020-01-01 15:00:00,86.72231,117.83271000000002,239.32647705078125
2471,2020-01-01 16:00:00,86.72728,117.79224999999997,239.31551361083984
2472,2020-01-01 17:00:00,86.73188,117.74453,239.31507873535156
2473,2020-01-01 18:00:00,86.73628,117.69112000000001,239.33492279052734
2474,2020-01-01 19:00:00,86.74061,117.63344000000001,239.37725067138672
2475,2020-01-01 20:00:00,86.7449,117.57208000000003,239.48439025878906
2476,2020-01-01 21:00:00,86.74941,117.50620000000004,239.72219848632812
2477,2020-01-01 22:00:00,86.75423,117.44115,240.0497283935547
2478,2020-01-01 23:00:00,86.75935,117.37615,240.28773498535156
2479,2020-01-02 00:00:00,86.76482,117.31312000000003,240.330078125
2480,2020-01-02 01:00:00,86.77037,117.25414999999998,240.3731460571289
2481,2020-01-02 02:00:00,86.77594,117.19788,240.38632202148438
2482,2020-01-02 03:00:00,86.78139,117.14269999999999,240.43013763427734
2483,2020-01-02 04:00:00,86.7865,117.08829000000003,240.5969009399414
2484,2020-01-02 05:00:00,86.79136,117.03286000000003,240.778076171875
2485,2020-01-02 06:00:00,86.79616,116.97402999999997,240.95293426513672
2486,2020-01-02 07:00:00,86.80102,116.91172,241.12621307373047
2487,2020-01-02 08:00:00,86.80598,116.84716000000003,241.29026794433594
2488,2020-01-02 09:00:00,86.81106,116.78080999999997,241.4422607421875
2489,2020-01-02 10:00:00,86.81618,116.71197999999998,241.4818878173828
2490,2020-01-02 11:00:00,86.82135,116.64303000000001,241.56653594970703
2491,2020-01-02 12:00:00,86.82671,116.57481000000001,241.63333892822266
2492,2020-01-02 13:00:00,86.83198,116.50702000000001,241.80521392822266
2493,2020-01-02 14:00:00,86.83703,116.44151,242.05870819091797
2494,2020-01-02 15:00:00,86.84175,116.37643000000003,242.3723907470703
2495,2020-01-02 16:00:00,86.84611,116.31187999999997,242.68792724609375
2496,2020-01-02 17:00:00,86.85013,116.24682999999999,243.03475189208984
2497,2020-01-02 18:00:00,86.85384,116.17824000000002,243.35765838623047
2498,2020-01-02 19:00:00,86.85732,116.10942,243.51993560791016
2499,2020-01-02 20:00:00,86.86073,116.03955000000002,243.7207794189453
2500,2020-01-02 21:00:00,86.8642,115.96899000000002,243.89002990722656
2501,2020-01-02 22:00:00,86.86795,115.90019999999998,244.06004333496094
2502,2020-01-02 23:00:00,86.87191,115.83667000000003,244.1636505126953
2503,2020-01-03 00:00:00,86.8761,115.78499,244.24373626708984
2504,2020-01-03 01:00:00,86.88027,115.75155999999998,244.31019592285156
2505,2020-01-03 02:00:00,86.88433,115.73757,244.2177734375
2506,2020-01-03 03:00:00,86.88799,115.73509000000001,243.98916625976562
2507,2020-01-03 04:00:00,86.89136,115.73699999999997,243.7454376220703
2508,2020-01-03 05:00:00,86.89446,115.74047999999999,243.54998779296875
2509,2020-01-03 06:00:00,86.89732,115.74169,243.36766052246094
2510,2020-01-03 07:00:00,86.90004,115.74014999999997,243.19147491455078
2511,2020-01-03 08:00:00,86.9027,115.73567000000003,243.03864288330078
2512,2020-01-03 09:00:00,86.90553,115.72660000000002,242.89842224121094
2513,2020-01-03 10:00:00,86.90853,115.71544,242.77037811279297
2514,2020-01-03 11:00:00,86.91167,115.70431000000002,242.66634368896484
2515,2020-01-03 12:00:00,86.91501,115.69324,242.57325744628906
2516,2020-01-03 13:00:00,86.91848,115.68473,242.50542449951172
2517,2020-01-03 14:00:00,86.92226,115.67718000000002,242.44086456298828
2518,2020-01-03 15:00:00,86.92603,115.67187000000001,242.40415954589844
2519,2020-01-03 16:00:00,86.92968,115.66856000000001,242.40203857421875
2520,2020-01-03 17:00:00,86.93323,115.66442999999998,242.39715576171875
2521,2020-01-03 18:00:00,86.93685,115.65548999999999,242.3871612548828
2522,2020-01-03 19:00:00,86.94047,115.6397,242.3628692626953
2523,2020-01-03 20:00:00,86.94398,115.61944,242.48877716064453
2524,2020-01-03 21:00:00,86.94753,115.59483999999998,242.84952545166016
2525,2020-01-03 22:00:00,86.9513,115.56711999999999,243.2454833984375
2526,2020-01-03 23:00:00,86.9554,115.53683000000001,243.70282745361328
2527,2020-01-04 00:00:00,86.95982,115.50779999999997,244.01531219482422
2528,2020-01-04 01:00:00,86.96452,115.48451999999997,244.13959503173828
2529,2020-01-04 02:00:00,86.96937,115.46659,243.9327163696289
2530,2020-01-04 03:00:00,86.97419,115.45562000000001,243.6406478881836
2531,2020-01-04 04:00:00,86.9787,115.45089999999999,243.4810028076172
2532,2020-01-04 05:00:00,86.98293,115.45119,243.33103942871094
2533,2020-01-04 06:00:00,86.98672,115.45244000000002,243.2772674560547
2534,2020-01-04 07:00:00,86.99018,115.45114999999998,243.29188537597656
2535,2020-01-04 08:00:00,86.99345,115.44560999999999,243.3654327392578
2536,2020-01-04 09:00:00,86.99669,115.43662,243.6279067993164
2537,2020-01-04 10:00:00,86.99999,115.4237,243.88253021240234
2538,2020-01-04 11:00:00,87.00346,115.40841,243.98065185546875
2539,2020-01-04 12:00:00,87.00713,115.39342999999997,244.03597259521484
2540,2020-01-04 13:00:00,87.01093,115.38078000000002,244.1298599243164
2541,2020-01-04 14:00:00,87.01478,115.37314000000003,244.27716064453125
2542,2020-01-04 15:00:00,87.01852,115.36903999999998,244.2338409423828
2543,2020-01-04 16:00:00,87.02201,115.36784,244.07855224609375
2544,2020-01-04 17:00:00,87.02512,115.36950000000002,243.88581085205078
2545,2020-01-04 18:00:00,87.02795,115.37108999999998,243.71642303466797
2546,2020-01-04 19:00:00,87.03053,115.36982,243.52255249023438
2547,2020-01-04 20:00:00,87.03308,115.36683,243.3222427368164
2548,2020-01-04 21:00:00,87.03555,115.35901000000001,243.17879486083984
2549,2020-01-04 22:00:00,87.03805,115.34749999999997,242.9861831665039
2550,2020-01-04 23:00:00,87.04064,115.33368000000002,242.79711151123047
2551,2020-01-05 00:00:00,87.04333,115.32172000000003,242.63504028320312
2552,2020-01-05 01:00:00,87.04602,115.31083999999998,242.51510620117188
2553,2020-01-05 02:00:00,87.0489,115.30167,242.4179916381836
2554,2020-01-05 03:00:00,87.05178,115.29471000000001,242.4724578857422
2555,2020-01-05 04:00:00,87.05451,115.29221000000001,242.6083221435547
2556,2020-01-05 05:00:00,87.05702,115.29417999999998,242.9690399169922
2557,2020-01-05 06:00:00,87.05918,115.30083000000002,243.13265228271484
2558,2020-01-05 07:00:00,87.06113,115.30770999999999,243.13763427734375
2559,2020-01-05 08:00:00,87.06292,115.31360999999998,243.18401336669922
2560,2020-01-05 09:00:00,87.06464,115.31705,243.14895629882812
2561,2020-01-05 10:00:00,87.06632,115.31799000000001,243.0969696044922
2562,2020-01-05 11:00:00,87.06805,115.31777,243.1339874267578
2563,2020-01-05 12:00:00,87.06988,115.31708000000003,243.19019317626953
2564,2020-01-05 13:00:00,87.07178,115.31709000000001,243.1719512939453
2565,2020-01-05 14:00:00,87.07376,115.31912,243.0664520263672
2566,2020-01-05 15:00:00,87.07583,115.32352000000003,242.8510513305664
2567,2020-01-05 16:00:00,87.07801,115.33022,242.58627319335938
2568,2020-01-05 17:00:00,87.08008,115.33751999999998,242.38633728027344
2569,2020-01-05 18:00:00,87.08185,115.34526,242.29979705810547
2570,2020-01-05 19:00:00,87.08344,115.35136999999997,242.3209686279297
2571,2020-01-05 20:00:00,87.08507,115.35381999999998,242.21463012695312
2572,2020-01-05 21:00:00,87.0866,115.35072000000002,242.11424255371094
2573,2020-01-05 22:00:00,87.08818,115.34458000000001,242.03427124023438
2574,2020-01-05 23:00:00,87.08941,115.33535,242.15567016601562
2575,2020-01-06 00:00:00,87.0904,115.32357999999999,242.2606658935547
2576,2020-01-06 01:00:00,87.09162,115.31079,242.18626403808594
2577,2020-01-06 02:00:00,87.093,115.29952000000003,242.0251922607422
2578,2020-01-06 03:00:00,87.09436,115.28953999999999,241.84268188476562
2579,2020-01-06 04:00:00,87.09575,115.28046999999998,241.71810150146484
2580,2020-01-06 05:00:00,87.09713,115.27172000000002,241.6356201171875
2581,2020-01-06 06:00:00,87.09843,115.26179000000002,241.5342025756836
2582,2020-01-06 07:00:00,87.09946,115.25038,241.51075744628906
2583,2020-01-06 08:00:00,87.10035,115.23756000000003,241.46087646484375
2584,2020-01-06 09:00:00,87.10121,115.22264999999999,241.37442779541016
2585,2020-01-06 10:00:00,87.10197,115.20468,241.287353515625
2586,2020-01-06 11:00:00,87.10277,115.18594999999999,241.2226333618164
2587,2020-01-06 12:00:00,87.10365,115.16674999999998,241.19298553466797
2588,2020-01-06 13:00:00,87.10464,115.14864999999998,241.1334457397461
2589,2020-01-06 14:00:00,87.10566,115.13087999999999,241.11480712890625
2590,2020-01-06 15:00:00,87.10669,115.11376000000001,241.071533203125
2591,2020-01-06 16:00:00,87.10801,115.09776999999997,241.0530242919922
2592,2020-01-06 17:00:00,87.10851,115.08095000000003,241.02450561523438
2593,2020-01-06 18:00:00,87.1087,115.06387000000001,240.94671630859375
2594,2020-01-06 19:00:00,87.10913,115.04646000000002,240.8236541748047
2595,2020-01-06 20:00:00,87.10966,115.02985000000001,240.76011657714844
2596,2020-01-06 21:00:00,87.11013,115.01206000000002,240.68607330322266
2597,2020-01-06 22:00:00,87.11082,114.9959,240.59362030029297
2598,2020-01-06 23:00:00,87.11179,114.97987,240.5194320678711
2599,2020-01-07 00:00:00,87.11303,114.96571,240.47325897216797
2600,2020-01-07 01:00:00,87.11426,114.95362999999998,240.39820861816406
2601,2020-01-07 02:00:00,87.1154,114.94456000000002,240.30441284179688
2602,2020-01-07 03:00:00,87.11662,114.93885999999998,240.22283935546875
2603,2020-01-07 04:00:00,87.11792,114.93578000000002,240.13931274414062
2604,2020-01-07 05:00:00,87.11946,114.93403,240.06383514404297
2605,2020-01-07 06:00:00,87.12057,114.93317000000002,239.99541473388672
2606,2020-01-07 07:00:00,87.12141,114.93426999999997,239.92816162109375
2607,2020-01-07 08:00:00,87.12164,114.93830000000003,239.88002014160156
2608,2020-01-07 09:00:00,87.12176,114.94511999999997,239.9236068725586
2609,2020-01-07 10:00:00,87.1214,114.95402000000001,240.14293670654297
2610,2020-01-07 11:00:00,87.12103,114.96348999999998,240.44779205322266
2611,2020-01-07 12:00:00,87.12053,114.97158000000002,240.71707916259766
2612,2020-01-07 13:00:00,87.12032,114.97982999999999,240.89220428466797
2613,2020-01-07 14:00:00,87.12006,114.99394000000001,241.08535766601562
2614,2020-01-07 15:00:00,87.1197,115.01002,241.22188568115234
2615,2020-01-07 16:00:00,87.11935,115.0274,241.3375015258789
2616,2020-01-07 17:00:00,87.11873,115.04539,241.47321319580078
2617,2020-01-07 18:00:00,87.11809,115.06483000000003,241.6241226196289
2618,2020-01-07 19:00:00,87.11756,115.08431999999999,241.81853485107422
2619,2020-01-07 20:00:00,87.11696,115.10295000000002,242.10084533691406
2620,2020-01-07 21:00:00,87.11623,115.12567000000001,242.45999908447266
2621,2020-01-07 22:00:00,87.11555,115.14441999999997,242.88853454589844
2622,2020-01-07 23:00:00,87.11478,115.15760999999998,243.2790985107422
2623,2020-01-08 00:00:00,87.11378,115.16582,243.6159439086914
2624,2020-01-08 01:00:00,87.11293,115.17593,243.81858825683594
2625,2020-01-08 02:00:00,87.11227,115.18815000000001,243.9271011352539
2626,2020-01-08 03:00:00,87.11173,115.20114999999998,244.06127166748047
2627,2020-01-08 04:00:00,87.11133,115.21357999999998,244.15164184570312
2628,2020-01-08 05:00:00,87.11106,115.21963,244.19756317138672
2629,2020-01-08 06:00:00,87.11115,115.22296,244.2791748046875
2630,2020-01-08 07:00:00,87.11118,115.22595000000001,244.35165405273438
2631,2020-01-08 08:00:00,87.11131,115.22307999999998,244.4322967529297
2632,2020-01-08 09:00:00,87.11151,115.21730000000002,244.50701141357422
2633,2020-01-08 10:00:00,87.11209,115.20808,244.4533462524414
2634,2020-01-08 11:00:00,87.11278,115.19641000000001,244.23114013671875
2635,2020-01-08 12:00:00,87.1133,115.18099999999998,243.8883514404297
2636,2020-01-08 13:00:00,87.11407,115.16071,243.6059112548828
2637,2020-01-08 14:00:00,87.11475,115.14202999999998,243.3585968017578
2638,2020-01-08 15:00:00,87.11564,115.12230999999997,243.23416137695312
2639,2020-01-08 16:00:00,87.11682,115.10039999999998,243.11520385742188
2640,2020-01-08 17:00:00,87.11798,115.07898,242.95724487304688
2641,2020-01-08 18:00:00,87.1193,115.05416000000002,242.98794555664062
2642,2020-01-08 19:00:00,87.12061,115.02710000000002,242.93287658691406
2643,2020-01-08 20:00:00,87.12193,115.00155999999998,242.7666015625
2644,2020-01-08 21:00:00,87.12355,114.97113000000002,242.56814575195312
2645,2020-01-08 22:00:00,87.12493,114.93887000000001,242.4180450439453
2646,2020-01-08 23:00:00,87.12627,114.90424000000002,242.3194122314453
2647,2020-01-09 00:00:00,87.12745,114.86543,242.2802505493164
2648,2020-01-09 01:00:00,87.12865,114.82285999999999,242.27029418945312
2649,2020-01-09 02:00:00,87.12978,114.77654000000001,242.26103973388672
2650,2020-01-09 03:00:00,87.13103,114.72676999999999,242.29163360595703
2651,2020-01-09 04:00:00,87.13244,114.67674,242.38892364501953
2652,2020-01-09 05:00:00,87.13398,114.62504000000001,242.5014419555664
2653,2020-01-09 06:00:00,87.13557,114.57175999999998,242.59864807128906
2654,2020-01-09 07:00:00,87.13718,114.51674000000003,242.69214630126953
2655,2020-01-09 08:00:00,87.13875,114.46107,242.78862762451172
2656,2020-01-09 09:00:00,87.14031,114.40564999999998,242.88069915771484
2657,2020-01-09 10:00:00,87.14183,114.34830999999997,242.94197845458984
2658,2020-01-09 11:00:00,87.14332,114.29005000000001,242.94428253173828
2659,2020-01-09 12:00:00,87.14478,114.23174,242.89202117919922
2660,2020-01-09 13:00:00,87.14625,114.17327999999998,242.81546783447266
2661,2020-01-09 14:00:00,87.1478,114.11472000000003,242.73804473876953
2662,2020-01-09 15:00:00,87.14945,114.05676,242.67955780029297
2663,2020-01-09 16:00:00,87.15113,114.00042000000002,242.63817596435547
2664,2020-01-09 17:00:00,87.15288,113.94664999999998,242.6082000732422
2665,2020-01-09 18:00:00,87.15462,113.89387999999997,242.5624008178711
2666,2020-01-09 19:00:00,87.15618,113.84001999999998,242.54044342041016
2667,2020-01-09 20:00:00,87.15762,113.78696000000002,242.54370880126953
2668,2020-01-09 21:00:00,87.15888,113.73289999999997,242.54351043701172
2669,2020-01-09 22:00:00,87.15989,113.67602,242.5511703491211
2670,2020-01-09 23:00:00,87.16075,113.61590000000001,242.58567810058594
2671,2020-01-10 00:00:00,87.16151,113.55036000000001,242.6197052001953
2672,2020-01-10 01:00:00,87.16234,113.48175000000003,242.61187744140625
2673,2020-01-10 02:00:00,87.16325,113.41257000000002,242.5634765625
2674,2020-01-10 03:00:00,87.16413,113.34375,242.49103546142578
2675,2020-01-10 04:00:00,87.16506,113.27454999999998,242.4152603149414
2676,2020-01-10 05:00:00,87.1661,113.20431000000002,242.29946899414062
2677,2020-01-10 06:00:00,87.16739,113.13351999999998,242.12918853759766
2678,2020-01-10 07:00:00,87.16886,113.06180999999998,241.97563934326172
2679,2020-01-10 08:00:00,87.17053,112.99223999999998,241.84024047851562
2680,2020-01-10 09:00:00,87.17224,112.92443000000003,241.72149658203125
2681,2020-01-10 10:00:00,87.17406,112.8571,241.65650177001953
2682,2020-01-10 11:00:00,87.17582,112.78974,241.37691497802734
2683,2020-01-10 12:00:00,87.17755,112.72086000000002,241.07747650146484
2684,2020-01-10 13:00:00,87.17918,112.65187000000003,240.79390716552734
2685,2020-01-10 14:00:00,87.18075,112.58245999999997,240.5564193725586
2686,2020-01-10 15:00:00,87.18232,112.51198999999997,240.37801361083984
2687,2020-01-10 16:00:00,87.1839,112.44274000000001,240.23734283447266
2688,2020-01-10 17:00:00,87.18547,112.37572,240.1087875366211
2689,2020-01-10 18:00:00,87.1871,112.30889000000002,239.98026275634766
2690,2020-01-10 19:00:00,87.18871,112.24481000000003,239.86589813232422
2691,2020-01-10 20:00:00,87.19049,112.17795999999998,239.85528564453125
2692,2020-01-10 21:00:00,87.19212,112.11088000000001,239.7930679321289
2693,2020-01-10 22:00:00,87.19379,112.04075,239.6628646850586
2694,2020-01-10 23:00:00,87.19542,111.96674000000002,239.56427001953125
2695,2020-01-11 00:00:00,87.19725,111.88788,239.50080108642578
2696,2020-01-11 01:00:00,87.19908,111.81200000000001,239.45892333984375
2697,2020-01-11 02:00:00,87.2011,111.73644999999999,239.45196533203125
2698,2020-01-11 03:00:00,87.20289,111.66329000000002,239.4621353149414
2699,2020-01-11 04:00:00,87.20491,111.59251999999998,239.48249053955078
2700,2020-01-11 05:00:00,87.207,111.52021000000002,239.48870086669922
2701,2020-01-11 06:00:00,87.2092,111.44828999999999,239.55594635009766
2702,2020-01-11 07:00:00,87.21163,111.37639000000001,239.7417221069336
2703,2020-01-11 08:00:00,87.2142,111.30921999999998,240.05160522460938
2704,2020-01-11 09:00:00,87.21656,111.24277000000001,240.40298461914062
2705,2020-01-11 10:00:00,87.21924,111.17413999999997,240.55322265625
2706,2020-01-11 11:00:00,87.22194,111.10771,240.55582427978516
2707,2020-01-11 12:00:00,87.22466,111.04422999999997,240.53634643554688
2708,2020-01-11 13:00:00,87.22732,110.98295999999999,240.4384536743164
2709,2020-01-11 14:00:00,87.22996,110.92415,240.3456039428711
2710,2020-01-11 15:00:00,87.23249,110.86729000000003,240.1812744140625
2711,2020-01-11 16:00:00,87.23503,110.81083000000001,240.19606018066406
2712,2020-01-11 17:00:00,87.23764,110.75319000000002,240.26117706298828
2713,2020-01-11 18:00:00,87.24028,110.69385999999997,240.31265258789062
2714,2020-01-11 19:00:00,87.2429,110.63242000000002,240.2921600341797
2715,2020-01-11 20:00:00,87.24536,110.57157000000001,240.182861328125
2716,2020-01-11 21:00:00,87.24784,110.50695000000002,240.09455108642578
2717,2020-01-11 22:00:00,87.25042,110.4393,240.01547241210938
2718,2020-01-11 23:00:00,87.25288,110.36826000000002,239.94676208496094
2719,2020-01-12 00:00:00,87.25525,110.29242999999997,239.8775863647461
2720,2020-01-12 01:00:00,87.25754,110.21645000000001,239.88485717773438
2721,2020-01-12 02:00:00,87.25957,110.14071999999999,239.87609100341797
2722,2020-01-12 03:00:00,87.26139,110.06313,239.86239624023438
2723,2020-01-12 04:00:00,87.2629,109.98559999999998,239.83657836914062
2724,2020-01-12 05:00:00,87.26429,109.90951000000001,239.8036346435547
2725,2020-01-12 06:00:00,87.26554,109.83539999999999,239.7696533203125
2726,2020-01-12 07:00:00,87.26697,109.7604,239.74604034423828
2727,2020-01-12 08:00:00,87.26867,109.68245999999999,239.73719024658203
2728,2020-01-12 09:00:00,87.27049,109.60476,239.7205352783203
2729,2020-01-12 10:00:00,87.27239,109.52759000000003,239.68494415283203
2730,2020-01-12 11:00:00,87.27425,109.44954000000001,239.64697265625
2731,2020-01-12 12:00:00,87.27618,109.37302,239.62265014648438
2732,2020-01-12 13:00:00,87.27824,109.29734000000002,239.61347198486328
2733,2020-01-12 14:00:00,87.27974,109.22503,239.6299285888672
2734,2020-01-12 15:00:00,87.28118,109.15292999999997,239.66693115234375
2735,2020-01-12 16:00:00,87.28228,109.07916,239.70134735107422
2736,2020-01-12 17:00:00,87.28344,109.00266999999997,239.69053649902344
2737,2020-01-12 18:00:00,87.28482,108.92556000000002,239.65680694580078
2738,2020-01-12 19:00:00,87.28646,108.84181999999998,239.61165618896484
2739,2020-01-12 20:00:00,87.28842,108.75179000000003,239.57447814941406
2740,2020-01-12 21:00:00,87.2907,108.65661999999998,239.56175994873047
2741,2020-01-12 22:00:00,87.29335,108.55694,239.59205627441406
2742,2020-01-12 23:00:00,87.29624,108.45479,239.6631317138672
2743,2020-01-13 00:00:00,87.29909,108.35478,239.78253173828125
2744,2020-01-13 01:00:00,87.30189,108.25364000000002,240.01492309570312
2745,2020-01-13 02:00:00,87.30469,108.15154999999999,240.40653228759766
2746,2020-01-13 03:00:00,87.30749,108.04845999999998,240.83577728271484
2747,2020-01-13 04:00:00,87.31009,107.94407999999999,241.27462768554688
2748,2020-01-13 05:00:00,87.3128,107.83512000000002,241.61669158935547
2749,2020-01-13 06:00:00,87.31586,107.72149999999999,241.87630462646484
2750,2020-01-13 07:00:00,87.31922,107.60253999999998,242.01063537597656
2751,2020-01-13 08:00:00,87.32281,107.48136,242.14855194091797
2752,2020-01-13 09:00:00,87.32654,107.36130000000003,242.2846908569336
2753,2020-01-13 10:00:00,87.33053,107.24387000000002,242.30292510986328
2754,2020-01-13 11:00:00,87.33468,107.12905999999998,242.37456512451172
2755,2020-01-13 12:00:00,87.33861,107.02222,242.52132415771484
2756,2020-01-13 13:00:00,87.34223,106.92115999999999,242.72012329101562
2757,2020-01-13 14:00:00,87.34556,106.82551999999998,242.88533782958984
2758,2020-01-13 15:00:00,87.3486,106.73394000000002,243.09589385986328
2759,2020-01-13 16:00:00,87.35155,106.64111000000003,243.27423095703125
2760,2020-01-13 17:00:00,87.35453,106.54516000000001,243.43863677978516
2761,2020-01-13 18:00:00,87.35761,106.44571000000002,243.50502014160156
2762,2020-01-13 19:00:00,87.36087,106.34409,243.7016372680664
2763,2020-01-13 20:00:00,87.36435,106.24212,243.9003143310547
2764,2020-01-13 21:00:00,87.36812,106.14254,244.17758178710938
2765,2020-01-13 22:00:00,87.37214,106.04628000000002,244.34497833251953
2766,2020-01-13 23:00:00,87.37601,105.95569,244.42354583740234
2767,2020-01-14 00:00:00,87.37974,105.86781000000002,244.53556060791016
2768,2020-01-14 01:00:00,87.38335,105.78251,244.67100524902344
2769,2020-01-14 02:00:00,87.38676,105.70175,244.7318878173828
2770,2020-01-14 03:00:00,87.38989,105.62468999999999,244.826171875
2771,2020-01-14 04:00:00,87.39269,105.55054999999999,244.9296875
2772,2020-01-14 05:00:00,87.3954,105.47798,244.9575424194336
2773,2020-01-14 06:00:00,87.39774,105.40251999999998,245.06049346923828
2774,2020-01-14 07:00:00,87.40024,105.32862,245.1835174560547
2775,2020-01-14 08:00:00,87.40271,105.25441999999998,245.26234436035156
2776,2020-01-14 09:00:00,87.40515,105.17786999999998,245.30433654785156
2777,2020-01-14 10:00:00,87.40761,105.10482000000002,245.34342193603516
2778,2020-01-14 11:00:00,87.41006,105.03379999999999,245.38744354248047
2779,2020-01-14 12:00:00,87.41247,104.96659999999997,245.4252700805664
2780,2020-01-14 13:00:00,87.41477,104.90091999999999,245.45885467529297
2781,2020-01-14 14:00:00,87.4168,104.83988,245.50191497802734
2782,2020-01-14 15:00:00,87.41859,104.77778,245.5326385498047
2783,2020-01-14 16:00:00,87.42016,104.71559000000002,245.5878448486328
2784,2020-01-14 17:00:00,87.42146,104.65323999999998,245.63563537597656
2785,2020-01-14 18:00:00,87.42283,104.58566000000002,245.6778793334961
2786,2020-01-14 19:00:00,87.42439,104.52076,245.68746185302734
2787,2020-01-14 20:00:00,87.42615,104.45466999999996,245.59701538085938
2788,2020-01-14 21:00:00,87.42826,104.38963999999999,245.30533599853516
2789,2020-01-14 22:00:00,87.43062,104.32609000000002,244.85869598388672
2790,2020-01-14 23:00:00,87.4337,104.26132999999999,244.3579330444336
2791,2020-01-15 00:00:00,87.43745,104.19691,243.89167022705078
2792,2020-01-15 01:00:00,87.44074,104.13170000000002,243.45181274414062
2793,2020-01-15 02:00:00,87.44411,104.06349,243.02418518066406
2794,2020-01-15 03:00:00,87.44712,103.99640999999997,242.6911849975586
2795,2020-01-15 04:00:00,87.44974,103.92770999999999,242.47040557861328
2796,2020-01-15 05:00:00,87.45241,103.85291999999998,242.42511749267578
2797,2020-01-15 06:00:00,87.45531,103.76317,242.5833282470703
2798,2020-01-15 07:00:00,87.45781,103.67329000000001,242.76824188232422
2799,2020-01-15 08:00:00,87.46101,103.58017000000001,242.9913330078125
2800,2020-01-15 09:00:00,87.46424,103.47924,243.2218017578125
2801,2020-01-15 10:00:00,87.46804,103.37855000000002,243.3898696899414
2802,2020-01-15 11:00:00,87.47191,103.28550000000001,243.50442504882812
2803,2020-01-15 12:00:00,87.47584,103.20197000000002,243.63763427734375
2804,2020-01-15 13:00:00,87.4796,103.12338,243.7913055419922
2805,2020-01-15 14:00:00,87.48327,103.04865000000001,243.84064483642578
2806,2020-01-15 15:00:00,87.48694,102.98059999999998,243.89519500732422
2807,2020-01-15 16:00:00,87.49069,102.91988000000003,244.01093292236328
2808,2020-01-15 17:00:00,87.49472,102.86430999999999,244.19297790527344
2809,2020-01-15 18:00:00,87.49911,102.81515000000002,244.40540313720703
2810,2020-01-15 19:00:00,87.50384,102.7656,244.5529022216797
2811,2020-01-15 20:00:00,87.509,102.71445,244.61158752441406
2812,2020-01-15 21:00:00,87.51426,102.66201999999998,244.63772583007812
2813,2020-01-15 22:00:00,87.51953,102.60843999999997,244.66687774658203
2814,2020-01-15 23:00:00,87.52467,102.55291999999997,244.6783676147461
2815,2020-01-16 00:00:00,87.52964,102.49423999999999,244.41815948486328
2816,2020-01-16 01:00:00,87.53443,102.43119999999999,244.5059585571289
2817,2020-01-16 02:00:00,87.5389,102.36473000000001,244.6966323852539
2818,2020-01-16 03:00:00,87.54299,102.29440999999997,245.0200958251953
2819,2020-01-16 04:00:00,87.5467,102.21949999999998,245.25311279296875
2820,2020-01-16 05:00:00,87.54997,102.14182,245.41854095458984
2821,2020-01-16 06:00:00,87.55263,102.06171,245.41188049316406
2822,2020-01-16 07:00:00,87.55495,101.97597000000002,245.2108154296875
2823,2020-01-16 08:00:00,87.55705,101.88459,244.9044952392578
2824,2020-01-16 09:00:00,87.559,101.79009000000002,244.69601440429688
2825,2020-01-16 10:00:00,87.56059,101.69664999999998,244.64299774169922
2826,2020-01-16 11:00:00,87.56178,101.60441000000003,244.55086517333984
2827,2020-01-16 12:00:00,87.56292,101.51060000000001,244.4146957397461
2828,2020-01-16 13:00:00,87.56383,101.41694000000001,244.3175048828125
2829,2020-01-16 14:00:00,87.56428,101.32382000000001,244.21853637695312
2830,2020-01-16 15:00:00,87.56424,101.226,244.1441192626953
2831,2020-01-16 16:00:00,87.56377,101.12457,244.1555633544922
2832,2020-01-16 17:00:00,87.56307,101.02030000000002,244.15936279296875
2833,2020-01-16 18:00:00,87.56212,100.9099,244.24334716796875
2834,2020-01-16 19:00:00,87.56111,100.79631999999998,244.37471771240234
2835,2020-01-16 20:00:00,87.56015,100.68549999999999,244.47360229492188
2836,2020-01-16 21:00:00,87.5591,100.57096000000001,244.56834411621094
2837,2020-01-16 22:00:00,87.55791,100.45564000000002,244.68898010253906
2838,2020-01-16 23:00:00,87.55666,100.34814,244.85238647460938
2839,2020-01-17 00:00:00,87.55498,100.24403000000001,244.99958038330078
2840,2020-01-17 01:00:00,87.55318,100.14492999999999,245.06524658203125
2841,2020-01-17 02:00:00,87.55079,100.04419000000001,245.16185760498047
2842,2020-01-17 03:00:00,87.54768,99.94470000000001,245.32869720458984
2843,2020-01-17 04:00:00,87.54352,99.84372000000002,245.50035858154297
2844,2020-01-17 05:00:00,87.539,99.74991999999997,245.72052764892578
2845,2020-01-17 06:00:00,87.53355,99.66064,245.92547607421875
2846,2020-01-17 07:00:00,87.52799,99.5838,246.08855438232422
2847,2020-01-17 08:00:00,87.5221,99.51078999999999,246.208984375
2848,2020-01-17 09:00:00,87.51589,99.43083000000001,246.25711822509766
2849,2020-01-17 10:00:00,87.50989,99.35270000000003,246.31316375732422
2850,2020-01-17 11:00:00,87.50435,99.279,246.37466430664062
2851,2020-01-17 12:00:00,87.49901,99.20740999999998,246.45783233642578
2852,2020-01-17 13:00:00,87.49378,99.13684,246.51446533203125
2853,2020-01-17 14:00:00,87.4886,99.06747999999999,246.65167999267578
2854,2020-01-17 15:00:00,87.48336,98.99805000000003,246.94196319580078
2855,2020-01-17 16:00:00,87.47808,98.93105000000003,247.1984634399414
2856,2020-01-17 17:00:00,87.47277,98.86567000000002,247.3696060180664
2857,2020-01-17 18:00:00,87.46743,98.80111,247.48876190185547
2858,2020-01-17 19:00:00,87.46227,98.73930999999999,247.58108520507812
2859,2020-01-17 20:00:00,87.45747,98.68241,247.68598175048828
2860,2020-01-17 21:00:00,87.45289,98.63096999999999,247.78878021240234
2861,2020-01-17 22:00:00,87.44835,98.58242999999999,247.8870620727539
2862,2020-01-17 23:00:00,87.44384,98.53530999999998,247.97339630126953
2863,2020-01-18 00:00:00,87.43948,98.49083000000002,247.81134033203125
2864,2020-01-18 01:00:00,87.4354,98.45123000000001,247.89090728759766
2865,2020-01-18 02:00:00,87.43113,98.41478000000001,247.96414184570312
2866,2020-01-18 03:00:00,87.42713,98.38366000000002,248.04019927978516
2867,2020-01-18 04:00:00,87.42332,98.35390999999998,248.10072326660156
2868,2020-01-18 05:00:00,87.4199,98.32904000000002,248.14884185791016
2869,2020-01-18 06:00:00,87.41678,98.31139000000002,248.19940185546875
2870,2020-01-18 07:00:00,87.41393,98.29993999999999,248.2378921508789
2871,2020-01-18 08:00:00,87.41107,98.29254000000003,248.27415466308594
2872,2020-01-18 09:00:00,87.40837,98.28786000000002,248.30984497070312
2873,2020-01-18 10:00:00,87.40594,98.28271000000001,248.32565307617188
2874,2020-01-18 11:00:00,87.40384,98.27861000000001,248.31395721435547
2875,2020-01-18 12:00:00,87.40191,98.27819999999997,248.27497100830078
2876,2020-01-18 13:00:00,87.40009,98.28282999999999,248.20603942871094
2877,2020-01-18 14:00:00,87.3983,98.28949999999998,248.09109497070312
2878,2020-01-18 15:00:00,87.39688,98.30259999999998,247.95643615722656
2879,2020-01-18 16:00:00,87.39605,98.32252,247.7718963623047
2880,2020-01-18 17:00:00,87.39511,98.33690999999999,247.5926742553711
2881,2020-01-18 18:00:00,87.39426,98.35111999999998,247.38471221923828
2882,2020-01-18 19:00:00,87.39346,98.36171000000002,247.10069274902344
2883,2020-01-18 20:00:00,87.39273,98.36932999999999,246.75567626953125
2884,2020-01-18 21:00:00,87.39205,98.37778000000003,246.41272735595703
2885,2020-01-18 22:00:00,87.39157,98.38565,246.05189514160156
2886,2020-01-18 23:00:00,87.39129,98.39310999999998,245.70848846435547
2887,2020-01-19 00:00:00,87.39145,98.39666999999997,245.40594482421875
2888,2020-01-19 01:00:00,87.39186,98.39801999999997,245.12234497070312
2889,2020-01-19 02:00:00,87.39255,98.40219000000002,244.86722564697266
2890,2020-01-19 03:00:00,87.39307,98.41512,244.63973236083984
2891,2020-01-19 04:00:00,87.39366,98.42599000000001,244.42462921142578
2892,2020-01-19 05:00:00,87.3941,98.43430000000001,244.20836639404297
2893,2020-01-19 06:00:00,87.39461,98.43930999999998,244.03292846679688
2894,2020-01-19 07:00:00,87.39527,98.43727999999999,243.93090057373047
2895,2020-01-19 08:00:00,87.39608,98.43180999999998,243.8477325439453
2896,2020-01-19 09:00:00,87.39688,98.42395999999997,243.80227661132812
2897,2020-01-19 10:00:00,87.39781,98.41316999999998,243.88343811035156
2898,2020-01-19 11:00:00,87.39851,98.39782000000002,243.89300537109375
2899,2020-01-19 12:00:00,87.39967,98.38000999999997,243.95136260986328
2900,2020-01-19 13:00:00,87.40073,98.35624999999999,244.0518035888672
2901,2020-01-19 14:00:00,87.40209,98.32625999999999,244.0371322631836
2902,2020-01-19 15:00:00,87.40382,98.29482000000002,243.95143127441406
2903,2020-01-19 16:00:00,87.4056,98.26395000000002,244.03791046142578
2904,2020-01-19 17:00:00,87.40731,98.22843,244.13534545898438
2905,2020-01-19 18:00:00,87.40904,98.19127000000003,244.15644073486328
2906,2020-01-19 19:00:00,87.41077,98.15305000000001,243.962158203125
2907,2020-01-19 20:00:00,87.41291,98.10822000000002,243.5985336303711
2908,2020-01-19 21:00:00,87.41503,98.06434000000002,243.2565689086914
2909,2020-01-19 22:00:00,87.41733,98.01778000000002,242.98188018798828
2910,2020-01-19 23:00:00,87.41991,97.96859999999998,242.75909423828125
2911,2020-01-20 00:00:00,87.42251,97.9214,243.11540985107422
2912,2020-01-20 01:00:00,87.42507,97.87385,242.87549591064453
2913,2020-01-20 02:00:00,87.42752,97.82826999999997,242.7650604248047
2914,2020-01-20 03:00:00,87.43004,97.78204,242.7406234741211
2915,2020-01-20 04:00:00,87.43272,97.73279000000002,242.61932373046875
2916,2020-01-20 05:00:00,87.43547,97.68513999999999,242.4304428100586
2917,2020-01-20 06:00:00,87.43809,97.63952999999998,242.2495880126953
2918,2020-01-20 07:00:00,87.44062,97.59753999999998,242.12904357910156
2919,2020-01-20 08:00:00,87.44305,97.55466999999999,242.04808807373047
2920,2020-01-20 09:00:00,87.4453,97.51123999999999,241.9903106689453
2921,2020-01-20 10:00:00,87.44749,97.46994999999998,241.94799041748047
2922,2020-01-20 11:00:00,87.44957,97.42446000000001,241.9082489013672
2923,2020-01-20 12:00:00,87.45173,97.38080000000002,241.87125396728516
2924,2020-01-20 13:00:00,87.45389,97.33645999999999,241.8445587158203
2925,2020-01-20 14:00:00,87.45614,97.28987000000001,241.85230255126953
2926,2020-01-20 15:00:00,87.45848,97.24259999999998,241.91619110107422
2927,2020-01-20 16:00:00,87.46084,97.19609000000003,241.97330474853516
2928,2020-01-20 17:00:00,87.46306,97.14611000000002,242.02722930908203
2929,2020-01-20 18:00:00,87.4653,97.10109,242.0127410888672
2930,2020-01-20 19:00:00,87.46752,97.05599000000001,242.03539276123047
2931,2020-01-20 20:00:00,87.46948,97.00826,242.23709869384766
2932,2020-01-20 21:00:00,87.47137,96.96014000000002,242.57412719726562
2933,2020-01-20 22:00:00,87.4731,96.90391999999997,242.70124053955078
2934,2020-01-20 23:00:00,87.47484,96.84923000000003,242.66651916503906
2935,2020-01-21 00:00:00,87.47663,96.79534000000001,242.54611206054688
2936,2020-01-21 01:00:00,87.4783,96.74052,242.40198516845703
2937,2020-01-21 02:00:00,87.47994,96.68453,242.2756576538086
2938,2020-01-21 03:00:00,87.4814,96.62817999999999,242.1438980102539
2939,2020-01-21 04:00:00,87.48286,96.57181000000003,242.05733489990234
2940,2020-01-21 05:00:00,87.4842,96.51249000000001,241.9970474243164
2941,2020-01-21 06:00:00,87.48542,96.45378,241.97933197021484
2942,2020-01-21 07:00:00,87.48649,96.39360999999997,242.01609802246094
2943,2020-01-21 08:00:00,87.48737,96.33353,242.1475601196289
2944,2020-01-21 09:00:00,87.48804,96.27328999999997,242.2965545654297
2945,2020-01-21 10:00:00,87.48846,96.21320000000003,242.20108795166016
2946,2020-01-21 11:00:00,87.48875,96.15195,242.08544921875
2947,2020-01-21 12:00:00,87.48905,96.09212000000002,241.99566650390625
2948,2020-01-21 13:00:00,87.48935,96.03264000000001,241.9228057861328
2949,2020-01-21 14:00:00,87.48966,95.97298,241.86978912353516
2950,2020-01-21 15:00:00,87.48994,95.91254000000004,241.8775177001953
2951,2020-01-21 16:00:00,87.4902,95.85233,242.0153579711914
2952,2020-01-21 17:00:00,87.49038,95.79363000000001,242.1006622314453
2953,2020-01-21 18:00:00,87.49048,95.73525000000001,242.2127456665039
2954,2020-01-21 19:00:00,87.49044,95.67835000000002,242.3448028564453
2955,2020-01-21 20:00:00,87.49011,95.62317999999999,242.41324615478516
2956,2020-01-21 21:00:00,87.48965,95.56871999999998,242.48346710205078
2957,2020-01-21 22:00:00,87.48911,95.51553000000001,242.61559295654297
2958,2020-01-21 23:00:00,87.48842,95.46391,242.69851684570312
2959,2020-01-22 00:00:00,87.4876,95.41323,242.7019805908203
2960,2020-01-22 01:00:00,87.48669,95.36232999999999,242.65582275390625
2961,2020-01-22 02:00:00,87.48574,95.31119000000001,242.5989532470703
2962,2020-01-22 03:00:00,87.48485,95.26093000000003,242.53111267089844
2963,2020-01-22 04:00:00,87.48401,95.21248000000003,242.46578979492188
2964,2020-01-22 05:00:00,87.48319,95.16678000000002,242.3625259399414
2965,2020-01-22 06:00:00,87.48232,95.12430999999998,242.3054656982422
2966,2020-01-22 07:00:00,87.48149,95.08391,242.25978088378906
2967,2020-01-22 08:00:00,87.48061,95.04506000000003,242.27572631835938
2968,2020-01-22 09:00:00,87.4796,95.00608999999997,242.3145523071289
2969,2020-01-22 10:00:00,87.47851,94.96654999999998,242.36276245117188
2970,2020-01-22 11:00:00,87.47735,94.92611,242.41744232177734
2971,2020-01-22 12:00:00,87.47608,94.88578999999999,242.4852294921875
2972,2020-01-22 13:00:00,87.4748,94.84622999999999,242.57682037353516
2973,2020-01-22 14:00:00,87.47337,94.80935999999997,242.73883819580078
2974,2020-01-22 15:00:00,87.472,94.77058999999997,242.86033630371094
2975,2020-01-22 16:00:00,87.47068,94.73149000000001,242.95476531982422
2976,2020-01-22 17:00:00,87.4693,94.6927,243.04730224609375
2977,2020-01-22 18:00:00,87.4679,94.65190000000001,243.1854476928711
2978,2020-01-22 19:00:00,87.46645,94.61007999999998,243.25277709960938
2979,2020-01-22 20:00:00,87.46487,94.56977,243.26231384277344
2980,2020-01-22 21:00:00,87.46321,94.52717000000001,243.2465362548828
2981,2020-01-22 22:00:00,87.46145,94.48477000000003,243.23338317871094
2982,2020-01-22 23:00:00,87.45981,94.44628999999998,243.22288513183594
2983,2020-01-23 00:00:00,87.45808,94.40615000000003,244.40152740478516
2984,2020-01-23 01:00:00,87.45648,94.36257,244.4149169921875
2985,2020-01-23 02:00:00,87.45492,94.32112000000001,244.48802947998047
2986,2020-01-23 03:00:00,87.4534,94.27591999999999,244.5671615600586
2987,2020-01-23 04:00:00,87.4519,94.23532,244.5868377685547
2988,2020-01-23 05:00:00,87.45052,94.19776000000002,244.57492065429688
2989,2020-01-23 06:00:00,87.44916,94.16046,244.5810546875
2990,2020-01-23 07:00:00,87.4478,94.12277,244.5792236328125
2991,2020-01-23 08:00:00,87.44648,94.08587,244.54075622558594
2992,2020-01-23 09:00:00,87.445,94.04807,244.48047637939453
2993,2020-01-23 10:00:00,87.44352,94.00979999999998,244.4022445678711
2994,2020-01-23 11:00:00,87.44191,93.97365000000002,244.36532592773438
2995,2020-01-23 12:00:00,87.44028,93.93867,244.43038940429688
2996,2020-01-23 13:00:00,87.43875,93.90403000000003,244.4598617553711
2997,2020-01-23 14:00:00,87.43743,93.87143000000003,244.4347915649414
2998,2020-01-23 15:00:00,87.4361,93.83614,244.44017028808594
2999,2020-01-23 16:00:00,87.43477,93.79665999999997,244.4464340209961
3000,2020-01-23 17:00:00,87.43358,93.75236999999998,244.34290313720703
3001,2020-01-23 18:00:00,87.43265,93.70621,244.26495361328125
3002,2020-01-23 19:00:00,87.43176,93.65557999999999,244.1560821533203
3003,2020-01-23 20:00:00,87.43091,93.60663,244.1022186279297
3004,2020-01-23 21:00:00,87.43,93.55988000000002,244.07168579101562
3005,2020-01-23 22:00:00,87.42917,93.51490999999999,244.1204605102539
3006,2020-01-23 23:00:00,87.42827,93.47127999999998,244.29115295410156
3007,2020-01-24 00:00:00,87.42743,93.42939000000001,244.40607452392578
3008,2020-01-24 01:00:00,87.42672,93.39026999999999,244.4228057861328
3009,2020-01-24 02:00:00,87.42608,93.35482999999999,244.4244155883789
3010,2020-01-24 03:00:00,87.42552,93.32249000000002,244.41661834716797
3011,2020-01-24 04:00:00,87.42496,93.29173000000003,244.3545379638672
3012,2020-01-24 05:00:00,87.42453,93.26285999999999,244.21185302734375
3013,2020-01-24 06:00:00,87.42408,93.23451999999997,244.02758026123047
3014,2020-01-24 07:00:00,87.42354,93.20631000000003,243.6976776123047
3015,2020-01-24 08:00:00,87.42295,93.17898000000002,243.3664779663086
3016,2020-01-24 09:00:00,87.42232,93.15304000000003,243.13987731933594
3017,2020-01-24 10:00:00,87.4216,93.12925000000001,243.0508041381836
3018,2020-01-24 11:00:00,87.42077,93.10809999999998,243.13449096679688
3019,2020-01-24 12:00:00,87.41987,93.08812999999998,243.34413146972656
3020,2020-01-24 13:00:00,87.41891,93.06835000000001,243.52761840820312
3021,2020-01-24 14:00:00,87.41786,93.04807,243.68385314941406
3022,2020-01-24 15:00:00,87.41681,93.02715999999998,243.80433654785156
3023,2020-01-24 16:00:00,87.41576,93.00659000000002,243.9225082397461
3024,2020-01-24 17:00:00,87.41476,92.98609999999996,244.0351333618164
3025,2020-01-24 18:00:00,87.41381,92.96667000000002,244.12537384033203
3026,2020-01-24 19:00:00,87.41299,92.94533999999999,244.23957061767578
3027,2020-01-24 20:00:00,87.41218,92.92632000000003,244.34102630615234
3028,2020-01-24 21:00:00,87.41135,92.91250000000002,244.37525939941406
3029,2020-01-24 22:00:00,87.41062,92.89974000000001,244.31182861328125
3030,2020-01-24 23:00:00,87.40996,92.88728000000003,244.22596740722656
3031,2020-01-25 00:00:00,87.40924,92.87880000000001,243.99662017822266
3032,2020-01-25 01:00:00,87.40853,92.86883999999998,243.74813842773438
3033,2020-01-25 02:00:00,87.40788,92.85951999999997,243.55743408203125
3034,2020-01-25 03:00:00,87.40722,92.85138999999998,243.3925323486328
3035,2020-01-25 04:00:00,87.40656,92.84584999999998,243.16184997558594
3036,2020-01-25 05:00:00,87.40603,92.83775000000003,242.89588928222656
3037,2020-01-25 06:00:00,87.40559,92.83100000000002,242.58451080322266
3038,2020-01-25 07:00:00,87.40515,92.82904000000002,242.3035125732422
3039,2020-01-25 08:00:00,87.40465,92.8247,242.08879852294922
3040,2020-01-25 09:00:00,87.40434,92.81759,241.91506958007812
3041,2020-01-25 10:00:00,87.40413,92.81443000000002,241.77137756347656
3042,2020-01-25 11:00:00,87.40363,92.81599,241.68711853027344
3043,2020-01-25 12:00:00,87.40323,92.81927000000002,241.70590209960938
3044,2020-01-25 13:00:00,87.40266,92.83055000000002,241.8563461303711
3045,2020-01-25 14:00:00,87.40225,92.84512999999998,242.0401840209961
3046,2020-01-25 15:00:00,87.40196,92.86036000000001,242.2540512084961
3047,2020-01-25 16:00:00,87.40178,92.87747000000002,242.46408081054688
3048,2020-01-25 17:00:00,87.40176,92.89836000000003,242.6705093383789
3049,2020-01-25 18:00:00,87.40193,92.92147999999997,242.8988800048828
3050,2020-01-25 19:00:00,87.40246,92.94670000000002,243.09068298339844
3051,2020-01-25 20:00:00,87.40308,92.97237999999999,243.23055267333984
3052,2020-01-25 21:00:00,87.40369,92.99162000000001,243.29024505615234
3053,2020-01-25 22:00:00,87.40417,93.00873999999999,243.37201690673828
3054,2020-01-25 23:00:00,87.40457,93.02908000000002,243.39190673828125
3055,2020-01-26 00:00:00,87.40492,93.05912999999998,243.44127655029297
3056,2020-01-26 01:00:00,87.40545,93.08960000000002,243.53631591796875
3057,2020-01-26 02:00:00,87.40588,93.12851,243.72779846191406
3058,2020-01-26 03:00:00,87.40644,93.17205000000001,244.0067367553711
3059,2020-01-26 04:00:00,87.40719,93.22183000000001,244.38636016845703
3060,2020-01-26 05:00:00,87.40841,93.27037999999999,244.6186981201172
3061,2020-01-26 06:00:00,87.4098,93.32132000000001,244.69229125976562
3062,2020-01-26 07:00:00,87.41128,93.37365999999997,244.6629867553711
3063,2020-01-26 08:00:00,87.4128,93.43650000000002,244.66938018798828
3064,2020-01-26 09:00:00,87.41375,93.51476000000002,244.79225158691406
3065,2020-01-26 10:00:00,87.41469,93.60048999999998,244.9405975341797
3066,2020-01-26 11:00:00,87.4156,93.69042999999999,245.01732635498047
3067,2020-01-26 12:00:00,87.41635,93.78019999999998,244.9977035522461
3068,2020-01-26 13:00:00,87.41707,93.87484,244.91111755371094
3069,2020-01-26 14:00:00,87.41771,93.97048000000001,244.8221664428711
3070,2020-01-26 15:00:00,87.41855,94.07637,244.76627349853516
3071,2020-01-26 16:00:00,87.41993,94.18183999999997,244.72464752197266
3072,2020-01-26 17:00:00,87.42115,94.29475000000002,244.6890869140625
3073,2020-01-26 18:00:00,87.42295,94.40019000000001,244.63279724121094
3074,2020-01-26 19:00:00,87.42426,94.51164,244.58023071289062
3075,2020-01-26 20:00:00,87.42565,94.63180999999997,244.50626373291016
3076,2020-01-26 21:00:00,87.42716,94.74131,244.4103775024414
3077,2020-01-26 22:00:00,87.42925,94.84607,244.29307556152344
3078,2020-01-26 23:00:00,87.43141,94.94267000000002,244.12339782714844
3079,2020-01-27 00:00:00,87.43359,95.03579000000002,243.92527770996094
3080,2020-01-27 01:00:00,87.43565,95.12211000000002,243.69314575195312
3081,2020-01-27 02:00:00,87.43746,95.20538999999997,243.4722900390625
3082,2020-01-27 03:00:00,87.43904,95.28789999999998,243.26202392578125
3083,2020-01-27 04:00:00,87.44081,95.37434999999999,243.0587921142578
3084,2020-01-27 05:00:00,87.44248,95.46095000000003,242.86354064941406
3085,2020-01-27 06:00:00,87.44389,95.54246999999998,242.68897247314453
3086,2020-01-27 07:00:00,87.44499,95.61691000000002,242.4771270751953
3087,2020-01-27 08:00:00,87.44604,95.67979000000003,242.2611083984375
3088,2020-01-27 09:00:00,87.44711,95.72625,242.03137969970703
3089,2020-01-27 10:00:00,87.44771,95.75272000000001,241.79222106933594
3090,2020-01-27 11:00:00,87.44813,95.77143999999998,241.51417541503906
3091,2020-01-27 12:00:00,87.44807,95.78670999999997,241.177490234375
3092,2020-01-27 13:00:00,87.44802,95.80205000000001,240.76358795166016
3093,2020-01-27 14:00:00,87.44794,95.81700000000001,240.31107330322266
3094,2020-01-27 15:00:00,87.44784,95.83267999999998,239.8929672241211
3095,2020-01-27 16:00:00,87.44775,95.85043000000002,239.53887939453125
3096,2020-01-27 17:00:00,87.44768,95.87158,239.2704849243164
3097,2020-01-27 18:00:00,87.44764,95.89303999999998,239.06324768066406
3098,2020-01-27 19:00:00,87.44766,95.90980000000002,238.89733123779297
3099,2020-01-27 20:00:00,87.44778,95.92061999999999,238.77557373046875
3100,2020-01-27 21:00:00,87.44807,95.92421000000002,238.67192840576172
3101,2020-01-27 22:00:00,87.44843,95.91976999999997,238.57644653320312
3102,2020-01-27 23:00:00,87.4489,95.90739000000002,238.4965591430664
3103,2020-01-28 00:00:00,87.44946,95.89089999999999,238.01785278320312
3104,2020-01-28 01:00:00,87.45004,95.87281999999999,237.9123992919922
3105,2020-01-28 02:00:00,87.45056,95.85861,237.79505157470703
3106,2020-01-28 03:00:00,87.45096,95.84893999999997,237.69410705566406
3107,2020-01-28 04:00:00,87.45132,95.84431000000001,237.61288452148438
3108,2020-01-28 05:00:00,87.45159,95.84000000000003,237.54747009277344
3109,2020-01-28 06:00:00,87.45188,95.83443999999997,237.5020751953125
3110,2020-01-28 07:00:00,87.45219,95.82544000000001,237.482177734375
3111,2020-01-28 08:00:00,87.4526,95.81267000000003,237.56299591064453
3112,2020-01-28 09:00:00,87.45318,95.79737,237.67790985107422
3113,2020-01-28 10:00:00,87.4539,95.77677,237.8318862915039
3114,2020-01-28 11:00:00,87.45485,95.75682,237.93052673339844
3115,2020-01-28 12:00:00,87.45582,95.73256000000003,238.00259399414062
3116,2020-01-28 13:00:00,87.457,95.71030999999999,238.0856170654297
3117,2020-01-28 14:00:00,87.45824,95.69069000000002,238.1603546142578
3118,2020-01-28 15:00:00,87.45921,95.67691000000002,238.24077606201172
3119,2020-01-28 16:00:00,87.46025,95.66372000000001,238.34427642822266
3120,2020-01-28 17:00:00,87.46116,95.64535000000001,238.43474578857422
3121,2020-01-28 18:00:00,87.46205,95.62365,238.55110931396484
3122,2020-01-28 19:00:00,87.463,95.59431999999998,238.65731811523438
3123,2020-01-28 20:00:00,87.46354,95.56466,238.72196197509766
3124,2020-01-28 21:00:00,87.46442,95.52837999999997,238.79622650146484
3125,2020-01-28 22:00:00,87.46584,95.48435,238.9428939819336
3126,2020-01-28 23:00:00,87.46724,95.44022999999999,239.08969116210938
3127,2020-01-29 00:00:00,87.4682,95.40192000000002,239.1761016845703
3128,2020-01-29 01:00:00,87.46905,95.36872,239.3134765625
3129,2020-01-29 02:00:00,87.4697,95.33844999999997,239.42611694335938
3130,2020-01-29 03:00:00,87.47017,95.31038999999998,239.5541000366211
3131,2020-01-29 04:00:00,87.47042,95.28354000000002,239.58328247070312
3132,2020-01-29 05:00:00,87.4706,95.25768,239.58189392089844
3133,2020-01-29 06:00:00,87.47068,95.23199999999997,239.48886108398438
3134,2020-01-29 07:00:00,87.47064,95.21150999999998,239.44913482666016
3135,2020-01-29 08:00:00,87.47074,95.19504,239.50443267822266
3136,2020-01-29 09:00:00,87.47103,95.18090999999998,239.61048889160156
3137,2020-01-29 10:00:00,87.47131,95.16879,239.78319549560547
3138,2020-01-29 11:00:00,87.47164,95.16017,239.9935302734375
3139,2020-01-29 12:00:00,87.47218,95.15654,240.1956558227539
3140,2020-01-29 13:00:00,87.47263,95.16311000000002,240.41500854492188
3141,2020-01-29 14:00:00,87.47297,95.17979000000003,240.5930938720703
3142,2020-01-29 15:00:00,87.47312,95.21078999999997,240.87234497070312
3143,2020-01-29 16:00:00,87.47305,95.25301000000002,241.07091522216797
3144,2020-01-29 17:00:00,87.47289,95.30087000000003,241.3620376586914
3145,2020-01-29 18:00:00,87.47289,95.35375999999997,241.78604125976562
3146,2020-01-29 19:00:00,87.47315,95.40690000000001,242.2171859741211
3147,2020-01-29 20:00:00,87.47406,95.47656999999998,242.62867736816406
3148,2020-01-29 21:00:00,87.47519,95.55132000000003,243.07225799560547
3149,2020-01-29 22:00:00,87.47619,95.62563999999998,243.5497283935547
3150,2020-01-29 23:00:00,87.47708,95.69785000000002,244.3238983154297
3151,2020-01-30 00:00:00,87.4778,95.77080000000001,244.7622299194336
3152,2020-01-30 01:00:00,87.47843,95.84436,245.16449737548828
3153,2020-01-30 02:00:00,87.47897,95.91955999999999,245.5936279296875
3154,2020-01-30 03:00:00,87.47929,95.99718000000001,245.93959045410156
3155,2020-01-30 04:00:00,87.4794,96.07816000000003,245.9876480102539
3156,2020-01-30 05:00:00,87.47914,96.1551,246.17138671875
3157,2020-01-30 06:00:00,87.4784,96.22570000000002,246.4366226196289
3158,2020-01-30 07:00:00,87.47668,96.29507000000001,246.65185546875
3159,2020-01-30 08:00:00,87.47363,96.36714999999998,246.44283294677734
3160,2020-01-30 09:00:00,87.46934,96.43898999999999,246.10581970214844
3161,2020-01-30 10:00:00,87.46428,96.49579,245.58859252929688
3162,2020-01-30 11:00:00,87.45957,96.52962000000002,244.78910064697266
3163,2020-01-30 12:00:00,87.4556,96.53917000000001,243.74887084960938
3164,2020-01-30 13:00:00,87.45176,96.53978999999998,242.82093811035156
3165,2020-01-30 14:00:00,87.4479,96.53228000000001,241.83876037597656
3166,2020-01-30 15:00:00,87.44413,96.52327000000002,240.98831176757812
3167,2020-01-30 16:00:00,87.44036,96.51353,240.41357421875
3168,2020-01-30 17:00:00,87.43692,96.50317000000001,239.99363708496094
3169,2020-01-30 18:00:00,87.43417,96.49653999999998,239.6815643310547
3170,2020-01-30 19:00:00,87.43185,96.49144000000001,239.4378890991211
3171,2020-01-30 20:00:00,87.43007,96.48426,239.21895599365234
3172,2020-01-30 21:00:00,87.42886,96.47816,239.03874969482422
3173,2020-01-30 22:00:00,87.42839,96.47077999999999,238.89244079589844
3174,2020-01-30 23:00:00,87.42845,96.46398999999997,238.8077163696289
3175,2020-01-31 00:00:00,87.42873,96.46280000000002,238.76871490478516
3176,2020-01-31 01:00:00,87.42943,96.46461,238.80806732177734
3177,2020-01-31 02:00:00,87.43024,96.47172999999998,238.8379669189453
3178,2020-01-31 03:00:00,87.43107,96.48167000000001,238.91844940185547
3179,2020-01-31 04:00:00,87.43199,96.48750999999999,239.00546264648438
3180,2020-01-31 05:00:00,87.43384,96.48928999999998,239.07862854003906
3181,2020-01-31 06:00:00,87.43662,96.48437999999999,239.14306640625
3182,2020-01-31 07:00:00,87.43983,96.47072000000003,239.20732879638672
3183,2020-01-31 08:00:00,87.44367,96.44933000000003,239.29683685302734
3184,2020-01-31 09:00:00,87.44823,96.42451,239.55890655517578
3185,2020-01-31 10:00:00,87.45319,96.39778999999999,240.09153747558594
3186,2020-01-31 11:00:00,87.45849,96.36845,240.58995056152344
3187,2020-01-31 12:00:00,87.46388,96.33359000000002,241.17413330078125
3188,2020-01-31 13:00:00,87.46919,96.30039999999997,241.78144073486328
3189,2020-01-31 14:00:00,87.47386,96.27562999999998,242.4033432006836
3190,2020-01-31 15:00:00,87.4779,96.26711999999998,243.08103942871094
3191,2020-01-31 16:00:00,87.48143,96.27451000000002,244.16492462158203
3192,2020-01-31 17:00:00,87.48442,96.28949,245.1472625732422
3193,2020-01-31 18:00:00,87.48703,96.305,245.8109130859375
3194,2020-01-31 19:00:00,87.4895,96.32801999999998,246.27340698242188
3195,2020-01-31 20:00:00,87.49193,96.34698000000003,246.5412139892578
3196,2020-01-31 21:00:00,87.49413,96.35959000000003,246.74578094482422
3197,2020-01-31 22:00:00,87.4957,96.37182999999999,246.86913299560547
3198,2020-01-31 23:00:00,87.49663,96.38229999999999,246.86436462402344
3199,2020-02-01 00:00:00,87.49721,96.39019000000002,247.53060150146484
3200,2020-02-01 01:00:00,87.49713,96.38895000000002,247.27249908447266
3201,2020-02-01 02:00:00,87.49534,96.38168000000002,246.9915008544922
3202,2020-02-01 03:00:00,87.49042,96.34629000000001,246.58191680908203
3203,2020-02-01 04:00:00,87.48132,96.29559999999998,245.93727111816406
3204,2020-02-01 05:00:00,87.469,96.23807999999997,244.79447174072266
3205,2020-02-01 06:00:00,87.45475,96.16739000000001,243.3628692626953
3206,2020-02-01 07:00:00,87.43992,96.07249999999999,242.14238739013672
3207,2020-02-01 08:00:00,87.42602,95.95760000000001,241.10253143310547
3208,2020-02-01 09:00:00,87.41414,95.84108000000003,240.17928314208984
3209,2020-02-01 10:00:00,87.40478,95.74346000000003,239.42249298095703
3210,2020-02-01 11:00:00,87.39768,95.67865999999998,238.92709350585938
3211,2020-02-01 12:00:00,87.39231,95.65735999999998,238.58878326416016
3212,2020-02-01 13:00:00,87.38751,95.66971999999998,238.27301788330078
3213,2020-02-01 14:00:00,87.38272,95.70578,237.96072387695312
3214,2020-02-01 15:00:00,87.37739,95.75378999999998,237.6980438232422
3215,2020-02-01 16:00:00,87.37107,95.80333000000002,237.48802947998047
3216,2020-02-01 17:00:00,87.36389,95.84607,237.3241729736328
3217,2020-02-01 18:00:00,87.3569,95.86493999999999,237.19995880126953
3218,2020-02-01 19:00:00,87.35056,95.85944,237.08767700195312
3219,2020-02-01 20:00:00,87.34542,95.83125999999999,236.99178314208984
3220,2020-02-01 21:00:00,87.34186,95.7894,236.9223861694336
3221,2020-02-01 22:00:00,87.33988,95.74720000000002,236.8903579711914
3222,2020-02-01 23:00:00,87.33934,95.71249999999998,236.9420394897461
3223,2020-02-02 00:00:00,87.33942,95.68180000000001,237.06452178955078
3224,2020-02-02 01:00:00,87.34023,95.65706,237.24947357177734
3225,2020-02-02 02:00:00,87.34152,95.63680999999997,237.45684814453125
3226,2020-02-02 03:00:00,87.34275,95.61374999999998,237.73505401611328
3227,2020-02-02 04:00:00,87.34384,95.58584000000002,238.06098175048828
3228,2020-02-02 05:00:00,87.34444,95.5444,238.4249725341797
3229,2020-02-02 06:00:00,87.34464,95.47958,238.7457046508789
3230,2020-02-02 07:00:00,87.34469,95.38647000000003,239.01874542236328
3231,2020-02-02 08:00:00,87.3451,95.26603,239.2372055053711
3232,2020-02-02 09:00:00,87.34617,95.12657000000002,239.3733139038086
3233,2020-02-02 10:00:00,87.34801,94.97309000000001,239.4637908935547
3234,2020-02-02 11:00:00,87.34997,94.83275000000003,239.47630310058594
3235,2020-02-02 12:00:00,87.35173,94.71329000000003,239.4296112060547
3236,2020-02-02 13:00:00,87.35352,94.60748999999998,239.38096618652344
3237,2020-02-02 14:00:00,87.35513,94.51596,239.37893676757812
3238,2020-02-02 15:00:00,87.35646,94.43444,239.3874740600586
3239,2020-02-02 16:00:00,87.35749,94.36127999999997,239.41413116455078
3240,2020-02-02 17:00:00,87.35815,94.29059999999998,239.4649200439453
3241,2020-02-02 18:00:00,87.35872,94.21321999999998,239.571533203125
3242,2020-02-02 19:00:00,87.35961,94.12576999999999,239.76730346679688
3243,2020-02-02 20:00:00,87.36127,94.02271000000002,240.033447265625
3244,2020-02-02 21:00:00,87.36419,93.90379000000001,240.4296112060547
3245,2020-02-02 22:00:00,87.3686,93.77891999999997,240.95901489257812
3246,2020-02-02 23:00:00,87.37375,93.6601,241.54468536376953
3247,2020-02-03 00:00:00,87.37945,93.55286000000001,242.20990753173828
3248,2020-02-03 01:00:00,87.3851,93.45605,243.0482635498047
3249,2020-02-03 02:00:00,87.39054,93.37157000000002,244.14535522460938
3250,2020-02-03 03:00:00,87.39561,93.30232999999998,245.44513702392578
3251,2020-02-03 04:00:00,87.40009,93.25013999999999,246.5606918334961
3252,2020-02-03 05:00:00,87.40403,93.21726999999998,247.5749969482422
3253,2020-02-03 06:00:00,87.4074,93.19851,248.2536392211914
3254,2020-02-03 07:00:00,87.41043,93.20159000000001,248.6389923095703
3255,2020-02-03 08:00:00,87.41299,93.22429,248.9442138671875
3256,2020-02-03 09:00:00,87.41529,93.26391999999998,249.25707244873047
3257,2020-02-03 10:00:00,87.41773,93.32573000000002,249.6011199951172
3258,2020-02-03 11:00:00,87.42049,93.39859000000001,250.02349090576172
3259,2020-02-03 12:00:00,87.42371,93.47839999999997,250.44007873535156
3260,2020-02-03 13:00:00,87.42723,93.56774999999999,250.57972717285156
3261,2020-02-03 14:00:00,87.43062,93.66140999999999,250.43048095703125
3262,2020-02-03 15:00:00,87.43369,93.75999999999999,250.06620025634766
3263,2020-02-03 16:00:00,87.43612,93.85847999999999,249.5524139404297
3264,2020-02-03 17:00:00,87.43806,93.9554,249.0474090576172
3265,2020-02-03 18:00:00,87.43976,94.04617000000002,248.68834686279297
3266,2020-02-03 19:00:00,87.44133,94.12982999999997,248.31737518310547
3267,2020-02-03 20:00:00,87.44284,94.20875000000001,247.9442367553711
3268,2020-02-03 21:00:00,87.44437,94.28305999999998,247.68597412109375
3269,2020-02-03 22:00:00,87.44645,94.36099000000002,247.45570373535156
3270,2020-02-03 23:00:00,87.44929,94.45283999999998,247.2248077392578
3271,2020-02-04 00:00:00,87.45237,94.55385999999999,246.2669906616211
3272,2020-02-04 01:00:00,87.45484,94.6456,246.0937728881836
3273,2020-02-04 02:00:00,87.45772,94.74252000000001,245.99571990966797
3274,2020-02-04 03:00:00,87.46082,94.83889999999997,245.87870025634766
3275,2020-02-04 04:00:00,87.46337,94.92797000000002,245.61685943603516
3276,2020-02-04 05:00:00,87.46602,95.01076999999998,245.2606964111328
3277,2020-02-04 06:00:00,87.46859,95.08783,244.98924255371094
3278,2020-02-04 07:00:00,87.47077,95.15652,244.79022216796875
3279,2020-02-04 08:00:00,87.47267,95.21488,244.65401458740234
3280,2020-02-04 09:00:00,87.47435,95.25986,244.54949188232422
3281,2020-02-04 10:00:00,87.47604,95.29128000000003,244.45317840576172
3282,2020-02-04 11:00:00,87.47795,95.31074000000001,244.3665542602539
3283,2020-02-04 12:00:00,87.48022,95.32144,244.2974395751953
3284,2020-02-04 13:00:00,87.48279,95.3272,244.22061920166016
3285,2020-02-04 14:00:00,87.4856,95.33134000000001,244.1242904663086
3286,2020-02-04 15:00:00,87.48845,95.3358,244.0268325805664
3287,2020-02-04 16:00:00,87.49123,95.34062,243.97103118896484
3288,2020-02-04 17:00:00,87.4938,95.34476000000001,243.9091567993164
3289,2020-02-04 18:00:00,87.49618,95.34811000000002,243.84765625
3290,2020-02-04 19:00:00,87.49832,95.3485,243.85018920898438
3291,2020-02-04 20:00:00,87.50036,95.34395,243.870849609375
3292,2020-02-04 21:00:00,87.50236,95.33479999999997,243.84888458251953
3293,2020-02-04 22:00:00,87.50446,95.31952999999999,243.80577850341797
3294,2020-02-04 23:00:00,87.50689,95.29676,243.72830200195312
3295,2020-02-05 00:00:00,87.5097,95.26860999999997,243.55399322509766
3296,2020-02-05 01:00:00,87.51289,95.23651000000001,243.25579071044922
3297,2020-02-05 02:00:00,87.51633,95.20643999999999,242.98816680908203
3298,2020-02-05 03:00:00,87.51994,95.18142,242.92829132080078
3299,2020-02-05 04:00:00,87.52362,95.15956,243.02708435058594
3300,2020-02-05 05:00:00,87.52708,95.13380000000001,243.1736068725586
3301,2020-02-05 06:00:00,87.53011,95.10034000000002,243.24761199951172
3302,2020-02-05 07:00:00,87.53307,95.06339000000003,243.0831527709961
3303,2020-02-05 08:00:00,87.53591,95.02561000000003,242.8456573486328
3304,2020-02-05 09:00:00,87.53864,94.97877,242.87250518798828
3305,2020-02-05 10:00:00,87.54156,94.92703,243.04462432861328
3306,2020-02-05 11:00:00,87.54439,94.86914999999999,243.1741180419922
3307,2020-02-05 12:00:00,87.54733,94.80881,243.09104919433594
3308,2020-02-05 13:00:00,87.55058,94.74565999999999,242.77908325195312
3309,2020-02-05 14:00:00,87.55409,94.68054999999998,242.54290771484375
3310,2020-02-05 15:00:00,87.55781,94.61556000000002,242.86233520507812
3311,2020-02-05 16:00:00,87.56146,94.55401999999998,243.34632110595703
3312,2020-02-05 17:00:00,87.56491,94.50350000000003,243.71141815185547
3313,2020-02-05 18:00:00,87.5681,94.46001000000001,243.90919494628906
3314,2020-02-05 19:00:00,87.57089,94.42493000000002,244.2424545288086
3315,2020-02-05 20:00:00,87.57344,94.39495999999997,244.60728454589844
3316,2020-02-05 21:00:00,87.57561,94.37085000000002,244.82752990722656
3317,2020-02-05 22:00:00,87.57761,94.34874000000002,244.85701751708984
3318,2020-02-05 23:00:00,87.57945,94.32276000000002,244.47635650634766
3319,2020-02-06 00:00:00,87.58139,94.29525999999998,244.11173248291016
3320,2020-02-06 01:00:00,87.58351,94.26292000000001,243.88966369628906
3321,2020-02-06 02:00:00,87.58581,94.22509000000002,243.6949234008789
3322,2020-02-06 03:00:00,87.5883,94.18831999999998,243.69361114501953
3323,2020-02-06 04:00:00,87.5909,94.15026999999998,244.04335021972656
3324,2020-02-06 05:00:00,87.59368,94.11054000000001,244.6527862548828
3325,2020-02-06 06:00:00,87.5961,94.07594,245.31737518310547
3326,2020-02-06 07:00:00,87.59848,94.05943000000002,245.91350555419922
3327,2020-02-06 08:00:00,87.60117,94.04290000000003,246.40645599365234
3328,2020-02-06 09:00:00,87.60411,94.02318000000002,246.8237533569336
3329,2020-02-06 10:00:00,87.60689,94.00461000000001,247.17179107666016
3330,2020-02-06 11:00:00,87.60904,93.98356999999999,247.44454193115234
3331,2020-02-06 12:00:00,87.61098,93.95947000000001,247.57364654541016
3332,2020-02-06 13:00:00,87.61318,93.93833999999998,247.4199676513672
3333,2020-02-06 14:00:00,87.61532,93.91844000000003,247.4446029663086
3334,2020-02-06 15:00:00,87.61725,93.90062999999998,247.47376251220703
3335,2020-02-06 16:00:00,87.61901,93.87939,247.42747497558594
3336,2020-02-06 17:00:00,87.62068,93.85739999999998,247.23934936523438
3337,2020-02-06 18:00:00,87.6225,93.83886999999999,246.9315414428711
3338,2020-02-06 19:00:00,87.62413,93.82533999999998,246.64240264892578
3339,2020-02-06 20:00:00,87.62547,93.81488000000002,246.29102325439453
3340,2020-02-06 21:00:00,87.62641,93.80318,246.02503967285156
3341,2020-02-06 22:00:00,87.62718,93.79314,245.81735229492188
3342,2020-02-06 23:00:00,87.628,93.78294,245.63267517089844
3343,2020-02-07 00:00:00,87.62889,93.77372000000003,245.46405792236328
3344,2020-02-07 01:00:00,87.63015,93.76621999999998,245.3449935913086
3345,2020-02-07 02:00:00,87.63139,93.75948,245.2795867919922
3346,2020-02-07 03:00:00,87.63257,93.75065000000001,245.1277618408203
3347,2020-02-07 04:00:00,87.63373,93.74626,245.0121307373047
3348,2020-02-07 05:00:00,87.63484,93.74625000000003,244.8867950439453
3349,2020-02-07 06:00:00,87.63594,93.74855000000002,244.82323455810547
3350,2020-02-07 07:00:00,87.63701,93.75288,244.70589447021484
3351,2020-02-07 08:00:00,87.63804,93.75851,244.50695037841797
3352,2020-02-07 09:00:00,87.63907,93.76465999999999,244.31332397460938
3353,2020-02-07 10:00:00,87.64004,93.77190000000002,244.1171417236328
3354,2020-02-07 11:00:00,87.64091,93.77850999999998,243.93787384033203
3355,2020-02-07 12:00:00,87.64174,93.78303,243.77458953857422
3356,2020-02-07 13:00:00,87.6426,93.78838000000002,243.61821746826172
3357,2020-02-07 14:00:00,87.64356,93.79503999999997,243.46624755859375
3358,2020-02-07 15:00:00,87.6446,93.80536000000001,243.32808685302734
3359,2020-02-07 16:00:00,87.64576,93.81518,243.21015167236328
3360,2020-02-07 17:00:00,87.64696,93.82486,243.0792999267578
3361,2020-02-07 18:00:00,87.64815,93.83735000000001,242.93991088867188
3362,2020-02-07 19:00:00,87.64932,93.85147999999998,242.8177719116211
3363,2020-02-07 20:00:00,87.65042,93.86511999999999,242.70030975341797
3364,2020-02-07 21:00:00,87.65159,93.87531000000001,242.5818328857422
3365,2020-02-07 22:00:00,87.65285,93.88090999999997,242.4648208618164
3366,2020-02-07 23:00:00,87.65427,93.88182999999998,242.3342514038086
3367,2020-02-08 00:00:00,87.65578,93.88121999999998,242.1930160522461
3368,2020-02-08 01:00:00,87.65734,93.88168000000002,242.06697845458984
3369,2020-02-08 02:00:00,87.65899,93.88249000000002,241.9484634399414
3370,2020-02-08 03:00:00,87.66071,93.88387999999998,241.8313980102539
3371,2020-02-08 04:00:00,87.66252,93.88403,241.70922088623047
3372,2020-02-08 05:00:00,87.66443,93.88186999999999,241.60137176513672
3373,2020-02-08 06:00:00,87.66637,93.87576999999999,241.49752044677734
3374,2020-02-08 07:00:00,87.6684,93.86471,241.391845703125
3375,2020-02-08 08:00:00,87.67032,93.85334,241.32454681396484
3376,2020-02-08 09:00:00,87.67184,93.8415,241.27783203125
3377,2020-02-08 10:00:00,87.67347,93.82632999999998,241.26151275634766
3378,2020-02-08 11:00:00,87.67526,93.80677000000003,241.3307647705078
3379,2020-02-08 12:00:00,87.67692,93.78933,241.4936981201172
3380,2020-02-08 13:00:00,87.67941,93.76117999999997,241.69351959228516
3381,2020-02-08 14:00:00,87.68148,93.74095999999997,242.3405990600586
3382,2020-02-08 15:00:00,87.68375,93.72109,242.9791030883789
3383,2020-02-08 16:00:00,87.6863,93.69547,243.46941375732422
3384,2020-02-08 17:00:00,87.6892,93.66266999999999,243.92923736572266
3385,2020-02-08 18:00:00,87.692,93.63211000000001,244.2197723388672
3386,2020-02-08 19:00:00,87.69432,93.60390000000001,244.34521484375
3387,2020-02-08 20:00:00,87.69691,93.57371999999998,244.3334732055664
3388,2020-02-08 21:00:00,87.6992,93.54412000000002,244.23137664794922
3389,2020-02-08 22:00:00,87.70152,93.51224000000002,244.1426773071289
3390,2020-02-08 23:00:00,87.70386,93.47561999999999,244.02529907226562
3391,2020-02-09 00:00:00,87.70616,93.43752,243.9135284423828
3392,2020-02-09 01:00:00,87.70803,93.39981999999998,243.82037353515625
3393,2020-02-09 02:00:00,87.70958,93.36779000000001,243.68299102783203
3394,2020-02-09 03:00:00,87.71183,93.32666999999998,243.60543823242188
3395,2020-02-09 04:00:00,87.71389,93.28929,243.52413177490234
3396,2020-02-09 05:00:00,87.71644,93.24270000000001,243.39908599853516
3397,2020-02-09 06:00:00,87.71905,93.19232999999997,243.21636962890625
3398,2020-02-09 07:00:00,87.72161,93.14681999999999,242.99258422851562
3399,2020-02-09 08:00:00,87.72413,93.09935999999999,242.76497650146484
3400,2020-02-09 09:00:00,87.72647,93.05691999999999,242.5166778564453
3401,2020-02-09 10:00:00,87.72857,93.00973999999997,242.25202178955078
3402,2020-02-09 11:00:00,87.73091,92.96329000000003,241.96925354003906
3403,2020-02-09 12:00:00,87.73309,92.91782999999998,241.68710327148438
3404,2020-02-09 13:00:00,87.73524,92.87693000000002,241.48583221435547
3405,2020-02-09 14:00:00,87.7376,92.83157,241.36885833740234
3406,2020-02-09 15:00:00,87.73986,92.78712999999999,241.31187438964844
3407,2020-02-09 16:00:00,87.74209,92.73989,241.27429962158203
3408,2020-02-09 17:00:00,87.74439,92.69031000000001,241.30571746826172
3409,2020-02-09 18:00:00,87.74679,92.637,241.40850830078125
3410,2020-02-09 19:00:00,87.74936,92.58078,241.6162872314453
3411,2020-02-09 20:00:00,87.75212,92.52260999999999,241.8141632080078
3412,2020-02-09 21:00:00,87.75492,92.46773000000002,241.9060821533203
3413,2020-02-09 22:00:00,87.75842,92.41196000000002,241.97724151611328
3414,2020-02-09 23:00:00,87.76124,92.35609999999997,242.1326904296875
3415,2020-02-10 00:00:00,87.76357,92.30603000000002,242.36553955078125
3416,2020-02-10 01:00:00,87.76601,92.26159999999999,242.5878448486328
3417,2020-02-10 02:00:00,87.76831,92.21942999999999,242.75588989257812
3418,2020-02-10 03:00:00,87.7705,92.17610000000002,242.90341186523438
3419,2020-02-10 04:00:00,87.77266,92.13254,243.12571716308594
3420,2020-02-10 05:00:00,87.77467,92.09019999999998,243.24148559570312
3421,2020-02-10 06:00:00,87.77679,92.04383999999999,243.29608154296875
3422,2020-02-10 07:00:00,87.77886,91.99281000000002,243.38755798339844
3423,2020-02-10 08:00:00,87.78097,91.93713000000002,243.53378295898438
3424,2020-02-10 09:00:00,87.78318,91.87802999999997,243.76095581054688
3425,2020-02-10 10:00:00,87.7854,91.81753000000003,244.11798858642578
3426,2020-02-10 11:00:00,87.78755,91.75855000000001,244.4543914794922
3427,2020-02-10 12:00:00,87.78959,91.70186000000001,244.88050842285156
3428,2020-02-10 13:00:00,87.79146,91.6449,245.2796173095703
3429,2020-02-10 14:00:00,87.79314,91.58874000000003,245.2867889404297
3430,2020-02-10 15:00:00,87.79461,91.53429,244.91244506835938
3431,2020-02-10 16:00:00,87.79593,91.47926000000001,244.3531951904297
3432,2020-02-10 17:00:00,87.7972,91.42212999999998,243.74566650390625
3433,2020-02-10 18:00:00,87.79845,91.3598,243.13922882080078
3434,2020-02-10 19:00:00,87.79986,91.28983,242.57861328125
3435,2020-02-10 20:00:00,87.80148,91.21221000000003,242.1558380126953
3436,2020-02-10 21:00:00,87.80333,91.12886000000003,241.8509292602539
3437,2020-02-10 22:00:00,87.80533,91.04218000000003,241.5885772705078
3438,2020-02-10 23:00:00,87.8075,90.95434999999998,241.34024810791016
3439,2020-02-11 00:00:00,87.80959,90.86881,241.07118225097656
3440,2020-02-11 01:00:00,87.81149,90.78582,240.75406646728516
3441,2020-02-11 02:00:00,87.81304,90.70799999999997,240.4639663696289
3442,2020-02-11 03:00:00,87.81452,90.63233000000002,240.2329559326172
3443,2020-02-11 04:00:00,87.8156,90.55988000000002,240.08440399169922
3444,2020-02-11 05:00:00,87.81659,90.48354,240.0285873413086
3445,2020-02-11 06:00:00,87.81745,90.40321,239.97074127197266
3446,2020-02-11 07:00:00,87.81835,90.31707,239.92356872558594
3447,2020-02-11 08:00:00,87.8193,90.22230000000002,239.89207458496094
3448,2020-02-11 09:00:00,87.82034,90.11505999999997,239.84490203857422
3449,2020-02-11 10:00:00,87.82157,90.00351999999998,239.75516510009766
3450,2020-02-11 11:00:00,87.82289,89.89423999999997,239.64644622802734
3451,2020-02-11 12:00:00,87.82444,89.78499,239.57716369628906
3452,2020-02-11 13:00:00,87.82604,89.67921000000001,239.58172607421875
3453,2020-02-11 14:00:00,87.8275,89.58161000000001,239.60723876953125
3454,2020-02-11 15:00:00,87.82876,89.49160999999998,239.55374908447266
3455,2020-02-11 16:00:00,87.82984,89.40733,239.4482192993164
3456,2020-02-11 17:00:00,87.83082,89.32736999999997,239.35556030273438
3457,2020-02-11 18:00:00,87.83179,89.24610999999999,239.33092498779297
3458,2020-02-11 19:00:00,87.833,89.15839,239.38372802734375
3459,2020-02-11 20:00:00,87.83457,89.06160999999997,239.47593688964844
3460,2020-02-11 21:00:00,87.83663,88.95738,239.58688354492188
3461,2020-02-11 22:00:00,87.83906,88.84721000000002,239.66657257080078
3462,2020-02-11 23:00:00,87.84177,88.73266000000001,239.74916076660156
3463,2020-02-12 00:00:00,87.84476,88.61879999999996,239.79986572265625
3464,2020-02-12 01:00:00,87.84784,88.50795,239.8041229248047
3465,2020-02-12 02:00:00,87.85077,88.40481,239.77215576171875
3466,2020-02-12 03:00:00,87.85332,88.31207,239.67853546142578
3467,2020-02-12 04:00:00,87.85548,88.23000000000002,239.5584487915039
3468,2020-02-12 05:00:00,87.85754,88.15138000000002,239.4721450805664
3469,2020-02-12 06:00:00,87.85976,88.06582000000003,239.45075225830078
3470,2020-02-12 07:00:00,87.86284,87.96947999999998,239.5087890625
3471,2020-02-12 08:00:00,87.86567,87.87094000000002,239.6352081298828
3472,2020-02-12 09:00:00,87.86898,87.76477,239.79242706298828
3473,2020-02-12 10:00:00,87.87274,87.65219000000002,239.96631622314453
3474,2020-02-12 11:00:00,87.87689,87.53766000000002,240.15532684326172
3475,2020-02-12 12:00:00,87.88132,87.42536999999999,240.36004638671875
3476,2020-02-12 13:00:00,87.88581,87.31891999999999,240.550537109375
3477,2020-02-12 14:00:00,87.89017,87.21895999999998,240.722900390625
3478,2020-02-12 15:00:00,87.89428,87.12473999999997,240.8989715576172
3479,2020-02-12 16:00:00,87.89818,87.03541000000001,241.07022094726562
3480,2020-02-12 17:00:00,87.90208,86.94481999999999,241.23179626464844
3481,2020-02-12 18:00:00,87.90566,86.84698000000003,241.3969955444336
3482,2020-02-12 19:00:00,87.90904,86.73467,241.57804107666016
3483,2020-02-12 20:00:00,87.91266,86.60582999999997,241.79815673828125
3484,2020-02-12 21:00:00,87.91602,86.46075000000002,241.99475860595703
3485,2020-02-12 22:00:00,87.91957,86.30982,242.1190948486328
3486,2020-02-12 23:00:00,87.9234,86.15760999999998,242.16712188720703
3487,2020-02-13 00:00:00,87.9273,86.00302999999997,242.1989517211914
3488,2020-02-13 01:00:00,87.93102,85.85212999999999,242.2357940673828
3489,2020-02-13 02:00:00,87.93448,85.70928000000004,242.23516082763672
3490,2020-02-13 03:00:00,87.93758,85.57177000000001,242.20256805419922
3491,2020-02-13 04:00:00,87.94128,85.42827,242.11087799072266
3492,2020-02-13 05:00:00,87.94473,85.28354000000002,241.9892349243164
3493,2020-02-13 06:00:00,87.94872,85.12844000000001,241.86548614501953
3494,2020-02-13 07:00:00,87.95271,84.95949999999999,241.71009826660156
3495,2020-02-13 08:00:00,87.95653,84.77805000000001,241.5382843017578
3496,2020-02-13 09:00:00,87.95991,84.5872,241.3872299194336
3497,2020-02-13 10:00:00,87.96319,84.38024999999999,241.2765350341797
3498,2020-02-13 11:00:00,87.966,84.1705,241.20487213134766
3499,2020-02-13 12:00:00,87.96878,83.96139,241.16368103027344
3500,2020-02-13 13:00:00,87.9712,83.75283999999999,241.16470336914062
3501,2020-02-13 14:00:00,87.97323,83.5507,241.1874542236328
3502,2020-02-13 15:00:00,87.97487,83.35397,241.2418441772461
3503,2020-02-13 16:00:00,87.97663,83.16811999999999,241.2957763671875
3504,2020-02-13 17:00:00,87.97939,82.96843999999999,241.46783447265625
3505,2020-02-13 18:00:00,87.9819,82.76918999999998,241.9598846435547
3506,2020-02-13 19:00:00,87.98439,82.56843000000003,242.53726196289062
3507,2020-02-13 20:00:00,87.98705,82.37941999999998,243.12942504882812
3508,2020-02-13 21:00:00,87.98962,82.19376,243.67003631591797
3509,2020-02-13 22:00:00,87.9923,82.01114999999999,244.15631866455078
3510,2020-02-13 23:00:00,87.99538,81.83677,244.74816131591797
3511,2020-02-14 00:00:00,87.99848,81.66976,245.6247329711914
3512,2020-02-14 01:00:00,88.00143,81.51144999999997,246.15550994873047
3513,2020-02-14 02:00:00,88.00416,81.36248,246.65640258789062
3514,2020-02-14 03:00:00,88.00688,81.22273999999999,247.2029571533203
3515,2020-02-14 04:00:00,88.00939,81.09330999999997,247.72528839111328
3516,2020-02-14 05:00:00,88.01164,80.97242,248.2516860961914
3517,2020-02-14 06:00:00,88.01378,80.85847000000001,249.0855255126953
3518,2020-02-14 07:00:00,88.01578,80.75128000000001,249.99085998535156
3519,2020-02-14 08:00:00,88.01795,80.64877999999999,250.89359283447266
3520,2020-02-14 09:00:00,88.0205,80.54610000000002,251.78152465820312
3521,2020-02-14 10:00:00,88.0233,80.44723999999997,252.56627655029297
3522,2020-02-14 11:00:00,88.02625,80.36518000000001,253.1181640625
3523,2020-02-14 12:00:00,88.02932,80.29449999999997,253.28528594970703
3524,2020-02-14 13:00:00,88.03252,80.23780999999997,253.35305786132812
3525,2020-02-14 14:00:00,88.03575,80.19373000000002,253.27598571777344
3526,2020-02-14 15:00:00,88.03897,80.16226,252.8238296508789
3527,2020-02-14 16:00:00,88.04199,80.14089000000001,252.13286590576172
3528,2020-02-14 17:00:00,88.04474,80.12297999999998,251.44546508789062
3529,2020-02-14 18:00:00,88.04728,80.10825,250.70135498046875
3530,2020-02-14 19:00:00,88.04964,80.09780999999998,249.74021911621094
3531,2020-02-14 20:00:00,88.05199,80.08197999999999,248.77019500732422
3532,2020-02-14 21:00:00,88.05437,80.07289000000003,247.82842254638672
3533,2020-02-14 22:00:00,88.05688,80.04764999999998,246.90855407714844
3534,2020-02-14 23:00:00,88.05933,80.02690000000001,246.10613250732422
3535,2020-02-15 00:00:00,88.06163,80.00473999999997,245.4105453491211
3536,2020-02-15 01:00:00,88.06372,79.98568999999998,244.81537628173828
3537,2020-02-15 02:00:00,88.0656,79.96911,244.31640625
3538,2020-02-15 03:00:00,88.06708,79.95639,243.8857650756836
3539,2020-02-15 04:00:00,88.0681,79.93998999999997,243.51748657226562
3540,2020-02-15 05:00:00,88.06879,79.92221,243.1955795288086
3541,2020-02-15 06:00:00,88.06925,79.90469000000002,242.89429473876953
3542,2020-02-15 07:00:00,88.06946,79.88413000000003,242.60794067382812
3543,2020-02-15 08:00:00,88.06929,79.86185,242.33472442626953
3544,2020-02-15 09:00:00,88.06912,79.83715999999998,242.0581512451172
3545,2020-02-15 10:00:00,88.06893,79.81974000000002,241.7931137084961
3546,2020-02-15 11:00:00,88.06872,79.80487,241.54478454589844
3547,2020-02-15 12:00:00,88.06855,79.79201999999998,241.32643127441406
3548,2020-02-15 13:00:00,88.06834,79.78008999999997,241.13055419921875
3549,2020-02-15 14:00:00,88.06816,79.76659000000001,240.95611572265625
3550,2020-02-15 15:00:00,88.06802,79.75790999999998,240.8471221923828
3551,2020-02-15 16:00:00,88.06792,79.75605000000002,240.77806854248047
3552,2020-02-15 17:00:00,88.06782,79.75686999999999,240.7198257446289
3553,2020-02-15 18:00:00,88.06778,79.75644999999997,240.67485809326172
3554,2020-02-15 19:00:00,88.06775,79.75560999999999,240.59235382080078
3555,2020-02-15 20:00:00,88.06773,79.75502,240.47164916992188
3556,2020-02-15 21:00:00,88.06767,79.75096000000002,240.35562896728516
3557,2020-02-15 22:00:00,88.06759,79.74664000000001,240.24291229248047
3558,2020-02-15 23:00:00,88.06747,79.73984000000002,240.14319610595703
3559,2020-02-16 00:00:00,88.06725,79.73028999999997,240.08477783203125
3560,2020-02-16 01:00:00,88.06699,79.71805,240.03460693359375
3561,2020-02-16 02:00:00,88.06677,79.70846,239.98715209960938
3562,2020-02-16 03:00:00,88.06659,79.70152000000002,239.92440795898438
3563,2020-02-16 04:00:00,88.06649,79.69862999999998,239.8639678955078
3564,2020-02-16 05:00:00,88.06642,79.69765000000001,239.8224639892578
3565,2020-02-16 06:00:00,88.06654,79.71796,239.80276489257812
3566,2020-02-16 07:00:00,88.06662,79.7301,239.80514526367188
3567,2020-02-16 08:00:00,88.06678,79.74406999999997,239.8275146484375
3568,2020-02-16 09:00:00,88.06695,79.75518999999997,239.86251068115234
3569,2020-02-16 10:00:00,88.06688,79.75241,239.91289520263672
3570,2020-02-16 11:00:00,88.06676,79.74739,239.98126983642578
3571,2020-02-16 12:00:00,88.06664,79.74144999999999,240.08649444580078
3572,2020-02-16 13:00:00,88.06648,79.73376000000002,240.2245101928711
3573,2020-02-16 14:00:00,88.06719,79.76006999999998,240.39269256591797
3574,2020-02-16 15:00:00,88.06724,79.76276999999999,240.545166015625
3575,2020-02-16 16:00:00,88.06679,79.73881,240.648681640625
3576,2020-02-16 17:00:00,88.06628,79.71012000000002,240.74281311035156
3577,2020-02-16 18:00:00,88.06623,79.69905,240.83989715576172
3578,2020-02-16 19:00:00,88.06693,79.70420999999999,240.9327163696289
3579,2020-02-16 20:00:00,88.06787,79.71166,241.0350799560547
3580,2020-02-16 21:00:00,88.06824,79.69049999999999,241.1559295654297
3581,2020-02-16 22:00:00,88.06858,79.65190999999999,241.29757690429688
3582,2020-02-16 23:00:00,88.06925,79.61316,241.37960815429688
3583,2020-02-17 00:00:00,88.06943,79.57657,241.3366470336914
3584,2020-02-17 01:00:00,88.06911,79.53714000000002,241.21664428710938
3585,2020-02-17 02:00:00,88.06898,79.49694999999997,241.0828094482422
3586,2020-02-17 03:00:00,88.06967,79.44574,240.97042083740234
3587,2020-02-17 04:00:00,88.07036,79.39065,240.88727569580078
3588,2020-02-17 05:00:00,88.07123,79.32895000000002,240.83126068115234
3589,2020-02-17 06:00:00,88.07228,79.26796999999999,240.7815933227539
3590,2020-02-17 07:00:00,88.07257,79.20231000000001,240.72889709472656
3591,2020-02-17 08:00:00,88.07269,79.13704999999999,240.66446685791016
3592,2020-02-17 09:00:00,88.07282,79.06916999999999,240.6117172241211
3593,2020-02-17 10:00:00,88.07295,78.99844000000002,240.57831573486328
3594,2020-02-17 11:00:00,88.07331,78.92122999999998,240.52859497070312
3595,2020-02-17 12:00:00,88.07376,78.83830999999998,240.5120620727539
3596,2020-02-17 13:00:00,88.07412,78.76102000000003,240.51892852783203
3597,2020-02-17 14:00:00,88.07427,78.67764999999997,240.54249572753906
3598,2020-02-17 15:00:00,88.07456,78.60167999999999,240.59909057617188
3599,2020-02-17 16:00:00,88.07472,78.53359,240.70235443115234
3600,2020-02-17 17:00:00,88.07519,78.45897000000002,240.82550048828125
3601,2020-02-17 18:00:00,88.07586,78.3829,240.93467712402344
3602,2020-02-17 19:00:00,88.07643,78.31705999999997,241.01883697509766
3603,2020-02-17 20:00:00,88.07697,78.25693999999999,241.05664825439453
3604,2020-02-17 21:00:00,88.0777,78.20312000000001,241.12653350830078
3605,2020-02-17 22:00:00,88.07857,78.15055999999998,241.19944763183594
3606,2020-02-17 23:00:00,88.07946,78.10019999999997,241.20232391357422
3607,2020-02-18 00:00:00,88.08053,78.05268000000001,241.24443817138672
3608,2020-02-18 01:00:00,88.08167,78.00590999999997,241.3864288330078
3609,2020-02-18 02:00:00,88.08299,77.95907999999997,241.5093765258789
3610,2020-02-18 03:00:00,88.08431,77.91003,241.58832550048828
3611,2020-02-18 04:00:00,88.08568,77.85989000000001,241.64554595947266
3612,2020-02-18 05:00:00,88.08736,77.80362000000002,241.6509246826172
3613,2020-02-18 06:00:00,88.08966,77.73433,241.58470916748047
3614,2020-02-18 07:00:00,88.09246,77.64375999999999,241.6100082397461
3615,2020-02-18 08:00:00,88.09588,77.53631000000001,241.76299285888672
3616,2020-02-18 09:00:00,88.09971,77.41751,242.14791870117188
3617,2020-02-18 10:00:00,88.1038,77.29545999999999,242.7612533569336
3618,2020-02-18 11:00:00,88.10824,77.17181,243.2507095336914
3619,2020-02-18 12:00:00,88.11271,77.03993000000003,243.96424102783203
3620,2020-02-18 13:00:00,88.11738,76.90954999999997,244.6936492919922
3621,2020-02-18 14:00:00,88.12211,76.78787,245.45960998535156
3622,2020-02-18 15:00:00,88.12703,76.67182000000003,246.14251708984375
3623,2020-02-18 16:00:00,88.1323,76.55448000000001,246.8051300048828
3624,2020-02-18 17:00:00,88.13781,76.43156999999997,247.23963165283203
3625,2020-02-18 18:00:00,88.14362,76.30541,247.7228775024414
3626,2020-02-18 19:00:00,88.14984,76.18032,248.24537658691406
3627,2020-02-18 20:00:00,88.15584,76.05302,248.78842163085938
3628,2020-02-18 21:00:00,88.16175,75.92480999999998,249.45254516601562
3629,2020-02-18 22:00:00,88.16741,75.79453999999998,249.96270751953125
3630,2020-02-18 23:00:00,88.17308,75.65935999999999,250.21633911132812
3631,2020-02-19 00:00:00,88.17868,75.51305000000002,249.76681518554688
3632,2020-02-19 01:00:00,88.18412,75.35288,249.92176055908203
3633,2020-02-19 02:00:00,88.18984,75.18517,250.09757232666016
3634,2020-02-19 03:00:00,88.19626,74.99720000000002,250.26223754882812
3635,2020-02-19 04:00:00,88.20358,74.79027000000002,250.30479431152344
3636,2020-02-19 05:00:00,88.21114,74.57521,250.4691925048828
3637,2020-02-19 06:00:00,88.21899,74.35379,251.18011474609375
3638,2020-02-19 07:00:00,88.22683,74.12202000000002,251.6395034790039
3639,2020-02-19 08:00:00,88.23464,73.88848000000002,251.7207489013672
3640,2020-02-19 09:00:00,88.24229,73.65883,251.48741912841797
3641,2020-02-19 10:00:00,88.24957,73.43363,251.23999786376953
3642,2020-02-19 11:00:00,88.2566,73.21550000000002,251.39225006103516
3643,2020-02-19 12:00:00,88.26322,73.00454000000002,251.6288833618164
3644,2020-02-19 13:00:00,88.2696,72.79944,251.82019805908203
3645,2020-02-19 14:00:00,88.27589,72.59715,251.9503173828125
3646,2020-02-19 15:00:00,88.2821,72.39402999999999,252.0977554321289
3647,2020-02-19 16:00:00,88.28847,72.18967,252.30908966064453
3648,2020-02-19 17:00:00,88.29497,71.98283,252.56177520751953
3649,2020-02-19 18:00:00,88.30123,71.77757,252.82039642333984
3650,2020-02-19 19:00:00,88.30729,71.57485,253.08982849121094
3651,2020-02-19 20:00:00,88.31278,71.37618,253.3499984741211
3652,2020-02-19 21:00:00,88.31842,71.18241,253.6037826538086
3653,2020-02-19 22:00:00,88.32361,70.99207000000001,253.81497192382812
3654,2020-02-19 23:00:00,88.32869,70.80653999999998,254.01373291015625
3655,2020-02-20 00:00:00,88.33361,70.62734,254.17603302001953
3656,2020-02-20 01:00:00,88.33825,70.44821999999999,254.24573516845703
3657,2020-02-20 02:00:00,88.3427,70.26995,254.36289978027344
3658,2020-02-20 03:00:00,88.34709,70.09406000000001,254.49219512939453
3659,2020-02-20 04:00:00,88.35193,69.91336000000001,254.61341094970703
3660,2020-02-20 05:00:00,88.35689,69.73548,254.82552337646484
3661,2020-02-20 06:00:00,88.3618,69.56218000000001,254.96062469482422
3662,2020-02-20 07:00:00,88.36651,69.39624,255.08312225341797
3663,2020-02-20 08:00:00,88.37101,69.23660999999998,255.2041244506836
3664,2020-02-20 09:00:00,88.37544,69.07638,255.36581420898438
3665,2020-02-20 10:00:00,88.38003,68.91901000000001,255.5810546875
3666,2020-02-20 11:00:00,88.38482,68.76996,255.80844116210938
3667,2020-02-20 12:00:00,88.38995,68.63251,256.27452850341797
3668,2020-02-20 13:00:00,88.39538,68.50907000000001,256.6936569213867
3669,2020-02-20 14:00:00,88.40112,68.40816999999998,256.9243392944336
3670,2020-02-20 15:00:00,88.407,68.32866000000001,257.15972900390625
3671,2020-02-20 16:00:00,88.41274,68.26683,256.85963439941406
3672,2020-02-20 17:00:00,88.41829,68.21516,255.7500457763672
3673,2020-02-20 18:00:00,88.42342,68.16412,254.21316528320312
3674,2020-02-20 19:00:00,88.42792,68.11092,252.7523651123047
3675,2020-02-20 20:00:00,88.43197,68.04115999999999,251.36772918701172
3676,2020-02-20 21:00:00,88.43598,67.95508000000001,250.24315643310547
3677,2020-02-20 22:00:00,88.43999,67.85529,249.38046264648438
3678,2020-02-20 23:00:00,88.44424,67.73647,248.8197479248047
3679,2020-02-21 00:00:00,88.44883,67.60570999999999,248.4159164428711
3680,2020-02-21 01:00:00,88.45351,67.48622,248.09566497802734
3681,2020-02-21 02:00:00,88.45815,67.37657000000002,247.872314453125
3682,2020-02-21 03:00:00,88.46284,67.27546000000001,247.76463317871094
3683,2020-02-21 04:00:00,88.46753,67.18056999999999,247.64800262451172
3684,2020-02-21 05:00:00,88.47219,67.08582000000001,247.41565704345703
3685,2020-02-21 06:00:00,88.47675,66.9881,247.215087890625
3686,2020-02-21 07:00:00,88.48123,66.88979,247.08157348632812
3687,2020-02-21 08:00:00,88.48573,66.78818000000001,246.9577407836914
3688,2020-02-21 09:00:00,88.49036,66.68583999999998,246.82238006591797
3689,2020-02-21 10:00:00,88.49494,66.58938999999998,246.7014923095703
3690,2020-02-21 11:00:00,88.4994,66.49975,246.59075927734375
3691,2020-02-21 12:00:00,88.50384,66.41784999999999,246.52274322509766
3692,2020-02-21 13:00:00,88.5083,66.34644,246.4760513305664
3693,2020-02-21 14:00:00,88.51256,66.28199000000001,246.51355743408203
3694,2020-02-21 15:00:00,88.51679,66.21798000000001,246.5553436279297
3695,2020-02-21 16:00:00,88.52112,66.14661999999998,246.57786560058594
3696,2020-02-21 17:00:00,88.52565,66.06666999999999,246.57674407958984
3697,2020-02-21 18:00:00,88.5304,65.98342,246.5414276123047
3698,2020-02-21 19:00:00,88.53521,65.89839,246.46083068847656
3699,2020-02-21 20:00:00,88.53992,65.81822,246.36608123779297
3700,2020-02-21 21:00:00,88.54428,65.74045000000001,246.31575775146484
3701,2020-02-21 22:00:00,88.54825,65.66199,246.28866577148438
3702,2020-02-21 23:00:00,88.55177,65.58379,246.28456115722656
3703,2020-02-22 00:00:00,88.55482,65.49903999999998,246.39922332763672
3704,2020-02-22 01:00:00,88.55772,65.41365000000002,246.41970825195312
3705,2020-02-22 02:00:00,88.56053,65.32719,246.4568099975586
3706,2020-02-22 03:00:00,88.56322,65.25031999999999,246.35929107666016
3707,2020-02-22 04:00:00,88.56578,65.16989000000001,246.27555084228516
3708,2020-02-22 05:00:00,88.56817,65.08620000000002,246.14190673828125
3709,2020-02-22 06:00:00,88.57021,65.00269,245.91776275634766
3710,2020-02-22 07:00:00,88.57207,64.91498000000001,245.7065658569336
3711,2020-02-22 08:00:00,88.57364,64.83127000000002,245.47372436523438
3712,2020-02-22 09:00:00,88.57489,64.7476,245.18296813964844
3713,2020-02-22 10:00:00,88.5758,64.67235,244.94674682617188
3714,2020-02-22 11:00:00,88.57663,64.60543000000001,244.74493408203125
3715,2020-02-22 12:00:00,88.57736,64.53073,244.60633087158203
3716,2020-02-22 13:00:00,88.57798,64.46521999999999,244.4164581298828
3717,2020-02-22 14:00:00,88.57859,64.40602999999999,244.25385284423828
3718,2020-02-22 15:00:00,88.57878,64.35316,244.11720275878906
3719,2020-02-22 16:00:00,88.57811,64.29403000000002,244.0102996826172
3720,2020-02-22 17:00:00,88.5771,64.21214,243.9330825805664
3721,2020-02-22 18:00:00,88.57651,64.10210000000001,243.8738555908203
3722,2020-02-22 19:00:00,88.5763,63.977990000000005,243.82567596435547
3723,2020-02-22 20:00:00,88.57628,63.8381,243.82898712158203
3724,2020-02-22 21:00:00,88.57635,63.691720000000004,243.91278839111328
3725,2020-02-22 22:00:00,88.57633,63.53247999999999,243.9404754638672
3726,2020-02-22 23:00:00,88.57624,63.376829999999984,243.94165802001953
3727,2020-02-23 00:00:00,88.57648,63.22248999999999,243.98125457763672
3728,2020-02-23 01:00:00,88.57689,63.07006999999999,244.05426025390625
3729,2020-02-23 02:00:00,88.57757,62.92094,244.26946258544922
3730,2020-02-23 03:00:00,88.5784,62.765829999999994,244.5388412475586
3731,2020-02-23 04:00:00,88.57934,62.61349999999999,244.6506118774414
3732,2020-02-23 05:00:00,88.58071,62.45692,244.71088409423828
3733,2020-02-23 06:00:00,88.58209,62.30288999999999,244.87022399902344
3734,2020-02-23 07:00:00,88.58381,62.14152999999999,245.11932373046875
3735,2020-02-23 08:00:00,88.58561,61.97212999999999,245.26095581054688
3736,2020-02-23 09:00:00,88.5873,61.80067,245.123291015625
3737,2020-02-23 10:00:00,88.58906,61.62657999999999,244.9674835205078
3738,2020-02-23 11:00:00,88.59086,61.444559999999996,244.7968521118164
3739,2020-02-23 12:00:00,88.59262,61.25966,244.67761993408203
3740,2020-02-23 13:00:00,88.5941,61.07794999999999,244.6763687133789
3741,2020-02-23 14:00:00,88.59536,60.892210000000006,244.6701202392578
3742,2020-02-23 15:00:00,88.59622,60.70675,244.61329650878906
3743,2020-02-23 16:00:00,88.59694,60.510339999999985,244.52713775634766
3744,2020-02-23 17:00:00,88.59746,60.30273,244.4461669921875
3745,2020-02-23 18:00:00,88.59783,60.087230000000005,244.3834457397461
3746,2020-02-23 19:00:00,88.59821,59.85246999999998,244.31309509277344
3747,2020-02-23 20:00:00,88.59845,59.61344,244.219482421875
3748,2020-02-23 21:00:00,88.59869,59.36697000000001,244.11334228515625
3749,2020-02-23 22:00:00,88.59867,59.11425,244.01016235351562
3750,2020-02-23 23:00:00,88.59835,58.84956,243.94700622558594
3751,2020-02-24 00:00:00,88.59777,58.565020000000004,243.94371795654297
3752,2020-02-24 01:00:00,88.59693,58.275180000000006,243.98159790039062
3753,2020-02-24 02:00:00,88.59579,57.97806,244.0499725341797
3754,2020-02-24 03:00:00,88.59496,57.67988,244.16190338134766
3755,2020-02-24 04:00:00,88.59407,57.37943000000001,244.3097915649414
3756,2020-02-24 05:00:00,88.59326,57.05688000000001,244.4710235595703
3757,2020-02-24 06:00:00,88.5927,56.706169999999986,244.66370391845703
3758,2020-02-24 07:00:00,88.59214,56.3374,244.88992309570312
3759,2020-02-24 08:00:00,88.59162,55.95173,245.23988342285156
3760,2020-02-24 09:00:00,88.59107,55.5856,245.67626190185547
3761,2020-02-24 10:00:00,88.59044,55.18267,245.90122985839844
3762,2020-02-24 11:00:00,88.58947,54.79590999999999,246.09532928466797
3763,2020-02-24 12:00:00,88.58853,54.40375,246.2886962890625
3764,2020-02-24 13:00:00,88.58765,54.02453,246.45194244384766
3765,2020-02-24 14:00:00,88.58682,53.65198000000001,246.6590347290039
3766,2020-02-24 15:00:00,88.58604,53.286910000000006,246.8504180908203
3767,2020-02-24 16:00:00,88.58525,52.924120000000016,246.98058319091797
3768,2020-02-24 17:00:00,88.5845,52.557320000000004,247.08692169189453
3769,2020-02-24 18:00:00,88.58367,52.190020000000004,247.1875762939453
3770,2020-02-24 19:00:00,88.5828,51.818730000000016,247.3187484741211
3771,2020-02-24 20:00:00,88.58195,51.44639999999998,247.44869232177734
3772,2020-02-24 21:00:00,88.58107,51.07443000000001,247.65916442871094
3773,2020-02-24 22:00:00,88.58013,50.701160000000016,247.8052520751953
3774,2020-02-24 23:00:00,88.57905,50.32893999999999,247.85043334960938
3775,2020-02-25 00:00:00,88.57793,49.956349999999986,248.2522964477539
3776,2020-02-25 01:00:00,88.57669,49.58565999999999,248.31207275390625
3777,2020-02-25 02:00:00,88.57533,49.21708000000001,248.3489532470703
3778,2020-02-25 03:00:00,88.57404,48.851560000000006,248.37584686279297
3779,2020-02-25 04:00:00,88.5728,48.49601999999999,248.36502075195312
3780,2020-02-25 05:00:00,88.57162,48.14893000000001,248.37213897705078
3781,2020-02-25 06:00:00,88.57045,47.80563999999998,248.24871063232422
3782,2020-02-25 07:00:00,88.56918,47.462879999999984,248.11962890625
3783,2020-02-25 08:00:00,88.5678,47.11760000000001,248.12859344482422
3784,2020-02-25 09:00:00,88.56629,46.77214000000001,247.89388275146484
3785,2020-02-25 10:00:00,88.56463,46.43090999999998,247.6748809814453
3786,2020-02-25 11:00:00,88.56273,46.09718000000001,247.49987030029297
3787,2020-02-25 12:00:00,88.56073,45.771889999999985,247.30382537841797
3788,2020-02-25 13:00:00,88.55865,45.46245999999999,247.09358978271484
3789,2020-02-25 14:00:00,88.55637,45.17151999999999,246.91021728515625
3790,2020-02-25 15:00:00,88.55401,44.89183,246.81620025634766
3791,2020-02-25 16:00:00,88.55155,44.622990000000016,246.7902374267578
3792,2020-02-25 17:00:00,88.54899,44.36196000000001,246.74998474121094
3793,2020-02-25 18:00:00,88.54626,44.10578000000001,246.66366577148438
3794,2020-02-25 19:00:00,88.54335,43.85162,246.55623626708984
3795,2020-02-25 20:00:00,88.54023,43.59719000000001,246.46212005615234
3796,2020-02-25 21:00:00,88.53696,43.34064000000001,246.38646697998047
3797,2020-02-25 22:00:00,88.53364,43.08098000000001,246.3456039428711
3798,2020-02-25 23:00:00,88.53033,42.819709999999986,246.35452270507812
3799,2020-02-26 00:00:00,88.52705,42.56396000000001,246.39221954345703
3800,2020-02-26 01:00:00,88.52381,42.31655000000001,246.41756439208984
3801,2020-02-26 02:00:00,88.52067,42.08190999999999,246.3916015625
3802,2020-02-26 03:00:00,88.51753,41.858869999999996,246.31585693359375
3803,2020-02-26 04:00:00,88.51453,41.6429,246.23541259765625
3804,2020-02-26 05:00:00,88.51156,41.435,246.16405487060547
3805,2020-02-26 06:00:00,88.50847,41.23257000000001,246.08916473388672
3806,2020-02-26 07:00:00,88.50531,41.032250000000005,246.00426483154297
3807,2020-02-26 08:00:00,88.50209,40.832040000000006,245.91484832763672
3808,2020-02-26 09:00:00,88.49877,40.63105999999999,245.83261108398438
3809,2020-02-26 10:00:00,88.49547,40.430980000000005,245.74959564208984
3810,2020-02-26 11:00:00,88.49217,40.22892999999999,245.66011810302734
3811,2020-02-26 12:00:00,88.48884,40.03023999999999,245.57723999023438
3812,2020-02-26 13:00:00,88.48545,39.83909,245.5019073486328
3813,2020-02-26 14:00:00,88.48216,39.66395,245.42658233642578
3814,2020-02-26 15:00:00,88.4789,39.502939999999995,245.33173370361328
3815,2020-02-26 16:00:00,88.47557,39.352540000000005,244.64822387695312
3816,2020-02-26 17:00:00,88.47224,39.20796999999999,244.40399932861328
3817,2020-02-26 18:00:00,88.46898,39.06643,244.1991729736328
3818,2020-02-26 19:00:00,88.46571,38.9247,244.00315856933594
3819,2020-02-26 20:00:00,88.46241,38.77861999999999,243.78475189208984
3820,2020-02-26 21:00:00,88.4591,38.62880999999999,243.5562973022461
3821,2020-02-26 22:00:00,88.4557,38.47766999999999,243.3410873413086
3822,2020-02-26 23:00:00,88.45228,38.325969999999984,243.1346206665039
3823,2020-02-27 00:00:00,88.44892,38.17466999999999,242.92535400390625
3824,2020-02-27 01:00:00,88.44554,38.02866,242.71053314208984
3825,2020-02-27 02:00:00,88.44224,37.89269999999999,242.53305053710938
3826,2020-02-27 03:00:00,88.43902,37.76491999999999,242.43999481201172
3827,2020-02-27 04:00:00,88.43582,37.647850000000005,242.37422943115234
3828,2020-02-27 05:00:00,88.43263,37.53766000000002,242.28277587890625
3829,2020-02-27 06:00:00,88.42943,37.42904999999999,242.21519470214844
3830,2020-02-27 07:00:00,88.42623,37.32064,242.09052276611328
3831,2020-02-27 08:00:00,88.42301,37.206379999999996,241.93561553955078
3832,2020-02-27 09:00:00,88.41984,37.08305999999999,241.82211303710938
3833,2020-02-27 10:00:00,88.41665,36.95534000000001,241.67727661132812
3834,2020-02-27 11:00:00,88.41347,36.82445999999999,241.5261993408203
3835,2020-02-27 12:00:00,88.41034,36.68964,241.38880920410156
3836,2020-02-27 13:00:00,88.40732,36.554100000000005,241.21038818359375
3837,2020-02-27 14:00:00,88.40439,36.419629999999984,241.02954864501953
3838,2020-02-27 15:00:00,88.40158,36.28854999999999,240.8669891357422
3839,2020-02-27 16:00:00,88.39882,36.16015999999999,240.63394927978516
3840,2020-02-27 17:00:00,88.39607,36.033349999999984,240.42312622070312
3841,2020-02-27 18:00:00,88.39331,35.907759999999996,240.24911499023438
3842,2020-02-27 19:00:00,88.3905,35.78244999999998,240.06045532226562
3843,2020-02-27 20:00:00,88.38765,35.65697,239.873046875
3844,2020-02-27 21:00:00,88.38472,35.529240000000016,239.69390869140625
3845,2020-02-27 22:00:00,88.38168,35.396029999999996,239.52719116210938
3846,2020-02-27 23:00:00,88.37869,35.25853000000001,239.3732681274414
3847,2020-02-28 00:00:00,88.37583,35.12245999999999,239.7666015625
3848,2020-02-28 01:00:00,88.37305,34.99252999999999,239.6204605102539
3849,2020-02-28 02:00:00,88.37033,34.86937,239.48101043701172
3850,2020-02-28 03:00:00,88.36765,34.75269,239.35467529296875
3851,2020-02-28 04:00:00,88.36495,34.6438,239.2442398071289
3852,2020-02-28 05:00:00,88.36216,34.54208,239.1434326171875
3853,2020-02-28 06:00:00,88.35935,34.44449,239.05526733398438
3854,2020-02-28 07:00:00,88.35654,34.34864999999999,238.97368621826172
3855,2020-02-28 08:00:00,88.35371,34.25256000000002,238.89849853515625
3856,2020-02-28 09:00:00,88.35079,34.153819999999996,238.82416534423828
3857,2020-02-28 10:00:00,88.34781,34.049469999999985,238.74745178222656
3858,2020-02-28 11:00:00,88.34492,33.94605999999999,238.67352294921875
3859,2020-02-28 12:00:00,88.34216,33.842899999999986,238.61485290527344
3860,2020-02-28 13:00:00,88.33944,33.745209999999986,238.56604766845703
3861,2020-02-28 14:00:00,88.33681,33.65339,238.5269775390625
3862,2020-02-28 15:00:00,88.33422,33.5686,238.47483825683594
3863,2020-02-28 16:00:00,88.33156,33.49059,238.4060287475586
3864,2020-02-28 17:00:00,88.32883,33.408860000000004,238.314697265625
3865,2020-02-28 18:00:00,88.32606,33.33260000000001,238.23667907714844
3866,2020-02-28 19:00:00,88.32324,33.252549999999985,238.17000579833984
3867,2020-02-28 20:00:00,88.3204,33.16717,238.11708068847656
3868,2020-02-28 21:00:00,88.31746,33.08229,238.07701873779297
3869,2020-02-28 22:00:00,88.3145,32.9914,238.0454559326172
3870,2020-02-28 23:00:00,88.31151,32.89699000000002,238.01937103271484
3871,2020-02-29 00:00:00,88.30847,32.803060000000016,237.99527740478516
3872,2020-02-29 01:00:00,88.3055,32.708079999999995,237.96395111083984
3873,2020-02-29 02:00:00,88.30271,32.61401999999998,237.93133544921875
3874,2020-02-29 03:00:00,88.29997,32.521349999999984,237.90082550048828
3875,2020-02-29 04:00:00,88.29723,32.43445,237.8700180053711
3876,2020-02-29 05:00:00,88.29446,32.35351,237.8254623413086
3877,2020-02-29 06:00:00,88.29167,32.28602999999998,237.77654266357422
3878,2020-02-29 07:00:00,88.28894,32.21856,237.72608184814453
3879,2020-02-29 08:00:00,88.28621,32.15129999999999,237.6749725341797
3880,2020-02-29 09:00:00,88.28347,32.08337,237.62157440185547
3881,2020-02-29 10:00:00,88.28067,32.017409999999984,237.56253814697266
3882,2020-02-29 11:00:00,88.27791,31.94695999999999,237.50592041015625
3883,2020-02-29 12:00:00,88.27517,31.879790000000014,237.45758819580078
3884,2020-02-29 13:00:00,88.27245,31.81635,237.4183578491211
3885,2020-02-29 14:00:00,88.26978,31.758219999999994,237.3833465576172
3886,2020-02-29 15:00:00,88.26709,31.70975999999999,237.3138427734375
3887,2020-02-29 16:00:00,88.26435,31.66964999999999,237.2464370727539
3888,2020-02-29 17:00:00,88.26179,31.637740000000008,237.17922973632812
3889,2020-02-29 18:00:00,88.2593,31.615369999999984,237.11933135986328
3890,2020-02-29 19:00:00,88.25693,31.593220000000002,237.05645751953125
3891,2020-02-29 20:00:00,88.25462,31.573700000000002,237.0008316040039
3892,2020-02-29 21:00:00,88.25226,31.55268000000001,236.9595718383789
3893,2020-02-29 22:00:00,88.24981,31.534069999999986,236.92960357666016
3894,2020-02-29 23:00:00,88.24723,31.515150000000006,236.90642547607422
3895,2020-03-01 00:00:00,88.24459,31.49534,236.88671112060547
3896,2020-03-01 01:00:00,88.24199,31.470140000000015,236.8619842529297
3897,2020-03-01 02:00:00,88.23949,31.451179999999994,236.83078002929688
3898,2020-03-01 03:00:00,88.23711,31.436800000000005,236.79251098632812
3899,2020-03-01 04:00:00,88.23498,31.424829999999986,236.7512969970703
3900,2020-03-01 05:00:00,88.23301,31.41928999999999,236.70864868164062
3901,2020-03-01 06:00:00,88.23117,31.417419999999993,236.6738739013672
3902,2020-03-01 07:00:00,88.22948,31.41717,236.64177703857422
3903,2020-03-01 08:00:00,88.2279,31.41622000000001,236.61620330810547
3904,2020-03-01 09:00:00,88.22634,31.412540000000007,236.58121490478516
3905,2020-03-01 10:00:00,88.22473,31.406119999999987,236.53247833251953
3906,2020-03-01 11:00:00,88.22311,31.40356,236.4736099243164
3907,2020-03-01 12:00:00,88.22147,31.398660000000007,236.41546630859375
3908,2020-03-01 13:00:00,88.21982,31.393759999999986,236.3722915649414
3909,2020-03-01 14:00:00,88.21826,31.38893999999999,236.33456420898438
3910,2020-03-01 15:00:00,88.21686,31.38318000000001,236.2903823852539
3911,2020-03-01 16:00:00,88.21565,31.377620000000007,236.27381896972656
3912,2020-03-01 17:00:00,88.21451,31.375339999999994,236.21273040771484
3913,2020-03-01 18:00:00,88.21343,31.37594999999999,236.1886444091797
3914,2020-03-01 19:00:00,88.21237,31.377639999999985,236.2020263671875
3915,2020-03-01 20:00:00,88.21128,31.377669999999995,236.2331314086914
3916,2020-03-01 21:00:00,88.21007,31.375040000000013,236.31509399414062
3917,2020-03-01 22:00:00,88.20874,31.367880000000014,236.43878173828125
3918,2020-03-01 23:00:00,88.20733,31.354649999999992,236.5967559814453
3919,2020-03-02 00:00:00,88.20588,31.340249999999997,236.7454605102539
3920,2020-03-02 01:00:00,88.20448,31.31685999999999,236.91124725341797
3921,2020-03-02 02:00:00,88.20306,31.295659999999998,237.0940933227539
3922,2020-03-02 03:00:00,88.20154,31.282700000000006,237.3041000366211
3923,2020-03-02 04:00:00,88.20012,31.254670000000004,237.5306167602539
3924,2020-03-02 05:00:00,88.19872,31.223489999999998,237.74490356445312
3925,2020-03-02 06:00:00,88.19718,31.208850000000012,237.9398956298828
3926,2020-03-02 07:00:00,88.19553,31.185509999999994,238.09339141845703
3927,2020-03-02 08:00:00,88.19386,31.16192000000001,238.25155639648438
3928,2020-03-02 09:00:00,88.19211,31.140800000000013,238.4001922607422
3929,2020-03-02 10:00:00,88.19014,31.117379999999997,238.53089141845703
3930,2020-03-02 11:00:00,88.18803,31.09236999999999,238.6513442993164
3931,2020-03-02 12:00:00,88.18581,31.065949999999987,238.7796630859375
3932,2020-03-02 13:00:00,88.18363,31.036190000000005,238.8843002319336
3933,2020-03-02 14:00:00,88.18149,31.00209000000001,238.98006439208984
3934,2020-03-02 15:00:00,88.17948,30.96018000000001,239.03929901123047
3935,2020-03-02 16:00:00,88.1775,30.93249,239.09494018554688
3936,2020-03-02 17:00:00,88.17541,30.897549999999995,239.1282958984375
3937,2020-03-02 18:00:00,88.1733,30.87173999999999,239.1057891845703
3938,2020-03-02 19:00:00,88.17102,30.852120000000014,239.07994842529297
3939,2020-03-02 20:00:00,88.1687,30.829290000000015,238.9971466064453
3940,2020-03-02 21:00:00,88.16639,30.806809999999984,238.87848663330078
3941,2020-03-02 22:00:00,88.1641,30.78656000000001,238.76126861572266
3942,2020-03-02 23:00:00,88.16173,30.76272,238.66201782226562
3943,2020-03-03 00:00:00,88.15933,30.736429999999984,238.53450775146484
3944,2020-03-03 01:00:00,88.15684,30.707060000000013,238.37520599365234
3945,2020-03-03 02:00:00,88.15452,30.66622000000001,238.23593139648438
3946,2020-03-03 03:00:00,88.15219,30.635189999999994,238.11048126220703
3947,2020-03-03 04:00:00,88.14991,30.610060000000004,238.00839233398438
3948,2020-03-03 05:00:00,88.14775,30.589580000000012,237.90299224853516
3949,2020-03-03 06:00:00,88.14563,30.576070000000016,237.77161407470703
3950,2020-03-03 07:00:00,88.14352,30.562870000000004,237.6624984741211
3951,2020-03-03 08:00:00,88.1416,30.551479999999998,237.5608367919922
3952,2020-03-03 09:00:00,88.13972,30.5394,237.48653411865234
3953,2020-03-03 10:00:00,88.1377,30.527629999999988,237.38713836669922
3954,2020-03-03 11:00:00,88.13553,30.513949999999994,237.26366424560547
3955,2020-03-03 12:00:00,88.13334,30.496160000000003,237.15581512451172
3956,2020-03-03 13:00:00,88.13114,30.47793999999999,237.05918884277344
3957,2020-03-03 14:00:00,88.12899,30.46215000000001,236.9471435546875
3958,2020-03-03 15:00:00,88.12703,30.446850000000012,236.83587646484375
3959,2020-03-03 16:00:00,88.12508,30.433639999999997,236.73387908935547
3960,2020-03-03 17:00:00,88.12316,30.423339999999996,236.64434814453125
3961,2020-03-03 18:00:00,88.12132,30.413039999999995,236.5797348022461
3962,2020-03-03 19:00:00,88.11956,30.40736000000001,236.523193359375
3963,2020-03-03 20:00:00,88.11789,30.40222,236.47667694091797
3964,2020-03-03 21:00:00,88.11627,30.400080000000003,236.46884155273438
3965,2020-03-03 22:00:00,88.11459,30.39546999999999,236.4941177368164
3966,2020-03-03 23:00:00,88.11304,30.394540000000006,236.5332260131836
3967,2020-03-04 00:00:00,88.11151,30.38995,236.57477569580078
3968,2020-03-04 01:00:00,88.10995,30.389199999999988,236.6099624633789
3969,2020-03-04 02:00:00,88.10842,30.38497000000001,236.62928771972656
3970,2020-03-04 03:00:00,88.10699,30.376329999999996,236.6340103149414
3971,2020-03-04 04:00:00,88.10569,30.375409999999988,236.6335220336914
3972,2020-03-04 05:00:00,88.10444,30.381579999999985,236.64435577392578
3973,2020-03-04 06:00:00,88.10316,30.38955999999999,236.66181182861328
3974,2020-03-04 07:00:00,88.10185,30.40764999999999,236.67838287353516
3975,2020-03-04 08:00:00,88.1007,30.43010000000001,236.69242095947266
3976,2020-03-04 09:00:00,88.09939,30.45031,236.70282745361328
3977,2020-03-04 10:00:00,88.09813,30.470110000000005,236.71178436279297
3978,2020-03-04 11:00:00,88.09692,30.48764,236.71855926513672
3979,2020-03-04 12:00:00,88.09581,30.501390000000015,236.71875
3980,2020-03-04 13:00:00,88.09499,30.515809999999988,236.71835327148438
3981,2020-03-04 14:00:00,88.09429,30.532430000000005,236.7227325439453
3982,2020-03-04 15:00:00,88.09375,30.547120000000007,236.73220825195312
3983,2020-03-04 16:00:00,88.09333,30.566159999999996,236.7533950805664
3984,2020-03-04 17:00:00,88.09287,30.58608000000001,236.78256225585938
3985,2020-03-04 18:00:00,88.09247,30.608360000000005,236.81334686279297
3986,2020-03-04 19:00:00,88.09195,30.632059999999996,236.84881591796875
3987,2020-03-04 20:00:00,88.09153,30.658590000000004,236.8944320678711
3988,2020-03-04 21:00:00,88.09109,30.684439999999995,236.9547119140625
3989,2020-03-04 22:00:00,88.09069,30.708110000000005,237.01778411865234
3990,2020-03-04 23:00:00,88.09036,30.7294,237.065185546875
3991,2020-03-05 00:00:00,88.0901,30.747739999999993,237.09708404541016
3992,2020-03-05 01:00:00,88.08998,30.761950000000013,237.12468719482422
3993,2020-03-05 02:00:00,88.08996,30.772850000000005,237.14762115478516
3994,2020-03-05 03:00:00,88.0899,30.779259999999994,237.16610717773438
3995,2020-03-05 04:00:00,88.09005,30.787120000000016,237.18482971191406
3996,2020-03-05 05:00:00,88.09032,30.79352,237.20685577392578
3997,2020-03-05 06:00:00,88.09064,30.80215000000001,237.2158203125
3998,2020-03-05 07:00:00,88.09098,30.808359999999993,237.18863677978516
3999,2020-03-05 08:00:00,88.09135,30.813639999999992,237.1471405029297
4000,2020-03-05 09:00:00,88.09179,30.816010000000006,237.1131591796875
4001,2020-03-05 10:00:00,88.09222,30.81801999999999,237.0749282836914
4002,2020-03-05 11:00:00,88.09279,30.820490000000007,237.0365982055664
4003,2020-03-05 12:00:00,88.09318,30.81783999999999,237.01695251464844
4004,2020-03-05 13:00:00,88.09364,30.81407999999999,237.0107421875
4005,2020-03-05 14:00:00,88.09416,30.80626000000001,236.99958038330078
4006,2020-03-05 15:00:00,88.09468,30.795799999999986,236.9842987060547
4007,2020-03-05 16:00:00,88.09508,30.78179,236.9762420654297
4008,2020-03-05 17:00:00,88.09559,30.767959999999988,236.98299407958984
4009,2020-03-05 18:00:00,88.09604,30.754770000000008,237.0209503173828
4010,2020-03-05 19:00:00,88.09683,30.736819999999994,237.06138610839844
4011,2020-03-05 20:00:00,88.0975,30.71431000000001,237.06885528564453
4012,2020-03-05 21:00:00,88.09818,30.690249999999992,237.03089141845703
4013,2020-03-05 22:00:00,88.09881,30.65768,236.99945831298828
4014,2020-03-05 23:00:00,88.09952,30.621970000000005,237.01326751708984
4015,2020-03-06 00:00:00,88.09982,30.587559999999996,237.11425018310547
4016,2020-03-06 01:00:00,88.10019,30.53845000000001,237.29100799560547
4017,2020-03-06 02:00:00,88.10045,30.48069000000001,237.53589630126953
4018,2020-03-06 03:00:00,88.10063,30.427700000000016,237.83061981201172
4019,2020-03-06 04:00:00,88.10091,30.361230000000006,238.17832946777344
4020,2020-03-06 05:00:00,88.10076,30.29952,238.50568389892578
4021,2020-03-06 06:00:00,88.10077,30.217780000000005,238.84423828125
4022,2020-03-06 07:00:00,88.1008,30.114210000000014,239.14293670654297
4023,2020-03-06 08:00:00,88.10084,30.00424000000001,239.47196197509766
4024,2020-03-06 09:00:00,88.10078,29.89837,239.8523406982422
4025,2020-03-06 10:00:00,88.10108,29.770669999999996,240.20572662353516
4026,2020-03-06 11:00:00,88.101,29.651099999999985,240.4411849975586
4027,2020-03-06 12:00:00,88.10081,29.52059,240.61101531982422
4028,2020-03-06 13:00:00,88.1002,29.403430000000014,240.74838256835938
4029,2020-03-06 14:00:00,88.09937,29.29310000000001,240.9202651977539
4030,2020-03-06 15:00:00,88.09849,29.16651999999999,241.09090423583984
4031,2020-03-06 16:00:00,88.09768,29.02519000000001,241.16130828857422
4032,2020-03-06 17:00:00,88.09667,28.893720000000002,241.2218475341797
4033,2020-03-06 18:00:00,88.09557,28.764780000000002,241.3026885986328
4034,2020-03-06 19:00:00,88.09453,28.63736,241.2974395751953
4035,2020-03-06 20:00:00,88.09336,28.51597000000001,241.23475646972656
4036,2020-03-06 21:00:00,88.09215,28.394859999999994,241.20577239990234
4037,2020-03-06 22:00:00,88.09071,28.279719999999998,241.2104263305664
4038,2020-03-06 23:00:00,88.08912,28.168540000000007,241.19984436035156
4039,2020-03-07 00:00:00,88.08754,28.05426,241.74496459960938
4040,2020-03-07 01:00:00,88.08596,27.935810000000004,241.75286865234375
4041,2020-03-07 02:00:00,88.08443,27.81980999999999,241.72791290283203
4042,2020-03-07 03:00:00,88.08284,27.7038,241.7197265625
4043,2020-03-07 04:00:00,88.08126,27.585589999999996,241.66149139404297
4044,2020-03-07 05:00:00,88.07971,27.465990000000005,241.59239196777344
4045,2020-03-07 06:00:00,88.07816,27.349770000000007,241.52478790283203
4046,2020-03-07 07:00:00,88.07651,27.238409999999988,241.44518280029297
4047,2020-03-07 08:00:00,88.07481,27.131110000000007,241.3766860961914
4048,2020-03-07 09:00:00,88.07307,27.03021000000001,241.25357055664062
4049,2020-03-07 10:00:00,88.07116,26.93634,241.1599578857422
4050,2020-03-07 11:00:00,88.06919,26.843739999999997,241.1011962890625
4051,2020-03-07 12:00:00,88.06715,26.751949999999994,241.003662109375
4052,2020-03-07 13:00:00,88.06512,26.661580000000015,240.9139862060547
4053,2020-03-07 14:00:00,88.06318,26.571699999999993,240.8250503540039
4054,2020-03-07 15:00:00,88.06137,26.482130000000012,240.7529754638672
4055,2020-03-07 16:00:00,88.05953,26.395489999999995,240.63957977294922
4056,2020-03-07 17:00:00,88.05767,26.30726999999999,240.55755615234375
4057,2020-03-07 18:00:00,88.05581,26.222739999999988,240.49158477783203
4058,2020-03-07 19:00:00,88.05389,26.142110000000002,240.4600830078125
4059,2020-03-07 20:00:00,88.05188,26.064609999999988,240.49661254882812
4060,2020-03-07 21:00:00,88.04977,25.98921999999999,240.54989624023438
4061,2020-03-07 22:00:00,88.0476,25.915250000000015,240.628662109375
4062,2020-03-07 23:00:00,88.0454,25.84147999999999,240.68077850341797
4063,2020-03-08 00:00:00,88.04318,25.76822999999999,240.68848419189453
4064,2020-03-08 01:00:00,88.04099,25.69595000000001,240.7228546142578
4065,2020-03-08 02:00:00,88.0388,25.625550000000004,240.76163482666016
4066,2020-03-08 03:00:00,88.03652,25.55619999999999,240.79330444335938
4067,2020-03-08 04:00:00,88.0342,25.486699999999985,240.7006607055664
4068,2020-03-08 05:00:00,88.03181,25.42025000000001,240.6021270751953
4069,2020-03-08 06:00:00,88.02936,25.355850000000004,240.47314453125
4070,2020-03-08 07:00:00,88.02692,25.29307,240.33407592773438
4071,2020-03-08 08:00:00,88.02437,25.235720000000015,240.1741485595703
4072,2020-03-08 09:00:00,88.02177,25.181070000000005,240.01815795898438
4073,2020-03-08 10:00:00,88.01899,25.127049999999997,239.87772369384766
4074,2020-03-08 11:00:00,88.01618,25.075700000000012,239.76461029052734
4075,2020-03-08 12:00:00,88.01333,25.024959999999993,239.64117431640625
4076,2020-03-08 13:00:00,88.01034,24.976079999999996,239.5012664794922
4077,2020-03-08 14:00:00,88.00718,24.928079999999994,239.37726593017578
4078,2020-03-08 15:00:00,88.00384,24.88078999999999,239.29885864257812
4079,2020-03-08 16:00:00,88.00021,24.832300000000004,239.19670867919922
4080,2020-03-08 17:00:00,87.9965,24.780020000000007,239.13571166992188
4081,2020-03-08 18:00:00,87.9926,24.728729999999985,239.08240509033203
4082,2020-03-08 19:00:00,87.98858,24.675960000000003,239.0560531616211
4083,2020-03-08 20:00:00,87.98415,24.62387000000001,239.08702087402344
4084,2020-03-08 21:00:00,87.97937,24.570780000000013,239.1672592163086
4085,2020-03-08 22:00:00,87.97443,24.517449999999997,239.26132202148438
4086,2020-03-08 23:00:00,87.96917,24.46790999999999,239.36769104003906
4087,2020-03-09 00:00:00,87.96356,24.41888,239.4518051147461
4088,2020-03-09 01:00:00,87.95777,24.36894000000001,239.52784729003906
4089,2020-03-09 02:00:00,87.95187,24.3193,239.6061248779297
4090,2020-03-09 03:00:00,87.94586,24.272230000000008,239.67620086669922
4091,2020-03-09 04:00:00,87.93983,24.229899999999986,239.71065521240234
4092,2020-03-09 05:00:00,87.93378,24.19066000000001,239.72000885009766
4093,2020-03-09 06:00:00,87.92765,24.154470000000003,239.7268524169922
4094,2020-03-09 07:00:00,87.92147,24.121049999999997,239.72760772705078
4095,2020-03-09 08:00:00,87.91509,24.090859999999992,239.7355499267578
4096,2020-03-09 09:00:00,87.90863,24.062990000000013,239.71170806884766
4097,2020-03-09 10:00:00,87.90214,24.04006000000001,239.66494750976562
4098,2020-03-09 11:00:00,87.89545,24.024630000000002,239.60037231445312
4099,2020-03-09 12:00:00,87.88885,24.01230000000001,239.53243255615234
4100,2020-03-09 13:00:00,87.88225,24.003680000000003,239.4496612548828
4101,2020-03-09 14:00:00,87.87577,24.00032999999999,239.3744659423828
4102,2020-03-09 15:00:00,87.86945,23.999570000000006,239.3228988647461
4103,2020-03-09 16:00:00,87.86325,24.00322,239.30287170410156
4104,2020-03-09 17:00:00,87.85709,24.009979999999985,239.28988647460938
4105,2020-03-09 18:00:00,87.85097,24.019749999999988,239.30184173583984
4106,2020-03-09 19:00:00,87.84489,24.03197,239.33236694335938
4107,2020-03-09 20:00:00,87.83873,24.04786999999999,239.36461639404297
4108,2020-03-09 21:00:00,87.83245,24.067980000000006,239.42214965820312
4109,2020-03-09 22:00:00,87.826,24.093250000000012,239.48269653320312
4110,2020-03-09 23:00:00,87.81946,24.12270000000001,239.61237335205078
4111,2020-03-10 00:00:00,87.81292,24.15433999999999,239.77422332763672
4112,2020-03-10 01:00:00,87.8066,24.192059999999998,239.93954467773438
4113,2020-03-10 02:00:00,87.8003,24.231259999999992,240.11687469482422
4114,2020-03-10 03:00:00,87.79419,24.275409999999994,240.34825897216797
4115,2020-03-10 04:00:00,87.78819,24.321879999999993,240.6080093383789
4116,2020-03-10 05:00:00,87.78225,24.36762999999999,240.874755859375
4117,2020-03-10 06:00:00,87.77631,24.411940000000016,241.11102294921875
4118,2020-03-10 07:00:00,87.77032,24.455579999999998,241.35308837890625
4119,2020-03-10 08:00:00,87.76432,24.49861999999999,241.6273956298828
4120,2020-03-10 09:00:00,87.75818,24.542730000000006,241.9922103881836
4121,2020-03-10 10:00:00,87.75195,24.587639999999993,242.4019775390625
4122,2020-03-10 11:00:00,87.7456,24.63407000000001,242.81012725830078
4123,2020-03-10 12:00:00,87.73939,24.676600000000008,243.14801788330078
4124,2020-03-10 13:00:00,87.73339,24.72120000000001,243.45187377929688
4125,2020-03-10 14:00:00,87.72764,24.769869999999997,243.67486572265625
4126,2020-03-10 15:00:00,87.72223,24.821560000000005,243.79877471923828
4127,2020-03-10 16:00:00,87.71726,24.87021999999999,243.94286346435547
4128,2020-03-10 17:00:00,87.7126,24.916879999999992,244.10794067382812
4129,2020-03-10 18:00:00,87.70825,24.95770999999999,244.2233123779297
4130,2020-03-10 19:00:00,87.70427,24.997299999999996,244.3109893798828
4131,2020-03-10 20:00:00,87.70054,25.031509999999997,244.26354217529297
4132,2020-03-10 21:00:00,87.69698,25.05914999999999,244.10407257080078
4133,2020-03-10 22:00:00,87.69362,25.07915,243.8762969970703
4134,2020-03-10 23:00:00,87.69032,25.08748,243.55433654785156
4135,2020-03-11 00:00:00,87.68726,25.08775,243.18556213378906
4136,2020-03-11 01:00:00,87.68456,25.07516000000001,242.80643463134766
4137,2020-03-11 02:00:00,87.68251,25.04624000000001,242.40306091308594
4138,2020-03-11 03:00:00,87.68097,25.00501,242.00785064697266
4139,2020-03-11 04:00:00,87.67973,24.956150000000008,241.71924591064453
4140,2020-03-11 05:00:00,87.67867,24.901870000000002,241.50868225097656
4141,2020-03-11 06:00:00,87.67777,24.842739999999992,241.35419464111328
4142,2020-03-11 07:00:00,87.67684,24.77713,241.24066162109375
4143,2020-03-11 08:00:00,87.67572,24.704309999999992,241.21560668945312
4144,2020-03-11 09:00:00,87.67412,24.623729999999995,241.40414428710938
4145,2020-03-11 10:00:00,87.67224,24.540310000000005,241.90113067626953
4146,2020-03-11 11:00:00,87.6698,24.452910000000003,242.8196029663086
4147,2020-03-11 12:00:00,87.66688,24.362650000000002,243.79478454589844
4148,2020-03-11 13:00:00,87.66334,24.267869999999988,244.6453399658203
4149,2020-03-11 14:00:00,87.65943,24.17009999999999,245.34024047851562
4150,2020-03-11 15:00:00,87.65572,24.074630000000013,245.83827209472656
4151,2020-03-11 16:00:00,87.65186,23.974789999999985,246.08013153076172
4152,2020-03-11 17:00:00,87.648,23.87673000000001,246.34097290039062
4153,2020-03-11 18:00:00,87.64393,23.77704,246.63451385498047
4154,2020-03-11 19:00:00,87.63961,23.671459999999996,246.93051147460938
4155,2020-03-11 20:00:00,87.63535,23.562240000000003,247.07112884521484
4156,2020-03-11 21:00:00,87.63054,23.44595000000001,247.08119201660156
4157,2020-03-11 22:00:00,87.62483,23.320300000000003,247.0981674194336
4158,2020-03-11 23:00:00,87.61868,23.18852000000001,247.24126434326172
4159,2020-03-12 00:00:00,87.61225,23.04267999999999,246.91549682617188
4160,2020-03-12 01:00:00,87.60556,22.892120000000006,247.12184143066406
4161,2020-03-12 02:00:00,87.59893,22.746469999999988,247.36502838134766
4162,2020-03-12 03:00:00,87.59242,22.60668000000001,247.46128845214844
4163,2020-03-12 04:00:00,87.58594,22.473240000000004,247.24044036865234
4164,2020-03-12 05:00:00,87.57937,22.345920000000007,247.00334930419922
4165,2020-03-12 06:00:00,87.5725,22.22218000000001,246.7850570678711
4166,2020-03-12 07:00:00,87.56536,22.099799999999988,246.5718994140625
4167,2020-03-12 08:00:00,87.55787,21.974760000000003,246.50096130371094
4168,2020-03-12 09:00:00,87.55006,21.847289999999987,246.4736557006836
4169,2020-03-12 10:00:00,87.54203,21.715129999999988,246.56048583984375
4170,2020-03-12 11:00:00,87.53392,21.578660000000013,246.6725845336914
4171,2020-03-12 12:00:00,87.52584,21.439760000000007,246.65006256103516
4172,2020-03-12 13:00:00,87.51777,21.30207999999999,246.6090087890625
4173,2020-03-12 14:00:00,87.50979,21.163099999999986,246.68309020996094
4174,2020-03-12 15:00:00,87.50183,21.029150000000016,246.77825164794922
4175,2020-03-12 16:00:00,87.49397,20.904259999999994,246.88176727294922
4176,2020-03-12 17:00:00,87.48607,20.78712999999999,246.9450454711914
4177,2020-03-12 18:00:00,87.47818,20.676150000000007,247.0059051513672
4178,2020-03-12 19:00:00,87.47017,20.568960000000004,247.0680694580078
4179,2020-03-12 20:00:00,87.46192,20.46051,247.0880584716797
4180,2020-03-12 21:00:00,87.4535,20.350329999999985,247.0746307373047
4181,2020-03-12 22:00:00,87.44469,20.23872,246.90008544921875
4182,2020-03-12 23:00:00,87.43546,20.1284,246.79452514648438
4183,2020-03-13 00:00:00,87.42581,20.02041,246.73011016845703
4184,2020-03-13 01:00:00,87.4158,19.91377,246.66239166259766
4185,2020-03-13 02:00:00,87.40547,19.803539999999998,246.58997344970703
4186,2020-03-13 03:00:00,87.39484,19.68938,246.55535125732422
4187,2020-03-13 04:00:00,87.38453,19.581169999999986,246.57199096679688
4188,2020-03-13 05:00:00,87.37441,19.484679999999997,246.6527099609375
4189,2020-03-13 06:00:00,87.36449,19.39416,246.76985931396484
4190,2020-03-13 07:00:00,87.35485,19.31092000000001,246.88639068603516
4191,2020-03-13 08:00:00,87.34513,19.22630000000001,247.01654052734375
4192,2020-03-13 09:00:00,87.33542,19.139530000000008,246.9813232421875
4193,2020-03-13 10:00:00,87.32579,19.049800000000005,246.74444580078125
4194,2020-03-13 11:00:00,87.31607,18.952079999999995,246.30884552001953
4195,2020-03-13 12:00:00,87.30631,18.85024999999999,245.73625946044922
4196,2020-03-13 13:00:00,87.29638,18.750069999999994,245.31339263916016
4197,2020-03-13 14:00:00,87.286,18.65127000000001,245.10225677490234
4198,2020-03-13 15:00:00,87.27558,18.556749999999994,245.17288208007812
4199,2020-03-13 16:00:00,87.26519,18.46589,245.31820678710938
4200,2020-03-13 17:00:00,87.25475,18.380020000000002,245.4792251586914
4201,2020-03-13 18:00:00,87.2444,18.302220000000005,245.5982437133789
4202,2020-03-13 19:00:00,87.23438,18.22712999999999,245.74671936035156
4203,2020-03-13 20:00:00,87.22485,18.150710000000004,245.94292449951172
4204,2020-03-13 21:00:00,87.21578,18.07462000000001,246.15391540527344
4205,2020-03-13 22:00:00,87.20697,17.997180000000014,246.4137420654297
4206,2020-03-13 23:00:00,87.1982,17.914860000000004,246.7301788330078
4207,2020-03-14 00:00:00,87.1898,17.834659999999985,246.94385528564453
4208,2020-03-14 01:00:00,87.18185,17.760590000000008,247.13401794433594
4209,2020-03-14 02:00:00,87.17431,17.693690000000004,247.29345703125
4210,2020-03-14 03:00:00,87.16698,17.63069999999999,247.2688980102539
4211,2020-03-14 04:00:00,87.16092,17.572069999999997,247.16674041748047
4212,2020-03-14 05:00:00,87.15553,17.51921999999999,246.96034240722656
4213,2020-03-14 06:00:00,87.15101,17.468829999999997,246.68385314941406
4214,2020-03-14 07:00:00,87.14755,17.41834,246.36292266845703
4215,2020-03-14 08:00:00,87.14499,17.365189999999984,246.0166778564453
4216,2020-03-14 09:00:00,87.1425,17.313299999999998,245.63858795166016
4217,2020-03-14 10:00:00,87.13979,17.267290000000003,245.3408432006836
4218,2020-03-14 11:00:00,87.13689,17.22072,245.16461944580078
4219,2020-03-14 12:00:00,87.13391,17.168389999999988,245.1190948486328
4220,2020-03-14 13:00:00,87.13103,17.11787000000001,245.21173858642578
4221,2020-03-14 14:00:00,87.12844,17.072329999999994,245.25888061523438
4222,2020-03-14 15:00:00,87.12609,17.03363999999999,245.42427825927734
4223,2020-03-14 16:00:00,87.12397,16.997360000000015,245.63678741455078
4224,2020-03-14 17:00:00,87.12195,16.96051,245.77899932861328
4225,2020-03-14 18:00:00,87.12014,16.91891000000001,245.86280059814453
4226,2020-03-14 19:00:00,87.11862,16.870260000000002,245.7596206665039
4227,2020-03-14 20:00:00,87.11714,16.81729999999999,245.5751953125
4228,2020-03-14 21:00:00,87.11578,16.767320000000012,245.55743408203125
4229,2020-03-14 22:00:00,87.11431,16.715370000000007,245.53008270263672
4230,2020-03-14 23:00:00,87.11279,16.65692999999999,245.38034057617188
4231,2020-03-15 00:00:00,87.11123,16.594210000000004,243.00116729736328
4232,2020-03-15 01:00:00,87.10935,16.52662000000001,243.13861846923828
4233,2020-03-15 02:00:00,87.1072,16.45616000000001,243.46234893798828
4234,2020-03-15 03:00:00,87.10497,16.38614000000001,244.06510162353516
4235,2020-03-15 04:00:00,87.10234,16.316750000000013,244.61947631835938
4236,2020-03-15 05:00:00,87.09948,16.250959999999992,245.19659423828125
4237,2020-03-15 06:00:00,87.09631,16.181730000000016,245.89163970947266
4238,2020-03-15 07:00:00,87.09236,16.086160000000007,247.52948760986328
4239,2020-03-15 08:00:00,87.08733,15.944439999999986,249.58177947998047
4240,2020-03-15 09:00:00,87.08201,15.785770000000014,250.82164001464844
4241,2020-03-15 10:00:00,87.07658,15.61882,251.20023345947266
4242,2020-03-15 11:00:00,87.07109,15.442409999999995,251.34809112548828
4243,2020-03-15 12:00:00,87.06543,15.258479999999992,251.3233413696289
4244,2020-03-15 13:00:00,87.05955,15.073610000000002,251.19878387451172
4245,2020-03-15 14:00:00,87.05372,14.885789999999986,251.00308990478516
4246,2020-03-15 15:00:00,87.04788,14.703869999999995,250.78682708740234
4247,2020-03-15 16:00:00,87.04202,14.538090000000011,250.5518341064453
4248,2020-03-15 17:00:00,87.03582,14.391940000000005,250.22537994384766
4249,2020-03-15 18:00:00,87.02918,14.272140000000007,249.7469711303711
4250,2020-03-15 19:00:00,87.02188,14.163970000000006,249.30367279052734
4251,2020-03-15 20:00:00,87.01412,14.056010000000015,248.96640014648438
4252,2020-03-15 21:00:00,87.00595,13.946339999999992,248.71356964111328
4253,2020-03-15 22:00:00,86.99787,13.829170000000005,248.4959945678711
4254,2020-03-15 23:00:00,86.98971,13.704419999999999,248.29232788085938
4255,2020-03-16 00:00:00,86.98177,13.584059999999994,248.06926727294922
4256,2020-03-16 01:00:00,86.97409,13.473209999999995,247.88771057128906
4257,2020-03-16 02:00:00,86.96674,13.371139999999997,247.79036712646484
4258,2020-03-16 03:00:00,86.95972,13.284609999999986,247.78289031982422
4259,2020-03-16 04:00:00,86.95297,13.206029999999998,247.81563568115234
4260,2020-03-16 05:00:00,86.946,13.147459999999995,247.8834457397461
4261,2020-03-16 06:00:00,86.93885,13.102260000000001,247.96672821044922
4262,2020-03-16 07:00:00,86.93159,13.061199999999985,248.0625991821289
4263,2020-03-16 08:00:00,86.92422,13.020550000000014,248.12107849121094
4264,2020-03-16 09:00:00,86.91675,12.978839999999991,248.1627655029297
4265,2020-03-16 10:00:00,86.90933,12.935129999999987,248.1728515625
4266,2020-03-16 11:00:00,86.90208,12.889119999999991,248.17879486083984
4267,2020-03-16 12:00:00,86.89523,12.842399999999998,248.1597442626953
4268,2020-03-16 13:00:00,86.88869,12.794330000000002,248.12222290039062
4269,2020-03-16 14:00:00,86.88267,12.75182000000001,248.0869369506836
4270,2020-03-16 15:00:00,86.8765,12.715699999999998,248.03199005126953
4271,2020-03-16 16:00:00,86.87056,12.686859999999996,248.0133056640625
4272,2020-03-16 17:00:00,86.86485,12.66606999999999,247.97801971435547
4273,2020-03-16 18:00:00,86.85927,12.653120000000001,247.9016571044922
4274,2020-03-16 19:00:00,86.85379,12.64264,247.89141082763672
4275,2020-03-16 20:00:00,86.84839,12.63302999999999,247.86602020263672
4276,2020-03-16 21:00:00,86.84315,12.620170000000002,247.84183502197266
4277,2020-03-16 22:00:00,86.83799,12.601969999999994,247.7174835205078
4278,2020-03-16 23:00:00,86.83289,12.57956999999999,247.61537170410156
4279,2020-03-17 00:00:00,86.8279,12.552359999999993,247.4862823486328
4280,2020-03-17 01:00:00,86.82306,12.521719999999988,247.28988647460938
4281,2020-03-17 02:00:00,86.81853,12.490710000000007,247.0500259399414
4282,2020-03-17 03:00:00,86.81444,12.462619999999987,246.83389282226562
4283,2020-03-17 04:00:00,86.81067,12.439420000000013,246.59437561035156
4284,2020-03-17 05:00:00,86.80701,12.420909999999992,246.35930633544922
4285,2020-03-17 06:00:00,86.80343,12.407049999999998,246.15113067626953
4286,2020-03-17 07:00:00,86.79979,12.396620000000013,245.95284271240234
4287,2020-03-17 08:00:00,86.79599,12.385780000000011,245.79553985595703
4288,2020-03-17 09:00:00,86.79213,12.372950000000003,245.65966796875
4289,2020-03-17 10:00:00,86.78822,12.357319999999987,245.52088928222656
4290,2020-03-17 11:00:00,86.78427,12.336990000000014,245.44015502929688
4291,2020-03-17 12:00:00,86.7803,12.31205,245.28695678710938
4292,2020-03-17 13:00:00,86.77641,12.28524999999999,245.15209197998047
4293,2020-03-17 14:00:00,86.77274,12.258160000000004,245.0029754638672
4294,2020-03-17 15:00:00,86.76938,12.235379999999992,244.83890533447266
4295,2020-03-17 16:00:00,86.76623,12.2192,244.76384735107422
4296,2020-03-17 17:00:00,86.7631,12.208130000000011,244.7437973022461
4297,2020-03-17 18:00:00,86.75976,12.200320000000005,244.7575912475586
4298,2020-03-17 19:00:00,86.75614,12.195400000000006,244.84760284423828
4299,2020-03-17 20:00:00,86.75222,12.190850000000012,244.83489227294922
4300,2020-03-17 21:00:00,86.74823,12.184750000000008,244.81047821044922
4301,2020-03-17 22:00:00,86.74419,12.176590000000004,244.77902221679688
4302,2020-03-17 23:00:00,86.74017,12.165590000000009,244.65055084228516
4303,2020-03-18 00:00:00,86.73615,12.153739999999999,244.4534683227539
4304,2020-03-18 01:00:00,86.7322,12.142410000000012,244.2487564086914
4305,2020-03-18 02:00:00,86.72834,12.129940000000005,244.037841796875
4306,2020-03-18 03:00:00,86.72469,12.11963,243.92494201660156
4307,2020-03-18 04:00:00,86.72108,12.113529999999997,243.85759735107422
4308,2020-03-18 05:00:00,86.71745,12.112020000000001,243.85726165771484
4309,2020-03-18 06:00:00,86.71374,12.11314999999999,243.80806732177734
4310,2020-03-18 07:00:00,86.70986,12.117860000000007,243.71609497070312
4311,2020-03-18 08:00:00,86.70577,12.12424999999999,243.58560180664062
4312,2020-03-18 09:00:00,86.70167,12.130449999999996,243.5518341064453
4313,2020-03-18 10:00:00,86.69755,12.135179999999991,243.59326934814453
4314,2020-03-18 11:00:00,86.69351,12.137220000000013,243.64830017089844
4315,2020-03-18 12:00:00,86.68959,12.135619999999989,243.71977996826172
4316,2020-03-18 13:00:00,86.68574,12.131740000000008,243.80709838867188
4317,2020-03-18 14:00:00,86.68197,12.127960000000002,243.98968505859375
4318,2020-03-18 15:00:00,86.67829,12.124650000000003,244.10999298095703
4319,2020-03-18 16:00:00,86.67463,12.120499999999993,244.431640625
4320,2020-03-18 17:00:00,86.67073,12.122129999999999,245.02837371826172
4321,2020-03-18 18:00:00,86.66654,12.130210000000005,245.57937622070312
4322,2020-03-18 19:00:00,86.66169,12.148660000000007,245.83855438232422
4323,2020-03-18 20:00:00,86.65628,12.177729999999997,245.7801055908203
4324,2020-03-18 21:00:00,86.65063,12.213609999999989,245.73908233642578
4325,2020-03-18 22:00:00,86.64474,12.253539999999987,246.19803619384766
4326,2020-03-18 23:00:00,86.63872,12.296279999999996,246.71817016601562
4327,2020-03-19 00:00:00,86.63264,12.346329999999995,247.19720458984375
4328,2020-03-19 01:00:00,86.62632,12.412489999999991,247.60279083251953
4329,2020-03-19 02:00:00,86.61963,12.488550000000004,247.9134750366211
4330,2020-03-19 03:00:00,86.61268,12.57566,248.20861053466797
4331,2020-03-19 04:00:00,86.60559,12.66615999999999,248.43323516845703
4332,2020-03-19 05:00:00,86.59769,12.760199999999998,248.61678314208984
4333,2020-03-19 06:00:00,86.58957,12.851740000000007,248.8282928466797
4334,2020-03-19 07:00:00,86.58129,12.938970000000012,249.1402587890625
4335,2020-03-19 08:00:00,86.57287,13.021019999999993,249.5098114013672
4336,2020-03-19 09:00:00,86.56431,13.098770000000002,249.85718536376953
4337,2020-03-19 10:00:00,86.55585,13.17170999999999,250.08836364746094
4338,2020-03-19 11:00:00,86.54734,13.242739999999998,250.20065307617188
4339,2020-03-19 12:00:00,86.53866,13.31232,250.20428466796875
4340,2020-03-19 13:00:00,86.52969,13.384299999999996,250.21957397460938
4341,2020-03-19 14:00:00,86.5205,13.461610000000007,250.33124542236328
4342,2020-03-19 15:00:00,86.51117,13.54500999999999,250.43096923828125
4343,2020-03-19 16:00:00,86.50162,13.631609999999995,250.43828582763672
4344,2020-03-19 17:00:00,86.49195,13.71987999999999,250.28375244140625
4345,2020-03-19 18:00:00,86.4821,13.808230000000009,250.05345153808594
4346,2020-03-19 19:00:00,86.47212,13.893540000000002,249.8780746459961
4347,2020-03-19 20:00:00,86.46212,13.975689999999986,249.71963500976562
4348,2020-03-19 21:00:00,86.4524,14.057289999999995,249.66519927978516
4349,2020-03-19 22:00:00,86.44291,14.13667000000001,249.75485229492188
4350,2020-03-19 23:00:00,86.43367,14.210180000000008,249.87457275390625
4351,2020-03-20 00:00:00,86.42465,14.278109999999998,250.0261688232422
4352,2020-03-20 01:00:00,86.41587,14.344400000000007,250.2430648803711
4353,2020-03-20 02:00:00,86.40735,14.409780000000012,250.5640640258789
4354,2020-03-20 03:00:00,86.39899,14.47238999999999,250.7850341796875
4355,2020-03-20 04:00:00,86.39061,14.5308,251.06006622314453
4356,2020-03-20 05:00:00,86.38206,14.582740000000001,251.1610565185547
4357,2020-03-20 06:00:00,86.37359,14.628410000000002,250.96771240234375
4358,2020-03-20 07:00:00,86.36539,14.670469999999995,250.47612762451172
4359,2020-03-20 08:00:00,86.35751,14.707979999999992,249.83287811279297
4360,2020-03-20 09:00:00,86.34992,14.73827,249.25091552734375
4361,2020-03-20 10:00:00,86.34264,14.762889999999999,248.8370132446289
4362,2020-03-20 11:00:00,86.33583,14.780339999999995,248.54306030273438
4363,2020-03-20 12:00:00,86.32966,14.791730000000001,248.33419799804688
4364,2020-03-20 13:00:00,86.32429,14.799869999999999,248.16937255859375
4365,2020-03-20 14:00:00,86.31944,14.80789999999999,248.04708862304688
4366,2020-03-20 15:00:00,86.31488,14.81674000000001,247.87566375732422
4367,2020-03-20 16:00:00,86.31066,14.825029999999998,247.69874572753906
4368,2020-03-20 17:00:00,86.3064,14.836839999999995,247.50450134277344
4369,2020-03-20 18:00:00,86.30203,14.852550000000008,247.3041000366211
4370,2020-03-20 19:00:00,86.29771,14.871640000000014,247.1512451171875
4371,2020-03-20 20:00:00,86.29338,14.893370000000004,247.0342025756836
4372,2020-03-20 21:00:00,86.28916,14.915320000000008,246.9263153076172
4373,2020-03-20 22:00:00,86.28541,14.949849999999998,246.84051513671875
4374,2020-03-20 23:00:00,86.28175,14.973839999999996,246.7824249267578
4375,2020-03-21 00:00:00,86.27881,14.995900000000006,246.7480926513672
4376,2020-03-21 01:00:00,86.27641,15.017950000000013,246.6996841430664
4377,2020-03-21 02:00:00,86.27451,15.037779999999998,246.67012786865234
4378,2020-03-21 03:00:00,86.27283,15.055790000000002,246.6804962158203
4379,2020-03-21 04:00:00,86.27103,15.07489000000001,246.70755767822266
4380,2020-03-21 05:00:00,86.26924,15.09738999999999,246.68087768554688
4381,2020-03-21 06:00:00,86.26729,15.119789999999995,246.644775390625
4382,2020-03-21 07:00:00,86.26518,15.141340000000014,246.63872528076172
4383,2020-03-21 08:00:00,86.26297,15.161159999999995,246.68762969970703
4384,2020-03-21 09:00:00,86.26114,15.185810000000004,246.7776107788086
4385,2020-03-21 10:00:00,86.25952,15.210250000000002,246.92861938476562
4386,2020-03-21 11:00:00,86.25795,15.232049999999987,247.17196655273438
4387,2020-03-21 12:00:00,86.25653,15.253150000000005,247.4432830810547
4388,2020-03-21 13:00:00,86.25534,15.27709999999999,247.78562927246094
4389,2020-03-21 14:00:00,86.25427,15.30279999999999,248.16513061523438
4390,2020-03-21 15:00:00,86.25308,15.330420000000004,248.63230895996094
4391,2020-03-21 16:00:00,86.25167,15.357889999999998,249.01734161376953
4392,2020-03-21 17:00:00,86.25001,15.384680000000003,249.3833465576172
4393,2020-03-21 18:00:00,86.24823,15.410059999999987,249.55076599121094
4394,2020-03-21 19:00:00,86.24638,15.434850000000012,249.62787628173828
4395,2020-03-21 20:00:00,86.24455,15.458390000000009,249.68701934814453
4396,2020-03-21 21:00:00,86.2428,15.480619999999988,249.7313995361328
4397,2020-03-21 22:00:00,86.24114,15.503039999999999,249.6422576904297
4398,2020-03-21 23:00:00,86.23962,15.524879999999996,249.69874572753906
4399,2020-03-22 00:00:00,86.23823,15.545770000000005,249.80810546875
4400,2020-03-22 01:00:00,86.23691,15.565570000000008,249.96465301513672
4401,2020-03-22 02:00:00,86.23566,15.584980000000002,250.13140869140625
4402,2020-03-22 03:00:00,86.23451,15.604070000000007,250.2984161376953
4403,2020-03-22 04:00:00,86.23348,15.62333000000001,250.35868072509766
4404,2020-03-22 05:00:00,86.23256,15.64282,250.28531646728516
4405,2020-03-22 06:00:00,86.23154,15.658230000000003,250.35713958740234
4406,2020-03-22 07:00:00,86.23052,15.671729999999997,250.41417694091797
4407,2020-03-22 08:00:00,86.22958,15.683390000000003,250.35013580322266
4408,2020-03-22 09:00:00,86.22873,15.693489999999997,250.0134048461914
4409,2020-03-22 10:00:00,86.22804,15.70344,249.76685333251953
4410,2020-03-22 11:00:00,86.22747,15.71332000000001,249.86251068115234
4411,2020-03-22 12:00:00,86.227,15.723369999999989,249.92208862304688
4412,2020-03-22 13:00:00,86.22661,15.734579999999994,249.85009002685547
4413,2020-03-22 14:00:00,86.22628,15.747340000000008,249.64037322998047
4414,2020-03-22 15:00:00,86.22597,15.760539999999992,249.43838500976562
4415,2020-03-22 16:00:00,86.22566,15.775990000000007,249.17286682128906
4416,2020-03-22 17:00:00,86.22527,15.79167000000001,248.88030242919922
4417,2020-03-22 18:00:00,86.22492,15.803329999999988,248.7049102783203
4418,2020-03-22 19:00:00,86.22448,15.813080000000014,248.60243225097656
4419,2020-03-22 20:00:00,86.22387,15.820490000000007,248.48956298828125
4420,2020-03-22 21:00:00,86.2232,15.826099999999997,248.4653778076172
4421,2020-03-22 22:00:00,86.22245,15.82811000000001,248.36582946777344
4422,2020-03-22 23:00:00,86.22151,15.830129999999997,248.1455841064453
4423,2020-03-23 00:00:00,86.22061,15.831420000000008,247.80196380615234
4424,2020-03-23 01:00:00,86.2198,15.830330000000004,247.44277954101562
4425,2020-03-23 02:00:00,86.21906,15.82811000000001,247.087646484375
4426,2020-03-23 03:00:00,86.21832,15.826519999999988,246.89752197265625
4427,2020-03-23 04:00:00,86.21755,15.826120000000003,246.9878158569336
4428,2020-03-23 05:00:00,86.21662,15.82408000000001,247.16747283935547
4429,2020-03-23 06:00:00,86.21595,15.817000000000007,247.28182220458984
4430,2020-03-23 07:00:00,86.21514,15.81774999999999,247.32282257080078
4431,2020-03-23 08:00:00,86.21426,15.815709999999996,247.3766860961914
4432,2020-03-23 09:00:00,86.21342,15.812600000000003,247.48414611816406
4433,2020-03-23 10:00:00,86.21259,15.81271000000001,247.49210357666016
4434,2020-03-23 11:00:00,86.21178,15.812260000000009,247.46908569335938
4435,2020-03-23 12:00:00,86.21111,15.80968999999999,247.45333862304688
4436,2020-03-23 13:00:00,86.21051,15.808339999999987,247.49134826660156
4437,2020-03-23 14:00:00,86.21,15.807469999999995,247.54409790039062
4438,2020-03-23 15:00:00,86.20953,15.80417,247.5395050048828
4439,2020-03-23 16:00:00,86.20904,15.801119999999997,247.4551544189453
4440,2020-03-23 17:00:00,86.2085,15.798169999999999,247.42752838134766
4441,2020-03-23 18:00:00,86.20778,15.79222999999999,247.30371856689453
4442,2020-03-23 19:00:00,86.20696,15.78540000000001,247.11602783203125
4443,2020-03-23 20:00:00,86.20599,15.774850000000015,246.9337158203125
4444,2020-03-23 21:00:00,86.20501,15.76316,246.74732208251953
4445,2020-03-23 22:00:00,86.20409,15.750100000000003,246.60047149658203
4446,2020-03-23 23:00:00,86.20322,15.737940000000009,246.49480438232422
4447,2020-03-24 00:00:00,86.20236,15.727039999999988,246.3489227294922
4448,2020-03-24 01:00:00,86.20156,15.718500000000006,246.1638946533203
4449,2020-03-24 02:00:00,86.20089,15.711510000000004,245.9977035522461
4450,2020-03-24 03:00:00,86.20022,15.705849999999998,245.85587310791016
4451,2020-03-24 04:00:00,86.19952,15.698399999999992,245.76968383789062
4452,2020-03-24 05:00:00,86.19873,15.690319999999986,245.76628875732422
4453,2020-03-24 06:00:00,86.19799,15.679360000000003,245.83621978759766
4454,2020-03-24 07:00:00,86.19725,15.66601,245.96952056884766
4455,2020-03-24 08:00:00,86.19655,15.646569999999997,246.1136703491211
4456,2020-03-24 09:00:00,86.19549,15.624059999999986,246.21217346191406
4457,2020-03-24 10:00:00,86.19436,15.598990000000015,246.2864990234375
4458,2020-03-24 11:00:00,86.19306,15.57274000000001,246.34076690673828
4459,2020-03-24 12:00:00,86.19169,15.540500000000009,246.34954833984375
4460,2020-03-24 13:00:00,86.19049,15.503170000000011,246.30149841308594
4461,2020-03-24 14:00:00,86.18937,15.467430000000007,246.21573638916016
4462,2020-03-24 15:00:00,86.1881,15.428079999999994,246.11339569091797
4463,2020-03-24 16:00:00,86.18644,15.389499999999998,245.98533630371094
4464,2020-03-24 17:00:00,86.18435,15.347080000000005,245.85411834716797
4465,2020-03-24 18:00:00,86.18203,15.30098000000001,245.76507568359375
4466,2020-03-24 19:00:00,86.17966,15.251769999999993,245.72933959960938
4467,2020-03-24 20:00:00,86.17686,15.200510000000008,245.74594116210938
4468,2020-03-24 21:00:00,86.17371,15.13864000000001,245.82855987548828
4469,2020-03-24 22:00:00,86.1702,15.071930000000009,246.02442169189453
4470,2020-03-24 23:00:00,86.16624,15.00242,246.26849365234375
4471,2020-03-25 00:00:00,86.16222,14.928930000000008,245.60122680664062
4472,2020-03-25 01:00:00,86.15833,14.855310000000003,245.7945556640625
4473,2020-03-25 02:00:00,86.15444,14.780280000000005,245.95471954345703
4474,2020-03-25 03:00:00,86.1503,14.70702,246.0729751586914
4475,2020-03-25 04:00:00,86.14629,14.627880000000005,246.17902374267578
4476,2020-03-25 05:00:00,86.14219,14.545860000000005,246.3337173461914
4477,2020-03-25 06:00:00,86.13787,14.459609999999998,246.6874771118164
4478,2020-03-25 07:00:00,86.13346,14.374799999999993,247.07522583007812
4479,2020-03-25 08:00:00,86.12911,14.28533999999999,247.3716583251953
4480,2020-03-25 09:00:00,86.12474,14.196120000000008,247.6902847290039
4481,2020-03-25 10:00:00,86.12022,14.108270000000005,247.97884368896484
4482,2020-03-25 11:00:00,86.11579,14.019569999999987,248.2328872680664
4483,2020-03-25 12:00:00,86.11141,13.934179999999998,248.37352752685547
4484,2020-03-25 13:00:00,86.10711,13.855240000000009,248.34146118164062
4485,2020-03-25 14:00:00,86.1028,13.784199999999998,248.24860382080078
4486,2020-03-25 15:00:00,86.09835,13.72108,248.1162109375
4487,2020-03-25 16:00:00,86.09386,13.660889999999995,247.91180419921875
4488,2020-03-25 17:00:00,86.08945,13.606120000000004,247.7153549194336
4489,2020-03-25 18:00:00,86.08512,13.554069999999996,247.5208740234375
4490,2020-03-25 19:00:00,86.0807,13.502559999999988,247.28189849853516
4491,2020-03-25 20:00:00,86.0761,13.454059999999998,247.08658599853516
4492,2020-03-25 21:00:00,86.07138,13.40934999999999,246.96824645996094
4493,2020-03-25 22:00:00,86.06669,13.366710000000012,246.91917419433594
4494,2020-03-25 23:00:00,86.06202,13.327589999999987,246.8656234741211
4495,2020-03-26 00:00:00,86.05731,13.29301000000001,246.77224731445312
4496,2020-03-26 01:00:00,86.05265,13.262850000000014,246.66368103027344
4497,2020-03-26 02:00:00,86.04818,13.236950000000007,246.56542205810547
4498,2020-03-26 03:00:00,86.04372,13.214619999999996,246.4997787475586
4499,2020-03-26 04:00:00,86.03929,13.194369999999992,246.4958953857422
4500,2020-03-26 05:00:00,86.03482,13.175870000000003,246.52977752685547
4501,2020-03-26 06:00:00,86.03024,13.157669999999996,246.57477569580078
4502,2020-03-26 07:00:00,86.02533,13.141490000000005,246.61178588867188
4503,2020-03-26 08:00:00,86.02022,13.12666999999999,246.64507293701172
4504,2020-03-26 09:00:00,86.01499,13.114689999999996,246.67539978027344
4505,2020-03-26 10:00:00,86.00958,13.103270000000009,246.69964599609375
4506,2020-03-26 11:00:00,86.00404,13.094060000000013,246.71556854248047
4507,2020-03-26 12:00:00,85.99838,13.088429999999988,246.7528305053711
4508,2020-03-26 13:00:00,85.99278,13.086659999999995,246.78899383544922
4509,2020-03-26 14:00:00,85.98721,13.086569999999995,246.81380462646484
4510,2020-03-26 15:00:00,85.98158,13.089079999999996,246.88922119140625
4511,2020-03-26 16:00:00,85.97576,13.093169999999986,247.0513153076172
4512,2020-03-26 17:00:00,85.96996,13.098479999999995,247.22447204589844
4513,2020-03-26 18:00:00,85.96417,13.104629999999986,247.3708953857422
4514,2020-03-26 19:00:00,85.95817,13.111019999999996,247.5045623779297
4515,2020-03-26 20:00:00,85.95192,13.1173,247.64488220214844
4516,2020-03-26 21:00:00,85.94543,13.12539000000001,247.75554656982422
4517,2020-03-26 22:00:00,85.93853,13.136230000000012,247.8386459350586
4518,2020-03-26 23:00:00,85.93128,13.146979999999985,247.98342895507812
4519,2020-03-27 00:00:00,85.92384,13.15952999999999,248.15026092529297
4520,2020-03-27 01:00:00,85.91633,13.172120000000007,248.30018615722656
4521,2020-03-27 02:00:00,85.90893,13.18477999999999,248.29090881347656
4522,2020-03-27 03:00:00,85.90175,13.198430000000002,248.21659088134766
4523,2020-03-27 04:00:00,85.89463,13.212940000000003,248.24844360351562
4524,2020-03-27 05:00:00,85.88788,13.228800000000007,248.43569946289062
4525,2020-03-27 06:00:00,85.88134,13.248340000000013,248.73898315429688
4526,2020-03-27 07:00:00,85.87449,13.271960000000007,249.03489685058594
4527,2020-03-27 08:00:00,85.86702,13.29874000000001,249.40187072753906
4528,2020-03-27 09:00:00,85.85881,13.325510000000008,249.72608947753906
4529,2020-03-27 10:00:00,85.84981,13.347849999999994,250.01770782470703
4530,2020-03-27 11:00:00,85.84022,13.36515,250.3135528564453
4531,2020-03-27 12:00:00,85.83021,13.378350000000012,250.63003540039062
4532,2020-03-27 13:00:00,85.82006,13.388329999999996,250.94944763183594
4533,2020-03-27 14:00:00,85.80994,13.396780000000007,251.32757568359375
4534,2020-03-27 15:00:00,85.79982,13.406360000000006,251.81375885009766
4535,2020-03-27 16:00:00,85.78973,13.420410000000004,253.7669906616211
4536,2020-03-27 17:00:00,85.77935,13.434969999999993,253.97842407226562
4537,2020-03-27 18:00:00,85.76865,13.448139999999995,254.06888580322266
4538,2020-03-27 19:00:00,85.75777,13.458370000000002,254.0076141357422
4539,2020-03-27 20:00:00,85.74697,13.463770000000011,253.82379150390625
4540,2020-03-27 21:00:00,85.73602,13.464619999999996,253.63126373291016
4541,2020-03-27 22:00:00,85.72488,13.460489999999993,253.42334747314453
4542,2020-03-27 23:00:00,85.71374,13.455029999999994,253.1981964111328
4543,2020-03-28 00:00:00,85.70282,13.44713999999999,252.94690704345703
4544,2020-03-28 01:00:00,85.69226,13.437299999999993,252.80593872070312
4545,2020-03-28 02:00:00,85.68252,13.42949999999999,252.76195526123047
4546,2020-03-28 03:00:00,85.67346,13.420950000000005,252.77789306640625
4547,2020-03-28 04:00:00,85.66483,13.411310000000014,252.82582092285156
4548,2020-03-28 05:00:00,85.65597,13.398169999999993,252.79490661621094
4549,2020-03-28 06:00:00,85.6471,13.381920000000008,252.7870101928711
4550,2020-03-28 07:00:00,85.63796,13.364229999999992,252.80191040039062
4551,2020-03-28 08:00:00,85.62858,13.346299999999985,252.8081512451172
4552,2020-03-28 09:00:00,85.61911,13.325819999999993,252.83782958984375
4553,2020-03-28 10:00:00,85.60952,13.303660000000008,252.8334503173828
4554,2020-03-28 11:00:00,85.59972,13.280930000000012,252.82929229736328
4555,2020-03-28 12:00:00,85.59021,13.259019999999992,252.80255126953125
4556,2020-03-28 13:00:00,85.58118,13.240000000000009,252.71595764160156
4557,2020-03-28 14:00:00,85.57245,13.227069999999998,252.615966796875
4558,2020-03-28 15:00:00,85.56413,13.221120000000013,252.54163360595703
4559,2020-03-28 16:00:00,85.55635,13.221859999999992,252.4547119140625
4560,2020-03-28 17:00:00,85.54883,13.224770000000007,252.45018768310547
4561,2020-03-28 18:00:00,85.54146,13.228460000000013,252.4417953491211
4562,2020-03-28 19:00:00,85.53415,13.231210000000004,252.41067504882812
4563,2020-03-28 20:00:00,85.52673,13.231989999999996,252.3414306640625
4564,2020-03-28 21:00:00,85.51909,13.23311000000001,252.2492218017578
4565,2020-03-28 22:00:00,85.51147,13.233910000000009,252.1449737548828
4566,2020-03-28 23:00:00,85.50408,13.23218,252.03609466552734
4567,2020-03-29 00:00:00,85.4971,13.23160999999999,251.9660415649414
4568,2020-03-29 01:00:00,85.49042,13.231009999999998,251.84556579589844
4569,2020-03-29 02:00:00,85.48395,13.22994,251.7013702392578
4570,2020-03-29 03:00:00,85.47781,13.231249999999989,251.5392608642578
4571,2020-03-29 04:00:00,85.47167,13.23463000000001,251.35868072509766
4572,2020-03-29 05:00:00,85.4654,13.236060000000009,251.32752990722656
4573,2020-03-29 06:00:00,85.45924,13.239900000000006,251.43496704101562
4574,2020-03-29 07:00:00,85.45327,13.239540000000005,251.55342864990234
4575,2020-03-29 08:00:00,85.44736,13.23599999999999,251.6019515991211
4576,2020-03-29 09:00:00,85.44165,13.229019999999991,251.6716766357422
4577,2020-03-29 10:00:00,85.43608,13.22086999999999,251.73563385009766
4578,2020-03-29 11:00:00,85.43063,13.216049999999996,251.64803314208984
4579,2020-03-29 12:00:00,85.42513,13.20850999999999,251.46426391601562
4580,2020-03-29 13:00:00,85.41971,13.202049999999986,251.3368911743164
4581,2020-03-29 14:00:00,85.41454,13.195130000000006,250.94012451171875
4582,2020-03-29 15:00:00,85.40985,13.188369999999992,250.53275299072266
4583,2020-03-29 16:00:00,85.40566,13.184380000000004,250.21307373046875
4584,2020-03-29 17:00:00,85.40169,13.178449999999998,249.85140991210938
4585,2020-03-29 18:00:00,85.39776,13.173059999999992,249.48403930664062
4586,2020-03-29 19:00:00,85.39442,13.170150000000007,249.1221694946289
4587,2020-03-29 20:00:00,85.39151,13.167640000000006,248.75264739990234
4588,2020-03-29 21:00:00,85.38905,13.165340000000015,248.3812713623047
4589,2020-03-29 22:00:00,85.38705,13.16243,248.04093170166016
4590,2020-03-29 23:00:00,85.38541,13.161059999999992,247.72020721435547
4591,2020-03-30 00:00:00,85.38411,13.160020000000003,247.3968505859375
4592,2020-03-30 01:00:00,85.38287,13.159359999999992,247.1017837524414
4593,2020-03-30 02:00:00,85.38162,13.15961999999999,246.86873626708984
4594,2020-03-30 03:00:00,85.38065,13.159539999999993,246.69586944580078
4595,2020-03-30 04:00:00,85.38014,13.16049000000001,246.55850219726562
4596,2020-03-30 05:00:00,85.37962,13.163630000000012,246.45415496826172
4597,2020-03-30 06:00:00,85.37933,13.167239999999993,246.39698791503906
4598,2020-03-30 07:00:00,85.37905,13.171629999999993,246.38713836669922
4599,2020-03-30 08:00:00,85.37869,13.17625000000001,246.3919906616211
4600,2020-03-30 09:00:00,85.37816,13.183320000000009,246.43413543701172
4601,2020-03-30 10:00:00,85.37751,13.190709999999996,246.51311492919922
4602,2020-03-30 11:00:00,85.37677,13.19908000000001,246.58509063720703
4603,2020-03-30 12:00:00,85.37579,13.207120000000003,246.6587371826172
4604,2020-03-30 13:00:00,85.37482,13.217719999999986,246.70577239990234
4605,2020-03-30 14:00:00,85.37391,13.232169999999996,246.69918060302734
4606,2020-03-30 15:00:00,85.37274,13.248400000000004,246.6645050048828
4607,2020-03-30 16:00:00,85.37125,13.269020000000012,246.6021728515625
4608,2020-03-30 17:00:00,85.36987,13.290269999999992,246.50814056396484
4609,2020-03-30 18:00:00,85.36848,13.314210000000003,246.38595581054688
4610,2020-03-30 19:00:00,85.36674,13.340219999999988,246.26573181152344
4611,2020-03-30 20:00:00,85.36484,13.366960000000006,246.28369140625
4612,2020-03-30 21:00:00,85.36231,13.392750000000007,246.09254455566406
4613,2020-03-30 22:00:00,85.3591,13.41622000000001,246.0226287841797
4614,2020-03-30 23:00:00,85.35586,13.440480000000008,245.86356353759766
4615,2020-03-31 00:00:00,85.35236,13.470120000000009,245.44039154052734
4616,2020-03-31 01:00:00,85.34872,13.501839999999987,245.3675537109375
4617,2020-03-31 02:00:00,85.34487,13.537319999999994,245.30850982666016
4618,2020-03-31 03:00:00,85.3409,13.576989999999995,245.3093032836914
4619,2020-03-31 04:00:00,85.33676,13.617220000000003,245.29103088378906
4620,2020-03-31 05:00:00,85.33277,13.65970999999999,245.29093170166016
4621,2020-03-31 06:00:00,85.32887,13.709229999999991,245.40204620361328
4622,2020-03-31 07:00:00,85.32475,13.764250000000004,245.6223373413086
4623,2020-03-31 08:00:00,85.32037,13.821550000000002,245.9861602783203
4624,2020-03-31 09:00:00,85.31556,13.88203999999999,246.41495513916016
4625,2020-03-31 10:00:00,85.31005,13.942000000000007,246.87057495117188
4626,2020-03-31 11:00:00,85.30379,13.999439999999993,247.22370147705078
4627,2020-03-31 12:00:00,85.29713,14.05868000000001,247.4414520263672
4628,2020-03-31 13:00:00,85.28979,14.117379999999997,247.55186462402344
4629,2020-03-31 14:00:00,85.2825,14.177930000000003,247.58538055419922
4630,2020-03-31 15:00:00,85.27538,14.239560000000012,247.58910369873047
4631,2020-03-31 16:00:00,85.26839,14.30435,247.64119720458984
4632,2020-03-31 17:00:00,85.26135,14.373449999999991,247.73046112060547
4633,2020-03-31 18:00:00,85.25444,14.446179999999998,247.79623413085938
4634,2020-03-31 19:00:00,85.24759,14.523989999999998,247.8698501586914
4635,2020-03-31 20:00:00,85.23999,14.606220000000008,247.91162872314453
4636,2020-03-31 21:00:00,85.23244,14.692129999999992,247.96776580810547
4637,2020-03-31 22:00:00,85.22458,14.780489999999986,248.10506439208984
4638,2020-03-31 23:00:00,85.21642,14.867520000000013,248.31069946289062
4639,2020-04-01 00:00:00,85.20805,14.949600000000004,248.57293701171875
4640,2020-04-01 01:00:00,85.1997,15.025380000000013,248.87481689453125
4641,2020-04-01 02:00:00,85.19145,15.093950000000007,249.3521728515625
4642,2020-04-01 03:00:00,85.1834,15.15888000000001,250.0129852294922
4643,2020-04-01 04:00:00,85.17554,15.221710000000002,250.7405242919922
4644,2020-04-01 05:00:00,85.16788,15.28125,251.32549285888672
4645,2020-04-01 06:00:00,85.16031,15.33626000000001,251.8338165283203
4646,2020-04-01 07:00:00,85.15281,15.384029999999996,252.27271270751953
4647,2020-04-01 08:00:00,85.14521,15.425099999999986,252.70366668701172
4648,2020-04-01 09:00:00,85.13759,15.460029999999989,253.11348724365234
4649,2020-04-01 10:00:00,85.1297,15.486369999999994,253.483642578125
4650,2020-04-01 11:00:00,85.12158,15.50542999999999,253.83113861083984
4651,2020-04-01 12:00:00,85.11309,15.51760999999999,254.14248657226562
4652,2020-04-01 13:00:00,85.10444,15.52333999999999,254.37015533447266
4653,2020-04-01 14:00:00,85.09597,15.52519000000001,254.5305938720703
4654,2020-04-01 15:00:00,85.0881,15.522369999999995,254.6220932006836
4655,2020-04-01 16:00:00,85.08092,15.518930000000012,254.60822296142578
4656,2020-04-01 17:00:00,85.0743,15.516850000000005,254.48412322998047
4657,2020-04-01 18:00:00,85.06796,15.514029999999991,254.47261810302734
4658,2020-04-01 19:00:00,85.0619,15.510699999999986,254.15586853027344
4659,2020-04-01 20:00:00,85.05622,15.511799999999994,253.50924682617188
4660,2020-04-01 21:00:00,85.05058,15.511349999999993,252.6068572998047
4661,2020-04-01 22:00:00,85.04439,15.503800000000012,251.5780258178711
4662,2020-04-01 23:00:00,85.03741,15.484919999999988,250.74317932128906
4663,2020-04-02 00:00:00,85.03013,15.453059999999994,250.66346740722656
4664,2020-04-02 01:00:00,85.02292,15.415230000000008,250.15956115722656
4665,2020-04-02 02:00:00,85.01589,15.37369000000001,249.78661346435547
4666,2020-04-02 03:00:00,85.00905,15.33017000000001,249.54348754882812
4667,2020-04-02 04:00:00,85.00243,15.28716,249.42897033691406
4668,2020-04-02 05:00:00,84.99589,15.246780000000001,249.41586303710938
4669,2020-04-02 06:00:00,84.98929,15.209839999999986,249.63818359375
4670,2020-04-02 07:00:00,84.98242,15.177339999999987,249.97702026367188
4671,2020-04-02 08:00:00,84.97533,15.145350000000008,250.38397216796875
4672,2020-04-02 09:00:00,84.96814,15.111639999999994,250.77130889892578
4673,2020-04-02 10:00:00,84.96078,15.074099999999987,251.06624603271484
4674,2020-04-02 11:00:00,84.95339,15.031810000000007,251.33206939697266
4675,2020-04-02 12:00:00,84.94595,14.983779999999996,251.55221557617188
4676,2020-04-02 13:00:00,84.93843,14.927320000000009,251.70022583007812
4677,2020-04-02 14:00:00,84.93099,14.864319999999992,251.71446990966797
4678,2020-04-02 15:00:00,84.92375,14.798660000000012,251.6698760986328
4679,2020-04-02 16:00:00,84.91665,14.732310000000012,251.52935791015625
4680,2020-04-02 17:00:00,84.9096,14.664960000000008,251.36388397216797
4681,2020-04-02 18:00:00,84.90256,14.596499999999992,251.26229858398438
4682,2020-04-02 19:00:00,84.89549,14.529799999999994,251.14447784423828
4683,2020-04-02 20:00:00,84.88826,14.46529000000001,250.9951629638672
4684,2020-04-02 21:00:00,84.88076,14.40227999999999,250.81804656982422
4685,2020-04-02 22:00:00,84.87325,14.343989999999991,250.7082748413086
4686,2020-04-02 23:00:00,84.86564,14.28707,250.65692901611328
4687,2020-04-03 00:00:00,84.85795,14.227630000000005,250.60787963867188
4688,2020-04-03 01:00:00,84.8503,14.163700000000006,250.49622344970703
4689,2020-04-03 02:00:00,84.84275,14.096569999999986,250.47850799560547
4690,2020-04-03 03:00:00,84.8353,14.024740000000008,250.4521026611328
4691,2020-04-03 04:00:00,84.82833,13.94989000000001,250.4673309326172
4692,2020-04-03 05:00:00,84.82191,13.874830000000003,250.64078521728516
4693,2020-04-03 06:00:00,84.81602,13.803229999999985,250.76463317871094
4694,2020-04-03 07:00:00,84.8107,13.738969999999995,250.95174407958984
4695,2020-04-03 08:00:00,84.80578,13.681960000000004,251.06600952148438
4696,2020-04-03 09:00:00,84.80115,13.631370000000004,251.10774993896484
4697,2020-04-03 10:00:00,84.7969,13.583069999999992,250.96139526367188
4698,2020-04-03 11:00:00,84.79287,13.534840000000003,250.88946533203125
4699,2020-04-03 12:00:00,84.78868,13.481889999999993,250.97799682617188
4700,2020-04-03 13:00:00,84.78443,13.4255,250.9165802001953
4701,2020-04-03 14:00:00,84.78018,13.367250000000013,250.76375579833984
4702,2020-04-03 15:00:00,84.77588,13.310460000000006,250.52381896972656
4703,2020-04-03 16:00:00,84.77138,13.254719999999992,250.31016540527344
4704,2020-04-03 17:00:00,84.76694,13.20854,250.12506103515625
4705,2020-04-03 18:00:00,84.76212,13.168990000000008,250.036865234375
4706,2020-04-03 19:00:00,84.75685,13.134520000000009,250.06431579589844
4707,2020-04-03 20:00:00,84.75122,13.105289999999997,250.16655731201172
4708,2020-04-03 21:00:00,84.74533,13.081400000000002,250.26708221435547
4709,2020-04-03 22:00:00,84.73924,13.061720000000008,250.30999755859375
4710,2020-04-03 23:00:00,84.73302,13.046719999999993,250.26049041748047
4711,2020-04-04 00:00:00,84.72672,13.03336999999999,250.2577133178711
4712,2020-04-04 01:00:00,84.72038,13.01670999999999,250.23989868164062
4713,2020-04-04 02:00:00,84.71405,12.997119999999995,250.10311889648438
4714,2020-04-04 03:00:00,84.70773,12.974989999999991,249.7891616821289
4715,2020-04-04 04:00:00,84.70156,12.949579999999997,249.54873657226562
4716,2020-04-04 05:00:00,84.69592,12.92634000000001,249.45796966552734
4717,2020-04-04 06:00:00,84.69061,12.909019999999998,249.30145263671875
4718,2020-04-04 07:00:00,84.68532,12.896179999999987,249.1266860961914
4719,2020-04-04 08:00:00,84.68012,12.88875999999999,248.97931671142578
4720,2020-04-04 09:00:00,84.67513,12.889729999999986,248.8110122680664
4721,2020-04-04 10:00:00,84.67028,12.892660000000006,248.6097640991211
4722,2020-04-04 11:00:00,84.66536,12.89833999999999,248.4412384033203
4723,2020-04-04 12:00:00,84.66018,12.906360000000006,248.15501403808594
4724,2020-04-04 13:00:00,84.65505,12.916030000000006,247.9771499633789
4725,2020-04-04 14:00:00,84.65005,12.927030000000002,247.90232849121094
4726,2020-04-04 15:00:00,84.64521,12.939969999999988,248.0362548828125
4727,2020-04-04 16:00:00,84.64011,12.952709999999996,248.0438461303711
4728,2020-04-04 17:00:00,84.63491,12.963879999999989,247.8987808227539
4729,2020-04-04 18:00:00,84.62954,12.973219999999998,247.72359466552734
4730,2020-04-04 19:00:00,84.62434,12.984370000000013,247.64676666259766
4731,2020-04-04 20:00:00,84.6196,12.998559999999998,247.74950408935547
4732,2020-04-04 21:00:00,84.61515,13.015829999999994,247.8018798828125
4733,2020-04-04 22:00:00,84.61096,13.032530000000008,247.77825164794922
4734,2020-04-04 23:00:00,84.6072,13.049890000000005,247.64947509765625
4735,2020-04-05 00:00:00,84.60377,13.068639999999988,247.4816131591797
4736,2020-04-05 01:00:00,84.60038,13.085970000000003,247.43630981445312
4737,2020-04-05 02:00:00,84.59726,13.102000000000004,247.43875885009766
4738,2020-04-05 03:00:00,84.59436,13.119779999999992,247.5703353881836
4739,2020-04-05 04:00:00,84.59172,13.140690000000006,247.75325775146484
4740,2020-04-05 05:00:00,84.58946,13.165140000000008,248.03053283691406
4741,2020-04-05 06:00:00,84.58732,13.191210000000012,248.5395736694336
4742,2020-04-05 07:00:00,84.58537,13.221090000000004,249.05765533447266
4743,2020-04-05 08:00:00,84.5838,13.25591,249.43047332763672
4744,2020-04-05 09:00:00,84.58222,13.293869999999998,249.7991943359375
4745,2020-04-05 10:00:00,84.58062,13.33447000000001,250.08721160888672
4746,2020-04-05 11:00:00,84.57929,13.3784,250.352783203125
4747,2020-04-05 12:00:00,84.57808,13.424749999999989,250.74724578857422
4748,2020-04-05 13:00:00,84.57713,13.473459999999989,251.19818115234375
4749,2020-04-05 14:00:00,84.57626,13.524259999999998,251.7841339111328
4750,2020-04-05 15:00:00,84.57519,13.574479999999994,252.46080017089844
4751,2020-04-05 16:00:00,84.57385,13.623359999999991,252.91275787353516
4752,2020-04-05 17:00:00,84.57222,13.669749999999993,253.2488555908203
4753,2020-04-05 18:00:00,84.57029,13.713169999999991,253.6587905883789
4754,2020-04-05 19:00:00,84.56813,13.752309999999994,253.96417236328125
4755,2020-04-05 20:00:00,84.566,13.788620000000009,254.04566192626953
4756,2020-04-05 21:00:00,84.56388,13.825269999999989,253.94964599609375
4757,2020-04-05 22:00:00,84.56173,13.862490000000008,253.66090393066406
4758,2020-04-05 23:00:00,84.55946,13.900229999999993,253.46451568603516
4759,2020-04-06 00:00:00,84.55726,13.939969999999988,254.40538024902344
4760,2020-04-06 01:00:00,84.5551,13.980259999999987,254.36553192138672
4761,2020-04-06 02:00:00,84.55291,14.019980000000004,254.15734100341797
4762,2020-04-06 03:00:00,84.55075,14.056100000000015,253.8488311767578
4763,2020-04-06 04:00:00,84.54866,14.087080000000014,253.46483612060547
4764,2020-04-06 05:00:00,84.5467,14.11411000000001,253.10987091064453
4765,2020-04-06 06:00:00,84.54484,14.138030000000015,252.84945678710938
4766,2020-04-06 07:00:00,84.54296,14.161329999999992,252.7642364501953
4767,2020-04-06 08:00:00,84.54109,14.186730000000011,252.78644561767578
4768,2020-04-06 09:00:00,84.53914,14.216039999999992,252.8025360107422
4769,2020-04-06 10:00:00,84.53725,14.24758,252.90425872802734
4770,2020-04-06 11:00:00,84.53547,14.280560000000008,253.0908660888672
4771,2020-04-06 12:00:00,84.53377,14.312960000000004,253.29251098632812
4772,2020-04-06 13:00:00,84.53214,14.34378000000001,253.46923065185547
4773,2020-04-06 14:00:00,84.53051,14.372180000000014,253.5423812866211
4774,2020-04-06 15:00:00,84.52881,14.398079999999993,253.4541473388672
4775,2020-04-06 16:00:00,84.52689,14.418970000000002,253.292236328125
4776,2020-04-06 17:00:00,84.52479,14.43361999999999,253.2725601196289
4777,2020-04-06 18:00:00,84.52248,14.444060000000007,253.20730590820312
4778,2020-04-06 19:00:00,84.52005,14.45105000000001,253.20782470703125
4779,2020-04-06 20:00:00,84.51774,14.455099999999987,253.17554473876953
4780,2020-04-06 21:00:00,84.51543,14.458179999999999,253.0792007446289
4781,2020-04-06 22:00:00,84.51324,14.46083999999999,252.8336181640625
4782,2020-04-06 23:00:00,84.51118,14.46647999999999,252.55615997314453
4783,2020-04-07 00:00:00,84.50935,14.476519999999994,252.2100601196289
4784,2020-04-07 01:00:00,84.50793,14.488920000000007,252.0392608642578
4785,2020-04-07 02:00:00,84.50692,14.50184999999999,251.8807601928711
4786,2020-04-07 03:00:00,84.50623,14.515019999999993,251.71737670898438
4787,2020-04-07 04:00:00,84.50564,14.526579999999996,251.53272247314453
4788,2020-04-07 05:00:00,84.50508,14.533590000000004,251.29068756103516
4789,2020-04-07 06:00:00,84.5043,14.535650000000004,251.03065490722656
4790,2020-04-07 07:00:00,84.5034,14.535539999999997,250.75746154785156
4791,2020-04-07 08:00:00,84.50245,14.534259999999989,250.46142578125
4792,2020-04-07 09:00:00,84.50142,14.533179999999987,250.20101165771484
4793,2020-04-07 10:00:00,84.50044,14.533760000000001,249.98006439208984
4794,2020-04-07 11:00:00,84.49963,14.536370000000005,249.7926483154297
4795,2020-04-07 12:00:00,84.49882,14.539739999999995,249.63858032226562
4796,2020-04-07 13:00:00,84.49803,14.543540000000007,249.49232482910156
4797,2020-04-07 14:00:00,84.49733,14.546750000000003,249.33699798583984
4798,2020-04-07 15:00:00,84.49688,14.54907,249.14805603027344
4799,2020-04-07 16:00:00,84.49662,14.550260000000009,248.93255615234375
4800,2020-04-07 17:00:00,84.49635,14.55055999999999,248.68514251708984
4801,2020-04-07 18:00:00,84.49577,14.55001999999999,248.4131317138672
4802,2020-04-07 19:00:00,84.49477,14.547329999999988,248.11893463134766
4803,2020-04-07 20:00:00,84.49342,14.543779999999998,247.82174682617188
4804,2020-04-07 21:00:00,84.49188,14.540750000000003,247.5301284790039
4805,2020-04-07 22:00:00,84.4904,14.53931,247.24956512451172
4806,2020-04-07 23:00:00,84.48899,14.541089999999997,247.00594329833984
4807,2020-04-08 00:00:00,84.48774,14.546459999999996,246.80501556396484
4808,2020-04-08 01:00:00,84.48669,14.554129999999986,246.7019500732422
4809,2020-04-08 02:00:00,84.48593,14.563500000000005,246.74496459960938
4810,2020-04-08 03:00:00,84.48539,14.574610000000007,246.8739242553711
4811,2020-04-08 04:00:00,84.48499,14.586759999999998,247.0949478149414
4812,2020-04-08 05:00:00,84.48463,14.598610000000008,247.3523941040039
4813,2020-04-08 06:00:00,84.48417,14.610250000000008,247.61751556396484
4814,2020-04-08 07:00:00,84.48351,14.621190000000013,247.9226303100586
4815,2020-04-08 08:00:00,84.48269,14.632689999999997,248.27330017089844
4816,2020-04-08 09:00:00,84.48177,14.64573999999999,248.70040130615234
4817,2020-04-08 10:00:00,84.48075,14.65952999999999,249.17414093017578
4818,2020-04-08 11:00:00,84.47969,14.676420000000007,249.6015625
4819,2020-04-08 12:00:00,84.47844,14.696140000000014,250.05853271484375
4820,2020-04-08 13:00:00,84.47708,14.718029999999999,250.4726791381836
4821,2020-04-08 14:00:00,84.47566,14.739959999999996,250.90972900390625
4822,2020-04-08 15:00:00,84.47428,14.76060000000001,251.71012115478516
4823,2020-04-08 16:00:00,84.47284,14.779689999999988,252.54287719726562
4824,2020-04-08 17:00:00,84.47132,14.796639999999996,252.90485382080078
4825,2020-04-08 18:00:00,84.46961,14.810910000000007,253.07635498046875
4826,2020-04-08 19:00:00,84.4677,14.821629999999999,253.1995086669922
4827,2020-04-08 20:00:00,84.46557,14.829260000000005,253.06552124023438
4828,2020-04-08 21:00:00,84.46324,14.834180000000003,253.02976989746094
4829,2020-04-08 22:00:00,84.46078,14.837340000000012,252.91345977783203
4830,2020-04-08 23:00:00,84.45827,14.840210000000013,252.72010040283203
4831,2020-04-09 00:00:00,84.45596,14.842590000000001,252.2969512939453
4832,2020-04-09 01:00:00,84.45385,14.846129999999988,251.89669036865234
4833,2020-04-09 02:00:00,84.4519,14.849909999999994,251.48837280273438
4834,2020-04-09 03:00:00,84.44993,14.853350000000006,251.04779815673828
4835,2020-04-09 04:00:00,84.44803,14.856680000000011,250.8246078491211
4836,2020-04-09 05:00:00,84.44616,14.857959999999991,250.65516662597656
4837,2020-04-09 06:00:00,84.44422,14.856510000000014,250.533203125
4838,2020-04-09 07:00:00,84.44199,14.851249999999993,250.47899627685547
4839,2020-04-09 08:00:00,84.4395,14.842539999999985,250.47298431396484
4840,2020-04-09 09:00:00,84.43672,14.831490000000002,250.47064208984375
4841,2020-04-09 10:00:00,84.43373,14.818569999999994,250.4695587158203
4842,2020-04-09 11:00:00,84.43079,14.805090000000007,250.4425506591797
4843,2020-04-09 12:00:00,84.42813,14.7928,250.40036010742188
4844,2020-04-09 13:00:00,84.42565,14.78316000000001,250.32735443115234
4845,2020-04-09 14:00:00,84.42359,14.775450000000006,250.21548461914062
4846,2020-04-09 15:00:00,84.42199,14.770720000000011,250.06734466552734
4847,2020-04-09 16:00:00,84.42069,14.766520000000014,249.91106414794922
4848,2020-04-09 17:00:00,84.41956,14.762280000000004,249.7162628173828
4849,2020-04-09 18:00:00,84.41798,14.75596999999999,249.50173950195312
4850,2020-04-09 19:00:00,84.41605,14.747199999999992,249.2816390991211
4851,2020-04-09 20:00:00,84.41367,14.735209999999995,249.04861450195312
4852,2020-04-09 21:00:00,84.41089,14.72036,248.8343048095703
4853,2020-04-09 22:00:00,84.40788,14.703460000000007,248.64696502685547
4854,2020-04-09 23:00:00,84.40484,14.68714,248.48725128173828
4855,2020-04-10 00:00:00,84.40187,14.672599999999989,248.36481475830078
4856,2020-04-10 01:00:00,84.3994,14.662170000000003,248.28018188476562
4857,2020-04-10 02:00:00,84.39787,14.655489999999986,248.2209930419922
4858,2020-04-10 03:00:00,84.397,14.652410000000003,248.18820190429688
4859,2020-04-10 04:00:00,84.39638,14.652440000000013,248.21744537353516
4860,2020-04-10 05:00:00,84.39567,14.653790000000015,248.28748321533203
4861,2020-04-10 06:00:00,84.39459,14.654699999999991,248.37178802490234
4862,2020-04-10 07:00:00,84.39307,14.654110000000003,248.51142120361328
4863,2020-04-10 08:00:00,84.39084,14.651309999999995,248.67005920410156
4864,2020-04-10 09:00:00,84.38807,14.645859999999999,248.8419647216797
4865,2020-04-10 10:00:00,84.38508,14.638679999999994,249.02952575683594
4866,2020-04-10 11:00:00,84.38195,14.63073,249.23974609375
4867,2020-04-10 12:00:00,84.37891,14.624130000000008,249.44451904296875
4868,2020-04-10 13:00:00,84.37612,14.620460000000008,249.63821411132812
4869,2020-04-10 14:00:00,84.37354,14.620959999999997,249.79400634765625
4870,2020-04-10 15:00:00,84.37126,14.625079999999997,249.88634490966797
4871,2020-04-10 16:00:00,84.36934,14.632090000000005,249.91917419433594
4872,2020-04-10 17:00:00,84.3676,14.640710000000013,249.89464569091797
4873,2020-04-10 18:00:00,84.36573,14.649580000000014,249.8242416381836
4874,2020-04-10 19:00:00,84.36344,14.658330000000007,249.71287536621094
4875,2020-04-10 20:00:00,84.3608,14.665750000000003,249.56421661376953
4876,2020-04-10 21:00:00,84.358,14.670459999999991,249.38833618164062
4877,2020-04-10 22:00:00,84.35518,14.67295999999999,249.21055603027344
4878,2020-04-10 23:00:00,84.35276,14.674000000000007,249.04100799560547
4879,2020-04-11 00:00:00,84.3505,14.675870000000003,248.88548278808594
4880,2020-04-11 01:00:00,84.34805,14.680180000000007,248.74861907958984
4881,2020-04-11 02:00:00,84.34563,14.688230000000004,248.6405487060547
4882,2020-04-11 03:00:00,84.34312,14.699189999999987,248.58641815185547
4883,2020-04-11 04:00:00,84.34072,14.711900000000014,248.58052825927734
4884,2020-04-11 05:00:00,84.3384,14.724430000000012,248.60205078125
4885,2020-04-11 06:00:00,84.33621,14.736439999999988,248.6384735107422
4886,2020-04-11 07:00:00,84.33417,14.74548999999999,248.68768310546875
4887,2020-04-11 08:00:00,84.33183,14.748809999999992,248.74465942382812
4888,2020-04-11 09:00:00,84.3297,14.749760000000009,248.78810119628906
4889,2020-04-11 10:00:00,84.32742,14.749830000000003,248.81118774414062
4890,2020-04-11 11:00:00,84.32513,14.747289999999992,248.8196563720703
4891,2020-04-11 12:00:00,84.32257,14.74167,248.8334197998047
4892,2020-04-11 13:00:00,84.32002,14.73666,248.84716033935547
4893,2020-04-11 14:00:00,84.31755,14.733749999999986,248.8533172607422
4894,2020-04-11 15:00:00,84.31502,14.732990000000001,248.86170196533203
4895,2020-04-11 16:00:00,84.31249,14.732609999999994,248.83241271972656
4896,2020-04-11 17:00:00,84.31014,14.732,248.730224609375
4897,2020-04-11 18:00:00,84.30809,14.731429999999989,248.58296966552734
4898,2020-04-11 19:00:00,84.30629,14.72972999999999,248.4043197631836
4899,2020-04-11 20:00:00,84.30461,14.726429999999993,248.2140655517578
4900,2020-04-11 21:00:00,84.30283,14.722350000000006,248.02064514160156
4901,2020-04-11 22:00:00,84.30095,14.717359999999985,247.81944274902344
4902,2020-04-11 23:00:00,84.29899,14.711739999999992,247.61383819580078
4903,2020-04-12 00:00:00,84.29705,14.707339999999988,247.4402313232422
4904,2020-04-12 01:00:00,84.29556,14.706389999999999,247.31604766845703
4905,2020-04-12 02:00:00,84.29439,14.707830000000001,247.27153778076172
4906,2020-04-12 03:00:00,84.29386,14.710289999999986,247.26029205322266
4907,2020-04-12 04:00:00,84.29367,14.714920000000006,247.33111572265625
4908,2020-04-12 05:00:00,84.29375,14.72041999999999,247.40164184570312
4909,2020-04-12 06:00:00,84.29379,14.72541000000001,247.52355194091797
4910,2020-04-12 07:00:00,84.29377,14.729479999999995,247.6172103881836
4911,2020-04-12 08:00:00,84.29377,14.732290000000006,247.73284149169922
4912,2020-04-12 09:00:00,84.29368,14.73415,247.86471557617188
4913,2020-04-12 10:00:00,84.29294,14.737689999999986,247.9836196899414
4914,2020-04-12 11:00:00,84.2921,14.742320000000007,248.09320831298828
4915,2020-04-12 12:00:00,84.29128,14.74767,248.20186614990234
4916,2020-04-12 13:00:00,84.2905,14.754130000000004,248.2906951904297
4917,2020-04-12 14:00:00,84.28981,14.761599999999987,248.33724212646484
4918,2020-04-12 15:00:00,84.28917,14.770109999999988,248.35067749023438
4919,2020-04-12 16:00:00,84.28888,14.778469999999999,248.32555389404297
4920,2020-04-12 17:00:00,84.28893,14.785410000000013,248.27011108398438
4921,2020-04-12 18:00:00,84.289,14.791709999999995,248.17962646484375
4922,2020-04-12 19:00:00,84.28903,14.797539999999998,248.00920867919922
4923,2020-04-12 20:00:00,84.2891,14.802330000000012,247.78568267822266
4924,2020-04-12 21:00:00,84.28916,14.805689999999998,247.58448791503906
4925,2020-04-12 22:00:00,84.28917,14.808989999999994,247.49371337890625
4926,2020-04-12 23:00:00,84.28922,14.812939999999998,247.33890533447266
4927,2020-04-13 00:00:00,84.28931,14.818819999999988,247.30135345458984
4928,2020-04-13 01:00:00,84.28941,14.826159999999987,247.22006225585938
4929,2020-04-13 02:00:00,84.28952,14.835190000000011,247.12720489501953
4930,2020-04-13 03:00:00,84.28964,14.84617,247.19418334960938
4931,2020-04-13 04:00:00,84.28982,14.858630000000005,247.41453552246094
4932,2020-04-13 05:00:00,84.29007,14.872180000000014,247.59373474121094
4933,2020-04-13 06:00:00,84.2904,14.886009999999999,247.83924102783203
4934,2020-04-13 07:00:00,84.29087,14.900779999999997,248.0436248779297
4935,2020-04-13 08:00:00,84.29137,14.915279999999996,248.26470184326172
4936,2020-04-13 09:00:00,84.29191,14.928920000000005,248.5169448852539
4937,2020-04-13 10:00:00,84.29243,14.940879999999993,248.79857635498047
4938,2020-04-13 11:00:00,84.29291,14.95241999999999,249.10545349121094
4939,2020-04-13 12:00:00,84.29334,14.961180000000013,249.32022857666016
4940,2020-04-13 13:00:00,84.29383,14.967739999999992,249.4931640625
4941,2020-04-13 14:00:00,84.29441,14.973389999999995,249.62613677978516
4942,2020-04-13 15:00:00,84.29514,14.979060000000004,249.65499877929688
4943,2020-04-13 16:00:00,84.29604,14.984800000000007,249.6561050415039
4944,2020-04-13 17:00:00,84.29713,14.989509999999996,249.55648040771484
4945,2020-04-13 18:00:00,84.2985,14.992349999999988,249.43475341796875
4946,2020-04-13 19:00:00,84.30015,14.993779999999987,249.22832489013672
4947,2020-04-13 20:00:00,84.30203,14.993529999999993,249.0115737915039
4948,2020-04-13 21:00:00,84.30412,14.991649999999993,248.88516235351562
4949,2020-04-13 22:00:00,84.30614,14.987920000000003,248.89256286621094
4950,2020-04-13 23:00:00,84.30817,14.982799999999997,248.94532775878906
4951,2020-04-14 00:00:00,84.31024,14.974310000000003,249.11077117919922
4952,2020-04-14 01:00:00,84.31246,14.963490000000007,249.3128433227539
4953,2020-04-14 02:00:00,84.31487,14.950170000000014,249.61736297607422
4954,2020-04-14 03:00:00,84.31737,14.934879999999993,249.88323211669922
4955,2020-04-14 04:00:00,84.31993,14.917200000000008,250.13616180419922
4956,2020-04-14 05:00:00,84.32252,14.89618999999999,250.32699584960938
4957,2020-04-14 06:00:00,84.3251,14.872000000000014,250.38851928710938
4958,2020-04-14 07:00:00,84.3278,14.846219999999988,250.47528839111328
4959,2020-04-14 08:00:00,84.33042,14.817170000000004,250.70594787597656
4960,2020-04-14 09:00:00,84.33311,14.783889999999985,250.955322265625
4961,2020-04-14 10:00:00,84.33562,14.746399999999994,251.27719116210938
4962,2020-04-14 11:00:00,84.33775,14.700710000000015,251.67788696289062
4963,2020-04-14 12:00:00,84.33944,14.653459999999995,252.1806182861328
4964,2020-04-14 13:00:00,84.3407,14.607640000000004,252.69759368896484
4965,2020-04-14 14:00:00,84.34118,14.56504000000001,253.24893188476562
4966,2020-04-14 15:00:00,84.34092,14.525900000000007,253.81993103027344
4967,2020-04-14 16:00:00,84.34035,14.487979999999993,254.35674285888672
4968,2020-04-14 17:00:00,84.33962,14.451580000000007,254.7337646484375
4969,2020-04-14 18:00:00,84.33875,14.416050000000013,254.7563247680664
4970,2020-04-14 19:00:00,84.3379,14.383070000000004,254.6890640258789
4971,2020-04-14 20:00:00,84.33674,14.351470000000006,254.5494613647461
4972,2020-04-14 21:00:00,84.33576,14.322399999999988,254.30813598632812
4973,2020-04-14 22:00:00,84.33448,14.29455999999999,254.07543182373047
4974,2020-04-14 23:00:00,84.33328,14.268010000000004,253.9197769165039
4975,2020-04-15 00:00:00,84.33202,14.239280000000008,253.9456024169922
4976,2020-04-15 01:00:00,84.33074,14.20845,254.2189178466797
4977,2020-04-15 02:00:00,84.32956,14.176719999999989,254.6412353515625
4978,2020-04-15 03:00:00,84.32863,14.14482000000001,255.0281982421875
4979,2020-04-15 04:00:00,84.32792,14.11339000000001,255.30819702148438
4980,2020-04-15 05:00:00,84.32719,14.087739999999997,255.95520782470703
4981,2020-04-15 06:00:00,84.32681,14.061790000000002,256.9354934692383
4982,2020-04-15 07:00:00,84.32651,14.034449999999993,257.67506408691406
4983,2020-04-15 08:00:00,84.32641,14.006979999999999,258.20560455322266
4984,2020-04-15 09:00:00,84.32648,13.97851,258.64935302734375
4985,2020-04-15 10:00:00,84.32657,13.950479999999999,258.9908981323242
4986,2020-04-15 11:00:00,84.32651,13.920590000000004,259.24476623535156
4987,2020-04-15 12:00:00,84.32643,13.890039999999999,259.38745880126953
4988,2020-04-15 13:00:00,84.3258,13.855790000000013,259.5224151611328
4989,2020-04-15 14:00:00,84.32484,13.81855999999999,259.6295623779297
4990,2020-04-15 15:00:00,84.32353,13.782070000000004,259.78112030029297
4991,2020-04-15 16:00:00,84.32227,13.745980000000003,259.96289825439453
4992,2020-04-15 17:00:00,84.32078,13.709699999999998,259.990966796875
4993,2020-04-15 18:00:00,84.31891,13.67537999999999,259.9262466430664
4994,2020-04-15 19:00:00,84.31699,13.64260999999999,259.9942855834961
4995,2020-04-15 20:00:00,84.31501,13.61103,260.2112731933594
4996,2020-04-15 21:00:00,84.31279,13.57992999999999,260.45655822753906
4997,2020-04-15 22:00:00,84.31049,13.548550000000006,260.6892547607422
4998,2020-04-15 23:00:00,84.30805,13.513659999999987,260.9558334350586
4999,2020-04-16 00:00:00,84.30547,13.473939999999999,261.29715728759766
5000,2020-04-16 01:00:00,84.30327,13.429290000000009,261.81915283203125
5001,2020-04-16 02:00:00,84.30223,13.37906000000001,262.5591506958008
5002,2020-04-16 03:00:00,84.30259,13.327179999999998,263.41615295410156
5003,2020-04-16 04:00:00,84.30342,13.27534,264.3124694824219
5004,2020-04-16 05:00:00,84.30543,13.230529999999987,265.1526641845703
5005,2020-04-16 06:00:00,84.30826,13.19326000000001,265.8598327636719
5006,2020-04-16 07:00:00,84.31166,13.16228000000001,266.48751068115234
5007,2020-04-16 08:00:00,84.31543,13.138260000000002,266.9894561767578
5008,2020-04-16 09:00:00,84.31984,13.120519999999999,267.44889068603516
5009,2020-04-16 10:00:00,84.32486,13.106510000000014,267.80692291259766
5010,2020-04-16 11:00:00,84.33017,13.096779999999995,268.3063507080078
5011,2020-04-16 12:00:00,84.33552,13.091730000000013,268.59534454345703
5012,2020-04-16 13:00:00,84.34059,13.090280000000007,268.85704040527344
5013,2020-04-16 14:00:00,84.34554,13.090429999999998,268.9384536743164
5014,2020-04-16 15:00:00,84.35033,13.090759999999989,268.6874237060547
5015,2020-04-16 16:00:00,84.35511,13.093079999999986,268.55342864990234
5016,2020-04-16 17:00:00,84.36047,13.100059999999985,268.48681640625
5017,2020-04-16 18:00:00,84.36627,13.116919999999993,268.4377975463867
5018,2020-04-16 19:00:00,84.37198,13.140569999999997,268.0179443359375
5019,2020-04-16 20:00:00,84.37801,13.175009999999986,267.3696594238281
5020,2020-04-16 21:00:00,84.38383,13.214049999999986,266.9499053955078
5021,2020-04-16 22:00:00,84.38932,13.25618,266.8144760131836
5022,2020-04-16 23:00:00,84.39459,13.301850000000002,265.96827697753906
5023,2020-04-17 00:00:00,84.39951,13.347399999999993,263.8577423095703
5024,2020-04-17 01:00:00,84.40396,13.395849999999996,261.57171630859375
5025,2020-04-17 02:00:00,84.40733,13.452110000000005,260.1293029785156
5026,2020-04-17 03:00:00,84.40997,13.507479999999987,259.29224395751953
5027,2020-04-17 04:00:00,84.41151,13.555309999999992,258.7953872680664
5028,2020-04-17 05:00:00,84.41219,13.594150000000013,258.49767303466797
5029,2020-04-17 06:00:00,84.41228,13.627190000000013,258.41407012939453
5030,2020-04-17 07:00:00,84.41197,13.651620000000008,258.5834274291992
5031,2020-04-17 08:00:00,84.41185,13.66812999999999,258.7832946777344
5032,2020-04-17 09:00:00,84.41229,13.678089999999997,258.9574661254883
5033,2020-04-17 10:00:00,84.41338,13.682799999999986,259.13807678222656
5034,2020-04-17 11:00:00,84.41501,13.68574000000001,259.3238296508789
5035,2020-04-17 12:00:00,84.41686,13.69031000000001,259.48741912841797
5036,2020-04-17 13:00:00,84.4194,13.706189999999992,259.57684326171875
5037,2020-04-17 14:00:00,84.42198,13.726339999999993,259.58038330078125
5038,2020-04-17 15:00:00,84.4243,13.743009999999998,259.5015411376953
5039,2020-04-17 16:00:00,84.42593,13.752530000000007,259.3345260620117
5040,2020-04-17 17:00:00,84.42683,13.755279999999999,259.09478759765625
5041,2020-04-17 18:00:00,84.42737,13.758980000000008,258.8323440551758
5042,2020-04-17 19:00:00,84.42804,13.761560000000003,258.5493392944336
5043,2020-04-17 20:00:00,84.42875,13.764070000000004,258.3343505859375
5044,2020-04-17 21:00:00,84.4296,13.765690000000006,258.3164978027344
5045,2020-04-17 22:00:00,84.43072,13.765899999999988,258.3578567504883
5046,2020-04-17 23:00:00,84.43228,13.767830000000004,258.6349182128906
5047,2020-04-18 00:00:00,84.43428,13.76957999999999,259.24312591552734
5048,2020-04-18 01:00:00,84.4366,13.772690000000011,259.8906936645508
5049,2020-04-18 02:00:00,84.43903,13.777359999999987,260.5967025756836
5050,2020-04-18 03:00:00,84.44151,13.783320000000003,261.1528778076172
5051,2020-04-18 04:00:00,84.44403,13.790320000000008,261.5531005859375
5052,2020-04-18 05:00:00,84.44655,13.79822999999999,261.7396697998047
5053,2020-04-18 06:00:00,84.44908,13.80653000000001,261.90714263916016
5054,2020-04-18 07:00:00,84.4516,13.81393,262.06749725341797
5055,2020-04-18 08:00:00,84.45435,13.819819999999993,262.36666107177734
5056,2020-04-18 09:00:00,84.45789,13.825490000000002,262.7646026611328
5057,2020-04-18 10:00:00,84.46245,13.832889999999992,263.15061950683594
5058,2020-04-18 11:00:00,84.46781,13.843079999999986,263.77257537841797
5059,2020-04-18 12:00:00,84.4739,13.858779999999996,264.02066802978516
5060,2020-04-18 13:00:00,84.48021,13.880470000000003,264.3864059448242
5061,2020-04-18 14:00:00,84.48636,13.908179999999987,265.06737518310547
5062,2020-04-18 15:00:00,84.49181,13.944799999999987,265.5048828125
5063,2020-04-18 16:00:00,84.49686,13.984070000000003,265.6376647949219
5064,2020-04-18 17:00:00,84.5016,14.024180000000001,265.4471664428711
5065,2020-04-18 18:00:00,84.5055,14.060290000000009,264.9607238769531
5066,2020-04-18 19:00:00,84.50957,14.096699999999998,264.4264678955078
5067,2020-04-18 20:00:00,84.51435,14.135590000000008,264.0767059326172
5068,2020-04-18 21:00:00,84.51953,14.178059999999988,264.0755157470703
5069,2020-04-18 22:00:00,84.52488,14.218610000000012,264.6210708618164
5070,2020-04-18 23:00:00,84.53139,14.264430000000004,264.9890823364258
5071,2020-04-19 00:00:00,84.53792,14.315460000000002,264.9409637451172
5072,2020-04-19 01:00:00,84.54384,14.36936,264.82948303222656
5073,2020-04-19 02:00:00,84.54917,14.423169999999999,264.79004669189453
5074,2020-04-19 03:00:00,84.55381,14.471309999999988,264.9803771972656
5075,2020-04-19 04:00:00,84.55804,14.51155,265.54744720458984
5076,2020-04-19 05:00:00,84.56206,14.545970000000011,266.34004974365234
5077,2020-04-19 06:00:00,84.56599,14.574240000000003,267.1608581542969
5078,2020-04-19 07:00:00,84.56995,14.599850000000004,267.90967559814453
5079,2020-04-19 08:00:00,84.5738,14.626090000000005,268.4927215576172
5080,2020-04-19 09:00:00,84.5781,14.652749999999997,268.9151077270508
5081,2020-04-19 10:00:00,84.58238,14.67922999999999,269.34500885009766
5082,2020-04-19 11:00:00,84.5864,14.703570000000013,269.65601348876953
5083,2020-04-19 12:00:00,84.59001,14.727890000000002,269.94500732421875
5084,2020-04-19 13:00:00,84.59326,14.749539999999996,270.22655487060547
5085,2020-04-19 14:00:00,84.59613,14.765109999999993,270.32141876220703
5086,2020-04-19 15:00:00,84.59864,14.7757,270.26441192626953
5087,2020-04-19 16:00:00,84.60072,14.779079999999993,270.1174850463867
5088,2020-04-19 17:00:00,84.60238,14.775180000000006,269.95621490478516
5089,2020-04-19 18:00:00,84.60393,14.766700000000014,269.6032943725586
5090,2020-04-19 19:00:00,84.60518,14.755179999999996,269.12096405029297
5091,2020-04-19 20:00:00,84.60604,14.742629999999991,268.60762786865234
5092,2020-04-19 21:00:00,84.60654,14.732290000000006,268.15773010253906
5093,2020-04-19 22:00:00,84.60663,14.724250000000012,267.6766815185547
5094,2020-04-19 23:00:00,84.60614,14.71835999999999,267.2753677368164
5095,2020-04-20 00:00:00,84.60492,14.715139999999991,267.1669387817383
5096,2020-04-20 01:00:00,84.60302,14.711379999999991,266.9008483886719
5097,2020-04-20 02:00:00,84.6006,14.703100000000006,266.6984405517578
5098,2020-04-20 03:00:00,84.59748,14.693309999999997,266.5533981323242
5099,2020-04-20 04:00:00,84.5939,14.682379999999995,266.4628677368164
5100,2020-04-20 05:00:00,84.58943,14.669900000000013,266.41807556152344
5101,2020-04-20 06:00:00,84.58353,14.656620000000004,266.3899841308594
5102,2020-04-20 07:00:00,84.57707,14.641770000000008,266.3419418334961
5103,2020-04-20 08:00:00,84.57038,14.624979999999994,266.28126525878906
5104,2020-04-20 09:00:00,84.56306,14.608749999999986,266.1872024536133
5105,2020-04-20 10:00:00,84.55489,14.593529999999987,266.02429962158203
5106,2020-04-20 11:00:00,84.54586,14.582660000000004,265.79058837890625
5107,2020-04-20 12:00:00,84.53649,14.578409999999991,265.4917907714844
5108,2020-04-20 13:00:00,84.52689,14.577269999999999,265.18526458740234
5109,2020-04-20 14:00:00,84.51688,14.578599999999994,264.7213134765625
5110,2020-04-20 15:00:00,84.5066,14.58456000000001,264.0889434814453
5111,2020-04-20 16:00:00,84.4959,14.595709999999997,263.3583221435547
5112,2020-04-20 17:00:00,84.48489,14.610389999999995,262.5610580444336
5113,2020-04-20 18:00:00,84.47371,14.627980000000008,261.9240264892578
5114,2020-04-20 19:00:00,84.46257,14.648300000000006,261.420654296875
5115,2020-04-20 20:00:00,84.4515,14.67116999999999,260.98668670654297
5116,2020-04-20 21:00:00,84.44076,14.696879999999993,260.6313705444336
5117,2020-04-20 22:00:00,84.43041,14.726079999999996,260.3963088989258
5118,2020-04-20 23:00:00,84.42053,14.763290000000012,260.21935272216797
5119,2020-04-21 00:00:00,84.41065,14.80286000000001,260.0806427001953
5120,2020-04-21 01:00:00,84.4008,14.843320000000006,259.98345947265625
5121,2020-04-21 02:00:00,84.39128,14.885310000000004,259.9381408691406
5122,2020-04-21 03:00:00,84.38198,14.932099999999991,259.8733215332031
5123,2020-04-21 04:00:00,84.37235,14.977599999999995,259.8245086669922
5124,2020-04-21 05:00:00,84.36227,15.017979999999994,259.7901916503906
5125,2020-04-21 06:00:00,84.35192,15.052930000000003,259.78617095947266
5126,2020-04-21 07:00:00,84.34181,15.084159999999997,259.7795944213867
5127,2020-04-21 08:00:00,84.33179,15.113689999999991,259.7966079711914
5128,2020-04-21 09:00:00,84.32162,15.142840000000007,259.9038772583008
5129,2020-04-21 10:00:00,84.3114,15.172850000000011,260.0738067626953
5130,2020-04-21 11:00:00,84.30137,15.204489999999993,260.2642593383789
5131,2020-04-21 12:00:00,84.29164,15.239309999999989,260.2888946533203
5132,2020-04-21 13:00:00,84.28178,15.276759999999996,260.2207717895508
5133,2020-04-21 14:00:00,84.27205,15.316309999999987,260.2021713256836
5134,2020-04-21 15:00:00,84.2626,15.357139999999987,260.29713439941406
5135,2020-04-21 16:00:00,84.25344,15.398470000000003,260.4874801635742
5136,2020-04-21 17:00:00,84.24472,15.44171,260.5347213745117
5137,2020-04-21 18:00:00,84.23562,15.481429999999989,260.4538879394531
5138,2020-04-21 19:00:00,84.22656,15.51388,260.2551956176758
5139,2020-04-21 20:00:00,84.21776,15.537829999999985,259.98472595214844
5140,2020-04-21 21:00:00,84.20915,15.559419999999989,259.7129135131836
5141,2020-04-21 22:00:00,84.20086,15.582729999999998,259.5572509765625
5142,2020-04-21 23:00:00,84.19337,15.60936000000001,259.3960952758789
5143,2020-04-22 00:00:00,84.18652,15.641359999999992,259.5828399658203
5144,2020-04-22 01:00:00,84.18032,15.67761999999999,259.36959075927734
5145,2020-04-22 02:00:00,84.17456,15.71701999999999,259.3305206298828
5146,2020-04-22 03:00:00,84.16867,15.755259999999993,259.24646759033203
5147,2020-04-22 04:00:00,84.16271,15.789170000000013,259.1116638183594
5148,2020-04-22 05:00:00,84.15667,15.819189999999992,259.020263671875
5149,2020-04-22 06:00:00,84.15071,15.846489999999989,258.9554901123047
5150,2020-04-22 07:00:00,84.14461,15.868369999999999,258.92869567871094
5151,2020-04-22 08:00:00,84.13872,15.885930000000002,258.94537353515625
5152,2020-04-22 09:00:00,84.13351,15.898320000000012,258.97583770751953
5153,2020-04-22 10:00:00,84.12861,15.909840000000003,258.9875946044922
5154,2020-04-22 11:00:00,84.12404,15.923010000000005,258.98484802246094
5155,2020-04-22 12:00:00,84.11992,15.940300000000008,258.9701232910156
5156,2020-04-22 13:00:00,84.1161,15.961970000000008,258.9138717651367
5157,2020-04-22 14:00:00,84.1125,15.983560000000011,258.8578338623047
5158,2020-04-22 15:00:00,84.10901,16.003719999999987,258.78614807128906
5159,2020-04-22 16:00:00,84.10549,16.019299999999987,258.69921875
5160,2020-04-22 17:00:00,84.10205,16.031419999999997,258.5740509033203
5161,2020-04-22 18:00:00,84.09912,16.037299999999988,258.4228820800781
5162,2020-04-22 19:00:00,84.09671,16.038630000000012,258.2593078613281
5163,2020-04-22 20:00:00,84.09433,16.037779999999998,258.08422088623047
5164,2020-04-22 21:00:00,84.09221,16.034850000000006,257.89585876464844
5165,2020-04-22 22:00:00,84.09039,16.031180000000006,257.72274017333984
5166,2020-04-22 23:00:00,84.08883,16.02937,257.57379150390625
5167,2020-04-23 00:00:00,84.08746,16.029719999999998,257.4601516723633
5168,2020-04-23 01:00:00,84.08621,16.033889999999985,257.3876724243164
5169,2020-04-23 02:00:00,84.08508,16.04041000000001,257.3598861694336
5170,2020-04-23 03:00:00,84.08382,16.047950000000014,257.36473846435547
5171,2020-04-23 04:00:00,84.08252,16.055560000000014,257.4081115722656
5172,2020-04-23 05:00:00,84.0811,16.06143,257.4930725097656
5173,2020-04-23 06:00:00,84.07956,16.06366,257.6003112792969
5174,2020-04-23 07:00:00,84.07817,16.061970000000002,257.7332229614258
5175,2020-04-23 08:00:00,84.07697,16.056579999999997,257.88004302978516
5176,2020-04-23 09:00:00,84.07571,16.047770000000014,258.03053283691406
5177,2020-04-23 10:00:00,84.07446,16.03909999999999,258.17801666259766
5178,2020-04-23 11:00:00,84.07334,16.03289000000001,258.30667877197266
5179,2020-04-23 12:00:00,84.07238,16.029470000000003,258.4123840332031
5180,2020-04-23 13:00:00,84.0715,16.027950000000004,258.4901809692383
5181,2020-04-23 14:00:00,84.07096,16.030069999999995,258.5247268676758
5182,2020-04-23 15:00:00,84.07055,16.033449999999988,258.5096206665039
5183,2020-04-23 16:00:00,84.07021,16.03564,258.4488754272461
5184,2020-04-23 17:00:00,84.06973,16.036450000000002,258.34883880615234
5185,2020-04-23 18:00:00,84.06897,16.03451000000001,258.21144104003906
5186,2020-04-23 19:00:00,84.06803,16.029120000000006,258.04959869384766
5187,2020-04-23 20:00:00,84.06704,16.019949999999994,257.861083984375
5188,2020-04-23 21:00:00,84.06604,16.008640000000014,257.6665573120117
5189,2020-04-23 22:00:00,84.06504,15.99763999999999,257.4786148071289
5190,2020-04-23 23:00:00,84.06414,15.987729999999999,257.30252838134766
5191,2020-04-24 00:00:00,84.0634,15.981040000000007,257.1534652709961
5192,2020-04-24 01:00:00,84.06292,15.978090000000009,257.0368423461914
5193,2020-04-24 02:00:00,84.0627,15.978340000000003,256.9467086791992
5194,2020-04-24 03:00:00,84.06268,15.981099999999998,256.84656524658203
5195,2020-04-24 04:00:00,84.06272,15.983720000000005,256.7846984863281
5196,2020-04-24 05:00:00,84.06263,15.985700000000008,256.79481506347656
5197,2020-04-24 06:00:00,84.06223,15.983010000000007,256.86888122558594
5198,2020-04-24 07:00:00,84.06122,15.974739999999997,256.93653869628906
5199,2020-04-24 08:00:00,84.05988,15.961510000000004,257.003173828125
5200,2020-04-24 09:00:00,84.05845,15.945300000000003,257.0884552001953
5201,2020-04-24 10:00:00,84.05669,15.927359999999993,257.245361328125
5202,2020-04-24 11:00:00,84.0549,15.910830000000004,257.41149139404297
5203,2020-04-24 12:00:00,84.05303,15.897429999999986,257.4664764404297
5204,2020-04-24 13:00:00,84.05116,15.885559999999998,257.50171661376953
5205,2020-04-24 14:00:00,84.04944,15.876640000000009,257.4961242675781
5206,2020-04-24 15:00:00,84.04799,15.869949999999989,257.46412658691406
5207,2020-04-24 16:00:00,84.04672,15.862169999999992,257.47996520996094
5208,2020-04-24 17:00:00,84.04552,15.85551000000001,257.4357147216797
5209,2020-04-24 18:00:00,84.04399,15.845699999999994,257.3286895751953
5210,2020-04-24 19:00:00,84.04214,15.83232000000001,257.22046661376953
5211,2020-04-24 20:00:00,84.04049,15.816190000000006,257.14403533935547
5212,2020-04-24 21:00:00,84.03878,15.797329999999988,257.1002502441406
5213,2020-04-24 22:00:00,84.037,15.776790000000005,257.0196228027344
5214,2020-04-24 23:00:00,84.03516,15.756969999999995,256.9489517211914
5215,2020-04-25 00:00:00,84.03334,15.737899999999996,256.87129974365234
5216,2020-04-25 01:00:00,84.03163,15.719369999999998,256.7998580932617
5217,2020-04-25 02:00:00,84.03007,15.703010000000006,256.77601623535156
5218,2020-04-25 03:00:00,84.0286,15.689629999999994,256.77490997314453
5219,2020-04-25 04:00:00,84.02691,15.679419999999993,256.84556579589844
5220,2020-04-25 05:00:00,84.025,15.671179999999993,256.8849868774414
5221,2020-04-25 06:00:00,84.0228,15.662329999999997,256.8927230834961
5222,2020-04-25 07:00:00,84.02011,15.65245999999999,256.97486877441406
5223,2020-04-25 08:00:00,84.01683,15.641099999999994,257.12945556640625
5224,2020-04-25 09:00:00,84.013,15.62818999999999,257.27527618408203
5225,2020-04-25 10:00:00,84.00885,15.614480000000015,257.39681243896484
5226,2020-04-25 11:00:00,84.00454,15.599529999999987,257.46983337402344
5227,2020-04-25 12:00:00,84.00022,15.589079999999996,257.5135192871094
5228,2020-04-25 13:00:00,83.99592,15.581330000000008,257.48590087890625
5229,2020-04-25 14:00:00,83.99166,15.575739999999996,257.4652099609375
5230,2020-04-25 15:00:00,83.98767,15.573229999999995,257.48802185058594
5231,2020-04-25 16:00:00,83.98387,15.571560000000005,257.4498825073242
5232,2020-04-25 17:00:00,83.98022,15.569709999999986,257.384521484375
5233,2020-04-25 18:00:00,83.97676,15.56608,257.36741638183594
5234,2020-04-25 19:00:00,83.97344,15.560840000000013,257.3869934082031
5235,2020-04-25 20:00:00,83.97001,15.554030000000012,257.46817779541016
5236,2020-04-25 21:00:00,83.96648,15.54441,257.5509567260742
5237,2020-04-25 22:00:00,83.96288,15.533469999999994,257.46641540527344
5238,2020-04-25 23:00:00,83.95945,15.52185,257.31702423095703
5239,2020-04-26 00:00:00,83.95628,15.512139999999988,257.392333984375
5240,2020-04-26 01:00:00,83.9535,15.506499999999988,257.7279815673828
5241,2020-04-26 02:00:00,83.95094,15.503269999999986,258.0461883544922
5242,2020-04-26 03:00:00,83.94863,15.50582,258.31563568115234
5243,2020-04-26 04:00:00,83.94634,15.509039999999999,258.4603042602539
5244,2020-04-26 05:00:00,83.94403,15.513229999999993,258.5106201171875
5245,2020-04-26 06:00:00,83.94149,15.515449999999987,258.53165435791016
5246,2020-04-26 07:00:00,83.93946,15.518489999999986,258.5614929199219
5247,2020-04-26 08:00:00,83.93691,15.518759999999986,258.4500198364258
5248,2020-04-26 09:00:00,83.93437,15.51758000000001,258.51609802246094
5249,2020-04-26 10:00:00,83.93159,15.51500999999999,258.6445541381836
5250,2020-04-26 11:00:00,83.92876,15.51128,258.76233673095703
5251,2020-04-26 12:00:00,83.92605,15.50797,258.8464813232422
5252,2020-04-26 13:00:00,83.9236,15.506319999999988,258.90904998779297
5253,2020-04-26 14:00:00,83.92156,15.507090000000005,258.94181060791016
5254,2020-04-26 15:00:00,83.91992,15.510220000000004,258.9387512207031
5255,2020-04-26 16:00:00,83.91865,15.514790000000005,258.87998962402344
5256,2020-04-26 17:00:00,83.91776,15.520190000000014,258.7879943847656
5257,2020-04-26 18:00:00,83.91704,15.525290000000012,258.65069580078125
5258,2020-04-26 19:00:00,83.91643,15.529599999999988,258.48099517822266
5259,2020-04-26 20:00:00,83.91588,15.533350000000013,258.28407287597656
5260,2020-04-26 21:00:00,83.91525,15.535680000000013,258.093017578125
5261,2020-04-26 22:00:00,83.91453,15.536830000000009,257.9603576660156
5262,2020-04-26 23:00:00,83.91395,15.53737000000001,257.9133529663086
5263,2020-04-27 00:00:00,83.91362,15.539590000000004,257.9192886352539
5264,2020-04-27 01:00:00,83.91341,15.542190000000005,257.90181732177734
5265,2020-04-27 02:00:00,83.91345,15.547920000000005,257.81800079345703
5266,2020-04-27 03:00:00,83.91437,15.561270000000007,257.82410430908203
5267,2020-04-27 04:00:00,83.91595,15.575040000000001,257.9700012207031
5268,2020-04-27 05:00:00,83.91788,15.589699999999993,258.24420166015625
5269,2020-04-27 06:00:00,83.9198,15.604089999999985,258.5102310180664
5270,2020-04-27 07:00:00,83.92206,15.617829999999998,258.7482452392578
5271,2020-04-27 08:00:00,83.92431,15.628209999999996,259.009765625
5272,2020-04-27 09:00:00,83.92653,15.633610000000004,259.28136444091797
5273,2020-04-27 10:00:00,83.92868,15.63422,259.5456085205078
5274,2020-04-27 11:00:00,83.93093,15.632059999999996,259.7749786376953
5275,2020-04-27 12:00:00,83.93358,15.634350000000012,259.9705505371094
5276,2020-04-27 13:00:00,83.93647,15.64309,260.09842681884766
5277,2020-04-27 14:00:00,83.94007,15.655429999999996,260.13157653808594
5278,2020-04-27 15:00:00,83.94407,15.671840000000003,260.1017074584961
5279,2020-04-27 16:00:00,83.94837,15.695969999999988,260.0486373901367
5280,2020-04-27 17:00:00,83.95271,15.720799999999997,259.9629211425781
5281,2020-04-27 18:00:00,83.95689,15.744100000000003,259.9419631958008
5282,2020-04-27 19:00:00,83.96097,15.765989999999988,260.1294631958008
5283,2020-04-27 20:00:00,83.9658,15.792149999999992,260.26439666748047
5284,2020-04-27 21:00:00,83.97072,15.820570000000004,260.02117919921875
5285,2020-04-27 22:00:00,83.97554,15.854700000000008,259.98448181152344
5286,2020-04-27 23:00:00,83.98032,15.889119999999991,260.27296447753906
5287,2020-04-28 00:00:00,83.98524,15.926860000000005,260.6541519165039
5288,2020-04-28 01:00:00,83.99021,15.96878000000001,261.0402145385742
5289,2020-04-28 02:00:00,83.99531,16.01391000000001,261.7581558227539
5290,2020-04-28 03:00:00,84.00044,16.062399999999997,262.125
5291,2020-04-28 04:00:00,84.00517,16.11339000000001,262.3178405761719
5292,2020-04-28 05:00:00,84.00969,16.165750000000003,262.7752685546875
5293,2020-04-28 06:00:00,84.01414,16.216939999999994,263.6738510131836
5294,2020-04-28 07:00:00,84.0185,16.268489999999986,264.42029571533203
5295,2020-04-28 08:00:00,84.02283,16.31808000000001,264.83333587646484
5296,2020-04-28 09:00:00,84.02697,16.366060000000004,265.03077697753906
5297,2020-04-28 10:00:00,84.0305,16.416390000000007,265.1861114501953
5298,2020-04-28 11:00:00,84.03369,16.464380000000006,265.1663513183594
5299,2020-04-28 12:00:00,84.03635,16.511860000000013,264.9879684448242
5300,2020-04-28 13:00:00,84.03835,16.562180000000012,264.8711166381836
5301,2020-04-28 14:00:00,84.03999,16.61251999999999,264.8580627441406
5302,2020-04-28 15:00:00,84.04111,16.662589999999994,264.9886703491211
5303,2020-04-28 16:00:00,84.04182,16.713750000000005,265.20140838623047
5304,2020-04-28 17:00:00,84.04211,16.76635999999999,265.3722381591797
5305,2020-04-28 18:00:00,84.04187,16.81953999999999,265.5055618286133
5306,2020-04-28 19:00:00,84.04133,16.870119999999986,265.4935302734375
5307,2020-04-28 20:00:00,84.04063,16.915989999999994,265.2530517578125
5308,2020-04-28 21:00:00,84.03962,16.956189999999992,264.8965377807617
5309,2020-04-28 22:00:00,84.03839,16.98939999999999,264.63829803466797
5310,2020-04-28 23:00:00,84.03704,17.015860000000004,264.55684661865234
5311,2020-04-29 00:00:00,84.03566,17.038340000000005,264.54520416259766
5312,2020-04-29 01:00:00,84.03448,17.06065000000001,264.6012191772461
5313,2020-04-29 02:00:00,84.03329,17.084299999999985,264.69930267333984
5314,2020-04-29 03:00:00,84.03195,17.10508999999999,264.8089828491211
5315,2020-04-29 04:00:00,84.03068,17.127469999999988,264.91603088378906
5316,2020-04-29 05:00:00,84.02943,17.15548000000001,264.94189453125
5317,2020-04-29 06:00:00,84.02797,17.18356,264.77149963378906
5318,2020-04-29 07:00:00,84.02618,17.207850000000008,264.42076873779297
5319,2020-04-29 08:00:00,84.0238,17.227810000000005,263.9793167114258
5320,2020-04-29 09:00:00,84.02092,17.239660000000015,263.47657775878906
5321,2020-04-29 10:00:00,84.01743,17.24432999999999,262.9022979736328
5322,2020-04-29 11:00:00,84.01342,17.243210000000005,262.46849060058594
5323,2020-04-29 12:00:00,84.00871,17.241060000000004,262.3851623535156
5324,2020-04-29 13:00:00,84.00355,17.234910000000013,262.33164978027344
5325,2020-04-29 14:00:00,83.99842,17.22407000000001,262.13516998291016
5326,2020-04-29 15:00:00,83.9934,17.214409999999987,261.9217529296875
5327,2020-04-29 16:00:00,83.98906,17.207870000000014,261.7163772583008
5328,2020-04-29 17:00:00,83.98499,17.209519999999998,261.47898864746094
5329,2020-04-29 18:00:00,83.98083,17.221149999999994,261.32750701904297
5330,2020-04-29 19:00:00,83.97663,17.236009999999993,261.1841735839844
5331,2020-04-29 20:00:00,83.9726,17.24942999999999,261.1984558105469
5332,2020-04-29 21:00:00,83.96906,17.261200000000002,261.43247985839844
5333,2020-04-29 22:00:00,83.96578,17.27458999999999,261.38529205322266
5334,2020-04-29 23:00:00,83.96233,17.287720000000007,261.00819396972656
5335,2020-04-30 00:00:00,83.95894,17.298689999999993,260.6281967163086
5336,2020-04-30 01:00:00,83.9558,17.308750000000003,260.41060638427734
5337,2020-04-30 02:00:00,83.95284,17.319590000000005,260.3072738647461
5338,2020-04-30 03:00:00,83.95014,17.329710000000006,260.3671340942383
5339,2020-04-30 04:00:00,83.94775,17.342700000000008,260.5375442504883
5340,2020-04-30 05:00:00,83.94577,17.35781,260.7058410644531
5341,2020-04-30 06:00:00,83.94403,17.375319999999988,260.84710693359375
5342,2020-04-30 07:00:00,83.94221,17.395970000000005,260.9767608642578
5343,2020-04-30 08:00:00,83.94042,17.41637,261.1490783691406
5344,2020-04-30 09:00:00,83.93859,17.436890000000005,261.30126953125
5345,2020-04-30 10:00:00,83.93672,17.456829999999997,261.47049713134766
5346,2020-04-30 11:00:00,83.93477,17.474860000000007,261.6403121948242
5347,2020-04-30 12:00:00,83.93272,17.49072000000001,261.7509765625
5348,2020-04-30 13:00:00,83.93071,17.502909999999986,261.8143539428711
5349,2020-04-30 14:00:00,83.92873,17.512040000000013,261.8572998046875
5350,2020-04-30 15:00:00,83.92683,17.520550000000014,261.91343688964844
5351,2020-04-30 16:00:00,83.92509,17.53092000000001,262.11851501464844
5352,2020-04-30 17:00:00,83.92362,17.543270000000007,262.2501220703125
5353,2020-04-30 18:00:00,83.92232,17.557299999999998,262.14684295654297
5354,2020-04-30 19:00:00,83.92123,17.574430000000007,261.7847366333008
5355,2020-04-30 20:00:00,83.92011,17.590210000000013,261.4385986328125
5356,2020-04-30 21:00:00,83.91901,17.603280000000012,261.15118408203125
5357,2020-04-30 22:00:00,83.918,17.613740000000007,260.8525848388672
5358,2020-04-30 23:00:00,83.91708,17.62174999999999,260.5170669555664
5359,2020-05-01 00:00:00,83.91639,17.627819999999986,260.2417984008789
5360,2020-05-01 01:00:00,83.91581,17.632530000000003,260.0482635498047
5361,2020-05-01 02:00:00,83.91542,17.637040000000013,259.93739318847656
5362,2020-05-01 03:00:00,83.9152,17.641909999999996,259.9153137207031
5363,2020-05-01 04:00:00,83.91528,17.64783,259.95655822753906
5364,2020-05-01 05:00:00,83.91545,17.65491,260.02362060546875
5365,2020-05-01 06:00:00,83.91583,17.663129999999995,260.12520599365234
5366,2020-05-01 07:00:00,83.9165,17.672059999999988,260.30582427978516
5367,2020-05-01 08:00:00,83.91731,17.681899999999985,260.63094329833984
5368,2020-05-01 09:00:00,83.91804,17.68880999999999,260.9699935913086
5369,2020-05-01 10:00:00,83.9188,17.69229999999999,261.205078125
5370,2020-05-01 11:00:00,83.91954,17.69081,261.3324508666992
5371,2020-05-01 12:00:00,83.9201,17.682600000000008,261.34432220458984
5372,2020-05-01 13:00:00,83.92087,17.67007000000001,261.3246612548828
5373,2020-05-01 14:00:00,83.92146,17.654240000000016,261.2668762207031
5374,2020-05-01 15:00:00,83.92212,17.63673,261.2546920776367
5375,2020-05-01 16:00:00,83.92257,17.624040000000008,261.1932067871094
5376,2020-05-01 17:00:00,83.92269,17.61703,261.1032257080078
5377,2020-05-01 18:00:00,83.92234,17.614229999999992,260.9701843261719
5378,2020-05-01 19:00:00,83.92156,17.613529999999997,260.8025894165039
5379,2020-05-01 20:00:00,83.92053,17.61151000000001,260.64256286621094
5380,2020-05-01 21:00:00,83.91942,17.607380000000006,260.5274124145508
5381,2020-05-01 22:00:00,83.91858,17.602779999999996,260.46981048583984
5382,2020-05-01 23:00:00,83.91786,17.59620000000001,260.4691390991211
5383,2020-05-02 00:00:00,83.9173,17.587819999999994,260.49916076660156
5384,2020-05-02 01:00:00,83.91677,17.57876999999999,260.5378189086914
5385,2020-05-02 02:00:00,83.91642,17.57095000000001,260.5701599121094
5386,2020-05-02 03:00:00,83.91587,17.56396000000001,260.61997985839844
5387,2020-05-02 04:00:00,83.91487,17.558279999999996,260.6863250732422
5388,2020-05-02 05:00:00,83.91358,17.55583999999999,260.74803924560547
5389,2020-05-02 06:00:00,83.91212,17.556309999999996,260.8043975830078
5390,2020-05-02 07:00:00,83.91057,17.558750000000003,260.8762512207031
5391,2020-05-02 08:00:00,83.90896,17.561980000000005,261.0403747558594
5392,2020-05-02 09:00:00,83.90733,17.56501,261.27136993408203
5393,2020-05-02 10:00:00,83.90573,17.567350000000005,261.45387268066406
5394,2020-05-02 11:00:00,83.9042,17.56877,261.3317642211914
5395,2020-05-02 12:00:00,83.90273,17.569709999999986,260.8539810180664
5396,2020-05-02 13:00:00,83.90124,17.570179999999993,260.20726776123047
5397,2020-05-02 14:00:00,83.89989,17.569790000000012,259.6967468261719
5398,2020-05-02 15:00:00,83.89847,17.57204999999999,259.44947814941406
5399,2020-05-02 16:00:00,83.89711,17.57566,259.3944549560547
5400,2020-05-02 17:00:00,83.89558,17.57999000000001,259.40882110595703
5401,2020-05-02 18:00:00,83.89405,17.586060000000003,259.4006652832031
5402,2020-05-02 19:00:00,83.89236,17.597370000000012,259.36151123046875
5403,2020-05-02 20:00:00,83.89058,17.611379999999997,259.3489761352539
5404,2020-05-02 21:00:00,83.88907,17.625249999999994,259.36487579345703
5405,2020-05-02 22:00:00,83.8878,17.64009999999999,259.4066848754883
5406,2020-05-02 23:00:00,83.88686,17.655910000000006,259.48663330078125
5407,2020-05-03 00:00:00,83.88631,17.67201,259.4779586791992
5408,2020-05-03 01:00:00,83.88591,17.68893,259.3373489379883
5409,2020-05-03 02:00:00,83.88559,17.705070000000006,259.1613464355469
5410,2020-05-03 03:00:00,83.88458,17.716880000000003,259.06443786621094
5411,2020-05-03 04:00:00,83.88383,17.73053999999999,259.035888671875
5412,2020-05-03 05:00:00,83.88396,17.74817999999999,259.02935791015625
5413,2020-05-03 06:00:00,83.88402,17.767390000000006,259.109375
5414,2020-05-03 07:00:00,83.88396,17.78909999999999,259.1852798461914
5415,2020-05-03 08:00:00,83.88381,17.81264999999999,259.33370208740234
5416,2020-05-03 09:00:00,83.8838,17.84011000000001,259.3530807495117
5417,2020-05-03 10:00:00,83.88403,17.871880000000004,259.55548095703125
5418,2020-05-03 11:00:00,83.88457,17.906319999999994,259.8210983276367
5419,2020-05-03 12:00:00,83.88526,17.942139999999995,260.03255462646484
5420,2020-05-03 13:00:00,83.88585,17.976789999999994,260.19407653808594
5421,2020-05-03 14:00:00,83.88628,18.00899000000001,260.40218353271484
5422,2020-05-03 15:00:00,83.88668,18.037149999999997,260.6442108154297
5423,2020-05-03 16:00:00,83.88705,18.062549999999987,260.76708984375
5424,2020-05-03 17:00:00,83.88725,18.084550000000007,260.76761627197266
5425,2020-05-03 18:00:00,83.88734,18.10479000000001,260.64208984375
5426,2020-05-03 19:00:00,83.88727,18.123879999999986,260.4964599609375
5427,2020-05-03 20:00:00,83.88719,18.142959999999988,260.3524932861328
5428,2020-05-03 21:00:00,83.88716,18.162890000000004,260.24837493896484
5429,2020-05-03 22:00:00,83.88723,18.183789999999988,260.1603012084961
5430,2020-05-03 23:00:00,83.88745,18.20474999999999,260.087646484375
5431,2020-05-04 00:00:00,83.88782,18.22484,260.01513671875
5432,2020-05-04 01:00:00,83.8884,18.243330000000014,259.9781494140625
5433,2020-05-04 02:00:00,83.88928,18.260099999999994,259.97505950927734
5434,2020-05-04 03:00:00,83.89047,18.27501000000001,260.03651428222656
5435,2020-05-04 04:00:00,83.89179,18.28698,260.2091598510742
5436,2020-05-04 05:00:00,83.8932,18.296879999999987,260.4864959716797
5437,2020-05-04 06:00:00,83.89466,18.30476999999999,260.6628189086914
5438,2020-05-04 07:00:00,83.89623,18.31183999999999,260.79654693603516
5439,2020-05-04 08:00:00,83.89792,18.318240000000003,260.86045837402344
5440,2020-05-04 09:00:00,83.8998,18.32517999999999,260.85877990722656
5441,2020-05-04 10:00:00,83.90191,18.33287999999999,260.8055114746094
5442,2020-05-04 11:00:00,83.90411,18.340689999999995,260.7872619628906
5443,2020-05-04 12:00:00,83.90635,18.34783999999999,260.9591293334961
5444,2020-05-04 13:00:00,83.90857,18.35315,261.1756057739258
5445,2020-05-04 14:00:00,83.91061,18.35408000000001,261.29359436035156
5446,2020-05-04 15:00:00,83.91269,18.351049999999987,261.3939743041992
5447,2020-05-04 16:00:00,83.91456,18.345100000000002,261.55751037597656
5448,2020-05-04 17:00:00,83.91619,18.336690000000004,261.7493133544922
5449,2020-05-04 18:00:00,83.9177,18.326210000000003,262.06971740722656
5450,2020-05-04 19:00:00,83.91876,18.315179999999998,262.09400939941406
5451,2020-05-04 20:00:00,83.9195,18.30539999999999,261.90321350097656
5452,2020-05-04 21:00:00,83.92018,18.297239999999988,261.57330322265625
5453,2020-05-04 22:00:00,83.92055,18.29307,261.30289459228516
5454,2020-05-04 23:00:00,83.92079,18.289410000000004,261.1730651855469
5455,2020-05-05 00:00:00,83.92113,18.286249999999995,261.13758087158203
5456,2020-05-05 01:00:00,83.92157,18.28128000000001,261.1218032836914
5457,2020-05-05 02:00:00,83.92204,18.274310000000014,261.2901611328125
5458,2020-05-05 03:00:00,83.92242,18.265440000000012,261.5439224243164
5459,2020-05-05 04:00:00,83.92283,18.25202999999999,261.7871627807617
5460,2020-05-05 05:00:00,83.92322,18.234409999999997,261.98804473876953
5461,2020-05-05 06:00:00,83.92351,18.214889999999997,262.18074798583984
5462,2020-05-05 07:00:00,83.92367,18.19514000000001,262.28704833984375
5463,2020-05-05 08:00:00,83.92366,18.17643000000001,262.34485626220703
5464,2020-05-05 09:00:00,83.92364,18.15458000000001,262.41517639160156
5465,2020-05-05 10:00:00,83.92328,18.13452000000001,262.49790954589844
5466,2020-05-05 11:00:00,83.92252,18.11464000000001,262.6207580566406
5467,2020-05-05 12:00:00,83.92157,18.09907000000001,262.7098388671875
5468,2020-05-05 13:00:00,83.9205,18.083730000000003,262.7756118774414
5469,2020-05-05 14:00:00,83.91933,18.066730000000007,262.85560607910156
5470,2020-05-05 15:00:00,83.91817,18.047979999999995,263.00196838378906
5471,2020-05-05 16:00:00,83.91702,18.02636000000001,263.11637115478516
5472,2020-05-05 17:00:00,83.91601,18.00184999999999,263.21250915527344
5473,2020-05-05 18:00:00,83.91515,17.975689999999986,263.35523223876953
5474,2020-05-05 19:00:00,83.91433,17.94971000000001,263.4922866821289
5475,2020-05-05 20:00:00,83.91348,17.926080000000013,263.61254119873047
5476,2020-05-05 21:00:00,83.91256,17.90565000000001,263.72216033935547
5477,2020-05-05 22:00:00,83.91182,17.887910000000005,263.8935241699219
5478,2020-05-05 23:00:00,83.91108,17.874959999999987,263.9823684692383
5479,2020-05-06 00:00:00,83.91029,17.86518000000001,264.14029693603516
5480,2020-05-06 01:00:00,83.90948,17.856300000000005,264.28465270996094
5481,2020-05-06 02:00:00,83.90873,17.84630999999999,264.52342987060547
5482,2020-05-06 03:00:00,83.90833,17.83536000000001,264.82041931152344
5483,2020-05-06 04:00:00,83.9088,17.823309999999992,265.1548767089844
5484,2020-05-06 05:00:00,83.90975,17.80805000000001,265.45169830322266
5485,2020-05-06 06:00:00,83.91093,17.788939999999997,265.62439727783203
5486,2020-05-06 07:00:00,83.91249,17.76988,265.68883514404297
5487,2020-05-06 08:00:00,83.91434,17.750339999999994,265.7445602416992
5488,2020-05-06 09:00:00,83.91646,17.731279999999998,265.7306213378906
5489,2020-05-06 10:00:00,83.91829,17.71208999999999,265.6928939819336
5490,2020-05-06 11:00:00,83.91939,17.695490000000007,265.7609558105469
5491,2020-05-06 12:00:00,83.92085,17.679609999999997,265.8215866088867
5492,2020-05-06 13:00:00,83.92235,17.663029999999992,265.8210220336914
5493,2020-05-06 14:00:00,83.92385,17.644659999999988,265.709228515625
5494,2020-05-06 15:00:00,83.92567,17.62353999999999,265.64437103271484
5495,2020-05-06 16:00:00,83.92782,17.59727000000001,265.5290832519531
5496,2020-05-06 17:00:00,83.93022,17.567450000000008,265.4347686767578
5497,2020-05-06 18:00:00,83.93245,17.53513000000001,265.4079132080078
5498,2020-05-06 19:00:00,83.93438,17.50146000000001,265.3177490234375
5499,2020-05-06 20:00:00,83.93596,17.465480000000014,265.23343658447266
5500,2020-05-06 21:00:00,83.93731,17.42756,265.13475036621094
5501,2020-05-06 22:00:00,83.93836,17.389080000000007,264.82713317871094
5502,2020-05-06 23:00:00,83.93903,17.353859999999997,264.5513229370117
5503,2020-05-07 00:00:00,83.93927,17.319739999999996,264.2970962524414
5504,2020-05-07 01:00:00,83.93927,17.283649999999994,263.54720306396484
5505,2020-05-07 02:00:00,83.93901,17.24436,262.5862274169922
5506,2020-05-07 03:00:00,83.93876,17.201519999999988,262.20079803466797
5507,2020-05-07 04:00:00,83.93857,17.154020000000003,262.39868927001953
5508,2020-05-07 05:00:00,83.93837,17.10181,262.8091354370117
5509,2020-05-07 06:00:00,83.93815,17.04495,263.0718307495117
5510,2020-05-07 07:00:00,83.93787,16.9846,263.2617416381836
5511,2020-05-07 08:00:00,83.93743,16.921609999999987,263.4822540283203
5512,2020-05-07 09:00:00,83.93678,16.85766000000001,263.76244354248047
5513,2020-05-07 10:00:00,83.93589,16.79428999999999,264.01426696777344
5514,2020-05-07 11:00:00,83.93473,16.73263,263.95123291015625
5515,2020-05-07 12:00:00,83.93337,16.67132000000001,263.7594757080078
5516,2020-05-07 13:00:00,83.9318,16.610929999999996,263.63294982910156
5517,2020-05-07 14:00:00,83.93024,16.55149,263.52120208740234
5518,2020-05-07 15:00:00,83.92874,16.492019999999997,263.53771209716797
5519,2020-05-07 16:00:00,83.92694,16.432420000000008,263.5834732055664
5520,2020-05-07 17:00:00,83.9249,16.372070000000008,263.3558120727539
5521,2020-05-07 18:00:00,83.92263,16.31071,263.0005340576172
5522,2020-05-07 19:00:00,83.92,16.24879999999999,262.8606872558594
5523,2020-05-07 20:00:00,83.91692,16.18665999999999,262.90907287597656
5524,2020-05-07 21:00:00,83.91354,16.125869999999992,262.8183288574219
5525,2020-05-07 22:00:00,83.90995,16.06787,262.7310485839844
5526,2020-05-07 23:00:00,83.90621,16.012940000000015,262.8558807373047
5527,2020-05-08 00:00:00,83.90242,15.960620000000006,263.02962493896484
5528,2020-05-08 01:00:00,83.89867,15.910020000000003,263.18165588378906
5529,2020-05-08 02:00:00,83.89473,15.859309999999994,263.28601837158203
5530,2020-05-08 03:00:00,83.89059,15.80646999999999,263.35433197021484
5531,2020-05-08 04:00:00,83.88616,15.750940000000014,263.50413513183594
5532,2020-05-08 05:00:00,83.88183,15.69341,263.71118927001953
5533,2020-05-08 06:00:00,83.87729,15.631,263.94598388671875
5534,2020-05-08 07:00:00,83.87259,15.563379999999995,264.1909942626953
5535,2020-05-08 08:00:00,83.86787,15.49287000000001,264.3984680175781
5536,2020-05-08 09:00:00,83.86319,15.420760000000001,264.59539794921875
5537,2020-05-08 10:00:00,83.85882,15.348189999999988,264.75208282470703
5538,2020-05-08 11:00:00,83.85501,15.276769999999999,264.8587112426758
5539,2020-05-08 12:00:00,83.8518,15.205610000000007,264.91072845458984
5540,2020-05-08 13:00:00,83.84891,15.138260000000002,264.8905029296875
5541,2020-05-08 14:00:00,83.84627,15.073039999999992,264.79481506347656
5542,2020-05-08 15:00:00,83.84401,15.00981999999999,264.6912612915039
5543,2020-05-08 16:00:00,83.84191,14.948090000000008,264.5518264770508
5544,2020-05-08 17:00:00,83.83985,14.886130000000009,264.3234100341797
5545,2020-05-08 18:00:00,83.83784,14.823370000000011,264.1209945678711
5546,2020-05-08 19:00:00,83.83555,14.7594,263.8054428100586
5547,2020-05-08 20:00:00,83.833,14.694320000000005,263.39971923828125
5548,2020-05-08 21:00:00,83.83014,14.632460000000009,263.0594024658203
5549,2020-05-08 22:00:00,83.82691,14.573370000000011,262.8090286254883
5550,2020-05-08 23:00:00,83.82339,14.513710000000003,262.57364654541016
5551,2020-05-09 00:00:00,83.81954,14.457539999999995,262.6449661254883
5552,2020-05-09 01:00:00,83.8155,14.407199999999989,262.4315948486328
5553,2020-05-09 02:00:00,83.8114,14.360800000000012,262.1439514160156
5554,2020-05-09 03:00:00,83.80749,14.31620000000001,261.81603240966797
5555,2020-05-09 04:00:00,83.80385,14.272879999999986,261.3763961791992
5556,2020-05-09 05:00:00,83.80027,14.231719999999996,260.93404388427734
5557,2020-05-09 06:00:00,83.7967,14.19292999999999,260.70338439941406
5558,2020-05-09 07:00:00,83.79299,14.151589999999999,260.7357864379883
5559,2020-05-09 08:00:00,83.78906,14.111809999999991,260.81517791748047
5560,2020-05-09 09:00:00,83.78485,14.074340000000007,260.83935546875
5561,2020-05-09 10:00:00,83.78051,14.037209999999988,260.8533477783203
5562,2020-05-09 11:00:00,83.77574,13.997209999999995,260.6232681274414
5563,2020-05-09 12:00:00,83.77083,13.96681000000001,260.5132827758789
5564,2020-05-09 13:00:00,83.76596,13.943720000000013,260.59156799316406
5565,2020-05-09 14:00:00,83.76125,13.92376999999999,260.47547149658203
5566,2020-05-09 15:00:00,83.75657,13.909909999999996,260.34326171875
5567,2020-05-09 16:00:00,83.75218,13.895129999999995,260.1300354003906
5568,2020-05-09 17:00:00,83.74796,13.87849,259.8521728515625
5569,2020-05-09 18:00:00,83.74384,13.859379999999987,259.55592346191406
5570,2020-05-09 19:00:00,83.73965,13.83789999999999,259.36566162109375
5571,2020-05-09 20:00:00,83.73516,13.813449999999989,259.2056884765625
5572,2020-05-09 21:00:00,83.73055,13.78603000000001,259.06082916259766
5573,2020-05-09 22:00:00,83.72605,13.757509999999996,259.09500885009766
5574,2020-05-09 23:00:00,83.72166,13.730940000000004,259.25201416015625
5575,2020-05-10 00:00:00,83.71739,13.710460000000012,259.2334899902344
5576,2020-05-10 01:00:00,83.71334,13.693739999999991,259.293701171875
5577,2020-05-10 02:00:00,83.70944,13.681360000000012,259.25777435302734
5578,2020-05-10 03:00:00,83.70557,13.67152999999999,259.2828140258789
5579,2020-05-10 04:00:00,83.70157,13.660439999999994,259.3331985473633
5580,2020-05-10 05:00:00,83.69775,13.649079999999998,259.4051208496094
5581,2020-05-10 06:00:00,83.69367,13.634359999999987,259.4511947631836
5582,2020-05-10 07:00:00,83.68907,13.61393000000001,259.51099395751953
5583,2020-05-10 08:00:00,83.68389,13.588060000000013,259.5659942626953
5584,2020-05-10 09:00:00,83.67821,13.558670000000006,259.63346099853516
5585,2020-05-10 10:00:00,83.67212,13.52727999999999,259.68465423583984
5586,2020-05-10 11:00:00,83.6657,13.495650000000012,259.7141342163086
5587,2020-05-10 12:00:00,83.65907,13.464589999999987,259.85144805908203
5588,2020-05-10 13:00:00,83.65237,13.43540999999999,259.9753723144531
5589,2020-05-10 14:00:00,83.64557,13.40888000000001,260.13585662841797
5590,2020-05-10 15:00:00,83.63881,13.385580000000004,260.26539611816406
5591,2020-05-10 16:00:00,83.63226,13.36581000000001,260.36798095703125
5592,2020-05-10 17:00:00,83.62587,13.346990000000005,260.39469146728516
5593,2020-05-10 18:00:00,83.61954,13.328039999999987,260.32198333740234
5594,2020-05-10 19:00:00,83.61317,13.307600000000008,260.2047805786133
5595,2020-05-10 20:00:00,83.60673,13.285269999999997,260.11053466796875
5596,2020-05-10 21:00:00,83.60028,13.261359999999996,259.9253845214844
5597,2020-05-10 22:00:00,83.59376,13.236500000000007,259.76902770996094
5598,2020-05-10 23:00:00,83.58715,13.212320000000005,259.62902069091797
5599,2020-05-11 00:00:00,83.58058,13.190049999999985,259.60728454589844
5600,2020-05-11 01:00:00,83.57411,13.17147,259.6806411743164
5601,2020-05-11 02:00:00,83.56775,13.15791999999999,259.78238677978516
5602,2020-05-11 03:00:00,83.56144,13.14994999999999,259.99468994140625
5603,2020-05-11 04:00:00,83.55503,13.146320000000003,260.28700256347656
5604,2020-05-11 05:00:00,83.54848,13.145810000000012,260.5694274902344
5605,2020-05-11 06:00:00,83.54174,13.144990000000007,260.86844635009766
5606,2020-05-11 07:00:00,83.5347,13.143750000000011,261.1283187866211
5607,2020-05-11 08:00:00,83.52738,13.141790000000015,261.48866271972656
5608,2020-05-11 09:00:00,83.5198,13.138080000000002,261.6870346069336
5609,2020-05-11 10:00:00,83.51208,13.131640000000004,262.10855865478516
5610,2020-05-11 11:00:00,83.50439,13.122590000000002,262.6544418334961
5611,2020-05-11 12:00:00,83.49678,13.111979999999988,263.1395721435547
5612,2020-05-11 13:00:00,83.48936,13.102249999999998,263.6549072265625
5613,2020-05-11 14:00:00,83.48215,13.094780000000014,264.0939407348633
5614,2020-05-11 15:00:00,83.47522,13.089859999999987,264.4985580444336
5615,2020-05-11 16:00:00,83.46852,13.085820000000012,264.82843017578125
5616,2020-05-11 17:00:00,83.46226,13.080989999999986,265.11505126953125
5617,2020-05-11 18:00:00,83.45658,13.074000000000012,265.2901916503906
5618,2020-05-11 19:00:00,83.45145,13.064750000000004,265.2636947631836
5619,2020-05-11 20:00:00,83.44679,13.054180000000002,265.3446578979492
5620,2020-05-11 21:00:00,83.44262,13.041230000000013,265.2003860473633
5621,2020-05-11 22:00:00,83.43891,13.026299999999992,264.8524398803711
5622,2020-05-11 23:00:00,83.4356,13.010539999999992,264.2517776489258
5623,2020-05-12 00:00:00,83.43262,12.994769999999988,264.131591796875
5624,2020-05-12 01:00:00,83.42995,12.98026999999999,263.9154968261719
5625,2020-05-12 02:00:00,83.42749,12.966829999999987,263.806640625
5626,2020-05-12 03:00:00,83.42532,12.954119999999989,263.8085479736328
5627,2020-05-12 04:00:00,83.42348,12.942219999999992,263.880126953125
5628,2020-05-12 05:00:00,83.42199,12.928290000000004,263.93275451660156
5629,2020-05-12 06:00:00,83.42095,12.910050000000012,263.9378204345703
5630,2020-05-12 07:00:00,83.42038,12.8853,263.9940414428711
5631,2020-05-12 08:00:00,83.42024,12.852910000000008,264.1550827026367
5632,2020-05-12 09:00:00,83.42046,12.813690000000008,264.6194839477539
5633,2020-05-12 10:00:00,83.42135,12.768840000000012,265.1796112060547
5634,2020-05-12 11:00:00,83.42247,12.721129999999988,265.4755096435547
5635,2020-05-12 12:00:00,83.4235,12.673910000000006,265.47945404052734
5636,2020-05-12 13:00:00,83.42372,12.628680000000003,265.29383087158203
5637,2020-05-12 14:00:00,83.4232,12.581410000000005,265.29302978515625
5638,2020-05-12 15:00:00,83.42201,12.532010000000014,265.4709167480469
5639,2020-05-12 16:00:00,83.42008,12.477509999999995,265.41800689697266
5640,2020-05-12 17:00:00,83.41761,12.418710000000004,265.4660873413086
5641,2020-05-12 18:00:00,83.41453,12.350819999999999,265.60196685791016
5642,2020-05-12 19:00:00,83.41067,12.28121999999999,265.25093841552734
5643,2020-05-12 20:00:00,83.40658,12.197030000000012,264.75209045410156
5644,2020-05-12 21:00:00,83.40201,12.108609999999999,264.35594940185547
5645,2020-05-12 22:00:00,83.39732,12.021389999999997,264.3300247192383
5646,2020-05-12 23:00:00,83.39166,11.934449999999998,264.9674530029297
5647,2020-05-13 00:00:00,83.38534,11.833490000000012,265.97605895996094
5648,2020-05-13 01:00:00,83.37974,11.720760000000013,266.7635269165039
5649,2020-05-13 02:00:00,83.37598,11.588169999999991,267.0257110595703
5650,2020-05-13 03:00:00,83.37325,11.45881,267.25052642822266
5651,2020-05-13 04:00:00,83.37161,11.334329999999994,267.64656829833984
5652,2020-05-13 05:00:00,83.37117,11.219330000000014,268.0897674560547
5653,2020-05-13 06:00:00,83.37125,11.110829999999993,268.6467742919922
5654,2020-05-13 07:00:00,83.37148,11.005740000000003,269.2496643066406
5655,2020-05-13 08:00:00,83.37155,10.905110000000008,269.8121337890625
5656,2020-05-13 09:00:00,83.37105,10.810480000000013,270.20603942871094
5657,2020-05-13 10:00:00,83.3706,10.717109999999991,269.9341583251953
5658,2020-05-13 11:00:00,83.37024,10.627749999999992,269.4301528930664
5659,2020-05-13 12:00:00,83.36956,10.5394,269.24024963378906
5660,2020-05-13 13:00:00,83.36863,10.459800000000001,268.9050521850586
5661,2020-05-13 14:00:00,83.36793,10.383350000000007,268.8102035522461
5662,2020-05-13 15:00:00,83.36753,10.315539999999999,268.8150939941406
5663,2020-05-13 16:00:00,83.36732,10.262709999999998,268.8402862548828
5664,2020-05-13 17:00:00,83.36755,10.221910000000008,268.95957946777344
5665,2020-05-13 18:00:00,83.36809,10.191630000000004,268.9915466308594
5666,2020-05-13 19:00:00,83.36885,10.169370000000015,269.1449508666992
5667,2020-05-13 20:00:00,83.37001,10.158940000000001,269.37718200683594
5668,2020-05-13 21:00:00,83.37176,10.145309999999995,269.2483444213867
5669,2020-05-13 22:00:00,83.37401,10.125110000000006,268.8737335205078
5670,2020-05-13 23:00:00,83.37648,10.101030000000009,268.52632904052734
5671,2020-05-14 00:00:00,83.37905,10.07383999999999,268.20140838623047
5672,2020-05-14 01:00:00,83.3812,10.047650000000004,267.9974594116211
5673,2020-05-14 02:00:00,83.38312,10.022050000000007,267.86365509033203
5674,2020-05-14 03:00:00,83.38492,10.000859999999989,267.77574157714844
5675,2020-05-14 04:00:00,83.38676,9.98375999999999,267.70277404785156
5676,2020-05-14 05:00:00,83.38876,9.970940000000013,267.67787170410156
5677,2020-05-14 06:00:00,83.3906,9.959039999999987,267.71437072753906
5678,2020-05-14 07:00:00,83.39206,9.945819999999998,267.7219009399414
5679,2020-05-14 08:00:00,83.39313,9.93189000000001,267.7788772583008
5680,2020-05-14 09:00:00,83.39372,9.917460000000005,267.9059829711914
5681,2020-05-14 10:00:00,83.39376,9.906409999999994,268.0129928588867
5682,2020-05-14 11:00:00,83.39333,9.89527000000001,268.14146423339844
5683,2020-05-14 12:00:00,83.39213,9.883829999999989,268.2657241821289
5684,2020-05-14 13:00:00,83.3912,9.878179999999986,268.357177734375
5685,2020-05-14 14:00:00,83.3901,9.881290000000007,268.59425354003906
5686,2020-05-14 15:00:00,83.38798,9.875550000000004,268.9291458129883
5687,2020-05-14 16:00:00,83.38546,9.862560000000002,269.1723861694336
5688,2020-05-14 17:00:00,83.38246,9.846509999999995,269.427734375
5689,2020-05-14 18:00:00,83.38009,9.826629999999994,269.7384338378906
5690,2020-05-14 19:00:00,83.37764,9.79531,270.0407943725586
5691,2020-05-14 20:00:00,83.37607,9.776129999999995,270.23502349853516
5692,2020-05-14 21:00:00,83.37477,9.757740000000013,270.18985748291016
5693,2020-05-14 22:00:00,83.374,9.732910000000004,270.2945098876953
5694,2020-05-14 23:00:00,83.37375,9.704430000000002,270.33689880371094
5695,2020-05-15 00:00:00,83.37413,9.672179999999997,270.26458740234375
5696,2020-05-15 01:00:00,83.37464,9.6447,270.2168502807617
5697,2020-05-15 02:00:00,83.37563,9.617500000000007,270.2073440551758
5698,2020-05-15 03:00:00,83.37704,9.585700000000003,269.9763412475586
5699,2020-05-15 04:00:00,83.37859,9.552390000000003,269.75818634033203
5700,2020-05-15 05:00:00,83.38021,9.519530000000003,269.65977478027344
5701,2020-05-15 06:00:00,83.38182,9.488069999999993,269.60852813720703
5702,2020-05-15 07:00:00,83.38341,9.45854,269.56947326660156
5703,2020-05-15 08:00:00,83.38485,9.429840000000013,269.58154296875
5704,2020-05-15 09:00:00,83.38624,9.40213,269.5950241088867
5705,2020-05-15 10:00:00,83.38752,9.373879999999986,269.60853576660156
5706,2020-05-15 11:00:00,83.38864,9.344490000000008,269.6360855102539
5707,2020-05-15 12:00:00,83.3896,9.30628999999999,269.67525482177734
5708,2020-05-15 13:00:00,83.3904,9.273799999999994,269.69335174560547
5709,2020-05-15 14:00:00,83.39114,9.242109999999997,269.64344024658203
5710,2020-05-15 15:00:00,83.39182,9.211890000000011,269.5272521972656
5711,2020-05-15 16:00:00,83.39224,9.191110000000009,269.3323211669922
5712,2020-05-15 17:00:00,83.39254,9.164479999999998,269.03380584716797
5713,2020-05-15 18:00:00,83.39279,9.149840000000012,268.6488571166992
5714,2020-05-15 19:00:00,83.39243,9.148959999999988,268.21807861328125
5715,2020-05-15 20:00:00,83.39221,9.145299999999992,267.91966247558594
5716,2020-05-15 21:00:00,83.39251,9.13024999999999,267.7915725708008
5717,2020-05-15 22:00:00,83.39271,9.119900000000001,267.80289459228516
5718,2020-05-15 23:00:00,83.39256,9.119490000000013,267.8237533569336
5719,2020-05-16 00:00:00,83.39237,9.114210000000014,267.76502990722656
5720,2020-05-16 01:00:00,83.39224,9.113040000000012,267.6283721923828
5721,2020-05-16 02:00:00,83.39222,9.112449999999995,267.42667388916016
5722,2020-05-16 03:00:00,83.39218,9.111969999999985,267.18090057373047
5723,2020-05-16 04:00:00,83.39224,9.11166,266.9933547973633
5724,2020-05-16 05:00:00,83.3922,9.11151000000001,266.90050506591797
5725,2020-05-16 06:00:00,83.39215,9.111549999999994,266.84539794921875
5726,2020-05-16 07:00:00,83.39211,9.111639999999994,266.77427673339844
5727,2020-05-16 08:00:00,83.39208,9.111739999999998,266.7232666015625
5728,2020-05-16 09:00:00,83.39205,9.111760000000004,266.6313705444336
5729,2020-05-16 10:00:00,83.39194,9.109499999999997,266.55638885498047
5730,2020-05-16 11:00:00,83.39178,9.111529999999988,266.5124282836914
5731,2020-05-16 12:00:00,83.39152,9.111430000000013,266.54019927978516
5732,2020-05-16 13:00:00,83.39118,9.110839999999996,266.5941390991211
5733,2020-05-16 14:00:00,83.39071,9.109839999999991,266.6151657104492
5734,2020-05-16 15:00:00,83.39014,9.108329999999995,266.6232681274414
5735,2020-05-16 16:00:00,83.38951,9.107110000000006,266.5966567993164
5736,2020-05-16 17:00:00,83.38888,9.106410000000011,266.5596160888672
5737,2020-05-16 18:00:00,83.38833,9.106680000000011,266.5330047607422
5738,2020-05-16 19:00:00,83.38782,9.107169999999996,266.5169906616211
5739,2020-05-16 20:00:00,83.38735,9.107460000000003,266.4923324584961
5740,2020-05-16 21:00:00,83.38702,9.09826000000001,266.5280990600586
5741,2020-05-16 22:00:00,83.38736,9.083529999999996,266.5719528198242
5742,2020-05-16 23:00:00,83.3872,9.061759999999992,266.6440658569336
5743,2020-05-17 00:00:00,83.38698,9.06098,266.71480560302734
5744,2020-05-17 01:00:00,83.38677,9.060129999999987,266.7958450317383
5745,2020-05-17 02:00:00,83.38648,9.059419999999989,266.8713836669922
5746,2020-05-17 03:00:00,83.38613,9.05850000000001,266.9678955078125
5747,2020-05-17 04:00:00,83.38564,9.05677,267.1114196777344
5748,2020-05-17 05:00:00,83.38461,9.048550000000006,267.2854537963867
5749,2020-05-17 06:00:00,83.38498,9.055820000000011,267.47986602783203
5750,2020-05-17 07:00:00,83.38418,9.04840999999999,267.69812774658203
5751,2020-05-17 08:00:00,83.38252,9.041249999999991,267.9211959838867
5752,2020-05-17 09:00:00,83.38191,9.03958,268.1509475708008
5753,2020-05-17 10:00:00,83.37315,9.025350000000003,268.3628387451172
5754,2020-05-17 11:00:00,83.37226,9.02161000000001,268.57056427001953
5755,2020-05-17 12:00:00,83.37054,9.012229999999988,268.8099899291992
5756,2020-05-17 13:00:00,83.3689,9.006849999999986,269.0615768432617
5757,2020-05-17 14:00:00,83.36132,9.09926999999999,269.2936325073242
5758,2020-05-17 15:00:00,83.35608,9.133759999999995,269.51470947265625
5759,2020-05-17 16:00:00,83.34615,9.083619999999996,269.6357650756836
5760,2020-05-17 17:00:00,83.34389,9.04262,269.7094955444336
5761,2020-05-17 18:00:00,83.34278,9.035300000000007,269.7001495361328
5762,2020-05-17 19:00:00,83.34387,8.995479999999986,269.68677520751953
5763,2020-05-17 20:00:00,83.34387,8.96884,269.60643768310547
5764,2020-05-17 21:00:00,83.34408,8.924059999999997,269.52931213378906
5765,2020-05-17 22:00:00,83.35239,8.82086000000001,269.4943161010742
5766,2020-05-17 23:00:00,83.35213,8.805509999999998,269.52718353271484
5767,2020-05-18 00:00:00,83.35066,8.798310000000015,269.5643081665039
5768,2020-05-18 01:00:00,83.34892,8.789549999999991,269.5482711791992
5769,2020-05-18 02:00:00,83.34771,8.780300000000011,269.50689697265625
5770,2020-05-18 03:00:00,83.34664,8.769939999999991,269.4223861694336
5771,2020-05-18 04:00:00,83.34509,8.766230000000007,269.3810729980469
5772,2020-05-18 05:00:00,83.34345,8.757959999999997,269.3829040527344
5773,2020-05-18 06:00:00,83.3422,8.748289999999997,269.39490509033203
5774,2020-05-18 07:00:00,83.33798,8.698119999999989,269.41173553466797
5775,2020-05-18 08:00:00,83.33421,8.686669999999992,269.43731689453125
5776,2020-05-18 09:00:00,83.33197,8.68589,269.50694274902344
5777,2020-05-18 10:00:00,83.32959,8.686329999999998,269.6523132324219
5778,2020-05-18 11:00:00,83.3271,8.687360000000012,269.7941589355469
5779,2020-05-18 12:00:00,83.32452,8.688580000000002,269.87738037109375
5780,2020-05-18 13:00:00,83.32189,8.689879999999988,269.90877532958984
5781,2020-05-18 14:00:00,83.31919,8.690370000000001,269.9123001098633
5782,2020-05-18 15:00:00,83.31636,8.690889999999996,269.89037322998047
5783,2020-05-18 16:00:00,83.31347,8.692740000000015,269.8685073852539
5784,2020-05-18 17:00:00,83.31058,8.69525999999999,269.76651763916016
5785,2020-05-18 18:00:00,83.30767,8.698990000000009,269.63732147216797
5786,2020-05-18 19:00:00,83.30474,8.703489999999988,269.55199432373047
5787,2020-05-18 20:00:00,83.30182,8.709599999999995,269.51375579833984
5788,2020-05-18 21:00:00,83.29897,8.716820000000013,269.53846740722656
5789,2020-05-18 22:00:00,83.29622,8.725560000000002,269.54341888427734
5790,2020-05-18 23:00:00,83.2936,8.735500000000002,269.49231719970703
5791,2020-05-19 00:00:00,83.29117,8.74620999999999,269.4347686767578
5792,2020-05-19 01:00:00,83.28897,8.756669999999986,269.3978729248047
5793,2020-05-19 02:00:00,83.28692,8.765649999999994,269.3556900024414
5794,2020-05-19 03:00:00,83.28499,8.772649999999999,269.3484115600586
5795,2020-05-19 04:00:00,83.28307,8.77942999999999,269.38184356689453
5796,2020-05-19 05:00:00,83.28111,8.78692000000001,269.4424743652344
5797,2020-05-19 06:00:00,83.27916,8.794319999999999,269.4817352294922
5798,2020-05-19 07:00:00,83.277,8.804180000000002,269.57506561279297
5799,2020-05-19 08:00:00,83.2747,8.815400000000011,269.5796813964844
5800,2020-05-19 09:00:00,83.27245,8.827879999999993,269.59053802490234
5801,2020-05-19 10:00:00,83.27016,8.842659999999995,269.5647430419922
5802,2020-05-19 11:00:00,83.26788,8.858309999999989,269.48443603515625
5803,2020-05-19 12:00:00,83.26477,8.873140000000006,269.4170455932617
5804,2020-05-19 13:00:00,83.26302,8.889209999999991,269.38885498046875
5805,2020-05-19 14:00:00,83.25909,8.902909999999991,269.39412689208984
5806,2020-05-19 15:00:00,83.25559,8.921060000000011,269.4250030517578
5807,2020-05-19 16:00:00,83.25099,8.944549999999992,269.4414749145508
5808,2020-05-19 17:00:00,83.24844,8.96341000000001,269.386474609375
5809,2020-05-19 18:00:00,83.24006,9.06128000000001,269.3116149902344
5810,2020-05-19 19:00:00,83.23231,9.125460000000004,269.2632141113281
5811,2020-05-19 20:00:00,83.22763,9.29468,269.2560119628906
5812,2020-05-19 21:00:00,83.22529,9.318340000000006,269.29896545410156
5813,2020-05-19 22:00:00,83.21802,9.30847,269.24585723876953
5814,2020-05-19 23:00:00,83.21266,9.338220000000007,269.1317672729492
5815,2020-05-20 00:00:00,83.204,9.475390000000004,269.02159881591797
5816,2020-05-20 01:00:00,83.20023,9.566519999999997,268.93262481689453
5817,2020-05-20 02:00:00,83.1984,9.606619999999992,269.0386505126953
5818,2020-05-20 03:00:00,83.19892,9.612850000000009,269.2901306152344
5819,2020-05-20 04:00:00,83.19989,9.62867,269.5234832763672
5820,2020-05-20 05:00:00,83.20047,9.639129999999994,269.6394271850586
5821,2020-05-20 06:00:00,83.20109,9.643,269.8134994506836
5822,2020-05-20 07:00:00,83.19366,9.769450000000006,270.1966552734375
5823,2020-05-20 08:00:00,83.19247,9.812399999999997,270.5152587890625
5824,2020-05-20 09:00:00,83.18774,9.842160000000007,270.6856689453125
5825,2020-05-20 10:00:00,83.17845,9.900599999999997,270.7146530151367
5826,2020-05-20 11:00:00,83.17535,9.93744000000001,270.62562561035156
5827,2020-05-20 12:00:00,83.16824,10.002710000000008,270.5493392944336
5828,2020-05-20 13:00:00,83.1403,10.075909999999993,270.59967041015625
5829,2020-05-20 14:00:00,83.13145,10.106069999999988,270.6856994628906
5830,2020-05-20 15:00:00,83.11934,10.13409999999999,270.6568145751953
5831,2020-05-20 16:00:00,83.09706,10.227980000000002,270.6825408935547
5832,2020-05-20 17:00:00,83.0898,10.289870000000008,270.69124603271484
5833,2020-05-20 18:00:00,83.08535,10.336569999999995,270.6128692626953
5834,2020-05-20 19:00:00,83.08557,10.364260000000002,270.49684143066406
5835,2020-05-20 20:00:00,83.08229,10.407289999999989,270.1106262207031
5836,2020-05-20 21:00:00,83.07836,10.455189999999988,269.8294372558594
5837,2020-05-20 22:00:00,83.0712,10.561810000000008,269.6981506347656
5838,2020-05-20 23:00:00,83.06785,10.630259999999993,269.6555404663086
5839,2020-05-21 00:00:00,83.05786,10.801559999999995,269.052490234375
5840,2020-05-21 01:00:00,83.05355,10.933140000000009,269.01831817626953
5841,2020-05-21 02:00:00,83.05541,10.953100000000006,269.2767639160156
5842,2020-05-21 03:00:00,83.05796,10.969699999999989,269.47144317626953
5843,2020-05-21 04:00:00,83.06028,10.98284000000001,269.7381896972656
5844,2020-05-21 05:00:00,83.06228,10.992909999999995,269.9001007080078
5845,2020-05-21 06:00:00,83.06456,10.996870000000001,269.9429244995117
5846,2020-05-21 07:00:00,83.04678,11.104399999999998,270.11155700683594
5847,2020-05-21 08:00:00,83.03754,11.13033999999999,270.3672332763672
5848,2020-05-21 09:00:00,83.02107,11.10463999999999,270.44420623779297
5849,2020-05-21 10:00:00,83.00916,11.06241,270.58660888671875
5850,2020-05-21 11:00:00,82.98446,11.036660000000012,270.7011184692383
5851,2020-05-21 12:00:00,82.97703,11.06483,270.7835922241211
5852,2020-05-21 13:00:00,82.97601,11.060219999999987,270.83917236328125
5853,2020-05-21 14:00:00,82.96739,11.032270000000011,270.84839630126953
5854,2020-05-21 15:00:00,82.96183,11.028860000000009,270.7909622192383
5855,2020-05-21 16:00:00,82.964,11.226100000000002,270.67724609375
5856,2020-05-21 17:00:00,82.96383,11.388630000000006,270.5188217163086
5857,2020-05-21 18:00:00,82.97201,11.41964999999999,270.3029479980469
5858,2020-05-21 19:00:00,82.97231,11.476940000000013,270.06725311279297
5859,2020-05-21 20:00:00,82.96588,11.532690000000002,269.8025665283203
5860,2020-05-21 21:00:00,82.96042,11.572769999999991,269.60132598876953
5861,2020-05-21 22:00:00,82.95671,11.59581,269.46038818359375
5862,2020-05-21 23:00:00,82.95385,11.656859999999995,269.3758087158203
5863,2020-05-22 00:00:00,82.95449,11.656880000000001,269.29935455322266
5864,2020-05-22 01:00:00,82.95505,11.659040000000005,269.1942138671875
5865,2020-05-22 02:00:00,82.95628,11.658119999999997,269.0894241333008
5866,2020-05-22 03:00:00,82.95731,11.656569999999988,269.0228042602539
5867,2020-05-22 04:00:00,82.95818,11.650810000000007,269.0103225708008
5868,2020-05-22 05:00:00,82.957,11.650499999999994,269.12464904785156
5869,2020-05-22 06:00:00,82.95438,11.65034,269.35960388183594
5870,2020-05-22 07:00:00,82.94855,11.634559999999993,269.7390899658203
5871,2020-05-22 08:00:00,82.9422,11.635860000000008,270.17376708984375
5872,2020-05-22 09:00:00,82.93988,11.620560000000012,270.55238342285156
5873,2020-05-22 10:00:00,82.93904,11.603379999999987,270.8163070678711
5874,2020-05-22 11:00:00,82.93829,11.587340000000012,270.90394592285156
5875,2020-05-22 12:00:00,82.93026,11.611310000000003,270.8551254272461
5876,2020-05-22 13:00:00,82.92624,11.618470000000002,270.8302917480469
5877,2020-05-22 14:00:00,82.92479,11.661670000000015,270.84484100341797
5878,2020-05-22 15:00:00,82.92047,11.672509999999988,270.92616271972656
5879,2020-05-22 16:00:00,82.91759,11.590100000000007,270.97804260253906
5880,2020-05-22 17:00:00,82.91405,11.449399999999997,270.9985809326172
5881,2020-05-22 18:00:00,82.90727,11.375990000000002,270.97032928466797
5882,2020-05-22 19:00:00,82.89536,11.255410000000012,270.89979553222656
5883,2020-05-22 20:00:00,82.89409,11.158860000000004,270.78943634033203
5884,2020-05-22 21:00:00,82.89126,11.10521,270.6275939941406
5885,2020-05-22 22:00:00,82.88679,11.090270000000004,270.45462799072266
5886,2020-05-22 23:00:00,82.88414,11.083560000000006,270.3176727294922
5887,2020-05-23 00:00:00,82.87791,11.095010000000002,270.16856384277344
5888,2020-05-23 01:00:00,82.87448,11.09711999999999,270.0668182373047
5889,2020-05-23 02:00:00,82.87071,11.099340000000012,270.0022201538086
5890,2020-05-23 03:00:00,82.86325,11.10920999999999,269.9563217163086
5891,2020-05-23 04:00:00,82.85013,11.118979999999993,269.92064666748047
5892,2020-05-23 05:00:00,82.83831,11.0899,269.8790283203125
5893,2020-05-23 06:00:00,82.82867,11.00349,269.8527603149414
5894,2020-05-23 07:00:00,82.82562,10.935129999999987,269.8238220214844
5895,2020-05-23 08:00:00,82.82211,10.87482,269.8359680175781
5896,2020-05-23 09:00:00,82.81277,10.794610000000006,269.8366470336914
5897,2020-05-23 10:00:00,82.80604,10.734139999999996,269.8480529785156
5898,2020-05-23 11:00:00,82.79289,10.612169999999992,269.7939453125
5899,2020-05-23 12:00:00,82.7926,10.514710000000008,269.72132873535156
5900,2020-05-23 13:00:00,82.79021,10.42340999999999,269.6206512451172
5901,2020-05-23 14:00:00,82.79002,10.416769999999985,269.5412826538086
5902,2020-05-23 15:00:00,82.78594,10.40155999999999,269.4429168701172
5903,2020-05-23 16:00:00,82.78211,10.404619999999994,269.3681945800781
5904,2020-05-23 17:00:00,82.78013,10.40619000000001,269.2625274658203
5905,2020-05-23 18:00:00,82.77872,10.408500000000004,269.15538024902344
5906,2020-05-23 19:00:00,82.7777,10.392239999999987,269.05297088623047
5907,2020-05-23 20:00:00,82.77558,10.376949999999994,268.9496154785156
5908,2020-05-23 21:00:00,82.77364,10.367860000000007,268.8572235107422
5909,2020-05-23 22:00:00,82.76749,10.36135999999999,268.81707763671875
5910,2020-05-23 23:00:00,82.76269,10.333480000000009,268.79927825927734
5911,2020-05-24 00:00:00,82.75923,10.286740000000009,268.73253631591797
5912,2020-05-24 01:00:00,82.75372,10.30698000000001,268.64478302001953
5913,2020-05-24 02:00:00,82.7554,10.380709999999993,268.52161407470703
5914,2020-05-24 03:00:00,82.75241,10.38503,268.3948059082031
5915,2020-05-24 04:00:00,82.74249,10.434619999999995,268.31312561035156
5916,2020-05-24 05:00:00,82.73627,10.454180000000008,268.31400299072266
5917,2020-05-24 06:00:00,82.73054,10.388650000000013,268.40187072753906
5918,2020-05-24 07:00:00,82.72678,10.298159999999996,268.5710144042969
5919,2020-05-24 08:00:00,82.72601,10.283690000000007,268.78308868408203
5920,2020-05-24 09:00:00,82.72476,10.268360000000001,269.0010681152344
5921,2020-05-24 10:00:00,82.72343,10.253870000000006,269.19290924072266
5922,2020-05-24 11:00:00,82.72219,10.240080000000006,269.3645324707031
5923,2020-05-24 12:00:00,82.72107,10.226879999999994,269.55431365966797
5924,2020-05-24 13:00:00,82.72018,10.214069999999992,269.7555618286133
5925,2020-05-24 14:00:00,82.71959,10.201120000000003,269.94371032714844
5926,2020-05-24 15:00:00,82.71914,10.187600000000003,270.08819580078125
5927,2020-05-24 16:00:00,82.71883,10.173090000000002,270.17858123779297
5928,2020-05-24 17:00:00,82.71867,10.157589999999999,270.25193786621094
5929,2020-05-24 18:00:00,82.71855,10.14142000000001,270.32530212402344
5930,2020-05-24 19:00:00,82.71842,10.124230000000011,270.3416290283203
5931,2020-05-24 20:00:00,82.71424,10.091020000000015,270.3344192504883
5932,2020-05-24 21:00:00,82.71363,10.06701000000001,270.3898620605469
5933,2020-05-24 22:00:00,82.71363,10.049759999999992,270.4650421142578
5934,2020-05-24 23:00:00,82.71381,10.034089999999992,270.60253143310547
5935,2020-05-25 00:00:00,82.71424,10.020119999999991,271.83805084228516
5936,2020-05-25 01:00:00,82.71495,10.007740000000013,271.90438079833984
5937,2020-05-25 02:00:00,82.71595,9.996919999999989,271.7867965698242
5938,2020-05-25 03:00:00,82.71732,9.987950000000012,271.6435089111328
5939,2020-05-25 04:00:00,82.7189,9.980739999999997,271.60465240478516
5940,2020-05-25 05:00:00,82.72049,9.971139999999991,271.6471252441406
5941,2020-05-25 06:00:00,82.72009,9.899499999999989,271.8161315917969
5942,2020-05-25 07:00:00,82.72254,9.848780000000005,271.9689254760742
5943,2020-05-25 08:00:00,82.73022,9.70899,272.1371154785156
5944,2020-05-25 09:00:00,82.67649,9.298000000000002,272.32714080810547
5945,2020-05-25 10:00:00,82.66138,9.167020000000008,272.59647369384766
5946,2020-05-25 11:00:00,82.66137,9.161190000000005,272.86534881591797
5947,2020-05-25 12:00:00,82.65343,8.845079999999996,273.09715270996094
5948,2020-05-25 13:00:00,82.62624,8.323019999999985,273.29351806640625
5949,2020-05-25 14:00:00,82.56262,8.050389999999993,273.45318603515625
5950,2020-05-25 15:00:00,82.52012,7.980079999999987,273.56334686279297
5951,2020-05-25 16:00:00,82.48386,8.052109999999999,273.6520538330078
5952,2020-05-25 17:00:00,82.44151,8.278760000000005,273.8021545410156
5953,2020-05-25 18:00:00,82.42544,8.257560000000012,273.84046936035156
5954,2020-05-25 19:00:00,82.39932,8.156800000000004,273.7784881591797
5955,2020-05-25 20:00:00,82.40172,8.13655,273.8403625488281
5956,2020-05-25 21:00:00,82.40505,8.131450000000001,273.94749450683594
5957,2020-05-25 22:00:00,82.408,8.130359999999996,273.79016876220703
5958,2020-05-25 23:00:00,82.41133,8.131079999999997,273.71183013916016
5959,2020-05-26 00:00:00,82.4146,8.13615999999999,273.77286529541016
5960,2020-05-26 01:00:00,82.41799,8.146299999999997,273.8202438354492
5961,2020-05-26 02:00:00,82.42155,8.162779999999998,273.8351821899414
5962,2020-05-26 03:00:00,82.42493,8.183040000000005,273.9032974243164
5963,2020-05-26 04:00:00,82.42568,8.184390000000008,273.77222442626953
5964,2020-05-26 05:00:00,82.41091,8.185779999999994,273.48365020751953
5965,2020-05-26 06:00:00,82.40389,8.126319999999993,273.254638671875
5966,2020-05-26 07:00:00,82.37399,8.158230000000003,272.9404830932617
5967,2020-05-26 08:00:00,82.34575,8.377530000000007,272.8273696899414
5968,2020-05-26 09:00:00,82.35179,8.232470000000006,272.92417907714844
5969,2020-05-26 10:00:00,82.32176,8.19523000000001,273.23326110839844
5970,2020-05-26 11:00:00,82.31767,8.187450000000013,273.34203338623047
5971,2020-05-26 12:00:00,82.31342,8.17016000000001,273.37750244140625
5972,2020-05-26 13:00:00,82.3122,8.15055000000001,273.43675231933594
5973,2020-05-26 14:00:00,82.30959,8.121659999999991,273.6851806640625
5974,2020-05-26 15:00:00,82.30111,8.190480000000008,273.81060791015625
5975,2020-05-26 16:00:00,82.30578,8.179090000000002,273.80491638183594
5976,2020-05-26 17:00:00,82.31056,8.18180000000001,273.77286529541016
5977,2020-05-26 18:00:00,82.31326,8.168139999999994,273.9323425292969
5978,2020-05-26 19:00:00,82.31627,8.15655000000001,274.00399017333984
5979,2020-05-26 20:00:00,82.31907,8.146179999999987,274.24566650390625
5980,2020-05-26 21:00:00,82.32241,8.139330000000001,274.7733688354492
5981,2020-05-26 22:00:00,82.32809,8.143489999999986,274.6054153442383
5982,2020-05-26 23:00:00,82.33447,8.152389999999997,274.1062545776367
5983,2020-05-27 00:00:00,82.34155,8.167789999999997,273.94274139404297
5984,2020-05-27 01:00:00,82.34809,8.18714,273.7263870239258
5985,2020-05-27 02:00:00,82.35335,8.202030000000008,273.6692810058594
5986,2020-05-27 03:00:00,82.3581,8.217649999999992,273.6608200073242
5987,2020-05-27 04:00:00,82.36561,8.237369999999999,273.6807098388672
5988,2020-05-27 05:00:00,82.3727,8.259029999999996,273.76184844970703
5989,2020-05-27 06:00:00,82.3787,8.28379000000001,273.8039321899414
5990,2020-05-27 07:00:00,82.38347,8.308750000000003,273.8326721191406
5991,2020-05-27 08:00:00,82.38706,8.326150000000013,273.9596252441406
5992,2020-05-27 09:00:00,82.38949,8.336669999999998,274.1030044555664
5993,2020-05-27 10:00:00,82.39116,8.341180000000008,274.3414993286133
5994,2020-05-27 11:00:00,82.39257,8.34056000000001,274.2950744628906
5995,2020-05-27 12:00:00,82.39322,8.340849999999989,274.2865524291992
5996,2020-05-27 13:00:00,82.39369,8.341100000000012,274.35072326660156
5997,2020-05-27 14:00:00,82.39404,8.340039999999988,274.32952880859375
5998,2020-05-27 15:00:00,82.39432,8.339290000000005,274.29004669189453
5999,2020-05-27 16:00:00,82.3944,8.340460000000007,274.27911376953125
6000,2020-05-27 17:00:00,82.39417,8.338940000000008,274.26282501220703
6001,2020-05-27 18:00:00,82.3939,8.33542,274.1990966796875
6002,2020-05-27 19:00:00,82.39337,8.327300000000008,274.1577377319336
6003,2020-05-27 20:00:00,82.39286,8.32014000000001,273.96441650390625
6004,2020-05-27 21:00:00,82.39231,8.310900000000004,273.8490447998047
6005,2020-05-27 22:00:00,82.39165,8.302099999999996,273.8490753173828
6006,2020-05-27 23:00:00,82.3912,8.292020000000008,273.77781677246094
6007,2020-05-28 00:00:00,82.39056,8.284590000000009,273.67821502685547
6008,2020-05-28 01:00:00,82.38998,8.280360000000002,273.6140365600586
6009,2020-05-28 02:00:00,82.38963,8.280090000000001,273.52337646484375
6010,2020-05-28 03:00:00,82.38941,8.283590000000004,273.50988006591797
6011,2020-05-28 04:00:00,82.38916,8.288880000000006,273.5630187988281
6012,2020-05-28 05:00:00,82.38892,8.294749999999993,273.58197021484375
6013,2020-05-28 06:00:00,82.38864,8.299849999999992,273.6103820800781
6014,2020-05-28 07:00:00,82.38808,8.302819999999997,273.6710662841797
6015,2020-05-28 08:00:00,82.38721,8.303359999999998,273.7346420288086
6016,2020-05-28 09:00:00,82.38569,8.296670000000006,273.8314971923828
6017,2020-05-28 10:00:00,82.38464,8.30259000000001,273.9249267578125
6018,2020-05-28 11:00:00,82.38318,8.299440000000004,273.92506408691406
6019,2020-05-28 12:00:00,82.37585,8.354230000000001,273.8765869140625
6020,2020-05-28 13:00:00,82.36435,8.380470000000003,273.8286590576172
6021,2020-05-28 14:00:00,82.34681,8.672529999999995,273.7616424560547
6022,2020-05-28 15:00:00,82.33379,8.706289999999996,273.7273635864258
6023,2020-05-28 16:00:00,82.33139,8.716450000000009,273.6060333251953
6024,2020-05-28 17:00:00,82.31558,8.821640000000002,273.4479217529297
6025,2020-05-28 18:00:00,82.30619,8.94296,273.30255126953125
6026,2020-05-28 19:00:00,82.2987,9.038260000000008,273.24141693115234
6027,2020-05-28 20:00:00,82.29197,9.044600000000003,273.2614059448242
6028,2020-05-28 21:00:00,82.29002,9.064240000000012,273.3236846923828
6029,2020-05-28 22:00:00,82.28971,9.096720000000005,273.3318176269531
6030,2020-05-28 23:00:00,82.28748,9.088629999999995,273.3197250366211
6031,2020-05-29 00:00:00,82.28367,9.095280000000002,273.3041534423828
6032,2020-05-29 01:00:00,82.28201,9.08807999999999,273.3197937011719
6033,2020-05-29 02:00:00,82.26991,9.129760000000005,273.3348083496094
6034,2020-05-29 03:00:00,82.26387,9.14076,273.32640075683594
6035,2020-05-29 04:00:00,82.26233,9.165809999999993,273.39371490478516
6036,2020-05-29 05:00:00,82.2619,9.176719999999989,273.4706268310547
6037,2020-05-29 06:00:00,82.26172,9.211559999999992,273.5312194824219
6038,2020-05-29 07:00:00,82.24943,9.250259999999997,273.59527587890625
6039,2020-05-29 08:00:00,82.24666,9.242189999999994,273.65306091308594
6040,2020-05-29 09:00:00,82.23498,9.211970000000008,273.6993637084961
6041,2020-05-29 10:00:00,82.2269,9.221650000000011,273.7770538330078
6042,2020-05-29 11:00:00,82.21313,9.196249999999992,273.7542037963867
6043,2020-05-29 12:00:00,82.20239,9.127960000000002,273.7137680053711
6044,2020-05-29 13:00:00,82.19187,9.113609999999994,273.6612091064453
6045,2020-05-29 14:00:00,82.16241,9.17858000000001,273.591552734375
6046,2020-05-29 15:00:00,82.15079,9.162599999999998,273.530029296875
6047,2020-05-29 16:00:00,82.14323,9.200610000000012,273.50045013427734
6048,2020-05-29 17:00:00,82.13639,9.184280000000001,273.4741439819336
6049,2020-05-29 18:00:00,82.11653,9.15440000000001,273.4540481567383
6050,2020-05-29 19:00:00,82.10119,9.171140000000008,273.4131774902344
6051,2020-05-29 20:00:00,82.08369,9.134039999999999,273.4055480957031
6052,2020-05-29 21:00:00,82.06281,9.094480000000004,273.3801956176758
6053,2020-05-29 22:00:00,82.04491,9.142269999999996,273.36035919189453
6054,2020-05-29 23:00:00,82.04064,9.145810000000012,273.32894134521484
6055,2020-05-30 00:00:00,82.03961,9.137699999999995,273.0741729736328
6056,2020-05-30 01:00:00,82.02928,9.16422,273.0663833618164
6057,2020-05-30 02:00:00,82.0134,9.221800000000002,273.17869567871094
6058,2020-05-30 03:00:00,81.98795,9.339820000000003,273.2842712402344
6059,2020-05-30 04:00:00,81.98433,9.369920000000008,273.3750991821289
6060,2020-05-30 05:00:00,81.97738,9.329509999999999,273.43656158447266
6061,2020-05-30 06:00:00,81.96625,9.323440000000005,273.48973083496094
6062,2020-05-30 07:00:00,81.94549,9.33547999999999,273.5562057495117
6063,2020-05-30 08:00:00,81.94515,9.36733000000001,273.5874938964844
6064,2020-05-30 09:00:00,81.94366,9.39054999999999,273.60192108154297
6065,2020-05-30 10:00:00,81.94184,9.412569999999988,273.64517974853516
6066,2020-05-30 11:00:00,81.93938,9.43092999999999,273.7210998535156
6067,2020-05-30 12:00:00,81.93645,9.448049999999995,273.71143341064453
6068,2020-05-30 13:00:00,81.93347,9.46350000000001,273.7284622192383
6069,2020-05-30 14:00:00,81.93087,9.476200000000006,273.6997756958008
6070,2020-05-30 15:00:00,81.92716,9.483370000000008,273.7222366333008
6071,2020-05-30 16:00:00,81.92308,9.484039999999993,273.71429443359375
6072,2020-05-30 17:00:00,81.91916,9.48084,273.6290512084961
6073,2020-05-30 18:00:00,81.92886,9.531389999999988,273.5587615966797
6074,2020-05-30 19:00:00,81.92767,9.531149999999997,273.5123825073242
6075,2020-05-30 20:00:00,81.92808,9.529570000000007,273.42803955078125
6076,2020-05-30 21:00:00,81.9146,9.60494,273.2197036743164
6077,2020-05-30 22:00:00,81.90248,9.69228000000001,272.8278503417969
6078,2020-05-30 23:00:00,81.86858,9.758929999999992,272.36707305908203
6079,2020-05-31 00:00:00,81.84377,9.794129999999996,272.0214385986328
6080,2020-05-31 01:00:00,81.83668,9.808899999999994,271.7503204345703
6081,2020-05-31 02:00:00,81.82745,9.809730000000002,271.6468811035156
6082,2020-05-31 03:00:00,81.80841,9.865000000000009,271.7520065307617
6083,2020-05-31 04:00:00,81.80883,9.870620000000002,271.8680114746094
6084,2020-05-31 05:00:00,81.80912,9.862179999999995,271.98473358154297
6085,2020-05-31 06:00:00,81.80878,9.853350000000006,272.1196975708008
6086,2020-05-31 07:00:00,81.80116,9.855559999999997,272.27740478515625
6087,2020-05-31 08:00:00,81.79962,9.85705999999999,272.4632568359375
6088,2020-05-31 09:00:00,81.79329,9.868349999999992,272.72403717041016
6089,2020-05-31 10:00:00,81.77892,9.88481999999999,272.9258804321289
6090,2020-05-31 11:00:00,81.73637,9.89661000000001,273.49671173095703
6091,2020-05-31 12:00:00,81.72478,9.916589999999985,273.5313415527344
6092,2020-05-31 13:00:00,81.7163,9.878710000000012,273.5032653808594
6093,2020-05-31 14:00:00,81.70018,9.773500000000013,273.42179107666016
6094,2020-05-31 15:00:00,81.69269,9.745039999999989,273.3945617675781
6095,2020-05-31 16:00:00,81.67507,9.747039999999998,273.3595886230469
6096,2020-05-31 17:00:00,81.65484,9.691730000000007,273.28902435302734
6097,2020-05-31 18:00:00,81.63459,9.702149999999989,273.2920837402344
6098,2020-05-31 19:00:00,81.58515,9.820459999999997,273.3192138671875
6099,2020-05-31 20:00:00,81.55067,9.839040000000011,273.38578033447266
6100,2020-05-31 21:00:00,81.50959,9.866629999999986,273.43993377685547
6101,2020-05-31 22:00:00,81.4795,9.807799999999986,273.42029571533203
6102,2020-05-31 23:00:00,81.45918,9.719439999999992,273.38861083984375
6103,2020-06-01 00:00:00,81.39513,9.87978000000001,273.3917922973633
6104,2020-06-01 01:00:00,81.39253,9.89049,273.3954162597656
6105,2020-06-01 02:00:00,81.37446,9.856740000000002,273.3722915649414
6106,2020-06-01 03:00:00,81.36824,9.847440000000006,273.3539505004883
6107,2020-06-01 04:00:00,81.35922,9.848610000000008,273.2937927246094
6108,2020-06-01 05:00:00,81.3581,9.865229999999997,273.26422119140625
6109,2020-06-01 06:00:00,81.35868,9.87088,273.23897552490234
6110,2020-06-01 07:00:00,81.35902,9.878179999999986,273.24342346191406
6111,2020-06-01 08:00:00,81.35924,9.886539999999997,273.2536849975586
6112,2020-06-01 09:00:00,81.35918,9.896659999999997,273.2803268432617
6113,2020-06-01 10:00:00,81.35866,9.904529999999994,273.3063735961914
6114,2020-06-01 11:00:00,81.3577,9.90961999999999,273.3155059814453
6115,2020-06-01 12:00:00,81.35642,9.911020000000008,273.2533950805664
6116,2020-06-01 13:00:00,81.35488,9.90637000000001,273.2268295288086
6117,2020-06-01 14:00:00,81.34372,9.9435,273.1997985839844
6118,2020-06-01 15:00:00,81.33429,9.940750000000008,273.1923294067383
6119,2020-06-01 16:00:00,81.30972,9.879099999999994,273.1095199584961
6120,2020-06-01 17:00:00,81.30372,9.848099999999988,273.0531692504883
6121,2020-06-01 18:00:00,81.29242,9.803110000000004,273.0418395996094
6122,2020-06-01 19:00:00,81.28295,9.7791,273.02957916259766
6123,2020-06-01 20:00:00,81.27983,9.78470999999999,273.0394973754883
6124,2020-06-01 21:00:00,81.27015,9.764990000000012,273.04815673828125
6125,2020-06-01 22:00:00,81.24774,9.678239999999988,273.0390396118164
6126,2020-06-01 23:00:00,81.23132,9.688420000000008,272.9977798461914
6127,2020-06-02 00:00:00,81.20832,9.669119999999992,272.95631408691406
6128,2020-06-02 01:00:00,81.15597,9.714259999999996,272.91748809814453
6129,2020-06-02 02:00:00,81.12207,9.751059999999995,272.9282531738281
6130,2020-06-02 03:00:00,81.10734,9.738169999999997,272.986572265625
6131,2020-06-02 04:00:00,81.08291,9.637760000000014,273.09291076660156
6132,2020-06-02 05:00:00,81.05442,9.709980000000002,273.24854278564453
6133,2020-06-02 06:00:00,81.03855,9.637239999999991,273.2387390136719
6134,2020-06-02 07:00:00,80.98517,9.665500000000009,273.225830078125
6135,2020-06-02 08:00:00,80.96001,9.725179999999995,273.24771881103516
6136,2020-06-02 09:00:00,80.93171,9.70589000000001,273.3267593383789
6137,2020-06-02 10:00:00,80.92066,9.703669999999988,273.4134826660156
6138,2020-06-02 11:00:00,80.90358,9.607699999999994,273.53236389160156
6139,2020-06-02 12:00:00,80.89718,9.582789999999989,273.6565704345703
6140,2020-06-02 13:00:00,80.87657,9.47663,273.7420883178711
6141,2020-06-02 14:00:00,80.83931,9.480289999999997,273.6349411010742
6142,2020-06-02 15:00:00,80.77025,9.47994,273.55306243896484
6143,2020-06-02 16:00:00,80.70305,9.565619999999996,273.57442474365234
6144,2020-06-02 17:00:00,80.67492,9.566939999999988,273.4907760620117
6145,2020-06-02 18:00:00,80.65247,9.618660000000006,273.44573974609375
6146,2020-06-02 19:00:00,80.57347,9.79504,273.3572769165039
6147,2020-06-02 20:00:00,80.48929,9.983029999999985,273.27405548095703
6148,2020-06-02 21:00:00,80.39899,10.223890000000011,273.1885452270508
6149,2020-06-02 22:00:00,80.27986,10.618770000000012,273.0708236694336
6150,2020-06-02 23:00:00,80.17757,10.46484000000001,272.97254180908203
6151,2020-06-03 00:00:00,80.0817,10.177429999999987,272.91778564453125
6152,2020-06-03 01:00:00,79.99602,9.923000000000002,272.90970611572266
6153,2020-06-03 02:00:00,79.90069,9.608180000000004,272.0458755493164
6154,2020-06-03 03:00:00,79.79999,9.348770000000002,272.1060562133789
6155,2020-06-03 04:00:00,79.69293,9.331619999999987,272.10853576660156
6156,2020-06-03 05:00:00,79.58664,9.313459999999992,270.4054260253906
6157,2020-06-03 06:00:00,79.47377,9.294870000000003,270.37574768066406
6158,2020-06-03 07:00:00,79.36965,9.278079999999989,270.2888717651367
6159,2020-06-03 08:00:00,79.2734,9.261719999999997,270.2847213745117
6160,2020-06-03 09:00:00,79.17111,9.24606,271.70726013183594
6161,2020-06-03 10:00:00,79.06871,9.228649999999988,271.70511627197266
6162,2020-06-03 11:00:00,78.9631,9.212099999999992,271.76441955566406
6163,2020-06-03 12:00:00,78.85978,9.241539999999986,272.89434814453125
6164,2020-06-03 13:00:00,78.76004,9.419150000000002,272.8273468017578
6165,2020-06-03 14:00:00,78.65218,9.609440000000006,272.9272918701172
6166,2020-06-03 15:00:00,78.54898,9.789500000000004,273.0049133300781
6167,2020-06-03 16:00:00,78.44827,9.963899999999995,272.90062713623047
6168,2020-06-03 17:00:00,78.34712,10.137490000000014,272.7286682128906
6169,2020-06-03 18:00:00,78.24667,10.308760000000007,272.5675964355469
6170,2020-06-03 19:00:00,78.16681,10.443090000000012,273.4269485473633
6171,2020-06-03 20:00:00,78.13163,10.731060000000014,273.1842041015625
6172,2020-06-03 21:00:00,78.12831,11.196370000000002,272.9162292480469
6173,2020-06-03 22:00:00,78.12461,11.659480000000002,272.5971450805664
6174,2020-06-03 23:00:00,78.12058,12.17849000000001,272.34417724609375
6175,2020-06-04 00:00:00,78.11707,12.627759999999995,272.1938781738281
6176,2020-06-04 01:00:00,78.11355,13.068430000000006,272.1922912597656
6177,2020-06-04 02:00:00,78.12975,13.546429999999987,272.32740783691406
6178,2020-06-04 03:00:00,78.17274,14.094449999999995,270.89659881591797
6179,2020-06-04 04:00:00,78.21494,14.639129999999994,271.0114288330078
6180,2020-06-04 05:00:00,78.25411,15.139819999999986,271.31468200683594
6181,2020-06-04 06:00:00,78.24675,15.600490000000008,271.4706115722656
6182,2020-06-04 07:00:00,78.23395,15.62482,271.60787200927734
6183,2020-06-04 08:00:00,78.23453,15.62285,271.7041244506836
6184,2020-06-04 09:00:00,78.23448,15.623130000000003,271.7955551147461
6185,2020-06-04 10:00:00,78.2341,15.624400000000009,271.89439392089844
6186,2020-06-04 11:00:00,78.23382,15.626499999999993,271.9766082763672
6187,2020-06-04 12:00:00,78.23377,15.628119999999996,272.02662658691406
6188,2020-06-04 13:00:00,78.23381,15.628359999999986,272.06688690185547
6189,2020-06-04 14:00:00,78.23327,15.630200000000002,272.05745697021484
6190,2020-06-04 15:00:00,78.23335,15.63024999999999,272.0002136230469
6191,2020-06-04 16:00:00,78.23331,15.629970000000014,271.9018020629883
6192,2020-06-04 17:00:00,78.23406,15.630089999999996,271.75567626953125
6193,2020-06-04 18:00:00,78.23307,15.628340000000009,271.5691452026367
6194,2020-06-04 19:00:00,78.23317,15.628690000000006,271.35567474365234
6195,2020-06-04 20:00:00,78.2331,15.62809999999999,271.0202941894531
6196,2020-06-04 21:00:00,78.23319,15.629009999999994,270.7607192993164
6197,2020-06-04 22:00:00,78.23311,15.628160000000008,270.6363067626953
6198,2020-06-04 23:00:00,78.23314,15.62706,270.58679962158203
6199,2020-06-05 00:00:00,78.23315,15.627569999999992,267.7533416748047
6200,2020-06-05 01:00:00,78.23305,15.626800000000003,267.69620513916016
6201,2020-06-05 02:00:00,78.23333,15.627800000000008,267.80482482910156
6202,2020-06-05 03:00:00,78.23379,15.629770000000008,267.911865234375
6203,2020-06-05 04:00:00,78.23405,15.629870000000011,268.1414794921875
6204,2020-06-05 05:00:00,78.23415,15.62845999999999,268.3831024169922
6205,2020-06-05 06:00:00,78.23446,15.623680000000007,268.648681640625
6206,2020-06-05 07:00:00,78.23463,15.623919999999998,268.9110565185547
6207,2020-06-05 08:00:00,78.23442,15.622809999999987,269.21907806396484
6208,2020-06-05 09:00:00,78.23425,15.623079999999987,269.49246978759766
6209,2020-06-05 10:00:00,78.23421,15.62285,269.71678161621094
6210,2020-06-05 11:00:00,78.23396,15.62317999999999,269.83789825439453
6211,2020-06-05 12:00:00,78.23384,15.624279999999999,269.9700698852539
6212,2020-06-05 13:00:00,78.23384,15.62536,269.9526138305664
6213,2020-06-05 14:00:00,78.23373,15.626929999999987,269.95153045654297
6214,2020-06-05 15:00:00,78.23354,15.627299999999991,269.79203033447266
6215,2020-06-05 16:00:00,78.23366,15.627690000000001,269.4858703613281
6216,2020-06-05 17:00:00,78.2337,15.625949999999989,269.1550750732422
6217,2020-06-05 18:00:00,78.23424,15.625079999999997,268.73571014404297
6218,2020-06-05 19:00:00,78.23455,15.626679999999993,268.3263397216797
6219,2020-06-05 20:00:00,78.23435,15.627340000000004,268.06275177001953
6220,2020-06-05 21:00:00,78.23435,15.625439999999998,267.8262176513672
6221,2020-06-05 22:00:00,78.23432,15.622719999999987,267.5777359008789
6222,2020-06-05 23:00:00,78.23443,15.62254999999999,267.52681732177734
6223,2020-06-06 00:00:00,78.2345,15.622569999999996,267.68553161621094
6224,2020-06-06 01:00:00,78.23457,15.622320000000002,268.06351470947266
6225,2020-06-06 02:00:00,78.23463,15.622450000000015,268.25357818603516
6226,2020-06-06 03:00:00,78.23459,15.622320000000002,268.5013732910156
6227,2020-06-06 04:00:00,78.23462,15.62236999999999,268.5473327636719
6228,2020-06-06 05:00:00,78.23479,15.622989999999987,268.4033432006836
6229,2020-06-06 06:00:00,78.23488,15.623699999999985,268.66163635253906
6230,2020-06-06 07:00:00,78.23484,15.622000000000014,268.7186050415039
6231,2020-06-06 08:00:00,78.23499,15.622379999999993,268.87499237060547
6232,2020-06-06 09:00:00,78.23488,15.621759999999995,269.07525634765625
6233,2020-06-06 10:00:00,78.23437,15.620519999999999,269.25016021728516
6234,2020-06-06 11:00:00,78.23457,15.620389999999986,269.2892303466797
6235,2020-06-06 12:00:00,78.23476,15.620460000000008,269.32704162597656
6236,2020-06-06 13:00:00,78.23414,15.61993000000001,269.3540496826172
6237,2020-06-06 14:00:00,78.23432,15.619949999999989,269.28631591796875
6238,2020-06-06 15:00:00,78.2347,15.62039999999999,269.18871307373047
6239,2020-06-06 16:00:00,78.23486,15.620830000000012,269.0460739135742
6240,2020-06-06 17:00:00,78.2349,15.620599999999996,268.9741973876953
6241,2020-06-06 18:00:00,78.23487,15.62111999999999,268.87364959716797
6242,2020-06-06 19:00:00,78.23503,15.621260000000007,268.8160934448242
6243,2020-06-06 20:00:00,78.23453,15.619619999999998,268.7626953125
6244,2020-06-06 21:00:00,78.23477,15.619889999999998,268.7712707519531
6245,2020-06-06 22:00:00,78.23446,15.61975000000001,268.8794479370117
6246,2020-06-06 23:00:00,78.23496,15.6207,268.97682189941406
6247,2020-06-07 00:00:00,78.2354,15.623189999999994,269.048583984375
6248,2020-06-07 01:00:00,78.23567,15.625560000000007,269.0843200683594
6249,2020-06-07 02:00:00,78.23557,15.624359999999996,269.12559509277344
6250,2020-06-07 03:00:00,78.23549,15.623349999999988,269.1952819824219
6251,2020-06-07 04:00:00,78.23571,15.62315000000001,269.1727523803711
6252,2020-06-07 05:00:00,78.23523,15.620689999999996,269.1261978149414
6253,2020-06-07 06:00:00,78.23497,15.618989999999997,269.1949234008789
6254,2020-06-07 07:00:00,78.23522,15.619439999999997,269.2078399658203
6255,2020-06-07 08:00:00,78.23553,15.616489999999999,269.32911682128906
6256,2020-06-07 09:00:00,78.23535,15.615819999999985,269.48758697509766
6257,2020-06-07 10:00:00,78.23594,15.618889999999993,269.74300384521484
6258,2020-06-07 11:00:00,78.23613,15.61864,269.89624786376953
6259,2020-06-07 12:00:00,78.2359,15.617899999999992,269.9083480834961
6260,2020-06-07 13:00:00,78.23644,15.622000000000014,269.9234924316406
6261,2020-06-07 14:00:00,78.23612,15.620059999999995,270.1055908203125
6262,2020-06-07 15:00:00,78.23626,15.619439999999997,270.33135986328125
6263,2020-06-07 16:00:00,78.236,15.61796000000001,270.58287048339844
6264,2020-06-07 17:00:00,78.23618,15.61957000000001,270.86385345458984
6265,2020-06-07 18:00:00,78.23561,15.616209999999995,271.2062530517578
6266,2020-06-07 19:00:00,78.23591,15.616449999999986,271.46620178222656
6267,2020-06-07 20:00:00,78.23655,15.620589999999993,271.6476135253906
6268,2020-06-07 21:00:00,78.23638,15.618930000000006,271.6853942871094
6269,2020-06-07 22:00:00,78.23626,15.618420000000015,271.7238540649414
6270,2020-06-07 23:00:00,78.23663,15.620869999999996,271.7887268066406
6271,2020-06-08 00:00:00,78.23567,15.616389999999996,272.78760528564453
6272,2020-06-08 01:00:00,78.23629,15.618459999999999,272.8219223022461
6273,2020-06-08 02:00:00,78.23594,15.620499999999993,272.9017028808594
6274,2020-06-08 03:00:00,78.23575,15.619220000000013,273.0810546875
6275,2020-06-08 04:00:00,78.23532,15.618189999999998,273.33009338378906
6276,2020-06-08 05:00:00,78.23502,15.619910000000004,273.5168151855469
6277,2020-06-08 06:00:00,78.23499,15.621939999999995,273.7173767089844
6278,2020-06-08 07:00:00,78.2353,15.622430000000008,273.8740234375
6279,2020-06-08 08:00:00,78.23444,15.621589999999998,273.9932556152344
6280,2020-06-08 09:00:00,78.23434,15.620589999999993,273.8866958618164
6281,2020-06-08 10:00:00,78.23557,15.627530000000007,273.6602325439453
6282,2020-06-08 11:00:00,78.23603,15.628019999999992,273.35706329345703
6283,2020-06-08 12:00:00,78.23629,15.627479999999991,273.1133117675781
6284,2020-06-08 13:00:00,78.23456,15.630110000000002,272.86839294433594
6285,2020-06-08 14:00:00,78.23622,15.629269999999991,272.5337905883789
6286,2020-06-08 15:00:00,78.26724,15.342299999999994,272.0314025878906
6287,2020-06-08 16:00:00,78.20075,14.51427000000001,271.43225860595703
6288,2020-06-08 17:00:00,78.14085,13.686579999999992,272.2287826538086
6289,2020-06-08 18:00:00,78.11554,12.829430000000002,272.0799865722656
6290,2020-06-08 19:00:00,78.12277,11.918319999999994,271.93643951416016
6291,2020-06-08 20:00:00,78.12998,10.999310000000008,271.82653045654297
6292,2020-06-08 21:00:00,78.19406,10.39797999999999,271.48265075683594
6293,2020-06-08 22:00:00,78.35596,10.12326999999999,271.3902587890625
6294,2020-06-08 23:00:00,78.51955,9.841280000000012,271.33043670654297
6295,2020-06-09 00:00:00,78.6868,9.548990000000003,270.94517517089844
6296,2020-06-09 01:00:00,78.85383,9.253309999999999,271.00667572021484
6297,2020-06-09 02:00:00,79.02826,9.188050000000004,271.12477111816406
6298,2020-06-09 03:00:00,79.20867,9.171870000000013,271.26985931396484
6299,2020-06-09 04:00:00,79.39128,9.155959999999993,270.96932220458984
6300,2020-06-09 05:00:00,79.57215,9.139369999999985,270.9343032836914
6301,2020-06-09 06:00:00,79.74576,9.123649999999998,272.77550506591797
6302,2020-06-09 07:00:00,79.91884,9.107200000000006,272.76487731933594
6303,2020-06-09 08:00:00,80.09201,9.090730000000008,273.31744384765625
6304,2020-06-09 09:00:00,80.27077,9.072069999999997,273.3322296142578
6305,2020-06-09 10:00:00,80.35251,9.568909999999988,273.36731719970703
6306,2020-06-09 11:00:00,80.37199,10.031149999999997,273.9648132324219
6307,2020-06-09 12:00:00,80.42868,10.498709999999988,274.05419158935547
6308,2020-06-09 13:00:00,80.49199,10.85575,274.10453033447266
6309,2020-06-09 14:00:00,80.55873,10.766989999999993,274.09947967529297
6310,2020-06-09 15:00:00,80.61413,10.721360000000004,274.0388870239258
6311,2020-06-09 16:00:00,80.63934,10.736369999999994,273.99202728271484
6312,2020-06-09 17:00:00,80.66949,10.834149999999994,273.96923828125
6313,2020-06-09 18:00:00,80.69262,10.791200000000003,273.99989318847656
6314,2020-06-09 19:00:00,80.71436,10.769319999999993,274.0096893310547
6315,2020-06-09 20:00:00,80.74624,10.958480000000009,273.92752838134766
6316,2020-06-09 21:00:00,80.78975,10.952269999999999,273.7217559814453
6317,2020-06-09 22:00:00,80.80342,10.88830999999999,273.6365432739258
6318,2020-06-09 23:00:00,80.85673,10.928940000000011,273.55066680908203
6319,2020-06-10 00:00:00,80.90057,10.903330000000011,273.4720687866211
6320,2020-06-10 01:00:00,80.93662,10.956819999999993,273.4598617553711
6321,2020-06-10 02:00:00,80.93487,10.93735000000001,273.4009323120117
6322,2020-06-10 03:00:00,80.94073,10.92801,273.3094711303711
6323,2020-06-10 04:00:00,80.9545,11.033170000000013,273.19273376464844
6324,2020-06-10 05:00:00,80.9696,10.941100000000006,273.1359634399414
6325,2020-06-10 06:00:00,80.98084,10.920379999999994,273.1849136352539
6326,2020-06-10 07:00:00,80.98054,10.921130000000005,273.2798538208008
6327,2020-06-10 08:00:00,80.97953,10.918170000000003,273.41109466552734
6328,2020-06-10 09:00:00,80.9887,10.988740000000007,273.5029296875
6329,2020-06-10 10:00:00,81.01186,10.931510000000003,273.54527282714844
6330,2020-06-10 11:00:00,81.0584,10.97990999999999,273.58304595947266
6331,2020-06-10 12:00:00,81.05492,10.966010000000011,273.5866012573242
6332,2020-06-10 13:00:00,81.05127,10.952300000000008,273.6221618652344
6333,2020-06-10 14:00:00,81.0645,10.975220000000007,273.62540435791016
6334,2020-06-10 15:00:00,81.08302,10.894509999999997,273.6214294433594
6335,2020-06-10 16:00:00,81.11089,10.73893000000001,273.62992095947266
6336,2020-06-10 17:00:00,81.16665,10.540539999999993,273.62451934814453
6337,2020-06-10 18:00:00,81.19813,10.59745000000001,273.56626892089844
6338,2020-06-10 19:00:00,81.19768,10.590149999999994,273.4963150024414
6339,2020-06-10 20:00:00,81.19833,10.584869999999995,273.4472122192383
6340,2020-06-10 21:00:00,81.21738,10.560609999999997,273.3876037597656
6341,2020-06-10 22:00:00,81.24641,10.480719999999991,273.3202209472656
6342,2020-06-10 23:00:00,81.26394,10.368760000000009,273.25972747802734
6343,2020-06-11 00:00:00,81.33049,10.15473,273.4077606201172
6344,2020-06-11 01:00:00,81.38301,10.000049999999987,273.4160842895508
6345,2020-06-11 02:00:00,81.41651,9.76330999999999,273.42604064941406
6346,2020-06-11 03:00:00,81.44117,9.65428,273.44417572021484
6347,2020-06-11 04:00:00,81.50625,9.50197,273.4196472167969
6348,2020-06-11 05:00:00,81.5095,9.49645000000001,273.3303985595703
6349,2020-06-11 06:00:00,81.54559,9.36966000000001,273.3879165649414
6350,2020-06-11 07:00:00,81.56306,9.392500000000013,273.5255584716797
6351,2020-06-11 08:00:00,81.59841,9.286820000000006,273.51441192626953
6352,2020-06-11 09:00:00,81.61012,9.310759999999988,273.4967041015625
6353,2020-06-11 10:00:00,81.63621,9.458949999999987,273.61632537841797
6354,2020-06-11 11:00:00,81.63987,9.398789999999991,273.74898529052734
6355,2020-06-11 12:00:00,81.66611,9.009690000000006,273.85851287841797
6356,2020-06-11 13:00:00,81.67075,8.953660000000013,273.9175033569336
6357,2020-06-11 14:00:00,81.69869,8.921570000000003,273.8397216796875
6358,2020-06-11 15:00:00,81.70457,8.937540000000013,273.6363754272461
6359,2020-06-11 16:00:00,81.73053,8.935239999999993,273.4937515258789
6360,2020-06-11 17:00:00,81.75263,9.008790000000005,273.44824981689453
6361,2020-06-11 18:00:00,81.76368,8.798720000000003,273.44864654541016
6362,2020-06-11 19:00:00,81.78366,8.742500000000007,273.43463134765625
6363,2020-06-11 20:00:00,81.79721,8.762979999999999,273.4474411010742
6364,2020-06-11 21:00:00,81.82917,8.629130000000004,273.36458587646484
6365,2020-06-11 22:00:00,81.85144,8.496649999999988,273.3474349975586
6366,2020-06-11 23:00:00,81.8624,8.542730000000006,273.3530502319336
6367,2020-06-12 00:00:00,81.8827,8.562569999999994,273.3612518310547
6368,2020-06-12 01:00:00,81.93453,8.427719999999994,273.3683395385742
6369,2020-06-12 02:00:00,81.95928,8.338740000000001,273.3708953857422
6370,2020-06-12 03:00:00,81.98306,8.284359999999992,273.37488555908203
6371,2020-06-12 04:00:00,82.00206,8.273860000000013,273.39302825927734
6372,2020-06-12 05:00:00,82.01915,8.258440000000007,273.40992736816406
6373,2020-06-12 06:00:00,82.0375,8.271170000000012,273.4593200683594
6374,2020-06-12 07:00:00,82.04122,8.28934000000001,273.5003890991211
6375,2020-06-12 08:00:00,82.07005,8.249140000000011,273.5598831176758
6376,2020-06-12 09:00:00,82.0891,8.322839999999985,273.66563415527344
6377,2020-06-12 10:00:00,82.09252,8.318099999999987,273.7411651611328
6378,2020-06-12 11:00:00,82.09637,8.273349999999994,273.8209457397461
6379,2020-06-12 12:00:00,82.12407,8.107799999999997,273.75679779052734
6380,2020-06-12 13:00:00,82.14197,7.915729999999996,273.62855529785156
6381,2020-06-12 14:00:00,82.18306,7.83005,273.5037536621094
6382,2020-06-12 15:00:00,82.18732,7.810540000000003,273.37598419189453
6383,2020-06-12 16:00:00,82.19199,7.788330000000002,273.3702392578125
6384,2020-06-12 17:00:00,82.20572,7.793900000000008,273.39268493652344
6385,2020-06-12 18:00:00,82.20814,7.748860000000008,273.3582534790039
6386,2020-06-12 19:00:00,82.20588,7.727640000000008,273.2592544555664
6387,2020-06-12 20:00:00,82.20316,7.710730000000012,273.3959655761719
6388,2020-06-12 21:00:00,82.20447,7.732049999999987,273.08583068847656
6389,2020-06-12 22:00:00,82.20586,7.674209999999988,273.1418228149414
6390,2020-06-12 23:00:00,82.21964,7.599889999999988,273.2332077026367
6391,2020-06-13 00:00:00,82.21809,7.577679999999987,273.3735885620117
6392,2020-06-13 01:00:00,82.2175,7.560730000000007,273.50077056884766
6393,2020-06-13 02:00:00,82.21235,7.546590000000009,273.51060485839844
6394,2020-06-13 03:00:00,82.20736,7.5370200000000125,273.46144104003906
6395,2020-06-13 04:00:00,82.20193,7.533060000000006,273.3524703979492
6396,2020-06-13 05:00:00,82.19582,7.538540000000012,273.15222930908203
6397,2020-06-13 06:00:00,82.19024,7.5484500000000025,272.9745178222656
6398,2020-06-13 07:00:00,82.18473,7.566879999999998,273.0630645751953
6399,2020-06-13 08:00:00,82.1794,7.589940000000013,273.20604705810547
6400,2020-06-13 09:00:00,82.17412,7.6152700000000095,273.3386993408203
6401,2020-06-13 10:00:00,82.16861,7.640899999999988,273.41033935546875
6402,2020-06-13 11:00:00,82.16251,7.664629999999988,273.5552215576172
6403,2020-06-13 12:00:00,82.15551,7.6830699999999865,273.71734619140625
6404,2020-06-13 13:00:00,82.1479,7.696339999999992,273.76587677001953
6405,2020-06-13 14:00:00,82.13958,7.7034400000000005,273.74048614501953
6406,2020-06-13 15:00:00,82.13075,7.70277999999999,273.69139099121094
6407,2020-06-13 16:00:00,82.12169,7.693810000000013,273.7198028564453
6408,2020-06-13 17:00:00,82.11327,7.678020000000004,273.68933868408203
6409,2020-06-13 18:00:00,82.10622,7.656839999999988,273.6337432861328
6410,2020-06-13 19:00:00,82.10018,7.637810000000002,273.6537857055664
6411,2020-06-13 20:00:00,82.09537,7.623199999999997,273.6827163696289
6412,2020-06-13 21:00:00,82.09183,7.616230000000002,273.6899719238281
6413,2020-06-13 22:00:00,82.08906,7.618860000000012,273.61573791503906
6414,2020-06-13 23:00:00,82.08658,7.632170000000002,273.54447174072266
6415,2020-06-14 00:00:00,82.08418,7.65222,273.5031967163086
6416,2020-06-14 01:00:00,82.0815,7.674749999999989,273.48915100097656
6417,2020-06-14 02:00:00,82.0785,7.7004599999999925,273.4679870605469
6418,2020-06-14 03:00:00,82.07531,7.7270599999999945,273.4704360961914
6419,2020-06-14 04:00:00,82.07208,7.752469999999988,273.4410095214844
6420,2020-06-14 05:00:00,82.06877,7.7761099999999885,273.42508697509766
6421,2020-06-14 06:00:00,82.06561,7.7973499999999945,273.4639663696289
6422,2020-06-14 07:00:00,82.06282,7.812240000000003,273.60546112060547
6423,2020-06-14 08:00:00,82.05958,7.818929999999995,273.6933822631836
6424,2020-06-14 09:00:00,82.05645,7.819760000000002,273.7505645751953
6425,2020-06-14 10:00:00,82.05281,7.8195499999999925,273.858642578125
6426,2020-06-14 11:00:00,82.04858,7.819709999999986,273.97571563720703
6427,2020-06-14 12:00:00,82.04361,7.816820000000007,274.05018615722656
6428,2020-06-14 13:00:00,82.03776,7.810200000000009,274.0221481323242
6429,2020-06-14 14:00:00,82.03091,7.7991600000000005,273.92706298828125
6430,2020-06-14 15:00:00,82.02321,7.779380000000003,273.8710479736328
6431,2020-06-14 16:00:00,82.01483,7.751170000000002,273.86792755126953
6432,2020-06-14 17:00:00,82.02285,7.7682100000000105,273.8353500366211
6433,2020-06-14 18:00:00,82.02018,7.747590000000002,273.7270812988281
6434,2020-06-14 19:00:00,82.01637,7.719840000000005,273.56986236572266
6435,2020-06-14 20:00:00,82.01184,7.698309999999992,273.4259338378906
6436,2020-06-14 21:00:00,82.00953,7.685769999999991,273.28894805908203
6437,2020-06-14 22:00:00,82.01104,7.737650000000002,273.2103500366211
6438,2020-06-14 23:00:00,82.01117,7.758780000000002,273.1259307861328
6439,2020-06-15 00:00:00,82.01063,7.831799999999987,273.11522674560547
6440,2020-06-15 01:00:00,82.00734,7.911319999999989,273.0984191894531
6441,2020-06-15 02:00:00,82.00279,7.965990000000005,273.0333786010742
6442,2020-06-15 03:00:00,81.99827,8.005840000000006,272.9317855834961
6443,2020-06-15 04:00:00,81.99479,8.032730000000015,272.9599075317383
6444,2020-06-15 05:00:00,81.99406,8.054090000000002,273.09044647216797
6445,2020-06-15 06:00:00,81.99392,8.03313,273.25318145751953
6446,2020-06-15 07:00:00,81.99616,8.019290000000012,273.40535736083984
6447,2020-06-15 08:00:00,81.99385,8.024799999999999,273.5646209716797
6448,2020-06-15 09:00:00,81.99855,8.08617000000001,273.64009857177734
6449,2020-06-15 10:00:00,82.00088,8.164230000000003,273.8382339477539
6450,2020-06-15 11:00:00,81.99949,8.17743999999999,273.9697570800781
6451,2020-06-15 12:00:00,82.01327,8.229989999999987,273.99940490722656
6452,2020-06-15 13:00:00,82.06309,8.179930000000013,274.15967559814453
6453,2020-06-15 14:00:00,82.10283,8.14685,274.2889862060547
6454,2020-06-15 15:00:00,82.11849,8.257769999999994,274.3088150024414
6455,2020-06-15 16:00:00,82.16809,8.417079999999999,274.27428436279297
6456,2020-06-15 17:00:00,82.17867,8.519499999999994,274.20503997802734
6457,2020-06-15 18:00:00,82.20635,8.413710000000009,274.1021499633789
6458,2020-06-15 19:00:00,82.21986,8.212979999999988,274.1677780151367
6459,2020-06-15 20:00:00,82.21443,8.188269999999989,274.1114273071289
6460,2020-06-15 21:00:00,82.20841,8.184329999999989,273.9539031982422
6461,2020-06-15 22:00:00,82.20766,8.20156,273.8711166381836
6462,2020-06-15 23:00:00,82.20166,8.213099999999997,273.76220703125
6463,2020-06-16 00:00:00,82.19567,8.230150000000009,273.6905975341797
6464,2020-06-16 01:00:00,82.18919,8.242850000000004,273.6556701660156
6465,2020-06-16 02:00:00,82.18236,8.25403,273.6631088256836
6466,2020-06-16 03:00:00,82.17558,8.304630000000003,273.70699310302734
6467,2020-06-16 04:00:00,82.19562,8.247309999999999,273.71410369873047
6468,2020-06-16 05:00:00,82.22065,8.180020000000013,273.69090270996094
6469,2020-06-16 06:00:00,82.22656,8.294299999999993,273.7654800415039
6470,2020-06-16 07:00:00,82.2273,8.288229999999999,273.8749084472656
6471,2020-06-16 08:00:00,82.22039,8.300569999999993,273.89453887939453
6472,2020-06-16 09:00:00,82.21501,8.311360000000008,273.89085388183594
6473,2020-06-16 10:00:00,82.20843,8.31971999999999,273.9667510986328
6474,2020-06-16 11:00:00,82.20165,8.317550000000011,273.9702911376953
6475,2020-06-16 12:00:00,82.19438,8.313940000000002,274.0286102294922
6476,2020-06-16 13:00:00,82.18663,8.306780000000003,274.0729217529297
6477,2020-06-16 14:00:00,82.1857,8.287880000000001,274.0399703979492
6478,2020-06-16 15:00:00,82.19069,8.347309999999993,273.9740219116211
6479,2020-06-16 16:00:00,82.18464,8.324630000000013,273.94673919677734
6480,2020-06-16 17:00:00,82.17918,8.297159999999991,273.96549224853516
6481,2020-06-16 18:00:00,82.17417,8.272279999999995,273.9129180908203
6482,2020-06-16 19:00:00,82.16972,8.248670000000004,273.8114700317383
6483,2020-06-16 20:00:00,82.16675,8.231169999999992,273.7129898071289
6484,2020-06-16 21:00:00,82.16454,8.227069999999998,273.66112518310547
6485,2020-06-16 22:00:00,82.16311,8.233489999999989,273.57215881347656
6486,2020-06-16 23:00:00,82.16214,8.247680000000003,273.5002975463867
6487,2020-06-17 00:00:00,82.16134,8.267150000000015,273.4969711303711
6488,2020-06-17 01:00:00,82.16033,8.289659999999998,273.59090423583984
6489,2020-06-17 02:00:00,82.15887,8.314580000000007,273.61556243896484
6490,2020-06-17 03:00:00,82.15695,8.34226000000001,273.61771392822266
6491,2020-06-17 04:00:00,82.15438,8.372109999999992,273.7031784057617
6492,2020-06-17 05:00:00,82.15143,8.406080000000003,273.7349395751953
6493,2020-06-17 06:00:00,82.17188,8.402539999999988,273.86022186279297
6494,2020-06-17 07:00:00,82.16829,8.440329999999989,273.95092010498047
6495,2020-06-17 08:00:00,82.16357,8.469699999999989,274.0524368286133
6496,2020-06-17 09:00:00,82.15873,8.493140000000011,274.11940002441406
6497,2020-06-17 10:00:00,82.15412,8.509860000000003,274.10669708251953
6498,2020-06-17 11:00:00,82.14939,8.519260000000003,274.04419708251953
6499,2020-06-17 12:00:00,82.14436,8.521029999999996,274.05682373046875
6500,2020-06-17 13:00:00,82.13911,8.515999999999991,274.0295104980469
6501,2020-06-17 14:00:00,82.13446,8.505539999999996,273.99485778808594
6502,2020-06-17 15:00:00,82.12988,8.489329999999995,274.0188293457031
6503,2020-06-17 16:00:00,82.12565,8.468430000000012,273.99244689941406
6504,2020-06-17 17:00:00,82.12249,8.448579999999993,273.9745559692383
6505,2020-06-17 18:00:00,82.1198,8.426880000000011,273.9054946899414
6506,2020-06-17 19:00:00,82.11734,8.411139999999989,273.8215789794922
6507,2020-06-17 20:00:00,82.11499,8.401970000000006,273.73050689697266
6508,2020-06-17 21:00:00,82.11325,8.399730000000005,273.64178466796875
6509,2020-06-17 22:00:00,82.11211,8.403580000000005,273.61292266845703
6510,2020-06-17 23:00:00,82.11133,8.413790000000006,273.59920501708984
6511,2020-06-18 00:00:00,82.11076,8.42931999999999,273.5761413574219
6512,2020-06-18 01:00:00,82.11004,8.447839999999985,273.54078674316406
6513,2020-06-18 02:00:00,82.10895,8.469390000000004,273.50083923339844
6514,2020-06-18 03:00:00,82.10732,8.491980000000012,273.5464096069336
6515,2020-06-18 04:00:00,82.10462,8.512650000000008,273.6402053833008
6516,2020-06-18 05:00:00,82.10105,8.52716000000001,273.7230911254883
6517,2020-06-18 06:00:00,82.09725,8.532759999999996,273.74195098876953
6518,2020-06-18 07:00:00,82.09312,8.53555,273.68702697753906
6519,2020-06-18 08:00:00,82.08901,8.536509999999993,273.76285552978516
6520,2020-06-18 09:00:00,82.08491,8.537059999999997,273.7722854614258
6521,2020-06-18 10:00:00,82.08072,8.538170000000008,273.7914123535156
6522,2020-06-18 11:00:00,82.07658,8.539569999999998,273.8075485229492
6523,2020-06-18 12:00:00,82.07207,8.539379999999994,273.8225860595703
6524,2020-06-18 13:00:00,82.0671,8.53331,273.88610076904297
6525,2020-06-18 14:00:00,82.0617,8.519990000000007,273.91082763671875
6526,2020-06-18 15:00:00,82.05608,8.499089999999995,273.9012908935547
6527,2020-06-18 16:00:00,82.05149,8.432119999999998,273.92423248291016
6528,2020-06-18 17:00:00,82.04447,8.506519999999995,273.94539642333984
6529,2020-06-18 18:00:00,82.04129,8.47641999999999,273.92208099365234
6530,2020-06-18 19:00:00,82.03876,8.457549999999998,273.80528259277344
6531,2020-06-18 20:00:00,82.03715,8.444169999999986,273.7527847290039
6532,2020-06-18 21:00:00,82.03581,8.441339999999997,273.66915130615234
6533,2020-06-18 22:00:00,82.035,8.447969999999998,273.66107177734375
6534,2020-06-18 23:00:00,82.0351,8.460070000000002,273.65885162353516
6535,2020-06-19 00:00:00,82.03584,8.477630000000005,273.68275451660156
6536,2020-06-19 01:00:00,82.03686,8.499030000000005,273.70211029052734
6537,2020-06-19 02:00:00,82.03781,8.522950000000009,273.63097381591797
6538,2020-06-19 03:00:00,82.0384,8.54853,273.6067657470703
6539,2020-06-19 04:00:00,82.03844,8.576760000000007,273.60343170166016
6540,2020-06-19 05:00:00,82.03779,8.606539999999995,273.7052459716797
6541,2020-06-19 06:00:00,82.03654,8.63785999999999,273.80054473876953
6542,2020-06-19 07:00:00,82.0346,8.665250000000015,273.6845703125
6543,2020-06-19 08:00:00,82.03135,8.673220000000015,273.56109619140625
6544,2020-06-19 09:00:00,82.02881,8.688269999999989,273.51786041259766
6545,2020-06-19 10:00:00,82.02713,8.700040000000001,273.5908660888672
6546,2020-06-19 11:00:00,82.02725,8.718220000000002,273.6300735473633
6547,2020-06-19 12:00:00,82.02769,8.74251000000001,273.68603515625
6548,2020-06-19 13:00:00,82.02782,8.76767000000001,273.6977310180664
6549,2020-06-19 14:00:00,82.02769,8.788630000000012,273.72632598876953
6550,2020-06-19 15:00:00,82.02711,8.805350000000004,273.6752624511719
6551,2020-06-19 16:00:00,82.02684,8.812219999999996,273.6427459716797
6552,2020-06-19 17:00:00,82.02695,8.811350000000004,273.53369903564453
6553,2020-06-19 18:00:00,82.02738,8.807410000000004,273.3188705444336
6554,2020-06-19 19:00:00,82.02818,8.803750000000008,273.13948822021484
6555,2020-06-19 20:00:00,82.02915,8.80682999999999,273.1163024902344
6556,2020-06-19 21:00:00,82.03057,8.81841,273.1501770019531
6557,2020-06-19 22:00:00,82.03222,8.842399999999998,273.19561767578125
6558,2020-06-19 23:00:00,82.03433,8.870769999999993,273.24153900146484
6559,2020-06-20 00:00:00,82.03671,8.903169999999989,273.2690658569336
6560,2020-06-20 01:00:00,82.03906,8.939009999999996,273.2915267944336
6561,2020-06-20 02:00:00,82.04108,8.975609999999989,273.32476806640625
6562,2020-06-20 03:00:00,82.04264,9.010899999999992,273.37914276123047
6563,2020-06-20 04:00:00,82.04366,9.042930000000013,273.5158996582031
6564,2020-06-20 05:00:00,82.04387,9.072429999999997,273.58467864990234
6565,2020-06-20 06:00:00,82.04334,9.09912,273.66785430908203
6566,2020-06-20 07:00:00,82.04206,9.120679999999993,273.73643493652344
6567,2020-06-20 08:00:00,82.04006,9.136629999999997,273.83011627197266
6568,2020-06-20 09:00:00,82.03734,9.147369999999995,273.89257049560547
6569,2020-06-20 10:00:00,82.03407,9.154269999999997,273.97196197509766
6570,2020-06-20 11:00:00,82.03044,9.155640000000005,273.9833526611328
6571,2020-06-20 12:00:00,82.02692,9.151240000000001,273.99542236328125
6572,2020-06-20 13:00:00,82.02362,9.140160000000009,273.96864318847656
6573,2020-06-20 14:00:00,82.02029,9.123750000000001,273.9327392578125
6574,2020-06-20 15:00:00,82.01707,9.100719999999995,273.90120697021484
6575,2020-06-20 16:00:00,82.01419,9.070609999999988,273.8505859375
6576,2020-06-20 17:00:00,82.01197,9.036090000000002,273.8432846069336
6577,2020-06-20 18:00:00,82.0106,9.005030000000005,273.7669219970703
6578,2020-06-20 19:00:00,82.00992,8.980279999999993,273.78167724609375
6579,2020-06-20 20:00:00,82.00961,8.963470000000001,273.7349624633789
6580,2020-06-20 21:00:00,82.00965,8.957390000000004,273.6964416503906
6581,2020-06-20 22:00:00,82.01004,8.96359000000001,273.69097900390625
6582,2020-06-20 23:00:00,82.01075,8.978730000000013,273.64920806884766
6583,2020-06-21 00:00:00,82.01169,8.999509999999987,273.65230560302734
6584,2020-06-21 01:00:00,82.01272,9.02582000000001,273.60919189453125
6585,2020-06-21 02:00:00,82.01368,9.054990000000004,273.57945251464844
6586,2020-06-21 03:00:00,82.01431,9.08644000000001,273.6294860839844
6587,2020-06-21 04:00:00,82.01424,9.116690000000006,273.6975860595703
6588,2020-06-21 05:00:00,82.01318,9.144080000000002,273.81298828125
6589,2020-06-21 06:00:00,82.01094,9.167429999999996,273.92913818359375
6590,2020-06-21 07:00:00,82.00748,9.185550000000006,274.0492630004883
6591,2020-06-21 08:00:00,82.00318,9.197910000000007,274.20867919921875
6592,2020-06-21 09:00:00,81.99834,9.204669999999993,274.36922454833984
6593,2020-06-21 10:00:00,81.99314,9.205719999999985,274.4888687133789
6594,2020-06-21 11:00:00,81.98748,9.201899999999995,274.5606994628906
6595,2020-06-21 12:00:00,81.98196,9.187579999999997,274.6520309448242
6596,2020-06-21 13:00:00,81.97743,9.162759999999992,274.6997299194336
6597,2020-06-21 14:00:00,81.97374,9.135919999999999,274.6773452758789
6598,2020-06-21 15:00:00,81.97093,9.10918000000001,274.62840270996094
6599,2020-06-21 16:00:00,81.96916,9.08393000000001,274.51512908935547
6600,2020-06-21 17:00:00,81.96843,9.059249999999992,274.4078140258789
6601,2020-06-21 18:00:00,81.96848,9.038849999999996,274.27752685546875
6602,2020-06-21 19:00:00,81.96891,9.02552,274.1417999267578
6603,2020-06-21 20:00:00,81.96931,9.017860000000013,274.004150390625
6604,2020-06-21 21:00:00,81.96979,9.017230000000012,273.8584899902344
6605,2020-06-21 22:00:00,81.97061,9.023719999999997,273.75840759277344
6606,2020-06-21 23:00:00,81.97185,9.04047,273.68265533447266
6607,2020-06-22 00:00:00,81.97366,9.06608,273.6273498535156
6608,2020-06-22 01:00:00,81.97591,9.095200000000006,273.5998840332031
6609,2020-06-22 02:00:00,81.97859,9.127749999999992,273.60791015625
6610,2020-06-22 03:00:00,81.98136,9.164549999999991,273.64772033691406
6611,2020-06-22 04:00:00,81.98392,9.202490000000012,273.7164077758789
6612,2020-06-22 05:00:00,81.98589,9.241199999999992,273.78865814208984
6613,2020-06-22 06:00:00,81.98674,9.278549999999996,273.89056396484375
6614,2020-06-22 07:00:00,81.98594,9.311630000000008,274.0301513671875
6615,2020-06-22 08:00:00,81.98393,9.335919999999987,274.1825866699219
6616,2020-06-22 09:00:00,81.98063,9.34921,274.3097686767578
6617,2020-06-22 10:00:00,81.97619,9.352840000000015,274.4262237548828
6618,2020-06-22 11:00:00,81.9717,9.343500000000006,274.50264739990234
6619,2020-06-22 12:00:00,81.96777,9.325569999999999,274.59476470947266
6620,2020-06-22 13:00:00,81.965,9.303850000000011,274.6123809814453
6621,2020-06-22 14:00:00,81.96321,9.280339999999995,274.5903778076172
6622,2020-06-22 15:00:00,81.9627,9.256220000000013,274.51625061035156
6623,2020-06-22 16:00:00,81.9635,9.234219999999993,274.3373336791992
6624,2020-06-22 17:00:00,81.96521,9.218040000000002,274.11378479003906
6625,2020-06-22 18:00:00,81.9673,9.203980000000001,273.85884857177734
6626,2020-06-22 19:00:00,81.96998,9.192430000000002,273.6255874633789
6627,2020-06-22 20:00:00,81.97309,9.192370000000011,273.3975143432617
6628,2020-06-22 21:00:00,81.97632,9.199970000000008,273.1491928100586
6629,2020-06-22 22:00:00,81.97968,9.2166,272.9415512084961
6630,2020-06-22 23:00:00,81.98347,9.242040000000003,272.85467529296875
6631,2020-06-23 00:00:00,81.98781,9.275659999999988,272.86275482177734
6632,2020-06-23 01:00:00,81.99282,9.319299999999998,272.8987808227539
6633,2020-06-23 02:00:00,81.99793,9.370550000000009,272.93038177490234
6634,2020-06-23 03:00:00,82.00282,9.427960000000013,273.0589370727539
6635,2020-06-23 04:00:00,82.007,9.486169999999987,273.20982360839844
6636,2020-06-23 05:00:00,82.01027,9.542259999999999,273.3483200073242
6637,2020-06-23 06:00:00,82.01241,9.592060000000004,273.45068359375
6638,2020-06-23 07:00:00,82.01291,9.63449,273.46529388427734
6639,2020-06-23 08:00:00,82.01173,9.666930000000008,273.3816375732422
6640,2020-06-23 09:00:00,82.0095,9.688870000000009,273.30411529541016
6641,2020-06-23 10:00:00,82.0062,9.699819999999988,273.26000213623047
6642,2020-06-23 11:00:00,82.00249,9.70105000000001,273.4149703979492
6643,2020-06-23 12:00:00,81.99867,9.696580000000012,273.57777404785156
6644,2020-06-23 13:00:00,81.99595,9.68995000000001,273.66048431396484
6645,2020-06-23 14:00:00,81.99445,9.682559999999995,273.6216125488281
6646,2020-06-23 15:00:00,81.99359,9.673609999999996,273.5707778930664
6647,2020-06-23 16:00:00,81.99367,9.658760000000001,273.6037826538086
6648,2020-06-23 17:00:00,81.99479,9.63757000000001,273.72229766845703
6649,2020-06-23 18:00:00,81.99733,9.61518000000001,273.72389221191406
6650,2020-06-23 19:00:00,82.00089,9.598690000000005,273.7405090332031
6651,2020-06-23 20:00:00,82.00535,9.590149999999994,273.78599548339844
6652,2020-06-23 21:00:00,82.01028,9.58753999999999,273.8267593383789
6653,2020-06-23 22:00:00,82.01551,9.592180000000013,273.85772705078125
6654,2020-06-23 23:00:00,82.02067,9.60623000000001,273.92574310302734
6655,2020-06-24 00:00:00,82.0258,9.63024999999999,273.9306411743164
6656,2020-06-24 01:00:00,82.03115,9.667779999999993,273.9633102416992
6657,2020-06-24 02:00:00,82.0365,9.715769999999992,273.9563217163086
6658,2020-06-24 03:00:00,82.04167,9.769389999999987,273.9303207397461
6659,2020-06-24 04:00:00,82.04604,9.826660000000004,273.8988494873047
6660,2020-06-24 05:00:00,82.04924,9.88239999999999,273.8477554321289
6661,2020-06-24 06:00:00,82.0509,9.929480000000012,273.8695755004883
6662,2020-06-24 07:00:00,82.05133,9.965219999999988,273.94422912597656
6663,2020-06-24 08:00:00,82.04989,9.988580000000013,273.9925079345703
6664,2020-06-24 09:00:00,82.04759,10.002319999999997,274.0343780517578
6665,2020-06-24 10:00:00,82.04415,10.004889999999989,274.0618438720703
6666,2020-06-24 11:00:00,82.04019,10.001139999999992,273.95914459228516
6667,2020-06-24 12:00:00,82.03634,9.990080000000006,273.92677307128906
6668,2020-06-24 13:00:00,82.03264,9.974040000000002,273.96358489990234
6669,2020-06-24 14:00:00,82.02934,9.954800000000006,273.9824905395508
6670,2020-06-24 15:00:00,82.02706,9.932449999999989,274.0899963378906
6671,2020-06-24 16:00:00,82.02576,9.904480000000007,274.2244186401367
6672,2020-06-24 17:00:00,82.02563,9.87321,274.3463134765625
6673,2020-06-24 18:00:00,82.02679,9.841700000000003,274.37940979003906
6674,2020-06-24 19:00:00,82.02881,9.81689,274.3600158691406
6675,2020-06-24 20:00:00,82.03171,9.800929999999994,274.3070373535156
6676,2020-06-24 21:00:00,82.03546,9.792300000000012,274.24434661865234
6677,2020-06-24 22:00:00,82.03954,9.79149000000001,274.13743591308594
6678,2020-06-24 23:00:00,82.04369,9.801919999999996,274.03273010253906
6679,2020-06-25 00:00:00,82.048,9.82611,273.9477233886719
6680,2020-06-25 01:00:00,82.05258,9.86124000000001,273.89225006103516
6681,2020-06-25 02:00:00,82.05699,9.906830000000014,273.866943359375
6682,2020-06-25 03:00:00,82.0608,9.960329999999999,273.91075134277344
6683,2020-06-25 04:00:00,82.06385,10.01581999999999,274.0393600463867
6684,2020-06-25 05:00:00,82.0659,10.070040000000006,274.15726470947266
6685,2020-06-25 06:00:00,82.06667,10.118529999999993,274.23624420166016
6686,2020-06-25 07:00:00,82.06662,10.157700000000006,274.3269577026367
6687,2020-06-25 08:00:00,82.06562,10.184830000000005,274.3905944824219
6688,2020-06-25 09:00:00,82.06363,10.198370000000011,274.4420928955078
6689,2020-06-25 10:00:00,82.06064,10.201189999999997,274.57886505126953
6690,2020-06-25 11:00:00,82.05696,10.194799999999987,274.66761779785156
6691,2020-06-25 12:00:00,82.05297,10.180200000000013,274.7244873046875
6692,2020-06-25 13:00:00,82.04832,10.159420000000011,274.7680206298828
6693,2020-06-25 14:00:00,82.04366,10.135690000000011,274.77799224853516
6694,2020-06-25 15:00:00,82.03969,10.108149999999995,274.69872283935547
6695,2020-06-25 16:00:00,82.03606,10.076899999999995,274.6233673095703
6696,2020-06-25 17:00:00,82.03309,10.045199999999994,274.52942657470703
6697,2020-06-25 18:00:00,82.03142,10.00721999999999,274.4580078125
6698,2020-06-25 19:00:00,82.03079,9.966849999999994,274.3635787963867
6699,2020-06-25 20:00:00,82.03151,9.930679999999995,274.29730224609375
6700,2020-06-25 21:00:00,82.0336,9.90182999999999,274.22987365722656
6701,2020-06-25 22:00:00,82.03649,9.882170000000002,274.1774444580078
6702,2020-06-25 23:00:00,82.03977,9.874120000000005,274.1255111694336
6703,2020-06-26 00:00:00,82.04326,9.879040000000003,274.0711212158203
6704,2020-06-26 01:00:00,82.04685,9.895659999999992,273.99060821533203
6705,2020-06-26 02:00:00,82.05018,9.922680000000014,273.955078125
6706,2020-06-26 03:00:00,82.05273,9.959090000000003,273.92378997802734
6707,2020-06-26 04:00:00,82.0544,10.00263000000001,273.9762649536133
6708,2020-06-26 05:00:00,82.05448,10.053629999999998,273.98709869384766
6709,2020-06-26 06:00:00,82.05331,10.103070000000002,274.03572845458984
6710,2020-06-26 07:00:00,82.05094,10.14670000000001,274.0538558959961
6711,2020-06-26 08:00:00,82.04742,10.182179999999988,274.0426788330078
6712,2020-06-26 09:00:00,82.04325,10.20832999999999,274.06871032714844
6713,2020-06-26 10:00:00,82.03838,10.220850000000013,274.2194366455078
6714,2020-06-26 11:00:00,82.03266,10.221769999999992,274.29796600341797
6715,2020-06-26 12:00:00,82.02612,10.213539999999995,274.28260803222656
6716,2020-06-26 13:00:00,82.01919,10.19174000000001,274.05235290527344
6717,2020-06-26 14:00:00,82.01221,10.16040000000001,273.8843536376953
6718,2020-06-26 15:00:00,82.00521,10.126339999999999,273.85426330566406
6719,2020-06-26 16:00:00,81.998,10.089439999999996,273.94417572021484
6720,2020-06-26 17:00:00,81.99123,10.04740000000001,273.90040588378906
6721,2020-06-26 18:00:00,81.9855,10.002350000000007,273.8931121826172
6722,2020-06-26 19:00:00,81.98081,9.956490000000002,273.99829864501953
6723,2020-06-26 20:00:00,81.97777,9.91413,274.0141372680664
6724,2020-06-26 21:00:00,81.97589,9.869689999999991,273.9911880493164
6725,2020-06-26 22:00:00,81.97556,9.831739999999996,273.99256134033203
6726,2020-06-26 23:00:00,81.97634,9.804540000000003,273.97704315185547
6727,2020-06-27 00:00:00,81.97756,9.789970000000011,273.9383239746094
6728,2020-06-27 01:00:00,81.97844,9.78555,273.9200973510742
6729,2020-06-27 02:00:00,81.97952,9.79128,273.92572021484375
6730,2020-06-27 03:00:00,81.98025,9.804939999999988,273.93408203125
6731,2020-06-27 04:00:00,81.98008,9.82580999999999,273.98887634277344
6732,2020-06-27 05:00:00,81.97864,9.850279999999998,274.05186462402344
6733,2020-06-27 06:00:00,81.97666,9.873709999999988,274.11338806152344
6734,2020-06-27 07:00:00,81.97372,9.897729999999996,274.15697479248047
6735,2020-06-27 08:00:00,81.96903,9.907759999999996,274.2261657714844
6736,2020-06-27 09:00:00,81.96397,9.911789999999996,274.3349838256836
6737,2020-06-27 10:00:00,81.95856,9.908850000000001,274.4495544433594
6738,2020-06-27 11:00:00,81.95331,9.897850000000005,274.56114959716797
6739,2020-06-27 12:00:00,81.94782,9.881959999999992,274.5836944580078
6740,2020-06-27 13:00:00,81.94172,9.86330000000001,274.5116195678711
6741,2020-06-27 14:00:00,81.93513,9.842070000000007,274.41219329833984
6742,2020-06-27 15:00:00,81.92826,9.816750000000013,274.36011505126953
6743,2020-06-27 16:00:00,81.92173,9.787229999999994,274.28721618652344
6744,2020-06-27 17:00:00,81.91587,9.754220000000004,274.1754150390625
6745,2020-06-27 18:00:00,81.91083,9.714570000000009,274.0810089111328
6746,2020-06-27 19:00:00,81.90718,9.668959999999998,274.0071029663086
6747,2020-06-27 20:00:00,81.90541,9.623789999999985,274.00201416015625
6748,2020-06-27 21:00:00,81.90498,9.580189999999988,273.98895263671875
6749,2020-06-27 22:00:00,81.90554,9.540289999999999,273.94056701660156
6750,2020-06-27 23:00:00,81.90662,9.507920000000013,273.83380126953125
6751,2020-06-28 00:00:00,81.90779,9.486549999999994,273.73104095458984
6752,2020-06-28 01:00:00,81.90864,9.476030000000009,273.6154479980469
6753,2020-06-28 02:00:00,81.90903,9.476310000000012,273.5451889038086
6754,2020-06-28 03:00:00,81.9084,9.483339999999998,273.54480743408203
6755,2020-06-28 04:00:00,81.90704,9.491829999999993,273.59232330322266
6756,2020-06-28 05:00:00,81.90523,9.501710000000003,273.64337158203125
6757,2020-06-28 06:00:00,81.90235,9.511709999999994,273.69300842285156
6758,2020-06-28 07:00:00,81.89917,9.516379999999998,273.8381652832031
6759,2020-06-28 08:00:00,81.89583,9.515870000000007,274.06773376464844
6760,2020-06-28 09:00:00,81.89209,9.513090000000005,274.12439727783203
6761,2020-06-28 10:00:00,81.88738,9.506779999999992,274.10963439941406
6762,2020-06-28 11:00:00,81.88164,9.495460000000008,274.1688003540039
6763,2020-06-28 12:00:00,81.8752,9.478710000000007,274.1292495727539
6764,2020-06-28 13:00:00,81.8684,9.45689999999999,274.1055374145508
6765,2020-06-28 14:00:00,81.86134,9.430659999999989,273.95496368408203
6766,2020-06-28 15:00:00,81.85412,9.401139999999998,273.9374008178711
6767,2020-06-28 16:00:00,81.84701,9.369370000000004,273.91912841796875
6768,2020-06-28 17:00:00,81.84043,9.335620000000006,273.8508071899414
6769,2020-06-28 18:00:00,81.83472,9.301109999999994,273.75435638427734
6770,2020-06-28 19:00:00,81.83041,9.265590000000003,273.70259857177734
6771,2020-06-28 20:00:00,81.82814,9.23218,273.6812515258789
6772,2020-06-28 21:00:00,81.82764,9.203599999999994,273.67562103271484
6773,2020-06-28 22:00:00,81.8281,9.181610000000006,273.6394500732422
6774,2020-06-28 23:00:00,81.82925,9.16516999999999,273.54479217529297
6775,2020-06-29 00:00:00,81.83084,9.155100000000004,273.51778411865234
6776,2020-06-29 01:00:00,81.83253,9.15213,273.5102844238281
6777,2020-06-29 02:00:00,81.83377,9.153860000000009,273.5960006713867
6778,2020-06-29 03:00:00,81.83379,9.158510000000007,273.7007141113281
6779,2020-06-29 04:00:00,81.83304,9.165780000000012,273.8102264404297
6780,2020-06-29 05:00:00,81.83207,9.17258000000001,273.9596862792969
6781,2020-06-29 06:00:00,81.83082,9.179609999999997,274.05418395996094
6782,2020-06-29 07:00:00,81.82937,9.181600000000003,274.1648254394531
6783,2020-06-29 08:00:00,81.82822,9.180560000000014,274.25667572021484
6784,2020-06-29 09:00:00,81.8272,9.175080000000008,274.23661041259766
6785,2020-06-29 10:00:00,81.82642,9.165809999999993,274.220458984375
6786,2020-06-29 11:00:00,81.82542,9.155599999999993,274.1324691772461
6787,2020-06-29 12:00:00,81.82392,9.143579999999986,274.0805206298828
6788,2020-06-29 13:00:00,81.82152,9.127489999999995,274.0414505004883
6789,2020-06-29 14:00:00,81.81821,9.107959999999991,274.0373764038086
6790,2020-06-29 15:00:00,81.8143,9.08511999999999,274.01868438720703
6791,2020-06-29 16:00:00,81.81009,9.058969999999988,273.9488220214844
6792,2020-06-29 17:00:00,81.80592,9.030519999999996,273.9246292114258
6793,2020-06-29 18:00:00,81.80226,8.999310000000008,273.8661804199219
6794,2020-06-29 19:00:00,81.79983,8.969690000000014,273.84559631347656
6795,2020-06-29 20:00:00,81.79874,8.944009999999992,273.8271255493164
6796,2020-06-29 21:00:00,81.79905,8.922599999999989,273.75902557373047
6797,2020-06-29 22:00:00,81.80039,8.909559999999999,273.7202606201172
6798,2020-06-29 23:00:00,81.80238,8.904779999999988,273.6656036376953
6799,2020-06-30 00:00:00,81.80459,8.90816000000001,273.6494827270508
6800,2020-06-30 01:00:00,81.80626,8.918920000000014,273.6686477661133
6801,2020-06-30 02:00:00,81.80706,8.932819999999992,273.6921081542969
6802,2020-06-30 03:00:00,81.80681,8.947929999999985,273.7130813598633
6803,2020-06-30 04:00:00,81.8058,8.960289999999986,273.72936248779297
6804,2020-06-30 05:00:00,81.80408,8.970979999999997,273.72044372558594
6805,2020-06-30 06:00:00,81.80192,8.978129999999993,273.7259063720703
6806,2020-06-30 07:00:00,81.8,8.980430000000013,273.8060607910156
6807,2020-06-30 08:00:00,81.79832,8.980150000000009,273.9500198364258
6808,2020-06-30 09:00:00,81.7971,8.979389999999995,274.0565185546875
6809,2020-06-30 10:00:00,81.79579,8.97905,274.1121063232422
6810,2020-06-30 11:00:00,81.79441,8.977480000000014,274.17383575439453
6811,2020-06-30 12:00:00,81.79257,8.975169999999991,274.1818542480469
6812,2020-06-30 13:00:00,81.79011,8.969719999999995,274.15716552734375
6813,2020-06-30 14:00:00,81.787,8.960100000000011,274.0531692504883
6814,2020-06-30 15:00:00,81.78332,8.945670000000007,273.9625549316406
6815,2020-06-30 16:00:00,81.77925,8.926729999999992,273.92234802246094
6816,2020-06-30 17:00:00,81.77523,8.904930000000007,273.82850646972656
6817,2020-06-30 18:00:00,81.77186,8.882409999999993,273.67999267578125
6818,2020-06-30 19:00:00,81.76948,8.859090000000009,273.54834747314453
6819,2020-06-30 20:00:00,81.76837,8.836849999999998,273.42896270751953
6820,2020-06-30 21:00:00,81.76883,8.819760000000002,273.32054901123047
6821,2020-06-30 22:00:00,81.77057,8.810810000000004,273.27357482910156
6822,2020-06-30 23:00:00,81.77284,8.810859999999991,273.2553024291992
6823,2020-07-01 00:00:00,81.77536,8.81944999999999,273.2301330566406
6824,2020-07-01 01:00:00,81.77736,8.832870000000014,273.1871032714844
6825,2020-07-01 02:00:00,81.77835,8.849109999999996,273.1351318359375
6826,2020-07-01 03:00:00,81.77821,8.865010000000012,273.08001708984375
6827,2020-07-01 04:00:00,81.77702,8.878199999999993,273.0411148071289
6828,2020-07-01 05:00:00,81.77506,8.887290000000007,273.0489196777344
6829,2020-07-01 06:00:00,81.77251,8.891629999999992,273.07303619384766
6830,2020-07-01 07:00:00,81.77003,8.89009999999999,273.09493255615234
6831,2020-07-01 08:00:00,81.76826,8.885590000000008,273.1491928100586
6832,2020-07-01 09:00:00,81.76716,8.880480000000006,273.20558166503906
6833,2020-07-01 10:00:00,81.76655,8.876100000000008,273.30054473876953
6834,2020-07-01 11:00:00,81.7661,8.872180000000014,273.4253387451172
6835,2020-07-01 12:00:00,81.76562,8.868290000000002,273.51976776123047
6836,2020-07-01 13:00:00,81.76476,8.86393000000001,273.5993423461914
6837,2020-07-01 14:00:00,81.76338,8.857200000000006,273.6597595214844
6838,2020-07-01 15:00:00,81.76138,8.844680000000011,273.6908645629883
6839,2020-07-01 16:00:00,81.75902,8.826429999999988,273.70518493652344
6840,2020-07-01 17:00:00,81.75661,8.804159999999996,273.75460052490234
6841,2020-07-01 18:00:00,81.75457,8.77973,273.73011779785156
6842,2020-07-01 19:00:00,81.75331,8.756110000000007,273.77864837646484
6843,2020-07-01 20:00:00,81.75307,8.735299999999995,273.7414093017578
6844,2020-07-01 21:00:00,81.75398,8.718760000000003,273.70851135253906
6845,2020-07-01 22:00:00,81.75549,8.707510000000013,273.6611099243164
6846,2020-07-01 23:00:00,81.75724,8.700260000000014,273.64410400390625
6847,2020-07-02 00:00:00,81.75907,8.69529,273.69884490966797
6848,2020-07-02 01:00:00,81.76059,8.691699999999997,273.7226104736328
6849,2020-07-02 02:00:00,81.76123,8.689940000000007,273.7698516845703
6850,2020-07-02 03:00:00,81.76081,8.68422000000001,273.7732238769531
6851,2020-07-02 04:00:00,81.75895,8.673169999999999,273.8401184082031
6852,2020-07-02 05:00:00,81.7557,8.657800000000009,273.84004974365234
6853,2020-07-02 06:00:00,81.75146,8.636860000000013,273.7440414428711
6854,2020-07-02 07:00:00,81.74642,8.612599999999986,273.7124938964844
6855,2020-07-02 08:00:00,81.74075,8.585250000000002,273.60994720458984
6856,2020-07-02 09:00:00,81.73494,8.55447000000001,273.57655334472656
6857,2020-07-02 10:00:00,81.7297,8.521919999999994,273.5844039916992
6858,2020-07-02 11:00:00,81.72498,8.489920000000012,273.6608200073242
6859,2020-07-02 12:00:00,81.72045,8.459429999999998,273.72859954833984
6860,2020-07-02 13:00:00,81.7162,8.427899999999994,273.752197265625
6861,2020-07-02 14:00:00,81.71168,8.395780000000002,273.7733154296875
6862,2020-07-02 15:00:00,81.70666,8.362729999999999,273.79026794433594
6863,2020-07-02 16:00:00,81.70121,8.326699999999988,273.7931900024414
6864,2020-07-02 17:00:00,81.69557,8.285470000000004,273.78369903564453
6865,2020-07-02 18:00:00,81.69071,8.239650000000012,273.75437927246094
6866,2020-07-02 19:00:00,81.68709,8.190660000000008,273.73140716552734
6867,2020-07-02 20:00:00,81.68529,8.139399999999995,273.7314224243164
6868,2020-07-02 21:00:00,81.68605,8.09411,273.7281799316406
6869,2020-07-02 22:00:00,81.68854,8.05519000000001,273.72081756591797
6870,2020-07-02 23:00:00,81.69223,8.025389999999987,273.72642517089844
6871,2020-07-03 00:00:00,81.69558,8.005529999999993,273.73485565185547
6872,2020-07-03 01:00:00,81.698,7.992379999999997,273.7748489379883
6873,2020-07-03 02:00:00,81.6992,7.98078000000001,273.8806457519531
6874,2020-07-03 03:00:00,81.69927,7.967880000000008,273.9233856201172
6875,2020-07-03 04:00:00,81.69776,7.952220000000011,273.96875762939453
6876,2020-07-03 05:00:00,81.6946,7.928370000000001,273.8869171142578
6877,2020-07-03 06:00:00,81.6902,7.892040000000009,273.9010314941406
6878,2020-07-03 07:00:00,81.68506,7.84523999999999,274.0005340576172
6879,2020-07-03 08:00:00,81.67978,7.789449999999988,274.1357421875
6880,2020-07-03 09:00:00,81.67557,7.723129999999998,274.25988006591797
6881,2020-07-03 10:00:00,81.67263,7.652839999999998,274.3888702392578
6882,2020-07-03 11:00:00,81.67125,7.581520000000012,274.6016616821289
6883,2020-07-03 12:00:00,81.67165,7.515209999999996,274.824462890625
6884,2020-07-03 13:00:00,81.67317,7.455999999999989,275.0342559814453
6885,2020-07-03 14:00:00,81.6755,7.40209999999999,275.09039306640625
6886,2020-07-03 15:00:00,81.67798,7.357789999999994,275.0694351196289
6887,2020-07-03 16:00:00,81.67896,7.316869999999994,275.1027374267578
6888,2020-07-03 17:00:00,81.67974,7.2722499999999854,275.08922576904297
6889,2020-07-03 18:00:00,81.68079,7.2243799999999965,275.0306167602539
6890,2020-07-03 19:00:00,81.68188,7.1792700000000025,274.9937057495117
6891,2020-07-03 20:00:00,81.68341,7.137969999999996,274.88207244873047
6892,2020-07-03 21:00:00,81.68595,7.09738999999999,274.70611572265625
6893,2020-07-03 22:00:00,81.68953,7.056549999999987,274.5190124511719
6894,2020-07-03 23:00:00,81.69451,7.022580000000005,274.35363006591797
6895,2020-07-04 00:00:00,81.69968,6.99978999999999,274.1757507324219
6896,2020-07-04 01:00:00,81.70505,6.98590999999999,274.0558547973633
6897,2020-07-04 02:00:00,81.70914,6.977589999999992,274.0110855102539
6898,2020-07-04 03:00:00,81.71144,6.974050000000005,274.0080108642578
6899,2020-07-04 04:00:00,81.71248,6.969560000000001,274.0227966308594
6900,2020-07-04 05:00:00,81.71248,6.9611500000000035,274.0096969604492
6901,2020-07-04 06:00:00,81.71112,6.944199999999995,274.0974655151367
6902,2020-07-04 07:00:00,81.70894,6.916850000000011,274.25221252441406
6903,2020-07-04 08:00:00,81.70703,6.8796199999999885,274.4719772338867
6904,2020-07-04 09:00:00,81.70576,6.834640000000007,274.70655822753906
6905,2020-07-04 10:00:00,81.70558,6.7856800000000135,275.00221252441406
6906,2020-07-04 11:00:00,81.70646,6.73993999999999,275.211669921875
6907,2020-07-04 12:00:00,81.70845,6.704530000000005,275.29834747314453
6908,2020-07-04 13:00:00,81.71095,6.682899999999989,275.3042678833008
6909,2020-07-04 14:00:00,81.713,6.669309999999996,275.2991027832031
6910,2020-07-04 15:00:00,81.71442,6.657999999999987,275.2286071777344
6911,2020-07-04 16:00:00,81.71546,6.645160000000004,275.1148223876953
6912,2020-07-04 17:00:00,81.7159,6.629449999999991,274.91529083251953
6913,2020-07-04 18:00:00,81.71579,6.610839999999996,274.7617645263672
6914,2020-07-04 19:00:00,81.71558,6.589709999999997,274.57496643066406
6915,2020-07-04 20:00:00,81.71573,6.567180000000008,274.4242706298828
6916,2020-07-04 21:00:00,81.71686,6.5466399999999965,274.22654724121094
6917,2020-07-04 22:00:00,81.71941,6.529869999999988,274.05794525146484
6918,2020-07-04 23:00:00,81.72264,6.522120000000001,273.95328521728516
6919,2020-07-05 00:00:00,81.7259,6.525810000000007,274.02254486083984
6920,2020-07-05 01:00:00,81.72854,6.537319999999994,273.8543014526367
6921,2020-07-05 02:00:00,81.73026,6.549839999999989,273.720947265625
6922,2020-07-05 03:00:00,81.73085,6.559809999999999,273.7574462890625
6923,2020-07-05 04:00:00,81.72988,6.56271000000001,273.61865997314453
6924,2020-07-05 05:00:00,81.72715,6.551880000000011,273.48473358154297
6925,2020-07-05 06:00:00,81.72313,6.526420000000002,273.5198440551758
6926,2020-07-05 07:00:00,81.71847,6.487819999999999,273.66223907470703
6927,2020-07-05 08:00:00,81.7137,6.439040000000006,273.73609924316406
6928,2020-07-05 09:00:00,81.70947,6.38873000000001,273.9535217285156
6929,2020-07-05 10:00:00,81.70596,6.341319999999996,274.22330474853516
6930,2020-07-05 11:00:00,81.70211,6.295479999999998,274.3487319946289
6931,2020-07-05 12:00:00,81.69782,6.249779999999987,274.4119338989258
6932,2020-07-05 13:00:00,81.69381,6.206610000000012,274.4254379272461
6933,2020-07-05 14:00:00,81.69024,6.161869999999993,274.45208740234375
6934,2020-07-05 15:00:00,81.68763,6.114210000000014,274.65164947509766
6935,2020-07-05 16:00:00,81.68556,6.06465,274.70349884033203
6936,2020-07-05 17:00:00,81.68372,6.0124700000000075,274.5496139526367
6937,2020-07-05 18:00:00,81.68232,5.95729,274.3523941040039
6938,2020-07-05 19:00:00,81.68161,5.901540000000011,274.23474884033203
6939,2020-07-05 20:00:00,81.68217,5.8463999999999885,274.220458984375
6940,2020-07-05 21:00:00,81.68345,5.797069999999991,274.19647216796875
6941,2020-07-05 22:00:00,81.68558,5.756249999999994,274.25492095947266
6942,2020-07-05 23:00:00,81.68979,5.723099999999988,274.3536071777344
6943,2020-07-06 00:00:00,81.69459,5.700909999999993,274.3747787475586
6944,2020-07-06 01:00:00,81.69894,5.688580000000002,274.4006652832031
6945,2020-07-06 02:00:00,81.70248,5.683619999999991,274.43567657470703
6946,2020-07-06 03:00:00,81.70527,5.684110000000004,274.4227981567383
6947,2020-07-06 04:00:00,81.70669,5.682709999999986,274.46485900878906
6948,2020-07-06 05:00:00,81.70656,5.675009999999986,274.46981048583984
6949,2020-07-06 06:00:00,81.70508,5.659780000000012,274.48326110839844
6950,2020-07-06 07:00:00,81.70232,5.636879999999991,274.5484924316406
6951,2020-07-06 08:00:00,81.69844,5.60338999999999,274.64952087402344
6952,2020-07-06 09:00:00,81.69411,5.560789999999997,274.6841125488281
6953,2020-07-06 10:00:00,81.68965,5.513540000000006,274.6968460083008
6954,2020-07-06 11:00:00,81.68536,5.462469999999996,274.7060317993164
6955,2020-07-06 12:00:00,81.68166,5.408970000000011,274.6986389160156
6956,2020-07-06 13:00:00,81.67886,5.355739999999997,274.68631744384766
6957,2020-07-06 14:00:00,81.67714,5.307819999999992,274.68426513671875
6958,2020-07-06 15:00:00,81.67602,5.2640499999999975,274.64270782470703
6959,2020-07-06 16:00:00,81.67506,5.222669999999994,274.5425491333008
6960,2020-07-06 17:00:00,81.67371,5.179090000000002,274.5295639038086
6961,2020-07-06 18:00:00,81.67206,5.132730000000009,274.4855728149414
6962,2020-07-06 19:00:00,81.67032,5.082310000000007,274.3861312866211
6963,2020-07-06 20:00:00,81.66884,5.029410000000013,274.3255386352539
6964,2020-07-06 21:00:00,81.66788,4.976529999999997,274.32166290283203
6965,2020-07-06 22:00:00,81.66737,4.925459999999987,274.3040237426758
6966,2020-07-06 23:00:00,81.66747,4.879660000000001,274.2602081298828
6967,2020-07-07 00:00:00,81.66903,4.844950000000011,274.2153091430664
6968,2020-07-07 01:00:00,81.67115,4.817489999999992,274.1628189086914
6969,2020-07-07 02:00:00,81.67358,4.796840000000003,274.17918395996094
6970,2020-07-07 03:00:00,81.67557,4.784150000000011,274.15218353271484
6971,2020-07-07 04:00:00,81.67664,4.780110000000008,274.1806106567383
6972,2020-07-07 05:00:00,81.67623,4.77919,274.2428970336914
6973,2020-07-07 06:00:00,81.67392,4.770620000000008,274.3132781982422
6974,2020-07-07 07:00:00,81.66996,4.755159999999989,274.40979766845703
6975,2020-07-07 08:00:00,81.66439,4.727669999999989,274.4152297973633
6976,2020-07-07 09:00:00,81.65797,4.688060000000007,274.3918685913086
6977,2020-07-07 10:00:00,81.65129,4.639949999999999,274.3845977783203
6978,2020-07-07 11:00:00,81.64495,4.580520000000007,274.40040588378906
6979,2020-07-07 12:00:00,81.6398,4.5133399999999995,274.5182418823242
6980,2020-07-07 13:00:00,81.6359,4.442350000000005,274.6030731201172
6981,2020-07-07 14:00:00,81.63311,4.373259999999988,274.5550842285156
6982,2020-07-07 15:00:00,81.6313,4.309269999999998,274.55018615722656
6983,2020-07-07 16:00:00,81.62976,4.249300000000005,274.4640426635742
6984,2020-07-07 17:00:00,81.6283,4.190380000000005,274.3357467651367
6985,2020-07-07 18:00:00,81.62659,4.132170000000002,274.2019729614258
6986,2020-07-07 19:00:00,81.62409,4.071329999999989,274.1261672973633
6987,2020-07-07 20:00:00,81.62136,4.008659999999992,274.1101608276367
6988,2020-07-07 21:00:00,81.61902,3.9429599999999994,274.1196823120117
6989,2020-07-07 22:00:00,81.61723,3.877190000000013,274.1304473876953
6990,2020-07-07 23:00:00,81.61664,3.8116400000000112,274.1329040527344
6991,2020-07-08 00:00:00,81.61746,3.750409999999988,274.1800079345703
6992,2020-07-08 01:00:00,81.61944,3.6950899999999933,274.16844940185547
6993,2020-07-08 02:00:00,81.6217,3.6509499999999946,274.20172119140625
6994,2020-07-08 03:00:00,81.62371,3.61712,274.2710876464844
6995,2020-07-08 04:00:00,81.62483,3.5880500000000097,274.2805404663086
6996,2020-07-08 05:00:00,81.62462,3.560540000000003,274.2633972167969
6997,2020-07-08 06:00:00,81.62357,3.531720000000007,274.2944030761719
6998,2020-07-08 07:00:00,81.62138,3.4999799999999937,274.3820571899414
6999,2020-07-08 08:00:00,81.61794,3.463930000000005,274.4684524536133
7000,2020-07-08 09:00:00,81.61313,3.4230499999999893,274.5948181152344
7001,2020-07-08 10:00:00,81.60739,3.372530000000012,274.63673400878906
7002,2020-07-08 11:00:00,81.60173,3.311939999999993,274.66200256347656
7003,2020-07-08 12:00:00,81.59656,3.2503399999999942,274.79398345947266
7004,2020-07-08 13:00:00,81.59247,3.188260000000014,274.82083892822266
7005,2020-07-08 14:00:00,81.5899,3.1251000000000033,274.84496307373047
7006,2020-07-08 15:00:00,81.58824,3.065899999999999,274.8545455932617
7007,2020-07-08 16:00:00,81.58657,3.018339999999995,274.72127532958984
7008,2020-07-08 17:00:00,81.58491,2.975760000000008,274.5781555175781
7009,2020-07-08 18:00:00,81.58268,2.936080000000004,274.54276275634766
7010,2020-07-08 19:00:00,81.58,2.8947900000000004,274.52722930908203
7011,2020-07-08 20:00:00,81.57636,2.8540000000000134,274.50194549560547
7012,2020-07-08 21:00:00,81.57237,2.80865,274.45906829833984
7013,2020-07-08 22:00:00,81.56837,2.7594100000000026,274.39398193359375
7014,2020-07-08 23:00:00,81.56521,2.709630000000004,274.3148422241211
7015,2020-07-09 00:00:00,81.56213,2.6678599999999904,274.20365142822266
7016,2020-07-09 01:00:00,81.56078,2.6320399999999893,274.1446228027344
7017,2020-07-09 02:00:00,81.56044,2.6092099999999903,274.09635162353516
7018,2020-07-09 03:00:00,81.56031,2.6011000000000024,274.0733642578125
7019,2020-07-09 04:00:00,81.56046,2.600760000000008,274.05626678466797
7020,2020-07-09 05:00:00,81.56052,2.602749999999986,274.0371780395508
7021,2020-07-09 06:00:00,81.5602,2.604929999999996,274.03013610839844
7022,2020-07-09 07:00:00,81.55923,2.6060799999999915,274.1098403930664
7023,2020-07-09 08:00:00,81.55747,2.605770000000007,274.2847595214844
7024,2020-07-09 09:00:00,81.55462,2.6035300000000063,274.46436309814453
7025,2020-07-09 10:00:00,81.55082,2.598639999999989,274.75757598876953
7026,2020-07-09 11:00:00,81.54644,2.5909599999999955,275.0531692504883
7027,2020-07-09 12:00:00,81.54248,2.5823900000000037,275.1798095703125
7028,2020-07-09 13:00:00,81.53897,2.573919999999987,275.45758056640625
7029,2020-07-09 14:00:00,81.53595,2.567200000000014,275.5049285888672
7030,2020-07-09 15:00:00,81.53318,2.561489999999992,275.37830352783203
7031,2020-07-09 16:00:00,81.53054,2.5573200000000043,275.17970275878906
7032,2020-07-09 17:00:00,81.52805,2.5488200000000063,275.0541076660156
7033,2020-07-09 18:00:00,81.52603,2.5338199999999915,274.8445358276367
7034,2020-07-09 19:00:00,81.52469,2.5121499999999912,274.7160186767578
7035,2020-07-09 20:00:00,81.52366,2.4874499999999955,274.5754623413086
7036,2020-07-09 21:00:00,81.52254,2.4622500000000116,274.3601531982422
7037,2020-07-09 22:00:00,81.5214,2.438060000000007,274.2755661010742
7038,2020-07-09 23:00:00,81.5205,2.415169999999989,274.23023223876953
7039,2020-07-10 00:00:00,81.51997,2.3962300000000027,274.0902633666992
7040,2020-07-10 01:00:00,81.51988,2.3833999999999946,274.0965118408203
7041,2020-07-10 02:00:00,81.52051,2.3780500000000018,274.1209716796875
7042,2020-07-10 03:00:00,81.52153,2.3789999999999907,274.1200714111328
7043,2020-07-10 04:00:00,81.5228,2.3847100000000125,274.1897201538086
7044,2020-07-10 05:00:00,81.52349,2.392560000000003,274.21524810791016
7045,2020-07-10 06:00:00,81.52348,2.400499999999994,274.19380950927734
7046,2020-07-10 07:00:00,81.52266,2.4066799999999944,274.1782531738281
7047,2020-07-10 08:00:00,81.52103,2.409339999999986,274.15582275390625
7048,2020-07-10 09:00:00,81.51841,2.407759999999996,274.1664047241211
7049,2020-07-10 10:00:00,81.51474,2.4003199999999936,274.3047790527344
7050,2020-07-10 11:00:00,81.51054,2.3873299999999915,274.4245300292969
7051,2020-07-10 12:00:00,81.50622,2.368850000000009,274.5791778564453
7052,2020-07-10 13:00:00,81.50191,2.3462499999999977,274.66001892089844
7053,2020-07-10 14:00:00,81.49786,2.320619999999991,274.76680755615234
7054,2020-07-10 15:00:00,81.49401,2.293219999999991,274.7689895629883
7055,2020-07-10 16:00:00,81.49056,2.2657900000000097,274.68975830078125
7056,2020-07-10 17:00:00,81.48753,2.238030000000009,274.5041961669922
7057,2020-07-10 18:00:00,81.48511,2.203460000000007,274.37147521972656
7058,2020-07-10 19:00:00,81.48319,2.166930000000008,274.25941467285156
7059,2020-07-10 20:00:00,81.4816,2.1290500000000065,274.11283111572266
7060,2020-07-10 21:00:00,81.47972,2.0912999999999897,274.0060729980469
7061,2020-07-10 22:00:00,81.4779,2.0457999999999856,273.9144821166992
7062,2020-07-10 23:00:00,81.47604,1.998899999999992,273.83506774902344
7063,2020-07-11 00:00:00,81.47443,1.9565200000000118,273.70750427246094
7064,2020-07-11 01:00:00,81.47285,1.915629999999993,273.55580139160156
7065,2020-07-11 02:00:00,81.47099,1.8814999999999884,273.57093811035156
7066,2020-07-11 03:00:00,81.46901,1.85193000000001,273.69090270996094
7067,2020-07-11 04:00:00,81.46728,1.8259600000000091,273.841552734375
7068,2020-07-11 05:00:00,81.46558,1.8037999999999954,273.86592864990234
7069,2020-07-11 06:00:00,81.46333,1.7815300000000036,273.8282775878906
7070,2020-07-11 07:00:00,81.46051,1.7554800000000057,273.82161712646484
7071,2020-07-11 08:00:00,81.45726,1.7232899999999916,273.88492584228516
7072,2020-07-11 09:00:00,81.45363,1.6854199999999935,274.07286834716797
7073,2020-07-11 10:00:00,81.44993,1.6409999999999911,274.30480194091797
7074,2020-07-11 11:00:00,81.44711,1.5898200000000031,274.6492385864258
7075,2020-07-11 12:00:00,81.4458,1.5367799999999932,274.84403228759766
7076,2020-07-11 13:00:00,81.44538,1.483000000000004,275.0069274902344
7077,2020-07-11 14:00:00,81.44516,1.4258000000000095,274.9791488647461
7078,2020-07-11 15:00:00,81.44561,1.3677800000000104,274.9150161743164
7079,2020-07-11 16:00:00,81.44693,1.3102199999999868,274.8797836303711
7080,2020-07-11 17:00:00,81.44873,1.2563000000000102,274.5989227294922
7081,2020-07-11 18:00:00,81.45049,1.207950000000011,274.4442443847656
7082,2020-07-11 19:00:00,81.45131,1.163000000000011,274.4544982910156
7083,2020-07-11 20:00:00,81.4514,1.111459999999994,274.45001220703125
7084,2020-07-11 21:00:00,81.45086,1.0578399999999988,274.354736328125
7085,2020-07-11 22:00:00,81.44946,0.9949300000000108,274.2701187133789
7086,2020-07-11 23:00:00,81.44711,0.9251199999999926,274.20572662353516
7087,2020-07-12 00:00:00,81.44543,0.8464500000000044,274.117431640625
7088,2020-07-12 01:00:00,81.44491,0.7696699999999908,274.05848693847656
7089,2020-07-12 02:00:00,81.44606,0.7055599999999913,274.01483154296875
7090,2020-07-12 03:00:00,81.44837,0.6557799999999929,274.0071487426758
7091,2020-07-12 04:00:00,81.45106,0.6245700000000056,274.02149963378906
7092,2020-07-12 05:00:00,81.45315,0.6089900000000057,274.07249450683594
7093,2020-07-12 06:00:00,81.4542,0.6028100000000052,274.1503677368164
7094,2020-07-12 07:00:00,81.45412,0.5975300000000061,274.15970611572266
7095,2020-07-12 08:00:00,81.45272,0.5892399999999895,274.25208282470703
7096,2020-07-12 09:00:00,81.45041,0.5741700000000094,274.2900085449219
7097,2020-07-12 10:00:00,81.44779,0.5509700000000066,274.34706115722656
7098,2020-07-12 11:00:00,81.44535,0.521649999999994,274.35684967041016
7099,2020-07-12 12:00:00,81.44365,0.4906599999999912,274.3694305419922
7100,2020-07-12 13:00:00,81.44272,0.4617100000000107,274.36473083496094
7101,2020-07-12 14:00:00,81.44048,0.43197000000000685,274.35033416748047
7102,2020-07-12 15:00:00,81.44466,0.45235999999999876,274.3309631347656
7103,2020-07-12 16:00:00,81.44323,0.42250000000001364,274.2514190673828
7104,2020-07-12 17:00:00,81.44283,0.41301999999998884,274.1914978027344
7105,2020-07-12 18:00:00,81.44247,0.41040000000000987,274.15772247314453
7106,2020-07-12 19:00:00,81.44164,0.40668999999999755,274.11814880371094
7107,2020-07-12 20:00:00,81.43996,0.39732000000000767,274.064697265625
7108,2020-07-12 21:00:00,81.43802,0.3828900000000033,274.02420806884766
7109,2020-07-12 22:00:00,81.4356,0.362480000000005,273.95580291748047
7110,2020-07-12 23:00:00,81.43364,0.3413799999999867,273.9303970336914
7111,2020-07-13 00:00:00,81.4319,0.321629999999999,273.88964080810547
7112,2020-07-13 01:00:00,81.43062,0.30359999999998877,273.8703079223633
7113,2020-07-13 02:00:00,81.42967,0.2892999999999972,273.89379119873047
7114,2020-07-13 03:00:00,81.42913,0.28097999999999956,273.90960693359375
7115,2020-07-13 04:00:00,81.42881,0.28034999999999854,273.9369583129883
7116,2020-07-13 05:00:00,81.42842,0.287620000000004,274.0344772338867
7117,2020-07-13 06:00:00,81.4277,0.2991100000000131,274.1635284423828
7118,2020-07-13 07:00:00,81.42636,0.3107599999999877,274.2157440185547
7119,2020-07-13 08:00:00,81.42442,0.31827999999998724,274.3982849121094
7120,2020-07-13 09:00:00,81.42211,0.31970000000001164,274.59812927246094
7121,2020-07-13 10:00:00,81.4198,0.31569999999999254,274.83843994140625
7122,2020-07-13 11:00:00,81.41768,0.3080400000000054,274.98619079589844
7123,2020-07-13 12:00:00,81.41587,0.29879999999999995,275.05431365966797
7124,2020-07-13 13:00:00,81.41441,0.28998999999998887,275.1251449584961
7125,2020-07-13 14:00:00,81.41326,0.2829099999999869,275.1067886352539
7126,2020-07-13 15:00:00,81.41236,0.2786999999999864,274.9857864379883
7127,2020-07-13 16:00:00,81.41155,0.27744999999998754,274.8627700805664
7128,2020-07-13 17:00:00,81.41082,0.2777900000000102,274.73242950439453
7129,2020-07-13 18:00:00,81.40995,0.2778199999999913,274.63489532470703
7130,2020-07-13 19:00:00,81.40898,0.27595999999999776,274.45055389404297
7131,2020-07-13 20:00:00,81.40779,0.26885999999998944,274.3373031616211
7132,2020-07-13 21:00:00,81.40669,0.2583500000000072,274.18323516845703
7133,2020-07-13 22:00:00,81.40581,0.24616000000000327,274.09239196777344
7134,2020-07-13 23:00:00,81.40506,0.2347300000000132,274.0518798828125
7135,2020-07-14 00:00:00,81.40436,0.2236300000000142,273.9853820800781
7136,2020-07-14 01:00:00,81.40336,0.21055999999998676,273.97017669677734
7137,2020-07-14 02:00:00,81.40252,0.2029799999999966,273.9647674560547
7138,2020-07-14 03:00:00,81.40174,0.20194000000000756,273.928466796875
7139,2020-07-14 04:00:00,81.40068,0.2082200000000114,273.93553161621094
7140,2020-07-14 05:00:00,81.39905,0.21858000000000288,273.95348358154297
7141,2020-07-14 06:00:00,81.3968,0.23060000000000969,273.99427032470703
7142,2020-07-14 07:00:00,81.3939,0.240949999999998,274.0329895019531
7143,2020-07-14 08:00:00,81.39079,0.2487299999999948,274.0969696044922
7144,2020-07-14 09:00:00,81.38754,0.2529399999999953,274.18094635009766
7145,2020-07-14 10:00:00,81.38427,0.25430000000000064,274.2655334472656
7146,2020-07-14 11:00:00,81.38101,0.25415000000000987,274.382568359375
7147,2020-07-14 12:00:00,81.37765,0.25371999999998707,274.4933547973633
7148,2020-07-14 13:00:00,81.37425,0.25481999999999516,274.54148864746094
7149,2020-07-14 14:00:00,81.37082,0.25820999999999117,274.62584686279297
7150,2020-07-14 15:00:00,81.36719,0.263859999999994,274.59967041015625
7151,2020-07-14 16:00:00,81.36341,0.2720199999999977,274.5365982055664
7152,2020-07-14 17:00:00,81.3596,0.28152000000000044,274.47930908203125
7153,2020-07-14 18:00:00,81.35564,0.28944000000001324,274.31592559814453
7154,2020-07-14 19:00:00,81.35153,0.29308000000000334,274.25647735595703
7155,2020-07-14 20:00:00,81.34758,0.29201000000000477,274.1046829223633
7156,2020-07-14 21:00:00,81.34399,0.2859500000000139,273.9969482421875
7157,2020-07-14 22:00:00,81.3412,0.2795900000000131,273.87208557128906
7158,2020-07-14 23:00:00,81.33895,0.275180000000006,273.80169677734375
7159,2020-07-15 00:00:00,81.33697,0.2744899999999859,273.7198181152344
7160,2020-07-15 01:00:00,81.3349,0.27759000000000356,273.63336181640625
7161,2020-07-15 02:00:00,81.33268,0.28535999999999717,273.58060455322266
7162,2020-07-15 03:00:00,81.32994,0.29642999999998665,273.5371551513672
7163,2020-07-15 04:00:00,81.3265,0.30897999999999115,273.5530548095703
7164,2020-07-15 05:00:00,81.32236,0.3208500000000072,273.56981658935547
7165,2020-07-15 06:00:00,81.31774,0.3300800000000095,273.58451080322266
7166,2020-07-15 07:00:00,81.31303,0.33556999999998993,273.69054412841797
7167,2020-07-15 08:00:00,81.30856,0.33741000000000554,273.8003616333008
7168,2020-07-15 09:00:00,81.30471,0.3361099999999908,273.8452911376953
7169,2020-07-15 10:00:00,81.30158,0.33202,273.89527130126953
7170,2020-07-15 11:00:00,81.29922,0.32608999999999355,273.9619598388672
7171,2020-07-15 12:00:00,81.29746,0.3203399999999874,274.0178527832031
7172,2020-07-15 13:00:00,81.29596,0.3164600000000064,274.04769134521484
7173,2020-07-15 14:00:00,81.29446,0.3147899999999879,274.068115234375
7174,2020-07-15 15:00:00,81.29257,0.3160399999999868,274.03951263427734
7175,2020-07-15 16:00:00,81.29009,0.3192099999999982,273.9452362060547
7176,2020-07-15 17:00:00,81.28713,0.32352000000000203,273.87818908691406
7177,2020-07-15 18:00:00,81.2838,0.32824999999999704,273.8547134399414
7178,2020-07-15 19:00:00,81.28018,0.3316499999999962,273.8062515258789
7179,2020-07-15 20:00:00,81.27665,0.3315499999999929,273.7904586791992
7180,2020-07-15 21:00:00,81.27352,0.32793000000000916,273.7480773925781
7181,2020-07-15 22:00:00,81.27095,0.32227000000000317,273.72574615478516
7182,2020-07-15 23:00:00,81.26894,0.3154700000000048,273.73992919921875
7183,2020-07-16 00:00:00,81.26729,0.3090400000000102,273.5975799560547
7184,2020-07-16 01:00:00,81.26562,0.30416999999999916,273.60023498535156
7185,2020-07-16 02:00:00,81.2635,0.30207999999998947,273.6403350830078
7186,2020-07-16 03:00:00,81.26079,0.30258000000000607,273.72034454345703
7187,2020-07-16 04:00:00,81.25742,0.30471000000000004,273.8194808959961
7188,2020-07-16 05:00:00,81.25358,0.30714000000000397,273.9452667236328
7189,2020-07-16 06:00:00,81.24939,0.30920000000000414,274.07068634033203
7190,2020-07-16 07:00:00,81.24506,0.3108400000000131,274.1601257324219
7191,2020-07-16 08:00:00,81.24075,0.3107400000000098,274.25909423828125
7192,2020-07-16 09:00:00,81.2367,0.30826999999999316,274.3615264892578
7193,2020-07-16 10:00:00,81.23315,0.30317999999999756,274.46289825439453
7194,2020-07-16 11:00:00,81.23022,0.29623000000000843,274.66070556640625
7195,2020-07-16 12:00:00,81.22752,0.28858999999999924,274.7574005126953
7196,2020-07-16 13:00:00,81.22488,0.28197000000000116,274.87921142578125
7197,2020-07-16 14:00:00,81.22228,0.27753000000001293,274.91265869140625
7198,2020-07-16 15:00:00,81.21919,0.2755999999999972,274.94466400146484
7199,2020-07-16 16:00:00,81.21565,0.27637999999998897,274.91576385498047
7200,2020-07-16 17:00:00,81.21157,0.27914999999998713,274.6979217529297
7201,2020-07-16 18:00:00,81.20713,0.2830600000000061,274.5717315673828
7202,2020-07-16 19:00:00,81.20262,0.2858099999999979,274.35294342041016
7203,2020-07-16 20:00:00,81.1983,0.28664000000000556,274.2096252441406
7204,2020-07-16 21:00:00,81.19458,0.28654000000000224,274.0717315673828
7205,2020-07-16 22:00:00,81.19154,0.28607999999999834,273.95127868652344
7206,2020-07-16 23:00:00,81.18921,0.28665000000000873,273.8705291748047
7207,2020-07-17 00:00:00,81.18747,0.28951000000000704,273.84044647216797
7208,2020-07-17 01:00:00,81.18591,0.2948599999999999,273.8250961303711
7209,2020-07-17 02:00:00,81.18427,0.3041499999999928,273.83160400390625
7210,2020-07-17 03:00:00,81.18187,0.31622999999999024,273.8316345214844
7211,2020-07-17 04:00:00,81.17866,0.3305000000000007,273.87945556640625
7212,2020-07-17 05:00:00,81.17481,0.34253000000001066,273.8991241455078
7213,2020-07-17 06:00:00,81.17042,0.3527400000000114,273.92491912841797
7214,2020-07-17 07:00:00,81.16526,0.35768999999999096,273.9798126220703
7215,2020-07-17 08:00:00,81.16082,0.36346000000000345,274.0568313598633
7216,2020-07-17 09:00:00,81.15645,0.36522999999999683,274.12158203125
7217,2020-07-17 10:00:00,81.15225,0.3621400000000108,274.1383819580078
7218,2020-07-17 11:00:00,81.14896,0.35971000000000686,274.1611862182617
7219,2020-07-17 12:00:00,81.14603,0.35670999999999253,274.22242736816406
7220,2020-07-17 13:00:00,81.14359,0.3546000000000049,274.3587188720703
7221,2020-07-17 14:00:00,81.14138,0.3526200000000017,274.42628479003906
7222,2020-07-17 15:00:00,81.13889,0.35464999999999236,274.4338607788086
7223,2020-07-17 16:00:00,81.13538,0.3581800000000044,274.4326858520508
7224,2020-07-17 17:00:00,81.13116,0.3623200000000111,274.40528106689453
7225,2020-07-17 18:00:00,81.12634,0.3670500000000061,274.30786895751953
7226,2020-07-17 19:00:00,81.12167,0.36936000000000035,274.1531677246094
7227,2020-07-17 20:00:00,81.1175,0.3698500000000138,274.0839080810547
7228,2020-07-17 21:00:00,81.11395,0.36957000000001017,273.97418212890625
7229,2020-07-17 22:00:00,81.11099,0.3711399999999969,273.8760528564453
7230,2020-07-17 23:00:00,81.10863,0.373880000000014,273.82958221435547
7231,2020-07-18 00:00:00,81.1066,0.3805499999999995,273.7754592895508
7232,2020-07-18 01:00:00,81.10516,0.39173999999999864,273.7511291503906
7233,2020-07-18 02:00:00,81.103,0.40366000000000213,273.7406997680664
7234,2020-07-18 03:00:00,81.09982,0.4141400000000033,273.7610855102539
7235,2020-07-18 04:00:00,81.09585,0.4244199999999978,273.7868194580078
7236,2020-07-18 05:00:00,81.09058,0.43610000000001037,273.79174041748047
7237,2020-07-18 06:00:00,81.08408,0.44155000000000655,273.88062286376953
7238,2020-07-18 07:00:00,81.07741,0.4422399999999982,273.9283676147461
7239,2020-07-18 08:00:00,81.07039,0.4404999999999859,273.99853515625
7240,2020-07-18 09:00:00,81.06339,0.43834000000001083,274.10504150390625
7241,2020-07-18 10:00:00,81.05629,0.43628000000001066,274.16172790527344
7242,2020-07-18 11:00:00,81.04877,0.43494000000001165,274.19996643066406
7243,2020-07-18 12:00:00,81.04119,0.43045000000000755,274.2045135498047
7244,2020-07-18 13:00:00,81.03365,0.4215199999999868,274.22081756591797
7245,2020-07-18 14:00:00,81.02565,0.40378999999998655,274.2239532470703
7246,2020-07-18 15:00:00,81.01714,0.3797800000000109,274.2059020996094
7247,2020-07-18 16:00:00,81.00794,0.3520200000000102,274.1810760498047
7248,2020-07-18 17:00:00,80.99908,0.32364999999998645,274.1066207885742
7249,2020-07-18 18:00:00,80.99078,0.29868999999999346,274.03382873535156
7250,2020-07-18 19:00:00,80.98355,0.27287999999998647,273.9555892944336
7251,2020-07-18 20:00:00,80.97701,0.2512399999999957,273.8648986816406
7252,2020-07-18 21:00:00,80.97043,0.23054999999999382,273.77930450439453
7253,2020-07-18 22:00:00,80.96414,0.21323000000001002,273.72813415527344
7254,2020-07-18 23:00:00,80.958,0.1972199999999873,273.70252990722656
7255,2020-07-19 00:00:00,80.95233,0.179159999999996,273.56336212158203
7256,2020-07-19 01:00:00,80.94735,0.1563199999999938,273.5215148925781
7257,2020-07-19 02:00:00,80.94291,0.12954999999999472,273.51747131347656
7258,2020-07-19 03:00:00,80.93899,0.10104000000001179,273.612060546875
7259,2020-07-19 04:00:00,80.93521,0.07372000000000867,273.73299407958984
7260,2020-07-19 05:00:00,80.93078,0.04601999999999862,273.8146743774414
7261,2020-07-19 06:00:00,80.92538,0.01675000000000182,273.84143829345703
7262,2020-07-19 07:00:00,80.91941,-0.010259999999988167,273.8953857421875
7263,2020-07-19 08:00:00,80.91322,-0.03945999999999117,273.9549865722656
7264,2020-07-19 09:00:00,80.90641,-0.0704499999999939,274.01583099365234
7265,2020-07-19 10:00:00,80.89972,-0.10078999999998928,274.063720703125
7266,2020-07-19 11:00:00,80.89349,-0.13452000000000908,274.12435150146484
7267,2020-07-19 12:00:00,80.88729,-0.17385999999999058,274.1986389160156
7268,2020-07-19 13:00:00,80.88126,-0.21037000000001171,274.23516845703125
7269,2020-07-19 14:00:00,80.876,-0.24221000000000004,274.24137115478516
7270,2020-07-19 15:00:00,80.87173,-0.27088000000000534,274.23111724853516
7271,2020-07-19 16:00:00,80.86755,-0.2945799999999963,274.1556625366211
7272,2020-07-19 17:00:00,80.86276,-0.3125,274.072998046875
7273,2020-07-19 18:00:00,80.85673,-0.3272800000000018,273.9674530029297
7274,2020-07-19 19:00:00,80.84953,-0.34111999999998943,273.8645477294922
7275,2020-07-19 20:00:00,80.84156,-0.3540999999999883,273.7757873535156
7276,2020-07-19 21:00:00,80.83343,-0.3658900000000074,273.6597595214844
7277,2020-07-19 22:00:00,80.82566,-0.3771500000000003,273.5923385620117
7278,2020-07-19 23:00:00,80.81874,-0.38841999999999643,273.5162658691406
7279,2020-07-20 00:00:00,80.81291,-0.39932999999999197,273.4618911743164
7280,2020-07-20 01:00:00,80.80845,-0.40889000000001374,273.41624450683594
7281,2020-07-20 02:00:00,80.80504,-0.4175999999999931,273.3943405151367
7282,2020-07-20 03:00:00,80.80235,-0.4249900000000082,273.3920135498047
7283,2020-07-20 04:00:00,80.79935,-0.4294399999999996,273.4066696166992
7284,2020-07-20 05:00:00,80.79564,-0.43190000000001305,273.4227066040039
7285,2020-07-20 06:00:00,80.79102,-0.43366000000000327,273.46441650390625
7286,2020-07-20 07:00:00,80.7855,-0.43754999999998745,273.54759216308594
7287,2020-07-20 08:00:00,80.77905,-0.4447800000000086,273.6907424926758
7288,2020-07-20 09:00:00,80.77225,-0.45617999999998915,273.8295135498047
7289,2020-07-20 10:00:00,80.76551,-0.4707699999999875,273.99586486816406
7290,2020-07-20 11:00:00,80.75926,-0.4870899999999949,274.21016693115234
7291,2020-07-20 12:00:00,80.75365,-0.5036000000000058,274.3816146850586
7292,2020-07-20 13:00:00,80.74894,-0.5192000000000121,274.4973373413086
7293,2020-07-20 14:00:00,80.74491,-0.5327299999999866,274.56248474121094
7294,2020-07-20 15:00:00,80.7411,-0.5435999999999979,274.57627868652344
7295,2020-07-20 16:00:00,80.73684,-0.5496599999999887,274.4837188720703
7296,2020-07-20 17:00:00,80.7316,-0.5510299999999972,274.3963165283203
7297,2020-07-20 18:00:00,80.72514,-0.5500999999999863,274.2236557006836
7298,2020-07-20 19:00:00,80.71742,-0.5471200000000067,274.0522155761719
7299,2020-07-20 20:00:00,80.70886,-0.5432500000000005,273.91942596435547
7300,2020-07-20 21:00:00,80.70002,-0.5381999999999891,273.7988510131836
7301,2020-07-20 22:00:00,80.69151,-0.531659999999988,273.70652770996094
7302,2020-07-20 23:00:00,80.68354,-0.5263199999999983,273.66126251220703
7303,2020-07-21 00:00:00,80.67636,-0.5242800000000045,273.6006393432617
7304,2020-07-21 01:00:00,80.67019,-0.5244399999999985,273.5714416503906
7305,2020-07-21 02:00:00,80.66466,-0.5240499999999884,273.4653778076172
7306,2020-07-21 03:00:00,80.65949,-0.5245899999999892,273.47396087646484
7307,2020-07-21 04:00:00,80.65485,-0.524470000000008,273.5492172241211
7308,2020-07-21 05:00:00,80.65001,-0.5261500000000012,273.61305236816406
7309,2020-07-21 06:00:00,80.64504,-0.5268000000000086,273.6856002807617
7310,2020-07-21 07:00:00,80.63953,-0.5296199999999942,273.6787338256836
7311,2020-07-21 08:00:00,80.63361,-0.531029999999987,273.7190704345703
7312,2020-07-21 09:00:00,80.62674,-0.5344000000000051,273.86228942871094
7313,2020-07-21 10:00:00,80.61916,-0.5416299999999978,274.0621566772461
7314,2020-07-21 11:00:00,80.6114,-0.5549800000000005,274.12662506103516
7315,2020-07-21 12:00:00,80.60545,-0.572969999999998,274.20606231689453
7316,2020-07-21 13:00:00,80.60068,-0.5941100000000006,274.2749710083008
7317,2020-07-21 14:00:00,80.59619,-0.6100000000000136,274.3140182495117
7318,2020-07-21 15:00:00,80.59124,-0.6210399999999936,274.3047180175781
7319,2020-07-21 16:00:00,80.58588,-0.6273300000000006,274.2098846435547
7320,2020-07-21 17:00:00,80.58033,-0.6218599999999981,274.1721649169922
7321,2020-07-21 18:00:00,80.57393,-0.6074399999999969,274.0801010131836
7322,2020-07-21 19:00:00,80.56597,-0.5934599999999932,273.9442596435547
7323,2020-07-21 20:00:00,80.55683,-0.5838999999999999,273.8773193359375
7324,2020-07-21 21:00:00,80.54749,-0.5803899999999942,273.81341552734375
7325,2020-07-21 22:00:00,80.53827,-0.582429999999988,273.74056243896484
7326,2020-07-21 23:00:00,80.53078,-0.5838400000000092,273.6950988769531
7327,2020-07-22 00:00:00,80.52435,-0.5838899999999967,273.4665298461914
7328,2020-07-22 01:00:00,80.52034,-0.5832699999999988,273.46512603759766
7329,2020-07-22 02:00:00,80.5182,-0.5777400000000057,273.46751403808594
7330,2020-07-22 03:00:00,80.51781,-0.5663499999999999,273.5030059814453
7331,2020-07-22 04:00:00,80.51777,-0.5524699999999996,273.52113342285156
7332,2020-07-22 05:00:00,80.5173,-0.5387000000000057,273.5514450073242
7333,2020-07-22 06:00:00,80.51511,-0.5264799999999923,273.61849212646484
7334,2020-07-22 07:00:00,80.51106,-0.5170699999999897,273.65855407714844
7335,2020-07-22 08:00:00,80.50527,-0.5126899999999921,273.64373779296875
7336,2020-07-22 09:00:00,80.49817,-0.5172000000000025,273.6225280761719
7337,2020-07-22 10:00:00,80.49061,-0.5290999999999997,273.62610626220703
7338,2020-07-22 11:00:00,80.48357,-0.5437200000000075,273.66932678222656
7339,2020-07-22 12:00:00,80.47801,-0.5567800000000034,273.7614440917969
7340,2020-07-22 13:00:00,80.47349,-0.567450000000008,273.8515319824219
7341,2020-07-22 14:00:00,80.4699,-0.5737200000000087,273.89088439941406
7342,2020-07-22 15:00:00,80.46727,-0.5714600000000019,273.99134063720703
7343,2020-07-22 16:00:00,80.4645,-0.5621700000000089,274.1171112060547
7344,2020-07-22 17:00:00,80.46076,-0.5440099999999859,274.1792755126953
7345,2020-07-22 18:00:00,80.45504,-0.5236500000000035,274.1592025756836
7346,2020-07-22 19:00:00,80.44699,-0.5060300000000097,274.10147857666016
7347,2020-07-22 20:00:00,80.43715,-0.493140000000011,274.04248046875
7348,2020-07-22 21:00:00,80.42614,-0.4864300000000128,273.99993896484375
7349,2020-07-22 22:00:00,80.41492,-0.48753999999999564,273.91015625
7350,2020-07-22 23:00:00,80.40534,-0.4969499999999982,273.8352355957031
7351,2020-07-23 00:00:00,80.39749,-0.5101200000000006,273.7536392211914
7352,2020-07-23 01:00:00,80.39213,-0.526600000000002,273.6553726196289
7353,2020-07-23 02:00:00,80.38937,-0.5440000000000111,273.6436767578125
7354,2020-07-23 03:00:00,80.38914,-0.5599599999999896,273.6533432006836
7355,2020-07-23 04:00:00,80.38993,-0.5679000000000087,273.68304443359375
7356,2020-07-23 05:00:00,80.39076,-0.5654700000000048,273.7484130859375
7357,2020-07-23 06:00:00,80.39018,-0.5573400000000106,273.78992462158203
7358,2020-07-23 07:00:00,80.38719,-0.5505100000000027,273.8603820800781
7359,2020-07-23 08:00:00,80.38132,-0.547789999999992,273.9090805053711
7360,2020-07-23 09:00:00,80.37301,-0.5549000000000035,273.9994583129883
7361,2020-07-23 10:00:00,80.36371,-0.5753200000000049,274.14727783203125
7362,2020-07-23 11:00:00,80.35457,-0.6062499999999886,274.2707824707031
7363,2020-07-23 12:00:00,80.34638,-0.6428699999999878,274.3088073730469
7364,2020-07-23 13:00:00,80.34055,-0.682850000000002,274.40606689453125
7365,2020-07-23 14:00:00,80.33727,-0.7133399999999881,274.4451217651367
7366,2020-07-23 15:00:00,80.33582,-0.7333299999999952,274.4002227783203
7367,2020-07-23 16:00:00,80.33485,-0.7410800000000108,274.29955291748047
7368,2020-07-23 17:00:00,80.33329,-0.7328799999999944,274.12235260009766
7369,2020-07-23 18:00:00,80.33025,-0.7130400000000066,274.0164031982422
7370,2020-07-23 19:00:00,80.32489,-0.6980700000000013,273.9191360473633
7371,2020-07-23 20:00:00,80.31661,-0.6855899999999906,273.85450744628906
7372,2020-07-23 21:00:00,80.30601,-0.6793999999999869,273.80699920654297
7373,2020-07-23 22:00:00,80.29469,-0.6808399999999892,273.7543487548828
7374,2020-07-23 23:00:00,80.28357,-0.691190000000006,273.7000045776367
7375,2020-07-24 00:00:00,80.27369,-0.7070500000000095,273.6111145019531
7376,2020-07-24 01:00:00,80.26659,-0.7231800000000135,273.5776062011719
7377,2020-07-24 02:00:00,80.26285,-0.7330699999999979,273.5514602661133
7378,2020-07-24 03:00:00,80.26077,-0.7295599999999922,273.5430679321289
7379,2020-07-24 04:00:00,80.25938,-0.7149499999999875,273.54264068603516
7380,2020-07-24 05:00:00,80.25807,-0.6906700000000114,273.5763397216797
7381,2020-07-24 06:00:00,80.25518,-0.6595000000000084,273.58961486816406
7382,2020-07-24 07:00:00,80.24998,-0.6265099999999961,273.6677017211914
7383,2020-07-24 08:00:00,80.24165,-0.5995699999999999,273.75220489501953
7384,2020-07-24 09:00:00,80.23069,-0.5779100000000028,273.77376556396484
7385,2020-07-24 10:00:00,80.21803,-0.5697299999999927,273.8468780517578
7386,2020-07-24 11:00:00,80.20514,-0.5707700000000102,273.92174530029297
7387,2020-07-24 12:00:00,80.19291,-0.581799999999987,273.98622131347656
7388,2020-07-24 13:00:00,80.18235,-0.5996499999999969,274.05077362060547
7389,2020-07-24 14:00:00,80.17497,-0.6130100000000027,274.08131408691406
7390,2020-07-24 15:00:00,80.16965,-0.621610000000004,274.1123809814453
7391,2020-07-24 16:00:00,80.16545,-0.6160999999999888,274.09435272216797
7392,2020-07-24 17:00:00,80.16169,-0.5913199999999961,274.045654296875
7393,2020-07-24 18:00:00,80.15621,-0.5437599999999918,274.01477813720703
7394,2020-07-24 19:00:00,80.14672,-0.4852999999999952,273.95301818847656
7395,2020-07-24 20:00:00,80.13278,-0.43585999999999103,273.8794937133789
7396,2020-07-24 21:00:00,80.11574,-0.39692999999999756,273.79779052734375
7397,2020-07-24 22:00:00,80.09468,-0.37127000000000976,273.73021697998047
7398,2020-07-24 23:00:00,80.0721,-0.3693499999999972,273.6838073730469
7399,2020-07-25 00:00:00,80.05084,-0.3982000000000028,273.6495819091797
7400,2020-07-25 01:00:00,80.03364,-0.4460500000000138,273.6368942260742
7401,2020-07-25 02:00:00,80.0213,-0.49857000000000085,273.63240814208984
7402,2020-07-25 03:00:00,80.01256,-0.5524699999999996,273.64990997314453
7403,2020-07-25 04:00:00,80.00789,-0.5911000000000115,273.70814514160156
7404,2020-07-25 05:00:00,80.0051,-0.614910000000009,273.79605865478516
7405,2020-07-25 06:00:00,80.00198,-0.6314299999999946,273.9075164794922
7406,2020-07-25 07:00:00,79.99719,-0.6455400000000111,274.0304412841797
7407,2020-07-25 08:00:00,79.98965,-0.6596600000000024,274.1780014038086
7408,2020-07-25 09:00:00,79.98037,-0.6758800000000065,274.27417755126953
7409,2020-07-25 10:00:00,79.96945,-0.6969400000000121,274.42151641845703
7410,2020-07-25 11:00:00,79.95622,-0.7272299999999916,274.6427307128906
7411,2020-07-25 12:00:00,79.94176,-0.7777100000000132,274.76358795166016
7412,2020-07-25 13:00:00,79.92817,-0.8395999999999901,274.85707092285156
7413,2020-07-25 14:00:00,79.91678,-0.907039999999995,274.8960952758789
7414,2020-07-25 15:00:00,79.90839,-0.9762000000000057,274.8421173095703
7415,2020-07-25 16:00:00,79.90238,-1.0404399999999896,274.7342834472656
7416,2020-07-25 17:00:00,79.89863,-1.0933899999999994,274.57874298095703
7417,2020-07-25 18:00:00,79.89437,-1.1274099999999976,274.5007781982422
7418,2020-07-25 19:00:00,79.88837,-1.151900000000012,274.4290084838867
7419,2020-07-25 20:00:00,79.88037,-1.1770099999999957,274.3712615966797
7420,2020-07-25 21:00:00,79.87125,-1.2056900000000041,274.30873107910156
7421,2020-07-25 22:00:00,79.86151,-1.2415399999999863,274.21551513671875
7422,2020-07-25 23:00:00,79.85084,-1.2903300000000115,274.1666717529297
7423,2020-07-26 00:00:00,79.84157,-1.3479499999999973,274.2957763671875
7424,2020-07-26 01:00:00,79.83432,-1.4105199999999911,274.2999954223633
7425,2020-07-26 02:00:00,79.82971,-1.4732999999999947,274.30745697021484
7426,2020-07-26 03:00:00,79.82812,-1.5352900000000034,274.3691864013672
7427,2020-07-26 04:00:00,79.82848,-1.5899300000000096,274.4507522583008
7428,2020-07-26 05:00:00,79.83016,-1.626170000000002,274.4950866699219
7429,2020-07-26 06:00:00,79.83165,-1.6488099999999974,274.5182418823242
7430,2020-07-26 07:00:00,79.83163,-1.6616699999999867,274.63452911376953
7431,2020-07-26 08:00:00,79.82877,-1.6710099999999954,274.71756744384766
7432,2020-07-26 09:00:00,79.82282,-1.6801900000000103,274.82798767089844
7433,2020-07-26 10:00:00,79.81397,-1.697339999999997,274.84200286865234
7434,2020-07-26 11:00:00,79.80296,-1.7229499999999973,274.94866943359375
7435,2020-07-26 12:00:00,79.79126,-1.7609699999999862,274.9718246459961
7436,2020-07-26 13:00:00,79.78022,-1.8076399999999921,275.01219940185547
7437,2020-07-26 14:00:00,79.77152,-1.8536900000000003,275.11961364746094
7438,2020-07-26 15:00:00,79.76446,-1.8952800000000138,275.1189727783203
7439,2020-07-26 16:00:00,79.75844,-1.9313899999999933,275.06373596191406
7440,2020-07-26 17:00:00,79.75331,-1.9585700000000088,274.9822769165039
7441,2020-07-26 18:00:00,79.74866,-1.9726599999999905,274.8236083984375
7442,2020-07-26 19:00:00,79.74347,-1.975120000000004,274.70094299316406
7443,2020-07-26 20:00:00,79.73671,-1.974019999999996,274.53467559814453
7444,2020-07-26 21:00:00,79.72785,-1.9735799999999983,274.41654205322266
7445,2020-07-26 22:00:00,79.71754,-1.979379999999992,274.35707092285156
7446,2020-07-26 23:00:00,79.70584,-1.9990599999999858,274.2897186279297
7447,2020-07-27 00:00:00,79.69355,-2.029200000000003,274.22061920166016
7448,2020-07-27 01:00:00,79.68141,-2.067939999999993,274.1680908203125
7449,2020-07-27 02:00:00,79.67079,-2.11090999999999,274.12731170654297
7450,2020-07-27 03:00:00,79.66213,-2.151289999999989,274.0853576660156
7451,2020-07-27 04:00:00,79.65538,-2.185910000000007,274.11409759521484
7452,2020-07-27 05:00:00,79.65011,-2.2135700000000043,274.1708068847656
7453,2020-07-27 06:00:00,79.64565,-2.2332999999999856,274.32059478759766
7454,2020-07-27 07:00:00,79.64058,-2.2457100000000025,274.49766540527344
7455,2020-07-27 08:00:00,79.63388,-2.24772999999999,274.7253112792969
7456,2020-07-27 09:00:00,79.62553,-2.250130000000013,274.9038848876953
7457,2020-07-27 10:00:00,79.61507,-2.255449999999996,275.0950622558594
7458,2020-07-27 11:00:00,79.60266,-2.2702700000000107,275.28851318359375
7459,2020-07-27 12:00:00,79.5889,-2.2949900000000127,275.4505310058594
7460,2020-07-27 13:00:00,79.57499,-2.331240000000008,275.6749267578125
7461,2020-07-27 14:00:00,79.56214,-2.37885,275.8666763305664
7462,2020-07-27 15:00:00,79.55138,-2.4306899999999985,275.8978500366211
7463,2020-07-27 16:00:00,79.54272,-2.480410000000006,275.85353088378906
7464,2020-07-27 17:00:00,79.53619,-2.517419999999987,275.7527847290039
7465,2020-07-27 18:00:00,79.53047,-2.5388399999999933,275.74684143066406
7466,2020-07-27 19:00:00,79.52439,-2.5518299999999954,275.6985321044922
7467,2020-07-27 20:00:00,79.51751,-2.554949999999991,275.6116180419922
7468,2020-07-27 21:00:00,79.50909,-2.551089999999988,275.52093505859375
7469,2020-07-27 22:00:00,79.49866,-2.547680000000014,275.3922348022461
7470,2020-07-27 23:00:00,79.48647,-2.5502400000000023,275.2683410644531
7471,2020-07-28 00:00:00,79.47282,-2.561550000000011,274.97509002685547
7472,2020-07-28 01:00:00,79.45864,-2.5834600000000023,274.9860610961914
7473,2020-07-28 02:00:00,79.44539,-2.614929999999987,274.9880599975586
7474,2020-07-28 03:00:00,79.43369,-2.653160000000014,275.0675811767578
7475,2020-07-28 04:00:00,79.42369,-2.688680000000005,275.1083221435547
7476,2020-07-28 05:00:00,79.41644,-2.7178900000000112,275.13460540771484
7477,2020-07-28 06:00:00,79.41081,-2.734649999999988,275.15641021728516
7478,2020-07-28 07:00:00,79.40575,-2.7393500000000017,275.22955322265625
7479,2020-07-28 08:00:00,79.40014,-2.735129999999998,275.33787536621094
7480,2020-07-28 09:00:00,79.39314,-2.7219499999999925,275.3922119140625
7481,2020-07-28 10:00:00,79.38395,-2.7072000000000003,275.40379333496094
7482,2020-07-28 11:00:00,79.3726,-2.6961499999999887,275.47325134277344
7483,2020-07-28 12:00:00,79.35989,-2.688590000000005,275.5815734863281
7484,2020-07-28 13:00:00,79.34647,-2.6878600000000006,275.6499786376953
7485,2020-07-28 14:00:00,79.33277,-2.695830000000001,275.5215759277344
7486,2020-07-28 15:00:00,79.31966,-2.707740000000001,275.5495147705078
7487,2020-07-28 16:00:00,79.30819,-2.7189400000000035,275.5570068359375
7488,2020-07-28 17:00:00,79.29863,-2.7294799999999952,275.5023880004883
7489,2020-07-28 18:00:00,79.29053,-2.7337200000000053,275.39295196533203
7490,2020-07-28 19:00:00,79.28401,-2.7299700000000087,275.29605865478516
7491,2020-07-28 20:00:00,79.2781,-2.7174699999999916,275.1487731933594
7492,2020-07-28 21:00:00,79.27179,-2.69932,274.9920196533203
7493,2020-07-28 22:00:00,79.26464,-2.678290000000004,274.85243225097656
7494,2020-07-28 23:00:00,79.25632,-2.656560000000013,274.7340850830078
7495,2020-07-29 00:00:00,79.24658,-2.639880000000005,274.66121673583984
7496,2020-07-29 01:00:00,79.23639,-2.633100000000013,274.6350631713867
7497,2020-07-29 02:00:00,79.2269,-2.6379599999999925,274.6781234741211
7498,2020-07-29 03:00:00,79.21908,-2.650100000000009,274.6535186767578
7499,2020-07-29 04:00:00,79.21342,-2.6608799999999917,274.65185546875
7500,2020-07-29 05:00:00,79.20961,-2.666179999999997,274.6452941894531
7501,2020-07-29 06:00:00,79.20681,-2.6637599999999964,274.6726379394531
7502,2020-07-29 07:00:00,79.20439,-2.653649999999999,274.72176361083984
7503,2020-07-29 08:00:00,79.20162,-2.63821999999999,274.86974334716797
7504,2020-07-29 09:00:00,79.1982,-2.6197500000000105,274.95326232910156
7505,2020-07-29 10:00:00,79.19411,-2.6025400000000047,275.08876037597656
7506,2020-07-29 11:00:00,79.18988,-2.59217000000001,275.1388854980469
7507,2020-07-29 12:00:00,79.18616,-2.5904899999999884,275.23431396484375
7508,2020-07-29 13:00:00,79.18286,-2.5973299999999995,275.1731872558594
7509,2020-07-29 14:00:00,79.17992,-2.6033899999999903,275.29127502441406
7510,2020-07-29 15:00:00,79.17745,-2.60942,275.2666931152344
7511,2020-07-29 16:00:00,79.17609,-2.6159100000000137,275.2921600341797
7512,2020-07-29 17:00:00,79.17639,-2.6156100000000038,275.27640533447266
7513,2020-07-29 18:00:00,79.17671,-2.6096900000000005,275.2246551513672
7514,2020-07-29 19:00:00,79.17481,-2.5958300000000065,275.15663146972656
7515,2020-07-29 20:00:00,79.17218,-2.574780000000004,275.06581115722656
7516,2020-07-29 21:00:00,79.16814,-2.551320000000004,274.86795806884766
7517,2020-07-29 22:00:00,79.16269,-2.5264099999999985,274.73033905029297
7518,2020-07-29 23:00:00,79.1555,-2.5069799999999987,274.6653823852539
7519,2020-07-30 00:00:00,79.14784,-2.4961299999999937,274.56404876708984
7520,2020-07-30 01:00:00,79.13935,-2.4935299999999927,274.47874450683594
7521,2020-07-30 02:00:00,79.13123,-2.500630000000001,274.3999938964844
7522,2020-07-30 03:00:00,79.12492,-2.5144300000000044,274.3643112182617
7523,2020-07-30 04:00:00,79.12084,-2.5316200000000038,274.3611068725586
7524,2020-07-30 05:00:00,79.11829,-2.542730000000006,274.3969955444336
7525,2020-07-30 06:00:00,79.11674,-2.5436400000000106,274.4429931640625
7526,2020-07-30 07:00:00,79.11578,-2.5316200000000038,274.5478057861328
7527,2020-07-30 08:00:00,79.11505,-2.509060000000005,274.60675048828125
7528,2020-07-30 09:00:00,79.1129,-2.483479999999986,274.71485900878906
7529,2020-07-30 10:00:00,79.10956,-2.4609000000000094,274.7693634033203
7530,2020-07-30 11:00:00,79.10449,-2.4420900000000074,274.82554626464844
7531,2020-07-30 12:00:00,79.09809,-2.433480000000003,274.93348693847656
7532,2020-07-30 13:00:00,79.09169,-2.4396600000000035,274.966064453125
7533,2020-07-30 14:00:00,79.08623,-2.457400000000007,274.9902801513672
7534,2020-07-30 15:00:00,79.08173,-2.4824299999999937,274.95396423339844
7535,2020-07-30 16:00:00,79.07893,-2.5089399999999955,274.98004150390625
7536,2020-07-30 17:00:00,79.07754,-2.5339899999999886,274.9368133544922
7537,2020-07-30 18:00:00,79.07751,-2.554149999999993,274.79871368408203
7538,2020-07-30 19:00:00,79.07846,-2.5664700000000096,274.6985626220703
7539,2020-07-30 20:00:00,79.07972,-2.5691500000000076,274.57947540283203
7540,2020-07-30 21:00:00,79.08048,-2.5602499999999964,274.57804107666016
7541,2020-07-30 22:00:00,79.07993,-2.549219999999991,274.6855926513672
7542,2020-07-30 23:00:00,79.07816,-2.5450099999999907,274.8130111694336
7543,2020-07-31 00:00:00,79.07561,-2.5501600000000053,275.09615325927734
7544,2020-07-31 01:00:00,79.07293,-2.568450000000013,275.15564727783203
7545,2020-07-31 02:00:00,79.07056,-2.5997500000000002,275.21012115478516
7546,2020-07-31 03:00:00,79.06925,-2.6400600000000054,275.27545166015625
7547,2020-07-31 04:00:00,79.06876,-2.685030000000012,275.33927154541016
7548,2020-07-31 05:00:00,79.06886,-2.7296499999999924,275.3835678100586
7549,2020-07-31 06:00:00,79.06893,-2.7753999999999905,275.4218215942383
7550,2020-07-31 07:00:00,79.0701,-2.8075900000000047,275.4584197998047
7551,2020-07-31 08:00:00,79.08153,-2.760690000000011,275.5268859863281
7552,2020-07-31 09:00:00,79.07148,-2.824610000000007,275.5510559082031
7553,2020-07-31 10:00:00,79.0696,-2.835970000000003,275.5128479003906
7554,2020-07-31 11:00:00,79.06647,-2.856030000000004,275.5135192871094
7555,2020-07-31 12:00:00,79.04947,-3.023750000000007,275.55470275878906
7556,2020-07-31 13:00:00,78.95748,-2.697339999999997,275.5926971435547
7557,2020-07-31 14:00:00,78.8838,-2.179090000000002,275.63104248046875
7558,2020-07-31 15:00:00,78.84665,-1.969629999999995,275.7069396972656
7559,2020-07-31 16:00:00,78.84247,-1.9879799999999932,275.6731872558594
7560,2020-07-31 17:00:00,78.84549,-2.035349999999994,275.5884552001953
7561,2020-07-31 18:00:00,78.84871,-2.0739700000000028,275.5095672607422
7562,2020-07-31 19:00:00,78.81305,-2.057050000000004,275.427001953125
7563,2020-07-31 20:00:00,78.7944,-2.0505100000000027,275.3292541503906
7564,2020-07-31 21:00:00,78.8021,-2.109880000000004,275.24351501464844
7565,2020-07-31 22:00:00,78.80789,-2.141549999999995,275.14195251464844
7566,2020-07-31 23:00:00,78.81471,-2.1672100000000114,275.0135040283203
7567,2020-08-01 00:00:00,78.81785,-2.1818199999999877,274.9367980957031
7568,2020-08-01 01:00:00,78.81897,-2.1849599999999896,274.86940002441406
7569,2020-08-01 02:00:00,78.82138,-2.1984899999999925,274.82191467285156
7570,2020-08-01 03:00:00,78.82497,-2.2103600000000085,274.81075286865234
7571,2020-08-01 04:00:00,78.82788,-2.224099999999993,274.8251419067383
7572,2020-08-01 05:00:00,78.82999,-2.2410899999999856,274.88800048828125
7573,2020-08-01 06:00:00,78.8327,-2.2598199999999906,274.9689254760742
7574,2020-08-01 07:00:00,78.79482,-2.2894699999999943,275.090576171875
7575,2020-08-01 08:00:00,78.78906,-2.3334199999999896,275.1795196533203
7576,2020-08-01 09:00:00,78.79654,-2.363889999999998,275.3239288330078
7577,2020-08-01 10:00:00,78.80245,-2.393969999999996,275.45556640625
7578,2020-08-01 11:00:00,78.80981,-2.41592,275.5740661621094
7579,2020-08-01 12:00:00,78.81819,-2.4234399999999994,275.70179748535156
7580,2020-08-01 13:00:00,78.82442,-2.411750000000012,275.7716522216797
7581,2020-08-01 14:00:00,78.83086,-2.4027399999999943,275.75732421875
7582,2020-08-01 15:00:00,78.81106,-2.3666399999999896,275.7554016113281
7583,2020-08-01 16:00:00,78.81718,-2.404059999999987,275.7724151611328
7584,2020-08-01 17:00:00,78.86836,-2.4335199999999872,275.63379669189453
7585,2020-08-01 18:00:00,78.92293,-2.473540000000014,275.5186309814453
7586,2020-08-01 19:00:00,78.92933,-2.4885500000000036,275.45870208740234
7587,2020-08-01 20:00:00,78.93777,-2.5022299999999973,275.4403991699219
7588,2020-08-01 21:00:00,78.94782,-2.5142899999999884,275.39722442626953
7589,2020-08-01 22:00:00,78.96111,-2.5282300000000077,275.32711029052734
7590,2020-08-01 23:00:00,78.97496,-2.542139999999989,275.24107360839844
7591,2020-08-02 00:00:00,78.9841,-2.54446999999999,275.18236541748047
7592,2020-08-02 01:00:00,78.99314,-2.5490700000000004,275.24774169921875
7593,2020-08-02 02:00:00,79.00227,-2.5566300000000126,275.26756286621094
7594,2020-08-02 03:00:00,79.00952,-2.5671299999999917,275.28294372558594
7595,2020-08-02 04:00:00,79.0147,-2.58053000000001,275.3187942504883
7596,2020-08-02 05:00:00,79.01929,-2.598410000000001,275.3839797973633
7597,2020-08-02 06:00:00,79.02435,-2.6200900000000047,275.42017364501953
7598,2020-08-02 07:00:00,79.02877,-2.637609999999995,275.41329193115234
7599,2020-08-02 08:00:00,79.03394,-2.74597,275.38953399658203
7600,2020-08-02 09:00:00,79.03603,-2.7431200000000047,275.3494873046875
7601,2020-08-02 10:00:00,79.03636,-2.7344500000000096,275.2826843261719
7602,2020-08-02 11:00:00,79.03691,-2.72308000000001,275.25865173339844
7603,2020-08-02 12:00:00,79.03978,-2.7214899999999886,275.3573760986328
7604,2020-08-02 13:00:00,79.11452,-2.5620999999999867,275.52208709716797
7605,2020-08-02 14:00:00,79.11377,-2.5673400000000015,275.70323181152344
7606,2020-08-02 15:00:00,79.11128,-2.575940000000003,275.9192657470703
7607,2020-08-02 16:00:00,79.11054,-2.5794400000000053,275.93782806396484
7608,2020-08-02 17:00:00,79.11304,-2.607760000000013,275.82141876220703
7609,2020-08-02 18:00:00,79.06559,-2.7988599999999906,275.7605285644531
7610,2020-08-02 19:00:00,78.98507,-3.1068400000000054,275.09119415283203
7611,2020-08-02 20:00:00,78.91197,-3.547789999999992,275.02508544921875
7612,2020-08-02 21:00:00,78.84157,-3.943070000000006,274.9898147583008
7613,2020-08-02 22:00:00,78.77283,-4.302750000000003,274.96063232421875
7614,2020-08-02 23:00:00,78.71689,-4.58972,274.9538116455078
7615,2020-08-03 00:00:00,78.66631,-4.893390000000011,275.19644927978516
7616,2020-08-03 01:00:00,78.66348,-4.934519999999992,275.2071228027344
7617,2020-08-03 02:00:00,78.66125,-4.9674400000000105,275.2195053100586
7618,2020-08-03 03:00:00,78.66025,-4.997600000000006,275.248291015625
7619,2020-08-03 04:00:00,78.65804,-5.0230200000000025,275.26197814941406
7620,2020-08-03 05:00:00,78.65524,-5.047460000000001,275.23411560058594
7621,2020-08-03 06:00:00,78.65196,-5.074070000000006,275.24564361572266
7622,2020-08-03 07:00:00,78.62437,-5.1295399999999916,275.23255920410156
7623,2020-08-03 08:00:00,78.61974,-5.158659999999998,275.25370025634766
7624,2020-08-03 09:00:00,78.63588,-5.041179999999997,275.24359130859375
7625,2020-08-03 10:00:00,78.66008,-4.603659999999991,275.2156295776367
7626,2020-08-03 11:00:00,78.64448,-4.310599999999994,275.15184783935547
7627,2020-08-03 12:00:00,78.63636,-4.342090000000013,275.2204360961914
7628,2020-08-03 13:00:00,78.62275,-4.360639999999989,275.23439025878906
7629,2020-08-03 14:00:00,78.61325,-4.3783599999999865,275.1901550292969
7630,2020-08-03 15:00:00,78.60534,-4.393579999999986,275.15716552734375
7631,2020-08-03 16:00:00,78.59896,-4.414729999999992,275.0296325683594
7632,2020-08-03 17:00:00,78.66999,-4.167609999999996,274.8977279663086
7633,2020-08-03 18:00:00,78.76745,-3.816120000000012,274.79132080078125
7634,2020-08-03 19:00:00,78.85987,-3.4937400000000025,274.52413177490234
7635,2020-08-03 20:00:00,78.94694,-3.187630000000013,274.4554443359375
7636,2020-08-03 21:00:00,79.0177,-2.911030000000011,274.6358413696289
7637,2020-08-03 22:00:00,79.01801,-2.94765000000001,274.54493713378906
7638,2020-08-03 23:00:00,79.02458,-2.979530000000011,274.46722412109375
7639,2020-08-04 00:00:00,79.02851,-3.021109999999993,274.4075698852539
7640,2020-08-04 01:00:00,79.03246,-3.0750500000000045,274.35345458984375
7641,2020-08-04 02:00:00,79.03524,-3.1392999999999915,274.3064727783203
7642,2020-08-04 03:00:00,79.03956,-3.205299999999994,274.2533721923828
7643,2020-08-04 04:00:00,79.04535,-3.2657800000000066,274.22412872314453
7644,2020-08-04 05:00:00,79.04727,-3.3205700000000036,274.21690368652344
7645,2020-08-04 06:00:00,79.04616,-3.3697799999999916,274.23802947998047
7646,2020-08-04 07:00:00,79.03965,-3.089190000000002,274.2574920654297
7647,2020-08-04 08:00:00,79.04067,-3.120679999999993,274.2811508178711
7648,2020-08-04 09:00:00,79.03431,-3.159940000000006,274.3085403442383
7649,2020-08-04 10:00:00,79.02863,-3.202300000000008,274.4028015136719
7650,2020-08-04 11:00:00,79.02509,-3.225439999999992,274.45450592041016
7651,2020-08-04 12:00:00,79.03181,-3.1754099999999994,274.4921569824219
7652,2020-08-04 13:00:00,79.01929,-3.186569999999989,274.5154113769531
7653,2020-08-04 14:00:00,79.01672,-3.2747799999999927,274.54219818115234
7654,2020-08-04 15:00:00,79.01656,-3.3567600000000084,274.46678924560547
7655,2020-08-04 16:00:00,79.01779,-3.419729999999987,274.38145446777344
7656,2020-08-04 17:00:00,79.01868,-3.4647699999999872,274.34456634521484
7657,2020-08-04 18:00:00,79.01716,-3.5019399999999905,274.2390670776367
7658,2020-08-04 19:00:00,79.00312,-3.4998199999999997,274.14684295654297
7659,2020-08-04 20:00:00,78.95865,-3.1424299999999903,274.0464630126953
7660,2020-08-04 21:00:00,78.906,-2.62324000000001,273.9458694458008
7661,2020-08-04 22:00:00,78.8543,-2.1151000000000124,273.84222412109375
7662,2020-08-04 23:00:00,78.80927,-1.6499000000000024,273.7497100830078
7663,2020-08-05 00:00:00,78.7577,-1.1835000000000093,273.8321075439453
7664,2020-08-05 01:00:00,78.74173,-1.0530200000000036,273.78631591796875
7665,2020-08-05 02:00:00,78.73286,-1.0841000000000065,273.7543640136719
7666,2020-08-05 03:00:00,78.72488,-1.1163699999999892,273.72242736816406
7667,2020-08-05 04:00:00,78.71742,-1.145610000000005,273.7084274291992
7668,2020-08-05 05:00:00,78.70999,-1.171069999999986,273.6930923461914
7669,2020-08-05 06:00:00,78.70226,-1.192229999999995,273.69165802001953
7670,2020-08-05 07:00:00,78.6944,-1.2124100000000055,273.7220153808594
7671,2020-08-05 08:00:00,78.64495,-1.354379999999992,273.79017639160156
7672,2020-08-05 09:00:00,78.59999,-1.4808700000000101,273.8724136352539
7673,2020-08-05 10:00:00,78.59299,-1.54131000000001,273.9704284667969
7674,2020-08-05 11:00:00,78.58849,-1.6020599999999945,274.06925201416016
7675,2020-08-05 12:00:00,78.5814,-1.649329999999992,274.08412170410156
7676,2020-08-05 13:00:00,78.57156,-1.6805999999999983,274.1568298339844
7677,2020-08-05 14:00:00,78.56182,-1.7145399999999995,274.14599609375
7678,2020-08-05 15:00:00,78.55004,-2.0376799999999946,274.16979217529297
7679,2020-08-05 16:00:00,78.53821,-2.521500000000003,274.1387405395508
7680,2020-08-05 17:00:00,78.52121,-3.05068,274.1681594848633
7681,2020-08-05 18:00:00,78.50411,-3.6042400000000043,274.09888458251953
7682,2020-08-05 19:00:00,78.48738,-4.151769999999999,274.017578125
7683,2020-08-05 20:00:00,78.47161,-4.6724100000000135,273.89131927490234
7684,2020-08-05 21:00:00,78.45275,-5.161689999999993,273.81617736816406
7685,2020-08-05 22:00:00,78.43589,-5.62906000000001,273.71998596191406
7686,2020-08-05 23:00:00,78.41824,-6.0916,273.62389373779297
7687,2020-08-06 00:00:00,78.40399,-6.507589999999993,273.7101135253906
7688,2020-08-06 01:00:00,78.39066,-6.905190000000005,273.58152770996094
7689,2020-08-06 02:00:00,78.38924,-7.005860000000013,273.4263687133789
7690,2020-08-06 03:00:00,78.38794,-7.021320000000003,273.26800537109375
7691,2020-08-06 04:00:00,78.38686,-7.034140000000008,273.2377471923828
7692,2020-08-06 05:00:00,78.38525,-7.044620000000009,273.3133239746094
7693,2020-08-06 06:00:00,78.37519,-7.136079999999993,273.4698486328125
7694,2020-08-06 07:00:00,78.3649,-7.196179999999998,273.6344528198242
7695,2020-08-06 08:00:00,78.36024,-7.211340000000007,273.81934356689453
7696,2020-08-06 09:00:00,78.35564,-7.228820000000013,273.9354934692383
7697,2020-08-06 10:00:00,78.34969,-7.247669999999999,273.97481536865234
7698,2020-08-06 11:00:00,78.35483,-7.249249999999989,273.9632873535156
7699,2020-08-06 12:00:00,78.35134,-7.264150000000001,273.9169158935547
7700,2020-08-06 13:00:00,78.34751,-7.2872099999999875,273.8745803833008
7701,2020-08-06 14:00:00,78.3442,-7.311630000000008,273.8401794433594
7702,2020-08-06 15:00:00,78.34133,-7.332879999999989,273.78521728515625
7703,2020-08-06 16:00:00,78.3391,-7.351589999999987,273.73136138916016
7704,2020-08-06 17:00:00,78.36076,-7.329710000000006,273.58739471435547
7705,2020-08-06 18:00:00,78.39885,-7.264319999999998,273.4784851074219
7706,2020-08-06 19:00:00,78.47617,-7.138509999999997,273.3230209350586
7707,2020-08-06 20:00:00,78.56624,-6.974050000000005,273.14332580566406
7708,2020-08-06 21:00:00,78.65347,-6.7598700000000065,272.90574645996094
7709,2020-08-06 22:00:00,78.75754,-6.649969999999996,272.6416702270508
7710,2020-08-06 23:00:00,78.85652,-6.514929999999993,272.4482727050781
7711,2020-08-07 00:00:00,78.96261,-6.376479999999987,272.3185806274414
7712,2020-08-07 01:00:00,79.07125,-6.235880000000009,272.1290817260742
7713,2020-08-07 02:00:00,79.17571,-6.033870000000007,271.93221282958984
7714,2020-08-07 03:00:00,79.27889,-5.945850000000007,271.8879623413086
7715,2020-08-07 04:00:00,79.35166,-5.830219999999997,271.8321228027344
7716,2020-08-07 05:00:00,79.44549,-5.6354399999999885,271.81673431396484
7717,2020-08-07 06:00:00,79.53948,-5.446809999999999,271.8137435913086
7718,2020-08-07 07:00:00,79.56145,-5.372929999999997,272.1590576171875
7719,2020-08-07 08:00:00,79.58304,-5.2571900000000085,272.22229766845703
7720,2020-08-07 09:00:00,79.63848,-5.148110000000003,272.34478759765625
7721,2020-08-07 10:00:00,79.71412,-5.252819999999986,272.40210723876953
7722,2020-08-07 11:00:00,79.75254,-5.1464599999999905,272.4578399658203
7723,2020-08-07 12:00:00,79.76036,-4.955549999999988,272.55294036865234
7724,2020-08-07 13:00:00,79.75943,-4.9556300000000135,272.6175003051758
7725,2020-08-07 14:00:00,79.76045,-4.9602199999999925,272.6537857055664
7726,2020-08-07 15:00:00,79.76277,-4.959229999999991,272.8024673461914
7727,2020-08-07 16:00:00,79.77858,-4.784789999999987,273.13231658935547
7728,2020-08-07 17:00:00,79.80931,-4.436849999999993,273.6433334350586
7729,2020-08-07 18:00:00,79.87357,-4.11466999999999,273.9825134277344
7730,2020-08-07 19:00:00,79.93583,-3.7169700000000034,274.1241760253906
7731,2020-08-07 20:00:00,79.92539,-3.600210000000004,274.1372375488281
7732,2020-08-07 21:00:00,79.91686,-3.5815800000000024,274.1842498779297
7733,2020-08-07 22:00:00,79.90973,-3.5630899999999883,274.2166442871094
7734,2020-08-07 23:00:00,79.90357,-3.5555200000000013,274.22481536865234
7735,2020-08-08 00:00:00,79.9008,-3.5578800000000115,274.3837661743164
7736,2020-08-08 01:00:00,79.89216,-3.5502400000000023,274.4728012084961
7737,2020-08-08 02:00:00,79.88535,-3.548930000000013,274.5110855102539
7738,2020-08-08 03:00:00,79.88382,-3.5505100000000027,274.5227813720703
7739,2020-08-08 04:00:00,79.88321,-3.5430299999999875,274.5137176513672
7740,2020-08-08 05:00:00,79.88156,-3.526379999999989,274.5530471801758
7741,2020-08-08 06:00:00,79.88478,-3.5145899999999983,274.62369537353516
7742,2020-08-08 07:00:00,79.88653,-3.5000599999999906,274.82144927978516
7743,2020-08-08 08:00:00,79.88736,-3.478219999999993,274.95142364501953
7744,2020-08-08 09:00:00,79.90425,-3.7805199999999957,275.0981140136719
7745,2020-08-08 10:00:00,79.90033,-3.7680400000000134,275.26373291015625
7746,2020-08-08 11:00:00,79.89637,-3.771899999999988,275.3268508911133
7747,2020-08-08 12:00:00,79.88789,-3.762859999999989,275.31156158447266
7748,2020-08-08 13:00:00,79.87853,-3.73621,275.30863189697266
7749,2020-08-08 14:00:00,79.89455,-3.8347300000000075,275.4195785522461
7750,2020-08-08 15:00:00,79.89029,-3.8288499999999885,275.4053421020508
7751,2020-08-08 16:00:00,79.8913,-3.8568799999999896,275.44351959228516
7752,2020-08-08 17:00:00,79.89217,-3.8801599999999894,275.4114456176758
7753,2020-08-08 18:00:00,79.89285,-3.8884999999999934,275.3956604003906
7754,2020-08-08 19:00:00,79.90682,-3.8677999999999884,275.3869934082031
7755,2020-08-08 20:00:00,79.92908,-4.013479999999987,275.35831451416016
7756,2020-08-08 21:00:00,79.92583,-4.034140000000008,275.30641174316406
7757,2020-08-08 22:00:00,79.91931,-4.050099999999986,275.2443313598633
7758,2020-08-08 23:00:00,79.91287,-4.069439999999986,275.18263244628906
7759,2020-08-09 00:00:00,79.90526,-4.083949999999987,275.02567291259766
7760,2020-08-09 01:00:00,79.89753,-4.099130000000002,275.0043258666992
7761,2020-08-09 02:00:00,79.8901,-4.111259999999987,275.03004455566406
7762,2020-08-09 03:00:00,79.88534,-4.134230000000002,275.05347442626953
7763,2020-08-09 04:00:00,79.88407,-4.172149999999988,275.11444091796875
7764,2020-08-09 05:00:00,79.88294,-4.175999999999988,275.1960754394531
7765,2020-08-09 06:00:00,79.88329,-4.217420000000004,275.33470153808594
7766,2020-08-09 07:00:00,79.8815,-4.231120000000004,275.39805603027344
7767,2020-08-09 08:00:00,79.88059,-4.266879999999986,275.4964828491211
7768,2020-08-09 09:00:00,79.88763,-4.587170000000015,275.615478515625
7769,2020-08-09 10:00:00,79.88509,-4.6222899999999925,275.61083984375
7770,2020-08-09 11:00:00,79.88145,-4.635609999999986,275.68868255615234
7771,2020-08-09 12:00:00,79.88058,-4.657540000000012,275.7250518798828
7772,2020-08-09 13:00:00,79.88337,-4.72596999999999,275.5860061645508
7773,2020-08-09 14:00:00,79.88118,-4.756959999999992,275.41353607177734
7774,2020-08-09 15:00:00,79.88069,-4.803660000000008,275.29337310791016
7775,2020-08-09 16:00:00,79.87937,-4.834280000000007,275.18949127197266
7776,2020-08-09 17:00:00,79.87848,-4.8730600000000095,275.0011215209961
7777,2020-08-09 18:00:00,79.87792,-4.903629999999993,274.8326950073242
7778,2020-08-09 19:00:00,79.87665,-4.966229999999996,274.6659393310547
7779,2020-08-09 20:00:00,79.87798,-5.062520000000006,274.48400115966797
7780,2020-08-09 21:00:00,79.87846,-5.117529999999988,274.42295837402344
7781,2020-08-09 22:00:00,79.87918,-5.204530000000005,274.4335021972656
7782,2020-08-09 23:00:00,79.87867,-5.267889999999994,274.4354553222656
7783,2020-08-10 00:00:00,79.88121,-5.279339999999991,274.43804931640625
7784,2020-08-10 01:00:00,79.88564,-5.286759999999987,274.47229766845703
7785,2020-08-10 02:00:00,79.89228,-5.299229999999994,274.5121612548828
7786,2020-08-10 03:00:00,79.90288,-5.3071700000000135,274.4335250854492
7787,2020-08-10 04:00:00,79.90694,-5.303859999999986,274.1031799316406
7788,2020-08-10 05:00:00,79.90862,-5.30865,273.76220703125
7789,2020-08-10 06:00:00,79.90733,-5.309599999999989,273.7232666015625
7790,2020-08-10 07:00:00,79.90508,-5.313829999999996,273.93448638916016
7791,2020-08-10 08:00:00,79.90176,-5.416410000000013,274.1595001220703
7792,2020-08-10 09:00:00,79.90183,-5.437739999999991,274.2304992675781
7793,2020-08-10 10:00:00,79.9013,-5.464149999999989,274.33785247802734
7794,2020-08-10 11:00:00,79.90253,-5.4898000000000025,274.42845153808594
7795,2020-08-10 12:00:00,79.90477,-5.5105000000000075,274.44366455078125
7796,2020-08-10 13:00:00,79.90792,-5.525190000000009,274.3661117553711
7797,2020-08-10 14:00:00,79.91026,-5.536030000000011,274.2841567993164
7798,2020-08-10 15:00:00,79.9129,-5.539119999999997,274.209716796875
7799,2020-08-10 16:00:00,79.91682,-5.540259999999989,274.1193161010742
7800,2020-08-10 17:00:00,79.92011,-5.536920000000009,274.0621337890625
7801,2020-08-10 18:00:00,79.91998,-5.524709999999999,274.0102767944336
7802,2020-08-10 19:00:00,79.91924,-5.522559999999999,273.9689712524414
7803,2020-08-10 20:00:00,79.91947,-5.516529999999989,273.9166793823242
7804,2020-08-10 21:00:00,79.91954,-5.5243600000000015,273.82066345214844
7805,2020-08-10 22:00:00,79.92036,-5.532250000000005,273.71480560302734
7806,2020-08-10 23:00:00,79.92217,-5.544549999999987,273.6461181640625
7807,2020-08-11 00:00:00,79.92466,-5.564420000000013,273.5894546508789
7808,2020-08-11 01:00:00,79.92718,-5.580950000000001,273.5211181640625
7809,2020-08-11 02:00:00,79.93112,-5.604440000000011,273.4771423339844
7810,2020-08-11 03:00:00,79.93692,-5.624779999999987,273.4626159667969
7811,2020-08-11 04:00:00,79.94318,-5.630390000000006,273.4907684326172
7812,2020-08-11 05:00:00,79.94715,-5.637730000000005,273.52490997314453
7813,2020-08-11 06:00:00,79.95079,-5.646899999999988,273.59175872802734
7814,2020-08-11 07:00:00,79.95344,-5.657010000000014,273.6661682128906
7815,2020-08-11 08:00:00,79.95485,-5.663260000000008,273.71858978271484
7816,2020-08-11 09:00:00,79.95506,-5.6776299999999935,273.8258514404297
7817,2020-08-11 10:00:00,79.95482,-5.7187800000000095,273.9690475463867
7818,2020-08-11 11:00:00,79.95608,-5.763249999999999,274.12677001953125
7819,2020-08-11 12:00:00,79.96011,-5.807829999999996,274.20387268066406
7820,2020-08-11 13:00:00,79.96563,-5.843520000000012,274.332763671875
7821,2020-08-11 14:00:00,79.97255,-5.878330000000005,274.4400329589844
7822,2020-08-11 15:00:00,79.9795,-5.894270000000006,274.4880676269531
7823,2020-08-11 16:00:00,79.98533,-5.894100000000009,274.48014068603516
7824,2020-08-11 17:00:00,79.99022,-5.885879999999986,274.4331817626953
7825,2020-08-11 18:00:00,79.99351,-5.874050000000011,274.35326385498047
7826,2020-08-11 19:00:00,79.99506,-5.876440000000002,274.2960739135742
7827,2020-08-11 20:00:00,79.99674,-5.875419999999991,274.26976776123047
7828,2020-08-11 21:00:00,79.99726,-5.900800000000004,274.2902603149414
7829,2020-08-11 22:00:00,79.99951,-5.929470000000009,274.3165054321289
7830,2020-08-11 23:00:00,80.00382,-5.960910000000013,274.3673782348633
7831,2020-08-12 00:00:00,80.00922,-5.996460000000013,274.4065246582031
7832,2020-08-12 01:00:00,80.01592,-6.025720000000007,274.43890380859375
7833,2020-08-12 02:00:00,80.02228,-6.040559999999999,274.4882583618164
7834,2020-08-12 03:00:00,80.02525,-6.03916000000001,274.50099182128906
7835,2020-08-12 04:00:00,80.0286,-6.039199999999994,274.51953887939453
7836,2020-08-12 05:00:00,80.03186,-6.04674,274.54341888427734
7837,2020-08-12 06:00:00,80.0357,-6.0525499999999965,274.5625534057617
7838,2020-08-12 07:00:00,80.03948,-6.068150000000003,274.57775115966797
7839,2020-08-12 08:00:00,80.04608,-6.098240000000004,274.5580291748047
7840,2020-08-12 09:00:00,80.05359,-6.1168499999999995,274.6285400390625
7841,2020-08-12 10:00:00,80.06292,-6.126249999999999,274.6660690307617
7842,2020-08-12 11:00:00,80.07119,-6.145929999999993,274.7489547729492
7843,2020-08-12 12:00:00,80.07895,-6.162689999999998,274.7937545776367
7844,2020-08-12 13:00:00,80.08755,-6.172089999999997,274.84444427490234
7845,2020-08-12 14:00:00,80.09435,-6.179689999999994,274.8169860839844
7846,2020-08-12 15:00:00,80.102,-6.197480000000013,274.90038299560547
7847,2020-08-12 16:00:00,80.11066,-6.214650000000006,274.98091888427734
7848,2020-08-12 17:00:00,80.12083,-6.227170000000001,275.0596466064453
7849,2020-08-12 18:00:00,80.1317,-6.232249999999993,275.09412384033203
7850,2020-08-12 19:00:00,80.14558,-6.229590000000002,275.0674743652344
7851,2020-08-12 20:00:00,80.15919,-6.22681,275.02342987060547
7852,2020-08-12 21:00:00,80.16864,-6.225470000000001,274.97698974609375
7853,2020-08-12 22:00:00,80.17653,-6.216370000000012,275.0053253173828
7854,2020-08-12 23:00:00,80.18604,-6.190010000000001,275.1217575073242
7855,2020-08-13 00:00:00,80.19465,-6.166079999999994,275.0721740722656
7856,2020-08-13 01:00:00,80.20003,-6.150830000000013,275.2093963623047
7857,2020-08-13 02:00:00,80.20561,-6.1374700000000075,275.30240631103516
7858,2020-08-13 03:00:00,80.21329,-6.129099999999994,275.3941879272461
7859,2020-08-13 04:00:00,80.22423,-6.118619999999993,275.5805130004883
7860,2020-08-13 05:00:00,80.23819,-6.092960000000005,275.60518646240234
7861,2020-08-13 06:00:00,80.25398,-6.0429499999999905,275.4647216796875
7862,2020-08-13 07:00:00,80.27052,-5.967129999999997,275.20294189453125
7863,2020-08-13 08:00:00,80.33164,-5.873930000000001,274.8714904785156
7864,2020-08-13 09:00:00,80.42034,-5.950970000000012,274.5669937133789
7865,2020-08-13 10:00:00,80.5196,-6.065079999999995,274.4657897949219
7866,2020-08-13 11:00:00,80.60269,-6.413340000000005,274.3661651611328
7867,2020-08-13 12:00:00,80.68746,-6.658260000000013,274.32242584228516
7868,2020-08-13 13:00:00,80.73822,-7.030740000000009,274.2183380126953
7869,2020-08-13 14:00:00,80.83746,-7.154200000000003,274.11338806152344
7870,2020-08-13 15:00:00,80.94916,-7.12285,274.11622619628906
7871,2020-08-13 16:00:00,81.02894,-7.024249999999995,274.09095001220703
7872,2020-08-13 17:00:00,81.08708,-7.029930000000007,273.98436737060547
7873,2020-08-13 18:00:00,81.13427,-6.8339599999999905,273.8820495605469
7874,2020-08-13 19:00:00,81.20865,-6.495499999999993,273.77650451660156
7875,2020-08-13 20:00:00,81.31651,-6.413479999999993,273.6987533569336
7876,2020-08-13 21:00:00,81.42277,-6.1437799999999925,273.7473602294922
7877,2020-08-13 22:00:00,81.53609,-6.055920000000015,273.66151428222656
7878,2020-08-13 23:00:00,81.64786,-6.165339999999986,273.7074279785156
7879,2020-08-14 00:00:00,81.77588,-6.233569999999986,273.77947998046875
7880,2020-08-14 01:00:00,81.90582,-6.258049999999997,273.8781433105469
7881,2020-08-14 02:00:00,82.03341,-6.404300000000006,273.8963317871094
7882,2020-08-14 03:00:00,82.17149,-6.540809999999993,273.895751953125
7883,2020-08-14 04:00:00,82.31753,-6.598270000000014,273.93106842041016
7884,2020-08-14 05:00:00,82.46484,-6.568639999999988,273.96009063720703
7885,2020-08-14 06:00:00,82.60586,-6.577120000000008,273.91532135009766
7886,2020-08-14 07:00:00,82.6661,-7.170230000000004,273.9584655761719
7887,2020-08-14 08:00:00,82.71009,-7.492520000000013,273.94742584228516
7888,2020-08-14 09:00:00,82.76307,-7.581919999999997,273.80255126953125
7889,2020-08-14 10:00:00,82.86242,-7.77367000000001,273.9095764160156
7890,2020-08-14 11:00:00,82.96631,-8.130320000000012,273.7797164916992
7891,2020-08-14 12:00:00,83.03559,-8.680689999999998,273.6763610839844
7892,2020-08-14 13:00:00,83.10799,-9.352339999999998,273.6135787963867
7893,2020-08-14 14:00:00,83.19296,-10.01758000000001,273.5225830078125
7894,2020-08-14 15:00:00,83.28629,-10.970670000000013,273.53894805908203
7895,2020-08-14 16:00:00,83.339,-11.551359999999988,273.43677520751953
7896,2020-08-14 17:00:00,83.44032,-12.043080000000003,273.2652282714844
7897,2020-08-14 18:00:00,83.54194,-12.236919999999998,273.08363342285156
7898,2020-08-14 19:00:00,83.63495,-12.34787,273.1253204345703
7899,2020-08-14 20:00:00,83.70755,-12.970490000000012,273.1900405883789
7900,2020-08-14 21:00:00,83.8122,-13.229680000000002,273.2210159301758
7901,2020-08-14 22:00:00,83.90217,-13.115739999999988,273.1583480834961
7902,2020-08-14 23:00:00,84.0075,-13.491800000000012,273.0351028442383
7903,2020-08-15 00:00:00,84.10359,-13.521680000000003,272.88927459716797
7904,2020-08-15 01:00:00,84.19715,-13.490960000000001,272.8862838745117
7905,2020-08-15 02:00:00,84.30486,-13.336909999999989,272.9553985595703
7906,2020-08-15 03:00:00,84.41064,-13.731850000000009,273.0267639160156
7907,2020-08-15 04:00:00,84.51187,-13.849559999999997,273.1097640991211
7908,2020-08-15 05:00:00,84.60422,-14.456240000000008,273.1484909057617
7909,2020-08-15 06:00:00,84.69067,-14.46405999999999,273.3175582885742
7910,2020-08-15 07:00:00,84.78302,-14.378289999999993,273.3846130371094
7911,2020-08-15 08:00:00,84.88538,-14.359530000000007,273.45967864990234
7912,2020-08-15 09:00:00,84.97824,-15.003980000000013,273.5282669067383
7913,2020-08-15 10:00:00,85.07469,-15.331109999999995,273.5917510986328
7914,2020-08-15 11:00:00,85.14391,-15.610029999999995,273.5981140136719
7915,2020-08-15 12:00:00,85.19999,-15.716769999999997,273.6131820678711
7916,2020-08-15 13:00:00,85.26337,-15.931190000000015,273.58753204345703
7917,2020-08-15 14:00:00,85.33173,-16.16305,273.54065704345703
7918,2020-08-15 15:00:00,85.40991,-16.141469999999998,273.6299743652344
7919,2020-08-15 16:00:00,85.45852,-16.387900000000002,273.64212799072266
7920,2020-08-15 17:00:00,85.50062,-16.605050000000006,273.6076431274414
7921,2020-08-15 18:00:00,85.54122,-16.180470000000014,273.6111297607422
7922,2020-08-15 19:00:00,85.59518,-16.467649999999992,273.61829376220703
7923,2020-08-15 20:00:00,85.63983,-16.402230000000003,273.5905990600586
7924,2020-08-15 21:00:00,85.71591,-16.907849999999996,273.5182113647461
7925,2020-08-15 22:00:00,85.79484,-17.50782000000001,273.5106506347656
7926,2020-08-15 23:00:00,85.88909,-17.781869999999998,273.4937515258789
7927,2020-08-16 00:00:00,85.98796,-18.439789999999988,273.3784713745117
7928,2020-08-16 01:00:00,86.05782,-19.353170000000006,273.3109664916992
7929,2020-08-16 02:00:00,86.13791,-20.06917999999999,273.2462158203125
7930,2020-08-16 03:00:00,86.23128,-20.055270000000007,273.21177673339844
7931,2020-08-16 04:00:00,86.28622,-20.151610000000005,273.2251281738281
7932,2020-08-16 05:00:00,86.37598,-20.274220000000014,273.290771484375
7933,2020-08-16 06:00:00,86.43882,-21.51231999999999,273.0223388671875
7934,2020-08-16 07:00:00,86.52649,-22.540269999999992,273.0814743041992
7935,2020-08-16 08:00:00,86.57953,-23.97036,273.1292495727539
7936,2020-08-16 09:00:00,86.60066,-25.693100000000015,273.1383743286133
7937,2020-08-16 10:00:00,86.66169,-27.252250000000004,273.14013671875
7938,2020-08-16 11:00:00,86.68199,-28.59208000000001,273.1466522216797
7939,2020-08-16 12:00:00,86.70256,-29.348839999999996,273.2333221435547
7940,2020-08-16 13:00:00,86.75603,-30.727980000000002,273.36756134033203
7941,2020-08-16 14:00:00,86.81648,-32.06666999999999,273.4846954345703
7942,2020-08-16 15:00:00,86.87278,-33.59395000000001,273.5876693725586
7943,2020-08-16 16:00:00,86.93877,-34.964879999999994,273.65638732910156
7944,2020-08-16 17:00:00,86.96608,-36.22577000000001,273.6740036010742
7945,2020-08-16 18:00:00,87.06435,-36.59103999999999,273.7090835571289
7946,2020-08-16 19:00:00,87.13335,-37.216170000000005,273.733154296875
7947,2020-08-16 20:00:00,87.22138,-37.97024999999999,273.6929473876953
7948,2020-08-16 21:00:00,87.30776,-38.31614999999999,273.52894592285156
7949,2020-08-16 22:00:00,87.37974,-38.74933999999999,273.3763656616211
7950,2020-08-16 23:00:00,87.44722,-39.25663,273.2920913696289
7951,2020-08-17 00:00:00,87.44639,-40.14004,273.3359680175781
7952,2020-08-17 01:00:00,87.5125,-40.924589999999995,273.3293151855469
7953,2020-08-17 02:00:00,87.60078,-40.02779000000001,273.3684844970703
7954,2020-08-17 03:00:00,87.66896,-39.53734,273.40380096435547
7955,2020-08-17 04:00:00,87.72717,-40.385639999999995,273.46398162841797
7956,2020-08-17 05:00:00,87.81364,-40.46947,273.4977722167969
7957,2020-08-17 06:00:00,87.89025,-40.27026999999998,273.5387725830078
7958,2020-08-17 07:00:00,87.96525,-39.39968999999999,273.55921173095703
7959,2020-08-17 08:00:00,88.01407,-38.74838,273.6047668457031
7960,2020-08-17 09:00:00,88.05055,-37.86959000000002,273.64427185058594
7961,2020-08-17 10:00:00,88.09208,-38.11113,273.70159912109375
7962,2020-08-17 11:00:00,88.13337,-37.43813,273.7444763183594
7963,2020-08-17 12:00:00,88.18223,-36.060280000000006,273.73690032958984
7964,2020-08-17 13:00:00,88.25707,-34.482230000000015,273.7663040161133
7965,2020-08-17 14:00:00,88.29853,-34.61348000000001,273.7817687988281
7966,2020-08-17 15:00:00,88.29831,-34.667429999999996,273.7899932861328
7967,2020-08-17 16:00:00,88.29685,-34.69906,273.81504821777344
7968,2020-08-17 17:00:00,88.29536,-34.737390000000005,273.76358795166016
7969,2020-08-17 18:00:00,88.29386,-34.78387000000001,273.74395751953125
7970,2020-08-17 19:00:00,88.32139,-34.645610000000005,273.74156188964844
7971,2020-08-17 20:00:00,88.39686,-33.99409,273.7090148925781
7972,2020-08-17 21:00:00,88.4224,-33.603229999999996,273.6878433227539
7973,2020-08-17 22:00:00,88.45908,-33.41067000000001,273.6460723876953
7974,2020-08-17 23:00:00,88.50482,-32.61034000000001,273.5879669189453
7975,2020-08-18 00:00:00,88.57095,-32.51847000000001,273.4986877441406
7976,2020-08-18 01:00:00,88.62886,-32.44470000000001,273.4896545410156
7977,2020-08-18 02:00:00,88.70091,-32.68520000000001,273.4186706542969
7978,2020-08-18 03:00:00,88.7835,-33.48993999999999,273.38053131103516
7979,2020-08-18 04:00:00,88.85487,-34.47137000000001,273.36004638671875
7980,2020-08-18 05:00:00,88.92059,-35.355850000000004,273.33563232421875
7981,2020-08-18 06:00:00,88.93896,-35.6344,273.33255767822266
7982,2020-08-18 07:00:00,88.93731,-35.733450000000005,273.3488006591797
7983,2020-08-18 08:00:00,88.93633,-35.80506,273.36963653564453
7984,2020-08-18 09:00:00,88.93552,-35.871790000000004,273.39037322998047
7985,2020-08-18 10:00:00,88.93483,-35.944230000000005,273.4337921142578
7986,2020-08-18 11:00:00,88.93647,-35.732410000000016,273.44549560546875
7987,2020-08-18 12:00:00,88.99798,-35.86339000000001,273.5941390991211
7988,2020-08-18 13:00:00,89.04352,-35.97959,273.6239547729492
7989,2020-08-18 14:00:00,89.08591,-36.15030999999999,273.64466094970703
7990,2020-08-18 15:00:00,89.10041,-35.57069000000001,273.6261215209961
7991,2020-08-18 16:00:00,89.10534,-35.65436,273.59513092041016
7992,2020-08-18 17:00:00,89.11732,-35.37911,273.56886291503906
7993,2020-08-18 18:00:00,89.15798,-34.68736000000001,273.5282669067383
7994,2020-08-18 19:00:00,89.1955,-34.13419999999999,273.49320220947266
7995,2020-08-18 20:00:00,89.2471,-35.23893000000001,273.42298126220703
7996,2020-08-18 21:00:00,89.30318,-36.70662999999999,273.3569793701172
7997,2020-08-18 22:00:00,89.31909,-36.94675000000001,273.32189178466797
7998,2020-08-18 23:00:00,89.37033,-37.12678,273.3220748901367
7999,2020-08-19 00:00:00,89.40234,-36.13938000000002,273.4324722290039
8000,2020-08-19 01:00:00,89.48657,-35.43619000000001,273.41101837158203
8001,2020-08-19 02:00:00,89.55741,-34.529240000000016,273.3940658569336
8002,2020-08-19 03:00:00,89.61818,-32.70102,273.3905487060547
8003,2020-08-19 04:00:00,89.63934,-33.121910000000014,273.38343048095703
8004,2020-08-19 05:00:00,89.67602,-31.90451999999999,273.3964080810547
8005,2020-08-19 06:00:00,89.70893,-35.407550000000015,273.4068145751953
8006,2020-08-19 07:00:00,89.79988,-39.47377,273.42371368408203
8007,2020-08-19 08:00:00,89.8251,-35.97202999999999,273.43900299072266
8008,2020-08-19 09:00:00,89.92307,-34.39013,273.4524841308594
8009,2020-08-19 10:00:00,89.98396,-19.969539999999995,273.4602737426758
8010,2020-08-19 11:00:00,89.99955,117.20799999999997,273.45572662353516
8011,2020-08-19 12:00:00,89.99572,147.66906,273.4404983520508
8012,2020-08-19 13:00:00,89.9947,141.88927999999999,273.43248748779297
8013,2020-08-19 14:00:00,89.99366,135.64076,273.41699981689453
8014,2020-08-19 15:00:00,89.99294,132.22632999999996,273.41326904296875
8015,2020-08-19 16:00:00,89.99266,131.65339,273.4250717163086
8016,2020-08-19 17:00:00,89.9926,131.47064,273.42820739746094
8017,2020-08-19 18:00:00,89.99275,133.91102999999998,273.4399719238281
8018,2020-08-19 19:00:00,89.99299,139.13144999999997,273.43701934814453
8019,2020-08-19 20:00:00,89.99462,-145.02182,273.4527359008789
8020,2020-08-19 21:00:00,89.934,106.33888000000002,273.42533111572266
8021,2020-08-19 22:00:00,89.86382,106.15672,273.4248046875
8022,2020-08-19 23:00:00,89.81652,105.19058000000001,273.42638397216797
8023,2020-08-20 00:00:00,89.75287,108.23937999999998,273.4246597290039
8024,2020-08-20 01:00:00,89.67473,109.16863999999998,273.4221725463867
8025,2020-08-20 02:00:00,89.60507,110.6651,273.42305755615234
8026,2020-08-20 03:00:00,89.52829,107.58607999999998,273.4307403564453
8027,2020-08-20 04:00:00,89.45923,107.01628,273.40757751464844
8028,2020-08-20 05:00:00,89.4116,106.29233999999997,273.431884765625
8029,2020-08-20 06:00:00,89.35414,107.48897,273.4472122192383
8030,2020-08-20 07:00:00,89.25732,107.34372000000002,273.45416259765625
8031,2020-08-20 08:00:00,89.17097,105.95765,273.4738464355469
8032,2020-08-20 09:00:00,89.07907,104.78820999999999,273.36798095703125
8033,2020-08-20 10:00:00,89.00614,104.01192000000003,273.37803649902344
8034,2020-08-20 11:00:00,88.98375,104.07738,273.3818359375
8035,2020-08-20 12:00:00,88.91417,104.71355,273.36620330810547
8036,2020-08-20 13:00:00,88.81864,105.46206000000001,273.3579788208008
8037,2020-08-20 14:00:00,88.74292,106.10005999999998,273.35801696777344
8038,2020-08-20 15:00:00,88.69467,105.02058999999997,273.2986373901367
8039,2020-08-20 16:00:00,88.63395,104.36622999999997,273.2745895385742
8040,2020-08-20 17:00:00,88.56313,103.48568,273.2788391113281
8041,2020-08-20 18:00:00,88.51078,103.70420000000001,273.27510833740234
8042,2020-08-20 19:00:00,88.45067,104.33910000000003,273.2620315551758
8043,2020-08-20 20:00:00,88.39899,104.21821,273.2703170776367
8044,2020-08-20 21:00:00,88.29715,104.1044,273.28824615478516
8045,2020-08-20 22:00:00,88.19618,104.07524999999998,273.26880645751953
8046,2020-08-20 23:00:00,88.11451,104.2733,273.2704391479492
8047,2020-08-21 00:00:00,88.02829,104.3825,273.31239318847656
8048,2020-08-21 01:00:00,87.99457,104.36097999999998,273.3424072265625
8049,2020-08-21 02:00:00,87.94598,104.31047999999998,273.35968017578125
8050,2020-08-21 03:00:00,87.86181,104.21474,273.36676025390625
8051,2020-08-21 04:00:00,87.78735,104.55025999999998,273.35807037353516
8052,2020-08-21 05:00:00,87.71428,104.62207000000001,273.35680389404297
8053,2020-08-21 06:00:00,87.71439,104.53391999999997,273.35743713378906
8054,2020-08-21 07:00:00,87.71529,104.50878999999998,273.3541488647461
8055,2020-08-21 08:00:00,87.71622,104.48926,273.3562240600586
8056,2020-08-21 09:00:00,87.717,104.47285,273.3080368041992
8057,2020-08-21 10:00:00,87.71778,104.50178,273.2598342895508
8058,2020-08-21 11:00:00,87.71809,104.48187999999999,273.21297454833984
8059,2020-08-21 12:00:00,87.73935,104.25655999999998,273.2087936401367
8060,2020-08-21 13:00:00,87.71683,104.34066000000001,273.1790084838867
8061,2020-08-21 14:00:00,87.71668,104.31378999999998,273.14636993408203
8062,2020-08-21 15:00:00,87.71664,104.28665999999998,273.13516998291016
8063,2020-08-21 16:00:00,87.71685,104.26150999999999,273.13279724121094
8064,2020-08-21 17:00:00,87.71732,104.24164000000002,273.1488800048828
8065,2020-08-21 18:00:00,87.71802,104.22775000000001,273.1595687866211
8066,2020-08-21 19:00:00,87.71888,104.22048999999998,273.17261505126953
8067,2020-08-21 20:00:00,87.7198,104.21949000000001,273.1835174560547
8068,2020-08-21 21:00:00,87.7207,104.22318999999999,273.20775604248047
8069,2020-08-21 22:00:00,87.72152,104.22865000000002,273.2248077392578
8070,2020-08-21 23:00:00,87.72227,104.23306000000002,273.25694274902344
8071,2020-08-22 00:00:00,87.723,104.23549000000003,273.2723922729492
8072,2020-08-22 01:00:00,87.72377,104.23658,273.2920227050781
8073,2020-08-22 02:00:00,87.72472,104.23730999999998,273.2882766723633
8074,2020-08-22 03:00:00,87.72598,104.24044000000004,273.27591705322266
8075,2020-08-22 04:00:00,87.72764,104.24757999999997,273.28279876708984
8076,2020-08-22 05:00:00,87.72974,104.26321000000002,273.30531311035156
8077,2020-08-22 06:00:00,87.73247,104.28820000000002,273.3322448730469
8078,2020-08-22 07:00:00,87.7357,104.32006000000001,273.36864471435547
8079,2020-08-22 08:00:00,87.73929,104.36554999999998,273.4360809326172
8080,2020-08-22 09:00:00,87.7433,104.41269,273.5390625
8081,2020-08-22 10:00:00,87.74712,104.46278999999998,273.6417922973633
8082,2020-08-22 11:00:00,87.75044,104.51585999999998,273.70987701416016
8083,2020-08-22 12:00:00,87.75327,104.57537000000002,273.6980895996094
8084,2020-08-22 13:00:00,87.7553,104.64143000000001,273.6577453613281
8085,2020-08-22 14:00:00,87.75641,104.71242000000001,273.6192932128906
8086,2020-08-22 15:00:00,87.75675,104.78728999999998,273.6032028198242
8087,2020-08-22 16:00:00,87.75637,104.86239,273.6136932373047
8088,2020-08-22 17:00:00,87.75545,104.93903999999998,273.64156341552734
8089,2020-08-22 18:00:00,87.75413,105.01315999999997,273.64781188964844
8090,2020-08-22 19:00:00,87.75246,105.08589,273.6298522949219
8091,2020-08-22 20:00:00,87.7504,105.16003,273.5917663574219
8092,2020-08-22 21:00:00,87.74785,105.22707000000003,273.55236053466797
8093,2020-08-22 22:00:00,87.74529,105.28654,273.4383544921875
8094,2020-08-22 23:00:00,87.74339,105.34005000000002,273.17810821533203
8095,2020-08-23 00:00:00,87.74232,105.39076999999997,272.9211730957031
8096,2020-08-23 01:00:00,87.74197,105.4339,272.8313522338867
8097,2020-08-23 02:00:00,87.74207,105.47041000000002,272.7982635498047
8098,2020-08-23 03:00:00,87.74278,105.51206000000002,272.74181365966797
8099,2020-08-23 04:00:00,87.74394,105.55685,272.6255340576172
8100,2020-08-23 05:00:00,87.74544,105.6089,272.50389099121094
8101,2020-08-23 06:00:00,87.74709,105.66953999999998,272.44140625
8102,2020-08-23 07:00:00,87.74902,105.73698999999999,272.45420837402344
8103,2020-08-23 08:00:00,87.75121,105.80701999999997,272.5078582763672
8104,2020-08-23 09:00:00,87.75361,105.8741,272.5172576904297
8105,2020-08-23 10:00:00,87.75606,105.94238000000001,272.5677947998047
8106,2020-08-23 11:00:00,87.75845,106.00468000000001,272.61219024658203
8107,2020-08-23 12:00:00,87.76077,106.05750999999998,272.626953125
8108,2020-08-23 13:00:00,87.76301,106.10215,272.6139450073242
8109,2020-08-23 14:00:00,87.76535,106.13709,272.5965042114258
8110,2020-08-23 15:00:00,87.76785,106.16372000000001,272.5780258178711
8111,2020-08-23 16:00:00,87.77044,106.18308000000002,272.54168701171875
8112,2020-08-23 17:00:00,87.77314,106.19900999999999,272.5194320678711
8113,2020-08-23 18:00:00,87.77586,106.21323000000001,272.51146697998047
8114,2020-08-23 19:00:00,87.77871,106.22543999999999,272.5284194946289
8115,2020-08-23 20:00:00,87.78177,106.23381999999998,272.6221923828125
8116,2020-08-23 21:00:00,87.78505,106.23837000000003,272.80985260009766
8117,2020-08-23 22:00:00,87.78861,106.24131,272.9652404785156
8118,2020-08-23 23:00:00,87.79242,106.23624999999998,273.065673828125
8119,2020-08-24 00:00:00,87.79657,106.20965999999999,273.17596435546875
8120,2020-08-24 01:00:00,87.79969,106.16697999999997,273.3123016357422
8121,2020-08-24 02:00:00,87.80111,106.12670000000003,273.41761779785156
8122,2020-08-24 03:00:00,87.80114,106.08686999999998,273.45665740966797
8123,2020-08-24 04:00:00,87.79979,106.04904999999997,273.4880905151367
8124,2020-08-24 05:00:00,87.79684,106.00731999999999,273.4532012939453
8125,2020-08-24 06:00:00,87.79329,105.96203000000003,273.29000091552734
8126,2020-08-24 07:00:00,87.78897,105.91847000000001,273.1959457397461
8127,2020-08-24 08:00:00,87.78436,105.86419999999998,273.12889862060547
8128,2020-08-24 09:00:00,87.78022,105.79718000000003,273.17545318603516
8129,2020-08-24 10:00:00,87.77627,105.76231000000001,273.1473693847656
8130,2020-08-24 11:00:00,87.773,105.70024000000001,273.1637878417969
8131,2020-08-24 12:00:00,87.77037,105.63362000000001,273.14051818847656
8132,2020-08-24 13:00:00,87.76816,105.55860999999999,273.140625
8133,2020-08-24 14:00:00,87.76606,105.48685,273.0047302246094
8134,2020-08-24 15:00:00,87.76437,105.41809999999998,272.72962188720703
8135,2020-08-24 16:00:00,87.76319,105.35052000000002,272.26795196533203
8136,2020-08-24 17:00:00,87.76252,105.29826000000003,271.7970962524414
8137,2020-08-24 18:00:00,87.76251,105.25832000000003,271.3994369506836
8138,2020-08-24 19:00:00,87.76307,105.22523999999999,271.13822174072266
8139,2020-08-24 20:00:00,87.76403,105.19858999999997,270.9676055908203
8140,2020-08-24 21:00:00,87.76515,105.17822000000001,270.8898239135742
8141,2020-08-24 22:00:00,87.76624,105.15990999999997,270.85396575927734
8142,2020-08-24 23:00:00,87.76754,105.14210000000003,270.87591552734375
8143,2020-08-25 00:00:00,87.76919,105.12547999999998,271.08325958251953
8144,2020-08-25 01:00:00,87.77115,105.10246999999998,271.48609924316406
8145,2020-08-25 02:00:00,87.77285,105.06774000000001,271.8954162597656
8146,2020-08-25 03:00:00,87.77415,105.02089999999998,272.05957794189453
8147,2020-08-25 04:00:00,87.77507,104.96042,272.1699676513672
8148,2020-08-25 05:00:00,87.77595,104.88909000000001,272.2587203979492
8149,2020-08-25 06:00:00,87.77673,104.81144,272.3008041381836
8150,2020-08-25 07:00:00,87.77752,104.73676,272.3335418701172
8151,2020-08-25 08:00:00,87.77824,104.67939999999999,272.3713150024414
8152,2020-08-25 09:00:00,87.77869,104.62943999999999,272.42159271240234
8153,2020-08-25 10:00:00,87.77945,104.58611000000002,272.4357681274414
8154,2020-08-25 11:00:00,87.7804,104.54899999999998,272.4568634033203
8155,2020-08-25 12:00:00,87.78127,104.51128,272.5068588256836
8156,2020-08-25 13:00:00,87.78187,104.46716000000004,272.57120513916016
8157,2020-08-25 14:00:00,87.78229,104.41521,272.6448287963867
8158,2020-08-25 15:00:00,87.78274,104.35798999999997,272.7116470336914
8159,2020-08-25 16:00:00,87.78347,104.29991000000001,272.77012634277344
8160,2020-08-25 17:00:00,87.78463,104.24643000000003,272.85538482666016
8161,2020-08-25 18:00:00,87.78624,104.20258999999999,272.96607971191406
8162,2020-08-25 19:00:00,87.78827,104.1696,273.10135650634766
8163,2020-08-25 20:00:00,87.79096,104.15213,273.2288360595703
8164,2020-08-25 21:00:00,87.79437,104.15260999999998,273.3040466308594
8165,2020-08-25 22:00:00,87.79813,104.15936999999997,273.3607406616211
8166,2020-08-25 23:00:00,87.80238,104.17831000000001,273.44332122802734
8167,2020-08-26 00:00:00,87.80734,104.21650999999997,273.41270446777344
8168,2020-08-26 01:00:00,87.81223,104.26776999999998,273.49938201904297
8169,2020-08-26 02:00:00,87.81675,104.33086000000003,273.61546325683594
8170,2020-08-26 03:00:00,87.82116,104.40960999999999,273.68643951416016
8171,2020-08-26 04:00:00,87.82496,104.50162,273.7070083618164
8172,2020-08-26 05:00:00,87.82823,104.60219999999998,273.6668395996094
8173,2020-08-26 06:00:00,87.83072,104.71109000000001,273.5066375732422
8174,2020-08-26 07:00:00,87.83236,104.81835999999998,273.1818084716797
8175,2020-08-26 08:00:00,87.83404,104.90908999999999,273.2471008300781
8176,2020-08-26 09:00:00,87.83655,104.98086,273.6622314453125
8177,2020-08-26 10:00:00,87.8405,105.04262,273.8215866088867
8178,2020-08-26 11:00:00,87.84582,105.10451999999998,273.81592559814453
8179,2020-08-26 12:00:00,87.85246,105.18268,273.73250579833984
8180,2020-08-26 13:00:00,87.86,105.29548999999997,273.61743927001953
8181,2020-08-26 14:00:00,87.8672,105.41820999999999,273.5429229736328
8182,2020-08-26 15:00:00,87.87347,105.54622999999998,273.5357360839844
8183,2020-08-26 16:00:00,87.87838,105.6762,273.5337905883789
8184,2020-08-26 17:00:00,87.88193,105.79910999999998,273.5386428833008
8185,2020-08-26 18:00:00,87.88531,105.91014999999999,273.5439758300781
8186,2020-08-26 19:00:00,87.88865,106.01234999999997,273.54652404785156
8187,2020-08-26 20:00:00,87.89225,106.11047000000002,273.5491485595703
8188,2020-08-26 21:00:00,87.89656,106.207,273.5404968261719
8189,2020-08-26 22:00:00,87.90161,106.30700000000002,273.52903747558594
8190,2020-08-26 23:00:00,87.90761,106.40841999999998,273.54859161376953
8191,2020-08-27 00:00:00,87.91408,106.51198,273.5776138305664
8192,2020-08-27 01:00:00,87.92056,106.61658999999997,273.61319732666016
8193,2020-08-27 02:00:00,87.92666,106.72384999999997,273.7073059082031
8194,2020-08-27 03:00:00,87.93197,106.84183999999999,273.78783416748047
8195,2020-08-27 04:00:00,87.93624,106.97487000000001,273.8307189941406
8196,2020-08-27 05:00:00,87.93949,107.11185999999998,273.8303527832031
8197,2020-08-27 06:00:00,87.94165,107.24333000000001,273.8278045654297
8198,2020-08-27 07:00:00,87.94322,107.35897999999997,273.8293762207031
8199,2020-08-27 08:00:00,87.94458,107.45414,273.82698822021484
8200,2020-08-27 09:00:00,87.94617,107.52780000000001,273.8384017944336
8201,2020-08-27 10:00:00,87.9484,107.58523000000002,273.83021545410156
8202,2020-08-27 11:00:00,87.95182,107.64902999999998,273.81868743896484
8203,2020-08-27 12:00:00,87.95639,107.71856000000002,273.8120651245117
8204,2020-08-27 13:00:00,87.96174,107.79550999999998,273.8065872192383
8205,2020-08-27 14:00:00,87.96726,107.87784999999997,273.81329345703125
8206,2020-08-27 15:00:00,87.97272,107.96217000000001,273.8239974975586
8207,2020-08-27 16:00:00,87.97766,108.05989999999997,273.8370819091797
8208,2020-08-27 17:00:00,87.98159,108.16863999999998,273.85530853271484
8209,2020-08-27 18:00:00,87.98432,108.27661,273.8702163696289
8210,2020-08-27 19:00:00,87.98613,108.35730999999998,273.87721252441406
8211,2020-08-27 20:00:00,87.98768,108.39629000000002,273.87066650390625
8212,2020-08-27 21:00:00,87.98966,108.39978000000002,273.83483123779297
8213,2020-08-27 22:00:00,87.99294,108.40386999999998,273.7879104614258
8214,2020-08-27 23:00:00,87.99748,108.41305999999997,273.7583236694336
8215,2020-08-28 00:00:00,88.00277,108.43034,273.7053909301758
8216,2020-08-28 01:00:00,88.00825,108.45841999999999,273.65234375
8217,2020-08-28 02:00:00,88.01362,108.50061,273.6090316772461
8218,2020-08-28 03:00:00,88.01852,108.55444,273.5903015136719
8219,2020-08-28 04:00:00,88.02265,108.62065000000001,273.5957717895508
8220,2020-08-28 05:00:00,88.02579,108.69430999999997,273.59410858154297
8221,2020-08-28 06:00:00,88.0282,108.76134000000002,273.5937194824219
8222,2020-08-28 07:00:00,88.03013,108.81344000000001,273.59361267089844
8223,2020-08-28 08:00:00,88.03164,108.84995000000004,273.61492919921875
8224,2020-08-28 09:00:00,88.03346,108.87014999999997,273.6235656738281
8225,2020-08-28 10:00:00,88.03592,108.88288,273.62152099609375
8226,2020-08-28 11:00:00,88.03888,108.89315999999997,273.62447357177734
8227,2020-08-28 12:00:00,88.04221,108.90667000000002,273.6351013183594
8228,2020-08-28 13:00:00,88.04601,108.92120999999997,273.64764404296875
8229,2020-08-28 14:00:00,88.04988,108.94109000000003,273.6891098022461
8230,2020-08-28 15:00:00,88.05341,108.97627,273.6770935058594
8231,2020-08-28 16:00:00,88.05624,109.01538,273.6185302734375
8232,2020-08-28 17:00:00,88.05845,109.05478,273.5856628417969
8233,2020-08-28 18:00:00,88.06002,109.08745999999996,273.5416793823242
8234,2020-08-28 19:00:00,88.06137,109.10856000000001,273.52039337158203
8235,2020-08-28 20:00:00,88.06253,109.11577,273.4920349121094
8236,2020-08-28 21:00:00,88.0642,109.11288000000002,273.46185302734375
8237,2020-08-28 22:00:00,88.06643,109.10849000000002,273.4396743774414
8238,2020-08-28 23:00:00,88.06944,109.10323,273.43050384521484
8239,2020-08-29 00:00:00,88.07319,109.10163999999997,273.4317169189453
8240,2020-08-29 01:00:00,88.0775,109.10591,273.4423370361328
8241,2020-08-29 02:00:00,88.082,109.12329,273.48778533935547
8242,2020-08-29 03:00:00,88.08639,109.15795000000003,273.4939422607422
8243,2020-08-29 04:00:00,88.09043,109.20919000000004,273.53153228759766
8244,2020-08-29 05:00:00,88.09394,109.27091999999999,273.56839752197266
8245,2020-08-29 06:00:00,88.09706,109.33258999999998,273.60826110839844
8246,2020-08-29 07:00:00,88.09989,109.38855000000001,273.6206817626953
8247,2020-08-29 08:00:00,88.1027,109.43344000000002,273.62133026123047
8248,2020-08-29 09:00:00,88.1057,109.46425999999997,273.6077194213867
8249,2020-08-29 10:00:00,88.10929,109.48536999999999,273.58621978759766
8250,2020-08-29 11:00:00,88.11375,109.49770999999998,273.56248474121094
8251,2020-08-29 12:00:00,88.11901,109.51107000000002,273.53624725341797
8252,2020-08-29 13:00:00,88.12482,109.53478999999999,273.5149459838867
8253,2020-08-29 14:00:00,88.13083,109.57788,273.48707580566406
8254,2020-08-29 15:00:00,88.13679,109.64625000000001,273.435546875
8255,2020-08-29 16:00:00,88.14241,109.74133999999998,273.3729019165039
8256,2020-08-29 17:00:00,88.14713,109.85660000000001,273.3204116821289
8257,2020-08-29 18:00:00,88.15093,109.97504000000004,273.2817153930664
8258,2020-08-29 19:00:00,88.15426,110.09174999999999,273.2362518310547
8259,2020-08-29 20:00:00,88.15737,110.20184,273.197998046875
8260,2020-08-29 21:00:00,88.16067,110.29750999999999,273.1711730957031
8261,2020-08-29 22:00:00,88.1643,110.38495,273.1418685913086
8262,2020-08-29 23:00:00,88.16866,110.47195999999997,273.1000671386719
8263,2020-08-30 00:00:00,88.17377,110.5711,273.20648193359375
8264,2020-08-30 01:00:00,88.17966,110.67854999999997,273.17118072509766
8265,2020-08-30 02:00:00,88.18622,110.79084,273.1580352783203
8266,2020-08-30 03:00:00,88.19315,110.91447,273.14869689941406
8267,2020-08-30 04:00:00,88.19986,111.06642,273.1138381958008
8268,2020-08-30 05:00:00,88.20609,111.24723,273.0168151855469
8269,2020-08-30 06:00:00,88.21156,111.44779,272.8699951171875
8270,2020-08-30 07:00:00,88.21599,111.64940000000001,272.7218017578125
8271,2020-08-30 08:00:00,88.21972,111.83119999999997,272.6126403808594
8272,2020-08-30 09:00:00,88.22307,111.99432999999999,272.5602569580078
8273,2020-08-30 10:00:00,88.22624,112.13256000000001,272.489013671875
8274,2020-08-30 11:00:00,88.22946,112.24232999999998,272.38831329345703
8275,2020-08-30 12:00:00,88.23308,112.34962999999999,272.35482025146484
8276,2020-08-30 13:00:00,88.23716,112.46068000000002,272.37894439697266
8277,2020-08-30 14:00:00,88.24148,112.57406000000003,272.40416717529297
8278,2020-08-30 15:00:00,88.24608,112.67758000000003,272.45250701904297
8279,2020-08-30 16:00:00,88.25047,112.79266000000001,272.4217529296875
8280,2020-08-30 17:00:00,88.25421,112.92644999999999,272.3946075439453
8281,2020-08-30 18:00:00,88.2573,113.0686,272.4028778076172
8282,2020-08-30 19:00:00,88.25988,113.20400999999998,272.43289947509766
8283,2020-08-30 20:00:00,88.26202,113.31734,272.45811462402344
8284,2020-08-30 21:00:00,88.26376,113.41050999999999,272.4814453125
8285,2020-08-30 22:00:00,88.26529,113.48004000000003,272.4918212890625
8286,2020-08-30 23:00:00,88.26705,113.52332999999999,272.4844207763672
8287,2020-08-31 00:00:00,88.26913,113.55122,272.49910736083984
8288,2020-08-31 01:00:00,88.27186,113.57119999999998,272.51914978027344
8289,2020-08-31 02:00:00,88.27526,113.59676999999999,272.5273132324219
8290,2020-08-31 03:00:00,88.27876,113.63806999999997,272.5119857788086
8291,2020-08-31 04:00:00,88.28206,113.69969000000003,272.4853744506836
8292,2020-08-31 05:00:00,88.28489,113.77751,272.4707946777344
8293,2020-08-31 06:00:00,88.28717,113.86685,272.5044708251953
8294,2020-08-31 07:00:00,88.28885,113.95202,272.61949920654297
8295,2020-08-31 08:00:00,88.29019,114.02375,272.6897430419922
8296,2020-08-31 09:00:00,88.29145,114.07918999999998,272.6653366088867
8297,2020-08-31 10:00:00,88.29284,114.11329999999998,272.58551025390625
8298,2020-08-31 11:00:00,88.29445,114.12997999999999,272.4992980957031
8299,2020-08-31 12:00:00,88.29667,114.13886000000002,272.4229049682617
8300,2020-08-31 13:00:00,88.29953,114.14805000000001,272.33939361572266
8301,2020-08-31 14:00:00,88.30297,114.15993000000003,272.23724365234375
8302,2020-08-31 15:00:00,88.30672,114.18606,272.19091796875
8303,2020-08-31 16:00:00,88.31032,114.2328,272.2152862548828
8304,2020-08-31 17:00:00,88.31358,114.29579000000001,272.2587661743164
8305,2020-08-31 18:00:00,88.31646,114.36745000000002,272.2814483642578
8306,2020-08-31 19:00:00,88.31886,114.44049000000001,272.2997817993164
8307,2020-08-31 20:00:00,88.32091,114.50565,272.2996597290039
8308,2020-08-31 21:00:00,88.32281,114.5618,272.2970886230469
8309,2020-08-31 22:00:00,88.32465,114.60870999999997,272.2915954589844
8310,2020-08-31 23:00:00,88.32663,114.64803,272.3169403076172
8311,2020-09-01 00:00:00,88.32875,114.67739,272.3075942993164
8312,2020-09-01 01:00:00,88.33132,114.71228000000002,272.2911834716797
8313,2020-09-01 02:00:00,88.33369,114.76436999999999,272.2963409423828
8314,2020-09-01 03:00:00,88.33619,114.82049999999998,272.32596588134766
8315,2020-09-01 04:00:00,88.33868,114.88522,272.3735580444336
8316,2020-09-01 05:00:00,88.34108,114.96253000000002,272.46593475341797
8317,2020-09-01 06:00:00,88.34345,115.06079999999997,272.5596618652344
8318,2020-09-01 07:00:00,88.34582,115.19272000000001,272.6661911010742
8319,2020-09-01 08:00:00,88.34819,115.32961999999998,272.7751770019531
8320,2020-09-01 09:00:00,88.35039,115.46622000000002,272.8088150024414
8321,2020-09-01 10:00:00,88.35257,115.58419000000004,272.79283905029297
8322,2020-09-01 11:00:00,88.3553,115.69459999999998,272.8133850097656
8323,2020-09-01 12:00:00,88.35826,115.81083000000001,272.8857727050781
8324,2020-09-01 13:00:00,88.36155,115.91665999999998,272.90506744384766
8325,2020-09-01 14:00:00,88.36497,116.01164,272.8770446777344
8326,2020-09-01 15:00:00,88.36887,116.11685999999997,272.84056854248047
8327,2020-09-01 16:00:00,88.37221,116.20879000000002,272.6929931640625
8328,2020-09-01 17:00:00,88.37608,116.32826,272.4979248046875
8329,2020-09-01 18:00:00,88.37955,116.46383000000003,272.2991256713867
8330,2020-09-01 19:00:00,88.3826,116.59546999999998,272.2407913208008
8331,2020-09-01 20:00:00,88.38525,116.71100000000001,272.3556671142578
8332,2020-09-01 21:00:00,88.38768,116.81100000000004,272.5149917602539
8333,2020-09-01 22:00:00,88.3901,116.88243,272.65274810791016
8334,2020-09-01 23:00:00,88.39286,116.93543,272.71260833740234
8335,2020-09-02 00:00:00,88.39591,116.97491000000002,272.70618438720703
8336,2020-09-02 01:00:00,88.39946,117.00684999999999,272.7822036743164
8337,2020-09-02 02:00:00,88.40353,117.03976,272.82281494140625
8338,2020-09-02 03:00:00,88.40808,117.08235000000002,272.84815979003906
8339,2020-09-02 04:00:00,88.41296,117.14283999999998,272.93379974365234
8340,2020-09-02 05:00:00,88.41786,117.22145999999998,272.992919921875
8341,2020-09-02 06:00:00,88.42256,117.31322999999998,272.9924087524414
8342,2020-09-02 07:00:00,88.42696,117.40929,272.98036193847656
8343,2020-09-02 08:00:00,88.43108,117.50359000000003,273.0078887939453
8344,2020-09-02 09:00:00,88.43502,117.59305999999998,273.06764221191406
8345,2020-09-02 10:00:00,88.43886,117.67142999999999,273.0838928222656
8346,2020-09-02 11:00:00,88.44293,117.73969,273.06066131591797
8347,2020-09-02 12:00:00,88.44752,117.80079999999998,273.07073974609375
8348,2020-09-02 13:00:00,88.45275,117.86522000000002,273.053466796875
8349,2020-09-02 14:00:00,88.45858,117.94427999999999,272.8810729980469
8350,2020-09-02 15:00:00,88.46467,118.04604999999998,272.5262451171875
8351,2020-09-02 16:00:00,88.47083,118.17295000000001,272.14793395996094
8352,2020-09-02 17:00:00,88.47666,118.31385,272.1334686279297
8353,2020-09-02 18:00:00,88.48246,118.45893000000001,272.25716400146484
8354,2020-09-02 19:00:00,88.488,118.59595000000002,272.16700744628906
8355,2020-09-02 20:00:00,88.49352,118.70781999999997,272.1377258300781
8356,2020-09-02 21:00:00,88.4991,118.78836000000001,272.11576080322266
8357,2020-09-02 22:00:00,88.50524,118.85039999999998,271.8164291381836
8358,2020-09-02 23:00:00,88.51183,118.91047000000003,271.4447555541992
8359,2020-09-03 00:00:00,88.51871,118.96694000000002,271.1318130493164
8360,2020-09-03 01:00:00,88.52593,119.03267,270.97986602783203
8361,2020-09-03 02:00:00,88.53332,119.11743000000001,270.7925720214844
8362,2020-09-03 03:00:00,88.54084,119.22132999999997,270.60384368896484
8363,2020-09-03 04:00:00,88.54827,119.35072000000002,270.3385314941406
8364,2020-09-03 05:00:00,88.55549,119.49653999999998,270.2109832763672
8365,2020-09-03 06:00:00,88.5623,119.64078,270.2718963623047
8366,2020-09-03 07:00:00,88.56887,119.77715,270.30297088623047
8367,2020-09-03 08:00:00,88.5751,119.89148,270.3263854980469
8368,2020-09-03 09:00:00,88.58102,119.98113999999998,270.3982620239258
8369,2020-09-03 10:00:00,88.58709,120.03913,270.3416519165039
8370,2020-09-03 11:00:00,88.59342,120.07267000000002,270.4975891113281
8371,2020-09-03 12:00:00,88.60015,120.09706,270.55230712890625
8372,2020-09-03 13:00:00,88.60721,120.12365,270.6371307373047
8373,2020-09-03 14:00:00,88.61453,120.14477999999997,270.65065002441406
8374,2020-09-03 15:00:00,88.62188,120.17533000000003,270.6139678955078
8375,2020-09-03 16:00:00,88.62937,120.22248000000002,270.72052001953125
8376,2020-09-03 17:00:00,88.63706,120.29779000000002,270.89913177490234
8377,2020-09-03 18:00:00,88.64451,120.39776,270.84835052490234
8378,2020-09-03 19:00:00,88.6513,120.49760000000003,270.85826110839844
8379,2020-09-03 20:00:00,88.65734,120.58100000000002,270.864990234375
8380,2020-09-03 21:00:00,88.66272,120.63866000000002,270.8664779663086
8381,2020-09-03 22:00:00,88.66749,120.67201999999997,270.91613006591797
8382,2020-09-03 23:00:00,88.67175,120.66916000000003,271.0043487548828
8383,2020-09-04 00:00:00,88.67609,120.6329,270.94175720214844
8384,2020-09-04 01:00:00,88.68066,120.59244000000001,271.03678131103516
8385,2020-09-04 02:00:00,88.68549,120.57173999999998,271.0743942260742
8386,2020-09-04 03:00:00,88.69084,120.58388000000002,271.0921936035156
8387,2020-09-04 04:00:00,88.69605,120.62946,271.11185455322266
8388,2020-09-04 05:00:00,88.7008,120.70137,271.1328430175781
8389,2020-09-04 06:00:00,88.70449,120.77078,271.1197280883789
8390,2020-09-04 07:00:00,88.70789,120.82083,271.1314239501953
8391,2020-09-04 08:00:00,88.7113,120.83582999999999,271.1426239013672
8392,2020-09-04 09:00:00,88.71454,120.82607999999999,271.17874908447266
8393,2020-09-04 10:00:00,88.71806,120.77854000000002,271.18627166748047
8394,2020-09-04 11:00:00,88.72157,120.70589000000001,271.1775360107422
8395,2020-09-04 12:00:00,88.72504,120.62056000000001,271.1627883911133
8396,2020-09-04 13:00:00,88.72873,120.52317,271.13426971435547
8397,2020-09-04 14:00:00,88.73262,120.43176,271.1145324707031
8398,2020-09-04 15:00:00,88.73651,120.35541999999998,270.99554443359375
8399,2020-09-04 16:00:00,88.74022,120.28359999999998,270.79894256591797
8400,2020-09-04 17:00:00,88.74353,120.22091999999998,270.7391052246094
8401,2020-09-04 18:00:00,88.74603,120.16865000000001,270.7151565551758
8402,2020-09-04 19:00:00,88.74761,120.10280999999998,270.65738677978516
8403,2020-09-04 20:00:00,88.74853,120.02408000000003,270.64742279052734
8404,2020-09-04 21:00:00,88.74891,119.93581,270.7534484863281
8405,2020-09-04 22:00:00,88.74901,119.84273000000002,270.8489532470703
8406,2020-09-04 23:00:00,88.74899,119.74270999999999,270.92024993896484
8407,2020-09-05 00:00:00,88.74902,119.64677,270.94510650634766
8408,2020-09-05 01:00:00,88.74925,119.56513000000001,270.97418212890625
8409,2020-09-05 02:00:00,88.74962,119.50722000000002,270.94258880615234
8410,2020-09-05 03:00:00,88.75,119.47028999999998,270.8621597290039
8411,2020-09-05 04:00:00,88.75025,119.45657,270.8425598144531
8412,2020-09-05 05:00:00,88.75029,119.46868,270.7802200317383
8413,2020-09-05 06:00:00,88.74989,119.48719,270.6779022216797
8414,2020-09-05 07:00:00,88.74913,119.50341000000003,270.51805877685547
8415,2020-09-05 08:00:00,88.74815,119.49793,270.31187438964844
8416,2020-09-05 09:00:00,88.74719,119.46129000000002,270.08583068847656
8417,2020-09-05 10:00:00,88.74657,119.40391,269.9311752319336
8418,2020-09-05 11:00:00,88.74638,119.33690999999999,269.83924102783203
8419,2020-09-05 12:00:00,88.7463,119.27233999999999,269.8565368652344
8420,2020-09-05 13:00:00,88.74596,119.26027999999997,269.73657989501953
8421,2020-09-05 14:00:00,88.74518,119.25742000000002,269.6721878051758
8422,2020-09-05 15:00:00,88.74404,119.26058,269.4718246459961
8423,2020-09-05 16:00:00,88.74267,119.27168,269.3775939941406
8424,2020-09-05 17:00:00,88.74117,119.28336000000002,269.2878952026367
8425,2020-09-05 18:00:00,88.73948,119.27926000000002,269.22731018066406
8426,2020-09-05 19:00:00,88.7378,119.26445000000001,269.1795425415039
8427,2020-09-05 20:00:00,88.73605,119.23378000000002,269.06797790527344
8428,2020-09-05 21:00:00,88.73433,119.19589000000002,268.8578643798828
8429,2020-09-05 22:00:00,88.73309,119.16577999999998,268.6613540649414
8430,2020-09-05 23:00:00,88.73256,119.12278000000003,268.4958953857422
8431,2020-09-06 00:00:00,88.73269,119.05578000000003,268.31807708740234
8432,2020-09-06 01:00:00,88.7333,118.97789,268.1492614746094
8433,2020-09-06 02:00:00,88.73434,118.89522,267.9673614501953
8434,2020-09-06 03:00:00,88.73552,118.82457,267.7484359741211
8435,2020-09-06 04:00:00,88.73677,118.77954999999997,267.5497360229492
8436,2020-09-06 05:00:00,88.73807,118.73795000000001,267.3919677734375
8437,2020-09-06 06:00:00,88.73917,118.68923000000001,267.2883987426758
8438,2020-09-06 07:00:00,88.73999,118.62058000000002,267.2985076904297
8439,2020-09-06 08:00:00,88.74044,118.50526000000002,267.433837890625
8440,2020-09-06 09:00:00,88.741,118.34836999999999,267.5765914916992
8441,2020-09-06 10:00:00,88.74219,118.14116000000001,267.74597930908203
8442,2020-09-06 11:00:00,88.74386,117.89387999999997,267.7927932739258
8443,2020-09-06 12:00:00,88.74627,117.62439999999998,267.91919708251953
8444,2020-09-06 13:00:00,88.74967,117.34253000000001,268.04112243652344
8445,2020-09-06 14:00:00,88.75328,117.00405999999998,268.24957275390625
8446,2020-09-06 15:00:00,88.75654,116.63590999999997,268.322021484375
8447,2020-09-06 16:00:00,88.75933,116.25876,268.35684967041016
8448,2020-09-06 17:00:00,88.76127,115.88828000000001,268.4244842529297
8449,2020-09-06 18:00:00,88.76159,115.52843999999999,268.5224838256836
8450,2020-09-06 19:00:00,88.76019,115.15807000000001,268.60621643066406
8451,2020-09-06 20:00:00,88.75734,114.77109999999999,268.5961608886719
8452,2020-09-06 21:00:00,88.75351,114.36811,268.62390899658203
8453,2020-09-06 22:00:00,88.74891,113.93772000000001,268.6254119873047
8454,2020-09-06 23:00:00,88.74443,113.50512000000003,268.5777893066406
8455,2020-09-07 00:00:00,88.74055,113.11873000000003,268.4138870239258
8456,2020-09-07 01:00:00,88.73669,112.75893000000002,268.00341796875
8457,2020-09-07 02:00:00,88.73367,112.47755000000001,267.10672760009766
8458,2020-09-07 03:00:00,88.73107,112.29071999999996,266.31641387939453
8459,2020-09-07 04:00:00,88.72803,112.15908000000002,266.21343994140625
8460,2020-09-07 05:00:00,88.72466,112.08622000000003,266.8334503173828
8461,2020-09-07 06:00:00,88.72049,112.04368,267.37227630615234
8462,2020-09-07 07:00:00,88.71564,112.02269999999999,267.61295318603516
8463,2020-09-07 08:00:00,88.71015,112.00423999999998,267.3852844238281
8464,2020-09-07 09:00:00,88.70444,111.97048000000001,267.4265670776367
8465,2020-09-07 10:00:00,88.69899,111.90466000000004,267.43296813964844
8466,2020-09-07 11:00:00,88.69437,111.81225999999998,267.48370361328125
8467,2020-09-07 12:00:00,88.691,111.70619999999997,267.5789031982422
8468,2020-09-07 13:00:00,88.68883,111.60471000000001,267.5818099975586
8469,2020-09-07 14:00:00,88.68749,111.53544999999997,267.4119567871094
8470,2020-09-07 15:00:00,88.68659,111.53208999999998,267.52115631103516
8471,2020-09-07 16:00:00,88.68591,111.57506000000001,267.6442413330078
8472,2020-09-07 17:00:00,88.68494,111.63707999999997,267.5738220214844
8473,2020-09-07 18:00:00,88.68384,111.72309000000001,267.4596862792969
8474,2020-09-07 19:00:00,88.68232,111.82541000000003,267.4950866699219
8475,2020-09-07 20:00:00,88.68034,111.92329000000001,267.50018310546875
8476,2020-09-07 21:00:00,88.67809,112.00188000000003,267.58013916015625
8477,2020-09-07 22:00:00,88.67589,112.05183999999997,267.66392517089844
8478,2020-09-07 23:00:00,88.67407,112.06981999999999,267.6713333129883
8479,2020-09-08 00:00:00,88.67302,112.07157000000001,267.59527587890625
8480,2020-09-08 01:00:00,88.67273,112.08260000000001,267.40238189697266
8481,2020-09-08 02:00:00,88.67322,112.11005999999998,267.2611999511719
8482,2020-09-08 03:00:00,88.67413,112.16665,267.181640625
8483,2020-09-08 04:00:00,88.6752,112.23914000000002,267.1045227050781
8484,2020-09-08 05:00:00,88.67612,112.34950000000003,267.06478118896484
8485,2020-09-08 06:00:00,88.67634,112.49680000000001,266.92809295654297
8486,2020-09-08 07:00:00,88.67612,112.64551,266.8105239868164
8487,2020-09-08 08:00:00,88.6757,112.77585999999997,266.8181838989258
8488,2020-09-08 09:00:00,88.67533,112.87063,266.8471145629883
8489,2020-09-08 10:00:00,88.67574,112.92286999999999,266.70919036865234
8490,2020-09-08 11:00:00,88.67734,112.94780000000003,266.44178771972656
8491,2020-09-08 12:00:00,88.67969,112.95564999999999,266.14906311035156
8492,2020-09-08 13:00:00,88.68296,112.96012999999999,265.91139221191406
8493,2020-09-08 14:00:00,88.68671,112.98876000000001,265.76981353759766
8494,2020-09-08 15:00:00,88.69101,113.05469,265.68116760253906
8495,2020-09-08 16:00:00,88.69511,113.17102999999997,265.6150360107422
8496,2020-09-08 17:00:00,88.69908,113.32008000000002,265.5589370727539
8497,2020-09-08 18:00:00,88.70228,113.48199,265.51290130615234
8498,2020-09-08 19:00:00,88.70449,113.61930999999998,265.4880599975586
8499,2020-09-08 20:00:00,88.70627,113.69824,265.4795227050781
8500,2020-09-08 21:00:00,88.70775,113.72104000000002,265.4921417236328
8501,2020-09-08 22:00:00,88.70922,113.68813,265.5118103027344
8502,2020-09-08 23:00:00,88.71103,113.59980999999999,265.52198028564453
8503,2020-09-09 00:00:00,88.71345,113.47244,265.49871826171875
8504,2020-09-09 01:00:00,88.71675,113.33164999999997,265.439697265625
8505,2020-09-09 02:00:00,88.72067,113.19247000000001,265.38677978515625
8506,2020-09-09 03:00:00,88.7246,113.05959999999999,265.36610412597656
8507,2020-09-09 04:00:00,88.72783,112.93329,265.3847885131836
8508,2020-09-09 05:00:00,88.73034,112.81268,265.444091796875
8509,2020-09-09 06:00:00,88.7314,112.67698999999999,265.5111541748047
8510,2020-09-09 07:00:00,88.731,112.50993,265.5835723876953
8511,2020-09-09 08:00:00,88.7295,112.29921999999999,265.66869354248047
8512,2020-09-09 09:00:00,88.72759,112.04674999999997,265.75035858154297
8513,2020-09-09 10:00:00,88.72582,111.73779000000002,265.78665924072266
8514,2020-09-09 11:00:00,88.72439,111.37977000000001,265.25157165527344
8515,2020-09-09 12:00:00,88.72351,111.01222000000001,264.75182342529297
8516,2020-09-09 13:00:00,88.72346,110.65503999999999,264.8007583618164
8517,2020-09-09 14:00:00,88.72389,110.34942999999998,265.3447036743164
8518,2020-09-09 15:00:00,88.72434,110.12110999999999,265.8062515258789
8519,2020-09-09 16:00:00,88.72407,109.98034999999999,266.1892623901367
8520,2020-09-09 17:00:00,88.72303,109.94130000000001,266.4269332885742
8521,2020-09-09 18:00:00,88.72139,109.90426000000002,266.7988510131836
8522,2020-09-09 19:00:00,88.71913,109.82589999999999,267.12723541259766
8523,2020-09-09 20:00:00,88.71642,109.69259999999997,267.2590026855469
8524,2020-09-09 21:00:00,88.7137,109.48770000000002,267.2509078979492
8525,2020-09-09 22:00:00,88.71155,109.23124999999999,267.14990234375
8526,2020-09-09 23:00:00,88.71015,108.93592000000001,266.99853515625
8527,2020-09-10 00:00:00,88.70964,108.61243999999999,266.8447036743164
8528,2020-09-10 01:00:00,88.70975,108.30488000000003,266.78028106689453
8529,2020-09-10 02:00:00,88.71039,108.05727999999999,266.8141555786133
8530,2020-09-10 03:00:00,88.71149,107.86433999999997,266.7303161621094
8531,2020-09-10 04:00:00,88.71258,107.71668,266.6436080932617
8532,2020-09-10 05:00:00,88.71309,107.61624,266.5926818847656
8533,2020-09-10 06:00:00,88.71294,107.52933000000002,266.41735076904297
8534,2020-09-10 07:00:00,88.7121,107.44038,266.13743591308594
8535,2020-09-10 08:00:00,88.71078,107.34487999999999,265.77628326416016
8536,2020-09-10 09:00:00,88.70923,107.23430000000002,265.29959869384766
8537,2020-09-10 10:00:00,88.70795,107.10585000000003,264.7395324707031
8538,2020-09-10 11:00:00,88.70723,106.96179000000001,264.3261947631836
8539,2020-09-10 12:00:00,88.70723,106.81034,264.2515106201172
8540,2020-09-10 13:00:00,88.70788,106.66579999999999,264.2324752807617
8541,2020-09-10 14:00:00,88.7091,106.52422999999999,264.18360900878906
8542,2020-09-10 15:00:00,88.71075,106.42290000000003,264.0134963989258
8543,2020-09-10 16:00:00,88.71253,106.34717,263.7973937988281
8544,2020-09-10 17:00:00,88.71402,106.28994,263.55904388427734
8545,2020-09-10 18:00:00,88.71511,106.23702000000003,263.30928802490234
8546,2020-09-10 19:00:00,88.71546,106.17485999999997,263.0210876464844
8547,2020-09-10 20:00:00,88.71539,106.09057999999999,262.7498779296875
8548,2020-09-10 21:00:00,88.71534,105.97041999999999,262.5640563964844
8549,2020-09-10 22:00:00,88.71567,105.80367999999999,262.4552001953125
8550,2020-09-10 23:00:00,88.71669,105.60726,262.4319152832031
8551,2020-09-11 00:00:00,88.71853,105.40096,263.40689849853516
8552,2020-09-11 01:00:00,88.72141,105.19276000000002,263.40177154541016
8553,2020-09-11 02:00:00,88.72516,105.00155999999998,263.39898681640625
8554,2020-09-11 03:00:00,88.72919,104.84870999999998,263.38023376464844
8555,2020-09-11 04:00:00,88.73287,104.74905000000001,263.33729553222656
8556,2020-09-11 05:00:00,88.73594,104.67633999999998,263.22967529296875
8557,2020-09-11 06:00:00,88.73829,104.61446000000001,263.0646057128906
8558,2020-09-11 07:00:00,88.7399,104.54721999999998,262.9257049560547
8559,2020-09-11 08:00:00,88.74083,104.45551999999998,262.7806625366211
8560,2020-09-11 09:00:00,88.74146,104.32339000000002,262.6693420410156
8561,2020-09-11 10:00:00,88.74235,104.1506,262.48155975341797
8562,2020-09-11 11:00:00,88.74389,103.95269000000002,262.28465270996094
8563,2020-09-11 12:00:00,88.74623,103.75139000000001,262.1674346923828
8564,2020-09-11 13:00:00,88.7492,103.56565999999998,262.1103820800781
8565,2020-09-11 14:00:00,88.75253,103.40708999999998,262.15091705322266
8566,2020-09-11 15:00:00,88.75588,103.28276,262.3483200073242
8567,2020-09-11 16:00:00,88.75879,103.19738999999998,262.7168655395508
8568,2020-09-11 17:00:00,88.7608,103.14130999999998,263.11685943603516
8569,2020-09-11 18:00:00,88.76177,103.09708,263.3991928100586
8570,2020-09-11 19:00:00,88.76182,103.04480000000001,263.6457748413086
8571,2020-09-11 20:00:00,88.76119,102.96488,263.8313293457031
8572,2020-09-11 21:00:00,88.76037,102.84685000000002,264.0431823730469
8573,2020-09-11 22:00:00,88.75978,102.6891,264.2063446044922
8574,2020-09-11 23:00:00,88.75986,102.50027,264.35900115966797
8575,2020-09-12 00:00:00,88.76078,102.29439000000002,264.4860610961914
8576,2020-09-12 01:00:00,88.76253,102.09271999999999,264.57007598876953
8577,2020-09-12 02:00:00,88.76477,101.91552999999999,264.6781311035156
8578,2020-09-12 03:00:00,88.76704,101.78005000000002,264.75791931152344
8579,2020-09-12 04:00:00,88.76922,101.68830000000003,264.80225372314453
8580,2020-09-12 05:00:00,88.77089,101.62718999999998,264.8247756958008
8581,2020-09-12 06:00:00,88.77188,101.57952,264.8236312866211
8582,2020-09-12 07:00:00,88.77218,101.52654999999999,264.7929000854492
8583,2020-09-12 08:00:00,88.77196,101.45218999999997,264.75008392333984
8584,2020-09-12 09:00:00,88.77154,101.34653000000003,264.6807327270508
8585,2020-09-12 10:00:00,88.77137,101.20772,264.64615631103516
8586,2020-09-12 11:00:00,88.77184,101.04305999999997,264.64051818847656
8587,2020-09-12 12:00:00,88.77324,100.86106999999998,264.68668365478516
8588,2020-09-12 13:00:00,88.7755,100.68209999999999,264.79248046875
8589,2020-09-12 14:00:00,88.77852,100.53280999999998,264.94102478027344
8590,2020-09-12 15:00:00,88.78185,100.42182000000003,265.02220153808594
8591,2020-09-12 16:00:00,88.78509,100.35253,265.1669006347656
8592,2020-09-12 17:00:00,88.78797,100.31785000000002,265.3247756958008
8593,2020-09-12 18:00:00,88.79028,100.30129,265.4082489013672
8594,2020-09-12 19:00:00,88.79195,100.27600000000001,265.5985641479492
8595,2020-09-12 20:00:00,88.79318,100.21870000000001,265.7569274902344
8596,2020-09-12 21:00:00,88.79434,100.11427000000003,265.901123046875
8597,2020-09-12 22:00:00,88.79588,99.95938000000001,266.0467071533203
8598,2020-09-12 23:00:00,88.79823,99.75913000000003,266.2445755004883
8599,2020-09-13 00:00:00,88.80173,99.52109999999999,266.5034484863281
8600,2020-09-13 01:00:00,88.80672,99.26782000000003,266.78060150146484
8601,2020-09-13 02:00:00,88.81291,99.02661,267.0333480834961
8602,2020-09-13 03:00:00,88.81976,98.80439999999999,267.2677307128906
8603,2020-09-13 04:00:00,88.82684,98.60822999999999,267.4054183959961
8604,2020-09-13 05:00:00,88.83396,98.41832999999997,267.6466751098633
8605,2020-09-13 06:00:00,88.84101,98.22692,268.0117416381836
8606,2020-09-13 07:00:00,88.84757,97.99829999999997,268.41715240478516
8607,2020-09-13 08:00:00,88.85362,97.70772,268.89302825927734
8608,2020-09-13 09:00:00,88.85959,97.33596,269.39430236816406
8609,2020-09-13 10:00:00,88.866,96.88977,269.8698196411133
8610,2020-09-13 11:00:00,88.87504,96.42631,270.2740936279297
8611,2020-09-13 12:00:00,88.88692,96.06687999999997,270.6977233886719
8612,2020-09-13 13:00:00,88.89938,95.84024,271.2821578979492
8613,2020-09-13 14:00:00,88.91137,95.75513999999998,271.9748229980469
8614,2020-09-13 15:00:00,88.92211,95.80020999999999,272.5533218383789
8615,2020-09-13 16:00:00,88.9308,95.95861000000002,272.8413619995117
8616,2020-09-13 17:00:00,88.93702,96.17052000000001,273.0463333129883
8617,2020-09-13 18:00:00,88.94043,96.35084999999998,273.1277160644531
8618,2020-09-13 19:00:00,88.94273,96.44146999999998,273.1711654663086
8619,2020-09-13 20:00:00,88.94574,96.45958999999999,273.2231674194336
8620,2020-09-13 21:00:00,88.95009,96.41730999999999,273.0956497192383
8621,2020-09-13 22:00:00,88.95559,96.33338000000003,272.83518981933594
8622,2020-09-13 23:00:00,88.96334,96.32614000000001,272.62196350097656
8623,2020-09-14 00:00:00,88.9724,96.47865000000002,272.4818801879883
8624,2020-09-14 01:00:00,88.98152,96.79434000000003,272.4475555419922
8625,2020-09-14 02:00:00,88.99006,97.26414999999997,272.47908782958984
8626,2020-09-14 03:00:00,88.99751,97.91457000000003,272.55250549316406
8627,2020-09-14 04:00:00,89.00255,98.66583000000003,272.60191345214844
8628,2020-09-14 05:00:00,89.00534,99.45211999999998,272.5751724243164
8629,2020-09-14 06:00:00,89.00555,100.18651,272.3579788208008
8630,2020-09-14 07:00:00,89.00431,100.79286000000002,271.8978576660156
8631,2020-09-14 08:00:00,89.00294,101.22255000000001,271.533935546875
8632,2020-09-14 09:00:00,89.00318,101.48761999999999,271.3437194824219
8633,2020-09-14 10:00:00,89.00615,101.6515,271.22154235839844
8634,2020-09-14 11:00:00,89.01243,101.83733000000001,271.31756591796875
8635,2020-09-14 12:00:00,89.02068,102.16748000000001,271.41041564941406
8636,2020-09-14 13:00:00,89.02945,102.57004999999998,271.4960174560547
8637,2020-09-14 14:00:00,89.03792,103.06150000000002,271.5447463989258
8638,2020-09-14 15:00:00,89.04548,103.67451,271.51477813720703
8639,2020-09-14 16:00:00,89.05189,104.36914999999999,271.45594024658203
8640,2020-09-14 17:00:00,89.0566,105.06567000000001,271.3644027709961
8641,2020-09-14 18:00:00,89.05751,105.75225999999998,271.2577819824219
8642,2020-09-14 19:00:00,89.05569,106.39853,271.1501998901367
8643,2020-09-14 20:00:00,89.05217,106.86113999999998,271.06018829345703
8644,2020-09-14 21:00:00,89.04892,107.08961999999997,270.97845458984375
8645,2020-09-14 22:00:00,89.04744,107.13263999999998,270.87384033203125
8646,2020-09-14 23:00:00,89.04796,107.07814000000002,270.75145721435547
8647,2020-09-15 00:00:00,89.05099,106.97116,270.6158752441406
8648,2020-09-15 01:00:00,89.05582,106.90627,270.46702575683594
8649,2020-09-15 02:00:00,89.06138,106.93662,270.3180465698242
8650,2020-09-15 03:00:00,89.06671,107.06698,270.1845703125
8651,2020-09-15 04:00:00,89.07084,107.28467999999998,270.0966796875
8652,2020-09-15 05:00:00,89.07297,107.53283999999996,270.0210189819336
8653,2020-09-15 06:00:00,89.07299,107.75266999999997,269.9704818725586
8654,2020-09-15 07:00:00,89.07114,107.89902999999998,269.9086608886719
8655,2020-09-15 08:00:00,89.06813,107.92068,269.8780975341797
8656,2020-09-15 09:00:00,89.06515,107.81187999999997,269.86800384521484
8657,2020-09-15 10:00:00,89.06308,107.59532000000002,269.8568420410156
8658,2020-09-15 11:00:00,89.06267,107.33904000000001,269.7381362915039
8659,2020-09-15 12:00:00,89.06432,107.12004999999999,269.6634979248047
8660,2020-09-15 13:00:00,89.06769,106.99592999999999,269.5045394897461
8661,2020-09-15 14:00:00,89.07174,107.00164999999998,269.2925033569336
8662,2020-09-15 15:00:00,89.0755,107.13330000000002,269.05267333984375
8663,2020-09-15 16:00:00,89.07816,107.36083000000002,268.82032775878906
8664,2020-09-15 17:00:00,89.07914,107.6413,268.61373138427734
8665,2020-09-15 18:00:00,89.07843,107.91816,268.3962707519531
8666,2020-09-15 19:00:00,89.07641,108.14310999999998,268.18485260009766
8667,2020-09-15 20:00:00,89.07357,108.25659999999999,268.0141372680664
8668,2020-09-15 21:00:00,89.07095,108.23930999999999,267.8762512207031
8669,2020-09-15 22:00:00,89.06974,108.13716,267.7398681640625
8670,2020-09-15 23:00:00,89.07005,107.99898999999999,267.59752655029297
8671,2020-09-16 00:00:00,89.07214,107.88218999999998,267.4352264404297
8672,2020-09-16 01:00:00,89.07601,107.85372000000001,267.3274841308594
8673,2020-09-16 02:00:00,89.08083,107.95722999999998,267.28638458251953
8674,2020-09-16 03:00:00,89.08512,108.16446000000002,267.16680908203125
8675,2020-09-16 04:00:00,89.08851,108.46526,266.99886322021484
8676,2020-09-16 05:00:00,89.09052,108.83742000000001,266.8576889038086
8677,2020-09-16 06:00:00,89.09087,109.19826,266.7681884765625
8678,2020-09-16 07:00:00,89.08971,109.45598000000001,266.7828063964844
8679,2020-09-16 08:00:00,89.08655,109.52188999999998,266.8418884277344
8680,2020-09-16 09:00:00,89.08229,109.44731999999999,266.95113372802734
8681,2020-09-16 10:00:00,89.07825,109.25009,267.1029357910156
8682,2020-09-16 11:00:00,89.07523,109.00738999999999,267.31822204589844
8683,2020-09-16 12:00:00,89.07366,108.76655,267.5788116455078
8684,2020-09-16 13:00:00,89.07319,108.61545000000001,267.8084716796875
8685,2020-09-16 14:00:00,89.07331,108.60372999999998,267.92765045166016
8686,2020-09-16 15:00:00,89.07328,108.72334000000001,267.95789337158203
8687,2020-09-16 16:00:00,89.07211,108.95693,267.95350646972656
8688,2020-09-16 17:00:00,89.06888,109.25858,267.91407012939453
8689,2020-09-16 18:00:00,89.06365,109.52013,267.8741226196289
8690,2020-09-16 19:00:00,89.05696,109.69038,267.8118209838867
8691,2020-09-16 20:00:00,89.04979,109.7113,267.79894256591797
8692,2020-09-16 21:00:00,89.04251,109.57758999999999,267.73511505126953
8693,2020-09-16 22:00:00,89.03643,109.32337000000001,267.65355682373047
8694,2020-09-16 23:00:00,89.03231,109.02828,267.5970993041992
8695,2020-09-17 00:00:00,89.02982,108.74122999999997,267.60174560546875
8696,2020-09-17 01:00:00,89.0288,108.48766,267.43226623535156
8697,2020-09-17 02:00:00,89.02868,108.30532,267.2129440307617
8698,2020-09-17 03:00:00,89.02893,108.21366999999998,267.01427459716797
8699,2020-09-17 04:00:00,89.0288,108.17491000000001,266.49851989746094
8700,2020-09-17 05:00:00,89.02781,108.16709000000003,265.5543975830078
8701,2020-09-17 06:00:00,89.02589,108.17309,264.317626953125
8702,2020-09-17 07:00:00,89.02325,108.13869,263.23626708984375
8703,2020-09-17 08:00:00,89.02041,108.02945999999997,262.5491485595703
8704,2020-09-17 09:00:00,89.01791,107.83607,262.16329193115234
8705,2020-09-17 10:00:00,89.01626,107.58604000000003,261.87305450439453
8706,2020-09-17 11:00:00,89.01596,107.32925,261.6624450683594
8707,2020-09-17 12:00:00,89.01709,107.11768999999998,261.51892852783203
8708,2020-09-17 13:00:00,89.01946,106.98070999999999,261.37581634521484
8709,2020-09-17 14:00:00,89.0228,106.93295,261.26025390625
8710,2020-09-17 15:00:00,89.02633,106.96093000000002,261.14261627197266
8711,2020-09-17 16:00:00,89.02964,107.06426999999996,261.0796203613281
8712,2020-09-17 17:00:00,89.03238,107.21260999999998,261.052978515625
8713,2020-09-17 18:00:00,89.03423,107.36879999999996,260.9889373779297
8714,2020-09-17 19:00:00,89.03541,107.48009000000002,260.9826354980469
8715,2020-09-17 20:00:00,89.03605,107.53061000000002,260.97916412353516
8716,2020-09-17 21:00:00,89.03676,107.50547,260.9248580932617
8717,2020-09-17 22:00:00,89.03815,107.41687999999999,260.9006576538086
8718,2020-09-17 23:00:00,89.04049,107.29120999999998,260.8563232421875
8719,2020-09-18 00:00:00,89.04386,107.15948000000003,260.8682556152344
8720,2020-09-18 01:00:00,89.04825,107.06200000000001,260.9232940673828
8721,2020-09-18 02:00:00,89.05306,107.02648999999997,261.0336151123047
8722,2020-09-18 03:00:00,89.05784,107.05113,261.19000244140625
8723,2020-09-18 04:00:00,89.06219,107.12212,261.4430847167969
8724,2020-09-18 05:00:00,89.06563,107.22816,261.75640869140625
8725,2020-09-18 06:00:00,89.06787,107.32988999999998,262.0236511230469
8726,2020-09-18 07:00:00,89.06934,107.38902999999999,262.20650482177734
8727,2020-09-18 08:00:00,89.07025,107.37454000000002,262.34871673583984
8728,2020-09-18 09:00:00,89.07113,107.27391,262.49398040771484
8729,2020-09-18 10:00:00,89.07299,107.11553000000004,262.63311767578125
8730,2020-09-18 11:00:00,89.07603,106.94184000000001,262.73121643066406
8731,2020-09-18 12:00:00,89.08012,106.79696000000001,262.7289581298828
8732,2020-09-18 13:00:00,89.08498,106.71438999999998,262.66861724853516
8733,2020-09-18 14:00:00,89.09042,106.72577000000001,262.5950241088867
8734,2020-09-18 15:00:00,89.09567,106.82711999999998,262.39556884765625
8735,2020-09-18 16:00:00,89.10025,106.99435,262.22314453125
8736,2020-09-18 17:00:00,89.10356,107.18214,262.20762634277344
8737,2020-09-18 18:00:00,89.10527,107.35716000000002,262.15413665771484
8738,2020-09-18 19:00:00,89.10646,107.50347999999997,262.139892578125
8739,2020-09-18 20:00:00,89.10821,107.58472999999998,262.0601806640625
8740,2020-09-18 21:00:00,89.1105,107.59417000000002,262.0104522705078
8741,2020-09-18 22:00:00,89.11428,107.55889000000002,262.0014953613281
8742,2020-09-18 23:00:00,89.11955,107.54921000000002,262.1184844970703
8743,2020-09-19 00:00:00,89.12594,107.63434999999998,262.3303985595703
8744,2020-09-19 01:00:00,89.133,107.79151999999999,262.5536346435547
8745,2020-09-19 02:00:00,89.14017,108.03532999999999,262.67699432373047
8746,2020-09-19 03:00:00,89.14633,108.39346999999998,262.7299118041992
8747,2020-09-19 04:00:00,89.15117,108.86779000000001,262.81903076171875
8748,2020-09-19 05:00:00,89.15377,109.40205000000003,263.04979705810547
8749,2020-09-19 06:00:00,89.15449,109.94785000000002,263.42713928222656
8750,2020-09-19 07:00:00,89.15253,110.41430000000003,263.86925506591797
8751,2020-09-19 08:00:00,89.14847,110.74805000000003,264.2043762207031
8752,2020-09-19 09:00:00,89.14387,110.82846,264.5179443359375
8753,2020-09-19 10:00:00,89.14027,110.70747,264.9333724975586
8754,2020-09-19 11:00:00,89.13887,110.46305000000001,265.05712890625
8755,2020-09-19 12:00:00,89.13984,110.19686999999999,264.92276763916016
8756,2020-09-19 13:00:00,89.14281,109.99063000000001,265.24757385253906
8757,2020-09-19 14:00:00,89.14716,110.00907999999998,265.50887298583984
8758,2020-09-19 15:00:00,89.15113,110.28766000000002,265.5516357421875
8759,2020-09-19 16:00:00,89.15312,110.71042999999997,265.4342727661133
8760,2020-09-19 17:00:00,89.15271,111.16568000000001,265.31836700439453
8761,2020-09-19 18:00:00,89.15042,111.56817999999998,265.20316314697266
8762,2020-09-19 19:00:00,89.14706,111.83195,265.08815002441406
8763,2020-09-19 20:00:00,89.14283,111.96122000000003,265.0071105957031
8764,2020-09-19 21:00:00,89.13866,111.93146999999999,264.9393997192383
8765,2020-09-19 22:00:00,89.1357,111.71789000000001,264.8371353149414
8766,2020-09-19 23:00:00,89.13503,111.42208,264.61194610595703
8767,2020-09-20 00:00:00,89.13663,111.14423999999997,264.3311309814453
8768,2020-09-20 01:00:00,89.13954,110.92421999999999,264.0814666748047
8769,2020-09-20 02:00:00,89.14262,110.82211000000001,263.8504943847656
8770,2020-09-20 03:00:00,89.1449,110.87450999999999,263.65650939941406
8771,2020-09-20 04:00:00,89.14573,111.03985999999998,263.5693817138672
8772,2020-09-20 05:00:00,89.14513,111.21933000000001,263.52020263671875
8773,2020-09-20 06:00:00,89.14329,111.36477000000002,263.4546432495117
8774,2020-09-20 07:00:00,89.1404,111.41453999999999,263.3777389526367
8775,2020-09-20 08:00:00,89.13713,111.34807,263.26734161376953
8776,2020-09-20 09:00:00,89.13424,111.16757000000001,263.14329528808594
8777,2020-09-20 10:00:00,89.13256,110.90521999999999,263.0907211303711
8778,2020-09-20 11:00:00,89.13241,110.61869999999999,263.0590362548828
8779,2020-09-20 12:00:00,89.13353,110.3655,263.05138397216797
8780,2020-09-20 13:00:00,89.13567,110.17871000000002,263.033447265625
8781,2020-09-20 14:00:00,89.12059,110.27724999999998,262.97084045410156
8782,2020-09-20 15:00:00,89.07125,110.48419000000001,262.85816955566406
8783,2020-09-20 16:00:00,89.02149,110.27442000000002,262.7761688232422
8784,2020-09-20 17:00:00,88.98359,109.34683000000001,262.5662384033203
8785,2020-09-20 18:00:00,88.93382,108.11759,262.38648986816406
8786,2020-09-20 19:00:00,88.91739,106.3852,262.0880355834961
8787,2020-09-20 20:00:00,88.88122,105.65677,261.9023132324219
8788,2020-09-20 21:00:00,88.85027,107.11187999999999,261.8865432739258
8789,2020-09-20 22:00:00,88.80195,107.88123999999999,261.9774169921875
8790,2020-09-20 23:00:00,88.76466,108.87095999999997,262.16915130615234
8791,2020-09-21 00:00:00,88.73682,108.48449,261.8630065917969
8792,2020-09-21 01:00:00,88.69126,107.97453999999999,261.97198486328125
8793,2020-09-21 02:00:00,88.65455,107.67322000000001,262.0885467529297
8794,2020-09-21 03:00:00,88.62175,106.98223000000002,262.2438659667969
8795,2020-09-21 04:00:00,88.60214,106.43738000000002,262.4081802368164
8796,2020-09-21 05:00:00,88.59385,105.33416,262.50706481933594
8797,2020-09-21 06:00:00,88.56667,105.25106,262.65086364746094
8798,2020-09-21 07:00:00,88.54618,106.39726000000002,262.7530212402344
8799,2020-09-21 08:00:00,88.51987,106.34343999999999,262.81431579589844
8800,2020-09-21 09:00:00,88.51442,106.17869999999999,262.8659439086914
8801,2020-09-21 10:00:00,88.50953,105.64998000000003,262.8799514770508
8802,2020-09-21 11:00:00,88.50783,105.41724999999997,262.8948440551758
8803,2020-09-21 12:00:00,88.50642,105.15669000000003,262.8924865722656
8804,2020-09-21 13:00:00,88.4677,104.88878999999997,262.9038543701172
8805,2020-09-21 14:00:00,88.42636,104.99160999999998,262.90340423583984
8806,2020-09-21 15:00:00,88.37673,106.01165000000003,262.91320037841797
8807,2020-09-21 16:00:00,88.32754,105.58401000000003,262.9390182495117
8808,2020-09-21 17:00:00,88.29927,103.76972999999998,262.98474884033203
8809,2020-09-21 18:00:00,88.26351,103.07888000000003,263.0119094848633
8810,2020-09-21 19:00:00,88.22024,102.24813,262.9816131591797
8811,2020-09-21 20:00:00,88.16077,100.57247000000001,263.02532958984375
8812,2020-09-21 21:00:00,88.07798,100.87482,263.09666442871094
8813,2020-09-21 22:00:00,87.97815,100.31822,263.11670684814453
8814,2020-09-21 23:00:00,87.88672,99.55189999999999,263.19667053222656
8815,2020-09-22 00:00:00,87.79964,100.16151000000002,259.68482971191406
8816,2020-09-22 01:00:00,87.73535,100.63743,259.64744567871094
8817,2020-09-22 02:00:00,87.6594,100.76663000000002,259.6470718383789
8818,2020-09-22 03:00:00,87.5778,100.77141,261.07763671875
8819,2020-09-22 04:00:00,87.50031,99.66706999999997,260.8866958618164
8820,2020-09-22 05:00:00,87.49806,99.43468000000001,260.5692596435547
8821,2020-09-22 06:00:00,87.44544,98.71884,260.27828216552734
8822,2020-09-22 07:00:00,87.34878,98.7622,260.0306701660156
8823,2020-09-22 08:00:00,87.25034,98.36660999999998,259.8404312133789
8824,2020-09-22 09:00:00,87.1466,98.71112,261.03369140625
8825,2020-09-22 10:00:00,87.05001,98.08134999999999,260.97120666503906
8826,2020-09-22 11:00:00,86.97877,97.97023999999999,260.9280471801758
8827,2020-09-22 12:00:00,86.9051,97.99203999999997,260.9143524169922
8828,2020-09-22 13:00:00,86.8507,98.31072,260.57266998291016
8829,2020-09-22 14:00:00,86.77097,97.59731999999997,260.5724792480469
8830,2020-09-22 15:00:00,86.70312,97.12981000000002,260.5621109008789
8831,2020-09-22 16:00:00,86.60989,96.58098000000001,260.5944061279297
8832,2020-09-22 17:00:00,86.54811,95.69522999999998,260.6615219116211
8833,2020-09-22 18:00:00,86.46938,94.64170999999999,261.7954330444336
8834,2020-09-22 19:00:00,86.38705,93.51893999999999,262.2564468383789
8835,2020-09-22 20:00:00,86.32822,92.16415999999998,262.9180221557617
8836,2020-09-22 21:00:00,86.26919,90.95765,263.36986541748047
8837,2020-09-22 22:00:00,86.22048,89.61194999999998,263.7267303466797
8838,2020-09-22 23:00:00,86.17662,88.57600000000002,264.0250473022461
8839,2020-09-23 00:00:00,86.10976,87.96728000000002,266.34913635253906
8840,2020-09-23 01:00:00,86.03062,87.32283999999999,267.10809326171875
8841,2020-09-23 02:00:00,86.02788,86.53520000000003,267.8217468261719
8842,2020-09-23 03:00:00,86.03128,85.78346999999997,268.5108184814453
8843,2020-09-23 04:00:00,86.03631,85.33767999999998,269.26891326904297
8844,2020-09-23 05:00:00,86.03153,84.83019999999999,270.0872116088867
8845,2020-09-23 06:00:00,86.03187,84.71190999999999,270.7345962524414
8846,2020-09-23 07:00:00,86.01558,83.75114000000002,271.33455657958984
8847,2020-09-23 08:00:00,85.97393,82.54322000000002,271.9584045410156
8848,2020-09-23 09:00:00,85.94982,81.13411000000002,272.4368438720703
8849,2020-09-23 10:00:00,85.9504,79.64091000000002,272.3786087036133
8850,2020-09-23 11:00:00,85.95831,78.87254999999999,272.1431655883789
8851,2020-09-23 12:00:00,85.95299,77.78241000000003,271.9075622558594
8852,2020-09-23 13:00:00,85.95521,76.31876,271.8484420776367
8853,2020-09-23 14:00:00,85.96096,74.86013,271.8278274536133
8854,2020-09-23 15:00:00,85.99005,73.76153,271.74674224853516
8855,2020-09-23 16:00:00,85.95857,72.82884000000001,271.55904388427734
8856,2020-09-23 17:00:00,85.97606,71.73101,271.552734375
8857,2020-09-23 18:00:00,85.98927,70.38184999999999,271.54154205322266
8858,2020-09-23 19:00:00,85.98025,69.38810999999998,271.44945526123047
8859,2020-09-23 20:00:00,85.98253,68.78820999999999,271.37659454345703
8860,2020-09-23 21:00:00,85.97922,67.65102999999999,271.29337310791016
8861,2020-09-23 22:00:00,85.95822,66.73991999999998,271.21788787841797
8862,2020-09-23 23:00:00,85.96284,65.65375,271.1511917114258
8863,2020-09-24 00:00:00,85.96535,64.26808,270.7717056274414
8864,2020-09-24 01:00:00,85.98227,62.73541,270.57361602783203
8865,2020-09-24 02:00:00,85.98703,61.41462000000001,270.55894470214844
8866,2020-09-24 03:00:00,85.98383,60.208200000000005,270.57767486572266
8867,2020-09-24 04:00:00,85.99262,59.52948000000001,270.55908966064453
8868,2020-09-24 05:00:00,85.9995,59.49495000000002,270.55126190185547
8869,2020-09-24 06:00:00,86.00492,59.48935,270.58521270751953
8870,2020-09-24 07:00:00,86.00848,59.49576999999999,270.57117462158203
8871,2020-09-24 08:00:00,86.01021,59.50099,270.4235076904297
8872,2020-09-24 09:00:00,86.01072,59.492760000000004,270.0858840942383
8873,2020-09-24 10:00:00,86.01104,59.466049999999996,269.7450637817383
8874,2020-09-24 11:00:00,86.01208,59.434,269.59903717041016
8875,2020-09-24 12:00:00,86.01407,59.39385999999999,269.57227325439453
8876,2020-09-24 13:00:00,86.03129,59.58462,269.7052459716797
8877,2020-09-24 14:00:00,86.03278,59.54149000000001,269.69962310791016
8878,2020-09-24 15:00:00,86.0362,59.57733999999999,269.65478515625
8879,2020-09-24 16:00:00,86.04139,59.59975,269.67916107177734
8880,2020-09-24 17:00:00,86.04835,59.65191999999999,269.66607666015625
8881,2020-09-24 18:00:00,86.05423,59.743690000000015,269.7083282470703
8882,2020-09-24 19:00:00,86.04779,59.654300000000006,269.7382125854492
8883,2020-09-24 20:00:00,85.97115,58.86953,269.7718505859375
8884,2020-09-24 21:00:00,85.9735,57.56206,269.86293029785156
8885,2020-09-24 22:00:00,85.96916,57.04442,269.7531204223633
8886,2020-09-24 23:00:00,85.94654,55.73292000000001,269.6764144897461
8887,2020-09-25 00:00:00,85.93867,54.61287999999999,270.0301971435547
8888,2020-09-25 01:00:00,85.95736,53.42388,269.85997009277344
8889,2020-09-25 02:00:00,85.99446,52.553979999999996,269.6709213256836
8890,2020-09-25 03:00:00,85.98563,51.27199000000002,269.4273986816406
8891,2020-09-25 04:00:00,85.99761,50.44499999999999,269.3205032348633
8892,2020-09-25 05:00:00,86.00236,50.16612000000001,269.4647445678711
8893,2020-09-25 06:00:00,86.0046,49.626739999999984,269.8219528198242
8894,2020-09-25 07:00:00,85.99379,49.16532999999998,270.0182418823242
8895,2020-09-25 08:00:00,85.97592,48.69207,269.5205993652344
8896,2020-09-25 09:00:00,85.96007,48.45284000000001,269.6471176147461
8897,2020-09-25 10:00:00,85.95903,48.45737,269.67057037353516
8898,2020-09-25 11:00:00,85.957,48.44758999999999,269.70775604248047
8899,2020-09-25 12:00:00,85.95607,48.41550000000001,269.7574157714844
8900,2020-09-25 13:00:00,85.95516,48.377219999999994,269.75064849853516
8901,2020-09-25 14:00:00,85.95526,48.34779,269.72122955322266
8902,2020-09-25 15:00:00,85.956,48.34012999999999,269.6755676269531
8903,2020-09-25 16:00:00,85.95828,47.90941000000001,269.5829620361328
8904,2020-09-25 17:00:00,85.96278,46.67922999999999,269.50975799560547
8905,2020-09-25 18:00:00,85.99146,45.530519999999996,269.3684387207031
8906,2020-09-25 19:00:00,85.95692,44.38156000000001,269.1629409790039
8907,2020-09-25 20:00:00,85.98303,43.67738,268.9122848510742
8908,2020-09-25 21:00:00,85.97907,42.44055,268.59808349609375
8909,2020-09-25 22:00:00,85.9889,41.147729999999996,268.27972412109375
8910,2020-09-25 23:00:00,85.98109,40.17228,268.0327453613281
8911,2020-09-26 00:00:00,85.9841,39.03126,268.0079345703125
8912,2020-09-26 01:00:00,85.94821,38.023889999999994,268.1170959472656
8913,2020-09-26 02:00:00,85.96467,36.922439999999995,268.2074890136719
8914,2020-09-26 03:00:00,85.99211,35.934590000000014,268.3711471557617
8915,2020-09-26 04:00:00,86.02902,35.68884,268.60916900634766
8916,2020-09-26 05:00:00,86.03011,35.596509999999995,268.82372283935547
8917,2020-09-26 06:00:00,86.02914,35.56369999999998,269.01570892333984
8918,2020-09-26 07:00:00,86.02967,35.527060000000006,269.1727523803711
8919,2020-09-26 08:00:00,86.03108,35.502430000000004,269.2985305786133
8920,2020-09-26 09:00:00,86.03225,35.49334999999999,269.36883544921875
8921,2020-09-26 10:00:00,86.03269,35.49686,269.37513732910156
8922,2020-09-26 11:00:00,86.03203,35.510130000000004,269.3572463989258
8923,2020-09-26 12:00:00,86.03001,35.53323,269.2279281616211
8924,2020-09-26 13:00:00,85.9979,35.09339,269.0430603027344
8925,2020-09-26 14:00:00,85.99141,35.00157999999999,268.8554458618164
8926,2020-09-26 15:00:00,86.01796,33.97300999999999,268.64766693115234
8927,2020-09-26 16:00:00,86.00334,32.59428,268.37471771240234
8928,2020-09-26 17:00:00,85.93035,31.973510000000005,267.80294036865234
8929,2020-09-26 18:00:00,85.84904,31.479209999999995,267.7211380004883
8930,2020-09-26 19:00:00,85.75142,31.708,267.58370208740234
8931,2020-09-26 20:00:00,85.65564,32.03405000000001,267.46858978271484
8932,2020-09-26 21:00:00,85.5673,32.08091000000002,267.33699798583984
8933,2020-09-26 22:00:00,85.48224,31.66046,267.30482482910156
8934,2020-09-26 23:00:00,85.36969,31.882270000000005,267.31883239746094
8935,2020-09-27 00:00:00,85.25568,32.05169999999998,267.347412109375
8936,2020-09-27 01:00:00,85.14628,31.787869999999998,266.6820755004883
8937,2020-09-27 02:00:00,85.02981,31.620990000000006,266.73582458496094
8938,2020-09-27 03:00:00,84.92023,31.485250000000008,266.7804946899414
8939,2020-09-27 04:00:00,84.81413,31.67625000000001,266.1747283935547
8940,2020-09-27 05:00:00,84.71987,31.694909999999993,266.1530990600586
8941,2020-09-27 06:00:00,84.61484,31.622749999999996,266.1372528076172
8942,2020-09-27 07:00:00,84.59832,31.787260000000003,266.1585998535156
8943,2020-09-27 08:00:00,84.48344,31.739190000000008,266.15782928466797
8944,2020-09-27 09:00:00,84.38045,31.914420000000007,266.10607147216797
8945,2020-09-27 10:00:00,84.26976,32.161040000000014,266.0426940917969
8946,2020-09-27 11:00:00,84.15483,32.20783,266.1062545776367
8947,2020-09-27 12:00:00,84.03889,32.20683,264.8826370239258
8948,2020-09-27 13:00:00,83.92419,32.176980000000015,264.58032989501953
8949,2020-09-27 14:00:00,83.80862,32.141490000000005,264.2837371826172
8950,2020-09-27 15:00:00,83.69156,32.1027,264.03346252441406
8951,2020-09-27 16:00:00,83.57245,32.061800000000005,261.9057846069336
8952,2020-09-27 17:00:00,83.45186,32.072100000000006,261.63541412353516
8953,2020-09-27 18:00:00,83.3329,32.07209,261.4756317138672
8954,2020-09-27 19:00:00,83.21415,32.07029,261.4316635131836
8955,2020-09-27 20:00:00,83.25137,31.975799999999992,261.32716369628906
8956,2020-09-27 21:00:00,83.25309,32.05017000000001,261.33421325683594
8957,2020-09-27 22:00:00,83.25453,32.09765999999999,261.2041778564453
8958,2020-09-27 23:00:00,83.25513,32.13445999999999,261.4048309326172
8959,2020-09-28 00:00:00,83.29717,31.565640000000002,262.0245666503906
8960,2020-09-28 01:00:00,83.35894,30.724860000000007,262.90699005126953
8961,2020-09-28 02:00:00,83.36961,29.682410000000004,263.0708541870117
8962,2020-09-28 03:00:00,83.35726,28.556520000000006,262.93995666503906
8963,2020-09-28 04:00:00,83.32556,27.51639,262.53121185302734
8964,2020-09-28 05:00:00,83.29306,26.51504,261.8145065307617
8965,2020-09-28 06:00:00,83.22846,25.655079999999998,263.41825103759766
8966,2020-09-28 07:00:00,83.16182,24.981960000000015,262.50624084472656
8967,2020-09-28 08:00:00,83.16253,25.01858999999999,261.65684509277344
8968,2020-09-28 09:00:00,83.16154,25.06352000000001,260.92203521728516
8969,2020-09-28 10:00:00,83.15906,25.11497,260.5384979248047
8970,2020-09-28 11:00:00,83.15484,25.165780000000012,260.3340301513672
8971,2020-09-28 12:00:00,83.14943,25.209659999999985,260.5436248779297
8972,2020-09-28 13:00:00,83.14364,25.24284,261.2394485473633
8973,2020-09-28 14:00:00,83.11875,24.68029999999999,262.3509750366211
8974,2020-09-28 15:00:00,83.0669,23.878629999999987,263.30257415771484
8975,2020-09-28 16:00:00,83.01116,23.092649999999992,263.3606491088867
8976,2020-09-28 17:00:00,82.95463,22.970190000000002,263.4364471435547
8977,2020-09-28 18:00:00,82.89393,22.621700000000004,263.77288818359375
8978,2020-09-28 19:00:00,82.80261,22.118740000000003,263.2091522216797
8979,2020-09-28 20:00:00,82.72978,21.39958999999999,263.4075164794922
8980,2020-09-28 21:00:00,82.66382,20.688420000000008,263.54832458496094
8981,2020-09-28 22:00:00,82.59712,19.97731999999999,263.4250030517578
8982,2020-09-28 23:00:00,82.53605,19.250069999999994,263.04933166503906
8983,2020-09-29 00:00:00,82.46974,18.57285999999999,262.83750915527344
8984,2020-09-29 01:00:00,82.42139,17.849760000000003,262.7846221923828
8985,2020-09-29 02:00:00,82.3679,17.05144999999999,261.97937774658203
8986,2020-09-29 03:00:00,82.34037,16.155419999999992,261.86617279052734
8987,2020-09-29 04:00:00,82.27803,15.643730000000005,261.858154296875
8988,2020-09-29 05:00:00,82.20596,15.047230000000013,261.7405242919922
8989,2020-09-29 06:00:00,82.1213,14.505830000000003,262.1764678955078
8990,2020-09-29 07:00:00,82.02607,14.001450000000006,262.27506256103516
8991,2020-09-29 08:00:00,81.93578,13.52489,262.4066162109375
8992,2020-09-29 09:00:00,81.83968,13.005560000000003,262.5707702636719
8993,2020-09-29 10:00:00,81.74193,12.494040000000012,263.8272247314453
8994,2020-09-29 11:00:00,81.64609,11.99011999999999,264.1285934448242
8995,2020-09-29 12:00:00,81.60249,11.776980000000009,264.38692474365234
8996,2020-09-29 13:00:00,81.59933,11.653510000000011,264.6531448364258
8997,2020-09-29 14:00:00,81.55981,11.591250000000002,264.9227828979492
8998,2020-09-29 15:00:00,81.57888,10.913240000000002,263.21935272216797
8999,2020-09-29 16:00:00,81.59029,10.118850000000009,263.4049377441406
9000,2020-09-29 17:00:00,81.59069,9.331880000000012,263.6249694824219
9001,2020-09-29 18:00:00,81.60092,8.621280000000013,263.80272674560547
9002,2020-09-29 19:00:00,81.6039,7.799739999999986,262.5402297973633
9003,2020-09-29 20:00:00,81.61104,7.025929999999988,262.87955474853516
9004,2020-09-29 21:00:00,81.61922,6.212060000000008,263.2218551635742
9005,2020-09-29 22:00:00,81.62221,5.465920000000011,263.51168060302734
9006,2020-09-29 23:00:00,81.62981,4.821470000000005,263.7728805541992
9007,2020-09-30 00:00:00,81.64866,4.264450000000011,265.06285858154297
9008,2020-09-30 01:00:00,81.6557,3.8519900000000007,263.44405364990234
9009,2020-09-30 02:00:00,81.7434,3.4037199999999928,263.4356231689453
9010,2020-09-30 03:00:00,81.78301,2.8579599999999914,262.05487060546875
9011,2020-09-30 04:00:00,81.77783,2.4589599999999905,262.18871307373047
9012,2020-09-30 05:00:00,81.77481,2.330209999999994,262.423828125
9013,2020-09-30 06:00:00,81.74858,2.155630000000002,263.09654235839844
9014,2020-09-30 07:00:00,81.73418,1.7469000000000108,263.3153533935547
9015,2020-09-30 08:00:00,81.73037,1.6367600000000095,263.49415588378906
9016,2020-09-30 09:00:00,81.72207,1.5857300000000123,263.64935302734375
9017,2020-09-30 10:00:00,81.71377,1.5346199999999897,263.81065368652344
9018,2020-09-30 11:00:00,81.70591,1.4839800000000025,263.9546203613281
9019,2020-09-30 12:00:00,81.69852,1.4358200000000068,264.1429138183594
9020,2020-09-30 13:00:00,81.69148,1.3889900000000068,264.3013687133789
9021,2020-09-30 14:00:00,81.68449,1.346350000000001,264.3668212890625
9022,2020-09-30 15:00:00,81.67722,1.3103600000000029,264.395263671875
9023,2020-09-30 16:00:00,81.58226,1.676790000000011,264.3746032714844
9024,2020-09-30 17:00:00,81.49097,1.9668399999999906,264.3882751464844
9025,2020-09-30 18:00:00,81.4,2.42016000000001,264.41358184814453
9026,2020-09-30 19:00:00,81.29934,2.7935400000000072,264.30301666259766
9027,2020-09-30 20:00:00,81.19986,3.169389999999993,264.8830032348633
9028,2020-09-30 21:00:00,81.10111,3.5841399999999908,264.67469024658203
9029,2020-09-30 22:00:00,81.00594,3.97842,264.6861267089844
9030,2020-09-30 23:00:00,80.96369,4.1607600000000105,264.75223541259766
9031,2020-10-01 00:00:00,80.95677,4.1667500000000075,264.8210906982422
9032,2020-10-01 01:00:00,80.91202,4.340010000000007,264.8580322265625
9033,2020-10-01 02:00:00,80.81709,4.684280000000001,264.82530212402344
9034,2020-10-01 03:00:00,80.72261,5.030409999999989,264.8470993041992
9035,2020-10-01 04:00:00,80.6288,5.372669999999999,264.86336517333984
9036,2020-10-01 05:00:00,80.53562,5.710149999999999,264.7522430419922
9037,2020-10-01 06:00:00,80.44368,6.039590000000004,264.5536880493164
9038,2020-10-01 07:00:00,80.41493,6.105349999999987,265.4894332885742
9039,2020-10-01 08:00:00,80.39877,6.060429999999997,265.50575256347656
9040,2020-10-01 09:00:00,80.3453,6.177030000000002,266.0693359375
9041,2020-10-01 10:00:00,80.2378,6.448219999999992,266.1009216308594
9042,2020-10-01 11:00:00,80.13365,6.721280000000007,266.1054382324219
9043,2020-10-01 12:00:00,80.02585,6.94380000000001,266.10001373291016
9044,2020-10-01 13:00:00,79.9178,7.1647800000000075,267.05565643310547
9045,2020-10-01 14:00:00,79.80747,7.387990000000002,267.04293060302734
9046,2020-10-01 15:00:00,79.70199,7.59935999999999,267.0556106567383
9047,2020-10-01 16:00:00,79.59233,7.816800000000001,267.1010437011719
9048,2020-10-01 17:00:00,79.46082,8.074279999999987,267.17347717285156
9049,2020-10-01 18:00:00,79.32717,8.333349999999996,267.2217330932617
9050,2020-10-01 19:00:00,79.19519,8.584800000000001,267.19578552246094
9051,2020-10-01 20:00:00,79.06389,8.830610000000007,267.2694549560547
9052,2020-10-01 21:00:00,78.93016,9.08286000000001,267.49058532714844
9053,2020-10-01 22:00:00,78.79823,9.318270000000012,267.91229248046875
9054,2020-10-01 23:00:00,78.66527,9.559809999999999,268.07432556152344
9055,2020-10-02 00:00:00,78.53251,9.797850000000011,269.4236297607422
9056,2020-10-02 01:00:00,78.40841,10.018939999999986,269.445556640625
9057,2020-10-02 02:00:00,78.27766,10.249059999999986,269.26241302490234
9058,2020-10-02 03:00:00,78.13305,10.53191000000001,270.16007232666016
9059,2020-10-02 04:00:00,78.12984,11.006450000000001,270.39117431640625
9060,2020-10-02 05:00:00,78.12354,11.792609999999996,270.53063201904297
9061,2020-10-02 06:00:00,78.11744,12.567059999999998,270.59322357177734
9062,2020-10-02 07:00:00,78.11241,13.327359999999999,270.67601013183594
9063,2020-10-02 08:00:00,78.17432,14.12339,268.55308532714844
9064,2020-10-02 09:00:00,78.23276,14.862259999999992,268.48697662353516
9065,2020-10-02 10:00:00,78.26488,15.253610000000009,268.5057144165039
9066,2020-10-02 11:00:00,78.26523,15.254729999999995,268.44722747802734
9067,2020-10-02 12:00:00,78.26464,15.253620000000012,268.2794647216797
9068,2020-10-02 13:00:00,78.266,15.25263000000001,267.9446716308594
9069,2020-10-02 14:00:00,78.25954,15.232990000000001,267.5709228515625
9070,2020-10-02 15:00:00,78.19991,14.453239999999994,267.16424560546875
9071,2020-10-02 16:00:00,78.14967,13.804660000000013,270.97872161865234
9072,2020-10-02 17:00:00,78.11185,13.291679999999985,271.09041595458984
9073,2020-10-02 18:00:00,78.11843,12.465669999999989,271.14891052246094
9074,2020-10-02 19:00:00,78.12596,11.605729999999994,271.10121154785156
9075,2020-10-02 20:00:00,78.13102,10.978090000000009,271.0333709716797
9076,2020-10-02 21:00:00,78.20738,10.37487999999999,271.3958969116211
9077,2020-10-02 22:00:00,78.36096,10.106390000000005,271.4148483276367
9078,2020-10-02 23:00:00,78.48853,9.881979999999999,271.4299545288086
9079,2020-10-03 00:00:00,78.61188,9.66273000000001,271.4953155517578
9080,2020-10-03 01:00:00,78.73883,9.434390000000008,271.5820541381836
9081,2020-10-03 02:00:00,78.86876,9.362509999999986,271.08939361572266
9082,2020-10-03 03:00:00,78.9829,9.50773000000001,271.1914825439453
9083,2020-10-03 04:00:00,79.02097,10.221499999999992,271.3260498046875
9084,2020-10-03 05:00:00,79.03251,11.119640000000004,271.4778594970703
9085,2020-10-03 06:00:00,78.94971,11.919129999999996,271.55699920654297
9086,2020-10-03 07:00:00,78.93584,11.93440000000001,271.64904022216797
9087,2020-10-03 08:00:00,78.93574,11.932690000000008,271.7322692871094
9088,2020-10-03 09:00:00,78.93602,11.93789000000001,271.8082046508789
9089,2020-10-03 10:00:00,78.93589,11.938600000000008,271.83416748046875
9090,2020-10-03 11:00:00,78.93611,11.934359999999998,271.8604049682617
9091,2020-10-03 12:00:00,78.93617,11.937810000000013,271.9242630004883
9092,2020-10-03 13:00:00,78.93593,11.94219000000001,271.9634704589844
9093,2020-10-03 14:00:00,78.9355,11.938909999999993,271.9898910522461
9094,2020-10-03 15:00:00,78.93549,11.936399999999992,271.97339630126953
9095,2020-10-03 16:00:00,78.93596,11.93583000000001,271.91841888427734
9096,2020-10-03 17:00:00,78.9361,11.933969999999988,271.91563415527344
9097,2020-10-03 18:00:00,78.93576,11.938530000000014,272.0010986328125
9098,2020-10-03 19:00:00,78.93565,11.934920000000005,272.2263641357422
9099,2020-10-03 20:00:00,78.93623,11.938199999999995,272.40032958984375
9100,2020-10-03 21:00:00,78.93638,11.939179999999993,272.62310791015625
9101,2020-10-03 22:00:00,78.93649,11.937219999999996,272.7413558959961
9102,2020-10-03 23:00:00,78.93633,11.939210000000003,272.8586730957031
9103,2020-10-04 00:00:00,78.93591,11.942990000000009,272.9806594848633
9104,2020-10-04 01:00:00,78.93603,11.941460000000006,273.0648422241211
9105,2020-10-04 02:00:00,78.93559,11.940679999999986,273.1221389770508
9106,2020-10-04 03:00:00,78.93557,11.945909999999998,273.1377182006836
9107,2020-10-04 04:00:00,78.93564,11.9418,273.2161102294922
9108,2020-10-04 05:00:00,78.9359,11.941980000000001,273.25755310058594
9109,2020-10-04 06:00:00,78.93623,11.937340000000006,273.2771453857422
9110,2020-10-04 07:00:00,78.93581,11.939089999999993,273.3118591308594
9111,2020-10-04 08:00:00,78.93566,11.940120000000007,273.37109375
9112,2020-10-04 09:00:00,78.93557,11.940239999999989,273.3821716308594
9113,2020-10-04 10:00:00,78.93538,11.939639999999997,273.3990249633789
9114,2020-10-04 11:00:00,78.93537,11.938760000000002,273.3613815307617
9115,2020-10-04 12:00:00,78.93493,11.93834000000001,273.39283752441406
9116,2020-10-04 13:00:00,78.93576,11.937209999999993,273.4156951904297
9117,2020-10-04 14:00:00,78.93614,11.939639999999997,273.24340057373047
9118,2020-10-04 15:00:00,79.02252,11.320870000000014,273.1511459350586
9119,2020-10-04 16:00:00,79.02848,10.452850000000012,273.247314453125
9120,2020-10-04 17:00:00,78.99672,9.557539999999989,273.26599884033203
9121,2020-10-04 18:00:00,78.83692,9.270849999999996,273.6726989746094
9122,2020-10-04 19:00:00,78.66659,9.141459999999995,273.6318817138672
9123,2020-10-04 20:00:00,78.50401,9.020209999999992,273.62776947021484
9124,2020-10-04 21:00:00,78.34409,8.90218999999999,273.3617172241211
9125,2020-10-04 22:00:00,78.1866,8.787139999999994,273.36685943603516
9126,2020-10-04 23:00:00,78.0218,8.668859999999995,273.3300323486328
9127,2020-10-05 00:00:00,77.85336,8.549209999999988,273.8873291015625
9128,2020-10-05 01:00:00,77.68336,8.43055000000001,274.6519012451172
9129,2020-10-05 02:00:00,77.51376,8.313549999999992,274.63448333740234
9130,2020-10-05 03:00:00,77.3448,8.198379999999986,275.74791717529297
9131,2020-10-05 04:00:00,77.17539,8.084360000000004,275.8887023925781
9132,2020-10-05 05:00:00,77.00067,7.968970000000013,275.8753890991211
9133,2020-10-05 06:00:00,76.82493,7.853880000000004,275.9786911010742
9134,2020-10-05 07:00:00,76.66007,7.747219999999999,276.0403289794922
9135,2020-10-05 08:00:00,76.51679,7.655869999999993,275.88646697998047
9136,2020-10-05 09:00:00,76.37798,7.568039999999996,276.0554504394531
9137,2020-10-05 10:00:00,76.23764,7.480559999999997,276.93589782714844
9138,2020-10-05 11:00:00,76.10075,7.395479999999992,276.9898147583008
9139,2020-10-05 12:00:00,75.96436,7.311569999999989,277.08946990966797
9140,2020-10-05 13:00:00,75.82248,7.225240000000014,277.0132751464844
9141,2020-10-05 14:00:00,75.68233,7.141070000000013,277.1484680175781
9142,2020-10-05 15:00:00,75.53672,7.053899999999999,276.9685592651367
9143,2020-10-05 16:00:00,75.36767,6.954599999999999,277.06128692626953
9144,2020-10-05 17:00:00,75.22523,6.871379999999988,277.1644821166992
9145,2020-10-05 18:00:00,75.08875,6.792519999999996,276.9173889160156
9146,2020-10-05 19:00:00,74.95121,6.713719999999995,277.0216751098633
9147,2020-10-05 20:00:00,74.81158,6.634449999999987,277.24432373046875
9148,2020-10-05 21:00:00,74.67123,6.555360000000007,277.32434844970703
9149,2020-10-05 22:00:00,74.5306,6.476990000000001,277.31719970703125
9150,2020-10-05 23:00:00,74.38936,6.398699999999991,277.31976318359375
9151,2020-10-06 00:00:00,74.25068,6.3227799999999945,277.8335266113281
9152,2020-10-06 01:00:00,74.11215,6.247690000000006,277.92293548583984
9153,2020-10-06 02:00:00,73.96901,6.170690000000008,278.07032012939453
9154,2020-10-06 03:00:00,73.82623,6.094470000000001,278.1779327392578
9155,2020-10-06 04:00:00,73.68452,6.019440000000003,277.80399322509766
9156,2020-10-06 05:00:00,73.53902,5.9432700000000125,277.89173889160156
9157,2020-10-06 06:00:00,73.39388,5.867619999999988,278.02105712890625
9158,2020-10-06 07:00:00,73.25317,5.795400000000001,278.32862854003906
9159,2020-10-06 08:00:00,73.11104,5.722730000000013,278.37206268310547
9160,2020-10-06 09:00:00,72.9738,5.65822,278.7359161376953
9161,2020-10-06 10:00:00,72.83353,5.615890000000007,278.6805191040039
9162,2020-10-06 11:00:00,72.68827,5.572399999999988,278.65223693847656
9163,2020-10-06 12:00:00,72.5492,5.545790000000011,278.1966018676758
9164,2020-10-06 13:00:00,72.42856,5.514039999999994,278.1748580932617
9165,2020-10-06 14:00:00,72.28886,5.477740000000011,278.1311569213867
9166,2020-10-06 15:00:00,72.16489,5.44144,278.58506774902344
9167,2020-10-06 16:00:00,72.02308,5.39894000000001,278.4943084716797
9168,2020-10-06 17:00:00,71.87969,5.356439999999992,278.43140411376953
9169,2020-10-06 18:00:00,71.73537,5.31389999999999,278.8353271484375
9170,2020-10-06 19:00:00,71.59451,5.273050000000012,278.8384552001953
9171,2020-10-06 20:00:00,71.45366,5.23227,279.32320404052734
9172,2020-10-06 21:00:00,71.31239,5.191720000000004,279.3341522216797
9173,2020-10-06 22:00:00,71.17055,5.151129999999995,279.34375762939453
9174,2020-10-06 23:00:00,71.02696,5.110659999999996,279.35108947753906
9175,2020-10-07 00:00:00,70.88544,5.070699999999988,279.1117858886719
9176,2020-10-07 01:00:00,70.74792,5.032340000000005,279.15331268310547
9177,2020-10-07 02:00:00,70.60493,4.992819999999995,279.1563720703125
9178,2020-10-07 03:00:00,70.46213,4.95338000000001,279.11314392089844
9179,2020-10-07 04:00:00,70.31934,4.914490000000001,279.21571350097656
9180,2020-10-07 05:00:00,70.17981,4.876640000000009,279.15930938720703
9181,2020-10-07 06:00:00,70.03213,4.836579999999998,279.14427947998047
9182,2020-10-07 07:00:00,69.88851,4.798360000000002,279.33496856689453
9183,2020-10-07 08:00:00,69.7455,4.760349999999988,279.3256149291992
9184,2020-10-07 09:00:00,69.60549,4.723450000000014,279.21168518066406
9185,2020-10-07 10:00:00,69.46273,4.686319999999995,279.2037048339844
9186,2020-10-07 11:00:00,69.32104,4.6501499999999965,279.2175827026367
9187,2020-10-07 12:00:00,69.18012,4.6148000000000025,279.6335906982422
9188,2020-10-07 13:00:00,69.04074,4.579550000000012,279.6400146484375
9189,2020-10-07 14:00:00,68.90255,4.54482999999999,279.64318084716797
9190,2020-10-07 15:00:00,68.76132,4.509700000000009,280.02576446533203
9191,2020-10-07 16:00:00,68.61547,4.473659999999995,280.00794982910156
9192,2020-10-07 17:00:00,68.47396,4.438909999999993,280.91778564453125
9193,2020-10-07 18:00:00,68.33507,4.405419999999992,280.99291229248047
9194,2020-10-07 19:00:00,68.1948,4.37118000000001,281.03858184814453
9195,2020-10-07 20:00:00,68.05573,4.337400000000002,281.71226501464844
9196,2020-10-07 21:00:00,67.91745,4.304480000000012,281.7514419555664
9197,2020-10-07 22:00:00,67.77665,4.27091999999999,281.76387786865234
9198,2020-10-07 23:00:00,67.63155,4.23660000000001,281.7483825683594
9199,2020-10-08 00:00:00,67.48486,4.202069999999992,281.9433135986328
9200,2020-10-08 01:00:00,67.34301,4.1688800000000015,281.8741683959961
9201,2020-10-08 02:00:00,67.20052,4.135789999999986,281.8472900390625
9202,2020-10-08 03:00:00,67.05738,4.1028300000000115,281.7397689819336
9203,2020-10-08 04:00:00,66.92013,4.071159999999992,281.3927688598633
9204,2020-10-08 05:00:00,66.78171,4.039670000000001,281.35286712646484
9205,2020-10-08 06:00:00,66.64523,4.008759999999995,281.5520248413086
9206,2020-10-08 07:00:00,66.50825,3.9779000000000053,281.531494140625
9207,2020-10-08 08:00:00,66.36839,3.946310000000011,281.63533782958984
9208,2020-10-08 09:00:00,66.22373,3.913890000000009,281.83934020996094
9209,2020-10-08 10:00:00,66.08105,3.8822700000000054,281.89424896240234
9210,2020-10-08 11:00:00,65.9421,3.851670000000013,281.9028625488281
9211,2020-10-08 12:00:00,65.8039,3.821380000000005,281.8734817504883
9212,2020-10-08 13:00:00,65.66874,3.7916600000000074,281.9015350341797
9213,2020-10-08 14:00:00,65.52835,3.76142999999999,281.84603118896484
9214,2020-10-08 15:00:00,65.39078,3.7315100000000143,281.80762481689453
9215,2020-10-08 16:00:00,65.25465,3.702220000000011,281.7635040283203
9216,2020-10-08 17:00:00,65.1143,3.6723399999999913,281.7068634033203
9217,2020-10-08 18:00:00,64.97087,3.6417999999999893,281.66697692871094
9218,2020-10-08 19:00:00,64.82689,3.6113599999999906,281.58323669433594
9219,2020-10-08 20:00:00,64.68231,3.5807299999999884,281.83289337158203
9220,2020-10-08 21:00:00,64.53907,3.550839999999994,281.67543029785156
9221,2020-10-08 22:00:00,64.3991,3.5217199999999877,281.5901794433594
9222,2020-10-08 23:00:00,64.25964,3.4927299999999946,281.53287506103516
9223,2020-10-09 00:00:00,64.11882,3.463719999999995,281.05689239501953
9224,2020-10-09 01:00:00,63.97809,3.434889999999996,280.94983673095703
9225,2020-10-09 02:00:00,63.84017,3.4067599999999914,280.8647003173828
9226,2020-10-09 03:00:00,63.69751,3.3777399999999886,281.3374557495117
9227,2020-10-09 04:00:00,63.54877,3.3477100000000064,281.1489486694336
9228,2020-10-09 05:00:00,63.40327,3.318399999999997,281.12984466552734
9229,2020-10-09 06:00:00,63.26505,3.2908899999999903,281.2909622192383
9230,2020-10-09 07:00:00,63.12137,3.2623299999999915,281.2241516113281
9231,2020-10-09 08:00:00,62.97998,3.234170000000006,281.1340637207031
9232,2020-10-09 09:00:00,62.83888,3.2064599999999928,281.30810546875
9233,2020-10-09 10:00:00,62.69514,3.1835399999999936,281.32147216796875
9234,2020-10-09 11:00:00,62.54975,3.1816599999999937,281.3301239013672
9235,2020-10-09 12:00:00,62.40798,3.1799900000000036,280.89251708984375
9236,2020-10-09 13:00:00,62.26353,3.1779699999999877,280.88590240478516
9237,2020-10-09 14:00:00,62.11913,3.1762600000000134,280.6906051635742
9238,2020-10-09 15:00:00,61.97174,3.1744700000000137,280.74119567871094
9239,2020-10-09 16:00:00,61.82346,3.17410000000001,280.53692626953125
9240,2020-10-09 17:00:00,61.67948,3.173650000000009,281.0733184814453
9241,2020-10-09 18:00:00,61.5388,3.1732399999999927,281.07935333251953
9242,2020-10-09 19:00:00,61.39613,3.172770000000014,281.27561950683594
9243,2020-10-09 20:00:00,61.25358,3.172290000000004,281.2458190917969
9244,2020-10-09 21:00:00,61.10948,3.1719600000000128,281.2306671142578
9245,2020-10-09 22:00:00,60.96456,3.1715700000000027,281.1271286010742
9246,2020-10-09 23:00:00,60.82117,3.190509999999989,281.0895462036133
9247,2020-10-10 00:00:00,60.6782,3.2461000000000126,281.6892318725586
9248,2020-10-10 01:00:00,60.54292,3.298180000000002,282.4869842529297
9249,2020-10-10 02:00:00,60.40792,3.3502200000000073,282.26654052734375
9250,2020-10-10 03:00:00,60.27191,3.4025000000000034,282.13333892822266
9251,2020-10-10 04:00:00,60.13065,3.456520000000012,282.3583221435547
9252,2020-10-10 05:00:00,59.99733,3.5071299999999894,282.2042465209961
9253,2020-10-10 06:00:00,59.86301,3.5578199999999924,282.3378143310547
9254,2020-10-10 07:00:00,59.71938,3.6119500000000073,282.3832092285156
9255,2020-10-10 08:00:00,59.58228,3.663540000000012,282.5330276489258
9256,2020-10-10 09:00:00,59.44161,3.716239999999999,282.76759338378906
9257,2020-10-10 10:00:00,59.29876,3.7692499999999995,282.7202453613281
9258,2020-10-10 11:00:00,59.16246,3.8190899999999885,282.69923400878906
9259,2020-10-10 12:00:00,59.02245,3.8716300000000103,282.94114685058594
9260,2020-10-10 13:00:00,58.88658,3.9474899999999877,283.1488342285156
9261,2020-10-10 14:00:00,58.758,4.053650000000005,282.6134490966797
9262,2020-10-10 15:00:00,58.62844,4.160619999999994,282.7451477050781
9263,2020-10-10 16:00:00,58.49788,4.26764,282.5524139404297
9264,2020-10-10 17:00:00,58.36998,4.372109999999992,282.5046081542969
9265,2020-10-10 18:00:00,58.23885,4.479039999999998,283.2263717651367
9266,2020-10-10 19:00:00,58.10605,4.5867800000000045,283.24561309814453
9267,2020-10-10 20:00:00,57.97496,4.692730000000012,283.30496978759766
9268,2020-10-10 21:00:00,57.844,4.798300000000012,283.54630279541016
9269,2020-10-10 22:00:00,57.71321,4.903210000000001,282.6158447265625
9270,2020-10-10 23:00:00,57.58058,5.009209999999996,282.80968475341797
9271,2020-10-11 00:00:00,57.44949,5.113670000000013,282.92201232910156
9272,2020-10-11 01:00:00,57.31946,5.21696,283.0995788574219
9273,2020-10-11 02:00:00,57.18794,5.321059999999989,283.1914367675781
9274,2020-10-11 03:00:00,57.05346,5.426980000000015,283.38875579833984
9275,2020-10-11 04:00:00,56.91916,5.532530000000008,283.5876922607422
9276,2020-10-11 05:00:00,56.78127,5.599469999999997,283.7577819824219
9277,2020-10-11 06:00:00,56.65208,5.715190000000007,283.8266296386719
9278,2020-10-11 07:00:00,56.51793,5.792990000000003,283.6152801513672
9279,2020-10-11 08:00:00,56.38952,5.867040000000003,284.0502700805664
9280,2020-10-11 09:00:00,56.25481,5.944569999999999,284.2295837402344
9281,2020-10-11 10:00:00,56.12097,6.021199999999993,284.3708267211914
9282,2020-10-11 11:00:00,55.98419,6.099289999999996,284.7075729370117
9283,2020-10-11 12:00:00,55.84704,6.177379999999999,284.8206100463867
9284,2020-10-11 13:00:00,55.71075,6.254729999999995,285.02386474609375
9285,2020-10-11 14:00:00,55.57456,6.331760000000003,285.2398681640625
9286,2020-10-11 15:00:00,55.43863,6.408299999999997,285.3770446777344
9287,2020-10-11 16:00:00,55.30821,6.502219999999994,285.12176513671875
9288,2020-10-11 17:00:00,55.18307,6.606369999999998,285.1300735473633
9289,2020-10-11 18:00:00,55.06012,6.708400000000012,285.1752014160156
9290,2020-10-11 19:00:00,54.93458,6.8123099999999965,285.18096923828125
9291,2020-10-11 20:00:00,54.80612,6.918209999999988,285.23416900634766
9292,2020-10-11 21:00:00,54.67317,7.027500000000003,285.42931365966797
9293,2020-10-11 22:00:00,54.54132,7.135510000000011,285.5139617919922
9294,2020-10-11 23:00:00,54.40906,7.243590000000012,285.6424560546875
9295,2020-10-12 00:00:00,54.2804,7.348230000000001,284.30379486083984
9296,2020-10-12 01:00:00,54.15229,7.451619999999991,284.74356842041016
9297,2020-10-12 02:00:00,54.03084,7.56407999999999,284.5881576538086
9298,2020-10-12 03:00:00,53.90926,7.686430000000001,284.76019287109375
9299,2020-10-12 04:00:00,53.83636,8.06298000000001,284.6781921386719
9300,2020-10-12 05:00:00,53.66124,8.386889999999994,277.0138473510742
