Datetime,Date,MOSAiC obs,CARRA2
2019-10-24 06:00:00,2019-10-24 06:00:00,-11.465294572222222,-22.857382202148415
2019-10-24 09:00:00,2019-10-24 09:00:00,-12.58452494722222,-23.04875793457029
2019-10-24 12:00:00,2019-10-24 12:00:00,-13.310795558333332,-23.45220031738279
2019-10-24 15:00:00,2019-10-24 15:00:00,-12.653103641666668,-22.826132202148415
2019-10-24 18:00:00,2019-10-24 18:00:00,-14.858161655555556,-22.34789123535154
2019-10-24 21:00:00,2019-10-24 21:00:00,-15.904298997222222,-20.856726074218727
2019-10-25 00:00:00,2019-10-25 00:00:00,-14.816810258333334,-19.914160156249977
2019-10-25 03:00:00,2019-10-25 03:00:00,-15.921148038888889,-18.564657592773415
2019-10-25 06:00:00,2019-10-25 06:00:00,-20.090692447222224,-17.51891174316404
2019-10-25 09:00:00,2019-10-25 09:00:00,-21.913833047222216,-16.540747070312477
2019-10-25 12:00:00,2019-10-25 12:00:00,-22.929524866666668,-15.56719055175779
2019-10-25 15:00:00,2019-10-25 15:00:00,-21.692191380555556,-15.080236816406227
2019-10-25 18:00:00,2019-10-25 18:00:00,-19.272362063888888,-14.91344299316404
2019-10-25 21:00:00,2019-10-25 21:00:00,-20.665898808333328,-15.681097412109352
2019-10-26 00:00:00,2019-10-26 00:00:00,-21.66897081666667,-16.45439758300779
2019-10-26 03:00:00,2019-10-26 03:00:00,-21.830912227777777,-18.896185302734352
2019-10-26 06:00:00,2019-10-26 06:00:00,-21.04686914722222,-22.079351806640602
2019-10-26 09:00:00,2019-10-26 09:00:00,-21.68685256666667,-24.184851074218727
2019-10-26 12:00:00,2019-10-26 12:00:00,-23.936799422222226,-25.325338745117165
2019-10-26 15:00:00,2019-10-26 15:00:00,-25.38371073611111,-26.149618530273415
2019-10-26 18:00:00,2019-10-26 18:00:00,-24.01210801666667,-26.913031005859352
2019-10-26 21:00:00,2019-10-26 21:00:00,-25.28549134722222,-27.185934448242165
2019-10-27 00:00:00,2019-10-27 00:00:00,-25.14974784722222,-25.594732666015602
2019-10-27 03:00:00,2019-10-27 03:00:00,-25.878416722222223,-26.490011596679665
2019-10-27 06:00:00,2019-10-27 06:00:00,-26.12793919722223,-26.73198547363279
2019-10-27 09:00:00,2019-10-27 09:00:00,-25.65268814166667,-26.540624999999977
2019-10-27 12:00:00,2019-10-27 12:00:00,-25.39251113888889,-26.838827514648415
2019-10-27 15:00:00,2019-10-27 15:00:00,-25.16437745,-26.689596557617165
2019-10-27 18:00:00,2019-10-27 18:00:00,-25.20905453611111,-25.430868530273415
2019-10-27 21:00:00,2019-10-27 21:00:00,-24.17535874444444,-24.03075256347654
2019-10-28 00:00:00,2019-10-28 00:00:00,-18.733507202777776,-21.169454956054665
2019-10-28 03:00:00,2019-10-28 03:00:00,-15.767421336111111,-18.623358154296852
2019-10-28 06:00:00,2019-10-28 06:00:00,-14.399100027777779,-18.709539794921852
2019-10-28 09:00:00,2019-10-28 09:00:00,-14.199976666666666,-19.687322998046852
2019-10-28 12:00:00,2019-10-28 12:00:00,-14.832521541666665,-21.652319335937477
2019-10-28 15:00:00,2019-10-28 15:00:00,-12.761736086111114,-22.06542053222654
2019-10-28 18:00:00,2019-10-28 18:00:00,-12.253739261111113,-20.546545410156227
2019-10-28 21:00:00,2019-10-28 21:00:00,-16.30190916666667,-20.010580444335915
2019-10-29 00:00:00,2019-10-29 00:00:00,-16.305262544444442,-19.78294982910154
2019-10-29 03:00:00,2019-10-29 03:00:00,-15.086280344444445,-20.30168762207029
2019-10-29 06:00:00,2019-10-29 06:00:00,-20.117185827777778,-20.97881164550779
2019-10-29 09:00:00,2019-10-29 09:00:00,-21.007080419444446,-21.551916503906227
2019-10-29 12:00:00,2019-10-29 12:00:00,-22.16209325277778,-22.110433959960915
2019-10-29 15:00:00,2019-10-29 15:00:00,-19.459296561111113,-23.30821838378904
2019-10-29 18:00:00,2019-10-29 18:00:00,-20.429910580555553,-23.861349487304665
2019-10-29 21:00:00,2019-10-29 21:00:00,-21.235907480555557,-23.657675170898415
2019-10-30 00:00:00,2019-10-30 00:00:00,-18.636364547222225,-24.521078491210915
2019-10-30 03:00:00,2019-10-30 03:00:00,-16.294503199999998,-24.21684875488279
2019-10-30 06:00:00,2019-10-30 06:00:00,-16.03331863611111,-25.171759033203102
2019-10-30 09:00:00,2019-10-30 09:00:00,-16.61658684722222,-25.717657470703102
2019-10-30 12:00:00,2019-10-30 12:00:00,-16.215642788888893,-26.74089660644529
2019-10-30 15:00:00,2019-10-30 15:00:00,-17.10320583888889,-28.377157592773415
2019-10-30 18:00:00,2019-10-30 18:00:00,-19.63602080833333,-28.818258666992165
2019-10-30 21:00:00,2019-10-30 21:00:00,-21.50140396388889,-29.150457763671852
2019-10-31 00:00:00,2019-10-31 00:00:00,-21.306904324999998,-29.537115478515602
2019-10-31 03:00:00,2019-10-31 03:00:00,-23.522864208333335,-30.010275268554665
2019-10-31 06:00:00,2019-10-31 06:00:00,-21.421744230555557,-29.392095947265602
2019-10-31 09:00:00,2019-10-31 09:00:00,-21.135247458333332,-28.696813964843727
2019-10-31 12:00:00,2019-10-31 12:00:00,-23.007513077777777,-28.523565673828102
2019-10-31 15:00:00,2019-10-31 15:00:00,-23.020623866666668,-27.905218505859352
2019-10-31 18:00:00,2019-10-31 18:00:00,-22.076475275000004,-27.08147277832029
2019-10-31 21:00:00,2019-10-31 21:00:00,-23.922412186111114,-26.485388183593727
2019-11-01 00:00:00,2019-11-01 00:00:00,-20.981960319444443,-26.217382812499977
2019-11-01 03:00:00,2019-11-01 03:00:00,-19.335052372222226,-25.194494628906227
2019-11-01 06:00:00,2019-11-01 06:00:00,-18.389570194444445,-24.689276123046852
2019-11-01 09:00:00,2019-11-01 09:00:00,-18.090602836111113,-24.60307922363279
2019-11-01 12:00:00,2019-11-01 12:00:00,-18.578576350000002,-23.953161621093727
2019-11-01 15:00:00,2019-11-01 15:00:00,-18.81433595277778,-23.23412170410154
2019-11-01 18:00:00,2019-11-01 18:00:00,-18.61945588611111,-24.10283508300779
2019-11-01 21:00:00,2019-11-01 21:00:00,-18.579165280555557,-26.008566284179665
2019-11-02 00:00:00,2019-11-02 00:00:00,-18.95015126666667,-27.870153808593727
2019-11-02 03:00:00,2019-11-02 03:00:00,-19.697127825,-27.053976440429665
2019-11-02 06:00:00,2019-11-02 06:00:00,-21.055559244444442,-27.483862304687477
2019-11-02 09:00:00,2019-11-02 09:00:00,-23.39628760277778,-27.298239135742165
2019-11-02 12:00:00,2019-11-02 12:00:00,-27.27375560833333,-26.676367187499977
2019-11-02 15:00:00,2019-11-02 15:00:00,-24.433127727777777,-27.20403137207029
2019-11-02 18:00:00,2019-11-02 18:00:00,-22.521116594444447,-27.635931396484352
2019-11-02 21:00:00,2019-11-02 21:00:00,-22.51855296388889,-27.827154541015602
2019-11-03 00:00:00,2019-11-03 00:00:00,-19.151920983333337,-28.429876708984352
2019-11-03 03:00:00,2019-11-03 03:00:00,-16.639634983333334,-27.467489624023415
2019-11-03 06:00:00,2019-11-03 06:00:00,-18.463541108333335,-26.113043212890602
2019-11-03 09:00:00,2019-11-03 09:00:00,-23.354735844444445,-24.856970214843727
2019-11-03 12:00:00,2019-11-03 12:00:00,-20.47052561111111,-23.41203918457029
2019-11-03 15:00:00,2019-11-03 15:00:00,-19.005473580555552,-23.184667968749977
2019-11-03 18:00:00,2019-11-03 18:00:00,-18.103003516666664,-22.77464904785154
2019-11-03 21:00:00,2019-11-03 21:00:00,-18.77876495,-23.296835327148415
2019-11-04 00:00:00,2019-11-04 00:00:00,-18.686268227777777,-23.357260131835915
2019-11-04 03:00:00,2019-11-04 03:00:00,-17.616895636111114,-21.756292724609352
2019-11-04 06:00:00,2019-11-04 06:00:00,-17.09406928888889,-20.501531982421852
2019-11-04 09:00:00,2019-11-04 09:00:00,-16.555055324999998,-19.89195861816404
2019-11-04 12:00:00,2019-11-04 12:00:00,-17.204248411111113,-20.270117187499977
2019-11-04 15:00:00,2019-11-04 15:00:00,-18.681873927777776,-20.902227783203102
2019-11-04 18:00:00,2019-11-04 18:00:00,-23.815353713888886,-21.974096679687477
2019-11-04 21:00:00,2019-11-04 21:00:00,-26.344110044444445,-25.14348449707029
2019-11-05 00:00:00,2019-11-05 00:00:00,-22.272141191666666,-27.572897338867165
2019-11-05 03:00:00,2019-11-05 03:00:00,-19.377022927777777,-28.091253662109352
2019-11-05 06:00:00,2019-11-05 06:00:00,-22.138152625,-27.595739746093727
2019-11-05 09:00:00,2019-11-05 09:00:00,-24.49013736666667,-26.936193847656227
2019-11-05 12:00:00,2019-11-05 12:00:00,-25.160955599999998,-27.27721252441404
2019-11-05 15:00:00,2019-11-05 15:00:00,-24.58003278055556,-27.204351806640602
2019-11-05 18:00:00,2019-11-05 18:00:00,-21.539299027777783,-27.95842590332029
2019-11-05 21:00:00,2019-11-05 21:00:00,-21.28186646388889,-29.118917846679665
2019-11-06 00:00:00,2019-11-06 00:00:00,-22.61529101944444,-29.802282714843727
2019-11-06 03:00:00,2019-11-06 03:00:00,-25.008897133333335,-29.975729370117165
2019-11-06 06:00:00,2019-11-06 06:00:00,-27.965621119444446,-29.91387023925779
2019-11-06 09:00:00,2019-11-06 09:00:00,-26.445391527777776,-30.68663635253904
2019-11-06 12:00:00,2019-11-06 12:00:00,-20.980569277777775,-29.545324707031227
2019-11-06 15:00:00,2019-11-06 15:00:00,-18.602167197222222,-27.075384521484352
2019-11-06 18:00:00,2019-11-06 18:00:00,-19.038652405555556,-27.408590698242165
2019-11-06 21:00:00,2019-11-06 21:00:00,-19.56036618611111,-27.55504455566404
2019-11-07 00:00:00,2019-11-07 00:00:00,-19.286900227777778,-28.132482910156227
2019-11-07 03:00:00,2019-11-07 03:00:00,-20.585991447222224,-25.632711791992165
2019-11-07 06:00:00,2019-11-07 06:00:00,-23.530562774999996,-25.52544250488279
2019-11-07 09:00:00,2019-11-07 09:00:00,-23.543613949999997,-25.170675659179665
2019-11-07 12:00:00,2019-11-07 12:00:00,-22.743979044444444,-23.691366577148415
2019-11-07 15:00:00,2019-11-07 15:00:00,-22.700020488888892,-22.77660217285154
2019-11-07 18:00:00,2019-11-07 18:00:00,-25.794631677777776,-22.426092529296852
2019-11-07 21:00:00,2019-11-07 21:00:00,-27.28687110555556,-24.162969970703102
2019-11-08 00:00:00,2019-11-08 00:00:00,-25.669917375,-28.208044433593727
2019-11-08 03:00:00,2019-11-08 03:00:00,-22.08152151388889,-27.253240966796852
2019-11-08 06:00:00,2019-11-08 06:00:00,-22.392903083333334,-27.417395019531227
2019-11-08 09:00:00,2019-11-08 09:00:00,-22.64578051111111,-27.599523925781227
2019-11-08 12:00:00,2019-11-08 12:00:00,-20.885347147222223,-27.573522949218727
2019-11-08 15:00:00,2019-11-08 15:00:00,-20.92809152222222,-27.27574768066404
2019-11-08 18:00:00,2019-11-08 18:00:00,-21.072464972222225,-25.934667968749977
2019-11-08 21:00:00,2019-11-08 21:00:00,-21.383147552777782,-27.279638671874977
2019-11-09 00:00:00,2019-11-09 00:00:00,-20.596095636111112,-28.691900634765602
2019-11-09 03:00:00,2019-11-09 03:00:00,-23.67532565,-25.898458862304665
2019-11-09 06:00:00,2019-11-09 06:00:00,-25.56468016388889,-24.997015380859352
2019-11-09 09:00:00,2019-11-09 09:00:00,-26.04990362222222,-24.71288146972654
2019-11-09 12:00:00,2019-11-09 12:00:00,-24.003315936111107,-24.606954956054665
2019-11-09 15:00:00,2019-11-09 15:00:00,-25.67709988888889,-26.276800537109352
2019-11-09 18:00:00,2019-11-09 18:00:00,-30.192231197222224,-26.79125061035154
2019-11-09 21:00:00,2019-11-09 21:00:00,-31.304844730555555,-31.31249084472654
2019-11-10 00:00:00,2019-11-10 00:00:00,-31.894031474999995,-34.0963195800781
2019-11-10 03:00:00,2019-11-10 03:00:00,-31.54015734722222,-35.41092529296873
2019-11-10 06:00:00,2019-11-10 06:00:00,-30.405548449999998,-36.31304016113279
2019-11-10 09:00:00,2019-11-10 09:00:00,-30.41894167777778,-33.53702392578123
2019-11-10 12:00:00,2019-11-10 12:00:00,-30.15998811944444,-32.14696350097654
2019-11-10 15:00:00,2019-11-10 15:00:00,-30.116360394444445,-28.061437988281227
2019-11-10 18:00:00,2019-11-10 18:00:00,-30.27184185277778,-26.62712707519529
2019-11-10 21:00:00,2019-11-10 21:00:00,-29.203827869444442,-28.63939514160154
2019-11-11 00:00:00,2019-11-11 00:00:00,-25.62219333611111,-28.189962768554665
2019-11-11 03:00:00,2019-11-11 03:00:00,-25.436275422222224,-26.12108459472654
2019-11-11 06:00:00,2019-11-11 06:00:00,-25.872735888888894,-24.837927246093727
2019-11-11 09:00:00,2019-11-11 09:00:00,-22.974619583333336,-23.851965332031227
2019-11-11 12:00:00,2019-11-11 12:00:00,-20.588744758333334,-22.941305541992165
2019-11-11 15:00:00,2019-11-11 15:00:00,-18.441437652777775,-20.849798583984352
2019-11-11 18:00:00,2019-11-11 18:00:00,-16.357653916666667,-18.70061340332029
2019-11-11 21:00:00,2019-11-11 21:00:00,-16.698410883333334,-17.812445068359352
2019-11-12 00:00:00,2019-11-12 00:00:00,-16.224296330555557,-17.31426086425779
2019-11-12 03:00:00,2019-11-12 03:00:00,-16.722517772222222,-19.872686767578102
2019-11-12 06:00:00,2019-11-12 06:00:00,-18.697570102777778,-22.661444091796852
2019-11-12 09:00:00,2019-11-12 09:00:00,-21.062552405555557,-24.868673706054665
2019-11-12 12:00:00,2019-11-12 12:00:00,-21.543746722222224,-25.45909729003904
2019-11-12 15:00:00,2019-11-12 15:00:00,-19.59989711111111,-25.570410156249977
2019-11-12 18:00:00,2019-11-12 18:00:00,-17.244496644444443,-23.549719238281227
2019-11-12 21:00:00,2019-11-12 21:00:00,-15.940081269444443,-23.05657043457029
2019-11-13 00:00:00,2019-11-13 00:00:00,-13.13083083611111,-22.47563781738279
2019-11-13 03:00:00,2019-11-13 03:00:00,-13.313505930555557,-21.697531127929665
2019-11-13 06:00:00,2019-11-13 06:00:00,-14.930735316666665,-22.275396728515602
2019-11-13 09:00:00,2019-11-13 09:00:00,-20.895029758333333,-21.173406982421852
2019-11-13 12:00:00,2019-11-13 12:00:00,-22.363306247222223,-21.720358276367165
2019-11-13 15:00:00,2019-11-13 15:00:00,-23.402877616666668,-21.005331420898415
2019-11-13 18:00:00,2019-11-13 18:00:00,-23.49968266111111,-20.680578613281227
2019-11-13 21:00:00,2019-11-13 21:00:00,-21.715830177777775,-22.119406127929665
2019-11-14 00:00:00,2019-11-14 00:00:00,-17.149075486111112,-22.097311401367165
2019-11-14 03:00:00,2019-11-14 03:00:00,-14.689452758333333,-21.502584838867165
2019-11-14 06:00:00,2019-11-14 06:00:00,-14.42230168611111,-20.912176513671852
2019-11-14 09:00:00,2019-11-14 09:00:00,-13.781039974999999,-18.47856750488279
2019-11-14 12:00:00,2019-11-14 12:00:00,-13.514374469444443,-15.96910705566404
2019-11-14 15:00:00,2019-11-14 15:00:00,-13.15652435,-15.848898315429665
2019-11-14 18:00:00,2019-11-14 18:00:00,-12.25900483888889,-15.93346252441404
2019-11-14 21:00:00,2019-11-14 21:00:00,-12.043342169444443,-16.43981018066404
2019-11-15 00:00:00,2019-11-15 00:00:00,-12.924653111111112,-21.311499023437477
2019-11-15 03:00:00,2019-11-15 03:00:00,-14.947220586111113,-20.423559570312477
2019-11-15 06:00:00,2019-11-15 06:00:00,-15.460966913888889,-19.131246948242165
2019-11-15 09:00:00,2019-11-15 09:00:00,-21.47503833333333,-16.897131347656227
2019-11-15 12:00:00,2019-11-15 12:00:00,-15.090199491666667,-14.521612548828102
2019-11-15 15:00:00,2019-11-15 15:00:00,-10.731561769722221,-13.41100158691404
2019-11-15 18:00:00,2019-11-15 18:00:00,-8.05599483888889,-11.586325073242165
2019-11-15 21:00:00,2019-11-15 21:00:00,-8.24380311361111,-10.72862854003904
2019-11-16 00:00:00,2019-11-16 00:00:00,-7.129375348055556,-8.858923339843727
2019-11-16 03:00:00,2019-11-16 03:00:00,-7.614571896388888,-8.970373535156227
2019-11-16 06:00:00,2019-11-16 06:00:00,-6.5435452791666675,-7.966085815429665
2019-11-16 09:00:00,2019-11-16 09:00:00,-6.019222595277778,-7.020285034179665
2019-11-16 12:00:00,2019-11-16 12:00:00,-6.477242257222223,-6.229956054687477
2019-11-16 15:00:00,2019-11-16 15:00:00,-6.49967447861111,-6.141333007812477
2019-11-16 18:00:00,2019-11-16 18:00:00,-4.929826264722223,-5.475134277343727
2019-11-16 21:00:00,2019-11-16 21:00:00,-6.481980991944444,-4.289801025390602
2019-11-17 00:00:00,2019-11-17 00:00:00,-16.602841333333334,-8.10832824707029
2019-11-17 03:00:00,2019-11-17 03:00:00,-18.385305381081082,-16.084051513671852
2019-11-17 06:00:00,,,
2019-11-17 09:00:00,,,
2019-11-17 12:00:00,,,
2019-11-17 15:00:00,,,
2019-11-17 18:00:00,,,
2019-11-17 21:00:00,,,
2019-11-18 00:00:00,,,
2019-11-18 03:00:00,,,
2019-11-18 06:00:00,,,
2019-11-18 09:00:00,,,
2019-11-18 12:00:00,2019-11-18 12:00:00,-12.284254052777777,-21.933203124999977
2019-11-18 15:00:00,2019-11-18 15:00:00,-14.347115608333333,-21.533178710937477
2019-11-18 18:00:00,2019-11-18 18:00:00,-16.036758744444445,-18.44273986816404
2019-11-18 21:00:00,2019-11-18 21:00:00,-14.645860508333332,-15.671652221679665
2019-11-19 00:00:00,,,
2019-11-19 03:00:00,,,
2019-11-19 06:00:00,2019-11-19 06:00:00,-12.033675988888888,-11.022177124023415
2019-11-19 09:00:00,2019-11-19 09:00:00,-7.622778289999999,-8.641607666015602
2019-11-19 12:00:00,2019-11-19 12:00:00,-6.7622755933333325,-6.914099121093727
2019-11-19 15:00:00,2019-11-19 15:00:00,-6.4857991480555555,-7.020666503906227
2019-11-19 18:00:00,2019-11-19 18:00:00,-6.102164013888888,-6.603048706054665
2019-11-19 21:00:00,2019-11-19 21:00:00,-6.672846147777778,-6.349737548828102
2019-11-20 00:00:00,,,
2019-11-20 03:00:00,,,
2019-11-20 06:00:00,,,
2019-11-20 09:00:00,2019-11-20 09:00:00,-15.165601200678294,-9.71629943847654
2019-11-20 12:00:00,2019-11-20 12:00:00,-18.27262135833333,-13.87779846191404
2019-11-20 15:00:00,2019-11-20 15:00:00,-18.939585625000003,-16.830953979492165
2019-11-20 18:00:00,2019-11-20 18:00:00,-18.879297569444443,-18.60252990722654
2019-11-20 21:00:00,,,
2019-11-21 00:00:00,,,
2019-11-21 03:00:00,,,
2019-11-21 06:00:00,2019-11-21 06:00:00,-15.828877330555555,-22.111273193359352
2019-11-21 09:00:00,2019-11-21 09:00:00,-15.70177609722222,-21.00908508300779
2019-11-21 12:00:00,2019-11-21 12:00:00,-15.311569105555556,-20.649618530273415
2019-11-21 15:00:00,2019-11-21 15:00:00,-15.016952733333335,-21.027182006835915
2019-11-21 18:00:00,2019-11-21 18:00:00,-14.715965133333333,-20.271810913085915
2019-11-21 21:00:00,2019-11-21 21:00:00,-14.904274563888888,-20.29430236816404
2019-11-22 00:00:00,2019-11-22 00:00:00,-14.530584411111112,-20.280966186523415
2019-11-22 03:00:00,2019-11-22 03:00:00,-14.719361763888891,-17.927511596679665
2019-11-22 06:00:00,2019-11-22 06:00:00,-16.242359566666664,-16.080770874023415
2019-11-22 09:00:00,2019-11-22 09:00:00,-16.428695372222222,-16.631384277343727
2019-11-22 12:00:00,2019-11-22 12:00:00,-15.165144527777779,-17.817022705078102
2019-11-22 15:00:00,2019-11-22 15:00:00,-21.872162969444442,-20.067037963867165
2019-11-22 18:00:00,2019-11-22 18:00:00,-25.356525363888892,-25.969992065429665
2019-11-22 21:00:00,2019-11-22 21:00:00,-19.67882345,-28.63048400878904
2019-11-23 00:00:00,,,
2019-11-23 03:00:00,,,
2019-11-23 06:00:00,2019-11-23 06:00:00,-20.63456905,-23.754537963867165
2019-11-23 09:00:00,2019-11-23 09:00:00,-20.834888741666663,-23.012609863281227
2019-11-23 12:00:00,2019-11-23 12:00:00,-20.816228655555555,-21.824118041992165
2019-11-23 15:00:00,2019-11-23 15:00:00,-19.225156141666666,-21.061346435546852
2019-11-23 18:00:00,2019-11-23 18:00:00,-16.903045988888888,-20.307470703124977
2019-11-23 21:00:00,2019-11-23 21:00:00,-15.541957355555555,-20.148352050781227
2019-11-24 00:00:00,2019-11-24 00:00:00,-15.081268663888887,-20.210241699218727
2019-11-24 03:00:00,2019-11-24 03:00:00,-15.682929891666669,-19.05614318847654
2019-11-24 06:00:00,2019-11-24 06:00:00,-16.797842552777777,-18.416784667968727
2019-11-24 09:00:00,2019-11-24 09:00:00,-16.72891139722222,-18.348425292968727
2019-11-24 12:00:00,2019-11-24 12:00:00,-18.80225295,-18.19920959472654
2019-11-24 15:00:00,2019-11-24 15:00:00,-17.361017269444446,-17.935552978515602
2019-11-24 18:00:00,2019-11-24 18:00:00,-18.736904994444444,-18.011450195312477
2019-11-24 21:00:00,2019-11-24 21:00:00,-19.335712683333337,-18.957250976562477
2019-11-25 00:00:00,2019-11-25 00:00:00,-19.28291582916667,-19.57158508300779
2019-11-25 03:00:00,,,
2019-11-25 06:00:00,2019-11-25 06:00:00,-18.68914029345238,-22.119329833984352
2019-11-25 09:00:00,2019-11-25 09:00:00,-22.24832803181818,-22.591146850585915
2019-11-25 12:00:00,2019-11-25 12:00:00,-23.578339222222223,-24.184057617187477
2019-11-25 15:00:00,2019-11-25 15:00:00,-23.470044091666665,-25.571447753906227
2019-11-25 18:00:00,2019-11-25 18:00:00,-23.964687488888888,-26.968664550781227
2019-11-25 21:00:00,2019-11-25 21:00:00,-24.26684989722222,-27.658117675781227
2019-11-26 00:00:00,2019-11-26 00:00:00,-22.572443244444447,-28.123480224609352
2019-11-26 03:00:00,2019-11-26 03:00:00,-23.319735205555556,-27.582769775390602
2019-11-26 06:00:00,2019-11-26 06:00:00,-25.99987529722222,-26.494879150390602
2019-11-26 09:00:00,2019-11-26 09:00:00,-27.35586836666667,-26.87236633300779
2019-11-26 12:00:00,2019-11-26 12:00:00,-26.422951347222224,-26.299169921874977
2019-11-26 15:00:00,2019-11-26 15:00:00,-27.068425755555555,-25.800512695312477
2019-11-26 18:00:00,2019-11-26 18:00:00,-26.134064416666664,-25.517370605468727
2019-11-26 21:00:00,2019-11-26 21:00:00,-26.19822746666667,-25.304647827148415
2019-11-27 00:00:00,,,
2019-11-27 03:00:00,,,
2019-11-27 06:00:00,2019-11-27 06:00:00,-30.1442244,-30.00658264160154
2019-11-27 09:00:00,2019-11-27 09:00:00,-30.841568074999998,-32.71060791015623
2019-11-27 12:00:00,2019-11-27 12:00:00,-29.941062554012348,-32.8658508300781
2019-11-27 15:00:00,2019-11-27 15:00:00,-30.471763302777774,-28.16722717285154
2019-11-27 18:00:00,2019-11-27 18:00:00,-31.48511286388889,-27.746374511718727
2019-11-27 21:00:00,,,
2019-11-28 00:00:00,,,
2019-11-28 03:00:00,,,
2019-11-28 06:00:00,2019-11-28 06:00:00,-29.44798883611111,-30.663916015624977
2019-11-28 09:00:00,2019-11-28 09:00:00,-25.827371125,-27.679525756835915
2019-11-28 12:00:00,2019-11-28 12:00:00,-22.19685295864198,-24.366491699218727
2019-11-28 15:00:00,2019-11-28 15:00:00,-23.27372773333333,-21.463049316406227
2019-11-28 18:00:00,2019-11-28 18:00:00,-22.286587530555554,-21.888983154296852
2019-11-28 21:00:00,2019-11-28 21:00:00,-22.66215386944445,-21.080450439453102
2019-11-29 00:00:00,2019-11-29 00:00:00,-24.128705913888894,-20.97850646972654
2019-11-29 03:00:00,2019-11-29 03:00:00,-24.21104848611111,-21.16026916503904
2019-11-29 06:00:00,2019-11-29 06:00:00,-24.456525352777778,-22.22154846191404
2019-11-29 09:00:00,2019-11-29 09:00:00,-25.366191397222224,-22.430578613281227
2019-11-29 12:00:00,2019-11-29 12:00:00,-26.931095736111107,-23.411505126953102
2019-11-29 15:00:00,2019-11-29 15:00:00,-27.051249605555554,-24.380163574218727
2019-11-29 18:00:00,2019-11-29 18:00:00,-22.957676130555555,-22.688436889648415
2019-11-29 21:00:00,2019-11-29 21:00:00,-26.075276944444443,-23.749288940429665
2019-11-30 00:00:00,2019-11-30 00:00:00,-27.493108197222224,-25.250341796874977
2019-11-30 03:00:00,2019-11-30 03:00:00,-28.075122297222222,-27.070806884765602
2019-11-30 06:00:00,2019-11-30 06:00:00,-29.033016091666667,-29.603048706054665
2019-11-30 09:00:00,2019-11-30 09:00:00,-28.71622909722222,-30.39281311035154
2019-11-30 12:00:00,2019-11-30 12:00:00,-28.452016263888883,-30.104895019531227
2019-11-30 15:00:00,2019-11-30 15:00:00,-28.348324655555555,-29.23857727050779
2019-11-30 18:00:00,2019-11-30 18:00:00,-27.970628930555552,-28.35088195800779
2019-11-30 21:00:00,2019-11-30 21:00:00,-27.609630238888887,-27.266806030273415
2019-12-01 00:00:00,2019-12-01 00:00:00,-24.17951036111111,-26.858343505859352
2019-12-01 03:00:00,2019-12-01 03:00:00,-23.458055277777778,-24.829550170898415
2019-12-01 06:00:00,2019-12-01 06:00:00,-22.39490958888889,-23.806539916992165
2019-12-01 09:00:00,2019-12-01 09:00:00,-21.516690430555556,-22.519110107421852
2019-12-01 12:00:00,2019-12-01 12:00:00,-20.950953983333335,-21.800024414062477
2019-12-01 15:00:00,2019-12-01 15:00:00,-19.612167066666668,-21.74675598144529
2019-12-01 18:00:00,2019-12-01 18:00:00,-20.413278333333334,-21.644415283203102
2019-12-01 21:00:00,2019-12-01 21:00:00,-24.454578049999995,-23.780706787109352
2019-12-02 00:00:00,2019-12-02 00:00:00,-25.432906936111113,-25.67742004394529
2019-12-02 03:00:00,2019-12-02 03:00:00,-26.669164708333337,-28.155065917968727
2019-12-02 06:00:00,2019-12-02 06:00:00,-26.841672969444446,-29.601629638671852
2019-12-02 09:00:00,2019-12-02 09:00:00,-27.470812111111115,-30.78789367675779
2019-12-02 12:00:00,2019-12-02 12:00:00,-26.107562658333336,-29.84264221191404
2019-12-02 15:00:00,2019-12-02 15:00:00,-24.072363766666665,-27.343038940429665
2019-12-02 18:00:00,2019-12-02 18:00:00,-22.503612263888886,-24.54533996582029
2019-12-02 21:00:00,2019-12-02 21:00:00,-20.403347541666665,-21.39604797363279
2019-12-03 00:00:00,2019-12-03 00:00:00,-18.52477252777778,-19.992376708984352
2019-12-03 03:00:00,2019-12-03 03:00:00,-17.691132219444444,-19.090399169921852
2019-12-03 06:00:00,2019-12-03 06:00:00,-16.886767711111112,-18.05156555175779
2019-12-03 09:00:00,2019-12-03 09:00:00,-16.344368727777777,-17.15459289550779
2019-12-03 12:00:00,2019-12-03 12:00:00,-15.924517294444447,-17.230993652343727
2019-12-03 15:00:00,2019-12-03 15:00:00,-16.31512251944444,-17.172552490234352
2019-12-03 18:00:00,2019-12-03 18:00:00,-16.267280272222223,-16.920355224609352
2019-12-03 21:00:00,2019-12-03 21:00:00,-16.280338500000003,-16.40337219238279
2019-12-04 00:00:00,2019-12-04 00:00:00,-14.68931657222222,-15.986547851562477
2019-12-04 03:00:00,2019-12-04 03:00:00,-14.731449977777777,-15.40514221191404
2019-12-04 06:00:00,2019-12-04 06:00:00,-14.597773869444445,-14.956549072265602
2019-12-04 09:00:00,2019-12-04 09:00:00,-15.7327222,-14.655157470703102
2019-12-04 12:00:00,2019-12-04 12:00:00,-16.168041569444444,-14.729101562499977
2019-12-04 15:00:00,2019-12-04 15:00:00,-16.517624841666667,-14.91124572753904
2019-12-04 18:00:00,2019-12-04 18:00:00,-17.083310636111108,-15.83049621582029
2019-12-04 21:00:00,2019-12-04 21:00:00,-17.36347758333333,-16.363409423828102
2019-12-05 00:00:00,2019-12-05 00:00:00,-17.930806422222222,-16.732580566406227
2019-12-05 03:00:00,2019-12-05 03:00:00,-17.937504399999998,-16.919439697265602
2019-12-05 06:00:00,2019-12-05 06:00:00,-17.48699843333333,-17.071020507812477
2019-12-05 09:00:00,2019-12-05 09:00:00,-17.72083593333333,-16.919165039062477
2019-12-05 12:00:00,2019-12-05 12:00:00,-18.021915741666664,-17.189398193359352
2019-12-05 15:00:00,2019-12-05 15:00:00,-18.182023547222222,-17.67931213378904
2019-12-05 18:00:00,2019-12-05 18:00:00,-18.87413128333333,-17.971746826171852
2019-12-05 21:00:00,2019-12-05 21:00:00,-19.545492291666665,-18.598287963867165
2019-12-06 00:00:00,2019-12-06 00:00:00,-21.426220480555557,-19.397894287109352
2019-12-06 03:00:00,2019-12-06 03:00:00,-23.498075855555555,-20.942358398437477
2019-12-06 06:00:00,2019-12-06 06:00:00,-24.999822277777778,-23.914068603515602
2019-12-06 09:00:00,2019-12-06 09:00:00,-25.982446347222222,-25.329733276367165
2019-12-06 12:00:00,2019-12-06 12:00:00,-26.628334933333335,-26.271017456054665
2019-12-06 15:00:00,2019-12-06 15:00:00,-25.603238663888888,-25.486547851562477
2019-12-06 18:00:00,2019-12-06 18:00:00,-25.27932333888889,-24.562445068359352
2019-12-06 21:00:00,2019-12-06 21:00:00,-23.73528430277778,-23.550238037109352
2019-12-07 00:00:00,2019-12-07 00:00:00,-23.660398213888886,-22.33788146972654
2019-12-07 03:00:00,2019-12-07 03:00:00,-22.982272930555553,-21.80486145019529
2019-12-07 06:00:00,2019-12-07 06:00:00,-23.5973183,-21.77800598144529
2019-12-07 09:00:00,2019-12-07 09:00:00,-26.048246674999998,-25.32616271972654
2019-12-07 12:00:00,2019-12-07 12:00:00,-27.341627863888892,-28.64244689941404
2019-12-07 15:00:00,2019-12-07 15:00:00,-26.630648372222225,-30.681555175781227
2019-12-07 18:00:00,2019-12-07 18:00:00,-24.995604463888885,-30.38884582519529
2019-12-07 21:00:00,2019-12-07 21:00:00,-22.838520916666667,-27.017187499999977
2019-12-08 00:00:00,2019-12-08 00:00:00,-21.45064021111111,-23.48277893066404
2019-12-08 03:00:00,2019-12-08 03:00:00,-20.848207025,-21.076269531249977
2019-12-08 06:00:00,2019-12-08 06:00:00,-21.36817603888889,-20.169653320312477
2019-12-08 09:00:00,2019-12-08 09:00:00,-20.728166147222222,-21.79613342285154
2019-12-08 12:00:00,2019-12-08 12:00:00,-21.263125927777775,-22.80773010253904
2019-12-08 15:00:00,2019-12-08 15:00:00,-22.22662394166667,-23.01744689941404
2019-12-08 18:00:00,2019-12-08 18:00:00,-22.70841260277778,-23.27525939941404
2019-12-08 21:00:00,2019-12-08 21:00:00,-23.184268922222227,-23.75792541503904
2019-12-09 00:00:00,2019-12-09 00:00:00,-23.43886705555556,-23.304830932617165
2019-12-09 03:00:00,2019-12-09 03:00:00,-22.878798711111113,-23.349935913085915
2019-12-09 06:00:00,2019-12-09 06:00:00,-22.523416736111106,-21.816870117187477
2019-12-09 09:00:00,2019-12-09 09:00:00,-21.557722741666666,-18.783697509765602
2019-12-09 12:00:00,2019-12-09 12:00:00,-22.695039130555557,-18.264196777343727
2019-12-09 15:00:00,2019-12-09 15:00:00,-24.524879775000002,-19.207189941406227
2019-12-09 18:00:00,2019-12-09 18:00:00,-24.574032625,-21.101751708984352
2019-12-09 21:00:00,2019-12-09 21:00:00,-25.066290869444444,-24.060522460937477
2019-12-10 00:00:00,2019-12-10 00:00:00,-24.231490475,-25.664343261718727
2019-12-10 03:00:00,2019-12-10 03:00:00,-22.206414600000002,-26.13457336425779
2019-12-10 06:00:00,2019-12-10 06:00:00,-19.26199042777778,-24.864904785156227
2019-12-10 09:00:00,2019-12-10 09:00:00,-18.06639771111111,-25.778585815429665
2019-12-10 12:00:00,2019-12-10 12:00:00,-22.11819277222222,-26.932958984374977
2019-12-10 15:00:00,2019-12-10 15:00:00,-24.133375666666666,-27.69231262207029
2019-12-10 18:00:00,2019-12-10 18:00:00,-24.856319538888894,-28.864447021484352
2019-12-10 21:00:00,2019-12-10 21:00:00,-25.01195244166667,-28.72374572753904
2019-12-11 00:00:00,2019-12-11 00:00:00,-24.65102440277778,-27.124533081054665
2019-12-11 03:00:00,2019-12-11 03:00:00,-25.034107066666667,-25.729284667968727
2019-12-11 06:00:00,2019-12-11 06:00:00,-25.986081783333333,-26.884161376953102
2019-12-11 09:00:00,2019-12-11 09:00:00,-26.303299222222222,-28.101263427734352
2019-12-11 12:00:00,2019-12-11 12:00:00,-27.217598294444443,-29.794149780273415
2019-12-11 15:00:00,2019-12-11 15:00:00,-26.907221963888887,-30.490637207031227
2019-12-11 18:00:00,2019-12-11 18:00:00,-27.279116016666666,-31.650717163085915
2019-12-11 21:00:00,2019-12-11 21:00:00,-28.352287925,-32.587240600585915
2019-12-12 00:00:00,2019-12-12 00:00:00,-28.52162526388889,-33.416952514648415
2019-12-12 03:00:00,2019-12-12 03:00:00,-28.65121074444444,-33.55551757812498
2019-12-12 06:00:00,2019-12-12 06:00:00,-28.70138960277778,-33.07016601562498
2019-12-12 09:00:00,2019-12-12 09:00:00,-28.677199708333333,-33.137350463867165
2019-12-12 12:00:00,2019-12-12 12:00:00,-27.89751046666667,-32.97710266113279
2019-12-12 15:00:00,2019-12-12 15:00:00,-27.305697936111113,-32.04874267578123
2019-12-12 18:00:00,2019-12-12 18:00:00,-27.339263594444443,-32.11972656249998
2019-12-12 21:00:00,2019-12-12 21:00:00,-26.750506941666668,-30.011190795898415
2019-12-13 00:00:00,2019-12-13 00:00:00,-26.08281732777778,-28.536932373046852
2019-12-13 03:00:00,2019-12-13 03:00:00,-25.013363116666667,-28.177084350585915
2019-12-13 06:00:00,2019-12-13 06:00:00,-24.242870305555556,-24.691381835937477
2019-12-13 09:00:00,2019-12-13 09:00:00,-25.2945448,-24.335302734374977
2019-12-13 12:00:00,2019-12-13 12:00:00,-24.15692908611111,-24.300238037109352
2019-12-13 15:00:00,2019-12-13 15:00:00,-22.720611005555554,-21.911627197265602
2019-12-13 18:00:00,2019-12-13 18:00:00,-21.911330486111115,-20.689901733398415
2019-12-13 21:00:00,2019-12-13 21:00:00,-20.99094618333333,-20.08080139160154
2019-12-14 00:00:00,2019-12-14 00:00:00,-21.607021005555556,-19.370550537109352
2019-12-14 03:00:00,2019-12-14 03:00:00,-24.202985958333333,-18.815618896484352
2019-12-14 06:00:00,2019-12-14 06:00:00,-23.612643447222222,-18.113363647460915
2019-12-14 09:00:00,2019-12-14 09:00:00,-24.184094416666667,-18.727438354492165
2019-12-14 12:00:00,2019-12-14 12:00:00,-26.402565244444446,-23.73094787597654
2019-12-14 15:00:00,2019-12-14 15:00:00,-29.181082772222226,-27.45384826660154
2019-12-14 18:00:00,2019-12-14 18:00:00,-30.36583879166666,-30.300482177734352
2019-12-14 21:00:00,2019-12-14 21:00:00,-30.635860969444447,-31.286596679687477
2019-12-15 00:00:00,2019-12-15 00:00:00,-30.486145177777775,-32.87128295898435
2019-12-15 03:00:00,2019-12-15 03:00:00,-30.439947727777778,-33.22702636718748
2019-12-15 06:00:00,2019-12-15 06:00:00,-31.085032941666668,-33.15445556640623
2019-12-15 09:00:00,2019-12-15 09:00:00,-30.738353700000005,-33.33678283691404
2019-12-15 12:00:00,2019-12-15 12:00:00,-29.72410813333333,-32.298544311523415
2019-12-15 15:00:00,2019-12-15 15:00:00,-29.23684248611111,-30.015097045898415
2019-12-15 18:00:00,2019-12-15 18:00:00,-21.300497841666665,-26.946234130859352
2019-12-15 21:00:00,2019-12-15 21:00:00,-22.15524484722222,-26.399786376953102
2019-12-16 00:00:00,2019-12-16 00:00:00,-23.505676758333333,-24.033666992187477
2019-12-16 03:00:00,2019-12-16 03:00:00,-21.100484697222225,-23.17217102050779
2019-12-16 06:00:00,2019-12-16 06:00:00,-21.70652242222222,-22.798895263671852
2019-12-16 09:00:00,2019-12-16 09:00:00,-20.759305802777778,-21.396017456054665
2019-12-16 12:00:00,2019-12-16 12:00:00,-19.162767122222224,-19.220220947265602
2019-12-16 15:00:00,2019-12-16 15:00:00,-19.17480333888889,-18.22911682128904
2019-12-16 18:00:00,2019-12-16 18:00:00,-20.001353205555557,-19.147848510742165
2019-12-16 21:00:00,2019-12-16 21:00:00,-18.98866818611111,-21.35606994628904
2019-12-17 00:00:00,2019-12-17 00:00:00,-18.08029886388889,-23.465795898437477
2019-12-17 03:00:00,2019-12-17 03:00:00,-17.333460275,-24.28197326660154
2019-12-17 06:00:00,2019-12-17 06:00:00,-18.38632404166667,-24.91704406738279
2019-12-17 09:00:00,2019-12-17 09:00:00,-18.666956880555556,-26.906866455078102
2019-12-17 12:00:00,2019-12-17 12:00:00,-18.573232594444445,-28.60442199707029
2019-12-17 15:00:00,2019-12-17 15:00:00,-18.318161283333332,-29.754034423828102
2019-12-17 18:00:00,2019-12-17 18:00:00,-17.765464697222225,-29.83769836425779
2019-12-17 21:00:00,2019-12-17 21:00:00,-17.34084025555556,-30.072912597656227
2019-12-18 00:00:00,2019-12-18 00:00:00,-17.256254647222224,-30.85899963378904
2019-12-18 03:00:00,2019-12-18 03:00:00,-17.220959622222225,-31.428350830078102
2019-12-18 06:00:00,2019-12-18 06:00:00,-17.25868169722222,-29.372534179687477
2019-12-18 09:00:00,2019-12-18 09:00:00,-17.83597626388889,-29.379797363281227
2019-12-18 12:00:00,2019-12-18 12:00:00,-19.38461008888889,-29.33080139160154
2019-12-18 15:00:00,2019-12-18 15:00:00,-20.921635991666665,-28.762899780273415
2019-12-18 18:00:00,2019-12-18 18:00:00,-21.377082780555554,-28.083441162109352
2019-12-18 21:00:00,2019-12-18 21:00:00,-20.84960143888889,-29.069174194335915
2019-12-19 00:00:00,2019-12-19 00:00:00,-20.155354747222223,-27.506369018554665
2019-12-19 03:00:00,2019-12-19 03:00:00,-20.260635694444446,-29.410742187499977
2019-12-19 06:00:00,2019-12-19 06:00:00,-20.96408312777778,-31.410223388671852
2019-12-19 09:00:00,2019-12-19 09:00:00,-21.87857955555555,-32.42229309082029
2019-12-19 12:00:00,2019-12-19 12:00:00,-22.6491623,-32.29752197265623
2019-12-19 15:00:00,2019-12-19 15:00:00,-22.898992772222226,-30.997045898437477
2019-12-19 18:00:00,2019-12-19 18:00:00,-25.045787597222226,-31.38329162597654
2019-12-19 21:00:00,2019-12-19 21:00:00,-25.60579727777778,-32.23509826660154
2019-12-20 00:00:00,2019-12-20 00:00:00,-26.41381852222222,-31.271520996093727
2019-12-20 03:00:00,2019-12-20 03:00:00,-28.72954107222222,-30.024877929687477
2019-12-20 06:00:00,2019-12-20 06:00:00,-26.429527041666663,-29.891485595703102
2019-12-20 09:00:00,2019-12-20 09:00:00,-28.47089752222222,-29.500936889648415
2019-12-20 12:00:00,2019-12-20 12:00:00,-26.069535802777775,-29.19096984863279
2019-12-20 15:00:00,2019-12-20 15:00:00,-23.786998522222223,-27.75060119628904
2019-12-20 18:00:00,2019-12-20 18:00:00,-22.896980361111115,-26.57872619628904
2019-12-20 21:00:00,2019-12-20 21:00:00,-21.80703856388889,-25.894934082031227
2019-12-21 00:00:00,2019-12-21 00:00:00,-21.29991123888889,-26.32146301269529
2019-12-21 03:00:00,2019-12-21 03:00:00,-20.98604873333333,-25.351889038085915
2019-12-21 06:00:00,2019-12-21 06:00:00,-20.48939253888889,-25.779669189453102
2019-12-21 09:00:00,2019-12-21 09:00:00,-19.742783230555556,-27.501928710937477
2019-12-21 12:00:00,2019-12-21 12:00:00,-19.135394383333335,-30.07274475097654
2019-12-21 15:00:00,2019-12-21 15:00:00,-18.99674315833333,-30.06035461425779
2019-12-21 18:00:00,2019-12-21 18:00:00,-25.7735479,-30.815512084960915
2019-12-21 21:00:00,2019-12-21 21:00:00,-28.652965313888885,-30.423925781249977
2019-12-22 00:00:00,2019-12-22 00:00:00,-28.564538002777777,-30.527059936523415
2019-12-22 03:00:00,2019-12-22 03:00:00,-28.63265259722222,-29.944921874999977
2019-12-22 06:00:00,2019-12-22 06:00:00,-28.981475649999997,-29.63402404785154
2019-12-22 09:00:00,2019-12-22 09:00:00,-28.71057139444444,-30.74370422363279
2019-12-22 12:00:00,2019-12-22 12:00:00,-25.627374069444443,-31.188253784179665
2019-12-22 15:00:00,2019-12-22 15:00:00,-20.796037375,-31.365621948242165
2019-12-22 18:00:00,2019-12-22 18:00:00,-17.788464947222224,-31.508444213867165
2019-12-22 21:00:00,2019-12-22 21:00:00,-16.872975299999997,-30.593298339843727
2019-12-23 00:00:00,2019-12-23 00:00:00,-19.658272622222224,-30.171835327148415
2019-12-23 03:00:00,2019-12-23 03:00:00,-21.110228077777776,-28.665167236328102
2019-12-23 06:00:00,2019-12-23 06:00:00,-22.066548691666668,-28.87883605957029
2019-12-23 09:00:00,2019-12-23 09:00:00,-25.599557816666664,-29.557211303710915
2019-12-23 12:00:00,2019-12-23 12:00:00,-26.472030280555554,-30.699468994140602
2019-12-23 15:00:00,2019-12-23 15:00:00,-27.681466733333334,-31.548376464843727
2019-12-23 18:00:00,2019-12-23 18:00:00,-27.808612363888887,-31.96904602050779
2019-12-23 21:00:00,2019-12-23 21:00:00,-27.442061441666667,-32.3595031738281
2019-12-24 00:00:00,2019-12-24 00:00:00,-27.48827236111111,-31.863134765624977
2019-12-24 03:00:00,2019-12-24 03:00:00,-27.76117989166667,-31.939184570312477
2019-12-24 06:00:00,2019-12-24 06:00:00,-27.854845041666668,-31.796972656249977
2019-12-24 09:00:00,2019-12-24 09:00:00,-29.372887608333333,-30.810034179687477
2019-12-24 12:00:00,2019-12-24 12:00:00,-28.585199866666667,-30.006918334960915
2019-12-24 15:00:00,2019-12-24 15:00:00,-27.48590888888889,-29.66075744628904
2019-12-24 18:00:00,2019-12-24 18:00:00,-26.211015177777778,-29.18999328613279
2019-12-24 21:00:00,2019-12-24 21:00:00,-26.212386052777777,-28.079840087890602
2019-12-25 00:00:00,2019-12-25 00:00:00,-26.43096488888889,-29.393316650390602
2019-12-25 03:00:00,2019-12-25 03:00:00,-26.777067088888888,-28.44335021972654
2019-12-25 06:00:00,2019-12-25 06:00:00,-20.579785083333334,-27.23949279785154
2019-12-25 09:00:00,2019-12-25 09:00:00,-21.113685338888885,-24.619940185546852
2019-12-25 12:00:00,2019-12-25 12:00:00,-24.342433108333335,-26.609442138671852
2019-12-25 15:00:00,2019-12-25 15:00:00,-28.424749811111113,-30.016394042968727
2019-12-25 18:00:00,2019-12-25 18:00:00,-27.99760088333333,-31.347555541992165
2019-12-25 21:00:00,2019-12-25 21:00:00,-22.749369730555557,-31.94762268066404
2019-12-26 00:00:00,2019-12-26 00:00:00,-25.40756656944444,-32.82318725585935
2019-12-26 03:00:00,2019-12-26 03:00:00,-30.040834119444444,-33.790670776367165
2019-12-26 06:00:00,2019-12-26 06:00:00,-28.395816522222223,-34.558798217773415
2019-12-26 09:00:00,2019-12-26 09:00:00,-29.168326133333334,-34.7536682128906
2019-12-26 12:00:00,2019-12-26 12:00:00,-27.463214061111106,-34.21178283691404
2019-12-26 15:00:00,2019-12-26 15:00:00,-23.60565134166667,-31.09844055175779
2019-12-26 18:00:00,2019-12-26 18:00:00,-26.527825577777776,-29.122198486328102
2019-12-26 21:00:00,2019-12-26 21:00:00,-27.25766221111111,-28.123373413085915
2019-12-27 00:00:00,2019-12-27 00:00:00,-26.572933752777782,-29.945471191406227
2019-12-27 03:00:00,2019-12-27 03:00:00,-28.3037941,-30.44597473144529
2019-12-27 06:00:00,2019-12-27 06:00:00,-32.92292633611111,-29.838079833984352
2019-12-27 09:00:00,2019-12-27 09:00:00,-34.025910277777776,-31.031637573242165
2019-12-27 12:00:00,2019-12-27 12:00:00,-35.16811208611111,-31.276770019531227
2019-12-27 15:00:00,2019-12-27 15:00:00,-35.38171173333333,-31.09459533691404
2019-12-27 18:00:00,2019-12-27 18:00:00,-35.33369686666666,-32.044271850585915
2019-12-27 21:00:00,2019-12-27 21:00:00,-35.27809171388889,-32.13805236816404
2019-12-28 00:00:00,2019-12-28 00:00:00,-35.077703622222224,-34.83775939941404
2019-12-28 03:00:00,2019-12-28 03:00:00,-34.14227391666666,-35.49107971191404
2019-12-28 06:00:00,2019-12-28 06:00:00,-31.453090086111107,-38.41380920410154
2019-12-28 09:00:00,2019-12-28 09:00:00,-30.022076975,-39.16022338867185
2019-12-28 12:00:00,2019-12-28 12:00:00,-30.246489252777778,-36.89911499023435
2019-12-28 15:00:00,2019-12-28 15:00:00,-33.189520761111105,-33.910177612304665
2019-12-28 18:00:00,2019-12-28 18:00:00,-33.02254162500001,-31.67723693847654
2019-12-28 21:00:00,2019-12-28 21:00:00,-36.660261919444444,-31.490606689453102
2019-12-29 00:00:00,2019-12-29 00:00:00,-35.89571014166666,-30.143820190429665
2019-12-29 03:00:00,2019-12-29 03:00:00,-32.98300606666666,-29.300726318359352
2019-12-29 06:00:00,2019-12-29 06:00:00,-32.18084283333334,-28.772726440429665
2019-12-29 09:00:00,2019-12-29 09:00:00,-31.11220170833333,-28.20311584472654
2019-12-29 12:00:00,2019-12-29 12:00:00,-29.886640819444448,-27.72893371582029
2019-12-29 15:00:00,2019-12-29 15:00:00,-29.52794321111111,-27.47594299316404
2019-12-29 18:00:00,2019-12-29 18:00:00,-28.477274574999996,-27.826025390624977
2019-12-29 21:00:00,2019-12-29 21:00:00,-27.755094080555555,-28.35881652832029
2019-12-30 00:00:00,2019-12-30 00:00:00,-28.083693363888887,-28.962728881835915
2019-12-30 03:00:00,2019-12-30 03:00:00,-25.451711019444442,-28.555380249023415
2019-12-30 06:00:00,2019-12-30 06:00:00,-26.67652487222222,-28.923590087890602
2019-12-30 09:00:00,2019-12-30 09:00:00,-27.101984961111114,-28.679846191406227
2019-12-30 12:00:00,2019-12-30 12:00:00,-27.157628572222222,-29.029638671874977
2019-12-30 15:00:00,2019-12-30 15:00:00,-27.13375535277778,-29.504110717773415
2019-12-30 18:00:00,2019-12-30 18:00:00,-27.483359274999994,-29.598913574218727
2019-12-30 21:00:00,2019-12-30 21:00:00,-28.130933730555554,-31.352301025390602
2019-12-31 00:00:00,2019-12-31 00:00:00,-28.312154188888886,-35.153036499023415
2019-12-31 03:00:00,2019-12-31 03:00:00,-30.333851325,-35.1013244628906
2019-12-31 06:00:00,2019-12-31 06:00:00,-34.35860551388889,-33.670431518554665
2019-12-31 09:00:00,2019-12-31 09:00:00,-35.139093433333336,-35.47301330566404
2019-12-31 12:00:00,2019-12-31 12:00:00,-34.62875170833333,-38.94711914062498
2019-12-31 15:00:00,2019-12-31 15:00:00,-32.86495164722222,-38.26740112304685
2019-12-31 18:00:00,2019-12-31 18:00:00,-31.81528150555556,-35.59770812988279
2019-12-31 21:00:00,2019-12-31 21:00:00,-30.023862516666664,-36.18851318359373
2020-01-01 00:00:00,2020-01-01 00:00:00,-30.84585575,-36.2807678222656
2020-01-01 03:00:00,2020-01-01 03:00:00,-30.795786361111112,-35.98001708984373
2020-01-01 06:00:00,2020-01-01 06:00:00,-30.647383772222224,-36.37473144531248
2020-01-01 09:00:00,2020-01-01 09:00:00,-30.798614655555554,-37.04973449707029
2020-01-01 12:00:00,2020-01-01 12:00:00,-31.146914116666665,-37.374655151367165
2020-01-01 15:00:00,2020-01-01 15:00:00,-31.531654605555556,-36.45053710937498
2020-01-01 18:00:00,2020-01-01 18:00:00,-30.52210276111111,-34.40856018066404
2020-01-01 21:00:00,2020-01-01 21:00:00,-30.596449755555554,-32.053488159179665
2020-01-02 00:00:00,2020-01-02 00:00:00,-28.542489333333332,-30.760946655273415
2020-01-02 03:00:00,2020-01-02 03:00:00,-28.422131122222222,-29.442114257812477
2020-01-02 06:00:00,2020-01-02 06:00:00,-27.863998580555556,-27.550314331054665
2020-01-02 09:00:00,2020-01-02 09:00:00,-26.766998377777778,-26.06682434082029
2020-01-02 12:00:00,2020-01-02 12:00:00,-25.967340005555556,-25.565954589843727
2020-01-02 15:00:00,2020-01-02 15:00:00,-24.57390388611111,-23.966741943359352
2020-01-02 18:00:00,2020-01-02 18:00:00,-23.83190188888889,-23.566656494140602
2020-01-02 21:00:00,2020-01-02 21:00:00,-22.930411111111113,-22.724493408203102
2020-01-03 00:00:00,2020-01-03 00:00:00,-23.22727896111111,-21.706503295898415
2020-01-03 03:00:00,2020-01-03 03:00:00,-23.644755336111114,-22.36888732910154
2020-01-03 06:00:00,2020-01-03 06:00:00,-27.35843020833333,-25.533972167968727
2020-01-03 09:00:00,2020-01-03 09:00:00,-28.64970526388889,-29.36296691894529
2020-01-03 12:00:00,2020-01-03 12:00:00,-28.204424730555548,-30.530706787109352
2020-01-03 15:00:00,2020-01-03 15:00:00,-28.67702885,-29.327047729492165
2020-01-03 18:00:00,2020-01-03 18:00:00,-27.225116763888888,-29.327520751953102
2020-01-03 21:00:00,2020-01-03 21:00:00,-25.54950753333333,-26.001119995117165
2020-01-04 00:00:00,2020-01-04 00:00:00,-26.209233213888893,-24.651281738281227
2020-01-04 03:00:00,2020-01-04 03:00:00,-25.65331902777778,-25.743124389648415
2020-01-04 06:00:00,2020-01-04 06:00:00,-25.817282152777775,-25.277243041992165
2020-01-04 09:00:00,2020-01-04 09:00:00,-25.616009572222225,-24.42418518066404
2020-01-04 12:00:00,2020-01-04 12:00:00,-25.177988061111108,-24.068823242187477
2020-01-04 15:00:00,2020-01-04 15:00:00,-26.360621591666668,-24.410604858398415
2020-01-04 18:00:00,2020-01-04 18:00:00,-27.43415896666666,-24.047277832031227
2020-01-04 21:00:00,2020-01-04 21:00:00,-27.416937925,-26.977743530273415
2020-01-05 00:00:00,2020-01-05 00:00:00,-28.220901786111114,-30.21050109863279
2020-01-05 03:00:00,2020-01-05 03:00:00,-29.159934141666668,-32.6632141113281
2020-01-05 06:00:00,2020-01-05 06:00:00,-29.488884097222222,-33.314962768554665
2020-01-05 09:00:00,2020-01-05 09:00:00,-29.390326038888887,-31.005407714843727
2020-01-05 12:00:00,2020-01-05 12:00:00,-28.52574207222222,-33.32774963378904
2020-01-05 15:00:00,2020-01-05 15:00:00,-29.819284044444444,-32.854147338867165
2020-01-05 18:00:00,2020-01-05 18:00:00,-29.99934951111111,-33.98509826660154
2020-01-05 21:00:00,2020-01-05 21:00:00,-28.277729641666667,-34.15042724609373
2020-01-06 00:00:00,2020-01-06 00:00:00,-28.285035969444447,-34.282614135742165
2020-01-06 03:00:00,2020-01-06 03:00:00,-28.030021194444444,-34.8122619628906
2020-01-06 06:00:00,2020-01-06 06:00:00,-27.521388902777776,-33.266867065429665
2020-01-06 09:00:00,2020-01-06 09:00:00,-28.138560730555557,-33.386190795898415
2020-01-06 12:00:00,2020-01-06 12:00:00,-27.499118433333333,-32.444174194335915
2020-01-06 15:00:00,2020-01-06 15:00:00,-27.367478294444442,-30.86791076660154
2020-01-06 18:00:00,2020-01-06 18:00:00,-28.38208541111111,-29.882910156249977
2020-01-06 21:00:00,2020-01-06 21:00:00,-29.24943111111111,-29.09093322753904
2020-01-07 00:00:00,2020-01-07 00:00:00,-30.527463194444447,-27.875326538085915
2020-01-07 03:00:00,2020-01-07 03:00:00,-28.189907533333336,-30.863546752929665
2020-01-07 06:00:00,2020-01-07 06:00:00,-30.930669180555554,-33.70628967285154
2020-01-07 09:00:00,2020-01-07 09:00:00,-31.02522553611111,-35.433309936523415
2020-01-07 12:00:00,2020-01-07 12:00:00,-30.890126683333335,-35.38931884765623
2020-01-07 15:00:00,2020-01-07 15:00:00,-29.627109722222226,-33.572714233398415
2020-01-07 18:00:00,2020-01-07 18:00:00,-28.914849874999998,-30.712530517578102
2020-01-07 21:00:00,2020-01-07 21:00:00,-24.895578847222225,-31.83244934082029
2020-01-08 00:00:00,2020-01-08 00:00:00,-23.717008197222224,-29.199057006835915
2020-01-08 03:00:00,2020-01-08 03:00:00,-23.219850691666664,-27.37834777832029
2020-01-08 06:00:00,2020-01-08 06:00:00,-25.49813175277778,-25.330694580078102
2020-01-08 09:00:00,2020-01-08 09:00:00,-25.850112375,-24.97954406738279
2020-01-08 12:00:00,2020-01-08 12:00:00,-25.70620026111111,-25.473181152343727
2020-01-08 15:00:00,2020-01-08 15:00:00,-28.87166456388889,-28.154501342773415
2020-01-08 18:00:00,2020-01-08 18:00:00,-30.234642491666662,-32.75485839843748
2020-01-08 21:00:00,2020-01-08 21:00:00,-26.48057132777778,-33.990072631835915
2020-01-09 00:00:00,2020-01-09 00:00:00,-24.156147830555557,-33.65183105468748
2020-01-09 03:00:00,2020-01-09 03:00:00,-26.681523755555556,-32.75186767578123
2020-01-09 06:00:00,2020-01-09 06:00:00,-27.639507316666666,-31.90709533691404
2020-01-09 09:00:00,2020-01-09 09:00:00,-27.562418411111107,-30.242025756835915
2020-01-09 12:00:00,2020-01-09 12:00:00,-28.846831025000004,-30.601538085937477
2020-01-09 15:00:00,2020-01-09 15:00:00,-27.459027597222217,-29.429342651367165
2020-01-09 18:00:00,2020-01-09 18:00:00,-27.551608408333333,-29.074011230468727
2020-01-09 21:00:00,2020-01-09 21:00:00,-28.24845988888889,-28.913732910156227
2020-01-10 00:00:00,2020-01-10 00:00:00,-30.15879166388889,-26.111654663085915
2020-01-10 03:00:00,2020-01-10 03:00:00,-28.13189325833333,-23.810873413085915
2020-01-10 06:00:00,2020-01-10 06:00:00,-28.92997020555556,-23.287145996093727
2020-01-10 09:00:00,2020-01-10 09:00:00,-29.84789502777777,-24.814474487304665
2020-01-10 12:00:00,2020-01-10 12:00:00,-28.984593788888887,-29.310156249999977
2020-01-10 15:00:00,2020-01-10 15:00:00,-31.515405097222224,-31.703955078124977
2020-01-10 18:00:00,2020-01-10 18:00:00,-32.52290214166667,-33.38651123046873
2020-01-10 21:00:00,2020-01-10 21:00:00,-33.48245345277778,-33.69748535156248
2020-01-11 00:00:00,2020-01-11 00:00:00,-33.04981686666667,-34.28691711425779
2020-01-11 03:00:00,2020-01-11 03:00:00,-33.07588100555555,-32.25461425781248
2020-01-11 06:00:00,2020-01-11 06:00:00,-32.80371708333333,-30.81889953613279
2020-01-11 09:00:00,2020-01-11 09:00:00,-31.807346244444446,-29.80242004394529
2020-01-11 12:00:00,2020-01-11 12:00:00,-30.61565730277778,-27.84349670410154
2020-01-11 15:00:00,2020-01-11 15:00:00,-30.79502486666667,-26.551641845703102
2020-01-11 18:00:00,2020-01-11 18:00:00,-31.20966770277778,-28.19078674316404
2020-01-11 21:00:00,2020-01-11 21:00:00,-31.341336275,-29.708807373046852
2020-01-12 00:00:00,2020-01-12 00:00:00,-31.244207691666663,-30.290380859374977
2020-01-12 03:00:00,2020-01-12 03:00:00,-31.119728252777776,-28.371801757812477
2020-01-12 06:00:00,2020-01-12 06:00:00,-30.633406077777778,-28.66478576660154
2020-01-12 09:00:00,2020-01-12 09:00:00,-30.480300683333336,-29.548483276367165
2020-01-12 12:00:00,2020-01-12 12:00:00,-31.125688780555553,-32.219015502929665
2020-01-12 15:00:00,2020-01-12 15:00:00,-32.07125425,-33.21172180175779
2020-01-12 18:00:00,2020-01-12 18:00:00,-29.7307358,-32.67984619140623
2020-01-12 21:00:00,2020-01-12 21:00:00,-30.85423282777778,-31.646322631835915
2020-01-13 00:00:00,2020-01-13 00:00:00,-29.57999313055556,-30.63774719238279
2020-01-13 03:00:00,2020-01-13 03:00:00,-29.023386891666664,-28.550512695312477
2020-01-13 06:00:00,2020-01-13 06:00:00,-28.411068269444446,-26.418188476562477
2020-01-13 09:00:00,2020-01-13 09:00:00,-27.359071988888886,-25.023519897460915
2020-01-13 12:00:00,2020-01-13 12:00:00,-27.733581399999995,-23.95897521972654
2020-01-13 15:00:00,2020-01-13 15:00:00,-25.680127391666662,-23.385687255859352
2020-01-13 18:00:00,2020-01-13 18:00:00,-23.18887000277778,-22.866064453124977
2020-01-13 21:00:00,2020-01-13 21:00:00,-23.832441097222226,-22.483801269531227
2020-01-14 00:00:00,2020-01-14 00:00:00,-22.933506122222223,-21.67479553222654
2020-01-14 03:00:00,2020-01-14 03:00:00,-23.368793219444445,-21.240240478515602
2020-01-14 06:00:00,2020-01-14 06:00:00,-23.023389130555557,-21.359625244140602
2020-01-14 09:00:00,2020-01-14 09:00:00,-23.50184939722222,-21.609701538085915
2020-01-14 12:00:00,2020-01-14 12:00:00,-23.301028665301317,-21.765341186523415
2020-01-14 15:00:00,2020-01-14 15:00:00,-23.532535025,-21.990682983398415
2020-01-14 18:00:00,2020-01-14 18:00:00,-24.21377708333333,-22.101766967773415
2020-01-14 21:00:00,2020-01-14 21:00:00,-26.82728245,-23.265020751953102
2020-01-15 00:00:00,2020-01-15 00:00:00,-29.05855439166667,-26.15660705566404
2020-01-15 03:00:00,2020-01-15 03:00:00,-28.758608052777777,-26.730062866210915
2020-01-15 06:00:00,2020-01-15 06:00:00,-26.999742124999997,-25.098760986328102
2020-01-15 09:00:00,2020-01-15 09:00:00,-25.439657063888887,-23.784750366210915
2020-01-15 12:00:00,2020-01-15 12:00:00,-26.156780416666663,-26.298971557617165
2020-01-15 15:00:00,2020-01-15 15:00:00,-25.941390780555555,-28.693029785156227
2020-01-15 18:00:00,2020-01-15 18:00:00,-25.323992627777773,-29.114035034179665
2020-01-15 21:00:00,2020-01-15 21:00:00,-24.867055399999998,-27.426214599609352
2020-01-16 00:00:00,2020-01-16 00:00:00,-24.937951969444445,-27.702352905273415
2020-01-16 03:00:00,2020-01-16 03:00:00,-24.9389943,-23.047750854492165
2020-01-16 06:00:00,2020-01-16 06:00:00,-24.369306019444448,-21.506018066406227
2020-01-16 09:00:00,2020-01-16 09:00:00,-25.166347569444444,-21.862142944335915
2020-01-16 12:00:00,2020-01-16 12:00:00,-24.938282591666667,-22.990515136718727
2020-01-16 15:00:00,2020-01-16 15:00:00,-26.217992377777776,-23.55821838378904
2020-01-16 18:00:00,2020-01-16 18:00:00,-25.37941528333333,-23.80748596191404
2020-01-16 21:00:00,2020-01-16 21:00:00,-23.450728650000002,-23.439230346679665
2020-01-17 00:00:00,2020-01-17 00:00:00,-23.26110835,-23.900839233398415
2020-01-17 03:00:00,2020-01-17 03:00:00,-23.31338295,-24.04222717285154
2020-01-17 06:00:00,2020-01-17 06:00:00,-23.09180500277778,-23.105322265624977
2020-01-17 09:00:00,2020-01-17 09:00:00,-23.596285641666665,-22.568243408203102
2020-01-17 12:00:00,2020-01-17 12:00:00,-24.250362233333334,-22.235632324218727
2020-01-17 15:00:00,2020-01-17 15:00:00,-23.41325053888889,-21.680517578124977
2020-01-17 18:00:00,,,
2020-01-17 21:00:00,,,
2020-01-18 00:00:00,,,
2020-01-18 03:00:00,,,
2020-01-18 06:00:00,,,
2020-01-18 09:00:00,,,
2020-01-18 12:00:00,,,
2020-01-18 15:00:00,,,
2020-01-18 18:00:00,,,
2020-01-18 21:00:00,,,
2020-01-19 00:00:00,,,
2020-01-19 03:00:00,,,
2020-01-19 06:00:00,,,
2020-01-19 09:00:00,,,
2020-01-19 12:00:00,2020-01-19 12:00:00,-34.98476326111111,-35.12737121582029
2020-01-19 15:00:00,2020-01-19 15:00:00,-31.962485075000004,-31.947760009765602
2020-01-19 18:00:00,2020-01-19 18:00:00,-29.396088097222222,-29.39818420410154
2020-01-19 21:00:00,2020-01-19 21:00:00,-28.990083280555556,-29.757452392578102
2020-01-20 00:00:00,2020-01-20 00:00:00,-26.837916047222222,-32.25006713867185
2020-01-20 03:00:00,2020-01-20 03:00:00,-27.81470492222222,-35.64615478515623
2020-01-20 06:00:00,2020-01-20 06:00:00,-30.25895328055556,-36.525839233398415
2020-01-20 09:00:00,2020-01-20 09:00:00,-30.88105856666667,-38.19565429687498
2020-01-20 12:00:00,2020-01-20 12:00:00,-30.549553111111113,-37.288900756835915
2020-01-20 15:00:00,2020-01-20 15:00:00,-30.241846066666668,-37.120932006835915
2020-01-20 18:00:00,2020-01-20 18:00:00,-29.33254931666666,-33.4622863769531
2020-01-20 21:00:00,2020-01-20 21:00:00,-30.469319141666663,-36.2733215332031
2020-01-21 00:00:00,2020-01-21 00:00:00,-30.558339980555555,-37.07158508300779
2020-01-21 03:00:00,2020-01-21 03:00:00,-28.495624425,-34.655966186523415
2020-01-21 06:00:00,2020-01-21 06:00:00,-28.07515615,-31.925634765624977
2020-01-21 09:00:00,2020-01-21 09:00:00,-28.677259749999994,-34.013265991210915
2020-01-21 12:00:00,2020-01-21 12:00:00,-29.69872118611111,-35.8336242675781
2020-01-21 15:00:00,2020-01-21 15:00:00,-30.52720723611111,-32.79035034179685
2020-01-21 18:00:00,2020-01-21 18:00:00,-29.556555405555557,-30.161749267578102
2020-01-21 21:00:00,2020-01-21 21:00:00,-28.716530855555558,-31.073034667968727
2020-01-22 00:00:00,2020-01-22 00:00:00,-30.11522105277778,-34.998251342773415
2020-01-22 03:00:00,2020-01-22 03:00:00,-27.949381472222218,-32.66307678222654
2020-01-22 06:00:00,2020-01-22 06:00:00,-29.700059427777777,-30.796530151367165
2020-01-22 09:00:00,2020-01-22 09:00:00,-30.004502669444445,-28.97545471191404
2020-01-22 12:00:00,2020-01-22 12:00:00,-29.46970243611111,-29.80150451660154
2020-01-22 15:00:00,2020-01-22 15:00:00,-28.161013861111105,-28.225790405273415
2020-01-22 18:00:00,2020-01-22 18:00:00,-27.909896341666666,-26.609716796874977
2020-01-22 21:00:00,2020-01-22 21:00:00,-28.10988136388889,-27.19176330566404
2020-01-23 00:00:00,2020-01-23 00:00:00,-28.135068844444447,-27.985433959960915
2020-01-23 03:00:00,2020-01-23 03:00:00,-28.950787563888884,-26.808966064453102
2020-01-23 06:00:00,2020-01-23 06:00:00,-30.571383049999998,-26.95110168457029
2020-01-23 09:00:00,2020-01-23 09:00:00,-30.581588055555553,-25.747457885742165
2020-01-23 12:00:00,2020-01-23 12:00:00,-31.36245078888889,-27.785772705078102
2020-01-23 15:00:00,2020-01-23 15:00:00,-31.31965709166667,-28.568334960937477
2020-01-23 18:00:00,2020-01-23 18:00:00,-31.85452075555556,-27.59105529785154
2020-01-23 21:00:00,2020-01-23 21:00:00,-30.41306320555556,-27.24394836425779
2020-01-24 00:00:00,2020-01-24 00:00:00,-29.255302425,-28.79375305175779
2020-01-24 03:00:00,2020-01-24 03:00:00,-29.88207311111111,-29.754293823242165
2020-01-24 06:00:00,2020-01-24 06:00:00,-30.67633193888889,-30.600958251953102
2020-01-24 09:00:00,2020-01-24 09:00:00,-31.543146872222223,-32.1341613769531
2020-01-24 12:00:00,2020-01-24 12:00:00,-31.630247519444442,-29.611395263671852
2020-01-24 15:00:00,2020-01-24 15:00:00,-30.75444132777778,-29.282659912109352
2020-01-24 18:00:00,2020-01-24 18:00:00,-29.362209247222225,-27.644964599609352
2020-01-24 21:00:00,2020-01-24 21:00:00,-27.497414769444443,-26.774053955078102
2020-01-25 00:00:00,2020-01-25 00:00:00,-25.351804213888887,-25.681494140624977
2020-01-25 03:00:00,2020-01-25 03:00:00,-26.465511980555558,-25.467474365234352
2020-01-25 06:00:00,2020-01-25 06:00:00,-27.592299094444446,-28.177923583984352
2020-01-25 09:00:00,2020-01-25 09:00:00,-30.177415558333337,-30.805136108398415
2020-01-25 12:00:00,2020-01-25 12:00:00,-31.853894380555555,-32.3610900878906
2020-01-25 15:00:00,2020-01-25 15:00:00,-30.309208952777777,-32.022177124023415
2020-01-25 18:00:00,2020-01-25 18:00:00,-28.560639716666667,-30.84575500488279
2020-01-25 21:00:00,2020-01-25 21:00:00,-27.85151516666667,-29.931188964843727
2020-01-26 00:00:00,2020-01-26 00:00:00,-28.715197855555555,-30.446539306640602
2020-01-26 03:00:00,2020-01-26 03:00:00,-28.18063635277777,-31.12584533691404
2020-01-26 06:00:00,2020-01-26 06:00:00,-27.555411499999995,-31.241949462890602
2020-01-26 09:00:00,2020-01-26 09:00:00,-27.1225147,-29.93651428222654
2020-01-26 12:00:00,2020-01-26 12:00:00,-26.69520622222222,-30.171530151367165
2020-01-26 15:00:00,2020-01-26 15:00:00,-25.693819941666664,-29.113592529296852
2020-01-26 18:00:00,2020-01-26 18:00:00,-25.45279995555555,-27.822760009765602
2020-01-26 21:00:00,2020-01-26 21:00:00,-23.269120661111113,-26.303839111328102
2020-01-27 00:00:00,2020-01-27 00:00:00,-22.870693388888892,-24.575384521484352
2020-01-27 03:00:00,2020-01-27 03:00:00,-22.19349700277778,-23.816442871093727
2020-01-27 06:00:00,2020-01-27 06:00:00,-22.279079547222224,-23.642065429687477
2020-01-27 09:00:00,2020-01-27 09:00:00,-22.642492277777777,-23.603231811523415
2020-01-27 12:00:00,2020-01-27 12:00:00,-28.831063677777777,-28.85246887207029
2020-01-27 15:00:00,2020-01-27 15:00:00,-33.536072802777774,-30.730444335937477
2020-01-27 18:00:00,2020-01-27 18:00:00,-34.51859083055556,-31.095617675781227
2020-01-27 21:00:00,2020-01-27 21:00:00,-36.01603184444444,-32.53728332519529
2020-01-28 00:00:00,2020-01-28 00:00:00,-36.181316019444445,-33.17722167968748
2020-01-28 03:00:00,2020-01-28 03:00:00,-36.04023591944445,-35.7888244628906
2020-01-28 06:00:00,2020-01-28 06:00:00,-36.59970040277778,-37.34287109374998
2020-01-28 09:00:00,2020-01-28 09:00:00,-35.966787208333336,-35.10837402343748
2020-01-28 12:00:00,2020-01-28 12:00:00,-34.30727000277778,-32.38715209960935
2020-01-28 15:00:00,2020-01-28 15:00:00,-31.818389383333336,-31.160375976562477
2020-01-28 18:00:00,2020-01-28 18:00:00,-29.03442694722222,-28.478979492187477
2020-01-28 21:00:00,2020-01-28 21:00:00,-27.068670025000003,-27.32359924316404
2020-01-29 00:00:00,2020-01-29 00:00:00,-25.46336635833333,-27.164144897460915
2020-01-29 03:00:00,2020-01-29 03:00:00,-24.361141272222223,-27.671392822265602
2020-01-29 06:00:00,2020-01-29 06:00:00,-23.55519634722222,-28.154028320312477
2020-01-29 09:00:00,2020-01-29 09:00:00,-21.874527797222225,-29.379843139648415
2020-01-29 12:00:00,2020-01-29 12:00:00,-21.87226203333333,-28.860128784179665
2020-01-29 15:00:00,2020-01-29 15:00:00,-22.566758044444445,-27.489385986328102
2020-01-29 18:00:00,2020-01-29 18:00:00,-20.982751736111112,-25.002355957031227
2020-01-29 21:00:00,2020-01-29 21:00:00,-20.908519530555555,-22.373190307617165
2020-01-30 00:00:00,2020-01-30 00:00:00,-19.3592956,-20.30803527832029
2020-01-30 03:00:00,2020-01-30 03:00:00,-16.350165888888885,-17.026205444335915
2020-01-30 06:00:00,2020-01-30 06:00:00,-11.363518083333334,-11.83037414550779
2020-01-30 09:00:00,2020-01-30 09:00:00,-19.746201988888888,-20.88078918457029
2020-01-30 12:00:00,2020-01-30 12:00:00,-23.357012575,-24.433355712890602
2020-01-30 15:00:00,2020-01-30 15:00:00,-30.95817950833333,-28.874761962890602
2020-01-30 18:00:00,2020-01-30 18:00:00,-33.597810708333334,-31.404638671874977
2020-01-30 21:00:00,2020-01-30 21:00:00,-35.287585086111115,-33.151571655273415
2020-01-31 00:00:00,2020-01-31 00:00:00,-36.261483013888885,-34.36405029296873
2020-01-31 03:00:00,2020-01-31 03:00:00,-34.83094706388889,-32.3252014160156
2020-01-31 06:00:00,2020-01-31 06:00:00,-30.261325272222223,-30.831823730468727
2020-01-31 09:00:00,2020-01-31 09:00:00,-27.501318413888885,-28.93993225097654
2020-01-31 12:00:00,2020-01-31 12:00:00,-24.453732780555555,-26.43138732910154
2020-01-31 15:00:00,2020-01-31 15:00:00,-17.550235844444448,-23.362738037109352
2020-01-31 18:00:00,2020-01-31 18:00:00,-14.989217977777777,-16.039205932617165
2020-01-31 21:00:00,2020-01-31 21:00:00,-13.697861866666669,-12.629110717773415
2020-02-01 00:00:00,2020-02-01 00:00:00,-11.96459979722222,-12.438192749023415
2020-02-01 03:00:00,2020-02-01 03:00:00,-23.342251716666667,-26.463217163085915
2020-02-01 06:00:00,2020-02-01 06:00:00,-29.536502449999997,-28.83000793457029
2020-02-01 09:00:00,2020-02-01 09:00:00,-32.46075943333333,-31.041723632812477
2020-02-01 12:00:00,2020-02-01 12:00:00,-34.82633735277778,-33.59128417968748
2020-02-01 15:00:00,2020-02-01 15:00:00,-37.13250292222222,-34.54466857910154
2020-02-01 18:00:00,2020-02-01 18:00:00,-38.00850485277778,-35.89061584472654
2020-02-01 21:00:00,2020-02-01 21:00:00,-38.331688566666664,-37.870870971679665
2020-02-02 00:00:00,2020-02-02 00:00:00,-37.38447144444444,-37.00018920898435
2020-02-02 03:00:00,2020-02-02 03:00:00,-35.7218317,-33.84299316406248
2020-02-02 06:00:00,2020-02-02 06:00:00,-33.77459083333333,-32.329306030273415
2020-02-02 09:00:00,2020-02-02 09:00:00,-32.75618950277778,-31.04997863769529
2020-02-02 12:00:00,2020-02-02 12:00:00,-33.979125008333334,-33.27933349609373
2020-02-02 15:00:00,2020-02-02 15:00:00,-34.735009238888885,-34.64366760253904
2020-02-02 18:00:00,2020-02-02 18:00:00,-34.05952181944445,-34.52123107910154
2020-02-02 21:00:00,2020-02-02 21:00:00,-32.15545437777778,-31.34239807128904
2020-02-03 00:00:00,2020-02-03 00:00:00,-30.297854591666667,-29.032919311523415
2020-02-03 03:00:00,2020-02-03 03:00:00,-28.338038119444445,-26.872137451171852
2020-02-03 06:00:00,2020-02-03 06:00:00,-24.337701322222227,-24.030157470703102
2020-02-03 09:00:00,2020-02-03 09:00:00,-15.17137302222222,-17.431433105468727
2020-02-03 12:00:00,2020-02-03 12:00:00,-16.687708047222223,-16.185919189453102
2020-02-03 15:00:00,2020-02-03 15:00:00,-17.904977680555557,-19.514685058593727
2020-02-03 18:00:00,2020-02-03 18:00:00,-19.287025744444442,-21.310186767578102
2020-02-03 21:00:00,2020-02-03 21:00:00,-19.776529869444445,-22.274252319335915
2020-02-04 00:00:00,2020-02-04 00:00:00,-20.80477471388889,-22.98522033691404
2020-02-04 03:00:00,2020-02-04 03:00:00,-22.789489125000003,-26.044577026367165
2020-02-04 06:00:00,2020-02-04 06:00:00,-25.894130964484123,-30.105383300781227
2020-02-04 09:00:00,2020-02-04 09:00:00,-27.95580976111111,-31.885687255859352
2020-02-04 12:00:00,2020-02-04 12:00:00,-28.661807066666668,-33.9440979003906
2020-02-04 15:00:00,2020-02-04 15:00:00,-28.79351615833333,-34.90119018554685
2020-02-04 18:00:00,2020-02-04 18:00:00,-29.11106153611111,-35.717794799804665
2020-02-04 21:00:00,2020-02-04 21:00:00,-28.774064683333336,-35.14484252929685
2020-02-05 00:00:00,2020-02-05 00:00:00,-28.05322625833333,-34.380209350585915
2020-02-05 03:00:00,2020-02-05 03:00:00,-27.702683322222224,-33.96414794921873
2020-02-05 06:00:00,2020-02-05 06:00:00,-25.24099943888889,-34.886495971679665
2020-02-05 09:00:00,2020-02-05 09:00:00,-27.895222047222223,-35.51425781249998
2020-02-05 12:00:00,2020-02-05 12:00:00,-29.13250635833334,-36.409872436523415
2020-02-05 15:00:00,2020-02-05 15:00:00,-26.281792927777776,-33.12790527343748
2020-02-05 18:00:00,2020-02-05 18:00:00,-26.33091518333333,-29.686361694335915
2020-02-05 21:00:00,2020-02-05 21:00:00,-28.553516169444446,-28.968237304687477
2020-02-06 00:00:00,2020-02-06 00:00:00,-28.936089850000002,-33.19432678222654
2020-02-06 03:00:00,2020-02-06 03:00:00,-27.617953072222225,-32.298605346679665
2020-02-06 06:00:00,2020-02-06 06:00:00,-23.06933878888889,-27.81773986816404
2020-02-06 09:00:00,2020-02-06 09:00:00,-19.082117397222223,-23.505148315429665
2020-02-06 12:00:00,2020-02-06 12:00:00,-20.563519647222222,-22.90074768066404
2020-02-06 15:00:00,2020-02-06 15:00:00,-21.072039944444445,-22.678671264648415
2020-02-06 18:00:00,2020-02-06 18:00:00,-21.95198805,-22.425360107421852
2020-02-06 21:00:00,2020-02-06 21:00:00,-22.55191155277778,-22.310247802734352
2020-02-07 00:00:00,2020-02-07 00:00:00,-26.03192348888889,-22.629598999023415
2020-02-07 03:00:00,2020-02-07 03:00:00,-28.056298988888887,-23.140753173828102
2020-02-07 06:00:00,2020-02-07 06:00:00,-29.910020725,-23.926657104492165
2020-02-07 09:00:00,2020-02-07 09:00:00,-31.010023766666666,-24.286642456054665
2020-02-07 12:00:00,2020-02-07 12:00:00,-30.79677285,-25.835882568359352
2020-02-07 15:00:00,2020-02-07 15:00:00,-31.850950077777778,-27.958837890624977
2020-02-07 18:00:00,2020-02-07 18:00:00,-32.04831653333333,-31.43761291503904
2020-02-07 21:00:00,2020-02-07 21:00:00,-32.33290923888888,-33.120504760742165
2020-02-08 00:00:00,2020-02-08 00:00:00,-32.59908013333333,-35.45975341796873
2020-02-08 03:00:00,2020-02-08 03:00:00,-32.61645915555556,-36.2204650878906
2020-02-08 06:00:00,2020-02-08 06:00:00,-31.80652030555555,-35.966574096679665
2020-02-08 09:00:00,2020-02-08 09:00:00,-31.386236699999998,-35.53168334960935
2020-02-08 12:00:00,2020-02-08 12:00:00,-28.466724791666667,-30.47661437988279
2020-02-08 15:00:00,2020-02-08 15:00:00,-24.81836114444445,-26.658346557617165
2020-02-08 18:00:00,2020-02-08 18:00:00,-26.128011902777775,-24.891317749023415
2020-02-08 21:00:00,2020-02-08 21:00:00,-25.983523580555556,-24.948645019531227
2020-02-09 00:00:00,2020-02-09 00:00:00,-26.558506658333332,-25.925375366210915
2020-02-09 03:00:00,2020-02-09 03:00:00,-26.69273191388889,-27.32445373535154
2020-02-09 06:00:00,2020-02-09 06:00:00,-27.454518833333328,-27.967535400390602
2020-02-09 09:00:00,2020-02-09 09:00:00,-28.925101072222223,-28.217443847656227
2020-02-09 12:00:00,2020-02-09 12:00:00,-30.28781299444444,-31.001531982421852
2020-02-09 15:00:00,2020-02-09 15:00:00,-30.690843394444446,-32.13304748535154
2020-02-09 18:00:00,2020-02-09 18:00:00,-29.47642821111111,-32.09020080566404
2020-02-09 21:00:00,2020-02-09 21:00:00,-29.067405761111107,-32.78612365722654
2020-02-10 00:00:00,2020-02-10 00:00:00,-27.171807358333336,-32.329611206054665
2020-02-10 03:00:00,2020-02-10 03:00:00,-27.274455375000002,-31.269903564453102
2020-02-10 06:00:00,2020-02-10 06:00:00,-25.47425398333333,-30.460333251953102
2020-02-10 09:00:00,2020-02-10 09:00:00,-26.03152778611111,-28.931524658203102
2020-02-10 12:00:00,2020-02-10 12:00:00,-26.227957,-24.55248107910154
2020-02-10 15:00:00,2020-02-10 15:00:00,-27.329169494444443,-23.789190673828102
2020-02-10 18:00:00,2020-02-10 18:00:00,-28.436190572222227,-27.212728881835915
2020-02-10 21:00:00,2020-02-10 21:00:00,-30.822395944444448,-32.54314270019529
2020-02-11 00:00:00,2020-02-11 00:00:00,-31.716239519444446,-35.411093139648415
2020-02-11 03:00:00,2020-02-11 03:00:00,-32.292314516666664,-36.72649230957029
2020-02-11 06:00:00,2020-02-11 06:00:00,-30.93410104166667,-37.11748352050779
2020-02-11 09:00:00,2020-02-11 09:00:00,-30.966253547222223,-37.55173339843748
2020-02-11 12:00:00,2020-02-11 12:00:00,-31.843915322222227,-37.39629211425779
2020-02-11 15:00:00,2020-02-11 15:00:00,-32.91532825555556,-38.2089904785156
2020-02-11 18:00:00,2020-02-11 18:00:00,-33.05352268888888,-38.04523315429685
2020-02-11 21:00:00,2020-02-11 21:00:00,-31.999585047222226,-36.14792480468748
2020-02-12 00:00:00,2020-02-12 00:00:00,-31.883199497222222,-33.9982971191406
2020-02-12 03:00:00,2020-02-12 03:00:00,-32.258425052777774,-34.44388427734373
2020-02-12 06:00:00,2020-02-12 06:00:00,-32.50592012777778,-35.08202209472654
2020-02-12 09:00:00,2020-02-12 09:00:00,-32.23693041111111,-35.02994384765623
2020-02-12 12:00:00,2020-02-12 12:00:00,-31.71968817777778,-34.203817749023415
2020-02-12 15:00:00,2020-02-12 15:00:00,-30.112914158333336,-33.276083374023415
2020-02-12 18:00:00,2020-02-12 18:00:00,-29.16308539722222,-31.946493530273415
2020-02-12 21:00:00,2020-02-12 21:00:00,-29.05046577222222,-31.520346069335915
2020-02-13 00:00:00,2020-02-13 00:00:00,-29.209648016666666,-31.929907226562477
2020-02-13 03:00:00,2020-02-13 03:00:00,-28.93659546111111,-31.76048889160154
2020-02-13 06:00:00,,,
2020-02-13 09:00:00,2020-02-13 09:00:00,-28.94290645833333,-31.62767639160154
2020-02-13 12:00:00,2020-02-13 12:00:00,-28.791389438888885,-31.34258117675779
2020-02-13 15:00:00,2020-02-13 15:00:00,-28.38268773333333,-30.264013671874977
2020-02-13 18:00:00,2020-02-13 18:00:00,-26.883569816666665,-28.802252197265602
2020-02-13 21:00:00,2020-02-13 21:00:00,-25.792603063888887,-27.34703674316404
2020-02-14 00:00:00,2020-02-14 00:00:00,-24.119970266666666,-25.539160156249977
2020-02-14 03:00:00,2020-02-14 03:00:00,-21.979277313888886,-23.79472961425779
2020-02-14 06:00:00,2020-02-14 06:00:00,-20.316777394444443,-21.422445678710915
2020-02-14 09:00:00,2020-02-14 09:00:00,-19.36893173333333,-18.189367675781227
2020-02-14 12:00:00,2020-02-14 12:00:00,-19.613135219444445,-16.512609863281227
2020-02-14 15:00:00,2020-02-14 15:00:00,-20.871190447222222,-20.13689270019529
2020-02-14 18:00:00,2020-02-14 18:00:00,-30.314362736111107,-26.71690979003904
2020-02-14 21:00:00,2020-02-14 21:00:00,-34.479100916666674,-31.503515624999977
2020-02-15 00:00:00,2020-02-15 00:00:00,-36.21356289999999,-35.2647766113281
2020-02-15 03:00:00,2020-02-15 03:00:00,-36.55874567222222,-35.8601135253906
2020-02-15 06:00:00,2020-02-15 06:00:00,-37.90501085277778,-36.34361877441404
2020-02-15 09:00:00,2020-02-15 09:00:00,-38.39132617777778,-36.27274169921873
2020-02-15 12:00:00,2020-02-15 12:00:00,-37.618260177777785,-36.88548889160154
2020-02-15 15:00:00,2020-02-15 15:00:00,-37.91657016944445,-35.53020324707029
2020-02-15 18:00:00,2020-02-15 18:00:00,-39.47810744722222,-37.06784667968748
2020-02-15 21:00:00,2020-02-15 21:00:00,-38.465978566666664,-37.05492248535154
2020-02-16 00:00:00,2020-02-16 00:00:00,-38.96809451111111,-37.97405090332029
2020-02-16 03:00:00,2020-02-16 03:00:00,-38.16311629999999,-37.02414550781248
2020-02-16 06:00:00,2020-02-16 06:00:00,-32.861997800000005,-33.28867187499998
2020-02-16 09:00:00,2020-02-16 09:00:00,-27.100747458333334,-30.561437988281227
2020-02-16 12:00:00,2020-02-16 12:00:00,-25.68134712777778,-31.62492980957029
2020-02-16 15:00:00,2020-02-16 15:00:00,-26.043748208333337,-29.037634277343727
2020-02-16 18:00:00,2020-02-16 18:00:00,-29.43701819722222,-29.962774658203102
2020-02-16 21:00:00,2020-02-16 21:00:00,-28.960596122222224,-29.923498535156227
2020-02-17 00:00:00,2020-02-17 00:00:00,-28.294726055555557,-31.098455810546852
2020-02-17 03:00:00,2020-02-17 03:00:00,-29.83778,-33.29804077148435
2020-02-17 06:00:00,2020-02-17 06:00:00,-32.25838987222223,-34.39850463867185
2020-02-17 09:00:00,2020-02-17 09:00:00,-33.84176405833333,-35.30536499023435
2020-02-17 12:00:00,2020-02-17 12:00:00,-33.732408061111116,-35.535543823242165
2020-02-17 15:00:00,2020-02-17 15:00:00,-32.922749647222226,-33.82066955566404
2020-02-17 18:00:00,2020-02-17 18:00:00,-28.728100363888895,-30.553366088867165
2020-02-17 21:00:00,2020-02-17 21:00:00,-30.438111272222226,-28.452597045898415
2020-02-18 00:00:00,2020-02-18 00:00:00,-32.12133281388889,-27.44414367675779
2020-02-18 03:00:00,2020-02-18 03:00:00,-31.529040766666668,-25.925268554687477
2020-02-18 06:00:00,2020-02-18 06:00:00,-28.613095144444443,-25.911230468749977
2020-02-18 09:00:00,2020-02-18 09:00:00,-23.36840684444444,-24.482702636718727
2020-02-18 12:00:00,2020-02-18 12:00:00,-19.583250625,-20.82787170410154
2020-02-18 15:00:00,2020-02-18 15:00:00,-16.766753488888888,-18.296270751953102
2020-02-18 18:00:00,2020-02-18 18:00:00,-13.848736188888887,-16.928488159179665
2020-02-18 21:00:00,2020-02-18 21:00:00,-13.283491469444444,-14.547872924804665
2020-02-19 00:00:00,2020-02-19 00:00:00,-13.946683208333333,-13.450765991210915
2020-02-19 03:00:00,2020-02-19 03:00:00,-13.489265622222222,-13.859045410156227
2020-02-19 06:00:00,2020-02-19 06:00:00,-12.789083872222223,-13.48613586425779
2020-02-19 09:00:00,2020-02-19 09:00:00,-13.901144569444442,-14.01036682128904
2020-02-19 12:00:00,2020-02-19 12:00:00,-14.617356666666666,-13.948461914062477
2020-02-19 15:00:00,2020-02-19 15:00:00,-14.06148338888889,-13.149847412109352
2020-02-19 18:00:00,2020-02-19 18:00:00,-13.094726247222221,-12.350012207031227
2020-02-19 21:00:00,2020-02-19 21:00:00,-13.3364718,-11.243978881835915
2020-02-20 00:00:00,2020-02-20 00:00:00,-11.93265658611111,-10.498541259765602
2020-02-20 03:00:00,2020-02-20 03:00:00,-11.662256605555555,-10.413305664062477
2020-02-20 06:00:00,2020-02-20 06:00:00,-11.788106997222222,-9.98222961425779
2020-02-20 09:00:00,2020-02-20 09:00:00,-11.229693297222225,-9.888739013671852
2020-02-20 12:00:00,2020-02-20 12:00:00,-10.85794548888889,-9.60576477050779
2020-02-20 15:00:00,2020-02-20 15:00:00,-11.88194291111111,-9.093817138671852
2020-02-20 18:00:00,2020-02-20 18:00:00,-16.50809533888889,-17.63445129394529
2020-02-20 21:00:00,2020-02-20 21:00:00,-21.48444580277778,-21.64891662597654
2020-02-21 00:00:00,2020-02-21 00:00:00,-17.808694344444444,-19.112509155273415
2020-02-21 03:00:00,2020-02-21 03:00:00,-16.287477294444447,-16.04009094238279
2020-02-21 06:00:00,2020-02-21 06:00:00,-19.423507311111113,-16.714300537109352
2020-02-21 09:00:00,2020-02-21 09:00:00,-20.076881397222223,-17.913702392578102
2020-02-21 12:00:00,2020-02-21 12:00:00,-20.532250022222225,-17.741522216796852
2020-02-21 15:00:00,2020-02-21 15:00:00,-20.593611880555553,-17.595495605468727
2020-02-21 18:00:00,2020-02-21 18:00:00,-20.950868655555556,-17.688497924804665
2020-02-21 21:00:00,2020-02-21 21:00:00,-20.015548155555553,-17.731222534179665
2020-02-22 00:00:00,2020-02-22 00:00:00,-19.953715338888887,-18.100134277343727
2020-02-22 03:00:00,2020-02-22 03:00:00,-19.925151402777775,-18.935217285156227
2020-02-22 06:00:00,2020-02-22 06:00:00,-19.984559777777775,-19.636999511718727
2020-02-22 09:00:00,2020-02-22 09:00:00,-21.581700650000002,-19.601828002929665
2020-02-22 12:00:00,2020-02-22 12:00:00,-20.997661569444446,-19.82341613769529
2020-02-22 15:00:00,2020-02-22 15:00:00,-23.555621205555553,-20.27409973144529
2020-02-22 18:00:00,2020-02-22 18:00:00,-16.731568425000003,-20.799993896484352
2020-02-22 21:00:00,2020-02-22 21:00:00,-16.644251297222223,-20.50340881347654
2020-02-23 00:00:00,2020-02-23 00:00:00,-18.307632330555553,-19.712286376953102
2020-02-23 03:00:00,2020-02-23 03:00:00,-16.901946272222222,-19.451147460937477
2020-02-23 06:00:00,2020-02-23 06:00:00,-15.81283395833333,-19.347860717773415
2020-02-23 09:00:00,2020-02-23 09:00:00,-16.256090830555557,-18.596090698242165
2020-02-23 12:00:00,2020-02-23 12:00:00,-18.104152580555553,-19.059469604492165
2020-02-23 15:00:00,2020-02-23 15:00:00,-20.53519863888889,-22.779638671874977
2020-02-23 18:00:00,2020-02-23 18:00:00,-22.391386683333334,-23.766867065429665
2020-02-23 21:00:00,2020-02-23 21:00:00,-23.360433925,-26.98192443847654
2020-02-24 00:00:00,2020-02-24 00:00:00,-24.592551241666666,-27.705358886718727
2020-02-24 03:00:00,2020-02-24 03:00:00,-26.030340149999997,-28.151190185546852
2020-02-24 06:00:00,2020-02-24 06:00:00,-24.74347709722222,-27.81328430175779
2020-02-24 09:00:00,2020-02-24 09:00:00,-24.08091435277778,-25.635107421874977
2020-02-24 12:00:00,2020-02-24 12:00:00,-23.768070455555556,-24.02196350097654
2020-02-24 15:00:00,2020-02-24 15:00:00,-23.493357588888887,-23.629827880859352
2020-02-24 18:00:00,2020-02-24 18:00:00,-22.54771566388889,-22.950033569335915
2020-02-24 21:00:00,2020-02-24 21:00:00,-21.917703594444443,-22.004904174804665
2020-02-25 00:00:00,2020-02-25 00:00:00,-22.369170558333334,-21.639959716796852
2020-02-25 03:00:00,2020-02-25 03:00:00,-21.32931002777778,-20.955404663085915
2020-02-25 06:00:00,2020-02-25 06:00:00,-21.078482205555556,-20.543737792968727
2020-02-25 09:00:00,2020-02-25 09:00:00,-22.13371010277778,-21.871969604492165
2020-02-25 12:00:00,2020-02-25 12:00:00,-23.318612927777778,-24.136190795898415
2020-02-25 15:00:00,2020-02-25 15:00:00,-23.995919919444447,-25.547369384765602
2020-02-25 18:00:00,2020-02-25 18:00:00,-24.760357316666667,-26.622946166992165
2020-02-25 21:00:00,2020-02-25 21:00:00,-25.594243133333336,-27.160162353515602
2020-02-26 00:00:00,2020-02-26 00:00:00,-25.83401577777778,-28.474493408203102
2020-02-26 03:00:00,2020-02-26 03:00:00,-26.318074902777777,-27.821386718749977
2020-02-26 06:00:00,2020-02-26 06:00:00,-26.38507315,-28.341192626953102
2020-02-26 09:00:00,2020-02-26 09:00:00,-26.245231466666667,-28.679663085937477
2020-02-26 12:00:00,2020-02-26 12:00:00,-27.14736939166667,-29.229711914062477
2020-02-26 15:00:00,2020-02-26 15:00:00,-28.773307977777776,-30.94310607910154
2020-02-26 18:00:00,2020-02-26 18:00:00,-29.556976694444444,-32.093466186523415
2020-02-26 21:00:00,2020-02-26 21:00:00,-29.408807616666667,-33.270346069335915
2020-02-27 00:00:00,2020-02-27 00:00:00,-28.650844249999995,-34.06162109374998
2020-02-27 03:00:00,2020-02-27 03:00:00,-29.468989516666667,-35.18919982910154
2020-02-27 06:00:00,2020-02-27 06:00:00,-30.38232051944445,-34.44359436035154
2020-02-27 09:00:00,2020-02-27 09:00:00,-31.813841480555556,-34.05744018554685
2020-02-27 12:00:00,2020-02-27 12:00:00,-31.941131725,-33.803427124023415
2020-02-27 15:00:00,2020-02-27 15:00:00,-32.27701353055556,-33.866293334960915
2020-02-27 18:00:00,2020-02-27 18:00:00,-32.699391419444446,-34.1908020019531
2020-02-27 21:00:00,2020-02-27 21:00:00,-33.542301765018834,-33.71404113769529
2020-02-28 00:00:00,2020-02-28 00:00:00,-34.40645891111111,-33.38083496093748
2020-02-28 03:00:00,2020-02-28 03:00:00,-35.508714375000004,-35.17999877929685
2020-02-28 06:00:00,2020-02-28 06:00:00,-36.09719090833334,-36.35233154296873
2020-02-28 09:00:00,2020-02-28 09:00:00,-36.06642345277778,-37.19235839843748
2020-02-28 12:00:00,2020-02-28 12:00:00,-36.363792297222226,-36.1839660644531
2020-02-28 15:00:00,2020-02-28 15:00:00,-36.73058370277777,-35.8642639160156
2020-02-28 18:00:00,2020-02-28 18:00:00,-36.837014775,-36.831686401367165
2020-02-28 21:00:00,2020-02-28 21:00:00,-36.73361460555555,-37.47574462890623
2020-02-29 00:00:00,,,
2020-02-29 03:00:00,,,
2020-02-29 06:00:00,,,
2020-02-29 09:00:00,,,
2020-02-29 12:00:00,,,
2020-02-29 15:00:00,,,
2020-02-29 18:00:00,,,
2020-02-29 21:00:00,,,
2020-03-01 00:00:00,2020-03-01 00:00:00,-38.25469705277778,-34.57102050781248
2020-03-01 03:00:00,2020-03-01 03:00:00,-37.67859635,-36.0188049316406
2020-03-01 06:00:00,2020-03-01 06:00:00,-37.65615631111111,-35.0333312988281
2020-03-01 09:00:00,2020-03-01 09:00:00,-38.316724463888896,-32.648580932617165
2020-03-01 12:00:00,2020-03-01 12:00:00,-38.13097124722222,-31.473120117187477
2020-03-01 15:00:00,2020-03-01 15:00:00,-38.14100925,-32.4041809082031
2020-03-01 18:00:00,2020-03-01 18:00:00,-38.17340228055556,-31.339498901367165
2020-03-01 21:00:00,2020-03-01 21:00:00,-38.230255436111115,-30.993246459960915
2020-03-02 00:00:00,2020-03-02 00:00:00,-38.222186272222224,-31.08672180175779
2020-03-02 03:00:00,2020-03-02 03:00:00,-38.63574409722222,-33.0052551269531
2020-03-02 06:00:00,2020-03-02 06:00:00,-37.81902096666667,-32.72104492187498
2020-03-02 09:00:00,2020-03-02 09:00:00,-38.01060489166667,-32.34195556640623
2020-03-02 12:00:00,2020-03-02 12:00:00,-38.28298586944445,-30.398275756835915
2020-03-02 15:00:00,2020-03-02 15:00:00,-37.83912504166667,-29.776647949218727
2020-03-02 18:00:00,2020-03-02 18:00:00,-37.29337684444444,-29.807226562499977
2020-03-02 21:00:00,2020-03-02 21:00:00,-36.77924736111111,-29.731237792968727
2020-03-03 00:00:00,2020-03-03 00:00:00,-36.38827306666666,-30.245764160156227
2020-03-03 03:00:00,2020-03-03 03:00:00,-36.96777521111111,-32.47093811035154
2020-03-03 06:00:00,2020-03-03 06:00:00,-38.97383431388889,-33.3061584472656
2020-03-03 09:00:00,2020-03-03 09:00:00,-39.87361515277778,-33.493734741210915
2020-03-03 12:00:00,2020-03-03 12:00:00,-40.444719563888896,-33.697470092773415
2020-03-03 15:00:00,2020-03-03 15:00:00,-41.24141627777778,-36.11833801269529
2020-03-03 18:00:00,2020-03-03 18:00:00,-41.51216866666666,-38.28117980957029
2020-03-03 21:00:00,2020-03-03 21:00:00,-41.023470716666665,-39.91789855957029
2020-03-04 00:00:00,2020-03-04 00:00:00,-41.798725230555554,-40.229208374023415
2020-03-04 03:00:00,2020-03-04 03:00:00,-41.38476485,-39.46958007812498
2020-03-04 06:00:00,2020-03-04 06:00:00,-41.16351886388889,-38.33769836425779
2020-03-04 09:00:00,2020-03-04 09:00:00,-40.72970311388889,-37.20567932128904
2020-03-04 12:00:00,2020-03-04 12:00:00,-40.39862666666667,-35.322775268554665
2020-03-04 15:00:00,2020-03-04 15:00:00,-39.621705927777775,-35.29959716796873
2020-03-04 18:00:00,2020-03-04 18:00:00,-39.31877565277778,-36.53067626953123
2020-03-04 21:00:00,2020-03-04 21:00:00,-39.05115241944444,-36.6545471191406
2020-03-05 00:00:00,2020-03-05 00:00:00,-38.59263732777777,-37.12554016113279
2020-03-05 03:00:00,2020-03-05 03:00:00,-39.16744238611111,-36.97931518554685
2020-03-05 06:00:00,2020-03-05 06:00:00,-39.53240059444445,-36.7747863769531
2020-03-05 09:00:00,2020-03-05 09:00:00,-40.02969186111111,-39.55966796874998
2020-03-05 12:00:00,2020-03-05 12:00:00,-40.32351824166667,-41.18427124023435
2020-03-05 15:00:00,2020-03-05 15:00:00,-39.73323886111111,-42.573995971679665
2020-03-05 18:00:00,2020-03-05 18:00:00,-40.209014858333326,-41.495382690429665
2020-03-05 21:00:00,2020-03-05 21:00:00,-38.98901816111111,-40.55838623046873
2020-03-06 00:00:00,2020-03-06 00:00:00,-38.015934277777774,-40.842367553710915
2020-03-06 03:00:00,2020-03-06 03:00:00,-34.59014764444444,-36.25083007812498
2020-03-06 06:00:00,2020-03-06 06:00:00,-31.00587715,-32.516195678710915
2020-03-06 09:00:00,2020-03-06 09:00:00,-29.518290655555557,-30.575109863281227
2020-03-06 12:00:00,2020-03-06 12:00:00,-28.304523005555552,-29.380819702148415
2020-03-06 15:00:00,2020-03-06 15:00:00,-29.216830455555556,-29.149206542968727
2020-03-06 18:00:00,2020-03-06 18:00:00,-29.425461858333332,-28.612127685546852
2020-03-06 21:00:00,2020-03-06 21:00:00,-29.366729861111114,-28.025701904296852
2020-03-07 00:00:00,2020-03-07 00:00:00,-29.4268138,-27.949850463867165
2020-03-07 03:00:00,2020-03-07 03:00:00,-28.64259367777778,-28.101446533203102
2020-03-07 06:00:00,2020-03-07 06:00:00,-28.456707922222222,-28.324255371093727
2020-03-07 09:00:00,2020-03-07 09:00:00,-28.842024541666664,-28.585226440429665
2020-03-07 12:00:00,2020-03-07 12:00:00,-28.353395213888888,-28.745138549804665
2020-03-07 15:00:00,2020-03-07 15:00:00,-27.402737072222223,-29.192037963867165
2020-03-07 18:00:00,2020-03-07 18:00:00,-27.01600690277778,-28.67485656738279
2020-03-07 21:00:00,2020-03-07 21:00:00,-26.831070258333327,-27.871405029296852
2020-03-08 00:00:00,2020-03-08 00:00:00,-27.104749111111108,-27.764181518554665
2020-03-08 03:00:00,2020-03-08 03:00:00,-27.905114197222222,-27.732855224609352
2020-03-08 06:00:00,2020-03-08 06:00:00,-29.249624941666667,-28.870001220703102
2020-03-08 09:00:00,2020-03-08 09:00:00,-32.2521802,-30.147955322265602
2020-03-08 12:00:00,2020-03-08 12:00:00,-33.699074452777786,-31.08641662597654
2020-03-08 15:00:00,2020-03-08 15:00:00,-34.02317545,-31.72881164550779
2020-03-08 18:00:00,2020-03-08 18:00:00,-35.25227181944445,-32.87193908691404
2020-03-08 21:00:00,2020-03-08 21:00:00,-36.036158275,-32.334494018554665
2020-03-09 00:00:00,2020-03-09 00:00:00,-37.14177123333334,-31.796087646484352
2020-03-09 03:00:00,2020-03-09 03:00:00,-37.353146263888895,-31.707907104492165
2020-03-09 06:00:00,2020-03-09 06:00:00,-37.184199952777774,-32.413778686523415
2020-03-09 09:00:00,2020-03-09 09:00:00,-37.145940438888886,-33.138388061523415
2020-03-09 12:00:00,2020-03-09 12:00:00,-37.61629611944445,-33.09807434082029
2020-03-09 15:00:00,2020-03-09 15:00:00,-37.696876127777784,-32.96030273437498
2020-03-09 18:00:00,2020-03-09 18:00:00,-37.45328115277777,-32.9256652832031
2020-03-09 21:00:00,2020-03-09 21:00:00,-37.735313725,-32.64800109863279
2020-03-10 00:00:00,2020-03-10 00:00:00,-38.03219478333333,-32.51218261718748
2020-03-10 03:00:00,2020-03-10 03:00:00,-38.118423658333334,-32.42270507812498
2020-03-10 06:00:00,2020-03-10 06:00:00,-39.03489484166666,-32.23224487304685
2020-03-10 09:00:00,2020-03-10 09:00:00,-39.406058494444444,-31.92076721191404
2020-03-10 12:00:00,2020-03-10 12:00:00,-38.96135302222222,-31.51140441894529
2020-03-10 15:00:00,2020-03-10 15:00:00,-38.39502168888888,-30.756979370117165
2020-03-10 18:00:00,2020-03-10 18:00:00,-38.23613430555556,-29.686773681640602
2020-03-10 21:00:00,2020-03-10 21:00:00,-37.65039096388889,-27.981451416015602
2020-03-11 00:00:00,2020-03-11 00:00:00,-34.95245305277778,-27.05315246582029
2020-03-11 03:00:00,2020-03-11 03:00:00,-37.28141176388888,-27.374151611328102
2020-03-11 06:00:00,2020-03-11 06:00:00,-37.28736212222222,-28.603643798828102
2020-03-11 09:00:00,2020-03-11 09:00:00,-35.932459019444444,-28.477270507812477
2020-03-11 12:00:00,2020-03-11 12:00:00,-30.69911046388889,-25.138571166992165
2020-03-11 15:00:00,,,
2020-03-11 18:00:00,,,
2020-03-11 21:00:00,,,
2020-03-12 00:00:00,,,
2020-03-12 03:00:00,,,
2020-03-12 06:00:00,,,
2020-03-12 09:00:00,2020-03-12 09:00:00,-28.2113504375,-26.067526245117165
2020-03-12 12:00:00,2020-03-12 12:00:00,-26.323483063888887,-25.390539550781227
2020-03-12 15:00:00,2020-03-12 15:00:00,-25.808745266666666,-24.589178466796852
2020-03-12 18:00:00,2020-03-12 18:00:00,-27.219985955555554,-24.44255676269529
2020-03-12 21:00:00,2020-03-12 21:00:00,-28.122658472222223,-24.592596435546852
2020-03-13 00:00:00,2020-03-13 00:00:00,-28.856453983333335,-26.392126464843727
2020-03-13 03:00:00,,,
2020-03-13 06:00:00,,,
2020-03-13 09:00:00,,,
2020-03-13 12:00:00,,,
2020-03-13 15:00:00,,,
2020-03-13 18:00:00,,,
2020-03-13 21:00:00,,,
2020-03-14 00:00:00,,,
2020-03-14 03:00:00,,,
2020-03-14 06:00:00,,,
2020-03-14 09:00:00,2020-03-14 09:00:00,-25.28805595,-18.62554016113279
2020-03-14 12:00:00,2020-03-14 12:00:00,-27.638085344444445,-20.319586181640602
2020-03-14 15:00:00,2020-03-14 15:00:00,-25.859214075,-26.971640014648415
2020-03-14 18:00:00,2020-03-14 18:00:00,-29.459847544444447,-26.107000732421852
2020-03-14 21:00:00,2020-03-14 21:00:00,-33.003131958333334,-28.380926513671852
2020-03-15 00:00:00,2020-03-15 00:00:00,-32.24186461666667,-29.287191772460915
2020-03-15 03:00:00,2020-03-15 03:00:00,-28.100308413888893,-25.473242187499977
2020-03-15 06:00:00,2020-03-15 06:00:00,-23.221528305555555,-21.09355773925779
2020-03-15 09:00:00,2020-03-15 09:00:00,-19.85063943333333,-17.936972045898415
2020-03-15 12:00:00,2020-03-15 12:00:00,-20.293698983333332,-18.897055053710915
2020-03-15 15:00:00,2020-03-15 15:00:00,-21.263589377777777,-20.710653686523415
2020-03-15 18:00:00,2020-03-15 18:00:00,-23.50640462222222,-23.976217651367165
2020-03-15 21:00:00,2020-03-15 21:00:00,-24.430267091666664,-23.68645324707029
2020-03-16 00:00:00,2020-03-16 00:00:00,-24.877413913888887,-23.833258056640602
2020-03-16 03:00:00,2020-03-16 03:00:00,-24.91535149444444,-22.29289855957029
2020-03-16 06:00:00,2020-03-16 06:00:00,-25.024826869444443,-22.314703369140602
2020-03-16 09:00:00,2020-03-16 09:00:00,-25.932857761111112,-22.995184326171852
2020-03-16 12:00:00,2020-03-16 12:00:00,-26.680907438888894,-23.907446289062477
2020-03-16 15:00:00,2020-03-16 15:00:00,-26.805729063888887,-25.531591796874977
2020-03-16 18:00:00,2020-03-16 18:00:00,-27.775682086111114,-26.325781249999977
2020-03-16 21:00:00,2020-03-16 21:00:00,-28.455978461111112,-25.498434448242165
2020-03-17 00:00:00,2020-03-17 00:00:00,-29.141747080555557,-24.930670166015602
2020-03-17 03:00:00,2020-03-17 03:00:00,-29.71953265,-25.35777893066404
2020-03-17 06:00:00,2020-03-17 06:00:00,-29.247355019444445,-24.268927001953102
2020-03-17 09:00:00,2020-03-17 09:00:00,-28.721918016666663,-24.157873535156227
2020-03-17 12:00:00,2020-03-17 12:00:00,-29.349747252777775,-23.229818725585915
2020-03-17 15:00:00,2020-03-17 15:00:00,-30.664469363888884,-22.712316894531227
2020-03-17 18:00:00,2020-03-17 18:00:00,-30.97473532777778,-23.407812499999977
2020-03-17 21:00:00,2020-03-17 21:00:00,-30.984357083333332,-23.550604248046852
2020-03-18 00:00:00,2020-03-18 00:00:00,-31.858598677777774,-24.272955322265602
2020-03-18 03:00:00,2020-03-18 03:00:00,-32.692075466666665,-24.927267456054665
2020-03-18 06:00:00,2020-03-18 06:00:00,-30.68063226111111,-25.667929077148415
2020-03-18 09:00:00,2020-03-18 09:00:00,-30.98263950833333,-25.153784179687477
2020-03-18 12:00:00,2020-03-18 12:00:00,-30.953460888888888,-26.59093322753904
2020-03-18 15:00:00,2020-03-18 15:00:00,-29.97658357222222,-24.221762084960915
2020-03-18 18:00:00,2020-03-18 18:00:00,-29.307207719444445,-23.571508789062477
2020-03-18 21:00:00,2020-03-18 21:00:00,-25.51528408611111,-23.212896728515602
2020-03-19 00:00:00,2020-03-19 00:00:00,-25.229350177777775,-21.84844055175779
2020-03-19 03:00:00,2020-03-19 03:00:00,-24.073543158333333,-21.955755615234352
2020-03-19 06:00:00,2020-03-19 06:00:00,-24.636178447222225,-22.306112670898415
2020-03-19 09:00:00,2020-03-19 09:00:00,-23.664036272222223,-21.707220458984352
2020-03-19 12:00:00,2020-03-19 12:00:00,-22.259462302777777,-20.54143371582029
2020-03-19 15:00:00,2020-03-19 15:00:00,-22.91613816944444,-20.065756225585915
2020-03-19 18:00:00,2020-03-19 18:00:00,-22.958037102777777,-20.347753906249977
2020-03-19 21:00:00,2020-03-19 21:00:00,-23.35764680277778,-20.406332397460915
2020-03-20 00:00:00,2020-03-20 00:00:00,-23.184831680555558,-19.939672851562477
2020-03-20 03:00:00,2020-03-20 03:00:00,-22.634023591666665,-19.69518127441404
2020-03-20 06:00:00,2020-03-20 06:00:00,-21.73944279722222,-19.25102844238279
2020-03-20 09:00:00,2020-03-20 09:00:00,-21.134039080555556,-19.096762084960915
2020-03-20 12:00:00,2020-03-20 12:00:00,-24.494212238888892,-21.297857666015602
2020-03-20 15:00:00,2020-03-20 15:00:00,-26.113901616666666,-22.243002319335915
2020-03-20 18:00:00,2020-03-20 18:00:00,-27.124930266666667,-25.750128173828102
2020-03-20 21:00:00,2020-03-20 21:00:00,-24.315097144444447,-28.286276245117165
2020-03-21 00:00:00,2020-03-21 00:00:00,-23.193578519444443,-29.404821777343727
2020-03-21 03:00:00,2020-03-21 03:00:00,-27.273220944444446,-28.896551513671852
2020-03-21 06:00:00,2020-03-21 06:00:00,-28.528715841666667,-28.448812866210915
2020-03-21 09:00:00,2020-03-21 09:00:00,-26.96855784166667,-27.159933471679665
2020-03-21 12:00:00,2020-03-21 12:00:00,-27.74603515555556,-26.813146972656227
2020-03-21 15:00:00,2020-03-21 15:00:00,-26.63754587777778,-22.274908447265602
2020-03-21 18:00:00,2020-03-21 18:00:00,-24.081605766666666,-18.391271972656227
2020-03-21 21:00:00,2020-03-21 21:00:00,-21.980923636111115,-17.79454650878904
2020-03-22 00:00:00,2020-03-22 00:00:00,-23.904650355555557,-18.40721740722654
2020-03-22 03:00:00,2020-03-22 03:00:00,-24.595258425,-18.39848937988279
2020-03-22 06:00:00,2020-03-22 06:00:00,-23.991741447222225,-18.131384277343727
2020-03-22 09:00:00,2020-03-22 09:00:00,-26.104168413888885,-18.01378479003904
2020-03-22 12:00:00,2020-03-22 12:00:00,-26.273683777777777,-18.537451171874977
2020-03-22 15:00:00,2020-03-22 15:00:00,-26.639082841666667,-20.10619201660154
2020-03-22 18:00:00,2020-03-22 18:00:00,-29.265223072222224,-23.216558837890602
2020-03-22 21:00:00,2020-03-22 21:00:00,-28.87172417222222,-25.095159912109352
2020-03-23 00:00:00,2020-03-23 00:00:00,-29.18355752222222,-23.788900756835915
2020-03-23 03:00:00,2020-03-23 03:00:00,-28.908533141666666,-25.201147460937477
2020-03-23 06:00:00,2020-03-23 06:00:00,-27.002274755555558,-28.035162353515602
2020-03-23 09:00:00,2020-03-23 09:00:00,-26.54941627777778,-26.174841308593727
2020-03-23 12:00:00,2020-03-23 12:00:00,-26.887058489583335,-26.172689819335915
2020-03-23 15:00:00,,,
2020-03-23 18:00:00,,,
2020-03-23 21:00:00,,,
2020-03-24 00:00:00,2020-03-24 00:00:00,-30.956108633333333,-32.50212707519529
2020-03-24 03:00:00,2020-03-24 03:00:00,-31.12335894722222,-34.91446533203123
2020-03-24 06:00:00,2020-03-24 06:00:00,-31.34915215,-34.86472167968748
2020-03-24 09:00:00,2020-03-24 09:00:00,-31.19237171944444,-34.2795471191406
2020-03-24 12:00:00,2020-03-24 12:00:00,-31.40639003888889,-31.31145324707029
2020-03-24 15:00:00,2020-03-24 15:00:00,-31.70554932222222,-32.01593627929685
2020-03-24 18:00:00,2020-03-24 18:00:00,-31.22669086944444,-31.614523315429665
2020-03-24 21:00:00,2020-03-24 21:00:00,-30.239197958333335,-31.631933593749977
2020-03-25 00:00:00,2020-03-25 00:00:00,-28.767422755555558,-30.756903076171852
2020-03-25 03:00:00,2020-03-25 03:00:00,-25.977608686111115,-27.963659667968727
2020-03-25 06:00:00,2020-03-25 06:00:00,-24.799720938888886,-25.099340820312477
2020-03-25 09:00:00,2020-03-25 09:00:00,-24.82795286944444,-24.282690429687477
2020-03-25 12:00:00,2020-03-25 12:00:00,-24.55899268611111,-21.795477294921852
2020-03-25 15:00:00,2020-03-25 15:00:00,-24.623632472222223,-20.956457519531227
2020-03-25 18:00:00,2020-03-25 18:00:00,-25.7974179,-22.346502685546852
2020-03-25 21:00:00,2020-03-25 21:00:00,-26.07901212222222,-23.758276367187477
2020-03-26 00:00:00,2020-03-26 00:00:00,-25.699566041666667,-25.250448608398415
2020-03-26 03:00:00,2020-03-26 03:00:00,-26.44342703888889,-24.890341186523415
2020-03-26 06:00:00,2020-03-26 06:00:00,-26.979641166666664,-24.242102050781227
2020-03-26 09:00:00,2020-03-26 09:00:00,-27.033997319444442,-23.260580444335915
2020-03-26 12:00:00,2020-03-26 12:00:00,-27.197123122222223,-23.802389526367165
2020-03-26 15:00:00,2020-03-26 15:00:00,-26.993828894444448,-24.219869995117165
2020-03-26 18:00:00,2020-03-26 18:00:00,-26.48959679444444,-24.344259643554665
2020-03-26 21:00:00,2020-03-26 21:00:00,-26.65229444722222,-24.98876037597654
2020-03-27 00:00:00,2020-03-27 00:00:00,-26.535289005555555,-25.356665039062477
2020-03-27 03:00:00,2020-03-27 03:00:00,-27.203607302777773,-25.619665527343727
2020-03-27 06:00:00,2020-03-27 06:00:00,-29.14976560833333,-25.33550109863279
2020-03-27 09:00:00,2020-03-27 09:00:00,-27.528309644444445,-24.556845092773415
2020-03-27 12:00:00,2020-03-27 12:00:00,-27.496372725,-23.37987365722654
2020-03-27 15:00:00,2020-03-27 15:00:00,-26.91059651666667,-22.752233886718727
2020-03-27 18:00:00,2020-03-27 18:00:00,-26.09476156111111,-22.41277160644529
2020-03-27 21:00:00,2020-03-27 21:00:00,-25.323720563888887,-21.978063964843727
2020-03-28 00:00:00,2020-03-28 00:00:00,-24.573480855555555,-21.245214843749977
2020-03-28 03:00:00,2020-03-28 03:00:00,-23.263650530555555,-20.156576538085915
2020-03-28 06:00:00,2020-03-28 06:00:00,-22.554875383333336,-19.174932861328102
2020-03-28 09:00:00,2020-03-28 09:00:00,-22.680615005555556,-18.224676513671852
2020-03-28 12:00:00,2020-03-28 12:00:00,-23.65263555833334,-17.913168334960915
2020-03-28 15:00:00,2020-03-28 15:00:00,-24.645174741666665,-18.810125732421852
2020-03-28 18:00:00,2020-03-28 18:00:00,-25.539075438888887,-19.359945678710915
2020-03-28 21:00:00,2020-03-28 21:00:00,-24.92398884722222,-19.428442382812477
2020-03-29 00:00:00,2020-03-29 00:00:00,-26.332211269444443,-19.863562011718727
2020-03-29 03:00:00,2020-03-29 03:00:00,-25.47302073611111,-21.000311279296852
2020-03-29 06:00:00,2020-03-29 06:00:00,-24.510033172222222,-21.853674316406227
2020-03-29 09:00:00,2020-03-29 09:00:00,-24.2885045,-22.177877807617165
2020-03-29 12:00:00,2020-03-29 12:00:00,-25.158388955555555,-21.978735351562477
2020-03-29 15:00:00,2020-03-29 15:00:00,-25.07326874166667,-22.969763183593727
2020-03-29 18:00:00,2020-03-29 18:00:00,-25.596756116666665,-24.099981689453102
2020-03-29 21:00:00,2020-03-29 21:00:00,-25.969275752777776,-25.144293212890602
2020-03-30 00:00:00,2020-03-30 00:00:00,-27.90600218888889,-27.044256591796852
2020-03-30 03:00:00,2020-03-30 03:00:00,-29.13122211111111,-30.073706054687477
2020-03-30 06:00:00,2020-03-30 06:00:00,-29.140862211111113,-31.561376953124977
2020-03-30 09:00:00,2020-03-30 09:00:00,-29.07738420833333,-31.041906738281227
2020-03-30 12:00:00,2020-03-30 12:00:00,-28.571517575,-28.168127441406227
2020-03-30 15:00:00,2020-03-30 15:00:00,-28.25797147222222,-27.758978271484352
2020-03-30 18:00:00,2020-03-30 18:00:00,-28.59277139722222,-28.42143859863279
2020-03-30 21:00:00,2020-03-30 21:00:00,-29.086389050000005,-28.447576904296852
2020-03-31 00:00:00,2020-03-31 00:00:00,-28.90662788611111,-28.323706054687477
2020-03-31 03:00:00,2020-03-31 03:00:00,-29.969827022222223,-29.055914306640602
2020-03-31 06:00:00,2020-03-31 06:00:00,-29.47344895,-29.011541748046852
2020-03-31 09:00:00,2020-03-31 09:00:00,-27.968539683333333,-27.234716796874977
2020-03-31 12:00:00,,,
2020-03-31 15:00:00,,,
2020-03-31 18:00:00,,,
2020-03-31 21:00:00,,,
2020-04-01 00:00:00,,,
2020-04-01 03:00:00,,,
2020-04-01 06:00:00,,,
2020-04-01 09:00:00,,,
2020-04-01 12:00:00,,,
2020-04-01 15:00:00,,,
2020-04-01 18:00:00,,,
2020-04-01 21:00:00,,,
2020-04-02 00:00:00,,,
2020-04-02 03:00:00,,,
2020-04-02 06:00:00,,,
2020-04-02 09:00:00,2020-04-02 09:00:00,-26.324670188888888,-20.887167358398415
2020-04-02 12:00:00,,,
2020-04-02 15:00:00,2020-04-02 15:00:00,-25.37498805833333,-18.677633666992165
2020-04-02 18:00:00,2020-04-02 18:00:00,-25.39328577777778,-18.993597412109352
2020-04-02 21:00:00,2020-04-02 21:00:00,-26.457852000000003,-19.033102416992165
2020-04-03 00:00:00,2020-04-03 00:00:00,-26.722869902777777,-19.814459228515602
2020-04-03 03:00:00,2020-04-03 03:00:00,-26.437458327777776,-19.100241088867165
2020-04-03 06:00:00,2020-04-03 06:00:00,-26.400079369444445,-18.081243896484352
2020-04-03 09:00:00,2020-04-03 09:00:00,-25.360023527777773,-17.917929077148415
2020-04-03 12:00:00,2020-04-03 12:00:00,-23.365315350000003,-18.323248291015602
2020-04-03 15:00:00,2020-04-03 15:00:00,-22.993032725000003,-19.419577026367165
2020-04-03 18:00:00,2020-04-03 18:00:00,-23.84903667777778,-20.533819580078102
2020-04-03 21:00:00,2020-04-03 21:00:00,-24.390562658333334,-20.080969238281227
2020-04-04 00:00:00,2020-04-04 00:00:00,-24.292523522222222,-21.02660217285154
2020-04-04 03:00:00,2020-04-04 03:00:00,-23.74262411388889,-22.656576538085915
2020-04-04 06:00:00,2020-04-04 06:00:00,-24.256692261111112,-24.192694091796852
2020-04-04 09:00:00,2020-04-04 09:00:00,-25.464349829166668,-24.484533691406227
2020-04-04 12:00:00,2020-04-04 12:00:00,-24.58935590555555,-26.15379943847654
2020-04-04 15:00:00,2020-04-04 15:00:00,-25.28732337777778,-26.086126708984352
2020-04-04 18:00:00,2020-04-04 18:00:00,-26.595202852777778,-26.258703613281227
2020-04-04 21:00:00,2020-04-04 21:00:00,-26.017655913888888,-24.783941650390602
2020-04-05 00:00:00,2020-04-05 00:00:00,-23.194355038888887,-24.895513916015602
2020-04-05 03:00:00,2020-04-05 03:00:00,-20.552267616666665,-23.216558837890602
2020-04-05 06:00:00,2020-04-05 06:00:00,-19.49046663333333,-21.07146301269529
2020-04-05 09:00:00,2020-04-05 09:00:00,-18.900308924999997,-20.000646972656227
2020-04-05 12:00:00,2020-04-05 12:00:00,-19.022074525,-18.655310058593727
2020-04-05 15:00:00,2020-04-05 15:00:00,-16.07331521944445,-15.504370117187477
2020-04-05 18:00:00,2020-04-05 18:00:00,-13.820084891666667,-11.32488098144529
2020-04-05 21:00:00,2020-04-05 21:00:00,-15.910129577777779,-11.444158935546852
2020-04-06 00:00:00,2020-04-06 00:00:00,-17.794515761111114,-13.02513732910154
2020-04-06 03:00:00,2020-04-06 03:00:00,-19.576908466666666,-14.334371948242165
2020-04-06 06:00:00,2020-04-06 06:00:00,-20.683762344444446,-14.946691894531227
2020-04-06 09:00:00,2020-04-06 09:00:00,-20.309211527777776,-16.653417968749977
2020-04-06 12:00:00,2020-04-06 12:00:00,-19.934537658333337,-16.03117980957029
2020-04-06 15:00:00,2020-04-06 15:00:00,-18.916620280555552,-15.140295410156227
2020-04-06 18:00:00,2020-04-06 18:00:00,-20.83041932777778,-14.811834716796852
2020-04-06 21:00:00,2020-04-06 21:00:00,-23.015218211111115,-16.355062866210915
2020-04-07 00:00:00,2020-04-07 00:00:00,-24.498393333333336,-17.261618041992165
2020-04-07 03:00:00,2020-04-07 03:00:00,-27.261716719444447,-19.370153808593727
2020-04-07 06:00:00,2020-04-07 06:00:00,-27.6423214,-23.217550659179665
2020-04-07 09:00:00,2020-04-07 09:00:00,-28.259908863888885,-22.202581787109352
2020-04-07 12:00:00,2020-04-07 12:00:00,-29.147639469444446,-22.111090087890602
2020-04-07 15:00:00,2020-04-07 15:00:00,-29.654479027777775,-25.05589904785154
2020-04-07 18:00:00,2020-04-07 18:00:00,-30.519294447222226,-28.723944091796852
2020-04-07 21:00:00,2020-04-07 21:00:00,-31.345351261111116,-32.10602416992185
2020-04-08 00:00:00,2020-04-08 00:00:00,-32.287178419444444,-31.54332580566404
2020-04-08 03:00:00,2020-04-08 03:00:00,-32.00716470555556,-30.765905761718727
2020-04-08 06:00:00,2020-04-08 06:00:00,-29.324063702777778,-29.318991088867165
2020-04-08 09:00:00,2020-04-08 09:00:00,-26.43123316666666,-23.888952636718727
2020-04-08 12:00:00,2020-04-08 12:00:00,-22.41713381111111,-20.622625732421852
2020-04-08 15:00:00,2020-04-08 15:00:00,-20.982181194444447,-18.01048889160154
2020-04-08 18:00:00,2020-04-08 18:00:00,-20.694017847222224,-16.122259521484352
2020-04-08 21:00:00,2020-04-08 21:00:00,-23.354266763888887,-14.68108215332029
2020-04-09 00:00:00,2020-04-09 00:00:00,-25.472001180555555,-15.412252807617165
2020-04-09 03:00:00,2020-04-09 03:00:00,-23.240153722222217,-16.781683349609352
2020-04-09 06:00:00,2020-04-09 06:00:00,-22.488919313888886,-18.322637939453102
2020-04-09 09:00:00,2020-04-09 09:00:00,-22.395347477777776,-17.03667297363279
2020-04-09 12:00:00,2020-04-09 12:00:00,-21.88340910277778,-18.144171142578102
2020-04-09 15:00:00,2020-04-09 15:00:00,-21.858518575,-19.317831420898415
2020-04-09 18:00:00,2020-04-09 18:00:00,-22.196672538888887,-21.542990112304665
2020-04-09 21:00:00,2020-04-09 21:00:00,-23.456796249999996,-22.656515502929665
2020-04-10 00:00:00,2020-04-10 00:00:00,-26.131468938888887,-25.22618713378904
2020-04-10 03:00:00,2020-04-10 03:00:00,-24.859021705555552,-26.900030517578102
2020-04-10 06:00:00,2020-04-10 06:00:00,-25.590830613888887,-27.204290771484352
2020-04-10 09:00:00,2020-04-10 09:00:00,-23.50699683611111,-23.380392456054665
2020-04-10 12:00:00,2020-04-10 12:00:00,-23.186058211111114,-20.231100463867165
2020-04-10 15:00:00,2020-04-10 15:00:00,-23.909534816666667,-20.509161376953102
2020-04-10 18:00:00,2020-04-10 18:00:00,-25.872964136111108,-21.84721984863279
2020-04-10 21:00:00,2020-04-10 21:00:00,-27.204256669444444,-23.584417724609352
2020-04-11 00:00:00,2020-04-11 00:00:00,-28.2414682,-26.12273254394529
2020-04-11 03:00:00,2020-04-11 03:00:00,-29.493602694444448,-26.781469726562477
2020-04-11 06:00:00,2020-04-11 06:00:00,-29.562453847222226,-26.217016601562477
2020-04-11 09:00:00,2020-04-11 09:00:00,-28.36374833611111,-24.534201049804665
2020-04-11 12:00:00,2020-04-11 12:00:00,-26.614570694444442,-22.973715209960915
2020-04-11 15:00:00,2020-04-11 15:00:00,-27.403392677777777,-22.107031249999977
2020-04-11 18:00:00,2020-04-11 18:00:00,-28.191534836111117,-21.716513061523415
2020-04-11 21:00:00,2020-04-11 21:00:00,-29.026310036111113,-21.434088134765602
2020-04-12 00:00:00,2020-04-12 00:00:00,-30.406320425,-23.720602416992165
2020-04-12 03:00:00,2020-04-12 03:00:00,-30.42250281666667,-26.790930175781227
2020-04-12 06:00:00,2020-04-12 06:00:00,-30.11233183888889,-27.126837158203102
2020-04-12 09:00:00,2020-04-12 09:00:00,-28.34118345555555,-25.649069213867165
2020-04-12 12:00:00,2020-04-12 12:00:00,-28.25883611666667,-25.17095031738279
2020-04-12 15:00:00,2020-04-12 15:00:00,-28.082549563888886,-25.046057128906227
2020-04-12 18:00:00,2020-04-12 18:00:00,-29.142939836111108,-25.880987548828102
2020-04-12 21:00:00,2020-04-12 21:00:00,-30.522875930555557,-28.181677246093727
2020-04-13 00:00:00,2020-04-13 00:00:00,-32.26920379999999,-30.66972961425779
2020-04-13 03:00:00,2020-04-13 03:00:00,-31.859809816666665,-30.02898254394529
2020-04-13 06:00:00,2020-04-13 06:00:00,-30.452168002777782,-31.308294677734352
2020-04-13 09:00:00,2020-04-13 09:00:00,-29.567007702777776,-29.368795776367165
2020-04-13 12:00:00,2020-04-13 12:00:00,-26.828673661111107,-28.11882629394529
2020-04-13 15:00:00,2020-04-13 15:00:00,-26.72066075277778,-27.783834838867165
2020-04-13 18:00:00,2020-04-13 18:00:00,-27.860096300000006,-28.80931701660154
2020-04-13 21:00:00,2020-04-13 21:00:00,-27.531838880555554,-28.37810363769529
2020-04-14 00:00:00,2020-04-14 00:00:00,-25.449484105555555,-25.426718139648415
2020-04-14 03:00:00,2020-04-14 03:00:00,-24.261505947222222,-22.67510070800779
2020-04-14 06:00:00,2020-04-14 06:00:00,-21.89809698611111,-21.333837890624977
2020-04-14 09:00:00,2020-04-14 09:00:00,-19.65602678611111,-19.127935791015602
2020-04-14 12:00:00,2020-04-14 12:00:00,-17.864965166666664,-16.948263549804665
2020-04-14 15:00:00,2020-04-14 15:00:00,-17.375868805555555,-15.565023803710915
2020-04-14 18:00:00,2020-04-14 18:00:00,-15.82392571111111,-13.86662902832029
2020-04-14 21:00:00,2020-04-14 21:00:00,-14.344208152777776,-12.176580810546852
2020-04-15 00:00:00,2020-04-15 00:00:00,-12.982559008333332,-11.22594299316404
2020-04-15 03:00:00,2020-04-15 03:00:00,-10.899793091666666,-9.79625549316404
2020-04-15 06:00:00,2020-04-15 06:00:00,-8.390599684166668,-6.68663635253904
2020-04-15 09:00:00,2020-04-15 09:00:00,-8.101487046944444,-5.28557434082029
2020-04-15 12:00:00,2020-04-15 12:00:00,-5.930467571388888,-4.314413452148415
2020-04-15 15:00:00,2020-04-15 15:00:00,-5.8105481305555555,-3.9321502685546648
2020-04-15 18:00:00,2020-04-15 18:00:00,-5.734758323055556,-4.362265014648415
2020-04-15 21:00:00,2020-04-15 21:00:00,-6.234115966111111,-5.026800537109352
2020-04-16 00:00:00,2020-04-16 00:00:00,-5.904124704166666,-5.20458068847654
2020-04-16 03:00:00,2020-04-16 03:00:00,-2.9826395044444447,-3.6814178466796648
2020-04-16 06:00:00,2020-04-16 06:00:00,-1.957403541666667,-0.29173889160153976
2020-04-16 09:00:00,2020-04-16 09:00:00,-1.5856918400000002,-0.14287414550778976
2020-04-16 12:00:00,2020-04-16 12:00:00,-1.6531192691666667,0.34176025390627274
2020-04-16 15:00:00,2020-04-16 15:00:00,-1.8083861980555556,0.7053009033203352
2020-04-16 18:00:00,2020-04-16 18:00:00,-1.8797848669444444,0.8626037597656477
2020-04-16 21:00:00,2020-04-16 21:00:00,-9.436230015555557,-0.5469116210937273
2020-04-17 00:00:00,2020-04-17 00:00:00,-13.543627952777781,-10.465612792968727
2020-04-17 03:00:00,2020-04-17 03:00:00,-14.929264844444445,-12.343466186523415
2020-04-17 06:00:00,2020-04-17 06:00:00,-17.384411544444443,-14.379095458984352
2020-04-17 09:00:00,2020-04-17 09:00:00,-16.91556569722222,-14.489645385742165
2020-04-17 12:00:00,2020-04-17 12:00:00,-15.750288602777779,-13.450094604492165
2020-04-17 15:00:00,2020-04-17 15:00:00,-15.588586966666666,-13.376654052734352
2020-04-17 18:00:00,2020-04-17 18:00:00,-16.366217527777778,-14.531439208984352
2020-04-17 21:00:00,2020-04-17 21:00:00,-15.326308844444448,-16.172155761718727
2020-04-18 00:00:00,2020-04-18 00:00:00,-12.740305252777778,-17.082037353515602
2020-04-18 03:00:00,2020-04-18 03:00:00,-9.337938044722224,-10.433416748046852
2020-04-18 06:00:00,2020-04-18 06:00:00,-7.539668709722222,-6.750280761718727
2020-04-18 09:00:00,2020-04-18 09:00:00,-5.649868288611111,-5.267279052734352
2020-04-18 12:00:00,2020-04-18 12:00:00,-3.351176154444444,-2.7117370605468523
2020-04-18 15:00:00,2020-04-18 15:00:00,-4.710619031944445,-1.7771667480468523
2020-04-18 18:00:00,2020-04-18 18:00:00,-9.095834493333333,-7.427099609374977
2020-04-18 21:00:00,2020-04-18 21:00:00,-4.46737599,-6.599630737304665
2020-04-19 00:00:00,2020-04-19 00:00:00,-2.8720937752777775,-3.3486389160156023
2020-04-19 03:00:00,2020-04-19 03:00:00,-3.170036886666667,-3.7880920410156023
2020-04-19 06:00:00,2020-04-19 06:00:00,-1.680921243888889,-2.1115478515624773
2020-04-19 09:00:00,2020-04-19 09:00:00,-0.8408330012777778,-0.9973052978515398
2020-04-19 12:00:00,2020-04-19 12:00:00,-0.14313088727346665,0.14666137695314774
2020-04-19 15:00:00,2020-04-19 15:00:00,-0.06337698193267778,0.14655456542971024
2020-04-19 18:00:00,2020-04-19 18:00:00,-1.2529904116666666,-0.19273986816403976
2020-04-19 21:00:00,2020-04-19 21:00:00,-1.3367208169444444,-0.5110229492187273
2020-04-20 00:00:00,2020-04-20 00:00:00,-2.650075714722222,-1.1513885498046648
2020-04-20 03:00:00,2020-04-20 03:00:00,-3.5785124352777777,-1.7523864746093523
2020-04-20 06:00:00,,,
2020-04-20 09:00:00,2020-04-20 09:00:00,-6.7154741300000005,-9.191671752929665
2020-04-20 12:00:00,2020-04-20 12:00:00,-9.354813769444444,-10.70818176269529
2020-04-20 15:00:00,2020-04-20 15:00:00,-11.705360463888887,-11.741491699218727
2020-04-20 18:00:00,2020-04-20 18:00:00,-13.247507230555554,-13.025839233398415
2020-04-20 21:00:00,2020-04-20 21:00:00,-14.197769213888888,-13.803076171874977
2020-04-21 00:00:00,2020-04-21 00:00:00,-14.73095634722222,-14.59929504394529
2020-04-21 03:00:00,2020-04-21 03:00:00,-15.060822769444444,-14.039312744140602
2020-04-21 06:00:00,2020-04-21 06:00:00,-14.904560488888889,-13.784490966796852
2020-04-21 09:00:00,2020-04-21 09:00:00,-14.74150860277778,-13.370855712890602
2020-04-21 12:00:00,2020-04-21 12:00:00,-13.247265441666665,-13.27135314941404
2020-04-21 15:00:00,2020-04-21 15:00:00,-13.32914207222222,-13.27959289550779
2020-04-21 18:00:00,2020-04-21 18:00:00,-14.854355313888888,-14.912435913085915
2020-04-21 21:00:00,2020-04-21 21:00:00,-15.15548017777778,-16.440145874023415
2020-04-22 00:00:00,2020-04-22 00:00:00,-15.129390033333335,-17.217260742187477
2020-04-22 03:00:00,2020-04-22 03:00:00,-15.744735094444444,-17.254904174804665
2020-04-22 06:00:00,2020-04-22 06:00:00,-16.59393215,-17.115270996093727
2020-04-22 09:00:00,2020-04-22 09:00:00,-16.487596955555556,-17.343832397460915
2020-04-22 12:00:00,2020-04-22 12:00:00,-16.572030586111108,-16.937719726562477
2020-04-22 15:00:00,2020-04-22 15:00:00,-16.68117540277778,-17.50585021972654
2020-04-22 18:00:00,2020-04-22 18:00:00,-17.56595823888889,-19.519415283203102
2020-04-22 21:00:00,2020-04-22 21:00:00,-19.182304394444444,-22.41618957519529
2020-04-23 00:00:00,2020-04-23 00:00:00,-20.032846372222224,-24.493933105468727
2020-04-23 03:00:00,2020-04-23 03:00:00,-20.486099536111112,-23.975775146484352
2020-04-23 06:00:00,2020-04-23 06:00:00,-19.110130036111112,-22.45604553222654
2020-04-23 09:00:00,2020-04-23 09:00:00,-17.620046702777778,-19.737554931640602
2020-04-23 12:00:00,2020-04-23 12:00:00,-16.308900944444446,-18.093176269531227
2020-04-23 15:00:00,2020-04-23 15:00:00,-16.303670486111113,-18.386785888671852
2020-04-23 18:00:00,2020-04-23 18:00:00,-16.86479045277778,-19.97466125488279
2020-04-23 21:00:00,2020-04-23 21:00:00,-18.60455348333333,-21.45220031738279
2020-04-24 00:00:00,2020-04-24 00:00:00,-19.287009344444446,-22.197485351562477
2020-04-24 03:00:00,2020-04-24 03:00:00,-19.579743891666666,-22.316717529296852
2020-04-24 06:00:00,2020-04-24 06:00:00,-18.722478219444444,-20.580160522460915
2020-04-24 09:00:00,2020-04-24 09:00:00,-16.76040471388889,-18.44725646972654
2020-04-24 12:00:00,2020-04-24 12:00:00,-15.92030353888889,-17.679281616210915
2020-04-24 15:00:00,2020-04-24 15:00:00,-15.680386888888888,-17.80016174316404
2020-04-24 18:00:00,2020-04-24 18:00:00,-15.968744583333335,-18.978124999999977
2020-04-24 21:00:00,2020-04-24 21:00:00,-16.878482533333333,-20.209982299804665
2020-04-25 00:00:00,2020-04-25 00:00:00,-18.275269608333335,-21.37035217285154
2020-04-25 03:00:00,2020-04-25 03:00:00,-17.653460944444443,-20.65849914550779
2020-04-25 06:00:00,2020-04-25 06:00:00,-17.08795358333333,-19.172003173828102
2020-04-25 09:00:00,2020-04-25 09:00:00,-15.441667883333333,-17.426916503906227
2020-04-25 12:00:00,2020-04-25 12:00:00,-14.388640258333334,-16.203085327148415
2020-04-25 15:00:00,2020-04-25 15:00:00,-13.691641222222223,-16.328283691406227
2020-04-25 18:00:00,2020-04-25 18:00:00,-15.288464533333334,-17.19548645019529
2020-04-25 21:00:00,2020-04-25 21:00:00,-16.332211716666666,-18.054907226562477
2020-04-26 00:00:00,2020-04-26 00:00:00,-16.818401380555553,-18.73210754394529
2020-04-26 03:00:00,2020-04-26 03:00:00,-17.848060430555552,-19.19737854003904
2020-04-26 06:00:00,2020-04-26 06:00:00,-17.179733005555555,-18.531652832031227
2020-04-26 09:00:00,2020-04-26 09:00:00,-16.190937141666666,-17.251074218749977
2020-04-26 12:00:00,2020-04-26 12:00:00,-15.425142644444444,-16.365850830078102
2020-04-26 15:00:00,2020-04-26 15:00:00,-15.369990783333336,-16.71056213378904
2020-04-26 18:00:00,2020-04-26 18:00:00,-16.230084316666666,-18.727941894531227
2020-04-26 21:00:00,2020-04-26 21:00:00,-17.781130341666664,-20.947485351562477
2020-04-27 00:00:00,2020-04-27 00:00:00,-19.657109913888892,-20.792242431640602
2020-04-27 03:00:00,2020-04-27 03:00:00,-17.95911151388889,-19.717474365234352
2020-04-27 06:00:00,2020-04-27 06:00:00,-16.84735756111111,-17.78679504394529
2020-04-27 09:00:00,2020-04-27 09:00:00,-14.328950622222223,-15.744650268554665
2020-04-27 12:00:00,2020-04-27 12:00:00,-12.532438258333334,-14.791693115234352
2020-04-27 15:00:00,2020-04-27 15:00:00,-11.769136483333334,-14.39604797363279
2020-04-27 18:00:00,,,
2020-04-27 21:00:00,,,
2020-04-28 00:00:00,,,
2020-04-28 03:00:00,,,
2020-04-28 06:00:00,,,
2020-04-28 09:00:00,2020-04-28 09:00:00,-3.963724097777778,-4.50816955566404
2020-04-28 12:00:00,2020-04-28 12:00:00,-4.259748891666666,-3.7884124755859148
2020-04-28 15:00:00,2020-04-28 15:00:00,-6.799815537222222,-5.678427124023415
2020-04-28 18:00:00,2020-04-28 18:00:00,-8.612162791666668,-6.291021728515602
2020-04-28 21:00:00,2020-04-28 21:00:00,-9.233266736666666,-6.627478027343727
2020-04-29 00:00:00,2020-04-29 00:00:00,-9.182504939166666,-7.08617248535154
2020-04-29 03:00:00,2020-04-29 03:00:00,-9.40378584361111,-7.618673706054665
2020-04-29 06:00:00,2020-04-29 06:00:00,-8.025624386388888,-8.058981323242165
2020-04-29 09:00:00,2020-04-29 09:00:00,-10.896313408333334,-8.295965576171852
2020-04-29 12:00:00,2020-04-29 12:00:00,-11.024336988888889,-9.254492187499977
2020-04-29 15:00:00,2020-04-29 15:00:00,-11.205977080555556,-9.809225463867165
2020-04-29 18:00:00,2020-04-29 18:00:00,-12.945853511111112,-11.71562805175779
2020-04-29 21:00:00,2020-04-29 21:00:00,-13.410730719444443,-12.55278625488279
2020-04-30 00:00:00,2020-04-30 00:00:00,-14.966930530555556,-13.416342163085915
2020-04-30 03:00:00,2020-04-30 03:00:00,-16.268315688888887,-13.185095214843727
2020-04-30 06:00:00,2020-04-30 06:00:00,-15.428272649999998,-14.223852539062477
2020-04-30 09:00:00,2020-04-30 09:00:00,-14.039166405555555,-13.836386108398415
2020-04-30 12:00:00,2020-04-30 12:00:00,-12.896369044444443,-12.97960510253904
2020-04-30 15:00:00,2020-04-30 15:00:00,-12.056969777777779,-11.711264038085915
2020-04-30 18:00:00,2020-04-30 18:00:00,-12.481518186111112,-11.597250366210915
2020-04-30 21:00:00,2020-04-30 21:00:00,-12.610640033333334,-11.797674560546852
2020-05-01 00:00:00,2020-05-01 00:00:00,-13.05703364722222,-11.963034057617165
2020-05-01 03:00:00,2020-05-01 03:00:00,-13.331185997222223,-11.794882202148415
2020-05-01 06:00:00,2020-05-01 06:00:00,-12.545466669444444,-11.724707031249977
2020-05-01 09:00:00,2020-05-01 09:00:00,-12.41202161111111,-11.747351074218727
2020-05-01 12:00:00,2020-05-01 12:00:00,-13.908220033333334,-11.503378295898415
2020-05-01 15:00:00,2020-05-01 15:00:00,-13.036531525,-11.187902832031227
2020-05-01 18:00:00,2020-05-01 18:00:00,-14.236240338888889,-11.115087890624977
2020-05-01 21:00:00,2020-05-01 21:00:00,-14.462597094444442,-10.692572021484352
2020-05-02 00:00:00,2020-05-02 00:00:00,-14.129558375000002,-10.218344116210915
2020-05-02 03:00:00,2020-05-02 03:00:00,-16.077855924999998,-10.124472045898415
2020-05-02 06:00:00,2020-05-02 06:00:00,-16.406996905555555,-10.551855468749977
2020-05-02 09:00:00,2020-05-02 09:00:00,-15.453579763888888,-11.952307128906227
2020-05-02 12:00:00,2020-05-02 12:00:00,-16.691212994444445,-13.288061523437477
2020-05-02 15:00:00,2020-05-02 15:00:00,-17.530858388888888,-14.12596740722654
2020-05-02 18:00:00,2020-05-02 18:00:00,-18.897905958333336,-13.846014404296852
2020-05-02 21:00:00,2020-05-02 21:00:00,-19.99172048611111,-14.067144775390602
2020-05-03 00:00:00,2020-05-03 00:00:00,-20.210626055555554,-14.585089111328102
2020-05-03 03:00:00,2020-05-03 03:00:00,-19.55969345277778,-14.589605712890602
2020-05-03 06:00:00,2020-05-03 06:00:00,-18.125126952777777,-14.926107788085915
2020-05-03 09:00:00,2020-05-03 09:00:00,-16.593709908333334,-15.48570861816404
2020-05-03 12:00:00,2020-05-03 12:00:00,-14.84219078611111,-13.637228393554665
2020-05-03 15:00:00,2020-05-03 15:00:00,-15.422967280555556,-12.630651855468727
2020-05-03 18:00:00,2020-05-03 18:00:00,-14.508955158333334,-12.687048339843727
2020-05-03 21:00:00,2020-05-03 21:00:00,-13.536077552777778,-12.57530822753904
2020-05-04 00:00:00,2020-05-04 00:00:00,-13.844222488888889,-13.371496582031227
2020-05-04 03:00:00,2020-05-04 03:00:00,-15.308375797222224,-12.88463439941404
2020-05-04 06:00:00,2020-05-04 06:00:00,-17.724922580555557,-13.07329406738279
2020-05-04 09:00:00,2020-05-04 09:00:00,-14.67953321388889,-12.757162475585915
2020-05-04 12:00:00,2020-05-04 12:00:00,-14.126025891666664,-12.640386962890602
2020-05-04 15:00:00,2020-05-04 15:00:00,-16.043168908333335,-13.036505126953102
2020-05-04 18:00:00,2020-05-04 18:00:00,-15.349826830555555,-13.790914916992165
2020-05-04 21:00:00,2020-05-04 21:00:00,-17.527992158333333,-15.276464843749977
2020-05-05 00:00:00,2020-05-05 00:00:00,-17.941959136111112,-16.36290588378904
2020-05-05 03:00:00,2020-05-05 03:00:00,-15.287272680555555,-16.740805053710915
2020-05-05 06:00:00,2020-05-05 06:00:00,-10.812667527777778,-15.840170288085915
2020-05-05 09:00:00,2020-05-05 09:00:00,-9.730100270555555,-13.96581115722654
2020-05-05 12:00:00,2020-05-05 12:00:00,-12.060874277777776,-12.67326965332029
2020-05-05 15:00:00,2020-05-05 15:00:00,-11.382063772222223,-12.411779785156227
2020-05-05 18:00:00,2020-05-05 18:00:00,-10.88121731111111,-13.21184387207029
2020-05-05 21:00:00,2020-05-05 21:00:00,-10.651718997222225,-14.16649475097654
2020-05-06 00:00:00,2020-05-06 00:00:00,-10.016174520277778,-11.456671142578102
2020-05-06 03:00:00,2020-05-06 03:00:00,-9.00062509611111,-9.82036437988279
2020-05-06 06:00:00,2020-05-06 06:00:00,-8.663278165555555,-8.491476440429665
2020-05-06 09:00:00,2020-05-06 09:00:00,-6.757142492499999,-5.692816162109352
2020-05-06 12:00:00,2020-05-06 12:00:00,-6.855176002777778,-5.650701904296852
2020-05-06 15:00:00,2020-05-06 15:00:00,-6.529839193888889,-6.782553100585915
2020-05-06 18:00:00,2020-05-06 18:00:00,-6.786513876388891,-8.264440917968727
2020-05-06 21:00:00,2020-05-06 21:00:00,-6.574508540277779,-9.82420959472654
2020-05-07 00:00:00,2020-05-07 00:00:00,-7.420413115277778,-11.119818115234352
2020-05-07 03:00:00,2020-05-07 03:00:00,-8.738712398888888,-11.752020263671852
2020-05-07 06:00:00,2020-05-07 06:00:00,-10.012258286111111,-11.210516357421852
2020-05-07 09:00:00,2020-05-07 09:00:00,-10.045416089444444,-10.349203491210915
2020-05-07 12:00:00,2020-05-07 12:00:00,-9.268070476944443,-9.944540405273415
2020-05-07 15:00:00,2020-05-07 15:00:00,-9.212478381111112,-9.446005249023415
2020-05-07 18:00:00,2020-05-07 18:00:00,-10.85688776111111,-9.548406982421852
2020-05-07 21:00:00,2020-05-07 21:00:00,-11.744020030555555,-10.34709777832029
2020-05-08 00:00:00,2020-05-08 00:00:00,-12.315234361111111,-10.26940002441404
2020-05-08 03:00:00,2020-05-08 03:00:00,-11.94646374722222,-10.188574218749977
2020-05-08 06:00:00,2020-05-08 06:00:00,-11.138701008333333,-9.79985656738279
2020-05-08 09:00:00,2020-05-08 09:00:00,-10.277516230555557,-9.29686584472654
2020-05-08 12:00:00,2020-05-08 12:00:00,-9.533472429722222,-8.296209716796852
2020-05-08 15:00:00,2020-05-08 15:00:00,-9.567016986944443,-8.32848205566404
2020-05-08 18:00:00,2020-05-08 18:00:00,-10.737887900000002,-8.919699096679665
2020-05-08 21:00:00,2020-05-08 21:00:00,-12.126514886111112,-9.073553466796852
2020-05-09 00:00:00,2020-05-09 00:00:00,-12.402775058333333,-9.914617919921852
2020-05-09 03:00:00,2020-05-09 03:00:00,-13.39505016388889,-11.165609741210915
2020-05-09 06:00:00,2020-05-09 06:00:00,-12.88621319722222,-12.723410034179665
2020-05-09 09:00:00,2020-05-09 09:00:00,-13.249680403333333,-14.070745849609352
2020-05-09 12:00:00,2020-05-09 12:00:00,-13.310754658333332,-14.29320373535154
2020-05-09 15:00:00,2020-05-09 15:00:00,-12.877602341666666,-14.210165405273415
2020-05-09 18:00:00,2020-05-09 18:00:00,-13.923364238888889,-14.45641174316404
2020-05-09 21:00:00,2020-05-09 21:00:00,-14.709121375000002,-15.294317626953102
2020-05-10 00:00:00,2020-05-10 00:00:00,-15.556717086111112,-15.844763183593727
2020-05-10 03:00:00,2020-05-10 03:00:00,-15.582105183333333,-15.18724670410154
2020-05-10 06:00:00,2020-05-10 06:00:00,-15.600408513888892,-14.330953979492165
2020-05-10 09:00:00,,,
2020-05-10 12:00:00,,,
2020-05-10 15:00:00,,,
2020-05-10 18:00:00,,,
2020-05-10 21:00:00,,,
2020-05-11 00:00:00,,,
2020-05-11 03:00:00,,,
2020-05-11 06:00:00,,,
2020-05-11 09:00:00,,,
2020-05-11 12:00:00,,,
2020-05-11 15:00:00,,,
2020-05-11 18:00:00,,,
2020-05-11 21:00:00,,,
2020-05-12 00:00:00,,,
2020-05-12 03:00:00,,,
2020-05-12 06:00:00,,,
2020-05-12 09:00:00,,,
2020-05-12 12:00:00,,,
2020-05-12 15:00:00,,,
2020-05-12 18:00:00,,,
2020-05-12 21:00:00,,,
2020-05-13 00:00:00,,,
2020-05-13 03:00:00,,,
2020-05-13 06:00:00,,,
2020-05-13 09:00:00,,,
2020-05-13 12:00:00,,,
2020-05-13 15:00:00,,,
2020-05-13 18:00:00,,,
2020-05-13 21:00:00,,,
2020-05-14 00:00:00,,,
2020-05-14 03:00:00,,,
2020-05-14 06:00:00,,,
2020-05-14 09:00:00,,,
2020-05-14 12:00:00,,,
2020-05-14 15:00:00,,,
2020-05-14 18:00:00,,,
2020-05-14 21:00:00,,,
2020-05-15 00:00:00,,,
2020-05-15 03:00:00,,,
2020-05-15 06:00:00,,,
2020-05-15 09:00:00,,,
2020-05-15 12:00:00,,,
2020-05-15 15:00:00,,,
2020-05-15 18:00:00,,,
2020-05-15 21:00:00,,,
2020-05-16 00:00:00,,,
2020-05-16 03:00:00,,,
2020-05-16 06:00:00,,,
2020-05-16 09:00:00,,,
2020-05-16 12:00:00,,,
2020-05-16 15:00:00,,,
2020-05-16 18:00:00,,,
2020-05-16 21:00:00,,,
2020-05-17 00:00:00,,,
2020-05-17 03:00:00,,,
2020-05-17 06:00:00,,,
2020-05-17 09:00:00,,,
2020-05-17 12:00:00,,,
2020-05-17 15:00:00,,,
2020-05-17 18:00:00,,,
2020-05-17 21:00:00,,,
2020-05-18 00:00:00,,,
2020-05-18 03:00:00,,,
2020-05-18 06:00:00,,,
2020-05-18 09:00:00,,,
2020-05-18 12:00:00,,,
2020-05-18 15:00:00,,,
2020-05-18 18:00:00,,,
2020-05-18 21:00:00,,,
2020-05-19 00:00:00,,,
2020-05-19 03:00:00,,,
2020-05-19 06:00:00,,,
2020-05-19 09:00:00,,,
2020-05-19 12:00:00,,,
2020-05-19 15:00:00,,,
2020-05-19 18:00:00,,,
2020-05-19 21:00:00,,,
2020-05-20 00:00:00,,,
2020-05-20 03:00:00,,,
2020-05-20 06:00:00,,,
2020-05-20 09:00:00,,,
2020-05-20 12:00:00,,,
2020-05-20 15:00:00,,,
2020-05-20 18:00:00,,,
2020-05-20 21:00:00,,,
2020-05-21 00:00:00,,,
2020-05-21 03:00:00,,,
2020-05-21 06:00:00,,,
2020-05-21 09:00:00,,,
2020-05-21 12:00:00,,,
2020-05-21 15:00:00,,,
2020-05-21 18:00:00,,,
2020-05-21 21:00:00,,,
2020-05-22 00:00:00,,,
2020-05-22 03:00:00,,,
2020-05-22 06:00:00,,,
2020-05-22 09:00:00,,,
2020-05-22 12:00:00,,,
2020-05-22 15:00:00,,,
2020-05-22 18:00:00,,,
2020-05-22 21:00:00,,,
2020-05-23 00:00:00,,,
2020-05-23 03:00:00,,,
2020-05-23 06:00:00,,,
2020-05-23 09:00:00,,,
2020-05-23 12:00:00,,,
2020-05-23 15:00:00,,,
2020-05-23 18:00:00,,,
2020-05-23 21:00:00,,,
2020-05-24 00:00:00,,,
2020-05-24 03:00:00,,,
2020-05-24 06:00:00,,,
2020-05-24 09:00:00,,,
2020-05-24 12:00:00,,,
2020-05-24 15:00:00,,,
2020-05-24 18:00:00,,,
2020-05-24 21:00:00,,,
2020-05-25 00:00:00,,,
2020-05-25 03:00:00,,,
2020-05-25 06:00:00,,,
2020-05-25 09:00:00,,,
2020-05-25 12:00:00,,,
2020-05-25 15:00:00,,,
2020-05-25 18:00:00,,,
2020-05-25 21:00:00,,,
2020-05-26 00:00:00,,,
2020-05-26 03:00:00,,,
2020-05-26 06:00:00,,,
2020-05-26 09:00:00,,,
2020-05-26 12:00:00,,,
2020-05-26 15:00:00,,,
2020-05-26 18:00:00,,,
2020-05-26 21:00:00,,,
2020-05-27 00:00:00,,,
2020-05-27 03:00:00,,,
2020-05-27 06:00:00,,,
2020-05-27 09:00:00,,,
2020-05-27 12:00:00,,,
2020-05-27 15:00:00,,,
2020-05-27 18:00:00,,,
2020-05-27 21:00:00,,,
2020-05-28 00:00:00,,,
2020-05-28 03:00:00,,,
2020-05-28 06:00:00,,,
2020-05-28 09:00:00,,,
2020-05-28 12:00:00,,,
2020-05-28 15:00:00,,,
2020-05-28 18:00:00,,,
2020-05-28 21:00:00,,,
2020-05-29 00:00:00,,,
2020-05-29 03:00:00,,,
2020-05-29 06:00:00,,,
2020-05-29 09:00:00,,,
2020-05-29 12:00:00,,,
2020-05-29 15:00:00,,,
2020-05-29 18:00:00,,,
2020-05-29 21:00:00,,,
2020-05-30 00:00:00,,,
2020-05-30 03:00:00,,,
2020-05-30 06:00:00,,,
2020-05-30 09:00:00,,,
2020-05-30 12:00:00,,,
2020-05-30 15:00:00,,,
2020-05-30 18:00:00,,,
2020-05-30 21:00:00,,,
2020-05-31 00:00:00,,,
2020-05-31 03:00:00,,,
2020-05-31 06:00:00,,,
2020-05-31 09:00:00,,,
2020-05-31 12:00:00,,,
2020-05-31 15:00:00,,,
2020-05-31 18:00:00,,,
2020-05-31 21:00:00,,,
2020-06-01 00:00:00,,,
2020-06-01 03:00:00,,,
2020-06-01 06:00:00,,,
2020-06-01 09:00:00,,,
2020-06-01 12:00:00,,,
2020-06-01 15:00:00,,,
2020-06-01 18:00:00,,,
2020-06-01 21:00:00,,,
2020-06-02 00:00:00,,,
2020-06-02 03:00:00,,,
2020-06-02 06:00:00,,,
2020-06-02 09:00:00,,,
2020-06-02 12:00:00,,,
2020-06-02 15:00:00,,,
2020-06-02 18:00:00,,,
2020-06-02 21:00:00,,,
2020-06-03 00:00:00,,,
2020-06-03 03:00:00,,,
2020-06-03 06:00:00,,,
2020-06-03 09:00:00,,,
2020-06-03 12:00:00,,,
2020-06-03 15:00:00,,,
2020-06-03 18:00:00,,,
2020-06-03 21:00:00,,,
2020-06-04 00:00:00,,,
2020-06-04 03:00:00,,,
2020-06-04 06:00:00,,,
2020-06-04 09:00:00,,,
2020-06-04 12:00:00,,,
2020-06-04 15:00:00,,,
2020-06-04 18:00:00,,,
2020-06-04 21:00:00,,,
2020-06-05 00:00:00,,,
2020-06-05 03:00:00,,,
2020-06-05 06:00:00,,,
2020-06-05 09:00:00,,,
2020-06-05 12:00:00,,,
2020-06-05 15:00:00,,,
2020-06-05 18:00:00,,,
2020-06-05 21:00:00,,,
2020-06-06 00:00:00,,,
2020-06-06 03:00:00,,,
2020-06-06 06:00:00,,,
2020-06-06 09:00:00,,,
2020-06-06 12:00:00,,,
2020-06-06 15:00:00,,,
2020-06-06 18:00:00,,,
2020-06-06 21:00:00,,,
2020-06-07 00:00:00,,,
2020-06-07 03:00:00,,,
2020-06-07 06:00:00,,,
2020-06-07 09:00:00,,,
2020-06-07 12:00:00,,,
2020-06-07 15:00:00,,,
2020-06-07 18:00:00,,,
2020-06-07 21:00:00,,,
2020-06-08 00:00:00,,,
2020-06-08 03:00:00,,,
2020-06-08 06:00:00,,,
2020-06-08 09:00:00,,,
2020-06-08 12:00:00,,,
2020-06-08 15:00:00,,,
2020-06-08 18:00:00,,,
2020-06-08 21:00:00,,,
2020-06-09 00:00:00,,,
2020-06-09 03:00:00,,,
2020-06-09 06:00:00,,,
2020-06-09 09:00:00,,,
2020-06-09 12:00:00,,,
2020-06-09 15:00:00,,,
2020-06-09 18:00:00,,,
2020-06-09 21:00:00,,,
2020-06-10 00:00:00,,,
2020-06-10 03:00:00,,,
2020-06-10 06:00:00,,,
2020-06-10 09:00:00,,,
2020-06-10 12:00:00,,,
2020-06-10 15:00:00,,,
2020-06-10 18:00:00,,,
2020-06-10 21:00:00,,,
2020-06-11 00:00:00,,,
2020-06-11 03:00:00,,,
2020-06-11 06:00:00,,,
2020-06-11 09:00:00,,,
2020-06-11 12:00:00,,,
2020-06-11 15:00:00,,,
2020-06-11 18:00:00,,,
2020-06-11 21:00:00,,,
2020-06-12 00:00:00,,,
2020-06-12 03:00:00,,,
2020-06-12 06:00:00,,,
2020-06-12 09:00:00,,,
2020-06-12 12:00:00,,,
2020-06-12 15:00:00,,,
2020-06-12 18:00:00,,,
2020-06-12 21:00:00,,,
2020-06-13 00:00:00,,,
2020-06-13 03:00:00,,,
2020-06-13 06:00:00,,,
2020-06-13 09:00:00,,,
2020-06-13 12:00:00,,,
2020-06-13 15:00:00,,,
2020-06-13 18:00:00,,,
2020-06-13 21:00:00,,,
2020-06-14 00:00:00,,,
2020-06-14 03:00:00,,,
2020-06-14 06:00:00,,,
2020-06-14 09:00:00,,,
2020-06-14 12:00:00,,,
2020-06-14 15:00:00,,,
2020-06-14 18:00:00,,,
2020-06-14 21:00:00,,,
2020-06-15 00:00:00,,,
2020-06-15 03:00:00,,,
2020-06-15 06:00:00,,,
2020-06-15 09:00:00,,,
2020-06-15 12:00:00,,,
2020-06-15 15:00:00,,,
2020-06-15 18:00:00,,,
2020-06-15 21:00:00,,,
2020-06-16 00:00:00,,,
2020-06-16 03:00:00,,,
2020-06-16 06:00:00,,,
2020-06-16 09:00:00,,,
2020-06-16 12:00:00,,,
2020-06-16 15:00:00,,,
2020-06-16 18:00:00,,,
2020-06-16 21:00:00,,,
2020-06-17 00:00:00,,,
2020-06-17 03:00:00,,,
2020-06-17 06:00:00,,,
2020-06-17 09:00:00,,,
2020-06-17 12:00:00,,,
2020-06-17 15:00:00,,,
2020-06-17 18:00:00,,,
2020-06-17 21:00:00,,,
2020-06-18 00:00:00,,,
2020-06-18 03:00:00,,,
2020-06-18 06:00:00,,,
2020-06-18 09:00:00,,,
2020-06-18 12:00:00,,,
2020-06-18 15:00:00,,,
2020-06-18 18:00:00,,,
2020-06-18 21:00:00,,,
2020-06-19 00:00:00,,,
2020-06-19 03:00:00,,,
2020-06-19 06:00:00,,,
2020-06-19 09:00:00,,,
2020-06-19 12:00:00,,,
2020-06-19 15:00:00,,,
2020-06-19 18:00:00,,,
2020-06-19 21:00:00,,,
2020-06-20 00:00:00,,,
2020-06-20 03:00:00,,,
2020-06-20 06:00:00,,,
2020-06-20 09:00:00,,,
2020-06-20 12:00:00,,,
2020-06-20 15:00:00,,,
2020-06-20 18:00:00,,,
2020-06-20 21:00:00,,,
2020-06-21 00:00:00,,,
2020-06-21 03:00:00,,,
2020-06-21 06:00:00,,,
2020-06-21 09:00:00,,,
2020-06-21 12:00:00,,,
2020-06-21 15:00:00,,,
2020-06-21 18:00:00,,,
2020-06-21 21:00:00,,,
2020-06-22 00:00:00,,,
2020-06-22 03:00:00,,,
2020-06-22 06:00:00,,,
2020-06-22 09:00:00,,,
2020-06-22 12:00:00,,,
2020-06-22 15:00:00,,,
2020-06-22 18:00:00,,,
2020-06-22 21:00:00,,,
2020-06-23 00:00:00,,,
2020-06-23 03:00:00,,,
2020-06-23 06:00:00,,,
2020-06-23 09:00:00,,,
2020-06-23 12:00:00,,,
2020-06-23 15:00:00,,,
2020-06-23 18:00:00,,,
2020-06-23 21:00:00,,,
2020-06-24 00:00:00,,,
2020-06-24 03:00:00,,,
2020-06-24 06:00:00,,,
2020-06-24 09:00:00,,,
2020-06-24 12:00:00,,,
2020-06-24 15:00:00,,,
2020-06-24 18:00:00,,,
2020-06-24 21:00:00,,,
2020-06-25 00:00:00,,,
2020-06-25 03:00:00,,,
2020-06-25 06:00:00,,,
2020-06-25 09:00:00,,,
2020-06-25 12:00:00,,,
2020-06-25 15:00:00,,,
2020-06-25 18:00:00,,,
2020-06-25 21:00:00,,,
2020-06-26 00:00:00,,,
2020-06-26 03:00:00,,,
2020-06-26 06:00:00,,,
2020-06-26 09:00:00,,,
2020-06-26 12:00:00,,,
2020-06-26 15:00:00,,,
2020-06-26 18:00:00,,,
2020-06-26 21:00:00,,,
2020-06-27 00:00:00,,,
2020-06-27 03:00:00,,,
2020-06-27 06:00:00,,,
2020-06-27 09:00:00,2020-06-27 09:00:00,0.32288521962499994,-0.08356323242185226
2020-06-27 12:00:00,2020-06-27 12:00:00,0.22983101763888888,-0.14609374999997726
2020-06-27 15:00:00,2020-06-27 15:00:00,0.05907038788333333,-0.24167480468747726
2020-06-27 18:00:00,2020-06-27 18:00:00,0.031177291801441662,-0.24173583984372726
2020-06-27 21:00:00,2020-06-27 21:00:00,-0.17745000518055556,-0.33342590332028976
2020-06-28 00:00:00,2020-06-28 00:00:00,-0.1935377714722222,-0.27687683105466476
2020-06-28 03:00:00,2020-06-28 03:00:00,-0.07342531813722222,-0.29932250976560226
2020-06-28 06:00:00,2020-06-28 06:00:00,-0.27233394213888884,-0.5471862792968523
2020-06-28 09:00:00,2020-06-28 09:00:00,-0.5788521913888888,-0.43326416015622726
2020-06-28 12:00:00,2020-06-28 12:00:00,-0.6707826091944445,-0.31328430175778976
2020-06-28 15:00:00,2020-06-28 15:00:00,-0.4000844103055556,-0.45207824707028976
2020-06-28 18:00:00,2020-06-28 18:00:00,-0.7740333557222222,-0.21301879882810226
2020-06-28 21:00:00,2020-06-28 21:00:00,-0.7936118827222223,-0.12717285156247726
2020-06-29 00:00:00,2020-06-29 00:00:00,-1.5123091605555556,-0.18469848632810226
2020-06-29 03:00:00,2020-06-29 03:00:00,-1.6825326663888889,-0.11792602539060226
2020-06-29 06:00:00,2020-06-29 06:00:00,-1.8244495975,-0.08539428710935226
2020-06-29 09:00:00,2020-06-29 09:00:00,-1.3859224116666666,-0.06983032226560226
2020-06-29 12:00:00,2020-06-29 12:00:00,-1.1046721965833333,-0.20392456054685226
2020-06-29 15:00:00,2020-06-29 15:00:00,-1.4856713727777777,-0.26558532714841476
2020-06-29 18:00:00,2020-06-29 18:00:00,-1.9376376722222222,-0.40404357910153976
2020-06-29 21:00:00,2020-06-29 21:00:00,-1.639847740277778,-0.7095092773437273
2020-06-30 00:00:00,2020-06-30 00:00:00,-2.1819456786111115,-0.8191894531249773
2020-06-30 03:00:00,2020-06-30 03:00:00,-1.359546392777778,-0.5519775390624773
2020-06-30 06:00:00,2020-06-30 06:00:00,-0.8398351458611111,-0.8523620605468523
2020-06-30 09:00:00,2020-06-30 09:00:00,-0.22948716047222226,-1.0671905517577898
2020-06-30 12:00:00,2020-06-30 12:00:00,-0.0020467838448933345,-1.1666625976562273
2020-06-30 15:00:00,2020-06-30 15:00:00,0.16999355306388889,-1.2719024658202898
2020-06-30 18:00:00,2020-06-30 18:00:00,-0.2994717919166667,-1.4584411621093523
2020-06-30 21:00:00,2020-06-30 21:00:00,-1.143181703638889,-1.3380798339843523
2020-07-01 00:00:00,2020-07-01 00:00:00,-1.557351985277778,-1.1478332519531023
2020-07-01 03:00:00,2020-07-01 03:00:00,-1.3230953702972224,-0.9854187011718523
2020-07-01 06:00:00,2020-07-01 06:00:00,-0.39260463701475,-0.9664062499999773
2020-07-01 09:00:00,2020-07-01 09:00:00,0.054601093094825,-0.9619354248046648
2020-07-01 12:00:00,2020-07-01 12:00:00,0.6997413510277778,-0.9001373291015398
2020-07-01 15:00:00,2020-07-01 15:00:00,0.41210109775,-0.5186981201171648
2020-07-01 18:00:00,2020-07-01 18:00:00,-0.36236673122222224,-0.42748107910153976
2020-07-01 21:00:00,2020-07-01 21:00:00,-1.5382061991666667,-0.40436401367185226
2020-07-02 00:00:00,2020-07-02 00:00:00,-1.945492307777778,-0.29892578124997726
2020-07-02 03:00:00,2020-07-02 03:00:00,-2.9782210325,-0.6231140136718523
2020-07-02 06:00:00,2020-07-02 06:00:00,-2.6136624213888884,-0.5514892578124773
2020-07-02 09:00:00,2020-07-02 09:00:00,-1.342903306111111,-0.18430175781247726
2020-07-02 12:00:00,2020-07-02 12:00:00,-0.6085459298888889,-0.15122070312497726
2020-07-02 15:00:00,2020-07-02 15:00:00,0.008501273272033335,-0.13202514648435226
2020-07-02 18:00:00,2020-07-02 18:00:00,0.1697048323611111,-0.05060424804685226
2020-07-02 21:00:00,2020-07-02 21:00:00,0.3064820064444445,-0.05145874023435226
2020-07-03 00:00:00,2020-07-03 00:00:00,0.20792380036111113,0.11631164550783524
2020-07-03 03:00:00,2020-07-03 03:00:00,0.19011906933333333,0.08706054687502274
2020-07-03 06:00:00,2020-07-03 06:00:00,0.23807867716666667,0.16329345703127274
2020-07-03 09:00:00,2020-07-03 09:00:00,0.5240168115833334,0.27773437500002274
2020-07-03 12:00:00,2020-07-03 12:00:00,0.5424275163333334,0.21642456054689774
2020-07-03 15:00:00,2020-07-03 15:00:00,0.34564258544444443,0.46917114257814774
2020-07-03 18:00:00,2020-07-03 18:00:00,0.30011046202777775,0.44484863281252274
2020-07-03 21:00:00,2020-07-03 21:00:00,0.35401152258333335,0.5683837890625227
2020-07-04 00:00:00,2020-07-04 00:00:00,0.02797633275915,0.36812744140627274
2020-07-04 03:00:00,2020-07-04 03:00:00,0.03203360667106944,0.27842102050783524
2020-07-04 06:00:00,2020-07-04 06:00:00,0.47019239636111104,0.36828002929689774
2020-07-04 09:00:00,2020-07-04 09:00:00,0.897816276,0.24923095703127274
2020-07-04 12:00:00,2020-07-04 12:00:00,0.4771026099444445,0.38726196289064774
2020-07-04 15:00:00,2020-07-04 15:00:00,0.6391057210833334,0.42569885253908524
2020-07-04 18:00:00,2020-07-04 18:00:00,0.8100253636944444,0.30153808593752274
2020-07-04 21:00:00,2020-07-04 21:00:00,0.516779373888889,0.26821289062502274
2020-07-05 00:00:00,2020-07-05 00:00:00,0.28635857955555555,0.13482055664064774
2020-07-05 03:00:00,2020-07-05 03:00:00,-1.276968339111111,-0.021231079101539763
2020-07-05 06:00:00,2020-07-05 06:00:00,0.023421444356733333,-0.05541076660153976
2020-07-05 09:00:00,2020-07-05 09:00:00,0.21501035502777777,0.0017944335937727374
2020-07-05 12:00:00,2020-07-05 12:00:00,0.31048083894444445,0.07262573242189774
2020-07-05 15:00:00,2020-07-05 15:00:00,0.46224593327777774,0.05858764648439774
2020-07-05 18:00:00,2020-07-05 18:00:00,0.555694304611111,0.24434814453127274
2020-07-05 21:00:00,2020-07-05 21:00:00,0.4201914171388889,0.41671142578127274
2020-07-06 00:00:00,2020-07-06 00:00:00,0.2608490666388889,0.30523071289064774
2020-07-06 03:00:00,2020-07-06 03:00:00,0.1874970238611111,0.27221069335939774
2020-07-06 06:00:00,2020-07-06 06:00:00,0.35783982588888885,0.23967895507814774
2020-07-06 09:00:00,2020-07-06 09:00:00,0.18269899175,0.12984619140627274
2020-07-06 12:00:00,2020-07-06 12:00:00,0.058243560657716666,0.12586364746096024
2020-07-06 15:00:00,2020-07-06 15:00:00,0.4293057115277778,0.09691772460939774
2020-07-06 18:00:00,2020-07-06 18:00:00,0.05551638712021389,0.10115966796877274
2020-07-06 21:00:00,2020-07-06 21:00:00,-0.1651270001388889,0.03975830078127274
2020-07-07 00:00:00,2020-07-07 00:00:00,0.05704336798191665,0.13732299804689774
2020-07-07 03:00:00,2020-07-07 03:00:00,0.3652074853888889,0.18871459960939774
2020-07-07 06:00:00,2020-07-07 06:00:00,0.4367377393055556,0.09230957031252274
2020-07-07 09:00:00,2020-07-07 09:00:00,0.5707983640555555,-0.09421386718747726
2020-07-07 12:00:00,2020-07-07 12:00:00,0.8472180822222222,-0.021978759765602263
2020-07-07 15:00:00,2020-07-07 15:00:00,0.8743288550555556,0.13042602539064774
2020-07-07 18:00:00,2020-07-07 18:00:00,0.8215402057777776,0.025369262695335237
2020-07-07 21:00:00,2020-07-07 21:00:00,0.6900464295833334,0.010919189453147737
2020-07-08 00:00:00,2020-07-08 00:00:00,0.6196630894444445,0.04424438476564774
2020-07-08 03:00:00,2020-07-08 03:00:00,0.5799399305555556,-0.05338134765622726
2020-07-08 06:00:00,2020-07-08 06:00:00,0.5820804290277778,-0.05110778808591476
2020-07-08 09:00:00,2020-07-08 09:00:00,0.10977171123888889,-0.06503906249997726
2020-07-08 12:00:00,2020-07-08 12:00:00,0.051835729729722224,-0.08034362792966476
2020-07-08 15:00:00,2020-07-08 15:00:00,0.10992146362222223,-0.08412780761716476
2020-07-08 18:00:00,2020-07-08 18:00:00,0.31372049541666674,-0.08472290039060226
2020-07-08 21:00:00,2020-07-08 21:00:00,0.39098243727777776,-0.06967773437497726
2020-07-09 00:00:00,2020-07-09 00:00:00,0.31890267725,0.006631469726585237
2020-07-09 03:00:00,2020-07-09 03:00:00,0.22772808499999997,-0.13248291015622726
2020-07-09 06:00:00,2020-07-09 06:00:00,0.14529987280555556,-0.19400634765622726
2020-07-09 09:00:00,2020-07-09 09:00:00,0.33358507361111117,-0.14084472656247726
2020-07-09 12:00:00,2020-07-09 12:00:00,0.5727141018888889,-0.12265624999997726
2020-07-09 15:00:00,2020-07-09 15:00:00,0.7152032135833334,-0.06537475585935226
2020-07-09 18:00:00,2020-07-09 18:00:00,0.697531216361111,0.05339965820314774
2020-07-09 21:00:00,2020-07-09 21:00:00,0.49292996702777786,-0.22229614257810226
2020-07-10 00:00:00,2020-07-10 00:00:00,0.34040484616666666,-0.10831298828122726
2020-07-10 03:00:00,2020-07-10 03:00:00,0.21134485402777778,-0.16568603515622726
2020-07-10 06:00:00,2020-07-10 06:00:00,0.11108037709166667,-0.26470031738278976
2020-07-10 09:00:00,2020-07-10 09:00:00,0.1889995692222222,-0.28937377929685226
2020-07-10 12:00:00,2020-07-10 12:00:00,-0.026684786232500004,-0.14603271484372726
2020-07-10 15:00:00,2020-07-10 15:00:00,-0.3144924588611111,-0.10343017578122726
2020-07-10 18:00:00,2020-07-10 18:00:00,-0.296139259,-0.14179077148435226
2020-07-10 21:00:00,2020-07-10 21:00:00,-0.14436937945833334,-0.07941284179685226
2020-07-11 00:00:00,2020-07-11 00:00:00,0.02261048203760833,-0.017584228515602263
2020-07-11 03:00:00,2020-07-11 03:00:00,0.17836493574999998,-0.06503906249997726
2020-07-11 06:00:00,2020-07-11 06:00:00,0.4272925489722222,0.006188964843772737
2020-07-11 09:00:00,2020-07-11 09:00:00,0.7212829758055556,0.17312011718752274
2020-07-11 12:00:00,2020-07-11 12:00:00,0.8662171979166665,0.10105285644533524
2020-07-11 15:00:00,2020-07-11 15:00:00,0.3488274004166667,0.07778320312502274
2020-07-11 18:00:00,2020-07-11 18:00:00,0.28827164544444445,0.12056884765627274
2020-07-11 21:00:00,2020-07-11 21:00:00,0.2734440527777778,0.12108764648439774
2020-07-12 00:00:00,,,
2020-07-12 03:00:00,,,
2020-07-12 06:00:00,,,
2020-07-12 09:00:00,,,
2020-07-12 12:00:00,,,
2020-07-12 15:00:00,,,
2020-07-12 18:00:00,2020-07-12 18:00:00,-0.2676214338333333,-0.33707275390622726
2020-07-12 21:00:00,2020-07-12 21:00:00,-0.17194269894444444,-0.28026428222653976
2020-07-13 00:00:00,2020-07-13 00:00:00,-0.04921628314527778,-0.28955688476560226
2020-07-13 03:00:00,2020-07-13 03:00:00,-0.054847056061291664,-0.30357971191403976
2020-07-13 06:00:00,2020-07-13 06:00:00,0.10279295628327778,-0.32245483398435226
2020-07-13 09:00:00,2020-07-13 09:00:00,0.37582525512222215,-0.19934692382810226
2020-07-13 12:00:00,2020-07-13 12:00:00,0.5372130584444444,-0.12688293457028976
2020-07-13 15:00:00,2020-07-13 15:00:00,0.5780850015555555,-0.08954467773435226
2020-07-13 18:00:00,2020-07-13 18:00:00,0.5374496667222223,-0.06574096679685226
2020-07-13 21:00:00,2020-07-13 21:00:00,0.44390202316666666,-0.05075683593747726
2020-07-14 00:00:00,2020-07-14 00:00:00,0.46410550386111105,-0.06270446777341476
2020-07-14 03:00:00,2020-07-14 03:00:00,-0.45025395733333334,-0.20346679687497726
2020-07-14 06:00:00,,,
2020-07-14 09:00:00,2020-07-14 09:00:00,-1.4358140552777776,-0.5090393066406023
2020-07-14 12:00:00,2020-07-14 12:00:00,-1.064668056638889,-0.6424926757812273
2020-07-14 15:00:00,2020-07-14 15:00:00,-1.1021094018333333,-0.5611480712890398
2020-07-14 18:00:00,2020-07-14 18:00:00,-1.687926318611111,-0.6873687744140398
2020-07-14 21:00:00,2020-07-14 21:00:00,-1.6829817055555554,-0.49606933593747726
2020-07-15 00:00:00,2020-07-15 00:00:00,-1.6121672991666667,-0.8169464111327898
2020-07-15 03:00:00,2020-07-15 03:00:00,-1.2968439172222224,-0.8668121337890398
2020-07-15 06:00:00,2020-07-15 06:00:00,-1.083110017861111,-0.6473602294921648
2020-07-15 09:00:00,2020-07-15 09:00:00,-0.7206305777500001,-0.7808593749999773
2020-07-15 12:00:00,2020-07-15 12:00:00,-0.285155335,-0.6470397949218523
2020-07-15 15:00:00,2020-07-15 15:00:00,-0.744879333388889,-0.7327636718749773
2020-07-15 18:00:00,2020-07-15 18:00:00,-0.8374786628611112,-0.8967346191406023
2020-07-15 21:00:00,2020-07-15 21:00:00,-0.19479186508333335,-0.6466430664062273
2020-07-16 00:00:00,2020-07-16 00:00:00,0.04677851354425555,-0.6268066406249773
2020-07-16 03:00:00,2020-07-16 03:00:00,0.17425525769444442,-0.5665039062499773
2020-07-16 06:00:00,2020-07-16 06:00:00,0.26719481175000004,-0.45137634277341476
2020-07-16 09:00:00,2020-07-16 09:00:00,0.30799206983333327,-0.7136291503906023
2020-07-16 12:00:00,2020-07-16 12:00:00,0.2954734425555556,-0.35608520507810226
2020-07-16 15:00:00,2020-07-16 15:00:00,0.26119766161111113,-0.26041259765622726
2020-07-16 18:00:00,2020-07-16 18:00:00,0.1950411089166667,-0.22223510742185226
2020-07-16 21:00:00,2020-07-16 21:00:00,0.17126828552777776,-0.11258544921872726
2020-07-17 00:00:00,2020-07-17 00:00:00,0.13595596280555555,-0.10988464355466476
2020-07-17 03:00:00,,,
2020-07-17 06:00:00,2020-07-17 06:00:00,0.19190158166666665,-0.19875183105466476
2020-07-17 09:00:00,2020-07-17 09:00:00,0.13527560745,-0.24199523925778976
2020-07-17 12:00:00,2020-07-17 12:00:00,0.4029302689444445,-0.26605834960935226
2020-07-17 15:00:00,2020-07-17 15:00:00,0.38107940638888893,-0.27025451660153976
2020-07-17 18:00:00,2020-07-17 18:00:00,0.23250820169444444,-0.41782226562497726
2020-07-17 21:00:00,2020-07-17 21:00:00,0.37832916373194453,-0.39481201171872726
2020-07-18 00:00:00,,,
2020-07-18 03:00:00,,,
2020-07-18 06:00:00,,,
2020-07-18 09:00:00,,,
2020-07-18 12:00:00,2020-07-18 12:00:00,0.30672932480555554,-0.40877380371091476
2020-07-18 15:00:00,2020-07-18 15:00:00,-0.40801016475,-0.32236328124997726
2020-07-18 18:00:00,2020-07-18 18:00:00,-0.5675330642222223,-0.36063232421872726
2020-07-18 21:00:00,2020-07-18 21:00:00,-0.7815237346388888,-0.29410400390622726
2020-07-19 00:00:00,2020-07-19 00:00:00,-0.08314937997511387,-0.21301879882810226
2020-07-19 03:00:00,2020-07-19 03:00:00,0.13802910256944445,-0.25404968261716476
2020-07-19 06:00:00,2020-07-19 06:00:00,0.24466547577777775,-0.25560607910153976
2020-07-19 09:00:00,2020-07-19 09:00:00,0.21958914016666667,-0.32749023437497726
2020-07-19 12:00:00,2020-07-19 12:00:00,0.25958736788888886,-0.32712402343747726
2020-07-19 15:00:00,2020-07-19 15:00:00,0.14950585572222222,-0.29859008789060226
2020-07-19 18:00:00,2020-07-19 18:00:00,0.07934023543611111,-0.21054687499997726
2020-07-19 21:00:00,2020-07-19 21:00:00,0.015798471236623333,-0.16580810546872726
2020-07-20 00:00:00,2020-07-20 00:00:00,-0.004671550303480556,-0.19431152343747726
2020-07-20 03:00:00,2020-07-20 03:00:00,-0.010465804244005556,-0.35654296874997726
2020-07-20 06:00:00,2020-07-20 06:00:00,0.047929301742805554,-0.34680786132810226
2020-07-20 09:00:00,2020-07-20 09:00:00,0.12031725603333333,-0.43726196289060226
2020-07-20 12:00:00,2020-07-20 12:00:00,0.20439956652777777,-0.31284179687497726
2020-07-20 15:00:00,2020-07-20 15:00:00,0.10286247216944444,-0.40863647460935226
2020-07-20 18:00:00,2020-07-20 18:00:00,0.020369800949217778,-0.48496093749997726
2020-07-20 21:00:00,2020-07-20 21:00:00,-0.2665621564444445,-0.35626831054685226
2020-07-21 00:00:00,2020-07-21 00:00:00,-0.012017890101093337,-0.5854400634765398
2020-07-21 03:00:00,2020-07-21 03:00:00,-0.23726693923888886,-0.6138977050781023
2020-07-21 06:00:00,2020-07-21 06:00:00,-0.007930022415879444,-0.08917846679685226
2020-07-21 09:00:00,2020-07-21 09:00:00,-0.12332869625277777,-0.25140991210935226
2020-07-21 12:00:00,2020-07-21 12:00:00,0.2450511552222222,-0.11826171874997726
2020-07-21 15:00:00,2020-07-21 15:00:00,0.35980183094444446,-0.11804809570310226
2020-07-21 18:00:00,2020-07-21 18:00:00,0.36283501025,-0.10318603515622726
2020-07-21 21:00:00,2020-07-21 21:00:00,0.6875881368055556,-0.06058349609372726
2020-07-22 00:00:00,2020-07-22 00:00:00,0.42457818394444446,-0.022589111328102263
2020-07-22 03:00:00,2020-07-22 03:00:00,0.33119169491666667,-1.3194946289062273
2020-07-22 06:00:00,2020-07-22 06:00:00,0.7122710125833334,-1.3096374511718523
2020-07-22 09:00:00,2020-07-22 09:00:00,0.9387609223333334,-1.1998657226562273
2020-07-22 12:00:00,2020-07-22 12:00:00,1.2891710141666668,-1.0004333496093523
2020-07-22 15:00:00,2020-07-22 15:00:00,1.1490306658333334,-0.9712585449218523
2020-07-22 18:00:00,2020-07-22 18:00:00,0.8956841786388888,-0.9327758789062273
2020-07-22 21:00:00,2020-07-22 21:00:00,0.47276327766666665,-0.39343872070310226
2020-07-23 00:00:00,2020-07-23 00:00:00,-1.3739823122222223,-0.5375732421874773
2020-07-23 03:00:00,2020-07-23 03:00:00,-0.5419993926111111,-1.1052917480468523
2020-07-23 06:00:00,2020-07-23 06:00:00,-0.03406750578613057,-0.8800872802734148
2020-07-23 09:00:00,2020-07-23 09:00:00,0.14090767305833332,-0.21745910644528976
2020-07-23 12:00:00,2020-07-23 12:00:00,-0.25285256624166663,0.006219482421897737
2020-07-23 15:00:00,2020-07-23 15:00:00,-0.04701001463883334,-0.0036987304687272626
2020-07-23 18:00:00,2020-07-23 18:00:00,0.21340645188888885,0.04929504394533524
2020-07-23 21:00:00,2020-07-23 21:00:00,0.3346740553888889,0.05391845703127274
2020-07-24 00:00:00,2020-07-24 00:00:00,0.15364239530555554,0.15352783203127274
2020-07-24 03:00:00,2020-07-24 03:00:00,0.11423145201666668,-0.10376586914060226
2020-07-24 06:00:00,2020-07-24 06:00:00,0.16181392263888886,-0.25559082031247726
2020-07-24 09:00:00,2020-07-24 09:00:00,0.3018726311388889,-0.20323791503903976
2020-07-24 12:00:00,2020-07-24 12:00:00,0.3789050592777778,-0.13687744140622726
2020-07-24 15:00:00,2020-07-24 15:00:00,0.3959902516388889,-0.14617004394528976
2020-07-24 18:00:00,2020-07-24 18:00:00,0.37029125625,-0.22223510742185226
2020-07-24 21:00:00,2020-07-24 21:00:00,0.16453670061111111,-0.21356811523435226
2020-07-25 00:00:00,2020-07-25 00:00:00,0.049307632034777775,-0.31296386718747726
2020-07-25 03:00:00,2020-07-25 03:00:00,-0.13038629837127777,-0.37564697265622726
2020-07-25 06:00:00,2020-07-25 06:00:00,-0.017130165161163887,-0.22775878906247726
2020-07-25 09:00:00,2020-07-25 09:00:00,0.33762090105555553,-0.05628051757810226
2020-07-25 12:00:00,2020-07-25 12:00:00,0.33021350897222224,0.12056884765627274
2020-07-25 15:00:00,2020-07-25 15:00:00,0.2577170305277778,0.27349243164064774
2020-07-25 18:00:00,2020-07-25 18:00:00,0.38897300374999993,0.39737854003908524
2020-07-25 21:00:00,2020-07-25 21:00:00,0.09575492014447222,0.5263458251953352
2020-07-26 00:00:00,2020-07-26 00:00:00,0.41209838441666663,0.7260375976562727
2020-07-26 03:00:00,2020-07-26 03:00:00,0.8300854033055555,0.7306762695312727
2020-07-26 06:00:00,2020-07-26 06:00:00,1.1954873344444445,0.8353973388672102
2020-07-26 09:00:00,2020-07-26 09:00:00,1.36915384625,0.45931396484377274
2020-07-26 12:00:00,2020-07-26 12:00:00,1.2871680575,0.37792358398439774
2020-07-26 15:00:00,2020-07-26 15:00:00,1.3175376291666667,0.43068847656252274
2020-07-26 18:00:00,2020-07-26 18:00:00,1.1012696083888889,0.45409545898439774
2020-07-26 21:00:00,2020-07-26 21:00:00,1.0470206686388888,0.5880828857422102
2020-07-27 00:00:00,2020-07-27 00:00:00,0.7848005975833333,0.46888122558596024
2020-07-27 03:00:00,2020-07-27 03:00:00,0.7700714831111112,0.25861511230471024
2020-07-27 06:00:00,2020-07-27 06:00:00,0.9536923691944446,0.26296386718752274
2020-07-27 09:00:00,2020-07-27 09:00:00,0.9312316876666666,0.19745788574221024
2020-07-27 12:00:00,2020-07-27 12:00:00,0.9749208359722222,0.6070495605468977
2020-07-27 15:00:00,2020-07-27 15:00:00,1.7399086966666666,1.2317596435547102
2020-07-27 18:00:00,2020-07-27 18:00:00,1.8859279813888887,1.3666015625000227
2020-07-27 21:00:00,2020-07-27 21:00:00,1.5492360791666666,0.9662109375000227
2020-07-28 00:00:00,2020-07-28 00:00:00,0.8814160908055557,0.7885375976562727
2020-07-28 03:00:00,2020-07-28 03:00:00,1.3490737047222223,1.1014343261718977
2020-07-28 06:00:00,2020-07-28 06:00:00,1.5356272405555558,1.0267120361328352
2020-07-28 09:00:00,2020-07-28 09:00:00,1.5159608905555555,0.9356018066406477
2020-07-28 12:00:00,2020-07-28 12:00:00,1.5266130883333335,0.8696533203125227
2020-07-28 15:00:00,2020-07-28 15:00:00,1.7553397958333334,0.7212158203125227
2020-07-28 18:00:00,2020-07-28 18:00:00,1.4703938969444446,0.8787475585937727
2020-07-28 21:00:00,2020-07-28 21:00:00,1.2564574758333336,0.8546386718750227
2020-07-29 00:00:00,2020-07-29 00:00:00,1.4816492830555557,0.9928833007812727
2020-07-29 03:00:00,2020-07-29 03:00:00,1.6310385983333333,0.9291320800781477
2020-07-29 06:00:00,2020-07-29 06:00:00,1.760545863888889,0.6771484375000227
2020-07-29 09:00:00,,,
2020-07-29 12:00:00,,,
2020-07-29 15:00:00,,,
2020-07-29 18:00:00,,,
2020-07-29 21:00:00,,,
2020-07-30 00:00:00,,,
2020-07-30 03:00:00,,,
2020-07-30 06:00:00,,,
2020-07-30 09:00:00,,,
2020-07-30 12:00:00,,,
2020-07-30 15:00:00,,,
2020-07-30 18:00:00,,,
2020-07-30 21:00:00,,,
2020-07-31 00:00:00,,,
2020-07-31 03:00:00,,,
2020-07-31 06:00:00,,,
2020-07-31 09:00:00,,,
2020-07-31 12:00:00,,,
2020-07-31 15:00:00,,,
2020-07-31 18:00:00,,,
2020-07-31 21:00:00,,,
2020-08-01 00:00:00,,,
2020-08-01 03:00:00,,,
2020-08-01 06:00:00,,,
2020-08-01 09:00:00,,,
2020-08-01 12:00:00,,,
2020-08-01 15:00:00,,,
2020-08-01 18:00:00,,,
2020-08-01 21:00:00,,,
2020-08-02 00:00:00,,,
2020-08-02 03:00:00,,,
2020-08-02 06:00:00,,,
2020-08-02 09:00:00,,,
2020-08-02 12:00:00,,,
2020-08-02 15:00:00,,,
2020-08-02 18:00:00,,,
2020-08-02 21:00:00,,,
2020-08-03 00:00:00,,,
2020-08-03 03:00:00,,,
2020-08-03 06:00:00,,,
2020-08-03 09:00:00,,,
2020-08-03 12:00:00,,,
2020-08-03 15:00:00,,,
2020-08-03 18:00:00,,,
2020-08-03 21:00:00,,,
2020-08-04 00:00:00,,,
2020-08-04 03:00:00,,,
2020-08-04 06:00:00,,,
2020-08-04 09:00:00,,,
2020-08-04 12:00:00,,,
2020-08-04 15:00:00,,,
2020-08-04 18:00:00,,,
2020-08-04 21:00:00,,,
2020-08-05 00:00:00,,,
2020-08-05 03:00:00,,,
2020-08-05 06:00:00,,,
2020-08-05 09:00:00,,,
2020-08-05 12:00:00,,,
2020-08-05 15:00:00,,,
2020-08-05 18:00:00,,,
2020-08-05 21:00:00,,,
2020-08-06 00:00:00,,,
2020-08-06 03:00:00,,,
2020-08-06 06:00:00,,,
2020-08-06 09:00:00,,,
2020-08-06 12:00:00,,,
2020-08-06 15:00:00,,,
2020-08-06 18:00:00,,,
2020-08-06 21:00:00,,,
2020-08-07 00:00:00,,,
2020-08-07 03:00:00,,,
2020-08-07 06:00:00,,,
2020-08-07 09:00:00,,,
2020-08-07 12:00:00,,,
2020-08-07 15:00:00,,,
2020-08-07 18:00:00,,,
2020-08-07 21:00:00,,,
2020-08-08 00:00:00,,,
2020-08-08 03:00:00,,,
2020-08-08 06:00:00,,,
2020-08-08 09:00:00,,,
2020-08-08 12:00:00,,,
2020-08-08 15:00:00,,,
2020-08-08 18:00:00,,,
2020-08-08 21:00:00,,,
2020-08-09 00:00:00,,,
2020-08-09 03:00:00,,,
2020-08-09 06:00:00,,,
2020-08-09 09:00:00,,,
2020-08-09 12:00:00,,,
2020-08-09 15:00:00,,,
2020-08-09 18:00:00,,,
2020-08-09 21:00:00,,,
2020-08-10 00:00:00,,,
2020-08-10 03:00:00,,,
2020-08-10 06:00:00,,,
2020-08-10 09:00:00,,,
2020-08-10 12:00:00,,,
2020-08-10 15:00:00,,,
2020-08-10 18:00:00,,,
2020-08-10 21:00:00,,,
2020-08-11 00:00:00,,,
2020-08-11 03:00:00,,,
2020-08-11 06:00:00,,,
2020-08-11 09:00:00,,,
2020-08-11 12:00:00,,,
2020-08-11 15:00:00,,,
2020-08-11 18:00:00,,,
2020-08-11 21:00:00,,,
2020-08-12 00:00:00,,,
2020-08-12 03:00:00,,,
2020-08-12 06:00:00,,,
2020-08-12 09:00:00,,,
2020-08-12 12:00:00,,,
2020-08-12 15:00:00,,,
2020-08-12 18:00:00,,,
2020-08-12 21:00:00,,,
2020-08-13 00:00:00,,,
2020-08-13 03:00:00,,,
2020-08-13 06:00:00,,,
2020-08-13 09:00:00,,,
2020-08-13 12:00:00,,,
2020-08-13 15:00:00,,,
2020-08-13 18:00:00,,,
2020-08-13 21:00:00,,,
2020-08-14 00:00:00,,,
2020-08-14 03:00:00,,,
2020-08-14 06:00:00,,,
2020-08-14 09:00:00,,,
2020-08-14 12:00:00,,,
2020-08-14 15:00:00,,,
2020-08-14 18:00:00,,,
2020-08-14 21:00:00,,,
2020-08-15 00:00:00,,,
2020-08-15 03:00:00,,,
2020-08-15 06:00:00,,,
2020-08-15 09:00:00,,,
2020-08-15 12:00:00,,,
2020-08-15 15:00:00,,,
2020-08-15 18:00:00,,,
2020-08-15 21:00:00,,,
2020-08-16 00:00:00,,,
2020-08-16 03:00:00,,,
2020-08-16 06:00:00,,,
2020-08-16 09:00:00,,,
2020-08-16 12:00:00,,,
2020-08-16 15:00:00,,,
2020-08-16 18:00:00,,,
2020-08-16 21:00:00,,,
2020-08-17 00:00:00,,,
2020-08-17 03:00:00,,,
2020-08-17 06:00:00,,,
2020-08-17 09:00:00,,,
2020-08-17 12:00:00,,,
2020-08-17 15:00:00,,,
2020-08-17 18:00:00,,,
2020-08-17 21:00:00,,,
2020-08-18 00:00:00,,,
2020-08-18 03:00:00,,,
2020-08-18 06:00:00,,,
2020-08-18 09:00:00,,,
2020-08-18 12:00:00,,,
2020-08-18 15:00:00,,,
2020-08-18 18:00:00,,,
2020-08-18 21:00:00,,,
2020-08-19 00:00:00,,,
2020-08-19 03:00:00,,,
2020-08-19 06:00:00,,,
2020-08-19 09:00:00,,,
2020-08-19 12:00:00,,,
2020-08-19 15:00:00,,,
2020-08-19 18:00:00,,,
2020-08-19 21:00:00,,,
2020-08-20 00:00:00,,,
2020-08-20 03:00:00,,,
2020-08-20 06:00:00,,,
2020-08-20 09:00:00,,,
2020-08-20 12:00:00,,,
2020-08-20 15:00:00,,,
2020-08-20 18:00:00,,,
2020-08-20 21:00:00,,,
2020-08-21 00:00:00,,,
2020-08-21 03:00:00,,,
2020-08-21 06:00:00,,,
2020-08-21 09:00:00,,,
2020-08-21 12:00:00,,,
2020-08-21 15:00:00,,,
2020-08-21 18:00:00,,,
2020-08-21 21:00:00,,,
2020-08-22 00:00:00,,,
2020-08-22 03:00:00,,,
2020-08-22 06:00:00,,,
2020-08-22 09:00:00,,,
2020-08-22 12:00:00,,,
2020-08-22 15:00:00,,,
2020-08-22 18:00:00,,,
2020-08-22 21:00:00,,,
2020-08-23 00:00:00,,,
2020-08-23 03:00:00,,,
2020-08-23 06:00:00,,,
2020-08-23 09:00:00,,,
2020-08-23 12:00:00,,,
2020-08-23 15:00:00,,,
2020-08-23 18:00:00,,,
2020-08-23 21:00:00,,,
2020-08-24 00:00:00,,,
2020-08-24 03:00:00,,,
2020-08-24 06:00:00,,,
2020-08-24 09:00:00,,,
2020-08-24 12:00:00,,,
2020-08-24 15:00:00,,,
2020-08-24 18:00:00,,,
2020-08-24 21:00:00,,,
2020-08-25 00:00:00,,,
2020-08-25 03:00:00,,,
2020-08-25 06:00:00,,,
2020-08-25 09:00:00,,,
2020-08-25 12:00:00,,,
2020-08-25 15:00:00,,,
2020-08-25 18:00:00,,,
2020-08-25 21:00:00,,,
2020-08-26 00:00:00,,,
2020-08-26 03:00:00,,,
2020-08-26 06:00:00,,,
2020-08-26 09:00:00,,,
2020-08-26 12:00:00,,,
2020-08-26 15:00:00,,,
2020-08-26 18:00:00,,,
2020-08-26 21:00:00,,,
2020-08-27 00:00:00,,,
2020-08-27 03:00:00,,,
2020-08-27 06:00:00,,,
2020-08-27 09:00:00,,,
2020-08-27 12:00:00,2020-08-27 12:00:00,0.5091586046388888,0.39260253906252274
2020-08-27 15:00:00,2020-08-27 15:00:00,0.13975678266666666,0.34499511718752274
2020-08-27 18:00:00,2020-08-27 18:00:00,0.24411174019444445,0.28153381347658524
2020-08-27 21:00:00,2020-08-27 21:00:00,0.38288336841666665,0.20702514648439774
2020-08-28 00:00:00,2020-08-28 00:00:00,0.25145699455555554,0.15085754394533524
2020-08-28 03:00:00,2020-08-28 03:00:00,0.29940134700000004,0.020501708984397737
2020-08-28 06:00:00,2020-08-28 06:00:00,0.4801430807777778,0.011178588867210237
2020-08-28 09:00:00,2020-08-28 09:00:00,0.34493329822222224,0.04853210449221024
2020-08-28 12:00:00,2020-08-28 12:00:00,0.3156895654166667,0.005761718750022737
2020-08-28 15:00:00,2020-08-28 15:00:00,0.53551768825,-0.07103576660153976
2020-08-28 18:00:00,2020-08-28 18:00:00,0.5417125703611111,0.016717529296897737
2020-08-28 21:00:00,2020-08-28 21:00:00,0.46414836419444444,0.05811462402346024
2020-08-29 00:00:00,2020-08-29 00:00:00,0.4290226241111112,0.06717834472658524
2020-08-29 03:00:00,2020-08-29 03:00:00,0.43798132100000003,0.05333862304689774
2020-08-29 06:00:00,2020-08-29 06:00:00,0.5257560819166667,-0.05350341796872726
2020-08-29 09:00:00,2020-08-29 09:00:00,0.31909467105555556,0.03983459472658524
2020-08-29 12:00:00,2020-08-29 12:00:00,0.11958491393888888,-0.016409301757789763
2020-08-29 15:00:00,2020-08-29 15:00:00,0.12042474933333334,-0.17438354492185226
2020-08-29 18:00:00,2020-08-29 18:00:00,0.22719404505555554,-0.07669677734372726
2020-08-29 21:00:00,2020-08-29 21:00:00,0.15701269356944444,-0.04469909667966476
2020-08-30 00:00:00,2020-08-30 00:00:00,0.14460870043888888,-0.10060729980466476
2020-08-30 03:00:00,2020-08-30 03:00:00,0.1231242068138889,-0.15570678710935226
2020-08-30 06:00:00,2020-08-30 06:00:00,-0.12485511372777776,-0.12775268554685226
2020-08-30 09:00:00,2020-08-30 09:00:00,-0.4295546720555556,-0.13312377929685226
2020-08-30 12:00:00,2020-08-30 12:00:00,-0.9892637851666667,-0.14217224121091476
2020-08-30 15:00:00,2020-08-30 15:00:00,-1.0264501821666665,-0.13324584960935226
2020-08-30 18:00:00,2020-08-30 18:00:00,-1.068814584638889,-0.27736511230466476
2020-08-30 21:00:00,2020-08-30 21:00:00,-1.004834922611111,-0.24899902343747726
2020-08-31 00:00:00,2020-08-31 00:00:00,-1.1927088458333333,-0.28333129882810226
2020-08-31 03:00:00,2020-08-31 03:00:00,-1.0717292663333333,-0.33824768066403976
2020-08-31 06:00:00,2020-08-31 06:00:00,-0.7904510749444444,-0.38353576660153976
2020-08-31 09:00:00,2020-08-31 09:00:00,-0.6678861161111111,-0.41255798339841476
2020-08-31 12:00:00,2020-08-31 12:00:00,-0.3242230142777778,-0.44000854492185226
2020-08-31 15:00:00,2020-08-31 15:00:00,-0.5916697136666667,-0.49146118164060226
2020-08-31 18:00:00,2020-08-31 18:00:00,-0.6366860789722222,-0.49138488769528976
2020-08-31 21:00:00,2020-08-31 21:00:00,-0.39181760583333336,-0.33276977539060226
