,time,lat,lon,2t
0,2019-09-20 17:00:00,69.67955,18.996640000000014,274.5257873535156
1,2019-09-20 18:00:00,69.67955,18.99664999999999,274.56497955322266
2,2019-09-20 19:00:00,69.68378,19.025270000000006,274.6669464111328
3,2019-09-20 20:00:00,69.80262,19.411339999999996,270.9893569946289
4,2019-09-20 21:00:00,69.91434,19.895190000000014,270.94886016845703
5,2019-09-20 22:00:00,70.09253,20.230729999999994,272.1484375
6,2019-09-20 23:00:00,70.28971,20.439639999999997,271.96993255615234
7,2019-09-21 00:00:00,70.46332,20.80802,274.014404296875
8,2019-09-21 01:00:00,70.63522,21.17132000000001,274.0856704711914
9,2019-09-21 02:00:00,70.81119,21.542360000000002,273.8861389160156
10,2019-09-21 03:00:00,70.9619,22.01044999999999,273.91480255126953
11,2019-09-21 04:00:00,71.1125,22.52036000000001,272.87723541259766
12,2019-09-21 05:00:00,71.26079,23.03522000000001,273.05309295654297
13,2019-09-21 06:00:00,71.40394,23.544450000000012,273.41668701171875
14,2019-09-21 07:00:00,71.54404,24.055209999999988,272.90343475341797
15,2019-09-21 08:00:00,71.67923,24.55958000000001,272.7334213256836
16,2019-09-21 09:00:00,71.81303,25.072120000000012,271.5644989013672
17,2019-09-21 10:00:00,71.94108,25.57423,271.5024871826172
18,2019-09-21 11:00:00,72.06317,26.06438,272.03282165527344
19,2019-09-21 12:00:00,72.14798,26.41001,272.0399703979492
20,2019-09-21 13:00:00,72.28545,26.85750999999999,271.49822998046875
21,2019-09-21 14:00:00,72.43329,27.34232,271.45310974121094
22,2019-09-21 15:00:00,72.58152,27.894110000000012,270.86270904541016
23,2019-09-21 16:00:00,72.74398,28.39975000000001,270.78663635253906
24,2019-09-21 17:00:00,72.89066,28.92401000000001,270.4888229370117
25,2019-09-21 18:00:00,73.03655,29.449810000000014,270.3099670410156
26,2019-09-21 19:00:00,73.17963,29.983389999999986,270.3727569580078
27,2019-09-21 20:00:00,73.32211,30.52913000000001,270.4141845703125
28,2019-09-21 21:00:00,73.46276,31.08256,270.5242233276367
29,2019-09-21 22:00:00,73.60168,31.643879999999996,270.6367492675781
30,2019-09-21 23:00:00,73.73809,32.209360000000004,270.4951858520508
31,2019-09-22 00:00:00,73.87609,32.79930000000002,269.9161376953125
32,2019-09-22 01:00:00,74.01256,33.399,269.9690399169922
33,2019-09-22 02:00:00,74.14396,33.99297999999999,269.9910659790039
34,2019-09-22 03:00:00,74.27761,34.614660000000015,270.049072265625
35,2019-09-22 04:00:00,74.41307,35.26567,270.27132415771484
36,2019-09-22 05:00:00,74.54602,35.923550000000006,270.3584213256836
37,2019-09-22 06:00:00,74.67485,36.58058,270.33642578125
38,2019-09-22 07:00:00,74.80356,37.2603,270.3572235107422
39,2019-09-22 08:00:00,74.93098,37.95429999999999,269.66759490966797
40,2019-09-22 09:00:00,75.05481,38.65163000000001,269.6214370727539
41,2019-09-22 10:00:00,75.17563,39.35640999999998,269.0458297729492
42,2019-09-22 11:00:00,75.29393,40.068839999999994,269.15338134765625
43,2019-09-22 12:00:00,75.40777,40.777739999999994,269.85047912597656
44,2019-09-22 13:00:00,75.51823,41.490999999999985,270.04187774658203
45,2019-09-22 14:00:00,75.62692,42.21767,270.5241394042969
46,2019-09-22 15:00:00,75.73465,42.96285,270.4438705444336
47,2019-09-22 16:00:00,75.84079,43.72071,269.9866714477539
48,2019-09-22 17:00:00,75.9433,44.49020999999999,269.96239471435547
49,2019-09-22 18:00:00,76.04395,45.269499999999994,269.96561431884766
50,2019-09-22 19:00:00,76.13942,46.037859999999995,269.5746154785156
51,2019-09-22 20:00:00,76.23201,46.81399999999999,269.64583587646484
52,2019-09-22 21:00:00,76.3219,47.59904,269.4539108276367
53,2019-09-22 22:00:00,76.40849,48.38479000000001,269.25523376464844
54,2019-09-22 23:00:00,76.49318,49.18536,269.2067565917969
55,2019-09-23 00:00:00,76.57606,50.00448,268.3878860473633
56,2019-09-23 01:00:00,76.65608,50.83391,268.40608978271484
57,2019-09-23 02:00:00,76.73172,51.65111000000002,268.37074279785156
58,2019-09-23 03:00:00,76.80469,52.47719000000001,268.25718688964844
59,2019-09-23 04:00:00,76.87523,53.315889999999996,268.1306457519531
60,2019-09-23 05:00:00,76.94114,54.141520000000014,268.10423278808594
61,2019-09-23 06:00:00,77.03841,54.896270000000015,267.7390899658203
62,2019-09-23 07:00:00,77.16918,55.54668000000001,267.7884979248047
63,2019-09-23 08:00:00,77.29086,56.22830999999999,267.790283203125
64,2019-09-23 09:00:00,77.39976,56.920950000000005,267.5005798339844
65,2019-09-23 10:00:00,77.51162,57.638149999999996,267.5420837402344
66,2019-09-23 11:00:00,77.62489,58.371340000000004,268.28590393066406
67,2019-09-23 12:00:00,77.73794,59.10919999999999,267.3893051147461
68,2019-09-23 13:00:00,77.84994,59.84746999999999,267.48299407958984
69,2019-09-23 14:00:00,77.96086,60.584599999999995,268.1254348754883
70,2019-09-23 15:00:00,78.07137,61.326040000000006,268.02696990966797
71,2019-09-23 16:00:00,78.1826,62.079679999999996,267.74681854248047
72,2019-09-23 17:00:00,78.29466,62.845489999999984,267.66182708740234
73,2019-09-23 18:00:00,78.40738,63.62313,267.4678649902344
74,2019-09-23 19:00:00,78.51854,64.39726000000002,267.2289047241211
75,2019-09-23 20:00:00,78.62929,65.17649,267.25008392333984
76,2019-09-23 21:00:00,78.73835,65.95028000000002,267.2912368774414
77,2019-09-23 22:00:00,78.84445,66.71087,267.0593948364258
78,2019-09-23 23:00:00,78.95201,67.48928000000001,267.0767059326172
79,2019-09-24 00:00:00,79.06006,68.27802,266.82696533203125
80,2019-09-24 01:00:00,79.16161,69.09532000000002,266.9164352416992
81,2019-09-24 02:00:00,79.26247,69.95997,266.9912567138672
82,2019-09-24 03:00:00,79.36694,70.86238,267.0988082885742
83,2019-09-24 04:00:00,79.4722,71.78125,267.2600860595703
84,2019-09-24 05:00:00,79.57664,72.70287000000002,266.6525115966797
85,2019-09-24 06:00:00,79.68288,73.64987000000002,266.7854919433594
86,2019-09-24 07:00:00,79.7929,74.63958,266.95350646972656
87,2019-09-24 08:00:00,79.92189,75.38209,267.05611419677734
88,2019-09-24 09:00:00,79.99599,76.42097000000001,266.0531463623047
89,2019-09-24 10:00:00,80.09275,77.35789999999997,266.7869110107422
90,2019-09-24 11:00:00,80.14151,78.40026999999998,266.9063415527344
91,2019-09-24 12:00:00,80.22707,79.29926,267.0314712524414
92,2019-09-24 13:00:00,80.37942,80.02594999999997,266.5678176879883
93,2019-09-24 14:00:00,80.49153,81.02305000000001,266.73709869384766
94,2019-09-24 15:00:00,80.61974,82.01835,267.0576171875
95,2019-09-24 16:00:00,80.75415,83.07706999999999,266.65186309814453
96,2019-09-24 17:00:00,80.89116,84.17090000000002,266.95609283447266
97,2019-09-24 18:00:00,81.02819,85.28127,267.22679138183594
98,2019-09-24 19:00:00,81.15928,86.35933,268.2487106323242
99,2019-09-24 20:00:00,81.29232,87.47012999999998,268.30777740478516
100,2019-09-24 21:00:00,81.42716,88.59996999999998,268.2249984741211
101,2019-09-24 22:00:00,81.56421,89.74151999999998,268.25255584716797
102,2019-09-24 23:00:00,81.65582,90.92428999999998,267.97957611083984
103,2019-09-25 00:00:00,81.60735,92.35090000000002,267.453369140625
104,2019-09-25 01:00:00,81.55955,93.74592999999999,267.5892639160156
105,2019-09-25 02:00:00,81.51263,95.11095,267.76534271240234
106,2019-09-25 03:00:00,81.46448,96.50275999999997,267.878662109375
107,2019-09-25 04:00:00,81.34058,97.59019999999998,268.23494720458984
108,2019-09-25 05:00:00,81.18693,98.51285999999999,268.3278274536133
109,2019-09-25 06:00:00,81.03714,99.14895999999999,268.40203857421875
110,2019-09-25 07:00:00,80.89872,99.92093999999997,268.5005798339844
111,2019-09-25 08:00:00,80.86184,100.99824999999998,268.65435791015625
112,2019-09-25 09:00:00,80.84129,101.80878000000001,268.69261932373047
113,2019-09-25 10:00:00,80.84415,102.63689999999997,268.6786804199219
114,2019-09-25 11:00:00,80.85939,103.30623000000003,268.65187072753906
115,2019-09-25 12:00:00,80.84614,104.00747000000001,268.64087677001953
116,2019-09-25 13:00:00,80.87118,104.66588999999999,267.9963836669922
117,2019-09-25 14:00:00,80.93967,105.17797999999999,267.8978576660156
118,2019-09-25 15:00:00,81.02236,105.69472999999999,267.88031005859375
119,2019-09-25 16:00:00,81.06482,106.32364999999999,267.4390182495117
120,2019-09-25 17:00:00,81.06429,106.99130000000002,267.39498138427734
121,2019-09-25 18:00:00,81.03127,107.62092999999999,267.35142517089844
122,2019-09-25 19:00:00,81.05327,108.30513000000002,267.3088912963867
123,2019-09-25 20:00:00,81.0714,109.00704999999999,267.12645721435547
124,2019-09-25 21:00:00,81.12989,109.70206999999999,266.47259521484375
125,2019-09-25 22:00:00,81.21015,110.15007000000003,266.4622497558594
126,2019-09-25 23:00:00,81.26152,110.74399,266.40504455566406
127,2019-09-26 00:00:00,81.32203,111.44020999999998,265.90440368652344
128,2019-09-26 01:00:00,81.40883,112.03379000000001,265.9828872680664
129,2019-09-26 02:00:00,81.39206,112.63868000000002,266.06336975097656
130,2019-09-26 03:00:00,81.39535,112.63304,266.16170501708984
131,2019-09-26 04:00:00,81.39891,112.65649000000002,266.31859588623047
132,2019-09-26 05:00:00,81.407,113.07905,266.4523239135742
133,2019-09-26 06:00:00,81.4683,113.79572000000002,265.9443893432617
134,2019-09-26 07:00:00,81.55975,114.52177,266.06886291503906
135,2019-09-26 08:00:00,81.59384,115.44355000000002,266.0281295776367
136,2019-09-26 09:00:00,81.67498,116.48714000000001,265.8468933105469
137,2019-09-26 10:00:00,81.74633,117.11172999999997,265.2946319580078
138,2019-09-26 11:00:00,81.82274,117.71012999999999,265.1240997314453
139,2019-09-26 12:00:00,81.85928,118.36106999999998,264.88936614990234
140,2019-09-26 13:00:00,81.90313,119.07646999999997,264.24092864990234
141,2019-09-26 14:00:00,81.94088,119.47120999999999,264.06050872802734
142,2019-09-26 15:00:00,82.04427,119.77082999999999,263.5657501220703
143,2019-09-26 16:00:00,82.0626,119.43119000000002,263.11058807373047
144,2019-09-26 17:00:00,82.06467,119.27985000000001,262.96004486083984
145,2019-09-26 18:00:00,82.06656,119.29773999999998,262.83304595947266
146,2019-09-26 19:00:00,82.06302,119.28547000000003,262.67366790771484
147,2019-09-26 20:00:00,82.06351,119.28481999999997,262.3917694091797
148,2019-09-26 21:00:00,82.06454,119.27863000000002,262.0998001098633
149,2019-09-26 22:00:00,82.06282,119.27123,261.7540740966797
150,2019-09-26 23:00:00,82.06528,119.28361000000001,261.4819793701172
151,2019-09-27 00:00:00,82.07193,119.28395,261.6779479980469
152,2019-09-27 01:00:00,82.07839,119.28834,261.4939422607422
153,2019-09-27 02:00:00,82.08447,119.30709999999999,261.4990234375
154,2019-09-27 03:00:00,82.09003,119.34863000000001,261.38878631591797
155,2019-09-27 04:00:00,82.01358,119.36002000000002,261.2260284423828
156,2019-09-27 05:00:00,81.9587,119.30763999999999,261.146728515625
157,2019-09-27 06:00:00,81.95872,119.3123,261.11243438720703
158,2019-09-27 07:00:00,81.95675,119.30016999999998,260.9748764038086
159,2019-09-27 08:00:00,81.95734,119.76761999999997,260.89427947998047
160,2019-09-27 09:00:00,81.9556,119.77735000000001,261.0051727294922
161,2019-09-27 10:00:00,81.95898,119.73320999999999,261.08734130859375
162,2019-09-27 11:00:00,82.02665,119.91070000000002,261.1806640625
163,2019-09-27 12:00:00,82.04598,120.22059000000002,261.50108337402344
164,2019-09-27 13:00:00,82.1482,120.04335000000003,261.8069152832031
165,2019-09-27 14:00:00,82.24383,119.85106000000002,262.11463928222656
166,2019-09-27 15:00:00,82.29635,119.43929000000003,262.5098114013672
167,2019-09-27 16:00:00,82.2624,118.88231999999999,261.9387893676758
168,2019-09-27 17:00:00,82.15183,119.15708000000001,263.03833770751953
169,2019-09-27 18:00:00,82.07592,119.55644999999998,263.1470718383789
170,2019-09-27 19:00:00,82.07022,119.76301000000001,263.2738800048828
171,2019-09-27 20:00:00,82.06915,119.7656,263.2875442504883
172,2019-09-27 21:00:00,82.06873,119.75468000000001,263.1726608276367
173,2019-09-27 22:00:00,82.07665,119.71614,263.03675079345703
174,2019-09-27 23:00:00,82.07191,119.64632,262.8600540161133
175,2019-09-28 00:00:00,82.07815,119.55565999999999,262.70043182373047
176,2019-09-28 01:00:00,82.09035,119.49727999999999,262.45997619628906
177,2019-09-28 02:00:00,82.09822,119.55947000000003,262.3353500366211
178,2019-09-28 03:00:00,82.10883,119.57391999999999,262.1728057861328
179,2019-09-28 04:00:00,82.15014,119.67779000000002,262.0747756958008
180,2019-09-28 05:00:00,82.23077,120.07479999999998,262.10670471191406
181,2019-09-28 06:00:00,82.33015,120.47023999999999,262.3148422241211
182,2019-09-28 07:00:00,82.45597,120.52585999999997,262.48008728027344
183,2019-09-28 08:00:00,82.56787,121.21147000000002,262.5590515136719
184,2019-09-28 09:00:00,82.65732,121.74149,262.73973083496094
185,2019-09-28 10:00:00,82.76724,122.03267,262.7167663574219
186,2019-09-28 11:00:00,82.85898,122.39533,262.7185287475586
187,2019-09-28 12:00:00,82.90819,122.93839000000003,262.759033203125
188,2019-09-28 13:00:00,83.01568,123.43371000000002,262.6206512451172
189,2019-09-28 14:00:00,83.08311,124.04678000000001,262.6017608642578
190,2019-09-28 15:00:00,83.18634,124.62814000000003,262.6056823730469
191,2019-09-28 16:00:00,83.27913,125.34735999999998,262.55408477783203
192,2019-09-28 17:00:00,83.36799,125.85118999999997,262.23431396484375
193,2019-09-28 18:00:00,83.47084,126.00416000000001,262.0994873046875
194,2019-09-28 19:00:00,83.56778,126.40431000000001,261.9130630493164
195,2019-09-28 20:00:00,83.66563,126.79383999999999,261.5901641845703
196,2019-09-28 21:00:00,83.76252,127.17302000000001,260.87525177001953
197,2019-09-28 22:00:00,83.85358,127.71647000000002,260.49170684814453
198,2019-09-28 23:00:00,83.94145,128.31987000000004,260.09069061279297
199,2019-09-29 00:00:00,84.04065,128.54404,260.0204162597656
200,2019-09-29 01:00:00,84.15035,129.00275999999997,259.7187728881836
201,2019-09-29 02:00:00,84.18624,129.13993,259.5012512207031
202,2019-09-29 03:00:00,84.27307,129.81330000000003,260.3798828125
203,2019-09-29 04:00:00,84.38129,129.19663000000003,260.11124420166016
204,2019-09-29 05:00:00,84.46889,128.82501000000002,259.8408508300781
205,2019-09-29 06:00:00,84.54231,128.60257000000001,259.6273651123047
206,2019-09-29 07:00:00,84.54212,128.57869,259.5092086791992
207,2019-09-29 08:00:00,84.54194,128.54467,259.4795684814453
208,2019-09-29 09:00:00,84.54153,128.57606999999996,259.5753707885742
209,2019-09-29 10:00:00,84.56433,129.42659000000003,259.6695785522461
210,2019-09-29 11:00:00,84.64691,129.88347999999996,259.78682708740234
211,2019-09-29 12:00:00,84.69726,130.64989000000003,260.6211853027344
212,2019-09-29 13:00:00,84.7516,131.75887,260.2461700439453
213,2019-09-29 14:00:00,84.81248,132.88005999999996,259.9716110229492
214,2019-09-29 15:00:00,84.85457,134.10231,259.7194595336914
215,2019-09-29 16:00:00,84.89847,135.02484000000004,260.3657684326172
216,2019-09-29 17:00:00,84.95945,135.90913,260.35193634033203
217,2019-09-29 18:00:00,84.99068,136.86883,260.1944274902344
218,2019-09-29 19:00:00,85.06901,137.47298999999998,259.9264831542969
219,2019-09-29 20:00:00,85.12095,138.12873000000002,259.7161331176758
220,2019-09-29 21:00:00,85.11921,138.07856000000004,259.5849838256836
221,2019-09-29 22:00:00,85.11775,138.01511,259.62679290771484
222,2019-09-29 23:00:00,85.12397,138.03845,259.88761138916016
223,2019-09-30 00:00:00,85.12441,137.98648000000003,261.8135299682617
224,2019-09-30 01:00:00,85.12389,137.93745,262.32103729248047
225,2019-09-30 02:00:00,85.12301,137.89761,262.76866149902344
226,2019-09-30 03:00:00,85.12141,137.86352,263.20457458496094
227,2019-09-30 04:00:00,85.11902,137.83090000000004,263.53108978271484
228,2019-09-30 05:00:00,85.11599,137.79485999999997,263.73619842529297
229,2019-09-30 06:00:00,85.11249,137.75000999999997,263.78814697265625
230,2019-09-30 07:00:00,85.10904,137.69561,263.84019470214844
231,2019-09-30 08:00:00,85.10606,137.63396999999998,263.8703155517578
232,2019-09-30 09:00:00,85.10376,137.56843000000003,263.74523162841797
233,2019-09-30 10:00:00,85.10199,137.50477999999998,263.46800231933594
234,2019-09-30 11:00:00,85.10073,137.4468,262.98529052734375
235,2019-09-30 12:00:00,85.09931,137.39965,262.28936767578125
236,2019-09-30 13:00:00,85.09669,137.36571000000004,261.89002227783203
237,2019-09-30 14:00:00,85.09328,137.33839,261.7155075073242
238,2019-09-30 15:00:00,85.08916,137.31367,261.7072067260742
239,2019-09-30 16:00:00,85.08431,137.28808000000004,261.7483215332031
240,2019-09-30 17:00:00,85.07904,137.25707999999997,261.7262268066406
241,2019-09-30 18:00:00,85.07394,137.22141999999997,261.72362518310547
242,2019-09-30 19:00:00,85.06938,137.17949999999996,261.76853942871094
243,2019-09-30 20:00:00,85.06568,137.13248,261.78905487060547
244,2019-09-30 21:00:00,85.06311,137.08482000000004,261.81146240234375
245,2019-09-30 22:00:00,85.06171,137.03894000000003,261.8135757446289
246,2019-09-30 23:00:00,85.06115,136.99905,261.8288345336914
247,2019-10-01 00:00:00,85.06107,136.96708999999998,260.56368255615234
248,2019-10-01 01:00:00,85.06076,136.94462999999996,260.60713958740234
249,2019-10-01 02:00:00,85.06013,136.92835000000002,260.6634063720703
250,2019-10-01 03:00:00,85.05899,136.9169,260.7341003417969
251,2019-10-01 04:00:00,85.05725,136.90697,260.7701950073242
252,2019-10-01 05:00:00,85.05509,136.89400999999998,260.74927520751953
253,2019-10-01 06:00:00,85.05271,136.8766,260.7308654785156
254,2019-10-01 07:00:00,85.05054,136.85455000000002,260.7742462158203
255,2019-10-01 08:00:00,85.04901,136.82475,260.79505157470703
256,2019-10-01 09:00:00,85.04831,136.79309999999998,260.83966064453125
257,2019-10-01 10:00:00,85.04876,136.75887,260.8674087524414
258,2019-10-01 11:00:00,85.05005,136.72531000000004,260.84728240966797
259,2019-10-01 12:00:00,85.05188,136.69874,260.86153411865234
260,2019-10-01 13:00:00,85.05373,136.68084,260.8319396972656
261,2019-10-01 14:00:00,85.05525,136.66841,260.80467987060547
262,2019-10-01 15:00:00,85.05623,136.66041,260.7511978149414
263,2019-10-01 16:00:00,85.05675,136.654,260.6946334838867
264,2019-10-01 17:00:00,85.05684,136.64547,260.6861038208008
265,2019-10-01 18:00:00,85.05681,136.63072999999997,260.5846633911133
266,2019-10-01 19:00:00,85.05694,136.60992999999996,260.55064392089844
267,2019-10-01 20:00:00,85.05752,136.58324,260.4703140258789
268,2019-10-01 21:00:00,85.06228,136.30239,260.4503631591797
269,2019-10-01 22:00:00,85.12386,135.17714,260.4389114379883
270,2019-10-01 23:00:00,85.11998,134.54922,260.4462432861328
271,2019-10-02 00:00:00,85.12265,134.52706999999998,260.46614837646484
272,2019-10-02 01:00:00,85.16646,134.41296,260.51170349121094
273,2019-10-02 02:00:00,85.16506,134.47377,260.54581451416016
274,2019-10-02 03:00:00,85.16672,134.47229,260.5992736816406
275,2019-10-02 04:00:00,85.1638,134.49252,260.6085510253906
276,2019-10-02 05:00:00,85.17085,134.40924,260.6418685913086
277,2019-10-02 06:00:00,85.16752,134.46452999999997,260.6480484008789
278,2019-10-02 07:00:00,85.16746,134.45119999999997,260.69412994384766
279,2019-10-02 08:00:00,85.16777,134.43306,260.72924041748047
280,2019-10-02 09:00:00,85.16875,134.40656,260.7989501953125
281,2019-10-02 10:00:00,85.16958,134.38349,260.8818893432617
282,2019-10-02 11:00:00,85.17145,134.35942999999997,260.89322662353516
283,2019-10-02 12:00:00,85.17341,134.34171000000003,260.8537063598633
284,2019-10-02 13:00:00,85.17614,134.3265,260.75891876220703
285,2019-10-02 14:00:00,85.17788,134.32151,260.61888122558594
286,2019-10-02 15:00:00,85.17921,134.31993,260.5232620239258
287,2019-10-02 16:00:00,85.18,134.31854999999996,260.41011810302734
288,2019-10-02 17:00:00,85.18016,134.31477,260.25120544433594
289,2019-10-02 18:00:00,85.18006,134.30622,260.07144927978516
290,2019-10-02 19:00:00,85.18003,134.2912,259.88995361328125
291,2019-10-02 20:00:00,85.18023,134.27070000000003,259.7575225830078
292,2019-10-02 21:00:00,85.18098,134.24450000000002,259.66527557373047
293,2019-10-02 22:00:00,85.18182,134.21799,259.7026824951172
294,2019-10-02 23:00:00,85.18284,134.19397000000004,259.69129943847656
295,2019-10-03 00:00:00,85.18421,134.17348000000004,259.66475677490234
296,2019-10-03 01:00:00,85.1856,134.15436999999997,259.8407897949219
297,2019-10-03 02:00:00,85.18676,134.13653,260.0043182373047
298,2019-10-03 03:00:00,85.18701,134.12018999999998,260.08050537109375
299,2019-10-03 04:00:00,85.18604,134.11338999999998,260.09952545166016
300,2019-10-03 05:00:00,85.15413,134.07517,260.0238800048828
301,2019-10-03 06:00:00,85.14625,134.00008000000003,260.0501174926758
302,2019-10-03 07:00:00,85.14507,133.97204999999997,260.1131820678711
303,2019-10-03 08:00:00,85.14355,133.94322999999997,260.13783264160156
304,2019-10-03 09:00:00,85.14203,133.91305,260.0643005371094
305,2019-10-03 10:00:00,85.14084,133.87553000000003,259.8385009765625
306,2019-10-03 11:00:00,85.13623,133.89783,259.5909194946289
307,2019-10-03 12:00:00,85.13583,133.85095,259.42923736572266
308,2019-10-03 13:00:00,85.13579,133.80523,259.36011505126953
309,2019-10-03 14:00:00,85.13559,133.76117999999997,259.2974319458008
310,2019-10-03 15:00:00,85.13515,133.72033,259.17369079589844
311,2019-10-03 16:00:00,85.13404,133.68352,258.96649169921875
312,2019-10-03 17:00:00,85.13244,133.64204,258.90760040283203
313,2019-10-03 18:00:00,85.13074,133.59348,258.9182815551758
314,2019-10-03 19:00:00,85.12908,133.53818,258.91402435302734
315,2019-10-03 20:00:00,85.12753,133.47693000000004,258.8264694213867
316,2019-10-03 21:00:00,85.12631,133.40562999999997,258.7610397338867
317,2019-10-03 22:00:00,85.12541,133.32155,258.93540954589844
318,2019-10-03 23:00:00,85.12502,133.23712,259.30731201171875
319,2019-10-04 00:00:00,85.12514,133.15913999999998,259.89571380615234
320,2019-10-04 01:00:00,85.12736,133.07569,260.3314895629883
321,2019-10-04 02:00:00,85.12776,132.99400000000003,260.55834197998047
322,2019-10-04 03:00:00,85.12676,132.90677,260.7691192626953
323,2019-10-04 04:00:00,85.12674,132.84519,260.9760055541992
324,2019-10-04 05:00:00,85.1261,132.78461,261.1434783935547
325,2019-10-04 06:00:00,85.12532,132.71819,261.26634216308594
326,2019-10-04 07:00:00,85.12474,132.66823999999997,261.3645706176758
327,2019-10-04 08:00:00,85.1256,132.61518999999998,261.4138717651367
328,2019-10-04 09:00:00,85.12768,132.51877000000002,261.53419494628906
329,2019-10-04 10:00:00,85.1267,132.5704,261.59228515625
330,2019-10-04 11:00:00,85.13365,133.28922,261.63377380371094
331,2019-10-04 12:00:00,85.12304,134.47389999999996,261.67020416259766
332,2019-10-04 13:00:00,85.10471,134.98885,261.6776123046875
333,2019-10-04 14:00:00,85.07638,134.40418,261.71923828125
334,2019-10-04 15:00:00,85.07669,134.35127999999997,261.6982650756836
335,2019-10-04 16:00:00,85.07703,134.29845999999998,261.6349334716797
336,2019-10-04 17:00:00,85.07717,134.25239,261.5912170410156
337,2019-10-04 18:00:00,85.07721,134.20725,261.4757614135742
338,2019-10-04 19:00:00,85.07721,134.16321,261.3806381225586
339,2019-10-04 20:00:00,85.07743,134.1191,261.35066986083984
340,2019-10-04 21:00:00,85.07797,134.07452,261.3316879272461
341,2019-10-04 22:00:00,85.07909,134.03137000000004,261.2860870361328
342,2019-10-04 23:00:00,85.08069,133.99049000000002,261.1854705810547
343,2019-10-05 00:00:00,85.0828,133.95245999999997,261.11307525634766
344,2019-10-05 01:00:00,85.08521,133.91827,261.06681060791016
345,2019-10-05 02:00:00,85.08761,133.89094999999998,261.06368255615234
346,2019-10-05 03:00:00,85.08962,133.87144999999998,260.95003509521484
347,2019-10-05 04:00:00,85.09124,133.85546,260.93475341796875
348,2019-10-05 05:00:00,85.09228,133.84342000000004,260.9228286743164
349,2019-10-05 06:00:00,85.09294,133.83157,260.9259262084961
350,2019-10-05 07:00:00,85.09355,133.81642,260.98439025878906
351,2019-10-05 08:00:00,85.09408,133.79911000000004,261.0179214477539
352,2019-10-05 09:00:00,85.09485,133.78070000000002,261.0193786621094
353,2019-10-05 10:00:00,85.0959,133.76336000000003,261.0841598510742
354,2019-10-05 11:00:00,85.09732,133.74827,261.1379852294922
355,2019-10-05 12:00:00,85.09912,133.73699999999997,261.1361389160156
356,2019-10-05 13:00:00,85.10115,133.73005999999998,261.12892150878906
357,2019-10-05 14:00:00,85.10326,133.72731999999996,261.1159973144531
358,2019-10-05 15:00:00,85.10534,133.73003,261.088623046875
359,2019-10-05 16:00:00,85.10708,133.73782,261.0023422241211
360,2019-10-05 17:00:00,85.10837,133.74738000000002,260.97186279296875
361,2019-10-05 18:00:00,85.1089,133.75694999999996,260.9821090698242
362,2019-10-05 19:00:00,85.10925,133.7636,261.0089874267578
363,2019-10-05 20:00:00,85.10929,133.76437999999996,261.01761627197266
364,2019-10-05 21:00:00,85.10928,133.76296000000002,261.0567321777344
365,2019-10-05 22:00:00,85.10929,133.76261,260.9937057495117
366,2019-10-05 23:00:00,85.10942,133.76432999999997,260.9490203857422
367,2019-10-06 00:00:00,85.10954,133.76641,260.8580856323242
368,2019-10-06 01:00:00,85.10955,133.77084000000002,260.7635269165039
369,2019-10-06 02:00:00,85.10957,133.78065000000004,260.65384674072266
370,2019-10-06 03:00:00,85.10949,133.79471999999998,260.5009536743164
371,2019-10-06 04:00:00,85.1092,133.80872,260.2416687011719
372,2019-10-06 05:00:00,85.10855,133.82034,260.05638885498047
373,2019-10-06 06:00:00,85.10768,133.82813,259.7003707885742
374,2019-10-06 07:00:00,85.10659,133.83294999999998,259.41370391845703
375,2019-10-06 08:00:00,85.10537,133.83466999999996,259.35607147216797
376,2019-10-06 09:00:00,85.10426,133.83691999999996,259.3458023071289
377,2019-10-06 10:00:00,85.10342,133.84127,259.41783905029297
378,2019-10-06 11:00:00,85.10289,133.84783,259.4731140136719
379,2019-10-06 12:00:00,85.1025,133.85638,259.4840316772461
380,2019-10-06 13:00:00,85.10238,133.8671,259.36297607421875
381,2019-10-06 14:00:00,85.10234,133.88156000000004,259.20919036865234
382,2019-10-06 15:00:00,85.10227,133.89948000000004,259.04579162597656
383,2019-10-06 16:00:00,85.10209,133.92037,258.60643005371094
384,2019-10-06 17:00:00,85.10171,133.94471999999996,258.21729278564453
385,2019-10-06 18:00:00,85.10101,133.97171000000003,257.94290924072266
386,2019-10-06 19:00:00,85.09978,134.00131999999996,257.8126449584961
387,2019-10-06 20:00:00,85.09815,134.03053999999997,257.7343215942383
388,2019-10-06 21:00:00,85.09647,134.05420000000004,257.73439025878906
389,2019-10-06 22:00:00,85.09483,134.07491,257.737548828125
390,2019-10-06 23:00:00,85.0933,134.09551999999996,257.7865676879883
391,2019-10-07 00:00:00,85.092,134.12032,257.8275604248047
392,2019-10-07 01:00:00,85.09101,134.14913,257.8522491455078
393,2019-10-07 02:00:00,85.09024,134.18183999999997,257.9110336303711
394,2019-10-07 03:00:00,85.08922,134.21825,258.11505126953125
395,2019-10-07 04:00:00,85.08784,134.25626,258.7463150024414
396,2019-10-07 05:00:00,85.08614,134.29676,259.39390563964844
397,2019-10-07 06:00:00,85.08402,134.33844,259.6317367553711
398,2019-10-07 07:00:00,85.08177,134.37826,259.8851013183594
399,2019-10-07 08:00:00,85.07924,134.41526,259.7853775024414
400,2019-10-07 09:00:00,85.07678,134.45082000000002,259.85018157958984
401,2019-10-07 10:00:00,85.07442,134.48828000000003,259.9627685546875
402,2019-10-07 11:00:00,85.07196,134.53425,260.09009552001953
403,2019-10-07 12:00:00,85.06937,134.59095000000002,260.21539306640625
404,2019-10-07 13:00:00,85.06647,134.65443,260.03270721435547
405,2019-10-07 14:00:00,85.06359,134.72001999999998,259.71929931640625
406,2019-10-07 15:00:00,85.0603,134.78880000000004,259.6299819946289
407,2019-10-07 16:00:00,85.05677,134.85404,259.5958709716797
408,2019-10-07 17:00:00,85.0529,134.91744,259.64866638183594
409,2019-10-07 18:00:00,85.04894,134.97992,259.69864654541016
410,2019-10-07 19:00:00,85.04492,135.04275,259.7402877807617
411,2019-10-07 20:00:00,85.04124,135.10512,259.8230972290039
412,2019-10-07 21:00:00,85.03797,135.17231000000004,259.8782958984375
413,2019-10-07 22:00:00,85.03489,135.25062000000003,259.8727493286133
414,2019-10-07 23:00:00,85.03112,135.34996999999998,260.0229721069336
415,2019-10-08 00:00:00,85.02707,135.4531,260.0157241821289
416,2019-10-08 01:00:00,85.02302,135.5568,260.42088317871094
417,2019-10-08 02:00:00,85.01872,135.66083000000003,260.83277130126953
418,2019-10-08 03:00:00,85.01393,135.76428999999996,261.2106170654297
419,2019-10-08 04:00:00,85.00873,135.86106,261.5551986694336
420,2019-10-08 05:00:00,85.00318,135.95175,261.86529541015625
421,2019-10-08 06:00:00,84.99728,136.03332999999998,262.1331558227539
422,2019-10-08 07:00:00,84.99113,136.10063000000002,262.3989791870117
423,2019-10-08 08:00:00,84.98482,136.15565000000004,262.6912078857422
424,2019-10-08 09:00:00,84.97849,136.19628999999998,263.00201416015625
425,2019-10-08 10:00:00,84.97228,136.21766000000002,263.31983947753906
426,2019-10-08 11:00:00,84.96587,136.22623999999996,263.61470794677734
427,2019-10-08 12:00:00,84.95957,136.22656,263.8771209716797
428,2019-10-08 13:00:00,84.95397,136.22085000000004,264.03466033935547
429,2019-10-08 14:00:00,84.94885,136.21491000000003,264.0348205566406
430,2019-10-08 15:00:00,84.9445,136.20838000000003,263.87586975097656
431,2019-10-08 16:00:00,84.9408,136.20387,263.6085739135742
432,2019-10-08 17:00:00,84.93744,136.20133999999996,263.19700622558594
433,2019-10-08 18:00:00,84.93415,136.20121,262.77525329589844
434,2019-10-08 19:00:00,84.93041,136.19852000000003,262.41957092285156
435,2019-10-08 20:00:00,84.92638,136.19078000000002,262.2303695678711
436,2019-10-08 21:00:00,84.9226,136.17651,262.0384292602539
437,2019-10-08 22:00:00,84.91906,136.15799000000004,261.9485321044922
438,2019-10-08 23:00:00,84.91588,136.13241,261.85193634033203
439,2019-10-09 00:00:00,84.91365,136.10305,261.81053924560547
440,2019-10-09 01:00:00,84.91195,136.07331999999997,261.76788330078125
441,2019-10-09 02:00:00,84.9107,136.04524000000004,261.65028381347656
442,2019-10-09 03:00:00,84.91018,136.02096,261.4131546020508
443,2019-10-09 04:00:00,84.91026,136.00269000000003,261.11224365234375
444,2019-10-09 05:00:00,84.91014,135.99003,260.8081817626953
445,2019-10-09 06:00:00,84.91002,135.98194,260.5766067504883
446,2019-10-09 07:00:00,84.90944,135.97558000000004,260.39671325683594
447,2019-10-09 08:00:00,84.90833,135.96794999999997,260.20897674560547
448,2019-10-09 09:00:00,84.90681,135.95691999999997,259.9922180175781
449,2019-10-09 10:00:00,84.90548,135.94221,259.74510955810547
450,2019-10-09 11:00:00,84.90452,135.92521999999997,259.4747009277344
451,2019-10-09 12:00:00,84.90386,135.90962000000002,259.2704086303711
452,2019-10-09 13:00:00,84.90342,135.8947,259.0644836425781
453,2019-10-09 14:00:00,84.90331,135.88206000000002,258.85518646240234
454,2019-10-09 15:00:00,84.90374,135.8725,258.6651077270508
455,2019-10-09 16:00:00,84.90459,135.86465999999996,258.47513580322266
456,2019-10-09 17:00:00,84.90574,135.85722999999996,258.32032012939453
457,2019-10-09 18:00:00,84.90701,135.84839999999997,258.1524200439453
458,2019-10-09 19:00:00,84.90835,135.83691,257.9689483642578
459,2019-10-09 20:00:00,84.90946,135.81951000000004,257.7371597290039
460,2019-10-09 21:00:00,84.91043,135.79430000000002,257.4902114868164
461,2019-10-09 22:00:00,84.91127,135.76168,257.25574493408203
462,2019-10-09 23:00:00,84.91205,135.72194000000002,257.0709228515625
463,2019-10-10 00:00:00,84.91302,135.67641000000003,257.0024108886719
464,2019-10-10 01:00:00,84.91429,135.62791000000004,256.93748474121094
465,2019-10-10 02:00:00,84.91577,135.57798000000003,256.79720306396484
466,2019-10-10 03:00:00,84.91749,135.52772,256.6741638183594
467,2019-10-10 04:00:00,84.9194,135.48031000000003,256.54264068603516
468,2019-10-10 05:00:00,84.92108,135.43880000000001,256.2251510620117
469,2019-10-10 06:00:00,84.92204,135.40369999999996,255.88912200927734
470,2019-10-10 07:00:00,84.92231,135.37541999999996,255.62053680419922
471,2019-10-10 08:00:00,84.92186,135.35402999999997,255.4017333984375
472,2019-10-10 09:00:00,84.92085,135.32982000000004,255.2005615234375
473,2019-10-10 10:00:00,84.91952,135.30543,254.99015045166016
474,2019-10-10 11:00:00,84.91791,135.27835,254.80870819091797
475,2019-10-10 12:00:00,84.91639,135.25180999999998,254.6235809326172
476,2019-10-10 13:00:00,84.91506,135.22869000000003,254.23648071289062
477,2019-10-10 14:00:00,84.91389,135.21103,253.62841033935547
478,2019-10-10 15:00:00,84.91298,135.20256,253.43102264404297
479,2019-10-10 16:00:00,84.9122,135.20351,253.68728637695312
480,2019-10-10 17:00:00,84.91135,135.2135,253.9571075439453
481,2019-10-10 18:00:00,84.91027,135.23613,254.34417724609375
482,2019-10-10 19:00:00,84.90858,135.26756,254.73863983154297
483,2019-10-10 20:00:00,84.90624,135.30200000000002,255.08486938476562
484,2019-10-10 21:00:00,84.9032,135.34026,255.3762969970703
485,2019-10-10 22:00:00,84.89956,135.37928,255.69469451904297
486,2019-10-10 23:00:00,84.89513,135.41596000000004,256.0838088989258
487,2019-10-11 00:00:00,84.8904,135.44668000000001,255.7038803100586
488,2019-10-11 01:00:00,84.88567,135.47118999999998,255.76699829101562
489,2019-10-11 02:00:00,84.88099,135.49041,255.82726287841797
490,2019-10-11 03:00:00,84.87687,135.50523999999996,255.77472686767578
491,2019-10-11 04:00:00,84.87344,135.52107999999998,255.8262176513672
492,2019-10-11 05:00:00,84.87073,135.54044,256.0860824584961
493,2019-10-11 06:00:00,84.86803,135.56583999999998,256.4832000732422
494,2019-10-11 07:00:00,84.86365,135.60118,256.40675354003906
495,2019-10-11 08:00:00,84.85842,135.63115,256.3507385253906
496,2019-10-11 09:00:00,84.85335,135.65038000000004,256.3669128417969
497,2019-10-11 10:00:00,84.84873,135.66011000000003,256.38695526123047
498,2019-10-11 11:00:00,84.84488,135.66445999999996,256.58885192871094
499,2019-10-11 12:00:00,84.8417,135.66647,256.95633697509766
500,2019-10-11 13:00:00,84.83919,135.671,257.19737243652344
501,2019-10-11 14:00:00,84.83728,135.68117,257.40450286865234
502,2019-10-11 15:00:00,84.83576,135.69983000000002,257.51988983154297
503,2019-10-11 16:00:00,84.8346,135.72354,257.5715789794922
504,2019-10-11 17:00:00,84.83366,135.75126999999998,257.53684997558594
505,2019-10-11 18:00:00,84.83232,135.78213,257.2850341796875
506,2019-10-11 19:00:00,84.83078,135.80880000000002,257.19591522216797
507,2019-10-11 20:00:00,84.82918,135.82961,257.1362762451172
508,2019-10-11 21:00:00,84.82792,135.84388,256.9579849243164
509,2019-10-11 22:00:00,84.82723,135.8496,256.6889343261719
510,2019-10-11 23:00:00,84.8274,135.84721000000002,256.55223846435547
511,2019-10-12 00:00:00,84.82892,135.84010999999998,256.64122772216797
512,2019-10-12 01:00:00,84.83155,135.83463,256.83145904541016
513,2019-10-12 02:00:00,84.83514,135.83439999999996,256.9901809692383
514,2019-10-12 03:00:00,84.83927,135.83841,257.2041778564453
515,2019-10-12 04:00:00,84.84333,135.84265,257.35803985595703
516,2019-10-12 05:00:00,84.84704,135.8422,257.3741989135742
517,2019-10-12 06:00:00,84.85014,135.83774,257.3752746582031
518,2019-10-12 07:00:00,84.85251,135.82855,257.23082733154297
519,2019-10-12 08:00:00,84.85413,135.81286,257.19020080566406
520,2019-10-12 09:00:00,84.85513,135.78877,257.16526794433594
521,2019-10-12 10:00:00,84.85592,135.75538,256.8792495727539
522,2019-10-12 11:00:00,84.85679,135.71227,256.5674819946289
523,2019-10-12 12:00:00,84.8579,135.66241000000002,256.15040588378906
524,2019-10-12 13:00:00,84.85929,135.61127999999997,255.72972869873047
525,2019-10-12 14:00:00,84.86091,135.5639,255.2669448852539
526,2019-10-12 15:00:00,84.86246,135.52504999999996,254.64934539794922
527,2019-10-12 16:00:00,84.86375,135.49469,253.99400329589844
528,2019-10-12 17:00:00,84.8645,135.4708,253.42546844482422
529,2019-10-12 18:00:00,84.86456,135.44921,252.95207977294922
530,2019-10-12 19:00:00,84.86396,135.42637000000002,252.74636840820312
531,2019-10-12 20:00:00,84.86294,135.39778,252.79424285888672
532,2019-10-12 21:00:00,84.86185,135.36018,253.06983184814453
533,2019-10-12 22:00:00,84.86091,135.3134,253.22525024414062
534,2019-10-12 23:00:00,84.86029,135.26309000000003,252.9778289794922
535,2019-10-13 00:00:00,84.86,135.21200999999996,252.5272674560547
536,2019-10-13 01:00:00,84.86013,135.16226,252.0506820678711
537,2019-10-13 02:00:00,84.86031,135.11804,251.65020751953125
538,2019-10-13 03:00:00,84.86019,135.08126,251.31353759765625
539,2019-10-13 04:00:00,84.85963,135.05106999999998,251.02105712890625
540,2019-10-13 05:00:00,84.85858,135.02475000000004,250.73809814453125
541,2019-10-13 06:00:00,84.8571,134.99973999999997,250.4798126220703
542,2019-10-13 07:00:00,84.85534,134.97319,250.25713348388672
543,2019-10-13 08:00:00,84.85344,134.94448999999997,250.08367156982422
544,2019-10-13 09:00:00,84.85147,134.91253,249.94943237304688
545,2019-10-13 10:00:00,84.84946,134.87937,249.83592987060547
546,2019-10-13 11:00:00,84.84762,134.84875,249.74940490722656
547,2019-10-13 12:00:00,84.84593,134.82486,249.68243408203125
548,2019-10-13 13:00:00,84.84401,134.80941,249.64974975585938
549,2019-10-13 14:00:00,84.84185,134.80135,249.64289093017578
550,2019-10-13 15:00:00,84.83948,134.80425000000002,249.6796417236328
551,2019-10-13 16:00:00,84.83661,134.81554,249.77330780029297
552,2019-10-13 17:00:00,84.83266,134.83050000000003,249.95684051513672
553,2019-10-13 18:00:00,84.82743,134.84143,250.18611907958984
554,2019-10-13 19:00:00,84.82181,134.84281999999996,250.39635467529297
555,2019-10-13 20:00:00,84.81655,134.83008,250.56092834472656
556,2019-10-13 21:00:00,84.81179,134.80588999999998,250.70694732666016
557,2019-10-13 22:00:00,84.80704,134.77376000000004,250.89842987060547
558,2019-10-13 23:00:00,84.80275,134.73343999999997,251.04291534423828
559,2019-10-14 00:00:00,84.79903,134.69284,251.1755828857422
560,2019-10-14 01:00:00,84.7958,134.65701,251.30231475830078
561,2019-10-14 02:00:00,84.79276,134.62805000000003,251.39771270751953
562,2019-10-14 03:00:00,84.78975,134.60324000000003,251.47024536132812
563,2019-10-14 04:00:00,84.78703,134.58312999999998,251.48553466796875
564,2019-10-14 05:00:00,84.78428,134.56669999999997,251.48680877685547
565,2019-10-14 06:00:00,84.78149,134.55372,251.4934310913086
566,2019-10-14 07:00:00,84.77853,134.54143,251.45470428466797
567,2019-10-14 08:00:00,84.7753,134.52832999999998,251.36422729492188
568,2019-10-14 09:00:00,84.77185,134.51108,251.25725555419922
569,2019-10-14 10:00:00,84.76869,134.48828000000003,251.10736846923828
570,2019-10-14 11:00:00,84.76615,134.46195,250.9521484375
571,2019-10-14 12:00:00,84.76422,134.43408999999997,250.78644561767578
572,2019-10-14 13:00:00,84.76292,134.40862000000004,250.60674285888672
573,2019-10-14 14:00:00,84.76207,134.38926000000004,250.42472076416016
574,2019-10-14 15:00:00,84.76151,134.37782000000004,250.23165893554688
575,2019-10-14 16:00:00,84.76104,134.37548000000004,250.0442123413086
576,2019-10-14 17:00:00,84.76049,134.38117999999997,249.83851623535156
577,2019-10-14 18:00:00,84.75975,134.39201000000003,249.66077423095703
578,2019-10-14 19:00:00,84.7588,134.40394000000003,249.58415985107422
579,2019-10-14 20:00:00,84.75775,134.41323999999997,249.5829315185547
580,2019-10-14 21:00:00,84.75679,134.41686000000004,249.50509643554688
581,2019-10-14 22:00:00,84.75611,134.41318,249.4583511352539
582,2019-10-14 23:00:00,84.75584,134.40215,249.4817123413086
583,2019-10-15 00:00:00,84.7561,134.38764000000003,249.5549545288086
584,2019-10-15 01:00:00,84.75685,134.37297,249.63932037353516
585,2019-10-15 02:00:00,84.75796,134.36140999999998,249.73229217529297
586,2019-10-15 03:00:00,84.75923,134.35483,249.81743621826172
587,2019-10-15 04:00:00,84.76043,134.35467,249.8424835205078
588,2019-10-15 05:00:00,84.76139,134.35860000000002,249.83055877685547
589,2019-10-15 06:00:00,84.76194,134.36289,249.80857849121094
590,2019-10-15 07:00:00,84.76207,134.36595,249.7857894897461
591,2019-10-15 08:00:00,84.76188,134.36356,249.7397689819336
592,2019-10-15 09:00:00,84.76158,134.35360000000003,249.65972137451172
593,2019-10-15 10:00:00,84.76132,134.33616,249.5368881225586
594,2019-10-15 11:00:00,84.76132,134.31268,249.3341064453125
595,2019-10-15 12:00:00,84.76169,134.28578,249.08554077148438
596,2019-10-15 13:00:00,84.76244,134.2591,248.79254150390625
597,2019-10-15 14:00:00,84.76342,134.23609999999996,248.46534729003906
598,2019-10-15 15:00:00,84.76448,134.21871999999996,248.19361114501953
599,2019-10-15 16:00:00,84.76534,134.20727,248.05728912353516
600,2019-10-15 17:00:00,84.7659,134.19937,248.0780792236328
601,2019-10-15 18:00:00,84.76594,134.18921,248.1580581665039
602,2019-10-15 19:00:00,84.7655,134.17059,248.21444702148438
603,2019-10-15 20:00:00,84.76444,134.14351999999997,248.2583770751953
604,2019-10-15 21:00:00,84.7639,134.10877,248.2861099243164
605,2019-10-15 22:00:00,84.76317,134.05885999999998,248.36898040771484
606,2019-10-15 23:00:00,84.76266,133.99864000000002,248.46717071533203
607,2019-10-16 00:00:00,84.76269,133.93808,248.54717254638672
608,2019-10-16 01:00:00,84.76322,133.88174000000004,248.59749603271484
609,2019-10-16 02:00:00,84.76405,133.83181000000002,248.65171813964844
610,2019-10-16 03:00:00,84.76498,133.79118,248.70130157470703
611,2019-10-16 04:00:00,84.76559,133.76033,248.6994400024414
612,2019-10-16 05:00:00,84.76574,133.73552,248.6562271118164
613,2019-10-16 06:00:00,84.76519,133.71341,248.6253433227539
614,2019-10-16 07:00:00,84.76433,133.68869,248.60232543945312
615,2019-10-16 08:00:00,84.76298,133.66066,248.59490203857422
616,2019-10-16 09:00:00,84.76161,133.62563,248.56456756591797
617,2019-10-16 10:00:00,84.76055,133.5836,248.5209503173828
618,2019-10-16 11:00:00,84.75987,133.53686,248.4431610107422
619,2019-10-16 12:00:00,84.75979,133.48856999999998,248.35110473632812
620,2019-10-16 13:00:00,84.76013,133.44104,248.24554443359375
621,2019-10-16 14:00:00,84.76094,133.39831000000004,248.25267791748047
622,2019-10-16 15:00:00,84.76193,133.36264,248.27924346923828
623,2019-10-16 16:00:00,84.76274,133.33483999999999,248.32667541503906
624,2019-10-16 17:00:00,84.76332,133.31354,248.32703399658203
625,2019-10-16 18:00:00,84.7632,133.29613,248.29090881347656
626,2019-10-16 19:00:00,84.76256,133.28069,248.24366760253906
627,2019-10-16 20:00:00,84.76133,133.26324,248.22284698486328
628,2019-10-16 21:00:00,84.76,133.23929999999996,248.38182067871094
629,2019-10-16 22:00:00,84.75885,133.20828,248.50994873046875
630,2019-10-16 23:00:00,84.75785,133.16823,248.72933197021484
631,2019-10-17 00:00:00,84.75712,133.12121000000002,248.94082641601562
632,2019-10-17 01:00:00,84.75672,133.07614999999998,249.26454162597656
633,2019-10-17 02:00:00,84.75652,133.03817000000004,249.50037384033203
634,2019-10-17 03:00:00,84.75654,133.00547,249.69441986083984
635,2019-10-17 04:00:00,84.75676,132.98073,249.84994506835938
636,2019-10-17 05:00:00,84.75695,132.9681,250.0237808227539
637,2019-10-17 06:00:00,84.75693,132.96537,250.17084503173828
638,2019-10-17 07:00:00,84.75651,132.96613000000002,250.26773071289062
639,2019-10-17 08:00:00,84.75559,132.96582,250.39608001708984
640,2019-10-17 09:00:00,84.75444,132.96119,250.46062469482422
641,2019-10-17 10:00:00,84.75331,132.95268999999996,250.51728057861328
642,2019-10-17 11:00:00,84.75234,132.94002,250.435791015625
643,2019-10-17 12:00:00,84.75179,132.92744,250.16246795654297
644,2019-10-17 13:00:00,84.75166,132.91753,249.82460021972656
645,2019-10-17 14:00:00,84.7519,132.91332,249.6132049560547
646,2019-10-17 15:00:00,84.75259,132.91696000000002,249.45403289794922
647,2019-10-17 16:00:00,84.75339,132.92858,249.30245971679688
648,2019-10-17 17:00:00,84.75428,132.94795999999997,249.22545623779297
649,2019-10-17 18:00:00,84.75516,132.97282,249.205810546875
650,2019-10-17 19:00:00,84.75592,132.99760000000003,249.1869354248047
651,2019-10-17 20:00:00,84.75662,133.01918999999998,249.19628143310547
652,2019-10-17 21:00:00,84.75747,133.03418,249.20643615722656
653,2019-10-17 22:00:00,84.75876,133.04191000000003,249.16859436035156
654,2019-10-17 23:00:00,84.76082,133.04287,249.14176177978516
655,2019-10-18 00:00:00,84.76385,133.03974,249.12625885009766
656,2019-10-18 01:00:00,84.76763,133.03882,249.0666961669922
657,2019-10-18 02:00:00,84.77204,133.04185,248.97227478027344
658,2019-10-18 03:00:00,84.77684,133.04863999999998,248.9134063720703
659,2019-10-18 04:00:00,84.78162,133.06171,248.912353515625
660,2019-10-18 05:00:00,84.78643,133.07934,248.99847412109375
661,2019-10-18 06:00:00,84.79103,133.09983999999997,249.09825134277344
662,2019-10-18 07:00:00,84.79525,133.11919,249.15174102783203
663,2019-10-18 08:00:00,84.79915,133.13413000000003,249.11895751953125
664,2019-10-18 09:00:00,84.80315,133.14273000000003,249.0597686767578
665,2019-10-18 10:00:00,84.80744,133.1447,249.10044860839844
666,2019-10-18 11:00:00,84.81229,133.14098,249.16397094726562
667,2019-10-18 12:00:00,84.81806,133.13320999999996,249.08614349365234
668,2019-10-18 13:00:00,84.8245,133.1273,249.06340789794922
669,2019-10-18 14:00:00,84.83136,133.12493,248.98954010009766
670,2019-10-18 15:00:00,84.83893,133.12917,248.85335540771484
671,2019-10-18 16:00:00,84.84652,133.13864999999998,248.75235748291016
672,2019-10-18 17:00:00,84.85358,133.15794,248.66631317138672
673,2019-10-18 18:00:00,84.85997,133.17832999999996,248.63408660888672
674,2019-10-18 19:00:00,84.86554,133.20241,248.67018127441406
675,2019-10-18 20:00:00,84.87067,133.22078999999997,248.82831573486328
676,2019-10-18 21:00:00,84.87568,133.23397999999997,249.01026153564453
677,2019-10-18 22:00:00,84.881,133.23720000000003,249.10552978515625
678,2019-10-18 23:00:00,84.88684,133.23203999999998,249.1136932373047
679,2019-10-19 00:00:00,84.89314,133.22116,249.1414794921875
680,2019-10-19 01:00:00,84.89959,133.20585,249.20669555664062
681,2019-10-19 02:00:00,84.90586,133.1938,249.33721923828125
682,2019-10-19 03:00:00,84.91179,133.19250999999997,249.54975128173828
683,2019-10-19 04:00:00,84.91661,133.19279,249.7596206665039
684,2019-10-19 05:00:00,84.9203,133.19261,249.958984375
685,2019-10-19 06:00:00,84.92317,133.18980999999997,250.00245666503906
686,2019-10-19 07:00:00,84.9253,133.18286999999998,249.90254974365234
687,2019-10-19 08:00:00,84.92723,133.17253,249.7667465209961
688,2019-10-19 09:00:00,84.92926,133.15720999999996,249.53060913085938
689,2019-10-19 10:00:00,84.93165,133.13666999999998,249.27648162841797
690,2019-10-19 11:00:00,84.93453,133.11145999999997,249.00994873046875
691,2019-10-19 12:00:00,84.93798,133.08312999999998,248.73770904541016
692,2019-10-19 13:00:00,84.94181,133.05368999999996,248.63805389404297
693,2019-10-19 14:00:00,84.9458,133.02857,248.77948760986328
694,2019-10-19 15:00:00,84.94963,133.00858,249.11821746826172
695,2019-10-19 16:00:00,84.95301,132.99433,249.66260528564453
696,2019-10-19 17:00:00,84.95563,132.9837,250.19886016845703
697,2019-10-19 18:00:00,84.95741,132.97276999999997,250.69223022460938
698,2019-10-19 19:00:00,84.95866,132.95973000000004,251.074951171875
699,2019-10-19 20:00:00,84.95952,132.94281,251.31024169921875
700,2019-10-19 21:00:00,84.9603,132.91931,251.4366455078125
701,2019-10-19 22:00:00,84.96115,132.89286000000004,251.47051239013672
702,2019-10-19 23:00:00,84.96246,132.86489,251.51519012451172
703,2019-10-20 00:00:00,84.96443,132.83661,251.47772979736328
704,2019-10-20 01:00:00,84.96688,132.81003999999996,251.4167022705078
705,2019-10-20 02:00:00,84.96967,132.788,251.31484985351562
706,2019-10-20 03:00:00,84.97268,132.77096,251.4172821044922
707,2019-10-20 04:00:00,84.97565,132.75883999999996,251.54317474365234
708,2019-10-20 05:00:00,84.97829,132.75101,251.60592651367188
709,2019-10-20 06:00:00,84.98052,132.74559999999997,251.62550354003906
710,2019-10-20 07:00:00,84.98247,132.73995000000002,251.6613998413086
711,2019-10-20 08:00:00,84.98431,132.73221999999998,251.79937744140625
712,2019-10-20 09:00:00,84.98617,132.72103000000004,252.03172302246094
713,2019-10-20 10:00:00,84.98834,132.70699000000002,252.1738510131836
714,2019-10-20 11:00:00,84.99106,132.69187999999997,252.2383804321289
715,2019-10-20 12:00:00,84.99434,132.67696,252.21300506591797
716,2019-10-20 13:00:00,84.99825,132.66494,252.20536041259766
717,2019-10-20 14:00:00,85.00269,132.65798,252.15296173095703
718,2019-10-20 15:00:00,85.00756,132.65904,252.14871215820312
719,2019-10-20 16:00:00,85.01255,132.66994999999997,252.12442016601562
720,2019-10-20 17:00:00,85.01757,132.69443,252.12060546875
721,2019-10-20 18:00:00,85.02235,132.72582999999997,252.30858612060547
722,2019-10-20 19:00:00,85.02672,132.75955999999996,252.44519805908203
723,2019-10-20 20:00:00,85.0302,132.78813000000002,252.41564178466797
724,2019-10-20 21:00:00,85.0331,132.80502,252.20152282714844
725,2019-10-20 22:00:00,85.03627,132.80458999999996,251.96925354003906
726,2019-10-20 23:00:00,85.04049,132.79254000000003,251.7687530517578
727,2019-10-21 00:00:00,85.04684,132.77864999999997,251.60689544677734
728,2019-10-21 01:00:00,85.05402,132.76306999999997,251.49028778076172
729,2019-10-21 02:00:00,85.06189,132.75011,251.4213409423828
730,2019-10-21 03:00:00,85.0698,132.74262,251.41844940185547
731,2019-10-21 04:00:00,85.07757,132.73883,251.42144012451172
732,2019-10-21 05:00:00,85.0849,132.73505999999998,251.41087341308594
733,2019-10-21 06:00:00,85.09105,132.72766000000001,251.37460327148438
734,2019-10-21 07:00:00,85.09604,132.71479,251.32022094726562
735,2019-10-21 08:00:00,85.10068,132.69167,251.27312469482422
736,2019-10-21 09:00:00,85.10538,132.65807,251.34400939941406
737,2019-10-21 10:00:00,85.11068,132.61510999999996,251.40475463867188
738,2019-10-21 11:00:00,85.11675,132.56549,251.29458618164062
739,2019-10-21 12:00:00,85.12362,132.51328,251.21215057373047
740,2019-10-21 13:00:00,85.13094,132.46137999999996,251.16381072998047
741,2019-10-21 14:00:00,85.1385,132.41235,251.13314056396484
742,2019-10-21 15:00:00,85.14597,132.36696,251.07931518554688
743,2019-10-21 16:00:00,85.153,132.32491,250.98821258544922
744,2019-10-21 17:00:00,85.15938,132.28462000000002,250.87195587158203
745,2019-10-21 18:00:00,85.16515,132.24397,250.76891326904297
746,2019-10-21 19:00:00,85.17043,132.20187999999996,250.64557647705078
747,2019-10-21 20:00:00,85.17557,132.1553,250.5306167602539
748,2019-10-21 21:00:00,85.181,132.10226999999998,250.41510772705078
749,2019-10-21 22:00:00,85.18699,132.04345,250.30099487304688
750,2019-10-21 23:00:00,85.19367,131.98041999999998,250.16073608398438
751,2019-10-22 00:00:00,85.20113,131.91706999999997,250.04443359375
752,2019-10-22 01:00:00,85.20889,131.85579,249.9493865966797
753,2019-10-22 02:00:00,85.21705,131.79728,249.86871337890625
754,2019-10-22 03:00:00,85.22526,131.74265000000003,249.79965209960938
755,2019-10-22 04:00:00,85.23309,131.69194,249.7478790283203
756,2019-10-22 05:00:00,85.24025,131.64243,249.74700927734375
757,2019-10-22 06:00:00,85.2468,131.59024999999997,249.7087860107422
758,2019-10-22 07:00:00,85.25262,131.53341,249.72049713134766
759,2019-10-22 08:00:00,85.25785,131.47087999999997,249.84617614746094
760,2019-10-22 09:00:00,85.26262,131.40447,250.0736083984375
761,2019-10-22 10:00:00,85.26716,131.33508,250.2863311767578
762,2019-10-22 11:00:00,85.27155,131.26159,250.42566680908203
763,2019-10-22 12:00:00,85.27595,131.18696999999997,250.54226684570312
764,2019-10-22 13:00:00,85.28036,131.11314,250.60113525390625
765,2019-10-22 14:00:00,85.28462,131.04107,250.60971069335938
766,2019-10-22 15:00:00,85.28906,130.97360000000003,250.537109375
767,2019-10-22 16:00:00,85.29341,130.91095,250.4520263671875
768,2019-10-22 17:00:00,85.29755,130.85104,250.29170989990234
769,2019-10-22 18:00:00,85.3015,130.79746999999998,250.06774139404297
770,2019-10-22 19:00:00,85.30523,130.74472000000003,249.89817810058594
771,2019-10-22 20:00:00,85.30827,130.69303000000002,249.91143798828125
772,2019-10-22 21:00:00,85.31124,130.63755000000003,249.78325653076172
773,2019-10-22 22:00:00,85.31414,130.57963,249.58216094970703
774,2019-10-22 23:00:00,85.31735,130.51863000000003,249.40299224853516
775,2019-10-23 00:00:00,85.32074,130.45650999999998,249.26014709472656
776,2019-10-23 01:00:00,85.32421,130.39435000000003,249.10761260986328
777,2019-10-23 02:00:00,85.3278,130.33218999999997,248.99314880371094
778,2019-10-23 03:00:00,85.33128,130.27368,248.9236831665039
779,2019-10-23 04:00:00,85.33448,130.2201,248.78551483154297
780,2019-10-23 05:00:00,85.33725,130.16827,248.58756256103516
781,2019-10-23 06:00:00,85.33946,130.11948,248.3773422241211
782,2019-10-23 07:00:00,85.34133,130.07222000000002,248.2082290649414
783,2019-10-23 08:00:00,85.34285,130.02398,248.02433013916016
784,2019-10-23 09:00:00,85.34424,129.97407999999996,247.7965850830078
785,2019-10-23 10:00:00,85.34566,129.92561999999998,247.5770492553711
786,2019-10-23 11:00:00,85.34717,129.88017000000002,247.36682891845703
787,2019-10-23 12:00:00,85.34886,129.84028999999998,247.20191192626953
788,2019-10-23 13:00:00,85.35068,129.80492000000004,247.08184814453125
789,2019-10-23 14:00:00,85.35268,129.76965,246.92501831054688
790,2019-10-23 15:00:00,85.3548,129.73867,246.76318359375
791,2019-10-23 16:00:00,85.35683,129.70912999999996,246.6275863647461
792,2019-10-23 17:00:00,85.35871,129.67915,246.52222442626953
793,2019-10-23 18:00:00,85.36039,129.64965,246.4327850341797
794,2019-10-23 19:00:00,85.36188,129.61995000000002,246.38714599609375
795,2019-10-23 20:00:00,85.36331,129.58951000000002,246.3708267211914
796,2019-10-23 21:00:00,85.36478,129.55650000000003,246.3388442993164
797,2019-10-23 22:00:00,85.36647,129.51872000000003,246.30142211914062
798,2019-10-23 23:00:00,85.3685,129.4792,246.25199127197266
799,2019-10-24 00:00:00,85.37078,129.43986,246.19534301757812
800,2019-10-24 01:00:00,85.37376,129.39770999999996,246.2040557861328
801,2019-10-24 02:00:00,85.37719,129.35766,246.15090942382812
802,2019-10-24 03:00:00,85.38089,129.3234,246.0932388305664
803,2019-10-24 04:00:00,85.38453,129.29120999999998,246.01934814453125
804,2019-10-24 05:00:00,85.38783,129.25856999999996,245.92594146728516
805,2019-10-24 06:00:00,85.39099,129.22392000000002,245.85770416259766
806,2019-10-24 07:00:00,85.39376,129.18461000000002,245.79752349853516
807,2019-10-24 08:00:00,85.39659,129.14427,245.75096130371094
808,2019-10-24 09:00:00,85.39908,129.09742,245.71569061279297
809,2019-10-24 10:00:00,85.40121,129.04575,245.70697784423828
810,2019-10-24 11:00:00,85.40377,128.99023999999997,245.74290466308594
811,2019-10-24 12:00:00,85.40637,128.92926,245.80408477783203
812,2019-10-24 13:00:00,85.40927,128.86724000000004,245.85396575927734
813,2019-10-24 14:00:00,85.41215,128.80574000000001,245.90410614013672
814,2019-10-24 15:00:00,85.4151,128.74428999999998,245.95032501220703
815,2019-10-24 16:00:00,85.41853,128.68516999999997,246.0237274169922
816,2019-10-24 17:00:00,85.42167,128.63194,246.0508041381836
817,2019-10-24 18:00:00,85.42456,128.57991000000004,246.03387451171875
818,2019-10-24 19:00:00,85.42693,128.52845000000002,245.99687957763672
819,2019-10-24 20:00:00,85.42882,128.47611,245.94307708740234
820,2019-10-24 21:00:00,85.43026,128.42281000000003,245.88751983642578
821,2019-10-24 22:00:00,85.43165,128.36819000000003,245.85796356201172
822,2019-10-24 23:00:00,85.43315,128.31375000000003,245.91171264648438
823,2019-10-25 00:00:00,85.43496,128.26025000000004,246.0653533935547
824,2019-10-25 01:00:00,85.43685,128.21078999999997,246.20722198486328
825,2019-10-25 02:00:00,85.43883,128.16350999999997,246.35774993896484
826,2019-10-25 03:00:00,85.44076,128.12302,246.4683609008789
827,2019-10-25 04:00:00,85.44244,128.0892,246.54022979736328
828,2019-10-25 05:00:00,85.44375,128.06219999999996,246.55410766601562
829,2019-10-25 06:00:00,85.44459,128.04017,246.60118103027344
830,2019-10-25 07:00:00,85.44511,128.01917000000003,246.6354751586914
831,2019-10-25 08:00:00,85.44543,127.99486000000002,246.63253021240234
832,2019-10-25 09:00:00,85.4457,127.96699000000001,246.61473846435547
833,2019-10-25 10:00:00,85.44601,127.93637999999999,246.62992095947266
834,2019-10-25 11:00:00,85.44636,127.90526,246.63172912597656
835,2019-10-25 12:00:00,85.44671,127.87511,246.62723541259766
836,2019-10-25 13:00:00,85.44724,127.84607,246.6048126220703
837,2019-10-25 14:00:00,85.44793,127.81934999999999,246.5909194946289
838,2019-10-25 15:00:00,85.44869,127.79602,246.62518310546875
839,2019-10-25 16:00:00,85.44946,127.77690000000001,246.67620086669922
840,2019-10-25 17:00:00,85.45011,127.76006999999998,246.68180084228516
841,2019-10-25 18:00:00,85.45052,127.74184000000002,246.63875579833984
842,2019-10-25 19:00:00,85.4506,127.72537,246.57083129882812
843,2019-10-25 20:00:00,85.45051,127.70693,246.52739715576172
844,2019-10-25 21:00:00,85.45028,127.68833000000001,246.47633361816406
845,2019-10-25 22:00:00,85.45006,127.66604000000001,246.41715240478516
846,2019-10-25 23:00:00,85.44997,127.64161000000001,246.3381805419922
847,2019-10-26 00:00:00,85.45007,127.61648000000002,246.23480224609375
848,2019-10-26 01:00:00,85.4504,127.59216000000004,246.13716888427734
849,2019-10-26 02:00:00,85.45093,127.57033000000001,246.03205108642578
850,2019-10-26 03:00:00,85.4516,127.55267000000003,245.94490814208984
851,2019-10-26 04:00:00,85.45226,127.53868,245.9193878173828
852,2019-10-26 05:00:00,85.45285,127.52665000000002,245.9299545288086
853,2019-10-26 06:00:00,85.4533,127.51499000000001,245.9345932006836
854,2019-10-26 07:00:00,85.4536,127.50200999999998,245.89971923828125
855,2019-10-26 08:00:00,85.45382,127.48588000000001,245.80530548095703
856,2019-10-26 09:00:00,85.45403,127.46602999999999,245.69745635986328
857,2019-10-26 10:00:00,85.45434,127.44214999999997,245.5709991455078
858,2019-10-26 11:00:00,85.45479,127.41589999999997,245.47916412353516
859,2019-10-26 12:00:00,85.45546,127.38835,245.45674896240234
860,2019-10-26 13:00:00,85.45639,127.36198999999999,245.4377670288086
861,2019-10-26 14:00:00,85.45751,127.33803,245.3429183959961
862,2019-10-26 15:00:00,85.45873,127.31743,245.23682403564453
863,2019-10-26 16:00:00,85.45998,127.30020000000002,245.1868896484375
864,2019-10-26 17:00:00,85.46118,127.28525000000002,245.1469268798828
865,2019-10-26 18:00:00,85.46233,127.27121,245.0624771118164
866,2019-10-26 19:00:00,85.4634,127.25644,244.9895248413086
867,2019-10-26 20:00:00,85.46444,127.23909000000003,244.94717407226562
868,2019-10-26 21:00:00,85.46555,127.21870999999999,244.88958740234375
869,2019-10-26 22:00:00,85.46678,127.19400999999999,244.84072875976562
870,2019-10-26 23:00:00,85.46823,127.16633000000002,244.80126953125
871,2019-10-27 00:00:00,85.46986,127.13797999999997,244.7937240600586
872,2019-10-27 01:00:00,85.47175,127.11000999999999,244.81063842773438
873,2019-10-27 02:00:00,85.47391,127.08312999999998,244.85643768310547
874,2019-10-27 03:00:00,85.47629,127.05926999999997,244.85792541503906
875,2019-10-27 04:00:00,85.47878,127.03933,244.83714294433594
876,2019-10-27 05:00:00,85.48122,127.02235000000002,244.87452697753906
877,2019-10-27 06:00:00,85.48359,127.00526000000002,244.8648452758789
878,2019-10-27 07:00:00,85.4858,126.98729000000003,244.86432647705078
879,2019-10-27 08:00:00,85.48792,126.96650999999997,244.88607025146484
880,2019-10-27 09:00:00,85.49002,126.94272000000001,244.90245819091797
881,2019-10-27 10:00:00,85.49224,126.91673000000003,244.9365234375
882,2019-10-27 11:00:00,85.49462,126.88992000000002,244.9709701538086
883,2019-10-27 12:00:00,85.49727,126.86343,244.99787139892578
884,2019-10-27 13:00:00,85.50007,126.83758999999998,245.03864288330078
885,2019-10-27 14:00:00,85.50301,126.81295,245.06987762451172
886,2019-10-27 15:00:00,85.50615,126.78983,245.10039520263672
887,2019-10-27 16:00:00,85.50939,126.76986,245.1021957397461
888,2019-10-27 17:00:00,85.51266,126.75085000000001,245.10294342041016
889,2019-10-27 18:00:00,85.51597,126.73194999999998,245.11133575439453
890,2019-10-27 19:00:00,85.51919,126.70956000000001,245.13623046875
891,2019-10-27 20:00:00,85.5224,126.68195000000003,245.1750946044922
892,2019-10-27 21:00:00,85.52568,126.65062,245.21773529052734
893,2019-10-27 22:00:00,85.52915,126.61392999999998,245.2694091796875
894,2019-10-27 23:00:00,85.5329,126.5709,245.3341064453125
895,2019-10-28 00:00:00,85.53687,126.52665000000002,245.41851806640625
896,2019-10-28 01:00:00,85.54106,126.48365999999999,245.5072479248047
897,2019-10-28 02:00:00,85.54548,126.44319000000002,245.5885238647461
898,2019-10-28 03:00:00,85.55001,126.40777000000003,245.65676879882812
899,2019-10-28 04:00:00,85.5546,126.37689,245.70126342773438
900,2019-10-28 05:00:00,85.55919,126.35012,245.73258209228516
901,2019-10-28 06:00:00,85.56367,126.32463000000001,245.7636489868164
902,2019-10-28 07:00:00,85.56798,126.29858000000002,245.81175994873047
903,2019-10-28 08:00:00,85.57221,126.27093000000002,245.87042236328125
904,2019-10-28 09:00:00,85.57651,126.24124999999998,245.93228912353516
905,2019-10-28 10:00:00,85.58079,126.20954999999998,245.97462463378906
906,2019-10-28 11:00:00,85.58506,126.17687000000001,245.98355865478516
907,2019-10-28 12:00:00,85.58931,126.14485000000002,246.15992736816406
908,2019-10-28 13:00:00,85.59328,126.11436000000003,246.12902069091797
909,2019-10-28 14:00:00,85.59717,126.08467000000002,246.08169555664062
910,2019-10-28 15:00:00,85.60111,126.05586,246.02118682861328
911,2019-10-28 16:00:00,85.60498,126.03140000000002,245.97344207763672
912,2019-10-28 17:00:00,85.60857,126.00629000000004,245.95428466796875
913,2019-10-28 18:00:00,85.6118,125.97741000000002,245.95178985595703
914,2019-10-28 19:00:00,85.61487,125.94330000000002,245.92298126220703
915,2019-10-28 20:00:00,85.61789,125.90492,245.89019012451172
916,2019-10-28 21:00:00,85.62095,125.86216000000002,245.876708984375
917,2019-10-28 22:00:00,85.62409,125.81637999999998,245.8629379272461
918,2019-10-28 23:00:00,85.62734,125.76737000000003,245.82318878173828
919,2019-10-29 00:00:00,85.63065,125.71530000000001,245.76415252685547
920,2019-10-29 01:00:00,85.63408,125.66467999999998,245.68516540527344
921,2019-10-29 02:00:00,85.63751,125.61984000000001,245.62318420410156
922,2019-10-29 03:00:00,85.64078,125.58098999999999,245.5734405517578
923,2019-10-29 04:00:00,85.64377,125.54550999999998,245.5315399169922
924,2019-10-29 05:00:00,85.64655,125.51173,245.49627685546875
925,2019-10-29 06:00:00,85.64917,125.47703000000001,245.48562622070312
926,2019-10-29 07:00:00,85.65165,125.43819000000002,245.47232055664062
927,2019-10-29 08:00:00,85.65415,125.39459,245.41990661621094
928,2019-10-29 09:00:00,85.65679,125.34744,245.3556137084961
929,2019-10-29 10:00:00,85.65962,125.29716000000002,245.30127716064453
930,2019-10-29 11:00:00,85.66269,125.24400000000003,245.2405014038086
931,2019-10-29 12:00:00,85.66602,125.19186000000002,245.17698669433594
932,2019-10-29 13:00:00,85.66939,125.14395000000002,245.10327911376953
933,2019-10-29 14:00:00,85.67268,125.10178000000002,245.0311508178711
934,2019-10-29 15:00:00,85.67572,125.06423999999998,244.9682846069336
935,2019-10-29 16:00:00,85.67846,125.03061000000002,244.912109375
936,2019-10-29 17:00:00,85.68096,124.99862000000002,244.85926055908203
937,2019-10-29 18:00:00,85.6833,124.96632,244.8229217529297
938,2019-10-29 19:00:00,85.68556,124.93137999999999,244.8090362548828
939,2019-10-29 20:00:00,85.68785,124.8929,244.79629516601562
940,2019-10-29 21:00:00,85.69017,124.85190999999998,244.78131103515625
941,2019-10-29 22:00:00,85.69262,124.80831999999998,244.7734146118164
942,2019-10-29 23:00:00,85.69531,124.76292000000001,244.76954650878906
943,2019-10-30 00:00:00,85.69828,124.71658000000002,244.76275634765625
944,2019-10-30 01:00:00,85.70132,124.67320999999998,244.7268829345703
945,2019-10-30 02:00:00,85.70428,124.63342999999998,244.66641235351562
946,2019-10-30 03:00:00,85.70702,124.59852000000001,244.59687042236328
947,2019-10-30 04:00:00,85.70949,124.5666,244.52182006835938
948,2019-10-30 05:00:00,85.71176,124.53624000000002,244.445068359375
949,2019-10-30 06:00:00,85.7138,124.50459000000001,244.37618255615234
950,2019-10-30 07:00:00,85.71579,124.47021999999998,244.3100357055664
951,2019-10-30 08:00:00,85.7178,124.43000999999998,244.2237548828125
952,2019-10-30 09:00:00,85.71989,124.38580000000002,244.1661148071289
953,2019-10-30 10:00:00,85.72222,124.33924999999999,244.11947631835938
954,2019-10-30 11:00:00,85.72476,124.2935,244.07643127441406
955,2019-10-30 12:00:00,85.72746,124.25092000000001,244.00507354736328
956,2019-10-30 13:00:00,85.73012,124.21206999999998,243.93152618408203
957,2019-10-30 14:00:00,85.73259,124.17701999999997,243.86148834228516
958,2019-10-30 15:00:00,85.73474,124.14549999999997,243.7929458618164
959,2019-10-30 16:00:00,85.73652,124.11594000000002,243.7296905517578
960,2019-10-30 17:00:00,85.738,124.08681999999999,243.6749267578125
961,2019-10-30 18:00:00,85.73938,124.05552,243.63884735107422
962,2019-10-30 19:00:00,85.74075,124.02091000000001,243.6259536743164
963,2019-10-30 20:00:00,85.74228,123.98300999999998,243.6113510131836
964,2019-10-30 21:00:00,85.74405,123.94082000000003,243.59154510498047
965,2019-10-30 22:00:00,85.74614,123.89609999999999,243.56646728515625
966,2019-10-30 23:00:00,85.74852,123.85086000000001,243.53905487060547
967,2019-10-31 00:00:00,85.7511,123.80664000000002,243.4928970336914
968,2019-10-31 01:00:00,85.7537,123.76601,243.45147705078125
969,2019-10-31 02:00:00,85.7561,123.73043000000001,243.4165267944336
970,2019-10-31 03:00:00,85.75822,123.69884000000002,243.3628921508789
971,2019-10-31 04:00:00,85.76001,123.6705,243.39275360107422
972,2019-10-31 05:00:00,85.76162,123.64348999999999,243.68535614013672
973,2019-10-31 06:00:00,85.7631,123.61588999999998,243.9063491821289
974,2019-10-31 07:00:00,85.76456,123.58665000000002,243.97592163085938
975,2019-10-31 08:00:00,85.76615,123.55488000000003,243.9468994140625
976,2019-10-31 09:00:00,85.76795,123.52013,243.90727996826172
977,2019-10-31 10:00:00,85.77002,123.48397999999997,243.8358383178711
978,2019-10-31 11:00:00,85.77231,123.44779,243.835205078125
979,2019-10-31 12:00:00,85.77474,123.41320999999999,243.7846450805664
980,2019-10-31 13:00:00,85.77713,123.38134000000002,243.7344512939453
981,2019-10-31 14:00:00,85.77938,123.35320999999999,243.67415618896484
982,2019-10-31 15:00:00,85.78134,123.3286,243.71866607666016
983,2019-10-31 16:00:00,85.783,123.30570999999998,243.8181915283203
984,2019-10-31 17:00:00,85.78444,123.28313000000003,243.8309783935547
985,2019-10-31 18:00:00,85.78576,123.25967000000003,243.82823181152344
986,2019-10-31 19:00:00,85.78711,123.23388999999997,243.7767333984375
987,2019-10-31 20:00:00,85.78859,123.20517000000001,243.8058319091797
988,2019-10-31 21:00:00,85.79029,123.17341999999996,243.8142852783203
989,2019-10-31 22:00:00,85.79228,123.13965999999999,243.76690673828125
990,2019-10-31 23:00:00,85.79457,123.10525999999999,243.6855239868164
991,2019-11-01 00:00:00,85.79707,123.07276000000002,243.57656860351562
992,2019-11-01 01:00:00,85.79964,123.04437000000001,243.49595642089844
993,2019-11-01 02:00:00,85.80213,123.01922000000002,243.44728088378906
994,2019-11-01 03:00:00,85.80441,122.99896000000001,243.39131927490234
995,2019-11-01 04:00:00,85.80643,122.98124000000001,243.3510513305664
996,2019-11-01 05:00:00,85.80815,122.96492,243.33495330810547
997,2019-11-01 06:00:00,85.80971,122.9479,243.31639862060547
998,2019-11-01 07:00:00,85.81125,122.92863999999997,243.27052307128906
999,2019-11-01 08:00:00,85.81289,122.90791000000002,243.19996643066406
1000,2019-11-01 09:00:00,85.81479,122.88504999999998,243.14271545410156
1001,2019-11-01 10:00:00,85.81693,122.86118999999997,243.08970642089844
1002,2019-11-01 11:00:00,85.81924,122.83825000000002,243.06957244873047
1003,2019-11-01 12:00:00,85.82174,122.81747999999999,243.07147216796875
1004,2019-11-01 13:00:00,85.82421,122.80108000000001,243.0591278076172
1005,2019-11-01 14:00:00,85.82647,122.78888999999998,243.03699493408203
1006,2019-11-01 15:00:00,85.82846,122.78098,242.99949645996094
1007,2019-11-01 16:00:00,85.82999,122.77454,242.96862030029297
1008,2019-11-01 17:00:00,85.83115,122.769,242.9471664428711
1009,2019-11-01 18:00:00,85.83206,122.76171,242.91622924804688
1010,2019-11-01 19:00:00,85.83294,122.75085999999999,242.8876724243164
1011,2019-11-01 20:00:00,85.83384,122.73599999999999,242.84748077392578
1012,2019-11-01 21:00:00,85.83489,122.71861000000001,242.841796875
1013,2019-11-01 22:00:00,85.83619,122.70006000000001,242.8550567626953
1014,2019-11-01 23:00:00,85.83797,122.67925000000002,242.86312103271484
1015,2019-11-02 00:00:00,85.84,122.65924000000001,242.92449188232422
1016,2019-11-02 01:00:00,85.84212,122.64204000000001,242.96746063232422
1017,2019-11-02 02:00:00,85.8442,122.62772999999999,242.94124603271484
1018,2019-11-02 03:00:00,85.84601,122.61648000000002,242.81578063964844
1019,2019-11-02 04:00:00,85.84746,122.60644000000002,242.66748046875
1020,2019-11-02 05:00:00,85.84859,122.59521999999998,242.55841064453125
1021,2019-11-02 06:00:00,85.84944,122.58139,242.47895050048828
1022,2019-11-02 07:00:00,85.85019,122.56295,242.4194107055664
1023,2019-11-02 08:00:00,85.85107,122.53969999999998,242.34819793701172
1024,2019-11-02 09:00:00,85.85224,122.51420000000002,242.27135467529297
1025,2019-11-02 10:00:00,85.85372,122.48462999999998,242.19043731689453
1026,2019-11-02 11:00:00,85.85565,122.45254999999997,242.16582489013672
1027,2019-11-02 12:00:00,85.85784,122.42282,242.09500885009766
1028,2019-11-02 13:00:00,85.86017,122.39449000000002,242.0327911376953
1029,2019-11-02 14:00:00,85.86245,122.36799000000002,241.9940414428711
1030,2019-11-02 15:00:00,85.86456,122.34235999999999,242.0137710571289
1031,2019-11-02 16:00:00,85.86629,122.31711000000001,242.1056900024414
1032,2019-11-02 17:00:00,85.86786,122.28987999999998,242.17534637451172
1033,2019-11-02 18:00:00,85.8692,122.25995999999998,242.1923065185547
1034,2019-11-02 19:00:00,85.87046,122.22683999999998,242.1913833618164
1035,2019-11-02 20:00:00,85.87181,122.18925999999999,242.23585510253906
1036,2019-11-02 21:00:00,85.87342,122.14642000000003,242.2940216064453
1037,2019-11-02 22:00:00,85.87531,122.09942000000001,242.2655487060547
1038,2019-11-02 23:00:00,85.87757,122.05090000000001,242.2338638305664
1039,2019-11-03 00:00:00,85.88003,122.00421,242.23345947265625
1040,2019-11-03 01:00:00,85.88267,121.95974000000001,242.62015533447266
1041,2019-11-03 02:00:00,85.88526,121.91805999999997,243.06084442138672
1042,2019-11-03 03:00:00,85.88763,121.87763999999999,243.3911361694336
1043,2019-11-03 04:00:00,85.89004,121.83767999999998,243.69522094726562
1044,2019-11-03 05:00:00,85.89229,121.79484000000002,244.16320037841797
1045,2019-11-03 06:00:00,85.89402,121.74067000000002,244.23641204833984
1046,2019-11-03 07:00:00,85.89526,121.67012999999997,244.17896270751953
1047,2019-11-03 08:00:00,85.89652,121.58699999999999,244.0793228149414
1048,2019-11-03 09:00:00,85.89782,121.50121000000001,244.0074920654297
1049,2019-11-03 10:00:00,85.89947,121.41334999999998,243.91475677490234
1050,2019-11-03 11:00:00,85.90169,121.32549,243.84339141845703
1051,2019-11-03 12:00:00,85.9043,121.24189999999999,243.78462982177734
1052,2019-11-03 13:00:00,85.90713,121.16782,243.75882720947266
1053,2019-11-03 14:00:00,85.91008,121.0985,243.74373626708984
1054,2019-11-03 15:00:00,85.91265,121.03861999999998,243.73080444335938
1055,2019-11-03 16:00:00,85.9148,120.98293999999999,243.7374496459961
1056,2019-11-03 17:00:00,85.91672,120.92689999999999,243.7957000732422
1057,2019-11-03 18:00:00,85.91841,120.87173000000001,243.91356658935547
1058,2019-11-03 19:00:00,85.91986,120.81155000000001,243.6768035888672
1059,2019-11-03 20:00:00,85.92138,120.75227000000001,243.8531036376953
1060,2019-11-03 21:00:00,85.92304,120.68833999999998,244.06531524658203
1061,2019-11-03 22:00:00,85.9249,120.62092000000001,244.1588592529297
1062,2019-11-03 23:00:00,85.92707,120.55036999999999,244.27165985107422
1063,2019-11-04 00:00:00,85.9294,120.48176999999998,244.38115692138672
1064,2019-11-04 01:00:00,85.93186,120.41634999999997,244.49790954589844
1065,2019-11-04 02:00:00,85.93444,120.35025000000002,244.62730407714844
1066,2019-11-04 03:00:00,85.93671,120.293,244.82573699951172
1067,2019-11-04 04:00:00,85.93855,120.23984999999999,245.09285736083984
1068,2019-11-04 05:00:00,85.93997,120.18757,245.30425262451172
1069,2019-11-04 06:00:00,85.94103,120.13526000000002,245.38690948486328
1070,2019-11-04 07:00:00,85.94198,120.07837999999998,245.47118377685547
1071,2019-11-04 08:00:00,85.94306,120.01069999999999,245.5302505493164
1072,2019-11-04 09:00:00,85.94418,119.94063,245.68779754638672
1073,2019-11-04 10:00:00,85.94547,119.87038000000001,245.78231811523438
1074,2019-11-04 11:00:00,85.94696,119.80182000000002,245.87865447998047
1075,2019-11-04 12:00:00,85.94857,119.73558000000003,245.80979919433594
1076,2019-11-04 13:00:00,85.95016,119.67340999999999,245.6249237060547
1077,2019-11-04 14:00:00,85.95157,119.61464999999998,245.48841094970703
1078,2019-11-04 15:00:00,85.9527,119.55881,245.2253189086914
1079,2019-11-04 16:00:00,85.95343,119.50512000000003,244.94532012939453
1080,2019-11-04 17:00:00,85.95375,119.45263999999997,244.73509216308594
1081,2019-11-04 18:00:00,85.95377,119.40001000000001,244.54652404785156
1082,2019-11-04 19:00:00,85.95358,119.34658999999999,244.44564819335938
1083,2019-11-04 20:00:00,85.95334,119.29223000000002,244.31143188476562
1084,2019-11-04 21:00:00,85.95307,119.23633000000001,244.177001953125
1085,2019-11-04 22:00:00,85.95292,119.18115999999998,244.05747985839844
1086,2019-11-04 23:00:00,85.95285,119.12707,243.9413604736328
1087,2019-11-05 00:00:00,85.95293,119.07515000000001,244.11255645751953
1088,2019-11-05 01:00:00,85.95299,119.02539000000002,243.9949722290039
1089,2019-11-05 02:00:00,85.95272,118.97827000000001,243.8849334716797
1090,2019-11-05 03:00:00,85.95205,118.93142,243.82127380371094
1091,2019-11-05 04:00:00,85.95135,118.87748999999997,243.81151580810547
1092,2019-11-05 05:00:00,85.95034,118.82499000000001,243.73471069335938
1093,2019-11-05 06:00:00,85.94899,118.77357,243.6460418701172
1094,2019-11-05 07:00:00,85.94735,118.71947999999998,243.54969787597656
1095,2019-11-05 08:00:00,85.94557,118.66438,243.44364166259766
1096,2019-11-05 09:00:00,85.9437,118.60991000000001,243.346923828125
1097,2019-11-05 10:00:00,85.94191,118.55419999999998,243.26425170898438
1098,2019-11-05 11:00:00,85.94026,118.49577999999997,243.1948471069336
1099,2019-11-05 12:00:00,85.93894,118.44001000000003,243.23021697998047
1100,2019-11-05 13:00:00,85.9378,118.38842,243.39849853515625
1101,2019-11-05 14:00:00,85.93667,118.34186999999997,243.61267852783203
1102,2019-11-05 15:00:00,85.93538,118.29737999999998,243.66217041015625
1103,2019-11-05 16:00:00,85.93384,118.25477999999998,243.62039184570312
1104,2019-11-05 17:00:00,85.9321,118.21467999999999,243.5391845703125
1105,2019-11-05 18:00:00,85.93023,118.1755,243.50977325439453
1106,2019-11-05 19:00:00,85.92833,118.13569999999999,243.57508087158203
1107,2019-11-05 20:00:00,85.9266,118.09401000000003,243.53358459472656
1108,2019-11-05 21:00:00,85.92507,118.05068,243.4845962524414
1109,2019-11-05 22:00:00,85.92388,118.00664999999998,243.4657745361328
1110,2019-11-05 23:00:00,85.92305,117.96296999999998,243.42935180664062
1111,2019-11-06 00:00:00,85.92249,117.92120999999997,243.41059112548828
1112,2019-11-06 01:00:00,85.92209,117.88241,243.2844696044922
1113,2019-11-06 02:00:00,85.92171,117.84649999999999,243.17095947265625
1114,2019-11-06 03:00:00,85.92128,117.81252999999998,243.06349182128906
1115,2019-11-06 04:00:00,85.92069,117.77864999999997,242.9770736694336
1116,2019-11-06 05:00:00,85.91997,117.74356,242.927978515625
1117,2019-11-06 06:00:00,85.91916,117.70688999999999,242.91316986083984
1118,2019-11-06 07:00:00,85.91831,117.66663,242.93402099609375
1119,2019-11-06 08:00:00,85.91757,117.62351999999998,242.90895080566406
1120,2019-11-06 09:00:00,85.91698,117.57882999999998,242.859130859375
1121,2019-11-06 10:00:00,85.91671,117.53235999999998,242.83300018310547
1122,2019-11-06 11:00:00,85.91675,117.48435999999998,242.8336410522461
1123,2019-11-06 12:00:00,85.91706,117.43806000000001,242.81147003173828
1124,2019-11-06 13:00:00,85.91755,117.39579000000003,242.68265533447266
1125,2019-11-06 14:00:00,85.91813,117.35773,242.63530731201172
1126,2019-11-06 15:00:00,85.91864,117.32358999999997,242.54920959472656
1127,2019-11-06 16:00:00,85.91892,117.29219,242.4470672607422
1128,2019-11-06 17:00:00,85.91893,117.26105999999999,242.47543334960938
1129,2019-11-06 18:00:00,85.91877,117.22830999999996,242.57750701904297
1130,2019-11-06 19:00:00,85.91849,117.19326000000001,242.67041015625
1131,2019-11-06 20:00:00,85.91824,117.15541000000002,242.75692749023438
1132,2019-11-06 21:00:00,85.91806,117.11583999999999,242.7885971069336
1133,2019-11-06 22:00:00,85.91807,117.07533999999998,242.7924575805664
1134,2019-11-06 23:00:00,85.91834,117.03523000000001,242.83489990234375
1135,2019-11-07 00:00:00,85.91882,116.99725000000001,242.91938018798828
1136,2019-11-07 01:00:00,85.91945,116.96247,243.05520629882812
1137,2019-11-07 02:00:00,85.92005,116.93124,243.1476593017578
1138,2019-11-07 03:00:00,85.9205,116.90350999999998,243.27784729003906
1139,2019-11-07 04:00:00,85.92075,116.87754000000001,243.35800170898438
1140,2019-11-07 05:00:00,85.92076,116.85153000000003,243.4432144165039
1141,2019-11-07 06:00:00,85.9205,116.82477,243.52002716064453
1142,2019-11-07 07:00:00,85.92001,116.79532,243.60880279541016
1143,2019-11-07 08:00:00,85.91944,116.76184999999998,243.7817153930664
1144,2019-11-07 09:00:00,85.91885,116.72606999999999,244.01539611816406
1145,2019-11-07 10:00:00,85.91835,116.68821000000003,244.24789428710938
1146,2019-11-07 11:00:00,85.91802,116.65178000000003,244.40487670898438
1147,2019-11-07 12:00:00,85.91785,116.61865,244.50635528564453
1148,2019-11-07 13:00:00,85.91777,116.58875999999998,244.5636215209961
1149,2019-11-07 14:00:00,85.91769,116.56225999999998,244.60411834716797
1150,2019-11-07 15:00:00,85.91753,116.53987000000001,244.59449005126953
1151,2019-11-07 16:00:00,85.91735,116.52024,244.48267364501953
1152,2019-11-07 17:00:00,85.91695,116.50216,244.41900634765625
1153,2019-11-07 18:00:00,85.91636,116.48315000000002,244.22412109375
1154,2019-11-07 19:00:00,85.9156,116.46194000000003,244.01151275634766
1155,2019-11-07 20:00:00,85.9148,116.43882000000002,243.771728515625
1156,2019-11-07 21:00:00,85.91397,116.41131000000001,243.428955078125
1157,2019-11-07 22:00:00,85.91325,116.38200999999998,243.0691375732422
1158,2019-11-07 23:00:00,85.91274,116.35232000000002,242.76966857910156
1159,2019-11-08 00:00:00,85.91238,116.32497000000001,242.5173110961914
1160,2019-11-08 01:00:00,85.91209,116.30020000000002,242.2914810180664
1161,2019-11-08 02:00:00,85.91181,116.27890000000002,242.0937957763672
1162,2019-11-08 03:00:00,85.9114,116.25995999999998,241.90851593017578
1163,2019-11-08 04:00:00,85.91076,116.24264,241.75049591064453
1164,2019-11-08 05:00:00,85.90983,116.22505000000001,241.61344146728516
1165,2019-11-08 06:00:00,85.90858,116.20468,241.49241638183594
1166,2019-11-08 07:00:00,85.90704,116.18135000000001,241.38641357421875
1167,2019-11-08 08:00:00,85.90529,116.15683000000001,241.30186462402344
1168,2019-11-08 09:00:00,85.90338,116.132,241.2275161743164
1169,2019-11-08 10:00:00,85.90146,116.10230000000001,241.1799774169922
1170,2019-11-08 11:00:00,85.89957,116.07258000000002,241.1394500732422
1171,2019-11-08 12:00:00,85.89771,116.04254000000003,241.1399383544922
1172,2019-11-08 13:00:00,85.89581,116.01327000000003,241.22898864746094
1173,2019-11-08 14:00:00,85.8938,115.98473999999999,241.54239654541016
1174,2019-11-08 15:00:00,85.89168,115.95871999999997,241.80826568603516
1175,2019-11-08 16:00:00,85.88937,115.93520000000001,242.00792694091797
1176,2019-11-08 17:00:00,85.88688,115.91271999999998,242.1314468383789
1177,2019-11-08 18:00:00,85.88415,115.89137,242.36920166015625
1178,2019-11-08 19:00:00,85.88119,115.87113,242.6443634033203
1179,2019-11-08 20:00:00,85.87814,115.85045000000002,242.93096923828125
1180,2019-11-08 21:00:00,85.87498,115.82891000000001,243.15855407714844
1181,2019-11-08 22:00:00,85.87195,115.81004000000001,243.38479614257812
1182,2019-11-08 23:00:00,85.86903,115.79392999999999,243.61700439453125
1183,2019-11-09 00:00:00,85.86611,115.78050999999999,243.86720275878906
1184,2019-11-09 01:00:00,85.86346,115.77244999999999,244.13176727294922
1185,2019-11-09 02:00:00,85.86089,115.76904000000002,244.4271469116211
1186,2019-11-09 03:00:00,85.85833,115.77031999999997,244.6794891357422
1187,2019-11-09 04:00:00,85.85584,115.77418999999998,244.85648345947266
1188,2019-11-09 05:00:00,85.85321,115.77975000000004,244.9432144165039
1189,2019-11-09 06:00:00,85.85051,115.78439000000003,244.96742248535156
1190,2019-11-09 07:00:00,85.84791,115.78607999999997,245.0469512939453
1191,2019-11-09 08:00:00,85.84549,115.78544,245.0501480102539
1192,2019-11-09 09:00:00,85.84323,115.78332999999998,245.00218200683594
1193,2019-11-09 10:00:00,85.84115,115.7808,244.87986755371094
1194,2019-11-09 11:00:00,85.83923,115.77945,244.71125030517578
1195,2019-11-09 12:00:00,85.83742,115.78204,244.51214599609375
1196,2019-11-09 13:00:00,85.83578,115.78958999999998,244.32937622070312
1197,2019-11-09 14:00:00,85.83423,115.80164000000002,244.12053680419922
1198,2019-11-09 15:00:00,85.8327,115.81738000000001,243.87474822998047
1199,2019-11-09 16:00:00,85.83115,115.83443,243.59735107421875
1200,2019-11-09 17:00:00,85.82962,115.85153000000003,243.3653335571289
1201,2019-11-09 18:00:00,85.82817,115.86755,243.1859588623047
1202,2019-11-09 19:00:00,85.82682,115.88150999999999,243.0266571044922
1203,2019-11-09 20:00:00,85.82564,115.89390000000003,242.87521362304688
1204,2019-11-09 21:00:00,85.82463,115.90553999999997,242.7337417602539
1205,2019-11-09 22:00:00,85.82383,115.91700000000003,242.59503173828125
1206,2019-11-09 23:00:00,85.82326,115.92966999999999,242.45944213867188
1207,2019-11-10 00:00:00,85.82288,115.94412,242.34009552001953
1208,2019-11-10 01:00:00,85.82265,115.96026999999998,242.2517547607422
1209,2019-11-10 02:00:00,85.82253,115.97841,242.18030548095703
1210,2019-11-10 03:00:00,85.82252,115.99855000000002,242.1432342529297
1211,2019-11-10 04:00:00,85.82253,116.01992000000001,242.10433197021484
1212,2019-11-10 05:00:00,85.82254,116.04127,242.0090560913086
1213,2019-11-10 06:00:00,85.82253,116.06126,241.8940200805664
1214,2019-11-10 07:00:00,85.82261,116.07896,241.75467681884766
1215,2019-11-10 08:00:00,85.82287,116.09415999999999,241.54065704345703
1216,2019-11-10 09:00:00,85.82335,116.10683,241.32923889160156
1217,2019-11-10 10:00:00,85.8241,116.11784999999998,241.15845489501953
1218,2019-11-10 11:00:00,85.8251,116.12887999999998,241.08348846435547
1219,2019-11-10 12:00:00,85.82635,116.14147000000003,240.975341796875
1220,2019-11-10 13:00:00,85.82781,116.15717000000001,240.82776641845703
1221,2019-11-10 14:00:00,85.82934,116.17615999999998,240.66868591308594
1222,2019-11-10 15:00:00,85.83084,116.19740000000002,240.5613250732422
1223,2019-11-10 16:00:00,85.83228,116.21974,240.5671157836914
1224,2019-11-10 17:00:00,85.83368,116.24169999999998,240.62543487548828
1225,2019-11-10 18:00:00,85.83519,116.26180999999997,240.70541381835938
1226,2019-11-10 19:00:00,85.83692,116.27927,240.83719635009766
1227,2019-11-10 20:00:00,85.83895,116.29302000000001,240.79510498046875
1228,2019-11-10 21:00:00,85.84134,116.30381999999997,240.64318084716797
1229,2019-11-10 22:00:00,85.8441,116.31347,240.47158813476562
1230,2019-11-10 23:00:00,85.84723,116.32382000000001,240.314208984375
1231,2019-11-11 00:00:00,85.85062,116.33568000000002,240.20571899414062
1232,2019-11-11 01:00:00,85.85426,116.35122000000001,240.1551055908203
1233,2019-11-11 02:00:00,85.85803,116.37031000000002,240.1511001586914
1234,2019-11-11 03:00:00,85.86197,116.39267000000001,240.21253967285156
1235,2019-11-11 04:00:00,85.86619,116.41611999999998,240.371337890625
1236,2019-11-11 05:00:00,85.87073,116.43846000000002,240.62152099609375
1237,2019-11-11 06:00:00,85.87576,116.45978000000002,241.0287094116211
1238,2019-11-11 07:00:00,85.88127,116.48070000000001,241.28302001953125
1239,2019-11-11 08:00:00,85.88715,116.49970000000002,241.46109008789062
1240,2019-11-11 09:00:00,85.89365,116.52037000000001,241.7070770263672
1241,2019-11-11 10:00:00,85.90061,116.54242999999997,242.09532928466797
1242,2019-11-11 11:00:00,85.90779,116.56749000000002,242.37703704833984
1243,2019-11-11 12:00:00,85.91509,116.5969,242.52963256835938
1244,2019-11-11 13:00:00,85.92235,116.63085999999998,242.5706787109375
1245,2019-11-11 14:00:00,85.92939,116.66939000000002,242.854736328125
1246,2019-11-11 15:00:00,85.93606,116.71186999999998,243.10811614990234
1247,2019-11-11 16:00:00,85.94225,116.75781999999998,243.21822357177734
1248,2019-11-11 17:00:00,85.9479,116.80554000000001,243.33895874023438
1249,2019-11-11 18:00:00,85.95301,116.85289999999998,243.52326202392578
1250,2019-11-11 19:00:00,85.95779,116.90057999999999,243.5759735107422
1251,2019-11-11 20:00:00,85.96237,116.94826999999998,243.51731872558594
1252,2019-11-11 21:00:00,85.96694,116.99499000000003,243.5029525756836
1253,2019-11-11 22:00:00,85.97147,117.04230000000001,243.50890350341797
1254,2019-11-11 23:00:00,85.97606,117.09032000000002,243.52340698242188
1255,2019-11-12 00:00:00,85.98075,117.14168999999998,243.7029800415039
1256,2019-11-12 01:00:00,85.98538,117.19542999999999,243.70423889160156
1257,2019-11-12 02:00:00,85.98987,117.24928999999997,243.70411682128906
1258,2019-11-12 03:00:00,85.99425,117.30189000000001,243.68224334716797
1259,2019-11-12 04:00:00,85.99843,117.34959000000003,243.68144989013672
1260,2019-11-12 05:00:00,86.00255,117.39357000000001,243.74172973632812
1261,2019-11-12 06:00:00,86.00682,117.43324999999999,243.8184585571289
1262,2019-11-12 07:00:00,86.01099,117.46330999999998,243.82454681396484
1263,2019-11-12 08:00:00,86.01539,117.48581000000001,243.82149505615234
1264,2019-11-12 09:00:00,86.01998,117.50353999999999,243.8275909423828
1265,2019-11-12 10:00:00,86.02493,117.52025000000003,243.77882385253906
1266,2019-11-12 11:00:00,86.03011,117.53908999999999,243.6538848876953
1267,2019-11-12 12:00:00,86.03533,117.56182000000001,243.56620025634766
1268,2019-11-12 13:00:00,86.04036,117.58735000000001,243.53113555908203
1269,2019-11-12 14:00:00,86.04525,117.61712,243.48780822753906
1270,2019-11-12 15:00:00,86.04992,117.64952,243.45435333251953
1271,2019-11-12 16:00:00,86.05432,117.68158,243.4412612915039
1272,2019-11-12 17:00:00,86.05847,117.71195999999998,243.4601821899414
1273,2019-11-12 18:00:00,86.0623,117.73752999999999,243.47454833984375
1274,2019-11-12 19:00:00,86.06601,117.75959999999998,243.48757934570312
1275,2019-11-12 20:00:00,86.06963,117.77796000000001,243.48243713378906
1276,2019-11-12 21:00:00,86.07326,117.79147,243.45211029052734
1277,2019-11-12 22:00:00,86.07714,117.80398000000002,243.41839599609375
1278,2019-11-12 23:00:00,86.08129,117.81857000000002,243.38753509521484
1279,2019-11-13 00:00:00,86.08551,117.83783,243.35941314697266
1280,2019-11-13 01:00:00,86.0896,117.86181999999997,243.3300018310547
1281,2019-11-13 02:00:00,86.09321,117.89103,243.2885513305664
1282,2019-11-13 03:00:00,86.09614,117.92122,243.228759765625
1283,2019-11-13 04:00:00,86.09848,117.94702000000001,243.17990112304688
1284,2019-11-13 05:00:00,86.10057,117.96497999999997,243.12152862548828
1285,2019-11-13 06:00:00,86.10266,117.97679,243.05315399169922
1286,2019-11-13 07:00:00,86.10479,117.98417,243.0052490234375
1287,2019-11-13 08:00:00,86.10671,117.98419999999999,242.98565673828125
1288,2019-11-13 09:00:00,86.10877,117.97852999999998,242.9870376586914
1289,2019-11-13 10:00:00,86.11108,117.97309000000001,243.01788330078125
1290,2019-11-13 11:00:00,86.1136,117.96846,243.06685638427734
1291,2019-11-13 12:00:00,86.11622,117.96640000000002,243.29649353027344
1292,2019-11-13 13:00:00,86.11879,117.96551,243.49153900146484
1293,2019-11-13 14:00:00,86.12109,117.96668,243.65481567382812
1294,2019-11-13 15:00:00,86.12311,117.97060999999997,243.6998519897461
1295,2019-11-13 16:00:00,86.12502,117.98136,243.63143157958984
1296,2019-11-13 17:00:00,86.1266,117.99412000000001,243.51181030273438
1297,2019-11-13 18:00:00,86.12825,118.00132000000002,243.385009765625
1298,2019-11-13 19:00:00,86.13009,118.01715999999999,243.24498748779297
1299,2019-11-13 20:00:00,86.13231,118.03088000000002,243.08677673339844
1300,2019-11-13 21:00:00,86.1353,118.04218000000003,242.91940307617188
1301,2019-11-13 22:00:00,86.13894,118.05351000000002,242.79425811767578
1302,2019-11-13 23:00:00,86.14279,118.06414999999998,242.7113265991211
1303,2019-11-14 00:00:00,86.1466,118.07668999999999,242.66082763671875
1304,2019-11-14 01:00:00,86.15023,118.09302000000002,242.64059448242188
1305,2019-11-14 02:00:00,86.15363,118.11336,242.63389587402344
1306,2019-11-14 03:00:00,86.15672,118.13650000000001,242.62384033203125
1307,2019-11-14 04:00:00,86.15924,118.16102000000001,242.60946655273438
1308,2019-11-14 05:00:00,86.16119,118.18394999999998,242.59249114990234
1309,2019-11-14 06:00:00,86.16283,118.20364000000001,242.5882110595703
1310,2019-11-14 07:00:00,86.16441,118.21829000000002,242.60047912597656
1311,2019-11-14 08:00:00,86.16615,118.22755999999998,242.6371307373047
1312,2019-11-14 09:00:00,86.16789,118.23450000000003,242.70948028564453
1313,2019-11-14 10:00:00,86.16989,118.23768999999999,242.83512115478516
1314,2019-11-14 11:00:00,86.17207,118.24083000000002,243.0997314453125
1315,2019-11-14 12:00:00,86.17425,118.24529000000001,243.28983306884766
1316,2019-11-14 13:00:00,86.17632,118.25299000000001,243.4947052001953
1317,2019-11-14 14:00:00,86.17814,118.26440000000002,243.67189025878906
1318,2019-11-14 15:00:00,86.17961,118.27713,243.73292541503906
1319,2019-11-14 16:00:00,86.18082,118.29101000000003,243.63703155517578
1320,2019-11-14 17:00:00,86.18168,118.30464999999998,243.57881927490234
1321,2019-11-14 18:00:00,86.18216,118.31567000000001,243.62137603759766
1322,2019-11-14 19:00:00,86.18246,118.32196999999996,243.82794952392578
1323,2019-11-14 20:00:00,86.18274,118.32303000000002,243.94153594970703
1324,2019-11-14 21:00:00,86.18325,118.31943000000001,243.93321990966797
1325,2019-11-14 22:00:00,86.18414,118.31306999999998,243.76437377929688
1326,2019-11-14 23:00:00,86.18531,118.30723,243.5473175048828
1327,2019-11-15 00:00:00,86.18665,118.30552,243.42706298828125
1328,2019-11-15 01:00:00,86.18805,118.30858999999998,243.40777587890625
1329,2019-11-15 02:00:00,86.18916,118.31677000000002,243.47750854492188
1330,2019-11-15 03:00:00,86.18986,118.3297,243.54562377929688
1331,2019-11-15 04:00:00,86.19006,118.3449,243.66744232177734
1332,2019-11-15 05:00:00,86.18991,118.36216000000002,243.69517517089844
1333,2019-11-15 06:00:00,86.1895,118.37905,243.64906311035156
1334,2019-11-15 07:00:00,86.18896,118.39490999999998,243.63721466064453
1335,2019-11-15 08:00:00,86.18849,118.40967999999998,243.52759552001953
1336,2019-11-15 09:00:00,86.18827,118.42325,243.5629425048828
1337,2019-11-15 10:00:00,86.18876,118.43899999999996,243.74571990966797
1338,2019-11-15 11:00:00,86.18997,118.46062999999998,244.03150177001953
1339,2019-11-15 12:00:00,86.19158,118.48547000000002,244.3751678466797
1340,2019-11-15 13:00:00,86.19317,118.52395000000001,244.9010467529297
1341,2019-11-15 14:00:00,86.19456,118.57598000000002,245.68927764892578
1342,2019-11-15 15:00:00,86.19535,118.64299,246.35311126708984
1343,2019-11-15 16:00:00,86.19557,118.71042,246.72411346435547
1344,2019-11-15 17:00:00,86.19496,118.78095000000002,246.68468475341797
1345,2019-11-15 18:00:00,86.19445,118.85021,246.32621002197266
1346,2019-11-15 19:00:00,86.19408,118.91964000000002,246.13329315185547
1347,2019-11-15 20:00:00,86.19358,118.99212999999997,246.09988403320312
1348,2019-11-15 21:00:00,86.19279,119.06642999999997,246.10860443115234
1349,2019-11-15 22:00:00,86.19169,119.14423999999997,246.07604217529297
1350,2019-11-15 23:00:00,86.19073,119.22339999999997,246.15101623535156
1351,2019-11-16 00:00:00,86.19003,119.31443999999999,246.22566986083984
1352,2019-11-16 01:00:00,86.18877,119.42043999999999,246.35184478759766
1353,2019-11-16 02:00:00,86.18727,119.52629000000002,246.58086395263672
1354,2019-11-16 03:00:00,86.18559,119.63506000000001,246.98067474365234
1355,2019-11-16 04:00:00,86.18378,119.75024000000002,247.4411392211914
1356,2019-11-16 05:00:00,86.18195,119.86723,247.91793823242188
1357,2019-11-16 06:00:00,86.17999,119.99310000000003,248.43191528320312
1358,2019-11-16 07:00:00,86.17757,120.13238000000001,249.02285766601562
1359,2019-11-16 08:00:00,86.17436,120.28147000000001,249.65090942382812
1360,2019-11-16 09:00:00,86.17062,120.44477999999998,250.18914794921875
1361,2019-11-16 10:00:00,86.16673,120.60816999999997,250.81140899658203
1362,2019-11-16 11:00:00,86.16299,120.77328999999997,251.47784423828125
1363,2019-11-16 12:00:00,86.15975,120.93213000000003,252.15735626220703
1364,2019-11-16 13:00:00,86.15718,121.09989000000002,252.7899627685547
1365,2019-11-16 14:00:00,86.15492,121.27611000000002,253.1768035888672
1366,2019-11-16 15:00:00,86.15289,121.45850000000002,253.4061508178711
1367,2019-11-16 16:00:00,86.15052,121.64048000000003,253.4739761352539
1368,2019-11-16 17:00:00,86.14727,121.81979000000001,253.59925842285156
1369,2019-11-16 18:00:00,86.14319,121.99164999999999,253.71515655517578
1370,2019-11-16 19:00:00,86.1372,122.13569000000001,253.90744018554688
1371,2019-11-16 20:00:00,86.12945,122.25009999999997,254.0144271850586
1372,2019-11-16 21:00:00,86.12143,122.33042999999998,254.15308380126953
1373,2019-11-16 22:00:00,86.11302,122.38448,254.28207397460938
1374,2019-11-16 23:00:00,86.10411,122.41993000000002,254.16483306884766
1375,2019-11-17 00:00:00,86.09464,122.44344000000001,253.79287719726562
1376,2019-11-17 01:00:00,86.08474,122.44436000000002,252.85184478759766
1377,2019-11-17 02:00:00,86.07516,122.43345,251.2367172241211
1378,2019-11-17 03:00:00,86.06683,122.42187000000001,249.50904083251953
1379,2019-11-17 04:00:00,86.05985,122.43988999999999,249.27418518066406
1380,2019-11-17 05:00:00,86.05213,122.47379000000001,249.65734100341797
1381,2019-11-17 06:00:00,86.04374,122.51641000000001,249.11663055419922
1382,2019-11-17 07:00:00,86.0355,122.55131,248.04863739013672
1383,2019-11-17 08:00:00,86.02747,122.58401000000003,247.6692352294922
1384,2019-11-17 09:00:00,86.01967,122.60689000000002,247.49908447265625
1385,2019-11-17 10:00:00,86.01197,122.60793999999999,247.3607406616211
1386,2019-11-17 11:00:00,86.00408,122.57731999999999,247.18701171875
1387,2019-11-17 12:00:00,85.99615,122.50650999999999,246.98900604248047
1388,2019-11-17 13:00:00,85.9886,122.41282999999999,246.75057983398438
1389,2019-11-17 14:00:00,85.9819,122.31600000000003,246.38839721679688
1390,2019-11-17 15:00:00,85.97749,122.23829,246.09322357177734
1391,2019-11-17 16:00:00,85.97264,122.18273999999997,246.0547637939453
1392,2019-11-17 17:00:00,85.96549,122.11059,246.2927703857422
1393,2019-11-17 18:00:00,85.95603,122.04885000000002,246.72859954833984
1394,2019-11-17 19:00:00,85.94693,121.97145999999998,247.09072875976562
1395,2019-11-17 20:00:00,85.93855,121.89251999999999,247.30768585205078
1396,2019-11-17 21:00:00,85.92877,121.80902000000003,247.39315032958984
1397,2019-11-17 22:00:00,85.9183,121.71294999999998,247.4351577758789
1398,2019-11-17 23:00:00,85.90755,121.59875999999997,247.43885803222656
1399,2019-11-18 00:00:00,85.89753,121.47030000000001,247.40447235107422
1400,2019-11-18 01:00:00,85.8884,121.33546000000001,247.30168914794922
1401,2019-11-18 02:00:00,85.88025,121.20325000000003,247.1929473876953
1402,2019-11-18 03:00:00,85.8728,121.07538,247.06653594970703
1403,2019-11-18 04:00:00,85.86579,120.97419000000002,246.98190307617188
1404,2019-11-18 05:00:00,85.85951,120.88148999999999,246.87442016601562
1405,2019-11-18 06:00:00,85.85326,120.80435,246.73113250732422
1406,2019-11-18 07:00:00,85.84728,120.74905999999999,246.61023712158203
1407,2019-11-18 08:00:00,85.84125,120.70418000000001,246.50745391845703
1408,2019-11-18 09:00:00,85.83518,120.65877999999998,246.40630340576172
1409,2019-11-18 10:00:00,85.82925,120.6121,246.31157684326172
1410,2019-11-18 11:00:00,85.8235,120.56076000000002,246.20586395263672
1411,2019-11-18 12:00:00,85.81815,120.5007,246.08575439453125
1412,2019-11-18 13:00:00,85.81375,120.43648000000002,245.9314727783203
1413,2019-11-18 14:00:00,85.81073,120.37763999999999,245.7661895751953
1414,2019-11-18 15:00:00,85.80887,120.33110999999997,245.60882568359375
1415,2019-11-18 16:00:00,85.80758,120.30142000000001,245.53296661376953
1416,2019-11-18 17:00:00,85.80663,120.29430000000002,245.6167984008789
1417,2019-11-18 18:00:00,85.80549,120.31115,245.82135009765625
1418,2019-11-18 19:00:00,85.80413,120.34629999999999,246.05364990234375
1419,2019-11-18 20:00:00,85.80267,120.38936999999999,246.36825561523438
1420,2019-11-18 21:00:00,85.8012,120.43106999999998,246.7697296142578
1421,2019-11-18 22:00:00,85.79998,120.46046000000001,247.22797393798828
1422,2019-11-18 23:00:00,85.79896,120.47261000000003,247.6655044555664
1423,2019-11-19 00:00:00,85.79829,120.47035,248.1090316772461
1424,2019-11-19 01:00:00,85.79809,120.46215000000001,248.6943130493164
1425,2019-11-19 02:00:00,85.79888,120.45105000000001,249.27423095703125
1426,2019-11-19 03:00:00,85.8004,120.44432,249.85660552978516
1427,2019-11-19 04:00:00,85.80163,120.45488,250.39281463623047
1428,2019-11-19 05:00:00,85.80249,120.48088999999999,250.52982330322266
1429,2019-11-19 06:00:00,85.80251,120.52267,250.43706512451172
1430,2019-11-19 07:00:00,85.80142,120.57749999999999,250.4022216796875
1431,2019-11-19 08:00:00,85.79998,120.63278000000003,250.35227966308594
1432,2019-11-19 09:00:00,85.79792,120.68646000000001,250.3373260498047
1433,2019-11-19 10:00:00,85.79578,120.72426000000002,250.57361602783203
1434,2019-11-19 11:00:00,85.7939,120.75018999999998,250.77481842041016
1435,2019-11-19 12:00:00,85.79244,120.77026999999998,250.8288345336914
1436,2019-11-19 13:00:00,85.7912,120.79093999999998,251.18914794921875
1437,2019-11-19 14:00:00,85.78988,120.81954000000002,251.5595703125
1438,2019-11-19 15:00:00,85.78827,120.85549000000003,251.84258270263672
1439,2019-11-19 16:00:00,85.78601,120.89774,252.1214828491211
1440,2019-11-19 17:00:00,85.78315,120.95493999999997,252.46417999267578
1441,2019-11-19 18:00:00,85.77984,121.02395999999999,252.76036834716797
1442,2019-11-19 19:00:00,85.77614,121.0994,252.92780303955078
1443,2019-11-19 20:00:00,85.77244,121.17003,252.9743423461914
1444,2019-11-19 21:00:00,85.76898,121.23061999999999,253.0714874267578
1445,2019-11-19 22:00:00,85.76598,121.27978999999999,253.15408325195312
1446,2019-11-19 23:00:00,85.76367,121.31849999999997,253.00273895263672
1447,2019-11-20 00:00:00,85.76226,121.35131999999999,252.910400390625
1448,2019-11-20 01:00:00,85.76157,121.38400999999999,252.91460418701172
1449,2019-11-20 02:00:00,85.76189,121.41847000000001,252.8755645751953
1450,2019-11-20 03:00:00,85.76301,121.45969000000002,252.81195831298828
1451,2019-11-20 04:00:00,85.76432,121.50826,252.7553253173828
1452,2019-11-20 05:00:00,85.7654,121.55808999999999,252.62261962890625
1453,2019-11-20 06:00:00,85.76598,121.60131000000001,252.48577880859375
1454,2019-11-20 07:00:00,85.76565,121.62894,252.22779846191406
1455,2019-11-20 08:00:00,85.76478,121.63940000000002,252.0465545654297
1456,2019-11-20 09:00:00,85.76347,121.63475,251.8487548828125
1457,2019-11-20 10:00:00,85.76182,121.61104999999998,251.71837615966797
1458,2019-11-20 11:00:00,85.76026,121.56664999999998,251.5023651123047
1459,2019-11-20 12:00:00,85.75921,121.51589000000001,251.07980346679688
1460,2019-11-20 13:00:00,85.75888,121.46787999999998,250.5835418701172
1461,2019-11-20 14:00:00,85.75889,121.4291,250.16364288330078
1462,2019-11-20 15:00:00,85.75903,121.39661000000001,249.80685424804688
1463,2019-11-20 16:00:00,85.7589,121.36991999999998,249.47924041748047
1464,2019-11-20 17:00:00,85.75837,121.34632999999997,249.1807403564453
1465,2019-11-20 18:00:00,85.75761,121.32772999999997,248.92825317382812
1466,2019-11-20 19:00:00,85.75611,121.30754999999999,248.7318115234375
1467,2019-11-20 20:00:00,85.75399,121.28359,248.54296112060547
1468,2019-11-20 21:00:00,85.75167,121.25256999999999,248.31739807128906
1469,2019-11-20 22:00:00,85.74928,121.21262999999999,248.11164093017578
1470,2019-11-20 23:00:00,85.74739,121.16574000000003,247.94752502441406
1471,2019-11-21 00:00:00,85.74609,121.11311999999998,247.8076934814453
1472,2019-11-21 01:00:00,85.74555,121.06666999999999,247.70584106445312
1473,2019-11-21 02:00:00,85.7453,121.02582999999998,247.49412536621094
1474,2019-11-21 03:00:00,85.74513,120.99268000000001,247.3261489868164
1475,2019-11-21 04:00:00,85.745,120.97021999999998,247.1523895263672
1476,2019-11-21 05:00:00,85.74466,120.95706000000001,246.9885482788086
1477,2019-11-21 06:00:00,85.74396,120.94979999999998,246.83279418945312
1478,2019-11-21 07:00:00,85.74297,120.94536,246.7024688720703
1479,2019-11-21 08:00:00,85.74189,120.93923000000001,246.63758850097656
1480,2019-11-21 09:00:00,85.74082,120.93020000000001,246.5294418334961
1481,2019-11-21 10:00:00,85.74003,120.91898000000003,246.38148498535156
1482,2019-11-21 11:00:00,85.73959,120.90651000000003,246.2959442138672
1483,2019-11-21 12:00:00,85.73931,120.89168999999998,246.23676300048828
1484,2019-11-21 13:00:00,85.73929,120.87724000000003,246.2306365966797
1485,2019-11-21 14:00:00,85.73962,120.86737,246.32169342041016
1486,2019-11-21 15:00:00,85.74011,120.86198000000002,246.42452239990234
1487,2019-11-21 16:00:00,85.74044,120.86063999999999,246.63327026367188
1488,2019-11-21 17:00:00,85.74047,120.86289,246.85137939453125
1489,2019-11-21 18:00:00,85.73997,120.86662000000001,246.99132537841797
1490,2019-11-21 19:00:00,85.73901,120.86755,247.10126495361328
1491,2019-11-21 20:00:00,85.73794,120.86642999999998,247.1521224975586
1492,2019-11-21 21:00:00,85.73699,120.86175000000003,247.1811065673828
1493,2019-11-21 22:00:00,85.73613,120.85423000000003,247.1909637451172
1494,2019-11-21 23:00:00,85.73534,120.84418,247.2780303955078
1495,2019-11-22 00:00:00,85.73493,120.83170999999999,247.4872817993164
1496,2019-11-22 01:00:00,85.73493,120.82186999999999,247.86161041259766
1497,2019-11-22 02:00:00,85.73525,120.81690000000003,248.1728744506836
1498,2019-11-22 03:00:00,85.73564,120.81319000000002,248.27393341064453
1499,2019-11-22 04:00:00,85.73575,120.81173999999999,248.200927734375
1500,2019-11-22 05:00:00,85.73522,120.81232,248.01575469970703
1501,2019-11-22 06:00:00,85.73424,120.80917999999997,247.6846160888672
1502,2019-11-22 07:00:00,85.73284,120.79953,247.43292999267578
1503,2019-11-22 08:00:00,85.73135,120.78181000000001,247.22364044189453
1504,2019-11-22 09:00:00,85.73039,120.75151,246.9944839477539
1505,2019-11-22 10:00:00,85.73004,120.71156000000002,246.78997039794922
1506,2019-11-22 11:00:00,85.73014,120.66750000000002,246.4011459350586
1507,2019-11-22 12:00:00,85.73082,120.62025,246.07086181640625
1508,2019-11-22 13:00:00,85.73191,120.57177000000001,245.78688049316406
1509,2019-11-22 14:00:00,85.73328,120.52884,245.55331420898438
1510,2019-11-22 15:00:00,85.73443,120.49565999999999,245.36180114746094
1511,2019-11-22 16:00:00,85.73525,120.46821999999997,245.20304107666016
1512,2019-11-22 17:00:00,85.73557,120.44529,245.04364776611328
1513,2019-11-22 18:00:00,85.73539,120.42650000000003,244.91307067871094
1514,2019-11-22 19:00:00,85.73482,120.40999999999997,244.78218841552734
1515,2019-11-22 20:00:00,85.73403,120.39395000000002,244.6859893798828
1516,2019-11-22 21:00:00,85.73319,120.37849,244.692626953125
1517,2019-11-22 22:00:00,85.73269,120.35955999999999,244.69430541992188
1518,2019-11-22 23:00:00,85.73271,120.33938999999998,244.77672576904297
1519,2019-11-23 00:00:00,85.73314,120.32082000000003,244.78907012939453
1520,2019-11-23 01:00:00,85.73384,120.30527000000001,244.70101165771484
1521,2019-11-23 02:00:00,85.73465,120.29488000000003,244.6291961669922
1522,2019-11-23 03:00:00,85.73539,120.29286000000002,244.66946411132812
1523,2019-11-23 04:00:00,85.73597,120.29993000000002,244.85994720458984
1524,2019-11-23 05:00:00,85.73616,120.31633,245.06695556640625
1525,2019-11-23 06:00:00,85.73626,120.33587,245.27411651611328
1526,2019-11-23 07:00:00,85.73638,120.35957000000002,245.41612243652344
1527,2019-11-23 08:00:00,85.73669,120.38513999999998,245.50732421875
1528,2019-11-23 09:00:00,85.73734,120.41318999999999,245.59523010253906
1529,2019-11-23 10:00:00,85.73863,120.44289000000003,245.70980072021484
1530,2019-11-23 11:00:00,85.74074,120.47063000000003,245.80695343017578
1531,2019-11-23 12:00:00,85.74387,120.50283999999999,245.9354705810547
1532,2019-11-23 13:00:00,85.74775,120.53827999999999,246.04100799560547
1533,2019-11-23 14:00:00,85.75222,120.58449000000002,246.13958740234375
1534,2019-11-23 15:00:00,85.75675,120.64350999999999,246.21148681640625
1535,2019-11-23 16:00:00,85.76118,120.70847000000003,246.25426483154297
1536,2019-11-23 17:00:00,85.76543,120.77569,246.30480194091797
1537,2019-11-23 18:00:00,85.76966,120.83783,246.34707641601562
1538,2019-11-23 19:00:00,85.77396,120.89467000000002,246.41888427734375
1539,2019-11-23 20:00:00,85.7786,120.94209000000001,246.45599365234375
1540,2019-11-23 21:00:00,85.78401,120.98270000000002,246.43965911865234
1541,2019-11-23 22:00:00,85.79095,121.02067,246.44622802734375
1542,2019-11-23 23:00:00,85.79879,121.05692999999997,246.47985076904297
1543,2019-11-24 00:00:00,85.80754,121.09456999999998,246.53225708007812
1544,2019-11-24 01:00:00,85.81677,121.13580999999999,246.5723114013672
1545,2019-11-24 02:00:00,85.82612,121.18191000000002,246.52972412109375
1546,2019-11-24 03:00:00,85.83557,121.22922,246.43397521972656
1547,2019-11-24 04:00:00,85.84456,121.27548000000002,246.3446502685547
1548,2019-11-24 05:00:00,85.85274,121.3168,246.27194213867188
1549,2019-11-24 06:00:00,85.86031,121.34987999999998,246.26466369628906
1550,2019-11-24 07:00:00,85.8675,121.37189000000001,246.36722564697266
1551,2019-11-24 08:00:00,85.87441,121.38267000000002,246.4842300415039
1552,2019-11-24 09:00:00,85.88112,121.38182,246.57849884033203
1553,2019-11-24 10:00:00,85.88771,121.37310000000002,246.655029296875
1554,2019-11-24 11:00:00,85.89379,121.35881999999998,246.69319915771484
1555,2019-11-24 12:00:00,85.89885,121.34291000000002,246.65667724609375
1556,2019-11-24 13:00:00,85.90297,121.32767000000001,246.5306167602539
1557,2019-11-24 14:00:00,85.90746,121.31464,246.37823486328125
1558,2019-11-24 15:00:00,85.91296,121.30450000000002,246.2087631225586
1559,2019-11-24 16:00:00,85.91915,121.29660000000001,246.0882568359375
1560,2019-11-24 17:00:00,85.92563,121.28620000000001,246.0202407836914
1561,2019-11-24 18:00:00,85.93218,121.26998000000003,245.97802734375
1562,2019-11-24 19:00:00,85.93875,121.24597,245.95933532714844
1563,2019-11-24 20:00:00,85.94536,121.21320000000003,245.9711685180664
1564,2019-11-24 21:00:00,85.9524,121.17437000000001,245.8247528076172
1565,2019-11-24 22:00:00,85.95953,121.13227999999998,245.7648162841797
1566,2019-11-24 23:00:00,85.96638,121.08965999999998,245.7210235595703
1567,2019-11-25 00:00:00,85.973,121.04865999999998,245.65023040771484
1568,2019-11-25 01:00:00,85.97987,121.00967000000003,245.5122833251953
1569,2019-11-25 02:00:00,85.98714,120.97375999999997,245.27069091796875
1570,2019-11-25 03:00:00,85.99429,120.94031999999999,244.93048095703125
1571,2019-11-25 04:00:00,86.00116,120.90620999999999,244.62122344970703
1572,2019-11-25 05:00:00,86.00808,120.86777999999998,244.3720703125
1573,2019-11-25 06:00:00,86.01532,120.82457999999997,244.20892333984375
1574,2019-11-25 07:00:00,86.0225,120.77744000000001,244.13243865966797
1575,2019-11-25 08:00:00,86.02928,120.72647,244.1153335571289
1576,2019-11-25 09:00:00,86.0356,120.67401999999998,244.0112762451172
1577,2019-11-25 10:00:00,86.04159,120.61788000000001,243.86542510986328
1578,2019-11-25 11:00:00,86.04731,120.56193000000002,243.77752685546875
1579,2019-11-25 12:00:00,86.05276,120.50808999999998,243.7371368408203
1580,2019-11-25 13:00:00,86.05796,120.45677999999998,243.66871643066406
1581,2019-11-25 14:00:00,86.06303,120.40750000000003,243.55699920654297
1582,2019-11-25 15:00:00,86.06791,120.35939000000002,243.42366790771484
1583,2019-11-25 16:00:00,86.07262,120.31198999999998,243.29698181152344
1584,2019-11-25 17:00:00,86.07716,120.26301999999998,243.19482421875
1585,2019-11-25 18:00:00,86.08153,120.21181000000001,243.11136627197266
1586,2019-11-25 19:00:00,86.08563,120.15759000000003,243.03124237060547
1587,2019-11-25 20:00:00,86.08947,120.10019,242.96236419677734
1588,2019-11-25 21:00:00,86.09316,120.04011000000003,242.9234161376953
1589,2019-11-25 22:00:00,86.0968,119.97863000000001,242.9029312133789
1590,2019-11-25 23:00:00,86.10027,119.91624999999999,242.92086791992188
1591,2019-11-26 00:00:00,86.10358,119.85507000000001,242.9560317993164
1592,2019-11-26 01:00:00,86.10651,119.79289,242.9095230102539
1593,2019-11-26 02:00:00,86.10948,119.73094000000003,242.91387176513672
1594,2019-11-26 03:00:00,86.11217,119.66966000000002,243.03356170654297
1595,2019-11-26 04:00:00,86.11472,119.60985,243.1589584350586
1596,2019-11-26 05:00:00,86.11686,119.54799000000003,243.27477264404297
1597,2019-11-26 06:00:00,86.11889,119.48477000000003,243.32388305664062
1598,2019-11-26 07:00:00,86.12067,119.42006000000003,243.4325942993164
1599,2019-11-26 08:00:00,86.12246,119.35567000000003,243.53701782226562
1600,2019-11-26 09:00:00,86.12388,119.29041999999998,243.6633071899414
1601,2019-11-26 10:00:00,86.12536,119.22552999999999,243.83769989013672
1602,2019-11-26 11:00:00,86.12697,119.16134,244.0080337524414
1603,2019-11-26 12:00:00,86.12844,119.09794,244.10406494140625
1604,2019-11-26 13:00:00,86.12976,119.03652,244.1401596069336
1605,2019-11-26 14:00:00,86.13116,118.97757000000001,244.1941146850586
1606,2019-11-26 15:00:00,86.13236,118.91831000000002,244.22769927978516
1607,2019-11-26 16:00:00,86.13344,118.86002000000002,244.27960205078125
1608,2019-11-26 17:00:00,86.13458,118.80367999999999,244.33301544189453
1609,2019-11-26 18:00:00,86.13587,118.75358,244.37440490722656
1610,2019-11-26 19:00:00,86.13738,118.70544000000001,244.3545379638672
1611,2019-11-26 20:00:00,86.13878,118.65596,244.29261779785156
1612,2019-11-26 21:00:00,86.14026,118.60549000000003,244.3030548095703
1613,2019-11-26 22:00:00,86.14175,118.55437999999998,244.37462615966797
1614,2019-11-26 23:00:00,86.14322,118.50301000000002,244.42965698242188
1615,2019-11-27 00:00:00,86.14472,118.45213000000001,244.4320831298828
1616,2019-11-27 01:00:00,86.14618,118.40355999999997,244.30611419677734
1617,2019-11-27 02:00:00,86.14752,118.35759999999999,244.04540252685547
1618,2019-11-27 03:00:00,86.14876,118.31441999999998,243.61714935302734
1619,2019-11-27 04:00:00,86.15,118.27242999999999,243.096923828125
1620,2019-11-27 05:00:00,86.15119,118.23149000000001,242.66551971435547
1621,2019-11-27 06:00:00,86.15237,118.19106,242.34586334228516
1622,2019-11-27 07:00:00,86.15355,118.14985000000001,242.0571060180664
1623,2019-11-27 08:00:00,86.15468,118.10720000000003,241.80452728271484
1624,2019-11-27 09:00:00,86.15598,118.06144999999998,241.62459564208984
1625,2019-11-27 10:00:00,86.15734,118.01310999999998,241.51154327392578
1626,2019-11-27 11:00:00,86.15854,117.96265,241.4517364501953
1627,2019-11-27 12:00:00,86.1597,117.91023999999999,241.4207534790039
1628,2019-11-27 13:00:00,86.1608,117.85595999999998,241.39148712158203
1629,2019-11-27 14:00:00,86.16185,117.80090000000001,241.34127807617188
1630,2019-11-27 15:00:00,86.16267,117.74991999999997,241.28105926513672
1631,2019-11-27 16:00:00,86.16337,117.70384000000001,241.23555755615234
1632,2019-11-27 17:00:00,86.16404,117.6601,241.21087646484375
1633,2019-11-27 18:00:00,86.16462,117.61923000000002,241.20154571533203
1634,2019-11-27 19:00:00,86.16517,117.57533000000001,241.1938705444336
1635,2019-11-27 20:00:00,86.16576,117.52837,241.19622039794922
1636,2019-11-27 21:00:00,86.16658,117.47782999999998,241.14888763427734
1637,2019-11-27 22:00:00,86.16728,117.42489,241.0775375366211
1638,2019-11-27 23:00:00,86.16784,117.37182999999999,240.92559814453125
1639,2019-11-28 00:00:00,86.16818,117.31765000000001,240.75747680664062
1640,2019-11-28 01:00:00,86.16818,117.26243999999997,240.63690948486328
1641,2019-11-28 02:00:00,86.16793,117.20738,240.52983856201172
1642,2019-11-28 03:00:00,86.16753,117.15391999999997,240.64818572998047
1643,2019-11-28 04:00:00,86.167,117.10097999999999,240.94768524169922
1644,2019-11-28 05:00:00,86.16631,117.04775999999998,241.25869750976562
1645,2019-11-28 06:00:00,86.16537,116.99405999999999,241.5916748046875
1646,2019-11-28 07:00:00,86.16421,116.93875000000003,241.94790649414062
1647,2019-11-28 08:00:00,86.1629,116.88056,242.34014129638672
1648,2019-11-28 09:00:00,86.16154,116.81677000000002,242.71302795410156
1649,2019-11-28 10:00:00,86.16037,116.75297,243.0263442993164
1650,2019-11-28 11:00:00,86.15918,116.68718000000001,243.38776397705078
1651,2019-11-28 12:00:00,86.15788,116.61325,244.06573486328125
1652,2019-11-28 13:00:00,86.15634,116.53163999999998,244.41905212402344
1653,2019-11-28 14:00:00,86.15454,116.44677999999999,244.60929107666016
1654,2019-11-28 15:00:00,86.15258,116.35624999999999,244.58950805664062
1655,2019-11-28 16:00:00,86.15027,116.26809000000003,244.55423736572266
1656,2019-11-28 17:00:00,86.14778,116.18138999999996,244.70794677734375
1657,2019-11-28 18:00:00,86.14527,116.08166,244.9779052734375
1658,2019-11-28 19:00:00,86.14279,115.9796,245.2261505126953
1659,2019-11-28 20:00:00,86.14053,115.87718000000001,245.34774017333984
1660,2019-11-28 21:00:00,86.13833,115.77195,245.5286865234375
1661,2019-11-28 22:00:00,86.13625,115.66566999999998,245.65357208251953
1662,2019-11-28 23:00:00,86.1342,115.55971999999997,245.7031707763672
1663,2019-11-29 00:00:00,86.13207,115.45524,245.6554183959961
1664,2019-11-29 01:00:00,86.12982,115.35138999999998,245.66527557373047
1665,2019-11-29 02:00:00,86.12743,115.24777,245.70748138427734
1666,2019-11-29 03:00:00,86.12493,115.14420000000001,245.7709732055664
1667,2019-11-29 04:00:00,86.12237,115.03904999999997,245.78794860839844
1668,2019-11-29 05:00:00,86.11988,114.93263000000002,245.8044204711914
1669,2019-11-29 06:00:00,86.11751,114.82643999999999,245.7658920288086
1670,2019-11-29 07:00:00,86.11542,114.72037999999998,245.67456817626953
1671,2019-11-29 08:00:00,86.1137,114.61493000000002,245.5741195678711
1672,2019-11-29 09:00:00,86.11229,114.51204999999999,245.54218292236328
1673,2019-11-29 10:00:00,86.11101,114.41091,245.50164794921875
1674,2019-11-29 11:00:00,86.10982,114.31164000000001,245.40286254882812
1675,2019-11-29 12:00:00,86.10872,114.21361000000002,245.13485717773438
1676,2019-11-29 13:00:00,86.10751,114.11990000000003,244.83855438232422
1677,2019-11-29 14:00:00,86.10588,114.03476999999998,244.5010223388672
1678,2019-11-29 15:00:00,86.10369,113.95866999999998,244.21477508544922
1679,2019-11-29 16:00:00,86.10116,113.88718,244.02034759521484
1680,2019-11-29 17:00:00,86.09841,113.81810000000002,243.97432708740234
1681,2019-11-29 18:00:00,86.0955,113.75047999999998,244.05990600585938
1682,2019-11-29 19:00:00,86.09265,113.68198000000001,244.25333404541016
1683,2019-11-29 20:00:00,86.08993,113.61121000000003,244.50467681884766
1684,2019-11-29 21:00:00,86.08734,113.54059999999998,244.65003204345703
1685,2019-11-29 22:00:00,86.08493,113.47255000000001,244.48737335205078
1686,2019-11-29 23:00:00,86.08258,113.40676000000002,244.06922912597656
1687,2019-11-30 00:00:00,86.08017,113.34428000000003,243.6941680908203
1688,2019-11-30 01:00:00,86.07757,113.28557,243.4696502685547
1689,2019-11-30 02:00:00,86.07467,113.22892999999999,243.30694580078125
1690,2019-11-30 03:00:00,86.07151,113.17406,243.1284408569336
1691,2019-11-30 04:00:00,86.06815,113.12293,242.8807373046875
1692,2019-11-30 05:00:00,86.06459,113.07612,242.65879821777344
1693,2019-11-30 06:00:00,86.06095,113.03637000000003,242.54322814941406
1694,2019-11-30 07:00:00,86.05735,112.99891000000002,242.49207305908203
1695,2019-11-30 08:00:00,86.05389,112.96380999999997,242.45555877685547
1696,2019-11-30 09:00:00,86.05055,112.93132000000003,242.42740631103516
1697,2019-11-30 10:00:00,86.04732,112.90147999999999,242.4180450439453
1698,2019-11-30 11:00:00,86.044,112.87624,242.43301391601562
1699,2019-11-30 12:00:00,86.04058,112.85237000000001,242.46128845214844
1700,2019-11-30 13:00:00,86.03704,112.83221000000003,242.4895782470703
1701,2019-11-30 14:00:00,86.03316,112.81669,242.52957153320312
1702,2019-11-30 15:00:00,86.02904,112.80479000000003,242.6097183227539
1703,2019-11-30 16:00:00,86.02495,112.79543999999999,242.66478729248047
1704,2019-11-30 17:00:00,86.02072,112.78832,242.7023696899414
1705,2019-11-30 18:00:00,86.01656,112.78248000000002,242.76023864746094
1706,2019-11-30 19:00:00,86.01258,112.77807000000001,242.74095916748047
1707,2019-11-30 20:00:00,86.00872,112.77625999999998,242.75086212158203
1708,2019-11-30 21:00:00,86.00501,112.77645999999999,242.82644653320312
1709,2019-11-30 22:00:00,86.00138,112.77996000000002,242.91126251220703
1710,2019-11-30 23:00:00,85.99782,112.78706,242.96887969970703
1711,2019-12-01 00:00:00,85.99412,112.80165999999997,242.84498596191406
1712,2019-12-01 01:00:00,85.9906,112.82326,242.94981384277344
1713,2019-12-01 02:00:00,85.98711,112.84920999999997,243.13794708251953
1714,2019-12-01 03:00:00,85.98337,112.87977999999998,243.38167572021484
1715,2019-12-01 04:00:00,85.97958,112.91227000000003,243.55097198486328
1716,2019-12-01 05:00:00,85.97596,112.94515000000001,243.5604019165039
1717,2019-12-01 06:00:00,85.97256,112.97947999999997,243.45316314697266
1718,2019-12-01 07:00:00,85.96927,113.01616000000001,243.2590560913086
1719,2019-12-01 08:00:00,85.96606,113.05335000000002,243.0642547607422
1720,2019-12-01 09:00:00,85.9629,113.09109999999998,242.88771057128906
1721,2019-12-01 10:00:00,85.95969,113.12760000000003,242.72860717773438
1722,2019-12-01 11:00:00,85.95638,113.16230999999999,242.58267974853516
1723,2019-12-01 12:00:00,85.95292,113.19380000000001,242.46050262451172
1724,2019-12-01 13:00:00,85.9493,113.22181999999998,242.55176544189453
1725,2019-12-01 14:00:00,85.94558,113.24581999999998,242.77034759521484
1726,2019-12-01 15:00:00,85.94186,113.26749000000001,242.82530212402344
1727,2019-12-01 16:00:00,85.93815,113.28784000000002,242.80625915527344
1728,2019-12-01 17:00:00,85.93464,113.30768,242.8224868774414
1729,2019-12-01 18:00:00,85.93153,113.32893000000001,242.78751373291016
1730,2019-12-01 19:00:00,85.92886,113.35253,242.7259063720703
1731,2019-12-01 20:00:00,85.92678,113.37882000000002,242.6237564086914
1732,2019-12-01 21:00:00,85.92528,113.40782999999999,242.4960479736328
1733,2019-12-01 22:00:00,85.92433,113.43975,242.44483184814453
1734,2019-12-01 23:00:00,85.92375,113.47388000000001,242.4567108154297
1735,2019-12-02 00:00:00,85.9234,113.50934999999998,242.48995208740234
1736,2019-12-02 01:00:00,85.92315,113.54541999999998,242.5223617553711
1737,2019-12-02 02:00:00,85.92298,113.58121,242.5758514404297
1738,2019-12-02 03:00:00,85.92284,113.61709000000002,242.63492584228516
1739,2019-12-02 04:00:00,85.92271,113.65352999999999,242.70507049560547
1740,2019-12-02 05:00:00,85.92258,113.69110999999998,242.77071380615234
1741,2019-12-02 06:00:00,85.92247,113.72917000000001,242.83911895751953
1742,2019-12-02 07:00:00,85.92248,113.76818000000003,242.93710327148438
1743,2019-12-02 08:00:00,85.92276,113.80856,243.01878356933594
1744,2019-12-02 09:00:00,85.92338,113.85016000000002,243.0654525756836
1745,2019-12-02 10:00:00,85.92434,113.89276000000001,243.09903717041016
1746,2019-12-02 11:00:00,85.92564,113.93551000000002,243.1626434326172
1747,2019-12-02 12:00:00,85.92735,113.98034000000001,243.28678131103516
1748,2019-12-02 13:00:00,85.92938,114.02857,243.5721893310547
1749,2019-12-02 14:00:00,85.93144,114.08193,244.07785034179688
1750,2019-12-02 15:00:00,85.93381,114.14150999999998,244.5318832397461
1751,2019-12-02 16:00:00,85.93638,114.20571999999999,244.88729095458984
1752,2019-12-02 17:00:00,85.93917,114.27467999999999,245.09898376464844
1753,2019-12-02 18:00:00,85.9422,114.34931,245.20430755615234
1754,2019-12-02 19:00:00,85.9455,114.43117000000001,245.26519775390625
1755,2019-12-02 20:00:00,85.9491,114.52118000000002,245.38027954101562
1756,2019-12-02 21:00:00,85.95329,114.61144000000002,245.599365234375
1757,2019-12-02 22:00:00,85.95797,114.70925999999997,246.07845306396484
1758,2019-12-02 23:00:00,85.96302,114.81148000000002,246.7022933959961
1759,2019-12-03 00:00:00,85.96837,114.91766000000001,247.08241271972656
1760,2019-12-03 01:00:00,85.97366,115.02629000000002,247.38562774658203
1761,2019-12-03 02:00:00,85.9789,115.13731999999999,247.58551788330078
1762,2019-12-03 03:00:00,85.98402,115.24885999999998,247.76708984375
1763,2019-12-03 04:00:00,85.98905,115.36048,248.03563690185547
1764,2019-12-03 05:00:00,85.99394,115.47271999999998,248.2525634765625
1765,2019-12-03 06:00:00,85.99872,115.58406000000002,248.5118637084961
1766,2019-12-03 07:00:00,86.00344,115.69623000000001,248.6998748779297
1767,2019-12-03 08:00:00,86.00802,115.81040999999999,248.85043334960938
1768,2019-12-03 09:00:00,86.01265,115.92482999999999,249.01383209228516
1769,2019-12-03 10:00:00,86.01712,116.04000000000002,249.18511962890625
1770,2019-12-03 11:00:00,86.02156,116.15298999999999,249.36012268066406
1771,2019-12-03 12:00:00,86.02578,116.26490999999999,249.55792999267578
1772,2019-12-03 13:00:00,86.03006,116.37284,249.72647857666016
1773,2019-12-03 14:00:00,86.03427,116.47899000000001,249.87001037597656
1774,2019-12-03 15:00:00,86.03856,116.58285000000001,249.99483489990234
1775,2019-12-03 16:00:00,86.04315,116.68605000000002,250.015869140625
1776,2019-12-03 17:00:00,86.04767,116.79101000000003,249.89352416992188
1777,2019-12-03 18:00:00,86.05219,116.89516000000003,249.8243637084961
1778,2019-12-03 19:00:00,86.05637,117.00061,249.81016540527344
1779,2019-12-03 20:00:00,86.06023,117.10522000000003,249.81561279296875
1780,2019-12-03 21:00:00,86.06424,117.20862999999997,249.9280548095703
1781,2019-12-03 22:00:00,86.06805,117.31074000000001,250.19771575927734
1782,2019-12-03 23:00:00,86.07187,117.4099,250.50829315185547
1783,2019-12-04 00:00:00,86.07548,117.50887,251.12142181396484
1784,2019-12-04 01:00:00,86.07896,117.60894000000002,251.3001708984375
1785,2019-12-04 02:00:00,86.08246,117.70974000000001,251.43240356445312
1786,2019-12-04 03:00:00,86.08587,117.81133,251.4988784790039
1787,2019-12-04 04:00:00,86.08909,117.91482000000002,251.50437927246094
1788,2019-12-04 05:00:00,86.09202,118.02058,251.4212875366211
1789,2019-12-04 06:00:00,86.09471,118.12949000000003,251.39472198486328
1790,2019-12-04 07:00:00,86.09715,118.24038999999999,251.42093658447266
1791,2019-12-04 08:00:00,86.09904,118.35314,251.55648803710938
1792,2019-12-04 09:00:00,86.10075,118.46488999999997,251.66378021240234
1793,2019-12-04 10:00:00,86.10258,118.57056,251.5608367919922
1794,2019-12-04 11:00:00,86.10472,118.66993000000002,251.534912109375
1795,2019-12-04 12:00:00,86.10707,118.76522999999997,251.54046630859375
1796,2019-12-04 13:00:00,86.10961,118.85991999999999,251.48538970947266
1797,2019-12-04 14:00:00,86.11234,118.95562000000001,251.26832580566406
1798,2019-12-04 15:00:00,86.11504,119.05606,251.0036163330078
1799,2019-12-04 16:00:00,86.11736,119.16421000000003,250.62892150878906
1800,2019-12-04 17:00:00,86.11913,119.27980000000002,250.25302124023438
1801,2019-12-04 18:00:00,86.12061,119.39643999999998,250.04505157470703
1802,2019-12-04 19:00:00,86.12173,119.51321999999999,249.95443725585938
1803,2019-12-04 20:00:00,86.12273,119.62585999999999,249.90011596679688
1804,2019-12-04 21:00:00,86.12371,119.72739999999999,249.89608764648438
1805,2019-12-04 22:00:00,86.12489,119.81983000000002,249.81556701660156
1806,2019-12-04 23:00:00,86.12643,119.90798000000001,249.68972778320312
1807,2019-12-05 00:00:00,86.12837,119.99608,249.55899047851562
1808,2019-12-05 01:00:00,86.13065,120.08528000000001,249.49429321289062
1809,2019-12-05 02:00:00,86.13306,120.17786999999998,249.36420440673828
1810,2019-12-05 03:00:00,86.1353,120.27701000000002,249.1904525756836
1811,2019-12-05 04:00:00,86.13725,120.38123000000002,249.06565856933594
1812,2019-12-05 05:00:00,86.13877,120.48726999999997,248.98922729492188
1813,2019-12-05 06:00:00,86.13993,120.59257000000002,248.9744110107422
1814,2019-12-05 07:00:00,86.14076,120.69747000000001,248.9808120727539
1815,2019-12-05 08:00:00,86.14133,120.79802999999998,249.0006103515625
1816,2019-12-05 09:00:00,86.14174,120.89227,249.03416442871094
1817,2019-12-05 10:00:00,86.14217,120.98118,249.04500579833984
1818,2019-12-05 11:00:00,86.14248,121.06522000000001,249.03738403320312
1819,2019-12-05 12:00:00,86.14305,121.14555000000001,249.0150146484375
1820,2019-12-05 13:00:00,86.14372,121.22582999999997,248.97781372070312
1821,2019-12-05 14:00:00,86.14442,121.30754999999999,248.97450256347656
1822,2019-12-05 15:00:00,86.1451,121.39182,248.97438049316406
1823,2019-12-05 16:00:00,86.14547,121.47830999999996,248.99552154541016
1824,2019-12-05 17:00:00,86.1455,121.56392,249.0247039794922
1825,2019-12-05 18:00:00,86.14523,121.64749,249.0322723388672
1826,2019-12-05 19:00:00,86.1445,121.72519,249.0323486328125
1827,2019-12-05 20:00:00,86.14347,121.79782,249.00077056884766
1828,2019-12-05 21:00:00,86.14242,121.86259999999999,248.99478912353516
1829,2019-12-05 22:00:00,86.14146,121.91862000000003,249.01573181152344
1830,2019-12-05 23:00:00,86.1409,121.96528999999998,249.07382202148438
1831,2019-12-06 00:00:00,86.14068,122.00650999999999,248.8036651611328
1832,2019-12-06 01:00:00,86.14069,122.04536999999999,248.87252807617188
1833,2019-12-06 02:00:00,86.14077,122.08266000000003,249.3144989013672
1834,2019-12-06 03:00:00,86.14083,122.11944,249.38882446289062
1835,2019-12-06 04:00:00,86.14083,122.15688999999998,249.4459228515625
1836,2019-12-06 05:00:00,86.14059,122.19326999999998,249.48928833007812
1837,2019-12-06 06:00:00,86.14026,122.22516000000002,249.4764175415039
1838,2019-12-06 07:00:00,86.13978,122.25117,249.39412689208984
1839,2019-12-06 08:00:00,86.13942,122.27088000000003,249.31702423095703
1840,2019-12-06 09:00:00,86.13906,122.28403000000003,249.24871063232422
1841,2019-12-06 10:00:00,86.1388,122.29143999999997,249.19245147705078
1842,2019-12-06 11:00:00,86.13882,122.29425000000003,249.1256561279297
1843,2019-12-06 12:00:00,86.13912,122.29356000000001,249.0563735961914
1844,2019-12-06 13:00:00,86.1398,122.29147999999998,249.0290298461914
1845,2019-12-06 14:00:00,86.14064,122.29009000000002,249.00618743896484
1846,2019-12-06 15:00:00,86.14167,122.28877999999997,249.00110626220703
1847,2019-12-06 16:00:00,86.14282,122.28764999999999,248.99060821533203
1848,2019-12-06 17:00:00,86.14384,122.28849000000002,248.9857177734375
1849,2019-12-06 18:00:00,86.14469,122.28910000000002,248.9833221435547
1850,2019-12-06 19:00:00,86.14529,122.28875,249.02288055419922
1851,2019-12-06 20:00:00,86.14571,122.28562,249.06449127197266
1852,2019-12-06 21:00:00,86.14605,122.27877000000001,249.10086059570312
1853,2019-12-06 22:00:00,86.14647,122.26832000000002,249.13592529296875
1854,2019-12-06 23:00:00,86.14708,122.25362000000001,249.17317962646484
1855,2019-12-07 00:00:00,86.148,122.23786999999999,249.19979858398438
1856,2019-12-07 01:00:00,86.14918,122.22071,249.2379913330078
1857,2019-12-07 02:00:00,86.1506,122.20526999999998,249.27450561523438
1858,2019-12-07 03:00:00,86.15218,122.19211000000001,249.0198745727539
1859,2019-12-07 04:00:00,86.15377,122.18339000000003,249.0281524658203
1860,2019-12-07 05:00:00,86.15517,122.17716000000001,249.00652313232422
1861,2019-12-07 06:00:00,86.15655,122.17257999999998,248.86471557617188
1862,2019-12-07 07:00:00,86.15782,122.16682000000003,248.601318359375
1863,2019-12-07 08:00:00,86.15909,122.16021,248.24591827392578
1864,2019-12-07 09:00:00,86.16036,122.15223000000003,247.80404663085938
1865,2019-12-07 10:00:00,86.16165,122.14105999999998,247.3011016845703
1866,2019-12-07 11:00:00,86.16304,122.12553000000003,246.91553497314453
1867,2019-12-07 12:00:00,86.16475,122.10694000000001,246.60669708251953
1868,2019-12-07 13:00:00,86.16692,122.08774,246.37124633789062
1869,2019-12-07 14:00:00,86.16931,122.06833,246.19509887695312
1870,2019-12-07 15:00:00,86.17196,122.04836999999998,246.05768585205078
1871,2019-12-07 16:00:00,86.17516,122.02679,245.95439910888672
1872,2019-12-07 17:00:00,86.17859,122.00223,245.86542510986328
1873,2019-12-07 18:00:00,86.18224,121.97388000000001,245.75811767578125
1874,2019-12-07 19:00:00,86.18602,121.93689999999998,245.65927124023438
1875,2019-12-07 20:00:00,86.19021,121.89382,245.62679290771484
1876,2019-12-07 21:00:00,86.19534,121.84476999999998,245.57843017578125
1877,2019-12-07 22:00:00,86.20132,121.78836999999999,245.46273803710938
1878,2019-12-07 23:00:00,86.20843,121.72593999999998,245.4398956298828
1879,2019-12-08 00:00:00,86.21597,121.65810999999997,245.82351684570312
1880,2019-12-08 01:00:00,86.22363,121.59627,246.0728530883789
1881,2019-12-08 02:00:00,86.23113,121.54493000000002,246.1775131225586
1882,2019-12-08 03:00:00,86.23844,121.50387999999998,246.15040588378906
1883,2019-12-08 04:00:00,86.24554,121.47168999999997,246.04806518554688
1884,2019-12-08 05:00:00,86.25236,121.44632000000001,245.9667205810547
1885,2019-12-08 06:00:00,86.25885,121.42518000000001,245.79058074951172
1886,2019-12-08 07:00:00,86.26501,121.40481,245.5950164794922
1887,2019-12-08 08:00:00,86.27092,121.38348000000002,245.38885498046875
1888,2019-12-08 09:00:00,86.27662,121.36005,245.20899963378906
1889,2019-12-08 10:00:00,86.28222,121.33472,244.94186401367188
1890,2019-12-08 11:00:00,86.28794,121.30813,244.64495086669922
1891,2019-12-08 12:00:00,86.29388,121.28159,244.4123077392578
1892,2019-12-08 13:00:00,86.30008,121.25673999999998,244.2341537475586
1893,2019-12-08 14:00:00,86.30642,121.23372,244.09869384765625
1894,2019-12-08 15:00:00,86.31264,121.21456,243.99471282958984
1895,2019-12-08 16:00:00,86.31861,121.20217000000002,243.90762329101562
1896,2019-12-08 17:00:00,86.32433,121.19283000000001,243.8452606201172
1897,2019-12-08 18:00:00,86.32977,121.18545,243.81703186035156
1898,2019-12-08 19:00:00,86.33482,121.17847999999998,243.79168701171875
1899,2019-12-08 20:00:00,86.33956,121.16894000000002,243.7416229248047
1900,2019-12-08 21:00:00,86.34417,121.15492999999998,243.68443298339844
1901,2019-12-08 22:00:00,86.34875,121.13695999999999,243.6364974975586
1902,2019-12-08 23:00:00,86.35328,121.11592000000002,243.58074188232422
1903,2019-12-09 00:00:00,86.35784,121.09318000000002,243.68817138671875
1904,2019-12-09 01:00:00,86.36253,121.07067,243.65924835205078
1905,2019-12-09 02:00:00,86.36735,121.04994999999997,243.6454315185547
1906,2019-12-09 03:00:00,86.37214,121.03183000000001,243.67000579833984
1907,2019-12-09 04:00:00,86.3769,121.01549999999997,243.96595764160156
1908,2019-12-09 05:00:00,86.38166,120.99986000000001,244.39990234375
1909,2019-12-09 06:00:00,86.3863,120.98451999999997,244.84922790527344
1910,2019-12-09 07:00:00,86.39076,120.96983,245.09144592285156
1911,2019-12-09 08:00:00,86.39509,120.95571000000001,245.30327606201172
1912,2019-12-09 09:00:00,86.39927,120.93983000000003,245.35395050048828
1913,2019-12-09 10:00:00,86.40345,120.92304999999999,245.25971221923828
1914,2019-12-09 11:00:00,86.40772,120.90787,245.33736419677734
1915,2019-12-09 12:00:00,86.41195,120.89571999999998,245.41310119628906
1916,2019-12-09 13:00:00,86.41636,120.88673,245.37164306640625
1917,2019-12-09 14:00:00,86.42094,120.88382000000001,245.1846466064453
1918,2019-12-09 15:00:00,86.4254,120.88542999999999,244.98446655273438
1919,2019-12-09 16:00:00,86.42957,120.89087,244.75143432617188
1920,2019-12-09 17:00:00,86.43355,120.90007000000003,244.54051208496094
1921,2019-12-09 18:00:00,86.43752,120.90614,244.3148651123047
1922,2019-12-09 19:00:00,86.44126,120.91003,244.14191436767578
1923,2019-12-09 20:00:00,86.4448,120.91212000000002,243.8657684326172
1924,2019-12-09 21:00:00,86.44839,120.90957000000003,243.62940216064453
1925,2019-12-09 22:00:00,86.45211,120.90394000000003,243.43555450439453
1926,2019-12-09 23:00:00,86.45599,120.90012000000002,243.28094482421875
1927,2019-12-10 00:00:00,86.46007,120.89935000000003,243.140869140625
1928,2019-12-10 01:00:00,86.46448,120.90456,243.02699279785156
1929,2019-12-10 02:00:00,86.46893,120.91120000000001,242.95216369628906
1930,2019-12-10 03:00:00,86.47344,120.92070999999999,242.91400909423828
1931,2019-12-10 04:00:00,86.47809,120.93799000000001,242.9512176513672
1932,2019-12-10 05:00:00,86.48258,120.95673999999997,243.04122924804688
1933,2019-12-10 06:00:00,86.48698,120.97915,243.14128875732422
1934,2019-12-10 07:00:00,86.49097,120.99694999999997,243.25546264648438
1935,2019-12-10 08:00:00,86.49476,121.01215000000002,243.3833999633789
1936,2019-12-10 09:00:00,86.49815,121.02231999999998,243.47512817382812
1937,2019-12-10 10:00:00,86.50141,121.03310999999997,243.49435424804688
1938,2019-12-10 11:00:00,86.50439,121.0385,243.48326110839844
1939,2019-12-10 12:00:00,86.50742,121.04142000000002,243.46908569335938
1940,2019-12-10 13:00:00,86.51062,121.04344000000003,243.45343017578125
1941,2019-12-10 14:00:00,86.51385,121.04255,243.39217376708984
1942,2019-12-10 15:00:00,86.51693,121.04028,243.2889404296875
1943,2019-12-10 16:00:00,86.51995,121.03674999999998,243.1684112548828
1944,2019-12-10 17:00:00,86.523,121.03032999999999,243.0612564086914
1945,2019-12-10 18:00:00,86.52637,121.02046999999999,243.03256225585938
1946,2019-12-10 19:00:00,86.53,121.00585000000001,243.02143096923828
1947,2019-12-10 20:00:00,86.5336,120.98981000000003,243.0118865966797
1948,2019-12-10 21:00:00,86.53694,120.96760999999998,242.98834991455078
1949,2019-12-10 22:00:00,86.54024,120.93398000000002,242.9775848388672
1950,2019-12-10 23:00:00,86.5438,120.90535999999997,242.97362518310547
1951,2019-12-11 00:00:00,86.54705,120.87806,242.9591064453125
1952,2019-12-11 01:00:00,86.55005,120.85912000000002,242.9491424560547
1953,2019-12-11 02:00:00,86.55282,120.84649000000002,242.93494415283203
1954,2019-12-11 03:00:00,86.55573,120.84072000000003,242.88392639160156
1955,2019-12-11 04:00:00,86.55825,120.83051999999998,242.81663513183594
1956,2019-12-11 05:00:00,86.56057,120.81709000000001,242.7742156982422
1957,2019-12-11 06:00:00,86.56296,120.80457000000001,242.74950408935547
1958,2019-12-11 07:00:00,86.56537,120.78938,242.71766662597656
1959,2019-12-11 08:00:00,86.56765,120.77013999999997,242.65541076660156
1960,2019-12-11 09:00:00,86.57002,120.75671,242.58332061767578
1961,2019-12-11 10:00:00,86.5724,120.74689000000001,242.52800750732422
1962,2019-12-11 11:00:00,86.57459,120.72793000000001,242.46552276611328
1963,2019-12-11 12:00:00,86.57658,120.69799999999998,242.385498046875
1964,2019-12-11 13:00:00,86.57836,120.66363999999999,242.29733276367188
1965,2019-12-11 14:00:00,86.57996,120.62347999999997,242.20397186279297
1966,2019-12-11 15:00:00,86.58166,120.58238,242.10942840576172
1967,2019-12-11 16:00:00,86.58344,120.54228999999998,242.02870178222656
1968,2019-12-11 17:00:00,86.58521,120.50515999999999,241.96041870117188
1969,2019-12-11 18:00:00,86.58695,120.47068999999999,241.88296508789062
1970,2019-12-11 19:00:00,86.58848,120.43597999999997,241.82373046875
1971,2019-12-11 20:00:00,86.58963,120.4017,241.81996154785156
1972,2019-12-11 21:00:00,86.5907,120.3689,241.8301239013672
1973,2019-12-11 22:00:00,86.59174,120.33832999999998,241.82677459716797
1974,2019-12-11 23:00:00,86.59294,120.31225999999998,241.83633422851562
1975,2019-12-12 00:00:00,86.59413,120.28706999999997,241.86009216308594
1976,2019-12-12 01:00:00,86.59517,120.26306999999997,241.87445068359375
1977,2019-12-12 02:00:00,86.59613,120.23878000000002,241.89301300048828
1978,2019-12-12 03:00:00,86.59692,120.21301,241.92539978027344
1979,2019-12-12 04:00:00,86.59757,120.18662999999998,241.98693084716797
1980,2019-12-12 05:00:00,86.59805,120.16183000000001,242.0947036743164
1981,2019-12-12 06:00:00,86.59844,120.13842,242.26022338867188
1982,2019-12-12 07:00:00,86.5987,120.1164,242.4534149169922
1983,2019-12-12 08:00:00,86.59881,120.09604000000002,242.61577606201172
1984,2019-12-12 09:00:00,86.59879,120.07537000000002,242.7640609741211
1985,2019-12-12 10:00:00,86.59871,120.05414999999999,242.8893814086914
1986,2019-12-12 11:00:00,86.59863,120.03203000000002,242.9849090576172
1987,2019-12-12 12:00:00,86.59855,120.00945999999999,243.14556884765625
1988,2019-12-12 13:00:00,86.59841,119.98563000000001,243.2962646484375
1989,2019-12-12 14:00:00,86.59812,119.96165000000002,243.39205932617188
1990,2019-12-12 15:00:00,86.59789,119.9377,243.4409408569336
1991,2019-12-12 16:00:00,86.59774,119.91471000000001,243.43116760253906
1992,2019-12-12 17:00:00,86.59759,119.89360999999997,243.4615707397461
1993,2019-12-12 18:00:00,86.59745,119.87342999999998,243.5007553100586
1994,2019-12-12 19:00:00,86.59727,119.85446999999999,243.5232696533203
1995,2019-12-12 20:00:00,86.59711,119.83425,243.5486602783203
1996,2019-12-12 21:00:00,86.59674,119.80498999999998,243.57930755615234
1997,2019-12-12 22:00:00,86.59627,119.76953000000003,243.69904327392578
1998,2019-12-12 23:00:00,86.59539,119.72276,243.82991790771484
1999,2019-12-13 00:00:00,86.59442,119.67331000000001,244.0181427001953
2000,2019-12-13 01:00:00,86.59346,119.61962,244.21348571777344
2001,2019-12-13 02:00:00,86.5926,119.56498999999997,244.356689453125
2002,2019-12-13 03:00:00,86.59206,119.50970000000001,244.6052474975586
2003,2019-12-13 04:00:00,86.5919,119.46035,244.74552154541016
2004,2019-12-13 05:00:00,86.59194,119.41663,244.8345184326172
2005,2019-12-13 06:00:00,86.59213,119.37601000000001,244.8786849975586
2006,2019-12-13 07:00:00,86.59243,119.33326999999997,244.8636703491211
2007,2019-12-13 08:00:00,86.59274,119.28978999999998,244.7838592529297
2008,2019-12-13 09:00:00,86.59316,119.24507,244.7552947998047
2009,2019-12-13 10:00:00,86.59372,119.19929000000002,244.7872314453125
2010,2019-12-13 11:00:00,86.59419,119.15724999999998,244.88249969482422
2011,2019-12-13 12:00:00,86.59468,119.11829,245.11611938476562
2012,2019-12-13 13:00:00,86.59517,119.07749000000001,245.2657012939453
2013,2019-12-13 14:00:00,86.59576,119.03935000000001,245.4593276977539
2014,2019-12-13 15:00:00,86.59642,119.00317999999999,245.72762298583984
2015,2019-12-13 16:00:00,86.59707,118.96814999999998,246.11359405517578
2016,2019-12-13 17:00:00,86.59775,118.93459999999999,246.38636016845703
2017,2019-12-13 18:00:00,86.5984,118.90214000000003,246.61090087890625
2018,2019-12-13 19:00:00,86.59905,118.86932999999999,246.87239837646484
2019,2019-12-13 20:00:00,86.59976,118.83695999999998,247.1680450439453
2020,2019-12-13 21:00:00,86.60057,118.80466999999999,247.5031280517578
2021,2019-12-13 22:00:00,86.60143,118.77247,247.85052490234375
2022,2019-12-13 23:00:00,86.60236,118.74099000000001,248.1191177368164
2023,2019-12-14 00:00:00,86.60324,118.70916999999997,248.33597564697266
2024,2019-12-14 01:00:00,86.60425,118.68018999999998,248.5443344116211
2025,2019-12-14 02:00:00,86.60527,118.65327000000002,248.72406005859375
2026,2019-12-14 03:00:00,86.60629,118.62869999999998,248.82523345947266
2027,2019-12-14 04:00:00,86.60727,118.60660000000001,248.82827758789062
2028,2019-12-14 05:00:00,86.60821,118.58510000000001,248.7908706665039
2029,2019-12-14 06:00:00,86.60906,118.56430999999998,248.56686401367188
2030,2019-12-14 07:00:00,86.60983,118.54476,248.3118667602539
2031,2019-12-14 08:00:00,86.61063,118.52552000000003,248.20555877685547
2032,2019-12-14 09:00:00,86.61143,118.50603999999998,248.01647186279297
2033,2019-12-14 10:00:00,86.61199,118.48458,247.7290802001953
2034,2019-12-14 11:00:00,86.61261,118.46267,247.40605926513672
2035,2019-12-14 12:00:00,86.61315,118.43952999999999,247.02986907958984
2036,2019-12-14 13:00:00,86.61381,118.41773,246.58684539794922
2037,2019-12-14 14:00:00,86.61435,118.39859999999999,246.05882263183594
2038,2019-12-14 15:00:00,86.61476,118.38081,245.5619354248047
2039,2019-12-14 16:00:00,86.61519,118.36394999999999,245.1082763671875
2040,2019-12-14 17:00:00,86.61555,118.34860000000003,244.75150299072266
2041,2019-12-14 18:00:00,86.61592,118.33458999999999,244.4509506225586
2042,2019-12-14 19:00:00,86.61625,118.32130000000001,244.1811752319336
2043,2019-12-14 20:00:00,86.61652,118.30638999999996,243.98016357421875
2044,2019-12-14 21:00:00,86.61697,118.28868,243.78436279296875
2045,2019-12-14 22:00:00,86.6174,118.26837,243.56763458251953
2046,2019-12-14 23:00:00,86.61788,118.24634000000003,243.37399291992188
2047,2019-12-15 00:00:00,86.61829,118.22222999999997,243.2071762084961
2048,2019-12-15 01:00:00,86.61867,118.19752,243.07431030273438
2049,2019-12-15 02:00:00,86.61896,118.17281000000003,242.98226165771484
2050,2019-12-15 03:00:00,86.61913,118.15017999999998,242.92263793945312
2051,2019-12-15 04:00:00,86.61927,118.12981000000002,242.8766326904297
2052,2019-12-15 05:00:00,86.61933,118.11157000000003,242.84365844726562
2053,2019-12-15 06:00:00,86.61929,118.09542999999996,242.8141326904297
2054,2019-12-15 07:00:00,86.61921,118.07801999999998,242.79621124267578
2055,2019-12-15 08:00:00,86.61915,118.05790000000002,242.7774658203125
2056,2019-12-15 09:00:00,86.61908,118.03535,242.77184295654297
2057,2019-12-15 10:00:00,86.61907,118.01017999999999,242.79891967773438
2058,2019-12-15 11:00:00,86.61908,117.98158999999998,242.89646911621094
2059,2019-12-15 12:00:00,86.61905,117.95049,243.07971954345703
2060,2019-12-15 13:00:00,86.61896,117.91705999999999,243.31178283691406
2061,2019-12-15 14:00:00,86.61874,117.88094000000001,243.55531311035156
2062,2019-12-15 15:00:00,86.61844,117.84548999999998,243.7301788330078
2063,2019-12-15 16:00:00,86.61807,117.81063,243.84185791015625
2064,2019-12-15 17:00:00,86.6176,117.77585999999997,243.9889907836914
2065,2019-12-15 18:00:00,86.61713,117.73981000000003,244.11695861816406
2066,2019-12-15 19:00:00,86.61652,117.70105999999998,244.37703704833984
2067,2019-12-15 20:00:00,86.6159,117.65990999999997,244.62342071533203
2068,2019-12-15 21:00:00,86.61522,117.61513000000002,244.8866195678711
2069,2019-12-15 22:00:00,86.61458,117.56735000000003,245.19424438476562
2070,2019-12-15 23:00:00,86.61383,117.51299,245.45230102539062
2071,2019-12-16 00:00:00,86.61316,117.45571999999999,245.69610595703125
2072,2019-12-16 01:00:00,86.61244,117.39630999999997,245.86326599121094
2073,2019-12-16 02:00:00,86.61161,117.33179999999999,246.08415985107422
2074,2019-12-16 03:00:00,86.61029,117.25765999999999,245.57598876953125
2075,2019-12-16 04:00:00,86.60886,117.18306999999999,245.6644744873047
2076,2019-12-16 05:00:00,86.60734,117.10910000000001,245.78787994384766
2077,2019-12-16 06:00:00,86.60559,117.03206999999998,246.1445770263672
2078,2019-12-16 07:00:00,86.60368,116.95335,246.53939056396484
2079,2019-12-16 08:00:00,86.60182,116.86198999999999,246.96995544433594
2080,2019-12-16 09:00:00,86.60021,116.76071999999999,247.4052505493164
2081,2019-12-16 10:00:00,86.5991,116.64357000000001,247.81786346435547
2082,2019-12-16 11:00:00,86.59854,116.52553999999998,248.16837310791016
2083,2019-12-16 12:00:00,86.59838,116.40742,248.48107147216797
2084,2019-12-16 13:00:00,86.59855,116.29077000000001,248.68861389160156
2085,2019-12-16 14:00:00,86.59894,116.17836999999997,248.80857849121094
2086,2019-12-16 15:00:00,86.59954,116.07096000000001,248.84575653076172
2087,2019-12-16 16:00:00,86.60021,115.96920999999998,248.7695083618164
2088,2019-12-16 17:00:00,86.6009,115.87394,248.6479263305664
2089,2019-12-16 18:00:00,86.60158,115.78345999999999,248.50880432128906
2090,2019-12-16 19:00:00,86.60226,115.69758999999999,248.4599380493164
2091,2019-12-16 20:00:00,86.60302,115.61732999999998,248.2400665283203
2092,2019-12-16 21:00:00,86.6039,115.53964000000002,247.83717346191406
2093,2019-12-16 22:00:00,86.6049,115.46087,247.42542266845703
2094,2019-12-16 23:00:00,86.60603,115.38240000000002,247.07624053955078
2095,2019-12-17 00:00:00,86.60725,115.30432000000002,246.4648208618164
2096,2019-12-17 01:00:00,86.60876,115.22735999999998,246.22409057617188
2097,2019-12-17 02:00:00,86.61052,115.15204,246.00582122802734
2098,2019-12-17 03:00:00,86.61262,115.07603,245.81790161132812
2099,2019-12-17 04:00:00,86.61453,115.00626,245.629638671875
2100,2019-12-17 05:00:00,86.61689,114.93441999999999,245.42962646484375
2101,2019-12-17 06:00:00,86.61964,114.86770999999999,245.24761199951172
2102,2019-12-17 07:00:00,86.62213,114.80344000000002,245.10111236572266
2103,2019-12-17 08:00:00,86.62474,114.74549999999999,244.95919036865234
2104,2019-12-17 09:00:00,86.62727,114.69187,244.79959869384766
2105,2019-12-17 10:00:00,86.63006,114.63836000000003,244.6373291015625
2106,2019-12-17 11:00:00,86.63311,114.58415000000002,244.4886016845703
2107,2019-12-17 12:00:00,86.63637,114.52900999999997,244.35250091552734
2108,2019-12-17 13:00:00,86.63965,114.47369000000003,244.22660064697266
2109,2019-12-17 14:00:00,86.64297,114.41840000000002,244.1357879638672
2110,2019-12-17 15:00:00,86.64625,114.36316999999997,244.07479095458984
2111,2019-12-17 16:00:00,86.64953,114.31142999999997,244.0101776123047
2112,2019-12-17 17:00:00,86.65252,114.26288999999997,243.90863037109375
2113,2019-12-17 18:00:00,86.65532,114.21771000000001,243.8123779296875
2114,2019-12-17 19:00:00,86.65784,114.17336999999998,243.72399139404297
2115,2019-12-17 20:00:00,86.66034,114.13006999999999,243.6374740600586
2116,2019-12-17 21:00:00,86.66272,114.08686999999998,243.5553436279297
2117,2019-12-17 22:00:00,86.66489,114.04273999999998,243.47733306884766
2118,2019-12-17 23:00:00,86.66698,113.99808000000002,243.40776824951172
2119,2019-12-18 00:00:00,86.66908,113.95238,243.3464584350586
2120,2019-12-18 01:00:00,86.67126,113.90633000000003,243.28430938720703
2121,2019-12-18 02:00:00,86.67337,113.86176999999998,243.21837615966797
2122,2019-12-18 03:00:00,86.67543,113.81763000000001,243.14234161376953
2123,2019-12-18 04:00:00,86.67697,113.77778999999998,243.05491638183594
2124,2019-12-18 05:00:00,86.67813,113.74061,242.96973419189453
2125,2019-12-18 06:00:00,86.67899,113.70724000000001,242.8912582397461
2126,2019-12-18 07:00:00,86.67954,113.67794000000004,242.81607818603516
2127,2019-12-18 08:00:00,86.67981,113.65118000000001,242.72927856445312
2128,2019-12-18 09:00:00,86.68001,113.62481000000002,242.63987731933594
2129,2019-12-18 10:00:00,86.6802,113.59653000000003,242.56047821044922
2130,2019-12-18 11:00:00,86.68035,113.56612999999999,242.49784088134766
2131,2019-12-18 12:00:00,86.6804,113.5349,242.47044372558594
2132,2019-12-18 13:00:00,86.68043,113.50224000000003,242.47598266601562
2133,2019-12-18 14:00:00,86.68047,113.46917000000002,242.50494384765625
2134,2019-12-18 15:00:00,86.68049,113.43696999999997,242.52497100830078
2135,2019-12-18 16:00:00,86.68046,113.40609,242.51636505126953
2136,2019-12-18 17:00:00,86.68043,113.37739999999997,242.48772430419922
2137,2019-12-18 18:00:00,86.68038,113.35041999999999,242.45028686523438
2138,2019-12-18 19:00:00,86.68026,113.32553000000001,242.40328979492188
2139,2019-12-18 20:00:00,86.68008,113.3012,242.34342193603516
2140,2019-12-18 21:00:00,86.68,113.27525000000003,242.27468872070312
2141,2019-12-18 22:00:00,86.68002,113.24778000000003,242.20492553710938
2142,2019-12-18 23:00:00,86.68017,113.21877999999998,242.1361846923828
2143,2019-12-19 00:00:00,86.6804,113.18953999999997,242.0719757080078
2144,2019-12-19 01:00:00,86.68068,113.16093000000001,242.0080795288086
2145,2019-12-19 02:00:00,86.68092,113.13413000000003,241.9468765258789
2146,2019-12-19 03:00:00,86.68104,113.11065000000002,241.8936309814453
2147,2019-12-19 04:00:00,86.68092,113.09005000000002,241.82791900634766
2148,2019-12-19 05:00:00,86.68062,113.07367999999997,241.78824615478516
2149,2019-12-19 06:00:00,86.6803,113.05799000000002,241.74871826171875
2150,2019-12-19 07:00:00,86.67997,113.04232000000002,241.70916748046875
2151,2019-12-19 08:00:00,86.67961,113.02561000000003,241.72984313964844
2152,2019-12-19 09:00:00,86.67922,113.00823000000003,241.7448272705078
2153,2019-12-19 10:00:00,86.67886,112.9896,241.83705139160156
2154,2019-12-19 11:00:00,86.67856,112.97026,242.04956817626953
2155,2019-12-19 12:00:00,86.67822,112.95059000000003,242.22171783447266
2156,2019-12-19 13:00:00,86.67796,112.92969,242.34444427490234
2157,2019-12-19 14:00:00,86.67783,112.90969999999999,242.26917266845703
2158,2019-12-19 15:00:00,86.67778,112.89010000000002,242.1709747314453
2159,2019-12-19 16:00:00,86.67779,112.87187,242.1220932006836
2160,2019-12-19 17:00:00,86.67774,112.85532999999998,242.19376373291016
2161,2019-12-19 18:00:00,86.67755,112.84046000000001,242.3733673095703
2162,2019-12-19 19:00:00,86.67725,112.82747,242.55799865722656
2163,2019-12-19 20:00:00,86.67684,112.81281000000001,242.6162567138672
2164,2019-12-19 21:00:00,86.67647,112.79475000000002,242.57180786132812
2165,2019-12-19 22:00:00,86.67619,112.77418999999998,242.58370208740234
2166,2019-12-19 23:00:00,86.67606,112.75387999999998,242.59181213378906
2167,2019-12-20 00:00:00,86.67614,112.73383999999999,242.67786407470703
2168,2019-12-20 01:00:00,86.67638,112.71407999999997,242.8092803955078
2169,2019-12-20 02:00:00,86.67681,112.6959,242.8328399658203
2170,2019-12-20 03:00:00,86.67733,112.68043999999998,242.7318572998047
2171,2019-12-20 04:00:00,86.67788,112.66726,242.68421936035156
2172,2019-12-20 05:00:00,86.6784,112.65631000000002,242.6473617553711
2173,2019-12-20 06:00:00,86.67884,112.64651000000003,242.6430892944336
2174,2019-12-20 07:00:00,86.67914,112.63743999999997,242.6415557861328
2175,2019-12-20 08:00:00,86.67933,112.62669,242.6619415283203
2176,2019-12-20 09:00:00,86.67944,112.61482000000001,242.74266052246094
2177,2019-12-20 10:00:00,86.67959,112.60088000000002,242.9178466796875
2178,2019-12-20 11:00:00,86.67986,112.58614,242.97167205810547
2179,2019-12-20 12:00:00,86.68027,112.57139999999998,242.94646453857422
2180,2019-12-20 13:00:00,86.6808,112.55712,242.922607421875
2181,2019-12-20 14:00:00,86.68153,112.54410999999999,242.8860321044922
2182,2019-12-20 15:00:00,86.68235,112.53269,242.9350128173828
2183,2019-12-20 16:00:00,86.68315,112.52386000000001,242.96895599365234
2184,2019-12-20 17:00:00,86.68386,112.51645000000002,242.9113998413086
2185,2019-12-20 18:00:00,86.68442,112.50995,242.86334991455078
2186,2019-12-20 19:00:00,86.68484,112.50365,242.82864379882812
2187,2019-12-20 20:00:00,86.68514,112.49667999999997,242.7613983154297
2188,2019-12-20 21:00:00,86.68536,112.48849000000001,242.69304656982422
2189,2019-12-20 22:00:00,86.68551,112.47878000000003,242.55562591552734
2190,2019-12-20 23:00:00,86.68572,112.46785,242.4132080078125
2191,2019-12-21 00:00:00,86.68602,112.45613000000003,242.32369232177734
2192,2019-12-21 01:00:00,86.68646,112.44447000000002,242.24615478515625
2193,2019-12-21 02:00:00,86.68701,112.43376999999998,242.12870025634766
2194,2019-12-21 03:00:00,86.68761,112.42518000000001,241.95276641845703
2195,2019-12-21 04:00:00,86.68814,112.4194,241.81346893310547
2196,2019-12-21 05:00:00,86.68856,112.41615000000002,241.69368743896484
2197,2019-12-21 06:00:00,86.68879,112.41439000000003,241.5810775756836
2198,2019-12-21 07:00:00,86.68885,112.41338000000002,241.51885986328125
2199,2019-12-21 08:00:00,86.68872,112.41194000000002,241.52050018310547
2200,2019-12-21 09:00:00,86.68846,112.41059000000001,241.51010131835938
2201,2019-12-21 10:00:00,86.6881,112.40821,241.42955017089844
2202,2019-12-21 11:00:00,86.68769,112.40460000000002,241.39298248291016
2203,2019-12-21 12:00:00,86.68733,112.40082999999998,241.4357147216797
2204,2019-12-21 13:00:00,86.68706,112.39756999999997,241.39964294433594
2205,2019-12-21 14:00:00,86.6869,112.39576999999997,241.42496490478516
2206,2019-12-21 15:00:00,86.68676,112.39539000000002,241.48860931396484
2207,2019-12-21 16:00:00,86.68662,112.39661999999998,241.4481430053711
2208,2019-12-21 17:00:00,86.68644,112.3997,241.3923110961914
2209,2019-12-21 18:00:00,86.68609,112.40483,241.3712387084961
2210,2019-12-21 19:00:00,86.68558,112.41227000000003,241.38694763183594
2211,2019-12-21 20:00:00,86.6849,112.42198000000002,241.40013122558594
2212,2019-12-21 21:00:00,86.68405,112.43318999999997,241.44139099121094
2213,2019-12-21 22:00:00,86.68309,112.44484999999997,241.51618194580078
2214,2019-12-21 23:00:00,86.68207,112.45628999999997,241.68119049072266
2215,2019-12-22 00:00:00,86.6811,112.46627999999998,241.83429718017578
2216,2019-12-22 01:00:00,86.68029,112.47618,241.96722412109375
2217,2019-12-22 02:00:00,86.67965,112.48739,242.072265625
2218,2019-12-22 03:00:00,86.67916,112.50126,242.12274932861328
2219,2019-12-22 04:00:00,86.67866,112.51783999999998,242.2002410888672
2220,2019-12-22 05:00:00,86.67808,112.53773000000001,242.27462768554688
2221,2019-12-22 06:00:00,86.67732,112.55955,242.33138275146484
2222,2019-12-22 07:00:00,86.67629,112.58019999999999,242.43280029296875
2223,2019-12-22 08:00:00,86.67513,112.59667999999999,242.53914642333984
2224,2019-12-22 09:00:00,86.67401,112.60989999999998,242.614990234375
2225,2019-12-22 10:00:00,86.67294,112.62263999999999,242.6612548828125
2226,2019-12-22 11:00:00,86.67184,112.63458000000003,242.67310333251953
2227,2019-12-22 12:00:00,86.67091,112.64585,242.68698120117188
2228,2019-12-22 13:00:00,86.6701,112.6583,242.69793701171875
2229,2019-12-22 14:00:00,86.66937,112.67275000000001,242.74591064453125
2230,2019-12-22 15:00:00,86.6687,112.68723999999997,242.8598403930664
2231,2019-12-22 16:00:00,86.66805,112.70571000000001,243.0471420288086
2232,2019-12-22 17:00:00,86.66738,112.72685000000001,243.2687530517578
2233,2019-12-22 18:00:00,86.66631,112.75233000000003,243.51634979248047
2234,2019-12-22 19:00:00,86.66471,112.78064999999998,243.62751007080078
2235,2019-12-22 20:00:00,86.66282,112.80988000000002,243.69032287597656
2236,2019-12-22 21:00:00,86.6608,112.83857,243.64663696289062
2237,2019-12-22 22:00:00,86.65896,112.86184000000003,243.5308837890625
2238,2019-12-22 23:00:00,86.65718,112.88267000000002,243.39844512939453
2239,2019-12-23 00:00:00,86.65542,112.90133000000003,243.2717742919922
2240,2019-12-23 01:00:00,86.65378,112.91982999999999,243.1347427368164
2241,2019-12-23 02:00:00,86.6523,112.93858,243.0357208251953
2242,2019-12-23 03:00:00,86.651,112.95837,242.96353149414062
2243,2019-12-23 04:00:00,86.64986,112.9805,242.99726104736328
2244,2019-12-23 05:00:00,86.64879,113.00563999999997,243.0171127319336
2245,2019-12-23 06:00:00,86.64764,113.0326,242.97167205810547
2246,2019-12-23 07:00:00,86.64647,113.05989999999997,242.91716766357422
2247,2019-12-23 08:00:00,86.64523,113.08576,242.8642578125
2248,2019-12-23 09:00:00,86.644,113.10966000000002,242.82231903076172
2249,2019-12-23 10:00:00,86.6427,113.13117999999997,242.78189849853516
2250,2019-12-23 11:00:00,86.64126,113.14875999999998,242.77658081054688
2251,2019-12-23 12:00:00,86.6399,113.1651,242.79734802246094
2252,2019-12-23 13:00:00,86.63864,113.18054999999998,242.8045654296875
2253,2019-12-23 14:00:00,86.63769,113.19531999999998,242.80386352539062
2254,2019-12-23 15:00:00,86.63685,113.21339999999998,242.8289566040039
2255,2019-12-23 16:00:00,86.63604,113.23584,242.87316131591797
2256,2019-12-23 17:00:00,86.63528,113.26323000000002,242.9125213623047
2257,2019-12-23 18:00:00,86.63451,113.29410000000001,242.9046859741211
2258,2019-12-23 19:00:00,86.63371,113.32603,242.8645782470703
2259,2019-12-23 20:00:00,86.63279,113.35789999999997,242.80650329589844
2260,2019-12-23 21:00:00,86.63188,113.38841000000002,242.7209930419922
2261,2019-12-23 22:00:00,86.63103,113.41741999999999,242.6092300415039
2262,2019-12-23 23:00:00,86.63016,113.44673999999998,242.49004364013672
2263,2019-12-24 00:00:00,86.6294,113.47627,242.3967514038086
2264,2019-12-24 01:00:00,86.62881,113.50590999999997,242.36203002929688
2265,2019-12-24 02:00:00,86.62831,113.53634999999997,242.3227081298828
2266,2019-12-24 03:00:00,86.62788,113.56993,242.2735366821289
2267,2019-12-24 04:00:00,86.62755,113.60626000000002,242.2002716064453
2268,2019-12-24 05:00:00,86.62723,113.64490999999998,242.10499572753906
2269,2019-12-24 06:00:00,86.62689,113.68651999999997,242.0299301147461
2270,2019-12-24 07:00:00,86.62654,113.72884999999997,242.0188751220703
2271,2019-12-24 08:00:00,86.62611,113.76977999999997,242.08787536621094
2272,2019-12-24 09:00:00,86.62553,113.81166000000002,242.15520477294922
2273,2019-12-24 10:00:00,86.62498,113.85279000000003,242.24002075195312
2274,2019-12-24 11:00:00,86.62434,113.89447000000001,242.30677795410156
2275,2019-12-24 12:00:00,86.62367,113.93252000000001,242.4021759033203
2276,2019-12-24 13:00:00,86.623,113.96951999999999,242.4980010986328
2277,2019-12-24 14:00:00,86.62251,114.01141000000001,242.60082244873047
2278,2019-12-24 15:00:00,86.62227,114.05439000000001,242.70513916015625
2279,2019-12-24 16:00:00,86.62227,114.09866999999997,242.72079467773438
2280,2019-12-24 17:00:00,86.62234,114.14708000000002,242.68821716308594
2281,2019-12-24 18:00:00,86.6224,114.19655,242.64852905273438
2282,2019-12-24 19:00:00,86.62247,114.24741,242.61798858642578
2283,2019-12-24 20:00:00,86.62235,114.29795000000001,242.59619140625
2284,2019-12-24 21:00:00,86.62217,114.34569999999997,242.58464813232422
2285,2019-12-24 22:00:00,86.6219,114.39157999999998,242.5740509033203
2286,2019-12-24 23:00:00,86.62166,114.43606999999997,242.56855010986328
2287,2019-12-25 00:00:00,86.62153,114.47974999999997,242.55826568603516
2288,2019-12-25 01:00:00,86.6215,114.52233999999999,242.5489044189453
2289,2019-12-25 02:00:00,86.62154,114.56421999999998,242.53714752197266
2290,2019-12-25 03:00:00,86.62165,114.60768999999999,242.53616333007812
2291,2019-12-25 04:00:00,86.62191,114.65241000000003,242.5672836303711
2292,2019-12-25 05:00:00,86.62227,114.70002999999997,242.63014221191406
2293,2019-12-25 06:00:00,86.62271,114.74778000000003,242.69467163085938
2294,2019-12-25 07:00:00,86.62317,114.79484000000002,242.7346649169922
2295,2019-12-25 08:00:00,86.62354,114.84075000000001,242.70925903320312
2296,2019-12-25 09:00:00,86.62384,114.88445999999999,242.68910217285156
2297,2019-12-25 10:00:00,86.6242,114.92725999999999,242.74899291992188
2298,2019-12-25 11:00:00,86.62451,114.96897000000001,242.71263885498047
2299,2019-12-25 12:00:00,86.62489,115.00869999999998,242.65961456298828
2300,2019-12-25 13:00:00,86.62517,115.04529000000002,242.74625396728516
2301,2019-12-25 14:00:00,86.6256,115.07979999999998,242.7734832763672
2302,2019-12-25 15:00:00,86.62616,115.11262999999997,242.68421936035156
2303,2019-12-25 16:00:00,86.62698,115.14549999999997,242.59395599365234
2304,2019-12-25 17:00:00,86.62798,115.17827,242.50469970703125
2305,2019-12-25 18:00:00,86.62919,115.21199999999999,242.4122543334961
2306,2019-12-25 19:00:00,86.63074,115.24910999999997,242.2927474975586
2307,2019-12-25 20:00:00,86.63229,115.28714000000002,242.1120147705078
2308,2019-12-25 21:00:00,86.63396,115.32598999999999,241.9205322265625
2309,2019-12-25 22:00:00,86.63552,115.36347,241.82362365722656
2310,2019-12-25 23:00:00,86.63692,115.40046999999998,241.7507553100586
2311,2019-12-26 00:00:00,86.63845,115.43792000000002,242.1763916015625
2312,2019-12-26 01:00:00,86.63982,115.47505000000001,242.00634002685547
2313,2019-12-26 02:00:00,86.64117,115.51243999999997,241.79369354248047
2314,2019-12-26 03:00:00,86.64246,115.55000000000001,241.60840606689453
2315,2019-12-26 04:00:00,86.64379,115.58911999999998,241.4345703125
2316,2019-12-26 05:00:00,86.64511,115.63141000000002,241.29531860351562
2317,2019-12-26 06:00:00,86.64648,115.67561999999998,241.15494537353516
2318,2019-12-26 07:00:00,86.64779,115.71906999999999,240.96541595458984
2319,2019-12-26 08:00:00,86.64904,115.76066000000003,240.7686004638672
2320,2019-12-26 09:00:00,86.65019,115.79912999999999,240.62747192382812
2321,2019-12-26 10:00:00,86.65142,115.83454999999998,240.47637176513672
2322,2019-12-26 11:00:00,86.65271,115.86360000000002,240.33287811279297
2323,2019-12-26 12:00:00,86.65388,115.88988,240.21782684326172
2324,2019-12-26 13:00:00,86.65499,115.91143999999997,240.21360778808594
2325,2019-12-26 14:00:00,86.65616,115.92722000000003,240.1829833984375
2326,2019-12-26 15:00:00,86.65745,115.93867,240.11256408691406
2327,2019-12-26 16:00:00,86.65898,115.94815,240.09076690673828
2328,2019-12-26 17:00:00,86.66054,115.95600999999999,240.0970458984375
2329,2019-12-26 18:00:00,86.6624,115.96393999999998,240.12015533447266
2330,2019-12-26 19:00:00,86.66426,115.97158000000002,240.10982513427734
2331,2019-12-26 20:00:00,86.66611,115.97742,240.16456604003906
2332,2019-12-26 21:00:00,86.66786,115.98340000000002,240.28084564208984
2333,2019-12-26 22:00:00,86.66949,115.98923000000002,240.41400146484375
2334,2019-12-26 23:00:00,86.67102,115.99446999999998,240.45690155029297
2335,2019-12-27 00:00:00,86.67249,115.99898000000002,240.45770263671875
2336,2019-12-27 01:00:00,86.67348,116.00187,240.38653564453125
2337,2019-12-27 02:00:00,86.67419,116.00279999999998,240.25997924804688
2338,2019-12-27 03:00:00,86.67475,116.00295,240.21759033203125
2339,2019-12-27 04:00:00,86.67518,116.00238000000002,240.23326873779297
2340,2019-12-27 05:00:00,86.67558,116.00099999999998,240.21154022216797
2341,2019-12-27 06:00:00,86.676,115.99741,240.07821655273438
2342,2019-12-27 07:00:00,86.67643,115.99099999999999,239.86920166015625
2343,2019-12-27 08:00:00,86.67689,115.983,239.62747955322266
2344,2019-12-27 09:00:00,86.67742,115.97392000000002,239.4202651977539
2345,2019-12-27 10:00:00,86.67804,115.96500000000003,239.24292755126953
2346,2019-12-27 11:00:00,86.67861,115.95609000000002,239.1122817993164
2347,2019-12-27 12:00:00,86.67898,115.94668000000001,238.99505615234375
2348,2019-12-27 13:00:00,86.67923,115.93923999999998,238.89791870117188
2349,2019-12-27 14:00:00,86.67935,115.93501000000003,238.80755615234375
2350,2019-12-27 15:00:00,86.67929,115.92995000000002,238.68936920166016
2351,2019-12-27 16:00:00,86.67913,115.92345,238.5753173828125
2352,2019-12-27 17:00:00,86.67894,115.91541000000001,238.5884246826172
2353,2019-12-27 18:00:00,86.67881,115.90611999999999,238.7061538696289
2354,2019-12-27 19:00:00,86.67879,115.89659,238.6590805053711
2355,2019-12-27 20:00:00,86.67889,115.88693,238.6855926513672
2356,2019-12-27 21:00:00,86.6791,115.87752999999998,238.6205291748047
2357,2019-12-27 22:00:00,86.6794,115.86867000000001,238.5377960205078
2358,2019-12-27 23:00:00,86.6797,115.86034000000001,238.4552459716797
2359,2019-12-28 00:00:00,86.67988,115.85149000000001,238.35232543945312
2360,2019-12-28 01:00:00,86.67981,115.84375,238.2912139892578
2361,2019-12-28 02:00:00,86.67939,115.83344999999997,238.19212341308594
2362,2019-12-28 03:00:00,86.67869,115.82026000000002,238.0891342163086
2363,2019-12-28 04:00:00,86.67782,115.80728999999997,237.98137664794922
2364,2019-12-28 05:00:00,86.67693,115.79244,237.88965606689453
2365,2019-12-28 06:00:00,86.67616,115.77854000000002,237.77396392822266
2366,2019-12-28 07:00:00,86.67548,115.76490999999999,237.69960021972656
2367,2019-12-28 08:00:00,86.67492,115.75206000000003,237.6090850830078
2368,2019-12-28 09:00:00,86.67443,115.74017000000003,237.69991302490234
2369,2019-12-28 10:00:00,86.6741,115.72857999999997,237.7227325439453
2370,2019-12-28 11:00:00,86.67373,115.71947,237.66482543945312
2371,2019-12-28 12:00:00,86.67321,115.71188000000001,237.70603942871094
2372,2019-12-28 13:00:00,86.67246,115.70506999999998,237.7501983642578
2373,2019-12-28 14:00:00,86.6715,115.69925999999998,237.78799438476562
2374,2019-12-28 15:00:00,86.67039,115.69389000000001,237.84222412109375
2375,2019-12-28 16:00:00,86.66912,115.68747000000002,237.98770141601562
2376,2019-12-28 17:00:00,86.6678,115.67912999999999,238.32915496826172
2377,2019-12-28 18:00:00,86.6665,115.66982999999999,238.7157974243164
2378,2019-12-28 19:00:00,86.6653,115.66068000000001,239.1081085205078
2379,2019-12-28 20:00:00,86.66428,115.65168,239.45333099365234
2380,2019-12-28 21:00:00,86.6634,115.64537999999999,239.76830291748047
2381,2019-12-28 22:00:00,86.66259,115.64202,240.0402374267578
2382,2019-12-28 23:00:00,86.6618,115.64233999999999,240.28052520751953
2383,2019-12-29 00:00:00,86.6609,115.64603999999997,240.47612762451172
2384,2019-12-29 01:00:00,86.65989,115.65190999999999,240.6326446533203
2385,2019-12-29 02:00:00,86.65875,115.66023000000001,240.76951599121094
2386,2019-12-29 03:00:00,86.65745,115.67160999999999,240.89179229736328
2387,2019-12-29 04:00:00,86.65612,115.68155999999999,241.00848388671875
2388,2019-12-29 05:00:00,86.65465,115.69139000000001,241.18614196777344
2389,2019-12-29 06:00:00,86.65277,115.7045,241.31536865234375
2390,2019-12-29 07:00:00,86.65113,115.71755999999999,241.44429779052734
2391,2019-12-29 08:00:00,86.6496,115.73309,241.56725311279297
2392,2019-12-29 09:00:00,86.6482,115.75254000000001,241.69673919677734
2393,2019-12-29 10:00:00,86.64672,115.77317,241.77875518798828
2394,2019-12-29 11:00:00,86.64529,115.79408000000001,241.85233306884766
2395,2019-12-29 12:00:00,86.64389,115.81666999999999,241.9413833618164
2396,2019-12-29 13:00:00,86.64236,115.84165999999999,242.04051208496094
2397,2019-12-29 14:00:00,86.64073,115.86927000000003,242.24490356445312
2398,2019-12-29 15:00:00,86.63873,115.89661999999998,242.41759490966797
2399,2019-12-29 16:00:00,86.63652,115.92489,242.5765609741211
2400,2019-12-29 17:00:00,86.63425,115.95308999999997,242.85821533203125
2401,2019-12-29 18:00:00,86.63207,115.98001,243.1154327392578
2402,2019-12-29 19:00:00,86.6299,116.00937999999996,243.2900161743164
2403,2019-12-29 20:00:00,86.62786,116.03775000000002,243.388427734375
2404,2019-12-29 21:00:00,86.62588,116.06578000000002,243.4866485595703
2405,2019-12-29 22:00:00,86.62412,116.09309999999999,243.62538146972656
2406,2019-12-29 23:00:00,86.62252,116.12310000000002,243.8001480102539
2407,2019-12-30 00:00:00,86.62083,116.15917000000002,243.90882873535156
2408,2019-12-30 01:00:00,86.61929,116.19864000000001,243.9558868408203
2409,2019-12-30 02:00:00,86.61781,116.24860000000001,243.8884506225586
2410,2019-12-30 03:00:00,86.61636,116.30849999999998,243.74473571777344
2411,2019-12-30 04:00:00,86.61467,116.37675999999999,243.58221435546875
2412,2019-12-30 05:00:00,86.61261,116.44819000000001,243.40726470947266
2413,2019-12-30 06:00:00,86.61012,116.51833999999997,243.20953369140625
2414,2019-12-30 07:00:00,86.60742,116.58305000000001,243.03093719482422
2415,2019-12-30 08:00:00,86.60492,116.64148999999998,242.9090576171875
2416,2019-12-30 09:00:00,86.60253,116.69421999999997,242.79012298583984
2417,2019-12-30 10:00:00,86.60037,116.74797000000001,242.66915893554688
2418,2019-12-30 11:00:00,86.59838,116.80633,242.5012664794922
2419,2019-12-30 12:00:00,86.59647,116.86721,242.3386001586914
2420,2019-12-30 13:00:00,86.5943,116.92811,242.2436294555664
2421,2019-12-30 14:00:00,86.59191,116.99353000000002,242.12484741210938
2422,2019-12-30 15:00:00,86.58938,117.06399999999996,242.42284393310547
2423,2019-12-30 16:00:00,86.58691,117.13734,242.2502670288086
2424,2019-12-30 17:00:00,86.58439,117.20974000000001,242.11334228515625
2425,2019-12-30 18:00:00,86.582,117.27623,242.0339126586914
2426,2019-12-30 19:00:00,86.57991,117.33621,241.8975067138672
2427,2019-12-30 20:00:00,86.57827,117.39188000000001,241.8418960571289
2428,2019-12-30 21:00:00,86.57705,117.43908999999996,241.7672882080078
2429,2019-12-30 22:00:00,86.57639,117.48349999999999,241.7284927368164
2430,2019-12-30 23:00:00,86.5763,117.52774999999997,241.60581970214844
2431,2019-12-31 00:00:00,86.57673,117.57258999999999,241.52144622802734
2432,2019-12-31 01:00:00,86.5771,117.61343999999997,241.39236450195312
2433,2019-12-31 02:00:00,86.57775,117.65359000000001,241.2237091064453
2434,2019-12-31 03:00:00,86.57826,117.68921,241.07221221923828
2435,2019-12-31 04:00:00,86.57881,117.72415000000001,240.96725463867188
2436,2019-12-31 05:00:00,86.57942,117.75826,240.90726470947266
2437,2019-12-31 06:00:00,86.58014,117.78948000000003,240.95929718017578
2438,2019-12-31 07:00:00,86.58112,117.81691999999998,241.0081787109375
2439,2019-12-31 08:00:00,86.58237,117.83929999999998,240.9209442138672
2440,2019-12-31 09:00:00,86.58405,117.85639000000003,240.75653076171875
2441,2019-12-31 10:00:00,86.58602,117.86858000000001,240.56155395507812
2442,2019-12-31 11:00:00,86.58848,117.87801000000002,240.28524017333984
2443,2019-12-31 12:00:00,86.59137,117.88818000000003,239.9551773071289
2444,2019-12-31 13:00:00,86.59459,117.90073999999998,239.63471221923828
2445,2019-12-31 14:00:00,86.59807,117.91751,239.4398193359375
2446,2019-12-31 15:00:00,86.60159,117.93849,239.3114776611328
2447,2019-12-31 16:00:00,86.60493,117.96292,239.1156997680664
2448,2019-12-31 17:00:00,86.60812,117.98813000000001,238.8795623779297
2449,2019-12-31 18:00:00,86.61133,118.01159999999999,238.69921112060547
2450,2019-12-31 19:00:00,86.61467,118.03053999999997,238.61092376708984
2451,2019-12-31 20:00:00,86.61825,118.04462999999998,238.58966064453125
2452,2019-12-31 21:00:00,86.6223,118.05493000000001,238.60906982421875
2453,2019-12-31 22:00:00,86.62706,118.06225,238.65379333496094
2454,2019-12-31 23:00:00,86.63226,118.06624,238.69068145751953
2455,2020-01-01 00:00:00,86.6379,118.06780000000003,238.69434356689453
2456,2020-01-01 01:00:00,86.64354,118.06916000000001,238.67445373535156
2457,2020-01-01 02:00:00,86.64904,118.07130999999998,238.6343994140625
2458,2020-01-01 03:00:00,86.65443,118.07607999999999,238.54766082763672
2459,2020-01-01 04:00:00,86.65962,118.08191,238.3919448852539
2460,2020-01-01 05:00:00,86.66504,118.08578,238.21702575683594
2461,2020-01-01 06:00:00,86.67054,118.08517,238.10474395751953
2462,2020-01-01 07:00:00,86.67632,118.07882000000001,238.12640380859375
2463,2020-01-01 08:00:00,86.68179,118.06214,238.02706146240234
2464,2020-01-01 09:00:00,86.68751,118.03832,237.89656829833984
2465,2020-01-01 10:00:00,86.69357,118.00896999999998,237.75432586669922
2466,2020-01-01 11:00:00,86.69967,117.97633000000002,237.63849639892578
2467,2020-01-01 12:00:00,86.70561,117.94169999999997,237.55824279785156
2468,2020-01-01 13:00:00,86.71138,117.90544,237.5101547241211
2469,2020-01-01 14:00:00,86.71703,117.86941000000002,237.49085998535156
2470,2020-01-01 15:00:00,86.72231,117.83271000000002,237.48231506347656
2471,2020-01-01 16:00:00,86.72728,117.79224999999997,237.47908782958984
2472,2020-01-01 17:00:00,86.73188,117.74453,237.48422241210938
2473,2020-01-01 18:00:00,86.73628,117.69112000000001,237.50331115722656
2474,2020-01-01 19:00:00,86.74061,117.63344000000001,237.54009246826172
2475,2020-01-01 20:00:00,86.7449,117.57208000000003,237.61756896972656
2476,2020-01-01 21:00:00,86.74941,117.50620000000004,237.7797622680664
2477,2020-01-01 22:00:00,86.75423,117.44115,237.99666595458984
2478,2020-01-01 23:00:00,86.75935,117.37615,238.26512145996094
2479,2020-01-02 00:00:00,86.76482,117.31312000000003,238.39417266845703
2480,2020-01-02 01:00:00,86.77037,117.25414999999998,238.54299926757812
2481,2020-01-02 02:00:00,86.77594,117.19788,238.6106185913086
2482,2020-01-02 03:00:00,86.78139,117.14269999999999,238.79515075683594
2483,2020-01-02 04:00:00,86.7865,117.08829000000003,239.0031509399414
2484,2020-01-02 05:00:00,86.79136,117.03286000000003,239.18241119384766
2485,2020-01-02 06:00:00,86.79616,116.97402999999997,239.34101104736328
2486,2020-01-02 07:00:00,86.80102,116.91172,239.51998138427734
2487,2020-01-02 08:00:00,86.80598,116.84716000000003,239.69857788085938
2488,2020-01-02 09:00:00,86.81106,116.78080999999997,239.87364959716797
2489,2020-01-02 10:00:00,86.81618,116.71197999999998,239.96114349365234
2490,2020-01-02 11:00:00,86.82135,116.64303000000001,240.0357208251953
2491,2020-01-02 12:00:00,86.82671,116.57481000000001,240.1246795654297
2492,2020-01-02 13:00:00,86.83198,116.50702000000001,240.30145263671875
2493,2020-01-02 14:00:00,86.83703,116.44151,240.55960845947266
2494,2020-01-02 15:00:00,86.84175,116.37643000000003,240.82173919677734
2495,2020-01-02 16:00:00,86.84611,116.31187999999997,241.12709045410156
2496,2020-01-02 17:00:00,86.85013,116.24682999999999,241.47949981689453
2497,2020-01-02 18:00:00,86.85384,116.17824000000002,241.83329010009766
2498,2020-01-02 19:00:00,86.85732,116.10942,242.0012664794922
2499,2020-01-02 20:00:00,86.86073,116.03955000000002,242.11792755126953
2500,2020-01-02 21:00:00,86.8642,115.96899000000002,242.33876037597656
2501,2020-01-02 22:00:00,86.86795,115.90019999999998,242.5891571044922
2502,2020-01-02 23:00:00,86.87191,115.83667000000003,242.74872589111328
2503,2020-01-03 00:00:00,86.8761,115.78499,242.82727813720703
2504,2020-01-03 01:00:00,86.88027,115.75155999999998,242.78038787841797
2505,2020-01-03 02:00:00,86.88433,115.73757,242.54574584960938
2506,2020-01-03 03:00:00,86.88799,115.73509000000001,242.22840118408203
2507,2020-01-03 04:00:00,86.89136,115.73699999999997,241.95074462890625
2508,2020-01-03 05:00:00,86.89446,115.74047999999999,241.74486541748047
2509,2020-01-03 06:00:00,86.89732,115.74169,241.57081604003906
2510,2020-01-03 07:00:00,86.90004,115.74014999999997,241.43687438964844
2511,2020-01-03 08:00:00,86.9027,115.73567000000003,241.3180694580078
2512,2020-01-03 09:00:00,86.90553,115.72660000000002,241.20374298095703
2513,2020-01-03 10:00:00,86.90853,115.71544,241.07891845703125
2514,2020-01-03 11:00:00,86.91167,115.70431000000002,240.94573211669922
2515,2020-01-03 12:00:00,86.91501,115.69324,240.83143615722656
2516,2020-01-03 13:00:00,86.91848,115.68473,240.74919891357422
2517,2020-01-03 14:00:00,86.92226,115.67718000000002,240.68528747558594
2518,2020-01-03 15:00:00,86.92603,115.67187000000001,240.65149688720703
2519,2020-01-03 16:00:00,86.92968,115.66856000000001,240.6548080444336
2520,2020-01-03 17:00:00,86.93323,115.66442999999998,240.7232666015625
2521,2020-01-03 18:00:00,86.93685,115.65548999999999,240.91761779785156
2522,2020-01-03 19:00:00,86.94047,115.6397,241.00853729248047
2523,2020-01-03 20:00:00,86.94398,115.61944,240.91888427734375
2524,2020-01-03 21:00:00,86.94753,115.59483999999998,241.01966857910156
2525,2020-01-03 22:00:00,86.9513,115.56711999999999,241.48734283447266
2526,2020-01-03 23:00:00,86.9554,115.53683000000001,241.9812240600586
2527,2020-01-04 00:00:00,86.95982,115.50779999999997,242.34850311279297
2528,2020-01-04 01:00:00,86.96452,115.48451999999997,242.55380249023438
2529,2020-01-04 02:00:00,86.96937,115.46659,242.38263702392578
2530,2020-01-04 03:00:00,86.97419,115.45562000000001,242.15917205810547
2531,2020-01-04 04:00:00,86.9787,115.45089999999999,242.00262451171875
2532,2020-01-04 05:00:00,86.98293,115.45119,241.87837982177734
2533,2020-01-04 06:00:00,86.98672,115.45244000000002,241.8015594482422
2534,2020-01-04 07:00:00,86.99018,115.45114999999998,241.77648162841797
2535,2020-01-04 08:00:00,86.99345,115.44560999999999,241.8147735595703
2536,2020-01-04 09:00:00,86.99669,115.43662,242.08358001708984
2537,2020-01-04 10:00:00,86.99999,115.4237,242.40377044677734
2538,2020-01-04 11:00:00,87.00346,115.40841,242.59009552001953
2539,2020-01-04 12:00:00,87.00713,115.39342999999997,242.6979751586914
2540,2020-01-04 13:00:00,87.01093,115.38078000000002,242.7577896118164
2541,2020-01-04 14:00:00,87.01478,115.37314000000003,242.64044189453125
2542,2020-01-04 15:00:00,87.01852,115.36903999999998,242.41609954833984
2543,2020-01-04 16:00:00,87.02201,115.36784,242.37287139892578
2544,2020-01-04 17:00:00,87.02512,115.36950000000002,242.253662109375
2545,2020-01-04 18:00:00,87.02795,115.37108999999998,242.13607025146484
2546,2020-01-04 19:00:00,87.03053,115.36982,241.98685455322266
2547,2020-01-04 20:00:00,87.03308,115.36683,241.8436737060547
2548,2020-01-04 21:00:00,87.03555,115.35901000000001,241.71904754638672
2549,2020-01-04 22:00:00,87.03805,115.34749999999997,241.686767578125
2550,2020-01-04 23:00:00,87.04064,115.33368000000002,241.48419189453125
2551,2020-01-05 00:00:00,87.04333,115.32172000000003,241.3002471923828
2552,2020-01-05 01:00:00,87.04602,115.31083999999998,241.1388931274414
2553,2020-01-05 02:00:00,87.0489,115.30167,241.0446319580078
2554,2020-01-05 03:00:00,87.05178,115.29471000000001,241.05775451660156
2555,2020-01-05 04:00:00,87.05451,115.29221000000001,241.03992462158203
2556,2020-01-05 05:00:00,87.05702,115.29417999999998,241.14613342285156
2557,2020-01-05 06:00:00,87.05918,115.30083000000002,241.34676361083984
2558,2020-01-05 07:00:00,87.06113,115.30770999999999,241.42474365234375
2559,2020-01-05 08:00:00,87.06292,115.31360999999998,241.4122772216797
2560,2020-01-05 09:00:00,87.06464,115.31705,241.3332748413086
2561,2020-01-05 10:00:00,87.06632,115.31799000000001,241.31866455078125
2562,2020-01-05 11:00:00,87.06805,115.31777,241.35081481933594
2563,2020-01-05 12:00:00,87.06988,115.31708000000003,241.31014251708984
2564,2020-01-05 13:00:00,87.07178,115.31709000000001,241.28813934326172
2565,2020-01-05 14:00:00,87.07376,115.31912,241.15553283691406
2566,2020-01-05 15:00:00,87.07583,115.32352000000003,240.91128540039062
2567,2020-01-05 16:00:00,87.07801,115.33022,240.759521484375
2568,2020-01-05 17:00:00,87.08008,115.33751999999998,240.70186614990234
2569,2020-01-05 18:00:00,87.08185,115.34526,240.74352264404297
2570,2020-01-05 19:00:00,87.08344,115.35136999999997,240.81378936767578
2571,2020-01-05 20:00:00,87.08507,115.35381999999998,240.88843536376953
2572,2020-01-05 21:00:00,87.0866,115.35072000000002,240.91456604003906
2573,2020-01-05 22:00:00,87.08818,115.34458000000001,241.03276824951172
2574,2020-01-05 23:00:00,87.08941,115.33535,241.17589569091797
2575,2020-01-06 00:00:00,87.0904,115.32357999999999,241.39344787597656
2576,2020-01-06 01:00:00,87.09162,115.31079,241.47183990478516
2577,2020-01-06 02:00:00,87.093,115.29952000000003,241.4920654296875
2578,2020-01-06 03:00:00,87.09436,115.28953999999999,241.47891998291016
2579,2020-01-06 04:00:00,87.09575,115.28046999999998,241.3686294555664
2580,2020-01-06 05:00:00,87.09713,115.27172000000002,241.21013641357422
2581,2020-01-06 06:00:00,87.09843,115.26179000000002,241.00389862060547
2582,2020-01-06 07:00:00,87.09946,115.25038,240.8213882446289
2583,2020-01-06 08:00:00,87.10035,115.23756000000003,240.67386627197266
2584,2020-01-06 09:00:00,87.10121,115.22264999999999,240.53055572509766
2585,2020-01-06 10:00:00,87.10197,115.20468,240.39928436279297
2586,2020-01-06 11:00:00,87.10277,115.18594999999999,240.23702239990234
2587,2020-01-06 12:00:00,87.10365,115.16674999999998,240.11194610595703
2588,2020-01-06 13:00:00,87.10464,115.14864999999998,240.01799774169922
2589,2020-01-06 14:00:00,87.10566,115.13087999999999,239.95852661132812
2590,2020-01-06 15:00:00,87.10669,115.11376000000001,239.90147399902344
2591,2020-01-06 16:00:00,87.10801,115.09776999999997,239.90372467041016
2592,2020-01-06 17:00:00,87.10851,115.08095000000003,239.8590545654297
2593,2020-01-06 18:00:00,87.1087,115.06387000000001,239.75347137451172
2594,2020-01-06 19:00:00,87.10913,115.04646000000002,239.6241683959961
2595,2020-01-06 20:00:00,87.10966,115.02985000000001,239.49922943115234
2596,2020-01-06 21:00:00,87.11013,115.01206000000002,239.3804473876953
2597,2020-01-06 22:00:00,87.11082,114.9959,239.22949981689453
2598,2020-01-06 23:00:00,87.11179,114.97987,239.0996551513672
2599,2020-01-07 00:00:00,87.11303,114.96571,238.9879608154297
2600,2020-01-07 01:00:00,87.11426,114.95362999999998,238.89624786376953
2601,2020-01-07 02:00:00,87.1154,114.94456000000002,238.80828857421875
2602,2020-01-07 03:00:00,87.11662,114.93885999999998,238.71896362304688
2603,2020-01-07 04:00:00,87.11792,114.93578000000002,238.6260528564453
2604,2020-01-07 05:00:00,87.11946,114.93403,238.54249572753906
2605,2020-01-07 06:00:00,87.12057,114.93317000000002,238.46833038330078
2606,2020-01-07 07:00:00,87.12141,114.93426999999997,238.39878845214844
2607,2020-01-07 08:00:00,87.12164,114.93830000000003,238.36404418945312
2608,2020-01-07 09:00:00,87.12176,114.94511999999997,238.45256805419922
2609,2020-01-07 10:00:00,87.1214,114.95402000000001,238.6514434814453
2610,2020-01-07 11:00:00,87.12103,114.96348999999998,238.92498016357422
2611,2020-01-07 12:00:00,87.12053,114.97158000000002,239.15691375732422
2612,2020-01-07 13:00:00,87.12032,114.97982999999999,239.34955596923828
2613,2020-01-07 14:00:00,87.12006,114.99394000000001,239.52606964111328
2614,2020-01-07 15:00:00,87.1197,115.01002,239.66160583496094
2615,2020-01-07 16:00:00,87.11935,115.0274,239.83123779296875
2616,2020-01-07 17:00:00,87.11873,115.04539,240.01644897460938
2617,2020-01-07 18:00:00,87.11809,115.06483000000003,240.22957611083984
2618,2020-01-07 19:00:00,87.11756,115.08431999999999,240.41895294189453
2619,2020-01-07 20:00:00,87.11696,115.10295000000002,240.70045471191406
2620,2020-01-07 21:00:00,87.11623,115.12567000000001,241.11380767822266
2621,2020-01-07 22:00:00,87.11555,115.14441999999997,241.5531997680664
2622,2020-01-07 23:00:00,87.11478,115.15760999999998,242.01789093017578
2623,2020-01-08 00:00:00,87.11378,115.16582,242.42945098876953
2624,2020-01-08 01:00:00,87.11293,115.17593,242.66455078125
2625,2020-01-08 02:00:00,87.11227,115.18815000000001,242.82948303222656
2626,2020-01-08 03:00:00,87.11173,115.20114999999998,242.89151763916016
2627,2020-01-08 04:00:00,87.11133,115.21357999999998,242.80999755859375
2628,2020-01-08 05:00:00,87.11106,115.21963,242.76329040527344
2629,2020-01-08 06:00:00,87.11115,115.22296,242.74890899658203
2630,2020-01-08 07:00:00,87.11118,115.22595000000001,242.80957794189453
2631,2020-01-08 08:00:00,87.11131,115.22307999999998,242.9508285522461
2632,2020-01-08 09:00:00,87.11151,115.21730000000002,242.99160766601562
2633,2020-01-08 10:00:00,87.11209,115.20808,242.88702392578125
2634,2020-01-08 11:00:00,87.11278,115.19641000000001,242.6966552734375
2635,2020-01-08 12:00:00,87.1133,115.18099999999998,242.43995666503906
2636,2020-01-08 13:00:00,87.11407,115.16071,242.15233612060547
2637,2020-01-08 14:00:00,87.11475,115.14202999999998,241.89315795898438
2638,2020-01-08 15:00:00,87.11564,115.12230999999997,241.72089385986328
2639,2020-01-08 16:00:00,87.11682,115.10039999999998,241.51273345947266
2640,2020-01-08 17:00:00,87.11798,115.07898,241.31336212158203
2641,2020-01-08 18:00:00,87.1193,115.05416000000002,241.25737762451172
2642,2020-01-08 19:00:00,87.12061,115.02710000000002,241.14359283447266
2643,2020-01-08 20:00:00,87.12193,115.00155999999998,240.9512710571289
2644,2020-01-08 21:00:00,87.12355,114.97113000000002,240.81961059570312
2645,2020-01-08 22:00:00,87.12493,114.93887000000001,240.7755126953125
2646,2020-01-08 23:00:00,87.12627,114.90424000000002,240.78333282470703
2647,2020-01-09 00:00:00,87.12745,114.86543,240.81544494628906
2648,2020-01-09 01:00:00,87.12865,114.82285999999999,240.84015655517578
2649,2020-01-09 02:00:00,87.12978,114.77654000000001,240.86851501464844
2650,2020-01-09 03:00:00,87.13103,114.72676999999999,240.92664337158203
2651,2020-01-09 04:00:00,87.13244,114.67674,241.03089141845703
2652,2020-01-09 05:00:00,87.13398,114.62504000000001,241.14759063720703
2653,2020-01-09 06:00:00,87.13557,114.57175999999998,241.24859619140625
2654,2020-01-09 07:00:00,87.13718,114.51674000000003,241.34231567382812
2655,2020-01-09 08:00:00,87.13875,114.46107,241.4285888671875
2656,2020-01-09 09:00:00,87.14031,114.40564999999998,241.49197387695312
2657,2020-01-09 10:00:00,87.14183,114.34830999999997,241.5164031982422
2658,2020-01-09 11:00:00,87.14332,114.29005000000001,241.51013946533203
2659,2020-01-09 12:00:00,87.14478,114.23174,241.4666748046875
2660,2020-01-09 13:00:00,87.14625,114.17327999999998,241.40393829345703
2661,2020-01-09 14:00:00,87.1478,114.11472000000003,241.34762573242188
2662,2020-01-09 15:00:00,87.14945,114.05676,241.31332397460938
2663,2020-01-09 16:00:00,87.15113,114.00042000000002,241.2897491455078
2664,2020-01-09 17:00:00,87.15288,113.94664999999998,241.26296997070312
2665,2020-01-09 18:00:00,87.15462,113.89387999999997,241.22882080078125
2666,2020-01-09 19:00:00,87.15618,113.84001999999998,241.21585845947266
2667,2020-01-09 20:00:00,87.15762,113.78696000000002,241.22360229492188
2668,2020-01-09 21:00:00,87.15888,113.73289999999997,241.23395538330078
2669,2020-01-09 22:00:00,87.15989,113.67602,241.27157592773438
2670,2020-01-09 23:00:00,87.16075,113.61590000000001,241.324951171875
2671,2020-01-10 00:00:00,87.16151,113.55036000000001,241.3599853515625
2672,2020-01-10 01:00:00,87.16234,113.48175000000003,241.33587646484375
2673,2020-01-10 02:00:00,87.16325,113.41257000000002,241.27286529541016
2674,2020-01-10 03:00:00,87.16413,113.34375,241.17914581298828
2675,2020-01-10 04:00:00,87.16506,113.27454999999998,241.11298370361328
2676,2020-01-10 05:00:00,87.1661,113.20431000000002,240.97769927978516
2677,2020-01-10 06:00:00,87.16739,113.13351999999998,240.7777862548828
2678,2020-01-10 07:00:00,87.16886,113.06180999999998,240.60450744628906
2679,2020-01-10 08:00:00,87.17053,112.99223999999998,240.4443359375
2680,2020-01-10 09:00:00,87.17224,112.92443000000003,240.2802505493164
2681,2020-01-10 10:00:00,87.17406,112.8571,240.0802001953125
2682,2020-01-10 11:00:00,87.17582,112.78974,239.79661560058594
2683,2020-01-10 12:00:00,87.17755,112.72086000000002,239.4838104248047
2684,2020-01-10 13:00:00,87.17918,112.65187000000003,239.1988296508789
2685,2020-01-10 14:00:00,87.18075,112.58245999999997,238.97750091552734
2686,2020-01-10 15:00:00,87.18232,112.51198999999997,238.80935668945312
2687,2020-01-10 16:00:00,87.1839,112.44274000000001,238.6743621826172
2688,2020-01-10 17:00:00,87.18547,112.37572,238.54631805419922
2689,2020-01-10 18:00:00,87.1871,112.30889000000002,238.4198989868164
2690,2020-01-10 19:00:00,87.18871,112.24481000000003,238.3047332763672
2691,2020-01-10 20:00:00,87.19049,112.17795999999998,238.20999908447266
2692,2020-01-10 21:00:00,87.19212,112.11088000000001,238.1267852783203
2693,2020-01-10 22:00:00,87.19379,112.04075,238.0652618408203
2694,2020-01-10 23:00:00,87.19542,111.96674000000002,237.98597717285156
2695,2020-01-11 00:00:00,87.19725,111.88788,237.92298126220703
2696,2020-01-11 01:00:00,87.19908,111.81200000000001,237.8885726928711
2697,2020-01-11 02:00:00,87.2011,111.73644999999999,237.8608169555664
2698,2020-01-11 03:00:00,87.20289,111.66329000000002,237.8373565673828
2699,2020-01-11 04:00:00,87.20491,111.59251999999998,237.82848358154297
2700,2020-01-11 05:00:00,87.207,111.52021000000002,237.84515380859375
2701,2020-01-11 06:00:00,87.2092,111.44828999999999,237.8967514038086
2702,2020-01-11 07:00:00,87.21163,111.37639000000001,237.97384643554688
2703,2020-01-11 08:00:00,87.2142,111.30921999999998,238.07772827148438
2704,2020-01-11 09:00:00,87.21656,111.24277000000001,238.3132781982422
2705,2020-01-11 10:00:00,87.21924,111.17413999999997,238.55751037597656
2706,2020-01-11 11:00:00,87.22194,111.10771,238.70117950439453
2707,2020-01-11 12:00:00,87.22466,111.04422999999997,238.7167510986328
2708,2020-01-11 13:00:00,87.22732,110.98295999999999,238.66126251220703
2709,2020-01-11 14:00:00,87.22996,110.92415,238.6102066040039
2710,2020-01-11 15:00:00,87.23249,110.86729000000003,238.36289978027344
2711,2020-01-11 16:00:00,87.23503,110.81083000000001,238.35791015625
2712,2020-01-11 17:00:00,87.23764,110.75319000000002,238.35992431640625
2713,2020-01-11 18:00:00,87.24028,110.69385999999997,238.34461212158203
2714,2020-01-11 19:00:00,87.2429,110.63242000000002,238.23074340820312
2715,2020-01-11 20:00:00,87.24536,110.57157000000001,238.1351089477539
2716,2020-01-11 21:00:00,87.24784,110.50695000000002,238.06924438476562
2717,2020-01-11 22:00:00,87.25042,110.4393,238.03778076171875
2718,2020-01-11 23:00:00,87.25288,110.36826000000002,237.9873275756836
2719,2020-01-12 00:00:00,87.25525,110.29242999999997,237.8327865600586
2720,2020-01-12 01:00:00,87.25754,110.21645000000001,237.83098602294922
2721,2020-01-12 02:00:00,87.25957,110.14071999999999,237.82813262939453
2722,2020-01-12 03:00:00,87.26139,110.06313,237.82183074951172
2723,2020-01-12 04:00:00,87.2629,109.98559999999998,237.80017852783203
2724,2020-01-12 05:00:00,87.26429,109.90951000000001,237.7745132446289
2725,2020-01-12 06:00:00,87.26554,109.83539999999999,237.75469207763672
2726,2020-01-12 07:00:00,87.26697,109.7604,237.7382354736328
2727,2020-01-12 08:00:00,87.26867,109.68245999999999,237.72760772705078
2728,2020-01-12 09:00:00,87.27049,109.60476,237.72555541992188
2729,2020-01-12 10:00:00,87.27239,109.52759000000003,237.72415924072266
2730,2020-01-12 11:00:00,87.27425,109.44954000000001,237.71837615966797
2731,2020-01-12 12:00:00,87.27618,109.37302,237.70490264892578
2732,2020-01-12 13:00:00,87.27824,109.29734000000002,237.6959457397461
2733,2020-01-12 14:00:00,87.27974,109.22503,237.7313690185547
2734,2020-01-12 15:00:00,87.28118,109.15292999999997,237.80623626708984
2735,2020-01-12 16:00:00,87.28228,109.07916,237.8663101196289
2736,2020-01-12 17:00:00,87.28344,109.00266999999997,237.91537475585938
2737,2020-01-12 18:00:00,87.28482,108.92556000000002,237.92694854736328
2738,2020-01-12 19:00:00,87.28646,108.84181999999998,237.91004180908203
2739,2020-01-12 20:00:00,87.28842,108.75179000000003,237.86788940429688
2740,2020-01-12 21:00:00,87.2907,108.65661999999998,237.8394775390625
2741,2020-01-12 22:00:00,87.29335,108.55694,237.84170532226562
2742,2020-01-12 23:00:00,87.29624,108.45479,237.89586639404297
2743,2020-01-13 00:00:00,87.29909,108.35478,237.9958724975586
2744,2020-01-13 01:00:00,87.30189,108.25364000000002,238.32418823242188
2745,2020-01-13 02:00:00,87.30469,108.15154999999999,238.66986846923828
2746,2020-01-13 03:00:00,87.30749,108.04845999999998,239.02948760986328
2747,2020-01-13 04:00:00,87.31009,107.94407999999999,239.45526885986328
2748,2020-01-13 05:00:00,87.3128,107.83512000000002,239.80620574951172
2749,2020-01-13 06:00:00,87.31586,107.72149999999999,240.03449249267578
2750,2020-01-13 07:00:00,87.31922,107.60253999999998,240.2711181640625
2751,2020-01-13 08:00:00,87.32281,107.48136,240.49910736083984
2752,2020-01-13 09:00:00,87.32654,107.36130000000003,240.60997772216797
2753,2020-01-13 10:00:00,87.33053,107.24387000000002,240.74199676513672
2754,2020-01-13 11:00:00,87.33468,107.12905999999998,240.8768310546875
2755,2020-01-13 12:00:00,87.33861,107.02222,240.99401092529297
2756,2020-01-13 13:00:00,87.34223,106.92115999999999,241.1080093383789
2757,2020-01-13 14:00:00,87.34556,106.82551999999998,241.18898010253906
2758,2020-01-13 15:00:00,87.3486,106.73394000000002,241.29676818847656
2759,2020-01-13 16:00:00,87.35155,106.64111000000003,241.4187240600586
2760,2020-01-13 17:00:00,87.35453,106.54516000000001,241.53406524658203
2761,2020-01-13 18:00:00,87.35761,106.44571000000002,241.7100372314453
2762,2020-01-13 19:00:00,87.36087,106.34409,241.94893646240234
2763,2020-01-13 20:00:00,87.36435,106.24212,242.16881561279297
2764,2020-01-13 21:00:00,87.36812,106.14254,242.4384994506836
2765,2020-01-13 22:00:00,87.37214,106.04628000000002,242.5747299194336
2766,2020-01-13 23:00:00,87.37601,105.95569,242.6776885986328
2767,2020-01-14 00:00:00,87.37974,105.86781000000002,242.86854553222656
2768,2020-01-14 01:00:00,87.38335,105.78251,243.05972290039062
2769,2020-01-14 02:00:00,87.38676,105.70175,243.19459533691406
2770,2020-01-14 03:00:00,87.38989,105.62468999999999,243.34347534179688
2771,2020-01-14 04:00:00,87.39269,105.55054999999999,243.38644409179688
2772,2020-01-14 05:00:00,87.3954,105.47798,243.43328094482422
2773,2020-01-14 06:00:00,87.39774,105.40251999999998,243.47005462646484
2774,2020-01-14 07:00:00,87.40024,105.32862,243.5245590209961
2775,2020-01-14 08:00:00,87.40271,105.25441999999998,243.6113739013672
2776,2020-01-14 09:00:00,87.40515,105.17786999999998,243.6575927734375
2777,2020-01-14 10:00:00,87.40761,105.10482000000002,243.70101928710938
2778,2020-01-14 11:00:00,87.41006,105.03379999999999,243.75383758544922
2779,2020-01-14 12:00:00,87.41247,104.96659999999997,243.79961395263672
2780,2020-01-14 13:00:00,87.41477,104.90091999999999,243.8521728515625
2781,2020-01-14 14:00:00,87.4168,104.83988,243.91952514648438
2782,2020-01-14 15:00:00,87.41859,104.77778,243.99236297607422
2783,2020-01-14 16:00:00,87.42016,104.71559000000002,244.05974578857422
2784,2020-01-14 17:00:00,87.42146,104.65323999999998,244.1153335571289
2785,2020-01-14 18:00:00,87.42283,104.58566000000002,244.14649200439453
2786,2020-01-14 19:00:00,87.42439,104.52076,244.1921157836914
2787,2020-01-14 20:00:00,87.42615,104.45466999999996,244.1905517578125
2788,2020-01-14 21:00:00,87.42826,104.38963999999999,244.00848388671875
2789,2020-01-14 22:00:00,87.43062,104.32609000000002,243.5470428466797
2790,2020-01-14 23:00:00,87.4337,104.26132999999999,243.01016235351562
2791,2020-01-15 00:00:00,87.43745,104.19691,242.53926849365234
2792,2020-01-15 01:00:00,87.44074,104.13170000000002,242.134521484375
2793,2020-01-15 02:00:00,87.44411,104.06349,241.78627014160156
2794,2020-01-15 03:00:00,87.44712,103.99640999999997,241.43612670898438
2795,2020-01-15 04:00:00,87.44974,103.92770999999999,241.12837982177734
2796,2020-01-15 05:00:00,87.45241,103.85291999999998,240.9825668334961
2797,2020-01-15 06:00:00,87.45531,103.76317,240.97117614746094
2798,2020-01-15 07:00:00,87.45781,103.67329000000001,241.14639282226562
2799,2020-01-15 08:00:00,87.46101,103.58017000000001,241.50969696044922
2800,2020-01-15 09:00:00,87.46424,103.47924,241.843505859375
2801,2020-01-15 10:00:00,87.46804,103.37855000000002,241.9456787109375
2802,2020-01-15 11:00:00,87.47191,103.28550000000001,242.11666107177734
2803,2020-01-15 12:00:00,87.47584,103.20197000000002,242.28888702392578
2804,2020-01-15 13:00:00,87.4796,103.12338,242.55075073242188
2805,2020-01-15 14:00:00,87.48327,103.04865000000001,242.625
2806,2020-01-15 15:00:00,87.48694,102.98059999999998,242.607421875
2807,2020-01-15 16:00:00,87.49069,102.91988000000003,242.68466186523438
2808,2020-01-15 17:00:00,87.49472,102.86430999999999,242.8067169189453
2809,2020-01-15 18:00:00,87.49911,102.81515000000002,242.97674560546875
2810,2020-01-15 19:00:00,87.50384,102.7656,243.0981216430664
2811,2020-01-15 20:00:00,87.509,102.71445,243.15087890625
2812,2020-01-15 21:00:00,87.51426,102.66201999999998,243.18793487548828
2813,2020-01-15 22:00:00,87.51953,102.60843999999997,243.21953582763672
2814,2020-01-15 23:00:00,87.52467,102.55291999999997,243.2455291748047
2815,2020-01-16 00:00:00,87.52964,102.49423999999999,243.0382308959961
2816,2020-01-16 01:00:00,87.53443,102.43119999999999,243.1303482055664
2817,2020-01-16 02:00:00,87.5389,102.36473000000001,243.2490234375
2818,2020-01-16 03:00:00,87.54299,102.29440999999997,243.56462860107422
2819,2020-01-16 04:00:00,87.5467,102.21949999999998,243.9208526611328
2820,2020-01-16 05:00:00,87.54997,102.14182,244.13764190673828
2821,2020-01-16 06:00:00,87.55263,102.06171,244.08142852783203
2822,2020-01-16 07:00:00,87.55495,101.97597000000002,243.8142547607422
2823,2020-01-16 08:00:00,87.55705,101.88459,243.52206420898438
2824,2020-01-16 09:00:00,87.559,101.79009000000002,243.39430236816406
2825,2020-01-16 10:00:00,87.56059,101.69664999999998,243.28514862060547
2826,2020-01-16 11:00:00,87.56178,101.60441000000003,243.1629867553711
2827,2020-01-16 12:00:00,87.56292,101.51060000000001,243.05486297607422
2828,2020-01-16 13:00:00,87.56383,101.41694000000001,242.9257354736328
2829,2020-01-16 14:00:00,87.56428,101.32382000000001,242.82845306396484
2830,2020-01-16 15:00:00,87.56424,101.226,242.7364044189453
2831,2020-01-16 16:00:00,87.56377,101.12457,242.73226928710938
2832,2020-01-16 17:00:00,87.56307,101.02030000000002,242.78294372558594
2833,2020-01-16 18:00:00,87.56212,100.9099,242.9378890991211
2834,2020-01-16 19:00:00,87.56111,100.79631999999998,243.1027374267578
2835,2020-01-16 20:00:00,87.56015,100.68549999999999,243.21485900878906
2836,2020-01-16 21:00:00,87.5591,100.57096000000001,243.2927474975586
2837,2020-01-16 22:00:00,87.55791,100.45564000000002,243.38722229003906
2838,2020-01-16 23:00:00,87.55666,100.34814,243.48553466796875
2839,2020-01-17 00:00:00,87.55498,100.24403000000001,243.62694549560547
2840,2020-01-17 01:00:00,87.55318,100.14492999999999,243.74600219726562
2841,2020-01-17 02:00:00,87.55079,100.04419000000001,243.88317108154297
2842,2020-01-17 03:00:00,87.54768,99.94470000000001,244.05166625976562
2843,2020-01-17 04:00:00,87.54352,99.84372000000002,244.234375
2844,2020-01-17 05:00:00,87.539,99.74991999999997,244.43126678466797
2845,2020-01-17 06:00:00,87.53355,99.66064,244.5858917236328
2846,2020-01-17 07:00:00,87.52799,99.5838,244.72570037841797
2847,2020-01-17 08:00:00,87.5221,99.51078999999999,244.84198760986328
2848,2020-01-17 09:00:00,87.51589,99.43083000000001,244.91561889648438
2849,2020-01-17 10:00:00,87.50989,99.35270000000003,244.94642639160156
2850,2020-01-17 11:00:00,87.50435,99.279,244.93766021728516
2851,2020-01-17 12:00:00,87.49901,99.20740999999998,245.0558624267578
2852,2020-01-17 13:00:00,87.49378,99.13684,245.14806365966797
2853,2020-01-17 14:00:00,87.4886,99.06747999999999,245.36451721191406
2854,2020-01-17 15:00:00,87.48336,98.99805000000003,245.57718658447266
2855,2020-01-17 16:00:00,87.47808,98.93105000000003,245.81724548339844
2856,2020-01-17 17:00:00,87.47277,98.86567000000002,246.02359008789062
2857,2020-01-17 18:00:00,87.46743,98.80111,246.19696807861328
2858,2020-01-17 19:00:00,87.46227,98.73930999999999,246.3504638671875
2859,2020-01-17 20:00:00,87.45747,98.68241,246.48045349121094
2860,2020-01-17 21:00:00,87.45289,98.63096999999999,246.58628845214844
2861,2020-01-17 22:00:00,87.44835,98.58242999999999,246.66824340820312
2862,2020-01-17 23:00:00,87.44384,98.53530999999998,246.73382568359375
2863,2020-01-18 00:00:00,87.43948,98.49083000000002,246.6054458618164
2864,2020-01-18 01:00:00,87.4354,98.45123000000001,246.6935806274414
2865,2020-01-18 02:00:00,87.43113,98.41478000000001,246.77455139160156
2866,2020-01-18 03:00:00,87.42713,98.38366000000002,246.8495864868164
2867,2020-01-18 04:00:00,87.42332,98.35390999999998,246.9109344482422
2868,2020-01-18 05:00:00,87.4199,98.32904000000002,246.96475982666016
2869,2020-01-18 06:00:00,87.41678,98.31139000000002,246.9988555908203
2870,2020-01-18 07:00:00,87.41393,98.29993999999999,247.02906036376953
2871,2020-01-18 08:00:00,87.41107,98.29254000000003,247.05133056640625
2872,2020-01-18 09:00:00,87.40837,98.28786000000002,247.05382537841797
2873,2020-01-18 10:00:00,87.40594,98.28271000000001,247.03045654296875
2874,2020-01-18 11:00:00,87.40384,98.27861000000001,246.97085571289062
2875,2020-01-18 12:00:00,87.40191,98.27819999999997,246.8789520263672
2876,2020-01-18 13:00:00,87.40009,98.28282999999999,246.77404022216797
2877,2020-01-18 14:00:00,87.3983,98.28949999999998,246.69351196289062
2878,2020-01-18 15:00:00,87.39688,98.30259999999998,246.57908630371094
2879,2020-01-18 16:00:00,87.39605,98.32252,246.45155334472656
2880,2020-01-18 17:00:00,87.39511,98.33690999999999,246.2733383178711
2881,2020-01-18 18:00:00,87.39426,98.35111999999998,246.04888916015625
2882,2020-01-18 19:00:00,87.39346,98.36171000000002,245.72832489013672
2883,2020-01-18 20:00:00,87.39273,98.36932999999999,245.38771057128906
2884,2020-01-18 21:00:00,87.39205,98.37778000000003,245.06385803222656
2885,2020-01-18 22:00:00,87.39157,98.38565,244.77277374267578
2886,2020-01-18 23:00:00,87.39129,98.39310999999998,244.49205780029297
2887,2020-01-19 00:00:00,87.39145,98.39666999999997,244.21766662597656
2888,2020-01-19 01:00:00,87.39186,98.39801999999997,243.9853515625
2889,2020-01-19 02:00:00,87.39255,98.40219000000002,243.7309341430664
2890,2020-01-19 03:00:00,87.39307,98.41512,243.44873809814453
2891,2020-01-19 04:00:00,87.39366,98.42599000000001,243.17527770996094
2892,2020-01-19 05:00:00,87.3941,98.43430000000001,242.92726135253906
2893,2020-01-19 06:00:00,87.39461,98.43930999999998,242.7268829345703
2894,2020-01-19 07:00:00,87.39527,98.43727999999999,242.57608032226562
2895,2020-01-19 08:00:00,87.39608,98.43180999999998,242.44278717041016
2896,2020-01-19 09:00:00,87.39688,98.42395999999997,242.34519958496094
2897,2020-01-19 10:00:00,87.39781,98.41316999999998,242.35489654541016
2898,2020-01-19 11:00:00,87.39851,98.39782000000002,242.3592300415039
2899,2020-01-19 12:00:00,87.39967,98.38000999999997,242.42169952392578
2900,2020-01-19 13:00:00,87.40073,98.35624999999999,242.59387969970703
2901,2020-01-19 14:00:00,87.40209,98.32625999999999,242.7250518798828
2902,2020-01-19 15:00:00,87.40382,98.29482000000002,242.79326629638672
2903,2020-01-19 16:00:00,87.4056,98.26395000000002,242.86690521240234
2904,2020-01-19 17:00:00,87.40731,98.22843,242.83233642578125
2905,2020-01-19 18:00:00,87.40904,98.19127000000003,242.73944854736328
2906,2020-01-19 19:00:00,87.41077,98.15305000000001,242.4905242919922
2907,2020-01-19 20:00:00,87.41291,98.10822000000002,242.23397827148438
2908,2020-01-19 21:00:00,87.41503,98.06434000000002,242.02005004882812
2909,2020-01-19 22:00:00,87.41733,98.01778000000002,241.7471160888672
2910,2020-01-19 23:00:00,87.41991,97.96859999999998,241.49864196777344
2911,2020-01-20 00:00:00,87.42251,97.9214,241.78067779541016
2912,2020-01-20 01:00:00,87.42507,97.87385,241.63319396972656
2913,2020-01-20 02:00:00,87.42752,97.82826999999997,241.48114776611328
2914,2020-01-20 03:00:00,87.43004,97.78204,241.35919189453125
2915,2020-01-20 04:00:00,87.43272,97.73279000000002,241.23613739013672
2916,2020-01-20 05:00:00,87.43547,97.68513999999999,241.03031158447266
2917,2020-01-20 06:00:00,87.43809,97.63952999999998,240.87129974365234
2918,2020-01-20 07:00:00,87.44062,97.59753999999998,240.7490692138672
2919,2020-01-20 08:00:00,87.44305,97.55466999999999,240.65744018554688
2920,2020-01-20 09:00:00,87.4453,97.51123999999999,240.57750701904297
2921,2020-01-20 10:00:00,87.44749,97.46994999999998,240.50872802734375
2922,2020-01-20 11:00:00,87.44957,97.42446000000001,240.4535140991211
2923,2020-01-20 12:00:00,87.45173,97.38080000000002,240.39747619628906
2924,2020-01-20 13:00:00,87.45389,97.33645999999999,240.3470230102539
2925,2020-01-20 14:00:00,87.45614,97.28987000000001,240.30560302734375
2926,2020-01-20 15:00:00,87.45848,97.24259999999998,240.3205108642578
2927,2020-01-20 16:00:00,87.46084,97.19609000000003,240.40916442871094
2928,2020-01-20 17:00:00,87.46306,97.14611000000002,240.5470733642578
2929,2020-01-20 18:00:00,87.4653,97.10109,240.74507904052734
2930,2020-01-20 19:00:00,87.46752,97.05599000000001,240.97077178955078
2931,2020-01-20 20:00:00,87.46948,97.00826,241.20887756347656
2932,2020-01-20 21:00:00,87.47137,96.96014000000002,241.31405639648438
2933,2020-01-20 22:00:00,87.4731,96.90391999999997,241.19579315185547
2934,2020-01-20 23:00:00,87.47484,96.84923000000003,241.02491760253906
2935,2020-01-21 00:00:00,87.47663,96.79534000000001,240.81985473632812
2936,2020-01-21 01:00:00,87.4783,96.74052,240.67182159423828
2937,2020-01-21 02:00:00,87.47994,96.68453,240.63455200195312
2938,2020-01-21 03:00:00,87.4814,96.62817999999999,240.56652069091797
2939,2020-01-21 04:00:00,87.48286,96.57181000000003,240.50057220458984
2940,2020-01-21 05:00:00,87.4842,96.51249000000001,240.4561309814453
2941,2020-01-21 06:00:00,87.48542,96.45378,240.44029998779297
2942,2020-01-21 07:00:00,87.48649,96.39360999999997,240.45621490478516
2943,2020-01-21 08:00:00,87.48737,96.33353,240.47142791748047
2944,2020-01-21 09:00:00,87.48804,96.27328999999997,240.4729995727539
2945,2020-01-21 10:00:00,87.48846,96.21320000000003,240.4510498046875
2946,2020-01-21 11:00:00,87.48875,96.15195,240.4085464477539
2947,2020-01-21 12:00:00,87.48905,96.09212000000002,240.3743133544922
2948,2020-01-21 13:00:00,87.48935,96.03264000000001,240.34246826171875
2949,2020-01-21 14:00:00,87.48966,95.97298,240.32537841796875
2950,2020-01-21 15:00:00,87.48994,95.91254000000004,240.3336944580078
2951,2020-01-21 16:00:00,87.4902,95.85233,240.40471649169922
2952,2020-01-21 17:00:00,87.49038,95.79363000000001,240.52144622802734
2953,2020-01-21 18:00:00,87.49048,95.73525000000001,240.64686584472656
2954,2020-01-21 19:00:00,87.49044,95.67835000000002,240.71701049804688
2955,2020-01-21 20:00:00,87.49011,95.62317999999999,240.75064086914062
2956,2020-01-21 21:00:00,87.48965,95.56871999999998,240.75204467773438
2957,2020-01-21 22:00:00,87.48911,95.51553000000001,240.8124771118164
2958,2020-01-21 23:00:00,87.48842,95.46391,240.93006134033203
2959,2020-01-22 00:00:00,87.4876,95.41323,240.97340393066406
2960,2020-01-22 01:00:00,87.48669,95.36232999999999,240.9643783569336
2961,2020-01-22 02:00:00,87.48574,95.31119000000001,240.9215850830078
2962,2020-01-22 03:00:00,87.48485,95.26093000000003,240.85414123535156
2963,2020-01-22 04:00:00,87.48401,95.21248000000003,240.73635864257812
2964,2020-01-22 05:00:00,87.48319,95.16678000000002,240.67071533203125
2965,2020-01-22 06:00:00,87.48232,95.12430999999998,240.71153259277344
2966,2020-01-22 07:00:00,87.48149,95.08391,240.74302673339844
2967,2020-01-22 08:00:00,87.48061,95.04506000000003,240.7684097290039
2968,2020-01-22 09:00:00,87.4796,95.00608999999997,240.81277465820312
2969,2020-01-22 10:00:00,87.47851,94.96654999999998,240.86139678955078
2970,2020-01-22 11:00:00,87.47735,94.92611,240.89962005615234
2971,2020-01-22 12:00:00,87.47608,94.88578999999999,240.99256134033203
2972,2020-01-22 13:00:00,87.4748,94.84622999999999,241.12513732910156
2973,2020-01-22 14:00:00,87.47337,94.80935999999997,241.27130126953125
2974,2020-01-22 15:00:00,87.472,94.77058999999997,241.3486785888672
2975,2020-01-22 16:00:00,87.47068,94.73149000000001,241.36712646484375
2976,2020-01-22 17:00:00,87.4693,94.6927,241.42860412597656
2977,2020-01-22 18:00:00,87.4679,94.65190000000001,241.59026336669922
2978,2020-01-22 19:00:00,87.46645,94.61007999999998,241.66092681884766
2979,2020-01-22 20:00:00,87.46487,94.56977,241.71158599853516
2980,2020-01-22 21:00:00,87.46321,94.52717000000001,241.69247436523438
2981,2020-01-22 22:00:00,87.46145,94.48477000000003,241.6264190673828
2982,2020-01-22 23:00:00,87.45981,94.44628999999998,241.57098388671875
2983,2020-01-23 00:00:00,87.45808,94.40615000000003,242.62842559814453
2984,2020-01-23 01:00:00,87.45648,94.36257,242.62733459472656
2985,2020-01-23 02:00:00,87.45492,94.32112000000001,242.64055633544922
2986,2020-01-23 03:00:00,87.4534,94.27591999999999,242.6600341796875
2987,2020-01-23 04:00:00,87.4519,94.23532,242.64514923095703
2988,2020-01-23 05:00:00,87.45052,94.19776000000002,242.61905670166016
2989,2020-01-23 06:00:00,87.44916,94.16046,242.62803649902344
2990,2020-01-23 07:00:00,87.4478,94.12277,242.6146697998047
2991,2020-01-23 08:00:00,87.44648,94.08587,242.5019073486328
2992,2020-01-23 09:00:00,87.445,94.04807,242.30510711669922
2993,2020-01-23 10:00:00,87.44352,94.00979999999998,242.12979888916016
2994,2020-01-23 11:00:00,87.44191,93.97365000000002,241.9780502319336
2995,2020-01-23 12:00:00,87.44028,93.93867,241.89578247070312
2996,2020-01-23 13:00:00,87.43875,93.90403000000003,241.87032318115234
2997,2020-01-23 14:00:00,87.43743,93.87143000000003,241.88348388671875
2998,2020-01-23 15:00:00,87.4361,93.83614,241.9302749633789
2999,2020-01-23 16:00:00,87.43477,93.79665999999997,241.9086685180664
3000,2020-01-23 17:00:00,87.43358,93.75236999999998,241.79898071289062
3001,2020-01-23 18:00:00,87.43265,93.70621,241.64627075195312
3002,2020-01-23 19:00:00,87.43176,93.65557999999999,241.5594253540039
3003,2020-01-23 20:00:00,87.43091,93.60663,241.5899887084961
3004,2020-01-23 21:00:00,87.43,93.55988000000002,241.67405700683594
3005,2020-01-23 22:00:00,87.42917,93.51490999999999,241.82151794433594
3006,2020-01-23 23:00:00,87.42827,93.47127999999998,241.95325469970703
3007,2020-01-24 00:00:00,87.42743,93.42939000000001,242.07278442382812
3008,2020-01-24 01:00:00,87.42672,93.39026999999999,242.12303161621094
3009,2020-01-24 02:00:00,87.42608,93.35482999999999,242.1961898803711
3010,2020-01-24 03:00:00,87.42552,93.32249000000002,242.1559066772461
3011,2020-01-24 04:00:00,87.42496,93.29173000000003,242.03060913085938
3012,2020-01-24 05:00:00,87.42453,93.26285999999999,241.9011001586914
3013,2020-01-24 06:00:00,87.42408,93.23451999999997,241.69251251220703
3014,2020-01-24 07:00:00,87.42354,93.20631000000003,241.40716552734375
3015,2020-01-24 08:00:00,87.42295,93.17898000000002,241.15858459472656
3016,2020-01-24 09:00:00,87.42232,93.15304000000003,241.02099609375
3017,2020-01-24 10:00:00,87.4216,93.12925000000001,241.03965759277344
3018,2020-01-24 11:00:00,87.42077,93.10809999999998,241.27922821044922
3019,2020-01-24 12:00:00,87.41987,93.08812999999998,241.65457916259766
3020,2020-01-24 13:00:00,87.41891,93.06835000000001,241.98369598388672
3021,2020-01-24 14:00:00,87.41786,93.04807,242.2707977294922
3022,2020-01-24 15:00:00,87.41681,93.02715999999998,242.50564575195312
3023,2020-01-24 16:00:00,87.41576,93.00659000000002,242.6758270263672
3024,2020-01-24 17:00:00,87.41476,92.98609999999996,242.79986572265625
3025,2020-01-24 18:00:00,87.41381,92.96667000000002,242.99239349365234
3026,2020-01-24 19:00:00,87.41299,92.94533999999999,243.2198257446289
3027,2020-01-24 20:00:00,87.41218,92.92632000000003,243.38893127441406
3028,2020-01-24 21:00:00,87.41135,92.91250000000002,243.52685546875
3029,2020-01-24 22:00:00,87.41062,92.89974000000001,243.60230255126953
3030,2020-01-24 23:00:00,87.40996,92.88728000000003,243.6609115600586
3031,2020-01-25 00:00:00,87.40924,92.87880000000001,243.6790771484375
3032,2020-01-25 01:00:00,87.40853,92.86883999999998,243.55977630615234
3033,2020-01-25 02:00:00,87.40788,92.85951999999997,243.23932647705078
3034,2020-01-25 03:00:00,87.40722,92.85138999999998,242.78588104248047
3035,2020-01-25 04:00:00,87.40656,92.84584999999998,242.28791046142578
3036,2020-01-25 05:00:00,87.40603,92.83775000000003,241.81342315673828
3037,2020-01-25 06:00:00,87.40559,92.83100000000002,241.4333953857422
3038,2020-01-25 07:00:00,87.40515,92.82904000000002,241.14341735839844
3039,2020-01-25 08:00:00,87.40465,92.8247,240.8792953491211
3040,2020-01-25 09:00:00,87.40434,92.81759,240.70848083496094
3041,2020-01-25 10:00:00,87.40413,92.81443000000002,240.59392547607422
3042,2020-01-25 11:00:00,87.40363,92.81599,240.60062408447266
3043,2020-01-25 12:00:00,87.40323,92.81927000000002,240.70169067382812
3044,2020-01-25 13:00:00,87.40266,92.83055000000002,240.9295883178711
3045,2020-01-25 14:00:00,87.40225,92.84512999999998,241.13906860351562
3046,2020-01-25 15:00:00,87.40196,92.86036000000001,241.33946228027344
3047,2020-01-25 16:00:00,87.40178,92.87747000000002,241.52701568603516
3048,2020-01-25 17:00:00,87.40176,92.89836000000003,241.70304107666016
3049,2020-01-25 18:00:00,87.40193,92.92147999999997,241.90660858154297
3050,2020-01-25 19:00:00,87.40246,92.94670000000002,242.11105346679688
3051,2020-01-25 20:00:00,87.40308,92.97237999999999,242.19532012939453
3052,2020-01-25 21:00:00,87.40369,92.99162000000001,242.24929809570312
3053,2020-01-25 22:00:00,87.40417,93.00873999999999,242.31305694580078
3054,2020-01-25 23:00:00,87.40457,93.02908000000002,242.42730712890625
3055,2020-01-26 00:00:00,87.40492,93.05912999999998,242.6134490966797
3056,2020-01-26 01:00:00,87.40545,93.08960000000002,242.84442901611328
3057,2020-01-26 02:00:00,87.40588,93.12851,243.12316131591797
3058,2020-01-26 03:00:00,87.40644,93.17205000000001,243.4526596069336
3059,2020-01-26 04:00:00,87.40719,93.22183000000001,243.6839828491211
3060,2020-01-26 05:00:00,87.40841,93.27037999999999,243.78600311279297
3061,2020-01-26 06:00:00,87.4098,93.32132000000001,243.7755889892578
3062,2020-01-26 07:00:00,87.41128,93.37365999999997,243.76294708251953
3063,2020-01-26 08:00:00,87.4128,93.43650000000002,243.8279037475586
3064,2020-01-26 09:00:00,87.41375,93.51476000000002,243.95580291748047
3065,2020-01-26 10:00:00,87.41469,93.60048999999998,244.0427017211914
3066,2020-01-26 11:00:00,87.4156,93.69042999999999,244.04277801513672
3067,2020-01-26 12:00:00,87.41635,93.78019999999998,243.94487762451172
3068,2020-01-26 13:00:00,87.41707,93.87484,243.79983520507812
3069,2020-01-26 14:00:00,87.41771,93.97048000000001,243.71917724609375
3070,2020-01-26 15:00:00,87.41855,94.07637,243.66690826416016
3071,2020-01-26 16:00:00,87.41993,94.18183999999997,243.59832000732422
3072,2020-01-26 17:00:00,87.42115,94.29475000000002,243.51468658447266
3073,2020-01-26 18:00:00,87.42295,94.40019000000001,243.43496704101562
3074,2020-01-26 19:00:00,87.42426,94.51164,243.35172271728516
3075,2020-01-26 20:00:00,87.42565,94.63180999999997,243.26581573486328
3076,2020-01-26 21:00:00,87.42716,94.74131,243.16667938232422
3077,2020-01-26 22:00:00,87.42925,94.84607,243.01307678222656
3078,2020-01-26 23:00:00,87.43141,94.94267000000002,242.82190704345703
3079,2020-01-27 00:00:00,87.43359,95.03579000000002,242.616943359375
3080,2020-01-27 01:00:00,87.43565,95.12211000000002,242.40166473388672
3081,2020-01-27 02:00:00,87.43746,95.20538999999997,242.18543243408203
3082,2020-01-27 03:00:00,87.43904,95.28789999999998,241.98294067382812
3083,2020-01-27 04:00:00,87.44081,95.37434999999999,241.75643920898438
3084,2020-01-27 05:00:00,87.44248,95.46095000000003,241.508056640625
3085,2020-01-27 06:00:00,87.44389,95.54246999999998,241.2720718383789
3086,2020-01-27 07:00:00,87.44499,95.61691000000002,241.0410919189453
3087,2020-01-27 08:00:00,87.44604,95.67979000000003,240.80048370361328
3088,2020-01-27 09:00:00,87.44711,95.72625,240.55120849609375
3089,2020-01-27 10:00:00,87.44771,95.75272000000001,240.29317474365234
3090,2020-01-27 11:00:00,87.44813,95.77143999999998,240.01319885253906
3091,2020-01-27 12:00:00,87.44807,95.78670999999997,239.72215270996094
3092,2020-01-27 13:00:00,87.44802,95.80205000000001,239.39997100830078
3093,2020-01-27 14:00:00,87.44794,95.81700000000001,239.05809783935547
3094,2020-01-27 15:00:00,87.44784,95.83267999999998,238.71253204345703
3095,2020-01-27 16:00:00,87.44775,95.85043000000002,238.38817596435547
3096,2020-01-27 17:00:00,87.44768,95.87158,238.11447143554688
3097,2020-01-27 18:00:00,87.44764,95.89303999999998,237.89183044433594
3098,2020-01-27 19:00:00,87.44766,95.90980000000002,237.71446228027344
3099,2020-01-27 20:00:00,87.44778,95.92061999999999,237.57134246826172
3100,2020-01-27 21:00:00,87.44807,95.92421000000002,237.44525909423828
3101,2020-01-27 22:00:00,87.44843,95.91976999999997,237.33284759521484
3102,2020-01-27 23:00:00,87.4489,95.90739000000002,237.23680877685547
3103,2020-01-28 00:00:00,87.44946,95.89089999999999,236.85769653320312
3104,2020-01-28 01:00:00,87.45004,95.87281999999999,236.76456451416016
3105,2020-01-28 02:00:00,87.45056,95.85861,236.66749572753906
3106,2020-01-28 03:00:00,87.45096,95.84893999999997,236.5832061767578
3107,2020-01-28 04:00:00,87.45132,95.84431000000001,236.512451171875
3108,2020-01-28 05:00:00,87.45159,95.84000000000003,236.45795440673828
3109,2020-01-28 06:00:00,87.45188,95.83443999999997,236.44181060791016
3110,2020-01-28 07:00:00,87.45219,95.82544000000001,236.4942169189453
3111,2020-01-28 08:00:00,87.4526,95.81267000000003,236.5791244506836
3112,2020-01-28 09:00:00,87.45318,95.79737,236.6663818359375
3113,2020-01-28 10:00:00,87.4539,95.77677,236.760009765625
3114,2020-01-28 11:00:00,87.45485,95.75682,236.8308334350586
3115,2020-01-28 12:00:00,87.45582,95.73256000000003,236.9045639038086
3116,2020-01-28 13:00:00,87.457,95.71030999999999,236.96688842773438
3117,2020-01-28 14:00:00,87.45824,95.69069000000002,237.07782745361328
3118,2020-01-28 15:00:00,87.45921,95.67691000000002,237.17780303955078
3119,2020-01-28 16:00:00,87.46025,95.66372000000001,237.25435638427734
3120,2020-01-28 17:00:00,87.46116,95.64535000000001,237.27654266357422
3121,2020-01-28 18:00:00,87.46205,95.62365,237.33333587646484
3122,2020-01-28 19:00:00,87.463,95.59431999999998,237.3853302001953
3123,2020-01-28 20:00:00,87.46354,95.56466,237.41546630859375
3124,2020-01-28 21:00:00,87.46442,95.52837999999997,237.49381256103516
3125,2020-01-28 22:00:00,87.46584,95.48435,237.5940399169922
3126,2020-01-28 23:00:00,87.46724,95.44022999999999,237.66249084472656
3127,2020-01-29 00:00:00,87.4682,95.40192000000002,237.7409210205078
3128,2020-01-29 01:00:00,87.46905,95.36872,237.83396911621094
3129,2020-01-29 02:00:00,87.4697,95.33844999999997,237.96404266357422
3130,2020-01-29 03:00:00,87.47017,95.31038999999998,238.0616226196289
3131,2020-01-29 04:00:00,87.47042,95.28354000000002,238.060791015625
3132,2020-01-29 05:00:00,87.4706,95.25768,237.9300994873047
3133,2020-01-29 06:00:00,87.47068,95.23199999999997,237.80200958251953
3134,2020-01-29 07:00:00,87.47064,95.21150999999998,237.76434326171875
3135,2020-01-29 08:00:00,87.47074,95.19504,237.81238555908203
3136,2020-01-29 09:00:00,87.47103,95.18090999999998,237.99861907958984
3137,2020-01-29 10:00:00,87.47131,95.16879,238.1438217163086
3138,2020-01-29 11:00:00,87.47164,95.16017,238.26934814453125
3139,2020-01-29 12:00:00,87.47218,95.15654,238.4293670654297
3140,2020-01-29 13:00:00,87.47263,95.16311000000002,238.58881378173828
3141,2020-01-29 14:00:00,87.47297,95.17979000000003,238.72516632080078
3142,2020-01-29 15:00:00,87.47312,95.21078999999997,238.9799346923828
3143,2020-01-29 16:00:00,87.47305,95.25301000000002,239.32796478271484
3144,2020-01-29 17:00:00,87.47289,95.30087000000003,239.72376251220703
3145,2020-01-29 18:00:00,87.47289,95.35375999999997,240.20741271972656
3146,2020-01-29 19:00:00,87.47315,95.40690000000001,240.732421875
3147,2020-01-29 20:00:00,87.47406,95.47656999999998,241.19735717773438
3148,2020-01-29 21:00:00,87.47519,95.55132000000003,241.5365447998047
3149,2020-01-29 22:00:00,87.47619,95.62563999999998,241.74819946289062
3150,2020-01-29 23:00:00,87.47708,95.69785000000002,241.96731567382812
3151,2020-01-30 00:00:00,87.4778,95.77080000000001,242.52780151367188
3152,2020-01-30 01:00:00,87.47843,95.84436,242.91268157958984
3153,2020-01-30 02:00:00,87.47897,95.91955999999999,243.24280548095703
3154,2020-01-30 03:00:00,87.47929,95.99718000000001,243.49141693115234
3155,2020-01-30 04:00:00,87.4794,96.07816000000003,243.50313568115234
3156,2020-01-30 05:00:00,87.47914,96.1551,243.61319732666016
3157,2020-01-30 06:00:00,87.4784,96.22570000000002,243.65746307373047
3158,2020-01-30 07:00:00,87.47668,96.29507000000001,243.55487823486328
3159,2020-01-30 08:00:00,87.47363,96.36714999999998,243.46866607666016
3160,2020-01-30 09:00:00,87.46934,96.43898999999999,243.28833770751953
3161,2020-01-30 10:00:00,87.46428,96.49579,242.89781951904297
3162,2020-01-30 11:00:00,87.45957,96.52962000000002,242.30435943603516
3163,2020-01-30 12:00:00,87.4556,96.53917000000001,241.50670623779297
3164,2020-01-30 13:00:00,87.45176,96.53978999999998,240.5932388305664
3165,2020-01-30 14:00:00,87.4479,96.53228000000001,239.8034896850586
3166,2020-01-30 15:00:00,87.44413,96.52327000000002,239.1709747314453
3167,2020-01-30 16:00:00,87.44036,96.51353,238.7053680419922
3168,2020-01-30 17:00:00,87.43692,96.50317000000001,238.3237075805664
3169,2020-01-30 18:00:00,87.43417,96.49653999999998,238.04222869873047
3170,2020-01-30 19:00:00,87.43185,96.49144000000001,237.8400650024414
3171,2020-01-30 20:00:00,87.43007,96.48426,237.68394470214844
3172,2020-01-30 21:00:00,87.42886,96.47816,237.56131744384766
3173,2020-01-30 22:00:00,87.42839,96.47077999999999,237.4354705810547
3174,2020-01-30 23:00:00,87.42845,96.46398999999997,237.33538055419922
3175,2020-01-31 00:00:00,87.42873,96.46280000000002,237.29056549072266
3176,2020-01-31 01:00:00,87.42943,96.46461,237.3548355102539
3177,2020-01-31 02:00:00,87.43024,96.47172999999998,237.43468475341797
3178,2020-01-31 03:00:00,87.43107,96.48167000000001,237.54401397705078
3179,2020-01-31 04:00:00,87.43199,96.48750999999999,237.70966339111328
3180,2020-01-31 05:00:00,87.43384,96.48928999999998,237.94744873046875
3181,2020-01-31 06:00:00,87.43662,96.48437999999999,238.21178436279297
3182,2020-01-31 07:00:00,87.43983,96.47072000000003,238.4374008178711
3183,2020-01-31 08:00:00,87.44367,96.44933000000003,238.62020111083984
3184,2020-01-31 09:00:00,87.44823,96.42451,238.8659439086914
3185,2020-01-31 10:00:00,87.45319,96.39778999999999,239.20349884033203
3186,2020-01-31 11:00:00,87.45849,96.36845,239.62102508544922
3187,2020-01-31 12:00:00,87.46388,96.33359000000002,240.04871368408203
3188,2020-01-31 13:00:00,87.46919,96.30039999999997,240.4964828491211
3189,2020-01-31 14:00:00,87.47386,96.27562999999998,240.81327056884766
3190,2020-01-31 15:00:00,87.4779,96.26711999999998,241.16053771972656
3191,2020-01-31 16:00:00,87.48143,96.27451000000002,241.61514282226562
3192,2020-01-31 17:00:00,87.48442,96.28949,242.25973510742188
3193,2020-01-31 18:00:00,87.48703,96.305,242.83456420898438
3194,2020-01-31 19:00:00,87.4895,96.32801999999998,243.25902557373047
3195,2020-01-31 20:00:00,87.49193,96.34698000000003,243.54682159423828
3196,2020-01-31 21:00:00,87.49413,96.35959000000003,243.77446746826172
3197,2020-01-31 22:00:00,87.4957,96.37182999999999,243.9552230834961
3198,2020-01-31 23:00:00,87.49663,96.38229999999999,244.07337188720703
3199,2020-02-01 00:00:00,87.49721,96.39019000000002,244.54808044433594
3200,2020-02-01 01:00:00,87.49713,96.38895000000002,244.4802703857422
3201,2020-02-01 02:00:00,87.49534,96.38168000000002,244.2125015258789
3202,2020-02-01 03:00:00,87.49042,96.34629000000001,243.75318908691406
3203,2020-02-01 04:00:00,87.48132,96.29559999999998,243.22300720214844
3204,2020-02-01 05:00:00,87.469,96.23807999999997,242.66057586669922
3205,2020-02-01 06:00:00,87.45475,96.16739000000001,241.9105987548828
3206,2020-02-01 07:00:00,87.43992,96.07249999999999,241.0585479736328
3207,2020-02-01 08:00:00,87.42602,95.95760000000001,240.2289276123047
3208,2020-02-01 09:00:00,87.41414,95.84108000000003,239.42262268066406
3209,2020-02-01 10:00:00,87.40478,95.74346000000003,238.6254119873047
3210,2020-02-01 11:00:00,87.39768,95.67865999999998,237.93767547607422
3211,2020-02-01 12:00:00,87.39231,95.65735999999998,237.42044067382812
3212,2020-02-01 13:00:00,87.38751,95.66971999999998,236.9897918701172
3213,2020-02-01 14:00:00,87.38272,95.70578,236.59705352783203
3214,2020-02-01 15:00:00,87.37739,95.75378999999998,236.2729721069336
3215,2020-02-01 16:00:00,87.37107,95.80333000000002,236.01741790771484
3216,2020-02-01 17:00:00,87.36389,95.84607,235.81558990478516
3217,2020-02-01 18:00:00,87.3569,95.86493999999999,235.64958953857422
3218,2020-02-01 19:00:00,87.35056,95.85944,235.50332641601562
3219,2020-02-01 20:00:00,87.34542,95.83125999999999,235.37347412109375
3220,2020-02-01 21:00:00,87.34186,95.7894,235.2722930908203
3221,2020-02-01 22:00:00,87.33988,95.74720000000002,235.2029266357422
3222,2020-02-01 23:00:00,87.33934,95.71249999999998,235.1684799194336
3223,2020-02-02 00:00:00,87.33942,95.68180000000001,235.20265197753906
3224,2020-02-02 01:00:00,87.34023,95.65706,235.3182144165039
3225,2020-02-02 02:00:00,87.34152,95.63680999999997,235.47293853759766
3226,2020-02-02 03:00:00,87.34275,95.61374999999998,235.6282196044922
3227,2020-02-02 04:00:00,87.34384,95.58584000000002,235.8076171875
3228,2020-02-02 05:00:00,87.34444,95.5444,235.99148559570312
3229,2020-02-02 06:00:00,87.34464,95.47958,236.17867279052734
3230,2020-02-02 07:00:00,87.34469,95.38647000000003,236.34139251708984
3231,2020-02-02 08:00:00,87.3451,95.26603,236.5124053955078
3232,2020-02-02 09:00:00,87.34617,95.12657000000002,236.62926483154297
3233,2020-02-02 10:00:00,87.34801,94.97309000000001,236.7307357788086
3234,2020-02-02 11:00:00,87.34997,94.83275000000003,236.72960662841797
3235,2020-02-02 12:00:00,87.35173,94.71329000000003,236.63766479492188
3236,2020-02-02 13:00:00,87.35352,94.60748999999998,236.58517456054688
3237,2020-02-02 14:00:00,87.35513,94.51596,236.5504150390625
3238,2020-02-02 15:00:00,87.35646,94.43444,236.5470962524414
3239,2020-02-02 16:00:00,87.35749,94.36127999999997,236.59178161621094
3240,2020-02-02 17:00:00,87.35815,94.29059999999998,236.67623138427734
3241,2020-02-02 18:00:00,87.35872,94.21321999999998,236.7991714477539
3242,2020-02-02 19:00:00,87.35961,94.12576999999999,237.01815032958984
3243,2020-02-02 20:00:00,87.36127,94.02271000000002,237.2419204711914
3244,2020-02-02 21:00:00,87.36419,93.90379000000001,237.55098724365234
3245,2020-02-02 22:00:00,87.3686,93.77891999999997,238.09022521972656
3246,2020-02-02 23:00:00,87.37375,93.6601,238.7061309814453
3247,2020-02-03 00:00:00,87.37945,93.55286000000001,239.369873046875
3248,2020-02-03 01:00:00,87.3851,93.45605,240.057373046875
3249,2020-02-03 02:00:00,87.39054,93.37157000000002,240.7893829345703
3250,2020-02-03 03:00:00,87.39561,93.30232999999998,241.8439712524414
3251,2020-02-03 04:00:00,87.40009,93.25013999999999,243.1130142211914
3252,2020-02-03 05:00:00,87.40403,93.21726999999998,244.2257843017578
3253,2020-02-03 06:00:00,87.4074,93.19851,244.9471664428711
3254,2020-02-03 07:00:00,87.41043,93.20159000000001,245.4553451538086
3255,2020-02-03 08:00:00,87.41299,93.22429,245.87112426757812
3256,2020-02-03 09:00:00,87.41529,93.26391999999998,246.26805877685547
3257,2020-02-03 10:00:00,87.41773,93.32573000000002,246.73458862304688
3258,2020-02-03 11:00:00,87.42049,93.39859000000001,247.17788696289062
3259,2020-02-03 12:00:00,87.42371,93.47839999999997,247.53572845458984
3260,2020-02-03 13:00:00,87.42723,93.56774999999999,247.6739730834961
3261,2020-02-03 14:00:00,87.43062,93.66140999999999,247.46890258789062
3262,2020-02-03 15:00:00,87.43369,93.75999999999999,246.937744140625
3263,2020-02-03 16:00:00,87.43612,93.85847999999999,246.35208892822266
3264,2020-02-03 17:00:00,87.43806,93.9554,245.88597869873047
3265,2020-02-03 18:00:00,87.43976,94.04617000000002,245.53917694091797
3266,2020-02-03 19:00:00,87.44133,94.12982999999997,245.26708984375
3267,2020-02-03 20:00:00,87.44284,94.20875000000001,245.0123291015625
3268,2020-02-03 21:00:00,87.44437,94.28305999999998,244.7912368774414
3269,2020-02-03 22:00:00,87.44645,94.36099000000002,244.5872344970703
3270,2020-02-03 23:00:00,87.44929,94.45283999999998,244.39708709716797
3271,2020-02-04 00:00:00,87.45237,94.55385999999999,244.53862762451172
3272,2020-02-04 01:00:00,87.45484,94.6456,244.34707641601562
3273,2020-02-04 02:00:00,87.45772,94.74252000000001,244.2356414794922
3274,2020-02-04 03:00:00,87.46082,94.83889999999997,244.1151885986328
3275,2020-02-04 04:00:00,87.46337,94.92797000000002,243.864501953125
3276,2020-02-04 05:00:00,87.46602,95.01076999999998,243.58802032470703
3277,2020-02-04 06:00:00,87.46859,95.08783,243.37008666992188
3278,2020-02-04 07:00:00,87.47077,95.15652,243.20014190673828
3279,2020-02-04 08:00:00,87.47267,95.21488,243.07371520996094
3280,2020-02-04 09:00:00,87.47435,95.25986,242.96208953857422
3281,2020-02-04 10:00:00,87.47604,95.29128000000003,242.86063385009766
3282,2020-02-04 11:00:00,87.47795,95.31074000000001,242.75528717041016
3283,2020-02-04 12:00:00,87.48022,95.32144,242.64816284179688
3284,2020-02-04 13:00:00,87.48279,95.3272,242.51356506347656
3285,2020-02-04 14:00:00,87.4856,95.33134000000001,242.37318420410156
3286,2020-02-04 15:00:00,87.48845,95.3358,242.2640609741211
3287,2020-02-04 16:00:00,87.49123,95.34062,242.1797332763672
3288,2020-02-04 17:00:00,87.4938,95.34476000000001,242.09993743896484
3289,2020-02-04 18:00:00,87.49618,95.34811000000002,242.08848571777344
3290,2020-02-04 19:00:00,87.49832,95.3485,242.13525390625
3291,2020-02-04 20:00:00,87.50036,95.34395,242.08660888671875
3292,2020-02-04 21:00:00,87.50236,95.33479999999997,242.03719329833984
3293,2020-02-04 22:00:00,87.50446,95.31952999999999,242.07622528076172
3294,2020-02-04 23:00:00,87.50689,95.29676,242.07357025146484
3295,2020-02-05 00:00:00,87.5097,95.26860999999997,241.8800277709961
3296,2020-02-05 01:00:00,87.51289,95.23651000000001,241.52220916748047
3297,2020-02-05 02:00:00,87.51633,95.20643999999999,241.25096130371094
3298,2020-02-05 03:00:00,87.51994,95.18142,241.25477600097656
3299,2020-02-05 04:00:00,87.52362,95.15956,241.3327407836914
3300,2020-02-05 05:00:00,87.52708,95.13380000000001,241.37096405029297
3301,2020-02-05 06:00:00,87.53011,95.10034000000002,241.2938461303711
3302,2020-02-05 07:00:00,87.53307,95.06339000000003,241.065185546875
3303,2020-02-05 08:00:00,87.53591,95.02561000000003,240.9293670654297
3304,2020-02-05 09:00:00,87.53864,94.97877,241.0461654663086
3305,2020-02-05 10:00:00,87.54156,94.92703,241.23760986328125
3306,2020-02-05 11:00:00,87.54439,94.86914999999999,241.29981231689453
3307,2020-02-05 12:00:00,87.54733,94.80881,241.1177520751953
3308,2020-02-05 13:00:00,87.55058,94.74565999999999,240.92050170898438
3309,2020-02-05 14:00:00,87.55409,94.68054999999998,240.82825469970703
3310,2020-02-05 15:00:00,87.55781,94.61556000000002,241.18660736083984
3311,2020-02-05 16:00:00,87.56146,94.55401999999998,241.64041900634766
3312,2020-02-05 17:00:00,87.56491,94.50350000000003,242.07617950439453
3313,2020-02-05 18:00:00,87.5681,94.46001000000001,242.50788116455078
3314,2020-02-05 19:00:00,87.57089,94.42493000000002,242.92618560791016
3315,2020-02-05 20:00:00,87.57344,94.39495999999997,243.31039428710938
3316,2020-02-05 21:00:00,87.57561,94.37085000000002,243.44183349609375
3317,2020-02-05 22:00:00,87.57761,94.34874000000002,243.28701782226562
3318,2020-02-05 23:00:00,87.57945,94.32276000000002,242.8098602294922
3319,2020-02-06 00:00:00,87.58139,94.29525999999998,242.46856689453125
3320,2020-02-06 01:00:00,87.58351,94.26292000000001,242.2273178100586
3321,2020-02-06 02:00:00,87.58581,94.22509000000002,242.16495513916016
3322,2020-02-06 03:00:00,87.5883,94.18831999999998,242.5059051513672
3323,2020-02-06 04:00:00,87.5909,94.15026999999998,243.12041473388672
3324,2020-02-06 05:00:00,87.59368,94.11054000000001,243.80660247802734
3325,2020-02-06 06:00:00,87.5961,94.07594,244.43958282470703
3326,2020-02-06 07:00:00,87.59848,94.05943000000002,244.94835662841797
3327,2020-02-06 08:00:00,87.60117,94.04290000000003,245.3774185180664
3328,2020-02-06 09:00:00,87.60411,94.02318000000002,245.7329559326172
3329,2020-02-06 10:00:00,87.60689,94.00461000000001,246.03447723388672
3330,2020-02-06 11:00:00,87.60904,93.98356999999999,246.22889709472656
3331,2020-02-06 12:00:00,87.61098,93.95947000000001,246.30748748779297
3332,2020-02-06 13:00:00,87.61318,93.93833999999998,246.45877075195312
3333,2020-02-06 14:00:00,87.61532,93.91844000000003,246.49642181396484
3334,2020-02-06 15:00:00,87.61725,93.90062999999998,246.4994659423828
3335,2020-02-06 16:00:00,87.61901,93.87939,246.36973571777344
3336,2020-02-06 17:00:00,87.62068,93.85739999999998,246.23175811767578
3337,2020-02-06 18:00:00,87.6225,93.83886999999999,246.01844787597656
3338,2020-02-06 19:00:00,87.62413,93.82533999999998,245.75423431396484
3339,2020-02-06 20:00:00,87.62547,93.81488000000002,245.3681640625
3340,2020-02-06 21:00:00,87.62641,93.80318,244.99982452392578
3341,2020-02-06 22:00:00,87.62718,93.79314,244.79129028320312
3342,2020-02-06 23:00:00,87.628,93.78294,244.58743286132812
3343,2020-02-07 00:00:00,87.62889,93.77372000000003,244.3626251220703
3344,2020-02-07 01:00:00,87.63015,93.76621999999998,244.17787170410156
3345,2020-02-07 02:00:00,87.63139,93.75948,244.0331039428711
3346,2020-02-07 03:00:00,87.63257,93.75065000000001,243.9565887451172
3347,2020-02-07 04:00:00,87.63373,93.74626,243.88341522216797
3348,2020-02-07 05:00:00,87.63484,93.74625000000003,243.71530151367188
3349,2020-02-07 06:00:00,87.63594,93.74855000000002,243.56333923339844
3350,2020-02-07 07:00:00,87.63701,93.75288,243.42054748535156
3351,2020-02-07 08:00:00,87.63804,93.75851,243.28684997558594
3352,2020-02-07 09:00:00,87.63907,93.76465999999999,243.17298126220703
3353,2020-02-07 10:00:00,87.64004,93.77190000000002,243.0346221923828
3354,2020-02-07 11:00:00,87.64091,93.77850999999998,242.91598510742188
3355,2020-02-07 12:00:00,87.64174,93.78303,242.77731323242188
3356,2020-02-07 13:00:00,87.6426,93.78838000000002,242.6412353515625
3357,2020-02-07 14:00:00,87.64356,93.79503999999997,242.52526092529297
3358,2020-02-07 15:00:00,87.6446,93.80536000000001,242.43607330322266
3359,2020-02-07 16:00:00,87.64576,93.81518,242.3410186767578
3360,2020-02-07 17:00:00,87.64696,93.82486,242.2467041015625
3361,2020-02-07 18:00:00,87.64815,93.83735000000001,242.1478500366211
3362,2020-02-07 19:00:00,87.64932,93.85147999999998,242.06241607666016
3363,2020-02-07 20:00:00,87.65042,93.86511999999999,241.96630859375
3364,2020-02-07 21:00:00,87.65159,93.87531000000001,241.8704605102539
3365,2020-02-07 22:00:00,87.65285,93.88090999999997,241.77811431884766
3366,2020-02-07 23:00:00,87.65427,93.88182999999998,241.68866729736328
3367,2020-02-08 00:00:00,87.65578,93.88121999999998,241.57942962646484
3368,2020-02-08 01:00:00,87.65734,93.88168000000002,241.44603729248047
3369,2020-02-08 02:00:00,87.65899,93.88249000000002,241.3280258178711
3370,2020-02-08 03:00:00,87.66071,93.88387999999998,241.2228012084961
3371,2020-02-08 04:00:00,87.66252,93.88403,241.11349487304688
3372,2020-02-08 05:00:00,87.66443,93.88186999999999,240.98041534423828
3373,2020-02-08 06:00:00,87.66637,93.87576999999999,240.87347412109375
3374,2020-02-08 07:00:00,87.6684,93.86471,240.7574234008789
3375,2020-02-08 08:00:00,87.67032,93.85334,240.61016082763672
3376,2020-02-08 09:00:00,87.67184,93.8415,240.46724700927734
3377,2020-02-08 10:00:00,87.67347,93.82632999999998,240.43370819091797
3378,2020-02-08 11:00:00,87.67526,93.80677000000003,240.52692413330078
3379,2020-02-08 12:00:00,87.67692,93.78933,240.7613983154297
3380,2020-02-08 13:00:00,87.67941,93.76117999999997,241.05235290527344
3381,2020-02-08 14:00:00,87.68148,93.74095999999997,241.56475830078125
3382,2020-02-08 15:00:00,87.68375,93.72109,242.13434600830078
3383,2020-02-08 16:00:00,87.6863,93.69547,242.6336212158203
3384,2020-02-08 17:00:00,87.6892,93.66266999999999,242.99913024902344
3385,2020-02-08 18:00:00,87.692,93.63211000000001,243.20384216308594
3386,2020-02-08 19:00:00,87.69432,93.60390000000001,243.29561614990234
3387,2020-02-08 20:00:00,87.69691,93.57371999999998,243.31693267822266
3388,2020-02-08 21:00:00,87.6992,93.54412000000002,243.27647399902344
3389,2020-02-08 22:00:00,87.70152,93.51224000000002,243.1841583251953
3390,2020-02-08 23:00:00,87.70386,93.47561999999999,243.03803253173828
3391,2020-02-09 00:00:00,87.70616,93.43752,242.86920928955078
3392,2020-02-09 01:00:00,87.70803,93.39981999999998,242.73230743408203
3393,2020-02-09 02:00:00,87.70958,93.36779000000001,242.7010955810547
3394,2020-02-09 03:00:00,87.71183,93.32666999999998,242.6518783569336
3395,2020-02-09 04:00:00,87.71389,93.28929,242.57588958740234
3396,2020-02-09 05:00:00,87.71644,93.24270000000001,242.46611785888672
3397,2020-02-09 06:00:00,87.71905,93.19232999999997,242.2551040649414
3398,2020-02-09 07:00:00,87.72161,93.14681999999999,241.98255920410156
3399,2020-02-09 08:00:00,87.72413,93.09935999999999,241.73109436035156
3400,2020-02-09 09:00:00,87.72647,93.05691999999999,241.4630584716797
3401,2020-02-09 10:00:00,87.72857,93.00973999999997,241.2103271484375
3402,2020-02-09 11:00:00,87.73091,92.96329000000003,240.95953369140625
3403,2020-02-09 12:00:00,87.73309,92.91782999999998,240.71451568603516
3404,2020-02-09 13:00:00,87.73524,92.87693000000002,240.53732299804688
3405,2020-02-09 14:00:00,87.7376,92.83157,240.41695404052734
3406,2020-02-09 15:00:00,87.73986,92.78712999999999,240.34119415283203
3407,2020-02-09 16:00:00,87.74209,92.73989,240.3089141845703
3408,2020-02-09 17:00:00,87.74439,92.69031000000001,240.30872344970703
3409,2020-02-09 18:00:00,87.74679,92.637,240.3929443359375
3410,2020-02-09 19:00:00,87.74936,92.58078,240.5312271118164
3411,2020-02-09 20:00:00,87.75212,92.52260999999999,240.67351531982422
3412,2020-02-09 21:00:00,87.75492,92.46773000000002,240.70179748535156
3413,2020-02-09 22:00:00,87.75842,92.41196000000002,240.86868286132812
3414,2020-02-09 23:00:00,87.76124,92.35609999999997,241.05387115478516
3415,2020-02-10 00:00:00,87.76357,92.30603000000002,241.3066635131836
3416,2020-02-10 01:00:00,87.76601,92.26159999999999,241.57645416259766
3417,2020-02-10 02:00:00,87.76831,92.21942999999999,241.8182830810547
3418,2020-02-10 03:00:00,87.7705,92.17610000000002,242.0003890991211
3419,2020-02-10 04:00:00,87.77266,92.13254,242.03196716308594
3420,2020-02-10 05:00:00,87.77467,92.09019999999998,242.06058502197266
3421,2020-02-10 06:00:00,87.77679,92.04383999999999,242.12065887451172
3422,2020-02-10 07:00:00,87.77886,91.99281000000002,242.19427490234375
3423,2020-02-10 08:00:00,87.78097,91.93713000000002,242.28414916992188
3424,2020-02-10 09:00:00,87.78318,91.87802999999997,242.44712829589844
3425,2020-02-10 10:00:00,87.7854,91.81753000000003,242.69097137451172
3426,2020-02-10 11:00:00,87.78755,91.75855000000001,243.05421447753906
3427,2020-02-10 12:00:00,87.78959,91.70186000000001,243.47012329101562
3428,2020-02-10 13:00:00,87.79146,91.6449,243.9051055908203
3429,2020-02-10 14:00:00,87.79314,91.58874000000003,244.05657958984375
3430,2020-02-10 15:00:00,87.79461,91.53429,243.68971252441406
3431,2020-02-10 16:00:00,87.79593,91.47926000000001,243.0916748046875
3432,2020-02-10 17:00:00,87.7972,91.42212999999998,242.50679779052734
3433,2020-02-10 18:00:00,87.79845,91.3598,241.922119140625
3434,2020-02-10 19:00:00,87.79986,91.28983,241.37828063964844
3435,2020-02-10 20:00:00,87.80148,91.21221000000003,240.97079467773438
3436,2020-02-10 21:00:00,87.80333,91.12886000000003,240.65973663330078
3437,2020-02-10 22:00:00,87.80533,91.04218000000003,240.38617706298828
3438,2020-02-10 23:00:00,87.8075,90.95434999999998,240.10145568847656
3439,2020-02-11 00:00:00,87.80959,90.86881,239.8333511352539
3440,2020-02-11 01:00:00,87.81149,90.78582,239.50984954833984
3441,2020-02-11 02:00:00,87.81304,90.70799999999997,239.2199249267578
3442,2020-02-11 03:00:00,87.81452,90.63233000000002,238.99819946289062
3443,2020-02-11 04:00:00,87.8156,90.55988000000002,238.86207580566406
3444,2020-02-11 05:00:00,87.81659,90.48354,238.80496215820312
3445,2020-02-11 06:00:00,87.81745,90.40321,238.75785064697266
3446,2020-02-11 07:00:00,87.81835,90.31707,238.71067810058594
3447,2020-02-11 08:00:00,87.8193,90.22230000000002,238.68792724609375
3448,2020-02-11 09:00:00,87.82034,90.11505999999997,238.6744384765625
3449,2020-02-11 10:00:00,87.82157,90.00351999999998,238.62329864501953
3450,2020-02-11 11:00:00,87.82289,89.89423999999997,238.53286743164062
3451,2020-02-11 12:00:00,87.82444,89.78499,238.45779418945312
3452,2020-02-11 13:00:00,87.82604,89.67921000000001,238.42754364013672
3453,2020-02-11 14:00:00,87.8275,89.58161000000001,238.41838836669922
3454,2020-02-11 15:00:00,87.82876,89.49160999999998,238.35914611816406
3455,2020-02-11 16:00:00,87.82984,89.40733,238.25784301757812
3456,2020-02-11 17:00:00,87.83082,89.32736999999997,238.1863250732422
3457,2020-02-11 18:00:00,87.83179,89.24610999999999,238.17623901367188
3458,2020-02-11 19:00:00,87.833,89.15839,238.2402114868164
3459,2020-02-11 20:00:00,87.83457,89.06160999999997,238.29905700683594
3460,2020-02-11 21:00:00,87.83663,88.95738,238.36449432373047
3461,2020-02-11 22:00:00,87.83906,88.84721000000002,238.44610595703125
3462,2020-02-11 23:00:00,87.84177,88.73266000000001,238.55374145507812
3463,2020-02-12 00:00:00,87.84476,88.61879999999996,238.57240295410156
3464,2020-02-12 01:00:00,87.84784,88.50795,238.5108184814453
3465,2020-02-12 02:00:00,87.85077,88.40481,238.44022369384766
3466,2020-02-12 03:00:00,87.85332,88.31207,238.35453033447266
3467,2020-02-12 04:00:00,87.85548,88.23000000000002,238.25192260742188
3468,2020-02-12 05:00:00,87.85754,88.15138000000002,238.1889190673828
3469,2020-02-12 06:00:00,87.85976,88.06582000000003,238.19347381591797
3470,2020-02-12 07:00:00,87.86284,87.96947999999998,238.25318908691406
3471,2020-02-12 08:00:00,87.86567,87.87094000000002,238.35845947265625
3472,2020-02-12 09:00:00,87.86898,87.76477,238.5060043334961
3473,2020-02-12 10:00:00,87.87274,87.65219000000002,238.68486785888672
3474,2020-02-12 11:00:00,87.87689,87.53766000000002,238.87974548339844
3475,2020-02-12 12:00:00,87.88132,87.42536999999999,239.08548736572266
3476,2020-02-12 13:00:00,87.88581,87.31891999999999,239.28882598876953
3477,2020-02-12 14:00:00,87.89017,87.21895999999998,239.49131774902344
3478,2020-02-12 15:00:00,87.89428,87.12473999999997,239.68612670898438
3479,2020-02-12 16:00:00,87.89818,87.03541000000001,239.85540008544922
3480,2020-02-12 17:00:00,87.90208,86.94481999999999,240.02904510498047
3481,2020-02-12 18:00:00,87.90566,86.84698000000003,240.2077407836914
3482,2020-02-12 19:00:00,87.90904,86.73467,240.40164184570312
3483,2020-02-12 20:00:00,87.91266,86.60582999999997,240.61619567871094
3484,2020-02-12 21:00:00,87.91602,86.46075000000002,240.8102035522461
3485,2020-02-12 22:00:00,87.91957,86.30982,240.9035873413086
3486,2020-02-12 23:00:00,87.9234,86.15760999999998,240.94779205322266
3487,2020-02-13 00:00:00,87.9273,86.00302999999997,240.97628784179688
3488,2020-02-13 01:00:00,87.93102,85.85212999999999,240.98731994628906
3489,2020-02-13 02:00:00,87.93448,85.70928000000004,240.98023986816406
3490,2020-02-13 03:00:00,87.93758,85.57177000000001,240.95211791992188
3491,2020-02-13 04:00:00,87.94128,85.42827,240.88131713867188
3492,2020-02-13 05:00:00,87.94473,85.28354000000002,240.78641510009766
3493,2020-02-13 06:00:00,87.94872,85.12844000000001,240.69715881347656
3494,2020-02-13 07:00:00,87.95271,84.95949999999999,240.57404327392578
3495,2020-02-13 08:00:00,87.95653,84.77805000000001,240.44445037841797
3496,2020-02-13 09:00:00,87.95991,84.5872,240.3302230834961
3497,2020-02-13 10:00:00,87.96319,84.38024999999999,240.2265853881836
3498,2020-02-13 11:00:00,87.966,84.1705,240.17042541503906
3499,2020-02-13 12:00:00,87.96878,83.96139,240.19927978515625
3500,2020-02-13 13:00:00,87.9712,83.75283999999999,240.22244262695312
3501,2020-02-13 14:00:00,87.97323,83.5507,240.27432250976562
3502,2020-02-13 15:00:00,87.97487,83.35397,240.30941009521484
3503,2020-02-13 16:00:00,87.97663,83.16811999999999,240.3654022216797
3504,2020-02-13 17:00:00,87.97939,82.96843999999999,240.50817108154297
3505,2020-02-13 18:00:00,87.9819,82.76918999999998,240.8435287475586
3506,2020-02-13 19:00:00,87.98439,82.56843000000003,241.21176147460938
3507,2020-02-13 20:00:00,87.98705,82.37941999999998,241.90621948242188
3508,2020-02-13 21:00:00,87.98962,82.19376,242.620849609375
3509,2020-02-13 22:00:00,87.9923,82.01114999999999,243.2172622680664
3510,2020-02-13 23:00:00,87.99538,81.83677,243.76467895507812
3511,2020-02-14 00:00:00,87.99848,81.66976,244.5856170654297
3512,2020-02-14 01:00:00,88.00143,81.51144999999997,245.04360961914062
3513,2020-02-14 02:00:00,88.00416,81.36248,245.64077758789062
3514,2020-02-14 03:00:00,88.00688,81.22273999999999,246.16638946533203
3515,2020-02-14 04:00:00,88.00939,81.09330999999997,246.77852630615234
3516,2020-02-14 05:00:00,88.01164,80.97242,247.41834259033203
3517,2020-02-14 06:00:00,88.01378,80.85847000000001,248.17342376708984
3518,2020-02-14 07:00:00,88.01578,80.75128000000001,248.95762634277344
3519,2020-02-14 08:00:00,88.01795,80.64877999999999,249.71388244628906
3520,2020-02-14 09:00:00,88.0205,80.54610000000002,250.47230529785156
3521,2020-02-14 10:00:00,88.0233,80.44723999999997,251.11981201171875
3522,2020-02-14 11:00:00,88.02625,80.36518000000001,251.5504150390625
3523,2020-02-14 12:00:00,88.02932,80.29449999999997,251.9232406616211
3524,2020-02-14 13:00:00,88.03252,80.23780999999997,251.9625701904297
3525,2020-02-14 14:00:00,88.03575,80.19373000000002,251.98247528076172
3526,2020-02-14 15:00:00,88.03897,80.16226,251.63526153564453
3527,2020-02-14 16:00:00,88.04199,80.14089000000001,250.94479370117188
3528,2020-02-14 17:00:00,88.04474,80.12297999999998,250.05136108398438
3529,2020-02-14 18:00:00,88.04728,80.10825,249.08097076416016
3530,2020-02-14 19:00:00,88.04964,80.09780999999998,248.05709838867188
3531,2020-02-14 20:00:00,88.05199,80.08197999999999,247.08010864257812
3532,2020-02-14 21:00:00,88.05437,80.07289000000003,246.21107482910156
3533,2020-02-14 22:00:00,88.05688,80.04764999999998,245.43758392333984
3534,2020-02-14 23:00:00,88.05933,80.02690000000001,244.71499633789062
3535,2020-02-15 00:00:00,88.06163,80.00473999999997,244.10195922851562
3536,2020-02-15 01:00:00,88.06372,79.98568999999998,243.56289672851562
3537,2020-02-15 02:00:00,88.0656,79.96911,243.07274627685547
3538,2020-02-15 03:00:00,88.06708,79.95639,242.65381622314453
3539,2020-02-15 04:00:00,88.0681,79.93998999999997,242.28797912597656
3540,2020-02-15 05:00:00,88.06879,79.92221,241.9664535522461
3541,2020-02-15 06:00:00,88.06925,79.90469000000002,241.6626739501953
3542,2020-02-15 07:00:00,88.06946,79.88413000000003,241.3541030883789
3543,2020-02-15 08:00:00,88.06929,79.86185,241.06460571289062
3544,2020-02-15 09:00:00,88.06912,79.83715999999998,240.78015899658203
3545,2020-02-15 10:00:00,88.06893,79.81974000000002,240.51619720458984
3546,2020-02-15 11:00:00,88.06872,79.80487,240.27576446533203
3547,2020-02-15 12:00:00,88.06855,79.79201999999998,240.06434631347656
3548,2020-02-15 13:00:00,88.06834,79.78008999999997,239.89521026611328
3549,2020-02-15 14:00:00,88.06816,79.76659000000001,239.74974822998047
3550,2020-02-15 15:00:00,88.06802,79.75790999999998,239.6798324584961
3551,2020-02-15 16:00:00,88.06792,79.75605000000002,239.66552734375
3552,2020-02-15 17:00:00,88.06782,79.75686999999999,239.63744354248047
3553,2020-02-15 18:00:00,88.06778,79.75644999999997,239.59466552734375
3554,2020-02-15 19:00:00,88.06775,79.75560999999999,239.52731323242188
3555,2020-02-15 20:00:00,88.06773,79.75502,239.4500961303711
3556,2020-02-15 21:00:00,88.06767,79.75096000000002,239.34584045410156
3557,2020-02-15 22:00:00,88.06759,79.74664000000001,239.2202377319336
3558,2020-02-15 23:00:00,88.06747,79.73984000000002,239.05826568603516
3559,2020-02-16 00:00:00,88.06725,79.73028999999997,238.87635040283203
3560,2020-02-16 01:00:00,88.06699,79.71805,238.70018005371094
3561,2020-02-16 02:00:00,88.06677,79.70846,238.59784698486328
3562,2020-02-16 03:00:00,88.06659,79.70152000000002,238.5194854736328
3563,2020-02-16 04:00:00,88.06649,79.69862999999998,238.47303771972656
3564,2020-02-16 05:00:00,88.06642,79.69765000000001,238.45255279541016
3565,2020-02-16 06:00:00,88.06654,79.71796,238.46482849121094
3566,2020-02-16 07:00:00,88.06662,79.7301,238.49562072753906
3567,2020-02-16 08:00:00,88.06678,79.74406999999997,238.52908325195312
3568,2020-02-16 09:00:00,88.06695,79.75518999999997,238.56044006347656
3569,2020-02-16 10:00:00,88.06688,79.75241,238.5839385986328
3570,2020-02-16 11:00:00,88.06676,79.74739,238.60491943359375
3571,2020-02-16 12:00:00,88.06664,79.74144999999999,238.64966583251953
3572,2020-02-16 13:00:00,88.06648,79.73376000000002,238.76140594482422
3573,2020-02-16 14:00:00,88.06719,79.76006999999998,238.90836334228516
3574,2020-02-16 15:00:00,88.06724,79.76276999999999,239.04519653320312
3575,2020-02-16 16:00:00,88.06679,79.73881,239.13450622558594
3576,2020-02-16 17:00:00,88.06628,79.71012000000002,239.18437957763672
3577,2020-02-16 18:00:00,88.06623,79.69905,239.2254409790039
3578,2020-02-16 19:00:00,88.06693,79.70420999999999,239.28594970703125
3579,2020-02-16 20:00:00,88.06787,79.71166,239.3609161376953
3580,2020-02-16 21:00:00,88.06824,79.69049999999999,239.43006896972656
3581,2020-02-16 22:00:00,88.06858,79.65190999999999,239.47965240478516
3582,2020-02-16 23:00:00,88.06925,79.61316,239.4944839477539
3583,2020-02-17 00:00:00,88.06943,79.57657,239.4659423828125
3584,2020-02-17 01:00:00,88.06911,79.53714000000002,239.40184020996094
3585,2020-02-17 02:00:00,88.06898,79.49694999999997,239.30364227294922
3586,2020-02-17 03:00:00,88.06967,79.44574,239.1904296875
3587,2020-02-17 04:00:00,88.07036,79.39065,239.07540130615234
3588,2020-02-17 05:00:00,88.07123,79.32895000000002,238.9725570678711
3589,2020-02-17 06:00:00,88.07228,79.26796999999999,238.89305114746094
3590,2020-02-17 07:00:00,88.07257,79.20231000000001,238.81644439697266
3591,2020-02-17 08:00:00,88.07269,79.13704999999999,238.74087524414062
3592,2020-02-17 09:00:00,88.07282,79.06916999999999,238.67062377929688
3593,2020-02-17 10:00:00,88.07295,78.99844000000002,238.6045379638672
3594,2020-02-17 11:00:00,88.07331,78.92122999999998,238.5449676513672
3595,2020-02-17 12:00:00,88.07376,78.83830999999998,238.52294158935547
3596,2020-02-17 13:00:00,88.07412,78.76102000000003,238.57682037353516
3597,2020-02-17 14:00:00,88.07427,78.67764999999997,238.66537475585938
3598,2020-02-17 15:00:00,88.07456,78.60167999999999,238.7664031982422
3599,2020-02-17 16:00:00,88.07472,78.53359,238.88011932373047
3600,2020-02-17 17:00:00,88.07519,78.45897000000002,239.01515197753906
3601,2020-02-17 18:00:00,88.07586,78.3829,239.08155059814453
3602,2020-02-17 19:00:00,88.07643,78.31705999999997,239.0943832397461
3603,2020-02-17 20:00:00,88.07697,78.25693999999999,239.10362243652344
3604,2020-02-17 21:00:00,88.0777,78.20312000000001,239.18372344970703
3605,2020-02-17 22:00:00,88.07857,78.15055999999998,239.2937469482422
3606,2020-02-17 23:00:00,88.07946,78.10019999999997,239.2716064453125
3607,2020-02-18 00:00:00,88.08053,78.05268000000001,239.25753021240234
3608,2020-02-18 01:00:00,88.08167,78.00590999999997,239.3025665283203
3609,2020-02-18 02:00:00,88.08299,77.95907999999997,239.2935333251953
3610,2020-02-18 03:00:00,88.08431,77.91003,239.23920440673828
3611,2020-02-18 04:00:00,88.08568,77.85989000000001,239.10514068603516
3612,2020-02-18 05:00:00,88.08736,77.80362000000002,238.98052978515625
3613,2020-02-18 06:00:00,88.08966,77.73433,238.95729064941406
3614,2020-02-18 07:00:00,88.09246,77.64375999999999,239.01589965820312
3615,2020-02-18 08:00:00,88.09588,77.53631000000001,239.13146209716797
3616,2020-02-18 09:00:00,88.09971,77.41751,239.31050872802734
3617,2020-02-18 10:00:00,88.1038,77.29545999999999,239.67930603027344
3618,2020-02-18 11:00:00,88.10824,77.17181,240.09606170654297
3619,2020-02-18 12:00:00,88.11271,77.03993000000003,240.78202056884766
3620,2020-02-18 13:00:00,88.11738,76.90954999999997,241.5905303955078
3621,2020-02-18 14:00:00,88.12211,76.78787,242.41241455078125
3622,2020-02-18 15:00:00,88.12703,76.67182000000003,243.13762664794922
3623,2020-02-18 16:00:00,88.1323,76.55448000000001,244.06914520263672
3624,2020-02-18 17:00:00,88.13781,76.43156999999997,244.81452178955078
3625,2020-02-18 18:00:00,88.14362,76.30541,245.56143188476562
3626,2020-02-18 19:00:00,88.14984,76.18032,246.28578186035156
3627,2020-02-18 20:00:00,88.15584,76.05302,246.95972442626953
3628,2020-02-18 21:00:00,88.16175,75.92480999999998,247.55623626708984
3629,2020-02-18 22:00:00,88.16741,75.79453999999998,248.18053436279297
3630,2020-02-18 23:00:00,88.17308,75.65935999999999,248.30474090576172
3631,2020-02-19 00:00:00,88.17868,75.51305000000002,247.77486419677734
3632,2020-02-19 01:00:00,88.18412,75.35288,248.2156982421875
3633,2020-02-19 02:00:00,88.18984,75.18517,248.6476593017578
3634,2020-02-19 03:00:00,88.19626,74.99720000000002,248.8032989501953
3635,2020-02-19 04:00:00,88.20358,74.79027000000002,248.89747619628906
3636,2020-02-19 05:00:00,88.21114,74.57521,249.40318298339844
3637,2020-02-19 06:00:00,88.21899,74.35379,250.1227035522461
3638,2020-02-19 07:00:00,88.22683,74.12202000000002,250.4258575439453
3639,2020-02-19 08:00:00,88.23464,73.88848000000002,250.27574157714844
3640,2020-02-19 09:00:00,88.24229,73.65883,250.0715560913086
3641,2020-02-19 10:00:00,88.24957,73.43363,250.18283081054688
3642,2020-02-19 11:00:00,88.2566,73.21550000000002,250.517822265625
3643,2020-02-19 12:00:00,88.26322,73.00454000000002,250.69163513183594
3644,2020-02-19 13:00:00,88.2696,72.79944,250.8058624267578
3645,2020-02-19 14:00:00,88.27589,72.59715,250.99319458007812
3646,2020-02-19 15:00:00,88.2821,72.39402999999999,251.19165802001953
3647,2020-02-19 16:00:00,88.28847,72.18967,251.40240478515625
3648,2020-02-19 17:00:00,88.29497,71.98283,251.65640258789062
3649,2020-02-19 18:00:00,88.30123,71.77757,251.94904327392578
3650,2020-02-19 19:00:00,88.30729,71.57485,252.22675323486328
3651,2020-02-19 20:00:00,88.31278,71.37618,252.51393127441406
3652,2020-02-19 21:00:00,88.31842,71.18241,252.79454040527344
3653,2020-02-19 22:00:00,88.32361,70.99207000000001,253.04320526123047
3654,2020-02-19 23:00:00,88.32869,70.80653999999998,253.2005157470703
3655,2020-02-20 00:00:00,88.33361,70.62734,253.35067749023438
3656,2020-02-20 01:00:00,88.33825,70.44821999999999,253.43858337402344
3657,2020-02-20 02:00:00,88.3427,70.26995,253.53939056396484
3658,2020-02-20 03:00:00,88.34709,70.09406000000001,253.4830780029297
3659,2020-02-20 04:00:00,88.35193,69.91336000000001,253.60395050048828
3660,2020-02-20 05:00:00,88.35689,69.73548,253.78673553466797
3661,2020-02-20 06:00:00,88.3618,69.56218000000001,254.008056640625
3662,2020-02-20 07:00:00,88.36651,69.39624,254.1820831298828
3663,2020-02-20 08:00:00,88.37101,69.23660999999998,254.31788635253906
3664,2020-02-20 09:00:00,88.37544,69.07638,254.53522491455078
3665,2020-02-20 10:00:00,88.38003,68.91901000000001,254.86356353759766
3666,2020-02-20 11:00:00,88.38482,68.76996,255.09563446044922
3667,2020-02-20 12:00:00,88.38995,68.63251,255.36304473876953
3668,2020-02-20 13:00:00,88.39538,68.50907000000001,255.67444610595703
3669,2020-02-20 14:00:00,88.40112,68.40816999999998,255.86832427978516
3670,2020-02-20 15:00:00,88.407,68.32866000000001,256.0998229980469
3671,2020-02-20 16:00:00,88.41274,68.26683,255.7770538330078
3672,2020-02-20 17:00:00,88.41829,68.21516,254.65542602539062
3673,2020-02-20 18:00:00,88.42342,68.16412,253.24724578857422
3674,2020-02-20 19:00:00,88.42792,68.11092,251.9676742553711
3675,2020-02-20 20:00:00,88.43197,68.04115999999999,250.48135375976562
3676,2020-02-20 21:00:00,88.43598,67.95508000000001,249.24928283691406
3677,2020-02-20 22:00:00,88.43999,67.85529,248.36631774902344
3678,2020-02-20 23:00:00,88.44424,67.73647,247.71359252929688
3679,2020-02-21 00:00:00,88.44883,67.60570999999999,247.19097900390625
3680,2020-02-21 01:00:00,88.45351,67.48622,246.7630844116211
3681,2020-02-21 02:00:00,88.45815,67.37657000000002,246.4714813232422
3682,2020-02-21 03:00:00,88.46284,67.27546000000001,246.28368377685547
3683,2020-02-21 04:00:00,88.46753,67.18056999999999,246.1688690185547
3684,2020-02-21 05:00:00,88.47219,67.08582000000001,246.06578826904297
3685,2020-02-21 06:00:00,88.47675,66.9881,245.8972625732422
3686,2020-02-21 07:00:00,88.48123,66.88979,245.67609405517578
3687,2020-02-21 08:00:00,88.48573,66.78818000000001,245.47844696044922
3688,2020-02-21 09:00:00,88.49036,66.68583999999998,245.31735229492188
3689,2020-02-21 10:00:00,88.49494,66.58938999999998,245.16934967041016
3690,2020-02-21 11:00:00,88.4994,66.49975,245.05701446533203
3691,2020-02-21 12:00:00,88.50384,66.41784999999999,244.9142608642578
3692,2020-02-21 13:00:00,88.5083,66.34644,244.84596252441406
3693,2020-02-21 14:00:00,88.51256,66.28199000000001,244.8458480834961
3694,2020-02-21 15:00:00,88.51679,66.21798000000001,244.91719818115234
3695,2020-02-21 16:00:00,88.52112,66.14661999999998,245.0030746459961
3696,2020-02-21 17:00:00,88.52565,66.06666999999999,245.07868194580078
3697,2020-02-21 18:00:00,88.5304,65.98342,245.02676391601562
3698,2020-02-21 19:00:00,88.53521,65.89839,244.939208984375
3699,2020-02-21 20:00:00,88.53992,65.81822,244.8784637451172
3700,2020-02-21 21:00:00,88.54428,65.74045000000001,244.8022918701172
3701,2020-02-21 22:00:00,88.54825,65.66199,244.7528533935547
3702,2020-02-21 23:00:00,88.55177,65.58379,244.74536895751953
3703,2020-02-22 00:00:00,88.55482,65.49903999999998,244.89300537109375
3704,2020-02-22 01:00:00,88.55772,65.41365000000002,244.85892486572266
3705,2020-02-22 02:00:00,88.56053,65.32719,244.84730529785156
3706,2020-02-22 03:00:00,88.56322,65.25031999999999,244.75096130371094
3707,2020-02-22 04:00:00,88.56578,65.16989000000001,244.5723114013672
3708,2020-02-22 05:00:00,88.56817,65.08620000000002,244.4165267944336
3709,2020-02-22 06:00:00,88.57021,65.00269,244.25102996826172
3710,2020-02-22 07:00:00,88.57207,64.91498000000001,244.08695220947266
3711,2020-02-22 08:00:00,88.57364,64.83127000000002,243.90821838378906
3712,2020-02-22 09:00:00,88.57489,64.7476,243.70669555664062
3713,2020-02-22 10:00:00,88.5758,64.67235,243.4873275756836
3714,2020-02-22 11:00:00,88.57663,64.60543000000001,243.28077697753906
3715,2020-02-22 12:00:00,88.57736,64.53073,243.07379913330078
3716,2020-02-22 13:00:00,88.57798,64.46521999999999,242.88531494140625
3717,2020-02-22 14:00:00,88.57859,64.40602999999999,242.7267303466797
3718,2020-02-22 15:00:00,88.57878,64.35316,242.60144805908203
3719,2020-02-22 16:00:00,88.57811,64.29403000000002,242.49342346191406
3720,2020-02-22 17:00:00,88.5771,64.21214,242.38909912109375
3721,2020-02-22 18:00:00,88.57651,64.10210000000001,242.29850006103516
3722,2020-02-22 19:00:00,88.5763,63.977990000000005,242.2369384765625
3723,2020-02-22 20:00:00,88.57628,63.8381,242.19817352294922
3724,2020-02-22 21:00:00,88.57635,63.691720000000004,242.1672592163086
3725,2020-02-22 22:00:00,88.57633,63.53247999999999,242.23332977294922
3726,2020-02-22 23:00:00,88.57624,63.376829999999984,242.3680648803711
3727,2020-02-23 00:00:00,88.57648,63.22248999999999,242.45448303222656
3728,2020-02-23 01:00:00,88.57689,63.07006999999999,242.51754760742188
3729,2020-02-23 02:00:00,88.57757,62.92094,242.6025619506836
3730,2020-02-23 03:00:00,88.5784,62.765829999999994,242.76882934570312
3731,2020-02-23 04:00:00,88.57934,62.61349999999999,242.98834991455078
3732,2020-02-23 05:00:00,88.58071,62.45692,243.04814910888672
3733,2020-02-23 06:00:00,88.58209,62.30288999999999,243.0467071533203
3734,2020-02-23 07:00:00,88.58381,62.14152999999999,243.05614471435547
3735,2020-02-23 08:00:00,88.58561,61.97212999999999,243.13844299316406
3736,2020-02-23 09:00:00,88.5873,61.80067,243.27120971679688
3737,2020-02-23 10:00:00,88.58906,61.62657999999999,243.3603057861328
3738,2020-02-23 11:00:00,88.59086,61.444559999999996,243.3257293701172
3739,2020-02-23 12:00:00,88.59262,61.25966,243.16063690185547
3740,2020-02-23 13:00:00,88.5941,61.07794999999999,243.0105743408203
3741,2020-02-23 14:00:00,88.59536,60.892210000000006,242.91139221191406
3742,2020-02-23 15:00:00,88.59622,60.70675,242.84744262695312
3743,2020-02-23 16:00:00,88.59694,60.510339999999985,242.80152130126953
3744,2020-02-23 17:00:00,88.59746,60.30273,242.7200469970703
3745,2020-02-23 18:00:00,88.59783,60.087230000000005,242.64617156982422
3746,2020-02-23 19:00:00,88.59821,59.85246999999998,242.61611938476562
3747,2020-02-23 20:00:00,88.59845,59.61344,242.57215118408203
3748,2020-02-23 21:00:00,88.59869,59.36697000000001,242.50701904296875
3749,2020-02-23 22:00:00,88.59867,59.11425,242.44599151611328
3750,2020-02-23 23:00:00,88.59835,58.84956,242.42510986328125
3751,2020-02-24 00:00:00,88.59777,58.565020000000004,242.5514678955078
3752,2020-02-24 01:00:00,88.59693,58.275180000000006,242.65467834472656
3753,2020-02-24 02:00:00,88.59579,57.97806,242.76412963867188
3754,2020-02-24 03:00:00,88.59496,57.67988,242.92302703857422
3755,2020-02-24 04:00:00,88.59407,57.37943000000001,243.1141128540039
3756,2020-02-24 05:00:00,88.59326,57.05688000000001,243.2677459716797
3757,2020-02-24 06:00:00,88.5927,56.706169999999986,243.39776611328125
3758,2020-02-24 07:00:00,88.59214,56.3374,243.5535125732422
3759,2020-02-24 08:00:00,88.59162,55.95173,243.83506774902344
3760,2020-02-24 09:00:00,88.59107,55.5856,244.12278747558594
3761,2020-02-24 10:00:00,88.59044,55.18267,244.36347198486328
3762,2020-02-24 11:00:00,88.58947,54.79590999999999,244.62036895751953
3763,2020-02-24 12:00:00,88.58853,54.40375,244.88526153564453
3764,2020-02-24 13:00:00,88.58765,54.02453,245.14906311035156
3765,2020-02-24 14:00:00,88.58682,53.65198000000001,245.42298889160156
3766,2020-02-24 15:00:00,88.58604,53.286910000000006,245.65577697753906
3767,2020-02-24 16:00:00,88.58525,52.924120000000016,245.81320190429688
3768,2020-02-24 17:00:00,88.5845,52.557320000000004,245.91226196289062
3769,2020-02-24 18:00:00,88.58367,52.190020000000004,246.09760284423828
3770,2020-02-24 19:00:00,88.5828,51.818730000000016,246.3077850341797
3771,2020-02-24 20:00:00,88.58195,51.44639999999998,246.51737213134766
3772,2020-02-24 21:00:00,88.58107,51.07443000000001,246.71026611328125
3773,2020-02-24 22:00:00,88.58013,50.701160000000016,246.84307098388672
3774,2020-02-24 23:00:00,88.57905,50.32893999999999,246.93780517578125
3775,2020-02-25 00:00:00,88.57793,49.956349999999986,247.6518325805664
3776,2020-02-25 01:00:00,88.57669,49.58565999999999,247.53588104248047
3777,2020-02-25 02:00:00,88.57533,49.21708000000001,247.54193115234375
3778,2020-02-25 03:00:00,88.57404,48.851560000000006,247.6006088256836
3779,2020-02-25 04:00:00,88.5728,48.49601999999999,247.58954620361328
3780,2020-02-25 05:00:00,88.57162,48.14893000000001,247.48452758789062
3781,2020-02-25 06:00:00,88.57045,47.80563999999998,247.37992095947266
3782,2020-02-25 07:00:00,88.56918,47.462879999999984,247.28426361083984
3783,2020-02-25 08:00:00,88.5678,47.11760000000001,247.0859832763672
3784,2020-02-25 09:00:00,88.56629,46.77214000000001,246.80208587646484
3785,2020-02-25 10:00:00,88.56463,46.43090999999998,246.64158630371094
3786,2020-02-25 11:00:00,88.56273,46.09718000000001,246.3816375732422
3787,2020-02-25 12:00:00,88.56073,45.771889999999985,246.1209716796875
3788,2020-02-25 13:00:00,88.55865,45.46245999999999,245.93372344970703
3789,2020-02-25 14:00:00,88.55637,45.17151999999999,245.8293228149414
3790,2020-02-25 15:00:00,88.55401,44.89183,245.75171661376953
3791,2020-02-25 16:00:00,88.55155,44.622990000000016,245.6814727783203
3792,2020-02-25 17:00:00,88.54899,44.36196000000001,245.58129119873047
3793,2020-02-25 18:00:00,88.54626,44.10578000000001,245.4588623046875
3794,2020-02-25 19:00:00,88.54335,43.85162,245.3704376220703
3795,2020-02-25 20:00:00,88.54023,43.59719000000001,245.3509979248047
3796,2020-02-25 21:00:00,88.53696,43.34064000000001,245.38902282714844
3797,2020-02-25 22:00:00,88.53364,43.08098000000001,245.4297332763672
3798,2020-02-25 23:00:00,88.53033,42.819709999999986,245.4464111328125
3799,2020-02-26 00:00:00,88.52705,42.56396000000001,245.4602813720703
3800,2020-02-26 01:00:00,88.52381,42.31655000000001,245.46484375
3801,2020-02-26 02:00:00,88.52067,42.08190999999999,245.4321746826172
3802,2020-02-26 03:00:00,88.51753,41.858869999999996,245.39408111572266
3803,2020-02-26 04:00:00,88.51453,41.6429,245.37281799316406
3804,2020-02-26 05:00:00,88.51156,41.435,245.37237548828125
3805,2020-02-26 06:00:00,88.50847,41.23257000000001,245.37222290039062
3806,2020-02-26 07:00:00,88.50531,41.032250000000005,245.3483428955078
3807,2020-02-26 08:00:00,88.50209,40.832040000000006,245.26934814453125
3808,2020-02-26 09:00:00,88.49877,40.63105999999999,245.154296875
3809,2020-02-26 10:00:00,88.49547,40.430980000000005,245.03241729736328
3810,2020-02-26 11:00:00,88.49217,40.22892999999999,244.88900756835938
3811,2020-02-26 12:00:00,88.48884,40.03023999999999,244.7510986328125
3812,2020-02-26 13:00:00,88.48545,39.83909,244.6252670288086
3813,2020-02-26 14:00:00,88.48216,39.66395,244.52032470703125
3814,2020-02-26 15:00:00,88.4789,39.502939999999995,244.42536163330078
3815,2020-02-26 16:00:00,88.47557,39.352540000000005,243.75728607177734
3816,2020-02-26 17:00:00,88.47224,39.20796999999999,243.52826690673828
3817,2020-02-26 18:00:00,88.46898,39.06643,243.29622650146484
3818,2020-02-26 19:00:00,88.46571,38.9247,243.0417709350586
3819,2020-02-26 20:00:00,88.46241,38.77861999999999,242.76728057861328
3820,2020-02-26 21:00:00,88.4591,38.62880999999999,242.50611114501953
3821,2020-02-26 22:00:00,88.4557,38.47766999999999,242.26278686523438
3822,2020-02-26 23:00:00,88.45228,38.325969999999984,242.03466033935547
3823,2020-02-27 00:00:00,88.44892,38.17466999999999,241.8196792602539
3824,2020-02-27 01:00:00,88.44554,38.02866,241.60808563232422
3825,2020-02-27 02:00:00,88.44224,37.89269999999999,241.42617797851562
3826,2020-02-27 03:00:00,88.43902,37.76491999999999,241.25867462158203
3827,2020-02-27 04:00:00,88.43582,37.647850000000005,241.11176300048828
3828,2020-02-27 05:00:00,88.43263,37.53766000000002,240.98047637939453
3829,2020-02-27 06:00:00,88.42943,37.42904999999999,240.8637924194336
3830,2020-02-27 07:00:00,88.42623,37.32064,240.75909423828125
3831,2020-02-27 08:00:00,88.42301,37.206379999999996,240.73959350585938
3832,2020-02-27 09:00:00,88.41984,37.08305999999999,240.69857788085938
3833,2020-02-27 10:00:00,88.41665,36.95534000000001,240.60294342041016
3834,2020-02-27 11:00:00,88.41347,36.82445999999999,240.48788452148438
3835,2020-02-27 12:00:00,88.41034,36.68964,240.30783081054688
3836,2020-02-27 13:00:00,88.40732,36.554100000000005,240.10906982421875
3837,2020-02-27 14:00:00,88.40439,36.419629999999984,239.93795776367188
3838,2020-02-27 15:00:00,88.40158,36.28854999999999,239.74222564697266
3839,2020-02-27 16:00:00,88.39882,36.16015999999999,239.53424072265625
3840,2020-02-27 17:00:00,88.39607,36.033349999999984,239.33573150634766
3841,2020-02-27 18:00:00,88.39331,35.907759999999996,239.1353530883789
3842,2020-02-27 19:00:00,88.3905,35.78244999999998,238.93541717529297
3843,2020-02-27 20:00:00,88.38765,35.65697,238.75218200683594
3844,2020-02-27 21:00:00,88.38472,35.529240000000016,238.59325408935547
3845,2020-02-27 22:00:00,88.38168,35.396029999999996,238.45458221435547
3846,2020-02-27 23:00:00,88.37869,35.25853000000001,238.33464813232422
3847,2020-02-28 00:00:00,88.37583,35.12245999999999,238.65679168701172
3848,2020-02-28 01:00:00,88.37305,34.99252999999999,238.54032135009766
3849,2020-02-28 02:00:00,88.37033,34.86937,238.44368743896484
3850,2020-02-28 03:00:00,88.36765,34.75269,238.35995483398438
3851,2020-02-28 04:00:00,88.36495,34.6438,238.27681732177734
3852,2020-02-28 05:00:00,88.36216,34.54208,238.19419860839844
3853,2020-02-28 06:00:00,88.35935,34.44449,238.10768127441406
3854,2020-02-28 07:00:00,88.35654,34.34864999999999,238.00973510742188
3855,2020-02-28 08:00:00,88.35371,34.25256000000002,237.904541015625
3856,2020-02-28 09:00:00,88.35079,34.153819999999996,237.81119537353516
3857,2020-02-28 10:00:00,88.34781,34.049469999999985,237.75801849365234
3858,2020-02-28 11:00:00,88.34492,33.94605999999999,237.7041015625
3859,2020-02-28 12:00:00,88.34216,33.842899999999986,237.65628814697266
3860,2020-02-28 13:00:00,88.33944,33.745209999999986,237.6198959350586
3861,2020-02-28 14:00:00,88.33681,33.65339,237.56658935546875
3862,2020-02-28 15:00:00,88.33422,33.5686,237.49401092529297
3863,2020-02-28 16:00:00,88.33156,33.49059,237.4053497314453
3864,2020-02-28 17:00:00,88.32883,33.408860000000004,237.3329086303711
3865,2020-02-28 18:00:00,88.32606,33.33260000000001,237.27108764648438
3866,2020-02-28 19:00:00,88.32324,33.252549999999985,237.2113494873047
3867,2020-02-28 20:00:00,88.3204,33.16717,237.1581802368164
3868,2020-02-28 21:00:00,88.31746,33.08229,237.1096954345703
3869,2020-02-28 22:00:00,88.3145,32.9914,237.07008361816406
3870,2020-02-28 23:00:00,88.31151,32.89699000000002,237.03746795654297
3871,2020-02-29 00:00:00,88.30847,32.803060000000016,237.0159149169922
3872,2020-02-29 01:00:00,88.3055,32.708079999999995,237.00603485107422
3873,2020-02-29 02:00:00,88.30271,32.61401999999998,236.9956512451172
3874,2020-02-29 03:00:00,88.29997,32.521349999999984,236.98262786865234
3875,2020-02-29 04:00:00,88.29723,32.43445,236.96546173095703
3876,2020-02-29 05:00:00,88.29446,32.35351,236.9671401977539
3877,2020-02-29 06:00:00,88.29167,32.28602999999998,236.97479248046875
3878,2020-02-29 07:00:00,88.28894,32.21856,236.9271240234375
3879,2020-02-29 08:00:00,88.28621,32.15129999999999,236.86817932128906
3880,2020-02-29 09:00:00,88.28347,32.08337,236.8019027709961
3881,2020-02-29 10:00:00,88.28067,32.017409999999984,236.74713134765625
3882,2020-02-29 11:00:00,88.27791,31.94695999999999,236.66646575927734
3883,2020-02-29 12:00:00,88.27517,31.879790000000014,236.6041259765625
3884,2020-02-29 13:00:00,88.27245,31.81635,236.54329681396484
3885,2020-02-29 14:00:00,88.26978,31.758219999999994,236.49007415771484
3886,2020-02-29 15:00:00,88.26709,31.70975999999999,236.4328155517578
3887,2020-02-29 16:00:00,88.26435,31.66964999999999,236.37238311767578
3888,2020-02-29 17:00:00,88.26179,31.637740000000008,236.31727600097656
3889,2020-02-29 18:00:00,88.2593,31.615369999999984,236.2722396850586
3890,2020-02-29 19:00:00,88.25693,31.593220000000002,236.23603057861328
3891,2020-02-29 20:00:00,88.25462,31.573700000000002,236.20398712158203
3892,2020-02-29 21:00:00,88.25226,31.55268000000001,236.174072265625
3893,2020-02-29 22:00:00,88.24981,31.534069999999986,236.1470489501953
3894,2020-02-29 23:00:00,88.24723,31.515150000000006,236.11630249023438
3895,2020-03-01 00:00:00,88.24459,31.49534,236.08817291259766
3896,2020-03-01 01:00:00,88.24199,31.470140000000015,236.05850219726562
3897,2020-03-01 02:00:00,88.23949,31.451179999999994,236.02582550048828
3898,2020-03-01 03:00:00,88.23711,31.436800000000005,235.986328125
3899,2020-03-01 04:00:00,88.23498,31.424829999999986,235.94509887695312
3900,2020-03-01 05:00:00,88.23301,31.41928999999999,235.90132904052734
3901,2020-03-01 06:00:00,88.23117,31.417419999999993,235.85498809814453
3902,2020-03-01 07:00:00,88.22948,31.41717,235.80895233154297
3903,2020-03-01 08:00:00,88.2279,31.41622000000001,235.76374053955078
3904,2020-03-01 09:00:00,88.22634,31.412540000000007,235.71936798095703
3905,2020-03-01 10:00:00,88.22473,31.406119999999987,235.68016052246094
3906,2020-03-01 11:00:00,88.22311,31.40356,235.6403350830078
3907,2020-03-01 12:00:00,88.22147,31.398660000000007,235.60147094726562
3908,2020-03-01 13:00:00,88.21982,31.393759999999986,235.5626449584961
3909,2020-03-01 14:00:00,88.21826,31.38893999999999,235.53620147705078
3910,2020-03-01 15:00:00,88.21686,31.38318000000001,235.52114868164062
3911,2020-03-01 16:00:00,88.21565,31.377620000000007,235.50907135009766
3912,2020-03-01 17:00:00,88.21451,31.375339999999994,235.46617889404297
3913,2020-03-01 18:00:00,88.21343,31.37594999999999,235.47147369384766
3914,2020-03-01 19:00:00,88.21237,31.377639999999985,235.5277099609375
3915,2020-03-01 20:00:00,88.21128,31.377669999999995,235.67794036865234
3916,2020-03-01 21:00:00,88.21007,31.375040000000013,235.87828063964844
3917,2020-03-01 22:00:00,88.20874,31.367880000000014,236.08909606933594
3918,2020-03-01 23:00:00,88.20733,31.354649999999992,236.24588012695312
3919,2020-03-02 00:00:00,88.20588,31.340249999999997,236.4012451171875
3920,2020-03-02 01:00:00,88.20448,31.31685999999999,236.5082778930664
3921,2020-03-02 02:00:00,88.20306,31.295659999999998,236.64173126220703
3922,2020-03-02 03:00:00,88.20154,31.282700000000006,236.7750701904297
3923,2020-03-02 04:00:00,88.20012,31.254670000000004,236.98436737060547
3924,2020-03-02 05:00:00,88.19872,31.223489999999998,237.1590805053711
3925,2020-03-02 06:00:00,88.19718,31.208850000000012,237.31480407714844
3926,2020-03-02 07:00:00,88.19553,31.185509999999994,237.45994567871094
3927,2020-03-02 08:00:00,88.19386,31.16192000000001,237.58738708496094
3928,2020-03-02 09:00:00,88.19211,31.140800000000013,237.74220275878906
3929,2020-03-02 10:00:00,88.19014,31.117379999999997,237.8501968383789
3930,2020-03-02 11:00:00,88.18803,31.09236999999999,237.9891586303711
3931,2020-03-02 12:00:00,88.18581,31.065949999999987,238.12635040283203
3932,2020-03-02 13:00:00,88.18363,31.036190000000005,238.23129272460938
3933,2020-03-02 14:00:00,88.18149,31.00209000000001,238.32154083251953
3934,2020-03-02 15:00:00,88.17948,30.96018000000001,238.3742904663086
3935,2020-03-02 16:00:00,88.1775,30.93249,238.42562103271484
3936,2020-03-02 17:00:00,88.17541,30.897549999999995,238.4760971069336
3937,2020-03-02 18:00:00,88.1733,30.87173999999999,238.44173431396484
3938,2020-03-02 19:00:00,88.17102,30.852120000000014,238.27043914794922
3939,2020-03-02 20:00:00,88.1687,30.829290000000015,238.03887176513672
3940,2020-03-02 21:00:00,88.16639,30.806809999999984,237.77120208740234
3941,2020-03-02 22:00:00,88.1641,30.78656000000001,237.62498474121094
3942,2020-03-02 23:00:00,88.16173,30.76272,237.50511169433594
3943,2020-03-03 00:00:00,88.15933,30.736429999999984,237.4333267211914
3944,2020-03-03 01:00:00,88.15684,30.707060000000013,237.31271362304688
3945,2020-03-03 02:00:00,88.15452,30.66622000000001,237.08766174316406
3946,2020-03-03 03:00:00,88.15219,30.635189999999994,236.92579650878906
3947,2020-03-03 04:00:00,88.14991,30.610060000000004,236.82775115966797
3948,2020-03-03 05:00:00,88.14775,30.589580000000012,236.7397689819336
3949,2020-03-03 06:00:00,88.14563,30.576070000000016,236.60667419433594
3950,2020-03-03 07:00:00,88.14352,30.562870000000004,236.4916763305664
3951,2020-03-03 08:00:00,88.1416,30.551479999999998,236.40008544921875
3952,2020-03-03 09:00:00,88.13972,30.5394,236.35076904296875
3953,2020-03-03 10:00:00,88.1377,30.527629999999988,236.29584503173828
3954,2020-03-03 11:00:00,88.13553,30.513949999999994,236.22791290283203
3955,2020-03-03 12:00:00,88.13334,30.496160000000003,236.15084075927734
3956,2020-03-03 13:00:00,88.13114,30.47793999999999,236.04931640625
3957,2020-03-03 14:00:00,88.12899,30.46215000000001,235.93706512451172
3958,2020-03-03 15:00:00,88.12703,30.446850000000012,235.82250213623047
3959,2020-03-03 16:00:00,88.12508,30.433639999999997,235.71810913085938
3960,2020-03-03 17:00:00,88.12316,30.423339999999996,235.6260528564453
3961,2020-03-03 18:00:00,88.12132,30.413039999999995,235.5517578125
3962,2020-03-03 19:00:00,88.11956,30.40736000000001,235.49395751953125
3963,2020-03-03 20:00:00,88.11789,30.40222,235.4593048095703
3964,2020-03-03 21:00:00,88.11627,30.400080000000003,235.43891143798828
3965,2020-03-03 22:00:00,88.11459,30.39546999999999,235.4608917236328
3966,2020-03-03 23:00:00,88.11304,30.394540000000006,235.479248046875
3967,2020-03-04 00:00:00,88.11151,30.38995,235.5044403076172
3968,2020-03-04 01:00:00,88.10995,30.389199999999988,235.5492401123047
3969,2020-03-04 02:00:00,88.10842,30.38497000000001,235.5901107788086
3970,2020-03-04 03:00:00,88.10699,30.376329999999996,235.63011932373047
3971,2020-03-04 04:00:00,88.10569,30.375409999999988,235.6919937133789
3972,2020-03-04 05:00:00,88.10444,30.381579999999985,235.73279571533203
3973,2020-03-04 06:00:00,88.10316,30.38955999999999,235.76844024658203
3974,2020-03-04 07:00:00,88.10185,30.40764999999999,235.7979736328125
3975,2020-03-04 08:00:00,88.1007,30.43010000000001,235.82289123535156
3976,2020-03-04 09:00:00,88.09939,30.45031,235.84487915039062
3977,2020-03-04 10:00:00,88.09813,30.470110000000005,235.86823272705078
3978,2020-03-04 11:00:00,88.09692,30.48764,235.88662719726562
3979,2020-03-04 12:00:00,88.09581,30.501390000000015,235.88463592529297
3980,2020-03-04 13:00:00,88.09499,30.515809999999988,235.8753204345703
3981,2020-03-04 14:00:00,88.09429,30.532430000000005,235.8709259033203
3982,2020-03-04 15:00:00,88.09375,30.547120000000007,235.87610626220703
3983,2020-03-04 16:00:00,88.09333,30.566159999999996,235.8899383544922
3984,2020-03-04 17:00:00,88.09287,30.58608000000001,235.90799713134766
3985,2020-03-04 18:00:00,88.09247,30.608360000000005,235.93079376220703
3986,2020-03-04 19:00:00,88.09195,30.632059999999996,235.96025848388672
3987,2020-03-04 20:00:00,88.09153,30.658590000000004,236.00009155273438
3988,2020-03-04 21:00:00,88.09109,30.684439999999995,236.04822540283203
3989,2020-03-04 22:00:00,88.09069,30.708110000000005,236.10797882080078
3990,2020-03-04 23:00:00,88.09036,30.7294,236.16590881347656
3991,2020-03-05 00:00:00,88.0901,30.747739999999993,236.20440673828125
3992,2020-03-05 01:00:00,88.08998,30.761950000000013,236.2240753173828
3993,2020-03-05 02:00:00,88.08996,30.772850000000005,236.2337188720703
3994,2020-03-05 03:00:00,88.0899,30.779259999999994,236.24982452392578
3995,2020-03-05 04:00:00,88.09005,30.787120000000016,236.29364013671875
3996,2020-03-05 05:00:00,88.09032,30.79352,236.34384155273438
3997,2020-03-05 06:00:00,88.09064,30.80215000000001,236.366943359375
3998,2020-03-05 07:00:00,88.09098,30.808359999999993,236.364990234375
3999,2020-03-05 08:00:00,88.09135,30.813639999999992,236.34808349609375
4000,2020-03-05 09:00:00,88.09179,30.816010000000006,236.35006713867188
4001,2020-03-05 10:00:00,88.09222,30.81801999999999,236.39266204833984
4002,2020-03-05 11:00:00,88.09279,30.820490000000007,236.46930694580078
4003,2020-03-05 12:00:00,88.09318,30.81783999999999,236.5235824584961
4004,2020-03-05 13:00:00,88.09364,30.81407999999999,236.52649688720703
4005,2020-03-05 14:00:00,88.09416,30.80626000000001,236.47789764404297
4006,2020-03-05 15:00:00,88.09468,30.795799999999986,236.4113540649414
4007,2020-03-05 16:00:00,88.09508,30.78179,236.35858154296875
4008,2020-03-05 17:00:00,88.09559,30.767959999999988,236.34146118164062
4009,2020-03-05 18:00:00,88.09604,30.754770000000008,236.3432159423828
4010,2020-03-05 19:00:00,88.09683,30.736819999999994,236.36063385009766
4011,2020-03-05 20:00:00,88.0975,30.71431000000001,236.34920501708984
4012,2020-03-05 21:00:00,88.09818,30.690249999999992,236.30743408203125
4013,2020-03-05 22:00:00,88.09881,30.65768,236.27389526367188
4014,2020-03-05 23:00:00,88.09952,30.621970000000005,236.2802734375
4015,2020-03-06 00:00:00,88.09982,30.587559999999996,236.3506622314453
4016,2020-03-06 01:00:00,88.10019,30.53845000000001,236.48898315429688
4017,2020-03-06 02:00:00,88.10045,30.48069000000001,236.6744384765625
4018,2020-03-06 03:00:00,88.10063,30.427700000000016,236.87792205810547
4019,2020-03-06 04:00:00,88.10091,30.361230000000006,237.08109283447266
4020,2020-03-06 05:00:00,88.10076,30.29952,237.2951431274414
4021,2020-03-06 06:00:00,88.10077,30.217780000000005,237.554443359375
4022,2020-03-06 07:00:00,88.1008,30.114210000000014,237.82049560546875
4023,2020-03-06 08:00:00,88.10084,30.00424000000001,238.0645751953125
4024,2020-03-06 09:00:00,88.10078,29.89837,238.3502197265625
4025,2020-03-06 10:00:00,88.10108,29.770669999999996,238.61383819580078
4026,2020-03-06 11:00:00,88.101,29.651099999999985,238.85543823242188
4027,2020-03-06 12:00:00,88.10081,29.52059,239.00353240966797
4028,2020-03-06 13:00:00,88.1002,29.403430000000014,239.11317443847656
4029,2020-03-06 14:00:00,88.09937,29.29310000000001,239.28164672851562
4030,2020-03-06 15:00:00,88.09849,29.16651999999999,239.4094009399414
4031,2020-03-06 16:00:00,88.09768,29.02519000000001,239.57134246826172
4032,2020-03-06 17:00:00,88.09667,28.893720000000002,239.69419860839844
4033,2020-03-06 18:00:00,88.09557,28.764780000000002,239.82461547851562
4034,2020-03-06 19:00:00,88.09453,28.63736,239.8257827758789
4035,2020-03-06 20:00:00,88.09336,28.51597000000001,239.79657745361328
4036,2020-03-06 21:00:00,88.09215,28.394859999999994,239.77928161621094
4037,2020-03-06 22:00:00,88.09071,28.279719999999998,239.7319793701172
4038,2020-03-06 23:00:00,88.08912,28.168540000000007,239.63709259033203
4039,2020-03-07 00:00:00,88.08754,28.05426,240.0909881591797
4040,2020-03-07 01:00:00,88.08596,27.935810000000004,240.13128662109375
4041,2020-03-07 02:00:00,88.08443,27.81980999999999,240.1066131591797
4042,2020-03-07 03:00:00,88.08284,27.7038,240.08790588378906
4043,2020-03-07 04:00:00,88.08126,27.585589999999996,240.00262451171875
4044,2020-03-07 05:00:00,88.07971,27.465990000000005,239.96728515625
4045,2020-03-07 06:00:00,88.07816,27.349770000000007,239.87783813476562
4046,2020-03-07 07:00:00,88.07651,27.238409999999988,239.7718048095703
4047,2020-03-07 08:00:00,88.07481,27.131110000000007,239.67070770263672
4048,2020-03-07 09:00:00,88.07307,27.03021000000001,239.5765609741211
4049,2020-03-07 10:00:00,88.07116,26.93634,239.4754409790039
4050,2020-03-07 11:00:00,88.06919,26.843739999999997,239.36477661132812
4051,2020-03-07 12:00:00,88.06715,26.751949999999994,239.27003479003906
4052,2020-03-07 13:00:00,88.06512,26.661580000000015,239.17346954345703
4053,2020-03-07 14:00:00,88.06318,26.571699999999993,239.07064056396484
4054,2020-03-07 15:00:00,88.06137,26.482130000000012,239.01014709472656
4055,2020-03-07 16:00:00,88.05953,26.395489999999995,238.9622039794922
4056,2020-03-07 17:00:00,88.05767,26.30726999999999,238.91776275634766
4057,2020-03-07 18:00:00,88.05581,26.222739999999988,238.8983383178711
4058,2020-03-07 19:00:00,88.05389,26.142110000000002,238.9177474975586
4059,2020-03-07 20:00:00,88.05188,26.064609999999988,238.9575424194336
4060,2020-03-07 21:00:00,88.04977,25.98921999999999,239.01424407958984
4061,2020-03-07 22:00:00,88.0476,25.915250000000015,239.10980987548828
4062,2020-03-07 23:00:00,88.0454,25.84147999999999,239.16999053955078
4063,2020-03-08 00:00:00,88.04318,25.76822999999999,239.21682739257812
4064,2020-03-08 01:00:00,88.04099,25.69595000000001,239.25528717041016
4065,2020-03-08 02:00:00,88.0388,25.625550000000004,239.28504180908203
4066,2020-03-08 03:00:00,88.03652,25.55619999999999,239.30953216552734
4067,2020-03-08 04:00:00,88.0342,25.486699999999985,239.2279510498047
4068,2020-03-08 05:00:00,88.03181,25.42025000000001,239.13783264160156
4069,2020-03-08 06:00:00,88.02936,25.355850000000004,239.03609466552734
4070,2020-03-08 07:00:00,88.02692,25.29307,238.901123046875
4071,2020-03-08 08:00:00,88.02437,25.235720000000015,238.70812225341797
4072,2020-03-08 09:00:00,88.02177,25.181070000000005,238.5051040649414
4073,2020-03-08 10:00:00,88.01899,25.127049999999997,238.35538482666016
4074,2020-03-08 11:00:00,88.01618,25.075700000000012,238.23847198486328
4075,2020-03-08 12:00:00,88.01333,25.024959999999993,238.1051483154297
4076,2020-03-08 13:00:00,88.01034,24.976079999999996,237.966796875
4077,2020-03-08 14:00:00,88.00718,24.928079999999994,237.86853790283203
4078,2020-03-08 15:00:00,88.00384,24.88078999999999,237.80567169189453
4079,2020-03-08 16:00:00,88.00021,24.832300000000004,237.72696685791016
4080,2020-03-08 17:00:00,87.9965,24.780020000000007,237.62637329101562
4081,2020-03-08 18:00:00,87.9926,24.728729999999985,237.5521011352539
4082,2020-03-08 19:00:00,87.98858,24.675960000000003,237.54100799560547
4083,2020-03-08 20:00:00,87.98415,24.62387000000001,237.5846710205078
4084,2020-03-08 21:00:00,87.97937,24.570780000000013,237.6484832763672
4085,2020-03-08 22:00:00,87.97443,24.517449999999997,237.69676971435547
4086,2020-03-08 23:00:00,87.96917,24.46790999999999,237.7550277709961
4087,2020-03-09 00:00:00,87.96356,24.41888,237.84366607666016
4088,2020-03-09 01:00:00,87.95777,24.36894000000001,237.9126968383789
4089,2020-03-09 02:00:00,87.95187,24.3193,237.98812103271484
4090,2020-03-09 03:00:00,87.94586,24.272230000000008,238.02495574951172
4091,2020-03-09 04:00:00,87.93983,24.229899999999986,238.05990600585938
4092,2020-03-09 05:00:00,87.93378,24.19066000000001,238.07942962646484
4093,2020-03-09 06:00:00,87.92765,24.154470000000003,238.09461975097656
4094,2020-03-09 07:00:00,87.92147,24.121049999999997,238.11011505126953
4095,2020-03-09 08:00:00,87.91509,24.090859999999992,238.1161880493164
4096,2020-03-09 09:00:00,87.90863,24.062990000000013,238.10943603515625
4097,2020-03-09 10:00:00,87.90214,24.04006000000001,238.07465362548828
4098,2020-03-09 11:00:00,87.89545,24.024630000000002,237.9988784790039
4099,2020-03-09 12:00:00,87.88885,24.01230000000001,237.91139221191406
4100,2020-03-09 13:00:00,87.88225,24.003680000000003,237.8141326904297
4101,2020-03-09 14:00:00,87.87577,24.00032999999999,237.75079345703125
4102,2020-03-09 15:00:00,87.86945,23.999570000000006,237.67864227294922
4103,2020-03-09 16:00:00,87.86325,24.00322,237.64822387695312
4104,2020-03-09 17:00:00,87.85709,24.009979999999985,237.63506317138672
4105,2020-03-09 18:00:00,87.85097,24.019749999999988,237.63275146484375
4106,2020-03-09 19:00:00,87.84489,24.03197,237.64114379882812
4107,2020-03-09 20:00:00,87.83873,24.04786999999999,237.6744155883789
4108,2020-03-09 21:00:00,87.83245,24.067980000000006,237.7466278076172
4109,2020-03-09 22:00:00,87.826,24.093250000000012,237.8149871826172
4110,2020-03-09 23:00:00,87.81946,24.12270000000001,237.9396514892578
4111,2020-03-10 00:00:00,87.81292,24.15433999999999,238.12217712402344
4112,2020-03-10 01:00:00,87.8066,24.192059999999998,238.29705047607422
4113,2020-03-10 02:00:00,87.8003,24.231259999999992,238.4994888305664
4114,2020-03-10 03:00:00,87.79419,24.275409999999994,238.7497329711914
4115,2020-03-10 04:00:00,87.78819,24.321879999999993,239.0068588256836
4116,2020-03-10 05:00:00,87.78225,24.36762999999999,239.30946350097656
4117,2020-03-10 06:00:00,87.77631,24.411940000000016,239.60696411132812
4118,2020-03-10 07:00:00,87.77032,24.455579999999998,239.91720581054688
4119,2020-03-10 08:00:00,87.76432,24.49861999999999,240.19639587402344
4120,2020-03-10 09:00:00,87.75818,24.542730000000006,240.5062026977539
4121,2020-03-10 10:00:00,87.75195,24.587639999999993,240.84525299072266
4122,2020-03-10 11:00:00,87.7456,24.63407000000001,241.2772674560547
4123,2020-03-10 12:00:00,87.73939,24.676600000000008,241.61553192138672
4124,2020-03-10 13:00:00,87.73339,24.72120000000001,241.8066177368164
4125,2020-03-10 14:00:00,87.72764,24.769869999999997,241.82923889160156
4126,2020-03-10 15:00:00,87.72223,24.821560000000005,241.93800354003906
4127,2020-03-10 16:00:00,87.71726,24.87021999999999,242.10494995117188
4128,2020-03-10 17:00:00,87.7126,24.916879999999992,242.2894058227539
4129,2020-03-10 18:00:00,87.70825,24.95770999999999,242.48712921142578
4130,2020-03-10 19:00:00,87.70427,24.997299999999996,242.64177703857422
4131,2020-03-10 20:00:00,87.70054,25.031509999999997,242.70674896240234
4132,2020-03-10 21:00:00,87.69698,25.05914999999999,242.7039337158203
4133,2020-03-10 22:00:00,87.69362,25.07915,242.44857025146484
4134,2020-03-10 23:00:00,87.69032,25.08748,242.16463470458984
4135,2020-03-11 00:00:00,87.68726,25.08775,241.83218383789062
4136,2020-03-11 01:00:00,87.68456,25.07516000000001,241.38700103759766
4137,2020-03-11 02:00:00,87.68251,25.04624000000001,240.99801635742188
4138,2020-03-11 03:00:00,87.68097,25.00501,240.6702880859375
4139,2020-03-11 04:00:00,87.67973,24.956150000000008,240.42613220214844
4140,2020-03-11 05:00:00,87.67867,24.901870000000002,240.19888305664062
4141,2020-03-11 06:00:00,87.67777,24.842739999999992,240.0189971923828
4142,2020-03-11 07:00:00,87.67684,24.77713,239.87775421142578
4143,2020-03-11 08:00:00,87.67572,24.704309999999992,239.8160858154297
4144,2020-03-11 09:00:00,87.67412,24.623729999999995,239.8875961303711
4145,2020-03-11 10:00:00,87.67224,24.540310000000005,240.30030059814453
4146,2020-03-11 11:00:00,87.6698,24.452910000000003,241.16539764404297
4147,2020-03-11 12:00:00,87.66688,24.362650000000002,242.09718322753906
4148,2020-03-11 13:00:00,87.66334,24.267869999999988,242.88790893554688
4149,2020-03-11 14:00:00,87.65943,24.17009999999999,243.4074249267578
4150,2020-03-11 15:00:00,87.65572,24.074630000000013,243.8796615600586
4151,2020-03-11 16:00:00,87.65186,23.974789999999985,244.2994613647461
4152,2020-03-11 17:00:00,87.648,23.87673000000001,244.65624237060547
4153,2020-03-11 18:00:00,87.64393,23.77704,244.99016571044922
4154,2020-03-11 19:00:00,87.63961,23.671459999999996,245.30744171142578
4155,2020-03-11 20:00:00,87.63535,23.562240000000003,245.49295806884766
4156,2020-03-11 21:00:00,87.63054,23.44595000000001,245.73053741455078
4157,2020-03-11 22:00:00,87.62483,23.320300000000003,245.8254623413086
4158,2020-03-11 23:00:00,87.61868,23.18852000000001,245.87660217285156
4159,2020-03-12 00:00:00,87.61225,23.04267999999999,245.5092010498047
4160,2020-03-12 01:00:00,87.60556,22.892120000000006,245.7599334716797
4161,2020-03-12 02:00:00,87.59893,22.746469999999988,246.07798767089844
4162,2020-03-12 03:00:00,87.59242,22.60668000000001,246.33988189697266
4163,2020-03-12 04:00:00,87.58594,22.473240000000004,246.31024169921875
4164,2020-03-12 05:00:00,87.57937,22.345920000000007,246.07442474365234
4165,2020-03-12 06:00:00,87.5725,22.22218000000001,245.7356185913086
4166,2020-03-12 07:00:00,87.56536,22.099799999999988,245.5840835571289
4167,2020-03-12 08:00:00,87.55787,21.974760000000003,245.43060302734375
4168,2020-03-12 09:00:00,87.55006,21.847289999999987,245.39885711669922
4169,2020-03-12 10:00:00,87.54203,21.715129999999988,245.5444107055664
4170,2020-03-12 11:00:00,87.53392,21.578660000000013,245.64981842041016
4171,2020-03-12 12:00:00,87.52584,21.439760000000007,245.8047866821289
4172,2020-03-12 13:00:00,87.51777,21.30207999999999,245.9228973388672
4173,2020-03-12 14:00:00,87.50979,21.163099999999986,246.05421447753906
4174,2020-03-12 15:00:00,87.50183,21.029150000000016,246.06751251220703
4175,2020-03-12 16:00:00,87.49397,20.904259999999994,246.0657730102539
4176,2020-03-12 17:00:00,87.48607,20.78712999999999,246.0259780883789
4177,2020-03-12 18:00:00,87.47818,20.676150000000007,246.0060272216797
4178,2020-03-12 19:00:00,87.47017,20.568960000000004,246.00607299804688
4179,2020-03-12 20:00:00,87.46192,20.46051,245.98712921142578
4180,2020-03-12 21:00:00,87.4535,20.350329999999985,245.9125518798828
4181,2020-03-12 22:00:00,87.44469,20.23872,245.68641662597656
4182,2020-03-12 23:00:00,87.43546,20.1284,245.57042694091797
4183,2020-03-13 00:00:00,87.42581,20.02041,245.47824096679688
4184,2020-03-13 01:00:00,87.4158,19.91377,245.3976821899414
4185,2020-03-13 02:00:00,87.40547,19.803539999999998,245.35372924804688
4186,2020-03-13 03:00:00,87.39484,19.68938,245.3485565185547
4187,2020-03-13 04:00:00,87.38453,19.581169999999986,245.3613052368164
4188,2020-03-13 05:00:00,87.37441,19.484679999999997,245.4287872314453
4189,2020-03-13 06:00:00,87.36449,19.39416,245.5432891845703
4190,2020-03-13 07:00:00,87.35485,19.31092000000001,245.67750549316406
4191,2020-03-13 08:00:00,87.34513,19.22630000000001,245.7527618408203
4192,2020-03-13 09:00:00,87.33542,19.139530000000008,245.74858856201172
4193,2020-03-13 10:00:00,87.32579,19.049800000000005,245.51455688476562
4194,2020-03-13 11:00:00,87.31607,18.952079999999995,244.94718170166016
4195,2020-03-13 12:00:00,87.30631,18.85024999999999,244.30967712402344
4196,2020-03-13 13:00:00,87.29638,18.750069999999994,243.76290130615234
4197,2020-03-13 14:00:00,87.286,18.65127000000001,243.6241912841797
4198,2020-03-13 15:00:00,87.27558,18.556749999999994,243.71025848388672
4199,2020-03-13 16:00:00,87.26519,18.46589,243.86212158203125
4200,2020-03-13 17:00:00,87.25475,18.380020000000002,244.01683807373047
4201,2020-03-13 18:00:00,87.2444,18.302220000000005,244.12164306640625
4202,2020-03-13 19:00:00,87.23438,18.22712999999999,244.2303924560547
4203,2020-03-13 20:00:00,87.22485,18.150710000000004,244.400146484375
4204,2020-03-13 21:00:00,87.21578,18.07462000000001,244.54064178466797
4205,2020-03-13 22:00:00,87.20697,17.997180000000014,244.72261810302734
4206,2020-03-13 23:00:00,87.1982,17.914860000000004,244.88829803466797
4207,2020-03-14 00:00:00,87.1898,17.834659999999985,245.094970703125
4208,2020-03-14 01:00:00,87.18185,17.760590000000008,245.33252716064453
4209,2020-03-14 02:00:00,87.17431,17.693690000000004,245.51605987548828
4210,2020-03-14 03:00:00,87.16698,17.63069999999999,245.59510803222656
4211,2020-03-14 04:00:00,87.16092,17.572069999999997,245.60269927978516
4212,2020-03-14 05:00:00,87.15553,17.51921999999999,245.64459228515625
4213,2020-03-14 06:00:00,87.15101,17.468829999999997,245.6583023071289
4214,2020-03-14 07:00:00,87.14755,17.41834,245.44274139404297
4215,2020-03-14 08:00:00,87.14499,17.365189999999984,245.08866119384766
4216,2020-03-14 09:00:00,87.1425,17.313299999999998,244.5150604248047
4217,2020-03-14 10:00:00,87.13979,17.267290000000003,244.05786895751953
4218,2020-03-14 11:00:00,87.13689,17.22072,243.68482208251953
4219,2020-03-14 12:00:00,87.13391,17.168389999999988,243.5407943725586
4220,2020-03-14 13:00:00,87.13103,17.11787000000001,243.57964324951172
4221,2020-03-14 14:00:00,87.12844,17.072329999999994,243.69833374023438
4222,2020-03-14 15:00:00,87.12609,17.03363999999999,243.96944427490234
4223,2020-03-14 16:00:00,87.12397,16.997360000000015,244.20183563232422
4224,2020-03-14 17:00:00,87.12195,16.96051,244.444091796875
4225,2020-03-14 18:00:00,87.12014,16.91891000000001,244.49008178710938
4226,2020-03-14 19:00:00,87.11862,16.870260000000002,244.4458236694336
4227,2020-03-14 20:00:00,87.11714,16.81729999999999,244.2166290283203
4228,2020-03-14 21:00:00,87.11578,16.767320000000012,243.98995971679688
4229,2020-03-14 22:00:00,87.11431,16.715370000000007,243.86865234375
4230,2020-03-14 23:00:00,87.11279,16.65692999999999,243.82552337646484
4231,2020-03-15 00:00:00,87.11123,16.594210000000004,241.44863891601562
4232,2020-03-15 01:00:00,87.10935,16.52662000000001,241.53040313720703
4233,2020-03-15 02:00:00,87.1072,16.45616000000001,241.76221466064453
4234,2020-03-15 03:00:00,87.10497,16.38614000000001,242.33055877685547
4235,2020-03-15 04:00:00,87.10234,16.316750000000013,242.83928680419922
4236,2020-03-15 05:00:00,87.09948,16.250959999999992,243.4488296508789
4237,2020-03-15 06:00:00,87.09631,16.181730000000016,244.21949768066406
4238,2020-03-15 07:00:00,87.09236,16.086160000000007,245.85260772705078
4239,2020-03-15 08:00:00,87.08733,15.944439999999986,248.01961517333984
4240,2020-03-15 09:00:00,87.08201,15.785770000000014,249.48056030273438
4241,2020-03-15 10:00:00,87.07658,15.61882,250.0061492919922
4242,2020-03-15 11:00:00,87.07109,15.442409999999995,250.09579467773438
4243,2020-03-15 12:00:00,87.06543,15.258479999999992,250.0459442138672
4244,2020-03-15 13:00:00,87.05955,15.073610000000002,249.9173126220703
4245,2020-03-15 14:00:00,87.05372,14.885789999999986,249.7469024658203
4246,2020-03-15 15:00:00,87.04788,14.703869999999995,249.5263671875
4247,2020-03-15 16:00:00,87.04202,14.538090000000011,249.28134155273438
4248,2020-03-15 17:00:00,87.03582,14.391940000000005,248.995849609375
4249,2020-03-15 18:00:00,87.02918,14.272140000000007,248.70699310302734
4250,2020-03-15 19:00:00,87.02188,14.163970000000006,248.36469268798828
4251,2020-03-15 20:00:00,87.01412,14.056010000000015,247.94664001464844
4252,2020-03-15 21:00:00,87.00595,13.946339999999992,247.56896209716797
4253,2020-03-15 22:00:00,86.99787,13.829170000000005,247.2626190185547
4254,2020-03-15 23:00:00,86.98971,13.704419999999999,247.02574920654297
4255,2020-03-16 00:00:00,86.98177,13.584059999999994,246.8287582397461
4256,2020-03-16 01:00:00,86.97409,13.473209999999995,246.73506927490234
4257,2020-03-16 02:00:00,86.96674,13.371139999999997,246.70864868164062
4258,2020-03-16 03:00:00,86.95972,13.284609999999986,246.69974517822266
4259,2020-03-16 04:00:00,86.95297,13.206029999999998,246.70609283447266
4260,2020-03-16 05:00:00,86.946,13.147459999999995,246.72789001464844
4261,2020-03-16 06:00:00,86.93885,13.102260000000001,246.7779312133789
4262,2020-03-16 07:00:00,86.93159,13.061199999999985,246.82948303222656
4263,2020-03-16 08:00:00,86.92422,13.020550000000014,246.8788299560547
4264,2020-03-16 09:00:00,86.91675,12.978839999999991,246.92510986328125
4265,2020-03-16 10:00:00,86.90933,12.935129999999987,246.94346618652344
4266,2020-03-16 11:00:00,86.90208,12.889119999999991,246.95166015625
4267,2020-03-16 12:00:00,86.89523,12.842399999999998,246.94158935546875
4268,2020-03-16 13:00:00,86.88869,12.794330000000002,246.89219665527344
4269,2020-03-16 14:00:00,86.88267,12.75182000000001,246.83319091796875
4270,2020-03-16 15:00:00,86.8765,12.715699999999998,246.7988052368164
4271,2020-03-16 16:00:00,86.87056,12.686859999999996,246.7769317626953
4272,2020-03-16 17:00:00,86.86485,12.66606999999999,246.7724609375
4273,2020-03-16 18:00:00,86.85927,12.653120000000001,246.73685455322266
4274,2020-03-16 19:00:00,86.85379,12.64264,246.70033264160156
4275,2020-03-16 20:00:00,86.84839,12.63302999999999,246.69393157958984
4276,2020-03-16 21:00:00,86.84315,12.620170000000002,246.67938995361328
4277,2020-03-16 22:00:00,86.83799,12.601969999999994,246.62155151367188
4278,2020-03-16 23:00:00,86.83289,12.57956999999999,246.5783920288086
4279,2020-03-17 00:00:00,86.8279,12.552359999999993,246.49979400634766
4280,2020-03-17 01:00:00,86.82306,12.521719999999988,246.30591583251953
4281,2020-03-17 02:00:00,86.81853,12.490710000000007,246.03238677978516
4282,2020-03-17 03:00:00,86.81444,12.462619999999987,245.76145935058594
4283,2020-03-17 04:00:00,86.81067,12.439420000000013,245.49098205566406
4284,2020-03-17 05:00:00,86.80701,12.420909999999992,245.23670959472656
4285,2020-03-17 06:00:00,86.80343,12.407049999999998,245.00008392333984
4286,2020-03-17 07:00:00,86.79979,12.396620000000013,244.7765655517578
4287,2020-03-17 08:00:00,86.79599,12.385780000000011,244.55540466308594
4288,2020-03-17 09:00:00,86.79213,12.372950000000003,244.36026000976562
4289,2020-03-17 10:00:00,86.78822,12.357319999999987,244.17332458496094
4290,2020-03-17 11:00:00,86.78427,12.336990000000014,243.98472595214844
4291,2020-03-17 12:00:00,86.7803,12.31205,243.82689666748047
4292,2020-03-17 13:00:00,86.77641,12.28524999999999,243.69174194335938
4293,2020-03-17 14:00:00,86.77274,12.258160000000004,243.56500244140625
4294,2020-03-17 15:00:00,86.76938,12.235379999999992,243.44703674316406
4295,2020-03-17 16:00:00,86.76623,12.2192,243.3728790283203
4296,2020-03-17 17:00:00,86.7631,12.208130000000011,243.33512115478516
4297,2020-03-17 18:00:00,86.75976,12.200320000000005,243.3983154296875
4298,2020-03-17 19:00:00,86.75614,12.195400000000006,243.42364501953125
4299,2020-03-17 20:00:00,86.75222,12.190850000000012,243.49996185302734
4300,2020-03-17 21:00:00,86.74823,12.184750000000008,243.54326629638672
4301,2020-03-17 22:00:00,86.74419,12.176590000000004,243.56824493408203
4302,2020-03-17 23:00:00,86.74017,12.165590000000009,243.56249237060547
4303,2020-03-18 00:00:00,86.73615,12.153739999999999,243.30707550048828
4304,2020-03-18 01:00:00,86.7322,12.142410000000012,243.17891693115234
4305,2020-03-18 02:00:00,86.72834,12.129940000000005,243.00199127197266
4306,2020-03-18 03:00:00,86.72469,12.11963,242.92112731933594
4307,2020-03-18 04:00:00,86.72108,12.113529999999997,242.84880828857422
4308,2020-03-18 05:00:00,86.71745,12.112020000000001,242.86185455322266
4309,2020-03-18 06:00:00,86.71374,12.11314999999999,242.81352996826172
4310,2020-03-18 07:00:00,86.70986,12.117860000000007,242.77178192138672
4311,2020-03-18 08:00:00,86.70577,12.12424999999999,242.7177276611328
4312,2020-03-18 09:00:00,86.70167,12.130449999999996,242.63633728027344
4313,2020-03-18 10:00:00,86.69755,12.135179999999991,242.60077667236328
4314,2020-03-18 11:00:00,86.69351,12.137220000000013,242.57080841064453
4315,2020-03-18 12:00:00,86.68959,12.135619999999989,242.51871490478516
4316,2020-03-18 13:00:00,86.68574,12.131740000000008,242.6003189086914
4317,2020-03-18 14:00:00,86.68197,12.127960000000002,242.79319763183594
4318,2020-03-18 15:00:00,86.67829,12.124650000000003,242.93402862548828
4319,2020-03-18 16:00:00,86.67463,12.120499999999993,243.2930908203125
4320,2020-03-18 17:00:00,86.67073,12.122129999999999,243.81585693359375
4321,2020-03-18 18:00:00,86.66654,12.130210000000005,244.30692291259766
4322,2020-03-18 19:00:00,86.66169,12.148660000000007,244.63836669921875
4323,2020-03-18 20:00:00,86.65628,12.177729999999997,244.6311492919922
4324,2020-03-18 21:00:00,86.65063,12.213609999999989,244.57342529296875
4325,2020-03-18 22:00:00,86.64474,12.253539999999987,245.14545440673828
4326,2020-03-18 23:00:00,86.63872,12.296279999999996,245.67203521728516
4327,2020-03-19 00:00:00,86.63264,12.346329999999995,246.09800720214844
4328,2020-03-19 01:00:00,86.62632,12.412489999999991,246.42324829101562
4329,2020-03-19 02:00:00,86.61963,12.488550000000004,246.72069549560547
4330,2020-03-19 03:00:00,86.61268,12.57566,247.07799530029297
4331,2020-03-19 04:00:00,86.60559,12.66615999999999,247.40459442138672
4332,2020-03-19 05:00:00,86.59769,12.760199999999998,247.65774536132812
4333,2020-03-19 06:00:00,86.58957,12.851740000000007,247.91200256347656
4334,2020-03-19 07:00:00,86.58129,12.938970000000012,248.24555206298828
4335,2020-03-19 08:00:00,86.57287,13.021019999999993,248.61351776123047
4336,2020-03-19 09:00:00,86.56431,13.098770000000002,249.0086669921875
4337,2020-03-19 10:00:00,86.55585,13.17170999999999,249.30330657958984
4338,2020-03-19 11:00:00,86.54734,13.242739999999998,249.43675231933594
4339,2020-03-19 12:00:00,86.53866,13.31232,249.4409942626953
4340,2020-03-19 13:00:00,86.52969,13.384299999999996,249.429443359375
4341,2020-03-19 14:00:00,86.5205,13.461610000000007,249.3902587890625
4342,2020-03-19 15:00:00,86.51117,13.54500999999999,249.34932708740234
4343,2020-03-19 16:00:00,86.50162,13.631609999999995,249.32752227783203
4344,2020-03-19 17:00:00,86.49195,13.71987999999999,249.30237579345703
4345,2020-03-19 18:00:00,86.4821,13.808230000000009,249.25811767578125
4346,2020-03-19 19:00:00,86.47212,13.893540000000002,249.126220703125
4347,2020-03-19 20:00:00,86.46212,13.975689999999986,248.97772979736328
4348,2020-03-19 21:00:00,86.4524,14.057289999999995,248.8866195678711
4349,2020-03-19 22:00:00,86.44291,14.13667000000001,248.85919952392578
4350,2020-03-19 23:00:00,86.43367,14.210180000000008,248.99949645996094
4351,2020-03-20 00:00:00,86.42465,14.278109999999998,249.2514419555664
4352,2020-03-20 01:00:00,86.41587,14.344400000000007,249.5525360107422
4353,2020-03-20 02:00:00,86.40735,14.409780000000012,249.86986541748047
4354,2020-03-20 03:00:00,86.39899,14.47238999999999,250.06645965576172
4355,2020-03-20 04:00:00,86.39061,14.5308,250.23174285888672
4356,2020-03-20 05:00:00,86.38206,14.582740000000001,250.24781799316406
4357,2020-03-20 06:00:00,86.37359,14.628410000000002,249.97852325439453
4358,2020-03-20 07:00:00,86.36539,14.670469999999995,249.4352569580078
4359,2020-03-20 08:00:00,86.35751,14.707979999999992,248.7591094970703
4360,2020-03-20 09:00:00,86.34992,14.73827,248.14727020263672
4361,2020-03-20 10:00:00,86.34264,14.762889999999999,247.7063980102539
4362,2020-03-20 11:00:00,86.33583,14.780339999999995,247.4000015258789
4363,2020-03-20 12:00:00,86.32966,14.791730000000001,247.1639175415039
4364,2020-03-20 13:00:00,86.32429,14.799869999999999,246.94915771484375
4365,2020-03-20 14:00:00,86.31944,14.80789999999999,246.74407196044922
4366,2020-03-20 15:00:00,86.31488,14.81674000000001,246.53411865234375
4367,2020-03-20 16:00:00,86.31066,14.825029999999998,246.33267974853516
4368,2020-03-20 17:00:00,86.3064,14.836839999999995,246.12865447998047
4369,2020-03-20 18:00:00,86.30203,14.852550000000008,245.92414093017578
4370,2020-03-20 19:00:00,86.29771,14.871640000000014,245.7428436279297
4371,2020-03-20 20:00:00,86.29338,14.893370000000004,245.58277893066406
4372,2020-03-20 21:00:00,86.28916,14.915320000000008,245.44223022460938
4373,2020-03-20 22:00:00,86.28541,14.949849999999998,245.32479858398438
4374,2020-03-20 23:00:00,86.28175,14.973839999999996,245.24192810058594
4375,2020-03-21 00:00:00,86.27881,14.995900000000006,245.20003509521484
4376,2020-03-21 01:00:00,86.27641,15.017950000000013,245.1520233154297
4377,2020-03-21 02:00:00,86.27451,15.037779999999998,245.11360931396484
4378,2020-03-21 03:00:00,86.27283,15.055790000000002,245.11278533935547
4379,2020-03-21 04:00:00,86.27103,15.07489000000001,245.14623260498047
4380,2020-03-21 05:00:00,86.26924,15.09738999999999,245.14573669433594
4381,2020-03-21 06:00:00,86.26729,15.119789999999995,245.1102066040039
4382,2020-03-21 07:00:00,86.26518,15.141340000000014,245.10704040527344
4383,2020-03-21 08:00:00,86.26297,15.161159999999995,245.1529312133789
4384,2020-03-21 09:00:00,86.26114,15.185810000000004,245.23575592041016
4385,2020-03-21 10:00:00,86.25952,15.210250000000002,245.33428192138672
4386,2020-03-21 11:00:00,86.25795,15.232049999999987,245.49608612060547
4387,2020-03-21 12:00:00,86.25653,15.253150000000005,245.68727111816406
4388,2020-03-21 13:00:00,86.25534,15.27709999999999,246.0163116455078
4389,2020-03-21 14:00:00,86.25427,15.30279999999999,246.4399871826172
4390,2020-03-21 15:00:00,86.25308,15.330420000000004,246.90373992919922
4391,2020-03-21 16:00:00,86.25167,15.357889999999998,247.21613311767578
4392,2020-03-21 17:00:00,86.25001,15.384680000000003,247.63446807861328
4393,2020-03-21 18:00:00,86.24823,15.410059999999987,248.09783172607422
4394,2020-03-21 19:00:00,86.24638,15.434850000000012,248.3840789794922
4395,2020-03-21 20:00:00,86.24455,15.458390000000009,248.52944946289062
4396,2020-03-21 21:00:00,86.2428,15.480619999999988,248.60961151123047
4397,2020-03-21 22:00:00,86.24114,15.503039999999999,248.2215118408203
4398,2020-03-21 23:00:00,86.23962,15.524879999999996,248.3725814819336
4399,2020-03-22 00:00:00,86.23823,15.545770000000005,248.39524841308594
4400,2020-03-22 01:00:00,86.23691,15.565570000000008,248.40181732177734
4401,2020-03-22 02:00:00,86.23566,15.584980000000002,248.46307373046875
4402,2020-03-22 03:00:00,86.23451,15.604070000000007,248.52565002441406
4403,2020-03-22 04:00:00,86.23348,15.62333000000001,248.55022430419922
4404,2020-03-22 05:00:00,86.23256,15.64282,248.50204467773438
4405,2020-03-22 06:00:00,86.23154,15.658230000000003,248.3925552368164
4406,2020-03-22 07:00:00,86.23052,15.671729999999997,248.24493408203125
4407,2020-03-22 08:00:00,86.22958,15.683390000000003,248.11666107177734
4408,2020-03-22 09:00:00,86.22873,15.693489999999997,248.04925537109375
4409,2020-03-22 10:00:00,86.22804,15.70344,248.02497100830078
4410,2020-03-22 11:00:00,86.22747,15.71332000000001,247.92184448242188
4411,2020-03-22 12:00:00,86.227,15.723369999999989,247.78778076171875
4412,2020-03-22 13:00:00,86.22661,15.734579999999994,247.57298278808594
4413,2020-03-22 14:00:00,86.22628,15.747340000000008,247.2672576904297
4414,2020-03-22 15:00:00,86.22597,15.760539999999992,247.00509643554688
4415,2020-03-22 16:00:00,86.22566,15.775990000000007,246.72354888916016
4416,2020-03-22 17:00:00,86.22527,15.79167000000001,246.48419189453125
4417,2020-03-22 18:00:00,86.22492,15.803329999999988,246.31402587890625
4418,2020-03-22 19:00:00,86.22448,15.813080000000014,246.18748474121094
4419,2020-03-22 20:00:00,86.22387,15.820490000000007,246.17321014404297
4420,2020-03-22 21:00:00,86.2232,15.826099999999997,246.0207061767578
4421,2020-03-22 22:00:00,86.22245,15.82811000000001,245.91466522216797
4422,2020-03-22 23:00:00,86.22151,15.830129999999997,245.9132308959961
4423,2020-03-23 00:00:00,86.22061,15.831420000000008,246.01095581054688
4424,2020-03-23 01:00:00,86.2198,15.830330000000004,246.21581268310547
4425,2020-03-23 02:00:00,86.21906,15.82811000000001,246.2520751953125
4426,2020-03-23 03:00:00,86.21832,15.826519999999988,246.33856201171875
4427,2020-03-23 04:00:00,86.21755,15.826120000000003,246.34864807128906
4428,2020-03-23 05:00:00,86.21662,15.82408000000001,246.35655212402344
4429,2020-03-23 06:00:00,86.21595,15.817000000000007,246.22797393798828
4430,2020-03-23 07:00:00,86.21514,15.81774999999999,246.1604766845703
4431,2020-03-23 08:00:00,86.21426,15.815709999999996,246.2136993408203
4432,2020-03-23 09:00:00,86.21342,15.812600000000003,246.2986602783203
4433,2020-03-23 10:00:00,86.21259,15.81271000000001,246.17526245117188
4434,2020-03-23 11:00:00,86.21178,15.812260000000009,246.0664825439453
4435,2020-03-23 12:00:00,86.21111,15.80968999999999,246.03304290771484
4436,2020-03-23 13:00:00,86.21051,15.808339999999987,246.02879333496094
4437,2020-03-23 14:00:00,86.21,15.807469999999995,246.02723693847656
4438,2020-03-23 15:00:00,86.20953,15.80417,245.97386932373047
4439,2020-03-23 16:00:00,86.20904,15.801119999999997,245.798583984375
4440,2020-03-23 17:00:00,86.2085,15.798169999999999,245.61474609375
4441,2020-03-23 18:00:00,86.20778,15.79222999999999,245.56948852539062
4442,2020-03-23 19:00:00,86.20696,15.78540000000001,245.4511260986328
4443,2020-03-23 20:00:00,86.20599,15.774850000000015,245.24771881103516
4444,2020-03-23 21:00:00,86.20501,15.76316,245.09285736083984
4445,2020-03-23 22:00:00,86.20409,15.750100000000003,245.0370635986328
4446,2020-03-23 23:00:00,86.20322,15.737940000000009,244.9930877685547
4447,2020-03-24 00:00:00,86.20236,15.727039999999988,244.91991424560547
4448,2020-03-24 01:00:00,86.20156,15.718500000000006,244.86705017089844
4449,2020-03-24 02:00:00,86.20089,15.711510000000004,244.8375701904297
4450,2020-03-24 03:00:00,86.20022,15.705849999999998,244.7425994873047
4451,2020-03-24 04:00:00,86.19952,15.698399999999992,244.6324005126953
4452,2020-03-24 05:00:00,86.19873,15.690319999999986,244.50961303710938
4453,2020-03-24 06:00:00,86.19799,15.679360000000003,244.43946075439453
4454,2020-03-24 07:00:00,86.19725,15.66601,244.43878936767578
4455,2020-03-24 08:00:00,86.19655,15.646569999999997,244.478515625
4456,2020-03-24 09:00:00,86.19549,15.624059999999986,244.5204315185547
4457,2020-03-24 10:00:00,86.19436,15.598990000000015,244.5830535888672
4458,2020-03-24 11:00:00,86.19306,15.57274000000001,244.6477279663086
4459,2020-03-24 12:00:00,86.19169,15.540500000000009,244.6797866821289
4460,2020-03-24 13:00:00,86.19049,15.503170000000011,244.66683959960938
4461,2020-03-24 14:00:00,86.18937,15.467430000000007,244.64347076416016
4462,2020-03-24 15:00:00,86.1881,15.428079999999994,244.6175079345703
4463,2020-03-24 16:00:00,86.18644,15.389499999999998,244.56410217285156
4464,2020-03-24 17:00:00,86.18435,15.347080000000005,244.50238037109375
4465,2020-03-24 18:00:00,86.18203,15.30098000000001,244.44625854492188
4466,2020-03-24 19:00:00,86.17966,15.251769999999993,244.43775939941406
4467,2020-03-24 20:00:00,86.17686,15.200510000000008,244.4726104736328
4468,2020-03-24 21:00:00,86.17371,15.13864000000001,244.51972198486328
4469,2020-03-24 22:00:00,86.1702,15.071930000000009,244.59027099609375
4470,2020-03-24 23:00:00,86.16624,15.00242,244.7463836669922
4471,2020-03-25 00:00:00,86.16222,14.928930000000008,244.2923583984375
4472,2020-03-25 01:00:00,86.15833,14.855310000000003,244.33890533447266
4473,2020-03-25 02:00:00,86.15444,14.780280000000005,244.3028335571289
4474,2020-03-25 03:00:00,86.1503,14.70702,244.33480834960938
4475,2020-03-25 04:00:00,86.14629,14.627880000000005,244.42919158935547
4476,2020-03-25 05:00:00,86.14219,14.545860000000005,244.53541564941406
4477,2020-03-25 06:00:00,86.13787,14.459609999999998,244.71978759765625
4478,2020-03-25 07:00:00,86.13346,14.374799999999993,245.07566833496094
4479,2020-03-25 08:00:00,86.12911,14.28533999999999,245.26358032226562
4480,2020-03-25 09:00:00,86.12474,14.196120000000008,245.4015884399414
4481,2020-03-25 10:00:00,86.12022,14.108270000000005,245.518798828125
4482,2020-03-25 11:00:00,86.11579,14.019569999999987,245.65406799316406
4483,2020-03-25 12:00:00,86.11141,13.934179999999998,245.75151824951172
4484,2020-03-25 13:00:00,86.10711,13.855240000000009,245.75145721435547
4485,2020-03-25 14:00:00,86.1028,13.784199999999998,245.7002410888672
4486,2020-03-25 15:00:00,86.09835,13.72108,245.64974212646484
4487,2020-03-25 16:00:00,86.09386,13.660889999999995,245.59967041015625
4488,2020-03-25 17:00:00,86.08945,13.606120000000004,245.57707977294922
4489,2020-03-25 18:00:00,86.08512,13.554069999999996,245.5971908569336
4490,2020-03-25 19:00:00,86.0807,13.502559999999988,245.54478454589844
4491,2020-03-25 20:00:00,86.0761,13.454059999999998,245.5389862060547
4492,2020-03-25 21:00:00,86.07138,13.40934999999999,245.60140991210938
4493,2020-03-25 22:00:00,86.06669,13.366710000000012,245.5745620727539
4494,2020-03-25 23:00:00,86.06202,13.327589999999987,245.43350982666016
4495,2020-03-26 00:00:00,86.05731,13.29301000000001,245.3256378173828
4496,2020-03-26 01:00:00,86.05265,13.262850000000014,245.26611328125
4497,2020-03-26 02:00:00,86.04818,13.236950000000007,245.20391082763672
4498,2020-03-26 03:00:00,86.04372,13.214619999999996,245.17589569091797
4499,2020-03-26 04:00:00,86.03929,13.194369999999992,245.1856460571289
4500,2020-03-26 05:00:00,86.03482,13.175870000000003,245.2145538330078
4501,2020-03-26 06:00:00,86.03024,13.157669999999996,245.2574462890625
4502,2020-03-26 07:00:00,86.02533,13.141490000000005,245.31912994384766
4503,2020-03-26 08:00:00,86.02022,13.12666999999999,245.41143798828125
4504,2020-03-26 09:00:00,86.01499,13.114689999999996,245.54174041748047
4505,2020-03-26 10:00:00,86.00958,13.103270000000009,245.70024871826172
4506,2020-03-26 11:00:00,86.00404,13.094060000000013,245.87703704833984
4507,2020-03-26 12:00:00,85.99838,13.088429999999988,246.0338897705078
4508,2020-03-26 13:00:00,85.99278,13.086659999999995,246.19769287109375
4509,2020-03-26 14:00:00,85.98721,13.086569999999995,246.4315643310547
4510,2020-03-26 15:00:00,85.98158,13.089079999999996,246.60769653320312
4511,2020-03-26 16:00:00,85.97576,13.093169999999986,246.7942657470703
4512,2020-03-26 17:00:00,85.96996,13.098479999999995,246.97035217285156
4513,2020-03-26 18:00:00,85.96417,13.104629999999986,247.14557647705078
4514,2020-03-26 19:00:00,85.95817,13.111019999999996,247.33494567871094
4515,2020-03-26 20:00:00,85.95192,13.1173,247.51831817626953
4516,2020-03-26 21:00:00,85.94543,13.12539000000001,247.67982482910156
4517,2020-03-26 22:00:00,85.93853,13.136230000000012,247.758544921875
4518,2020-03-26 23:00:00,85.93128,13.146979999999985,247.85298919677734
4519,2020-03-27 00:00:00,85.92384,13.15952999999999,247.88465881347656
4520,2020-03-27 01:00:00,85.91633,13.172120000000007,247.84880828857422
4521,2020-03-27 02:00:00,85.90893,13.18477999999999,247.8650894165039
4522,2020-03-27 03:00:00,85.90175,13.198430000000002,247.9169158935547
4523,2020-03-27 04:00:00,85.89463,13.212940000000003,248.05067443847656
4524,2020-03-27 05:00:00,85.88788,13.228800000000007,248.1512451171875
4525,2020-03-27 06:00:00,85.88134,13.248340000000013,248.30463409423828
4526,2020-03-27 07:00:00,85.87449,13.271960000000007,248.51129913330078
4527,2020-03-27 08:00:00,85.86702,13.29874000000001,248.7880401611328
4528,2020-03-27 09:00:00,85.85881,13.325510000000008,249.10260772705078
4529,2020-03-27 10:00:00,85.84981,13.347849999999994,249.37490844726562
4530,2020-03-27 11:00:00,85.84022,13.36515,249.62458038330078
4531,2020-03-27 12:00:00,85.83021,13.378350000000012,249.86990356445312
4532,2020-03-27 13:00:00,85.82006,13.388329999999996,250.20289611816406
4533,2020-03-27 14:00:00,85.80994,13.396780000000007,250.4716796875
4534,2020-03-27 15:00:00,85.79982,13.406360000000006,250.8568572998047
4535,2020-03-27 16:00:00,85.78973,13.420410000000004,253.0125503540039
4536,2020-03-27 17:00:00,85.77935,13.434969999999993,253.22006225585938
4537,2020-03-27 18:00:00,85.76865,13.448139999999995,253.25247955322266
4538,2020-03-27 19:00:00,85.75777,13.458370000000002,253.15625762939453
4539,2020-03-27 20:00:00,85.74697,13.463770000000011,252.97592163085938
4540,2020-03-27 21:00:00,85.73602,13.464619999999996,252.77903747558594
4541,2020-03-27 22:00:00,85.72488,13.460489999999993,252.56047821044922
4542,2020-03-27 23:00:00,85.71374,13.455029999999994,252.3533477783203
4543,2020-03-28 00:00:00,85.70282,13.44713999999999,252.13910675048828
4544,2020-03-28 01:00:00,85.69226,13.437299999999993,252.0543975830078
4545,2020-03-28 02:00:00,85.68252,13.42949999999999,252.060791015625
4546,2020-03-28 03:00:00,85.67346,13.420950000000005,252.11569213867188
4547,2020-03-28 04:00:00,85.66483,13.411310000000014,252.16864013671875
4548,2020-03-28 05:00:00,85.65597,13.398169999999993,252.15352630615234
4549,2020-03-28 06:00:00,85.6471,13.381920000000008,252.03883361816406
4550,2020-03-28 07:00:00,85.63796,13.364229999999992,251.9864273071289
4551,2020-03-28 08:00:00,85.62858,13.346299999999985,251.92981719970703
4552,2020-03-28 09:00:00,85.61911,13.325819999999993,251.86638641357422
4553,2020-03-28 10:00:00,85.60952,13.303660000000008,251.79026794433594
4554,2020-03-28 11:00:00,85.59972,13.280930000000012,251.6963882446289
4555,2020-03-28 12:00:00,85.59021,13.259019999999992,251.61048889160156
4556,2020-03-28 13:00:00,85.58118,13.240000000000009,251.52237701416016
4557,2020-03-28 14:00:00,85.57245,13.227069999999998,251.53948211669922
4558,2020-03-28 15:00:00,85.56413,13.221120000000013,251.53726196289062
4559,2020-03-28 16:00:00,85.55635,13.221859999999992,251.54039764404297
4560,2020-03-28 17:00:00,85.54883,13.224770000000007,251.54813385009766
4561,2020-03-28 18:00:00,85.54146,13.228460000000013,251.50690460205078
4562,2020-03-28 19:00:00,85.53415,13.231210000000004,251.4208984375
4563,2020-03-28 20:00:00,85.52673,13.231989999999996,251.35435485839844
4564,2020-03-28 21:00:00,85.51909,13.23311000000001,251.26134490966797
4565,2020-03-28 22:00:00,85.51147,13.233910000000009,251.0873565673828
4566,2020-03-28 23:00:00,85.50408,13.23218,250.92796325683594
4567,2020-03-29 00:00:00,85.4971,13.23160999999999,250.78650665283203
4568,2020-03-29 01:00:00,85.49042,13.231009999999998,250.63481903076172
4569,2020-03-29 02:00:00,85.48395,13.22994,250.70172119140625
4570,2020-03-29 03:00:00,85.47781,13.231249999999989,250.69239807128906
4571,2020-03-29 04:00:00,85.47167,13.23463000000001,250.68274688720703
4572,2020-03-29 05:00:00,85.4654,13.236060000000009,250.5653839111328
4573,2020-03-29 06:00:00,85.45924,13.239900000000006,250.4737319946289
4574,2020-03-29 07:00:00,85.45327,13.239540000000005,250.42314910888672
4575,2020-03-29 08:00:00,85.44736,13.23599999999999,250.37599182128906
4576,2020-03-29 09:00:00,85.44165,13.229019999999991,250.29242706298828
4577,2020-03-29 10:00:00,85.43608,13.22086999999999,250.22252655029297
4578,2020-03-29 11:00:00,85.43063,13.216049999999996,250.1308822631836
4579,2020-03-29 12:00:00,85.42513,13.20850999999999,250.0358657836914
4580,2020-03-29 13:00:00,85.41971,13.202049999999986,249.9515838623047
4581,2020-03-29 14:00:00,85.41454,13.195130000000006,249.83553314208984
4582,2020-03-29 15:00:00,85.40985,13.188369999999992,249.67181396484375
4583,2020-03-29 16:00:00,85.40566,13.184380000000004,249.56238555908203
4584,2020-03-29 17:00:00,85.40169,13.178449999999998,249.4034881591797
4585,2020-03-29 18:00:00,85.39776,13.173059999999992,248.9908447265625
4586,2020-03-29 19:00:00,85.39442,13.170150000000007,248.52918243408203
4587,2020-03-29 20:00:00,85.39151,13.167640000000006,248.10713958740234
4588,2020-03-29 21:00:00,85.38905,13.165340000000015,247.69381713867188
4589,2020-03-29 22:00:00,85.38705,13.16243,247.28897094726562
4590,2020-03-29 23:00:00,85.38541,13.161059999999992,246.91730499267578
4591,2020-03-30 00:00:00,85.38411,13.160020000000003,246.57836151123047
4592,2020-03-30 01:00:00,85.38287,13.159359999999992,246.2692413330078
4593,2020-03-30 02:00:00,85.38162,13.15961999999999,246.00738525390625
4594,2020-03-30 03:00:00,85.38065,13.159539999999993,245.8043670654297
4595,2020-03-30 04:00:00,85.38014,13.16049000000001,245.64749908447266
4596,2020-03-30 05:00:00,85.37962,13.163630000000012,245.5257568359375
4597,2020-03-30 06:00:00,85.37933,13.167239999999993,245.4545440673828
4598,2020-03-30 07:00:00,85.37905,13.171629999999993,245.43199920654297
4599,2020-03-30 08:00:00,85.37869,13.17625000000001,245.4430694580078
4600,2020-03-30 09:00:00,85.37816,13.183320000000009,245.48828887939453
4601,2020-03-30 10:00:00,85.37751,13.190709999999996,245.56716918945312
4602,2020-03-30 11:00:00,85.37677,13.19908000000001,245.65685272216797
4603,2020-03-30 12:00:00,85.37579,13.207120000000003,245.7175750732422
4604,2020-03-30 13:00:00,85.37482,13.217719999999986,245.74114227294922
4605,2020-03-30 14:00:00,85.37391,13.232169999999996,245.73723602294922
4606,2020-03-30 15:00:00,85.37274,13.248400000000004,245.71320343017578
4607,2020-03-30 16:00:00,85.37125,13.269020000000012,245.68733978271484
4608,2020-03-30 17:00:00,85.36987,13.290269999999992,245.64547729492188
4609,2020-03-30 18:00:00,85.36848,13.314210000000003,245.57650756835938
4610,2020-03-30 19:00:00,85.36674,13.340219999999988,245.482177734375
4611,2020-03-30 20:00:00,85.36484,13.366960000000006,245.42750549316406
4612,2020-03-30 21:00:00,85.36231,13.392750000000007,245.27938079833984
4613,2020-03-30 22:00:00,85.3591,13.41622000000001,245.15277099609375
4614,2020-03-30 23:00:00,85.35586,13.440480000000008,245.0733413696289
4615,2020-03-31 00:00:00,85.35236,13.470120000000009,244.77931213378906
4616,2020-03-31 01:00:00,85.34872,13.501839999999987,244.58020782470703
4617,2020-03-31 02:00:00,85.34487,13.537319999999994,244.49765014648438
4618,2020-03-31 03:00:00,85.3409,13.576989999999995,244.4971694946289
4619,2020-03-31 04:00:00,85.33676,13.617220000000003,244.47075653076172
4620,2020-03-31 05:00:00,85.33277,13.65970999999999,244.5145721435547
4621,2020-03-31 06:00:00,85.32887,13.709229999999991,244.59539794921875
4622,2020-03-31 07:00:00,85.32475,13.764250000000004,244.81317138671875
4623,2020-03-31 08:00:00,85.32037,13.821550000000002,245.14575958251953
4624,2020-03-31 09:00:00,85.31556,13.88203999999999,245.5843505859375
4625,2020-03-31 10:00:00,85.31005,13.942000000000007,246.0206298828125
4626,2020-03-31 11:00:00,85.30379,13.999439999999993,246.39244842529297
4627,2020-03-31 12:00:00,85.29713,14.05868000000001,246.57294464111328
4628,2020-03-31 13:00:00,85.28979,14.117379999999997,246.60881805419922
4629,2020-03-31 14:00:00,85.2825,14.177930000000003,246.64295959472656
4630,2020-03-31 15:00:00,85.27538,14.239560000000012,246.69237518310547
4631,2020-03-31 16:00:00,85.26839,14.30435,246.7766876220703
4632,2020-03-31 17:00:00,85.26135,14.373449999999991,246.8905029296875
4633,2020-03-31 18:00:00,85.25444,14.446179999999998,246.97096252441406
4634,2020-03-31 19:00:00,85.24759,14.523989999999998,247.04642486572266
4635,2020-03-31 20:00:00,85.23999,14.606220000000008,247.0870361328125
4636,2020-03-31 21:00:00,85.23244,14.692129999999992,247.1488265991211
4637,2020-03-31 22:00:00,85.22458,14.780489999999986,247.26976013183594
4638,2020-03-31 23:00:00,85.21642,14.867520000000013,247.47509765625
4639,2020-04-01 00:00:00,85.20805,14.949600000000004,247.8070831298828
4640,2020-04-01 01:00:00,85.1997,15.025380000000013,248.18500518798828
4641,2020-04-01 02:00:00,85.19145,15.093950000000007,248.794677734375
4642,2020-04-01 03:00:00,85.1834,15.15888000000001,249.45861053466797
4643,2020-04-01 04:00:00,85.17554,15.221710000000002,250.1749496459961
4644,2020-04-01 05:00:00,85.16788,15.28125,250.6765594482422
4645,2020-04-01 06:00:00,85.16031,15.33626000000001,251.12733459472656
4646,2020-04-01 07:00:00,85.15281,15.384029999999996,251.48699188232422
4647,2020-04-01 08:00:00,85.14521,15.425099999999986,251.9011001586914
4648,2020-04-01 09:00:00,85.13759,15.460029999999989,252.2819366455078
4649,2020-04-01 10:00:00,85.1297,15.486369999999994,252.64395141601562
4650,2020-04-01 11:00:00,85.12158,15.50542999999999,252.9671630859375
4651,2020-04-01 12:00:00,85.11309,15.51760999999999,253.19801330566406
4652,2020-04-01 13:00:00,85.10444,15.52333999999999,253.38572692871094
4653,2020-04-01 14:00:00,85.09597,15.52519000000001,253.52008819580078
4654,2020-04-01 15:00:00,85.0881,15.522369999999995,253.50696563720703
4655,2020-04-01 16:00:00,85.08092,15.518930000000012,253.36849212646484
4656,2020-04-01 17:00:00,85.0743,15.516850000000005,253.3987579345703
4657,2020-04-01 18:00:00,85.06796,15.514029999999991,253.3614959716797
4658,2020-04-01 19:00:00,85.0619,15.510699999999986,253.2326431274414
4659,2020-04-01 20:00:00,85.05622,15.511799999999994,252.74160766601562
4660,2020-04-01 21:00:00,85.05058,15.511349999999993,251.7724151611328
4661,2020-04-01 22:00:00,85.04439,15.503800000000012,250.64911651611328
4662,2020-04-01 23:00:00,85.03741,15.484919999999988,249.741455078125
4663,2020-04-02 00:00:00,85.03013,15.453059999999994,249.6299591064453
4664,2020-04-02 01:00:00,85.02292,15.415230000000008,249.08511352539062
4665,2020-04-02 02:00:00,85.01589,15.37369000000001,248.692626953125
4666,2020-04-02 03:00:00,85.00905,15.33017000000001,248.46762084960938
4667,2020-04-02 04:00:00,85.00243,15.28716,248.26402282714844
4668,2020-04-02 05:00:00,84.99589,15.246780000000001,248.23290252685547
4669,2020-04-02 06:00:00,84.98929,15.209839999999986,248.3869171142578
4670,2020-04-02 07:00:00,84.98242,15.177339999999987,248.73601531982422
4671,2020-04-02 08:00:00,84.97533,15.145350000000008,249.12737274169922
4672,2020-04-02 09:00:00,84.96814,15.111639999999994,249.52571868896484
4673,2020-04-02 10:00:00,84.96078,15.074099999999987,249.849853515625
4674,2020-04-02 11:00:00,84.95339,15.031810000000007,250.08951568603516
4675,2020-04-02 12:00:00,84.94595,14.983779999999996,250.33150482177734
4676,2020-04-02 13:00:00,84.93843,14.927320000000009,250.56163024902344
4677,2020-04-02 14:00:00,84.93099,14.864319999999992,250.70057678222656
4678,2020-04-02 15:00:00,84.92375,14.798660000000012,250.63216400146484
4679,2020-04-02 16:00:00,84.91665,14.732310000000012,250.45345306396484
4680,2020-04-02 17:00:00,84.9096,14.664960000000008,250.30662536621094
4681,2020-04-02 18:00:00,84.90256,14.596499999999992,250.14306640625
4682,2020-04-02 19:00:00,84.89549,14.529799999999994,249.91265869140625
4683,2020-04-02 20:00:00,84.88826,14.46529000000001,249.77002716064453
4684,2020-04-02 21:00:00,84.88076,14.40227999999999,249.61003875732422
4685,2020-04-02 22:00:00,84.87325,14.343989999999991,249.49768829345703
4686,2020-04-02 23:00:00,84.86564,14.28707,249.37428283691406
4687,2020-04-03 00:00:00,84.85795,14.227630000000005,249.38877868652344
4688,2020-04-03 01:00:00,84.8503,14.163700000000006,249.40969848632812
4689,2020-04-03 02:00:00,84.84275,14.096569999999986,249.36781311035156
4690,2020-04-03 03:00:00,84.8353,14.024740000000008,249.33879852294922
4691,2020-04-03 04:00:00,84.82833,13.94989000000001,249.3315658569336
4692,2020-04-03 05:00:00,84.82191,13.874830000000003,249.38770294189453
4693,2020-04-03 06:00:00,84.81602,13.803229999999985,249.43656158447266
4694,2020-04-03 07:00:00,84.8107,13.738969999999995,249.53858947753906
4695,2020-04-03 08:00:00,84.80578,13.681960000000004,249.5870819091797
4696,2020-04-03 09:00:00,84.80115,13.631370000000004,249.5798797607422
4697,2020-04-03 10:00:00,84.7969,13.583069999999992,249.5154800415039
4698,2020-04-03 11:00:00,84.79287,13.534840000000003,249.3715362548828
4699,2020-04-03 12:00:00,84.78868,13.481889999999993,249.37498474121094
4700,2020-04-03 13:00:00,84.78443,13.4255,249.32996368408203
4701,2020-04-03 14:00:00,84.78018,13.367250000000013,249.18201446533203
4702,2020-04-03 15:00:00,84.77588,13.310460000000006,248.9502944946289
4703,2020-04-03 16:00:00,84.77138,13.254719999999992,248.72813415527344
4704,2020-04-03 17:00:00,84.76694,13.20854,248.51004028320312
4705,2020-04-03 18:00:00,84.76212,13.168990000000008,248.53817749023438
4706,2020-04-03 19:00:00,84.75685,13.134520000000009,248.61111450195312
4707,2020-04-03 20:00:00,84.75122,13.105289999999997,248.73970794677734
4708,2020-04-03 21:00:00,84.74533,13.081400000000002,248.9001693725586
4709,2020-04-03 22:00:00,84.73924,13.061720000000008,249.00482177734375
4710,2020-04-03 23:00:00,84.73302,13.046719999999993,249.0838165283203
4711,2020-04-04 00:00:00,84.72672,13.03336999999999,249.17278289794922
4712,2020-04-04 01:00:00,84.72038,13.01670999999999,249.1581802368164
4713,2020-04-04 02:00:00,84.71405,12.997119999999995,248.9403533935547
4714,2020-04-04 03:00:00,84.70773,12.974989999999991,248.71366119384766
4715,2020-04-04 04:00:00,84.70156,12.949579999999997,248.58560180664062
4716,2020-04-04 05:00:00,84.69592,12.92634000000001,248.34236907958984
4717,2020-04-04 06:00:00,84.69061,12.909019999999998,248.07041931152344
4718,2020-04-04 07:00:00,84.68532,12.896179999999987,247.8302230834961
4719,2020-04-04 08:00:00,84.68012,12.88875999999999,247.65565490722656
4720,2020-04-04 09:00:00,84.67513,12.889729999999986,247.5937728881836
4721,2020-04-04 10:00:00,84.67028,12.892660000000006,247.44339752197266
4722,2020-04-04 11:00:00,84.66536,12.89833999999999,247.28057098388672
4723,2020-04-04 12:00:00,84.66018,12.906360000000006,247.00440216064453
4724,2020-04-04 13:00:00,84.65505,12.916030000000006,246.86072540283203
4725,2020-04-04 14:00:00,84.65005,12.927030000000002,246.8329620361328
4726,2020-04-04 15:00:00,84.64521,12.939969999999988,247.004150390625
4727,2020-04-04 16:00:00,84.64011,12.952709999999996,247.00774383544922
4728,2020-04-04 17:00:00,84.63491,12.963879999999989,246.86019897460938
4729,2020-04-04 18:00:00,84.62954,12.973219999999998,246.67675018310547
4730,2020-04-04 19:00:00,84.62434,12.984370000000013,246.655029296875
4731,2020-04-04 20:00:00,84.6196,12.998559999999998,246.6675033569336
4732,2020-04-04 21:00:00,84.61515,13.015829999999994,246.6842803955078
4733,2020-04-04 22:00:00,84.61096,13.032530000000008,246.55580139160156
4734,2020-04-04 23:00:00,84.6072,13.049890000000005,246.538818359375
4735,2020-04-05 00:00:00,84.60377,13.068639999999988,246.50899505615234
4736,2020-04-05 01:00:00,84.60038,13.085970000000003,246.46963500976562
4737,2020-04-05 02:00:00,84.59726,13.102000000000004,246.42070770263672
4738,2020-04-05 03:00:00,84.59436,13.119779999999992,246.6901626586914
4739,2020-04-05 04:00:00,84.59172,13.140690000000006,247.03736114501953
4740,2020-04-05 05:00:00,84.58946,13.165140000000008,247.40331268310547
4741,2020-04-05 06:00:00,84.58732,13.191210000000012,247.73924255371094
4742,2020-04-05 07:00:00,84.58537,13.221090000000004,248.06724548339844
4743,2020-04-05 08:00:00,84.5838,13.25591,248.36316680908203
4744,2020-04-05 09:00:00,84.58222,13.293869999999998,248.75210571289062
4745,2020-04-05 10:00:00,84.58062,13.33447000000001,249.07620239257812
4746,2020-04-05 11:00:00,84.57929,13.3784,249.3697052001953
4747,2020-04-05 12:00:00,84.57808,13.424749999999989,249.81716918945312
4748,2020-04-05 13:00:00,84.57713,13.473459999999989,250.35578155517578
4749,2020-04-05 14:00:00,84.57626,13.524259999999998,250.93187713623047
4750,2020-04-05 15:00:00,84.57519,13.574479999999994,251.57256317138672
4751,2020-04-05 16:00:00,84.57385,13.623359999999991,252.02789306640625
4752,2020-04-05 17:00:00,84.57222,13.669749999999993,252.4672088623047
4753,2020-04-05 18:00:00,84.57029,13.713169999999991,252.92101287841797
4754,2020-04-05 19:00:00,84.56813,13.752309999999994,253.2124481201172
4755,2020-04-05 20:00:00,84.566,13.788620000000009,253.26697540283203
4756,2020-04-05 21:00:00,84.56388,13.825269999999989,253.0626983642578
4757,2020-04-05 22:00:00,84.56173,13.862490000000008,252.77635192871094
4758,2020-04-05 23:00:00,84.55946,13.900229999999993,252.5792465209961
4759,2020-04-06 00:00:00,84.55726,13.939969999999988,253.6117706298828
4760,2020-04-06 01:00:00,84.5551,13.980259999999987,253.36243438720703
4761,2020-04-06 02:00:00,84.55291,14.019980000000004,253.127685546875
4762,2020-04-06 03:00:00,84.55075,14.056100000000015,252.8358612060547
4763,2020-04-06 04:00:00,84.54866,14.087080000000014,252.52213287353516
4764,2020-04-06 05:00:00,84.5467,14.11411000000001,252.15100860595703
4765,2020-04-06 06:00:00,84.54484,14.138030000000015,251.89498901367188
4766,2020-04-06 07:00:00,84.54296,14.161329999999992,251.80007934570312
4767,2020-04-06 08:00:00,84.54109,14.186730000000011,251.943603515625
4768,2020-04-06 09:00:00,84.53914,14.216039999999992,251.95134735107422
4769,2020-04-06 10:00:00,84.53725,14.24758,252.027587890625
4770,2020-04-06 11:00:00,84.53547,14.280560000000008,252.2365493774414
4771,2020-04-06 12:00:00,84.53377,14.312960000000004,252.38407135009766
4772,2020-04-06 13:00:00,84.53214,14.34378000000001,252.45809173583984
4773,2020-04-06 14:00:00,84.53051,14.372180000000014,252.38143157958984
4774,2020-04-06 15:00:00,84.52881,14.398079999999993,252.23580932617188
4775,2020-04-06 16:00:00,84.52689,14.418970000000002,252.14353942871094
4776,2020-04-06 17:00:00,84.52479,14.43361999999999,252.24542999267578
4777,2020-04-06 18:00:00,84.52248,14.444060000000007,252.32691955566406
4778,2020-04-06 19:00:00,84.52005,14.45105000000001,252.26312255859375
4779,2020-04-06 20:00:00,84.51774,14.455099999999987,252.1484832763672
4780,2020-04-06 21:00:00,84.51543,14.458179999999999,251.9132308959961
4781,2020-04-06 22:00:00,84.51324,14.46083999999999,251.6388397216797
4782,2020-04-06 23:00:00,84.51118,14.46647999999999,251.35260772705078
4783,2020-04-07 00:00:00,84.50935,14.476519999999994,251.09815216064453
4784,2020-04-07 01:00:00,84.50793,14.488920000000007,250.8890380859375
4785,2020-04-07 02:00:00,84.50692,14.50184999999999,250.73831939697266
4786,2020-04-07 03:00:00,84.50623,14.515019999999993,250.57953643798828
4787,2020-04-07 04:00:00,84.50564,14.526579999999996,250.36280822753906
4788,2020-04-07 05:00:00,84.50508,14.533590000000004,250.14959716796875
4789,2020-04-07 06:00:00,84.5043,14.535650000000004,249.9091339111328
4790,2020-04-07 07:00:00,84.5034,14.535539999999997,249.65829467773438
4791,2020-04-07 08:00:00,84.50245,14.534259999999989,249.40607452392578
4792,2020-04-07 09:00:00,84.50142,14.533179999999987,249.14482879638672
4793,2020-04-07 10:00:00,84.50044,14.533760000000001,248.9019775390625
4794,2020-04-07 11:00:00,84.49963,14.536370000000005,248.7062225341797
4795,2020-04-07 12:00:00,84.49882,14.539739999999995,248.52896118164062
4796,2020-04-07 13:00:00,84.49803,14.543540000000007,248.36150360107422
4797,2020-04-07 14:00:00,84.49733,14.546750000000003,248.19654846191406
4798,2020-04-07 15:00:00,84.49688,14.54907,248.00910186767578
4799,2020-04-07 16:00:00,84.49662,14.550260000000009,247.7957534790039
4800,2020-04-07 17:00:00,84.49635,14.55055999999999,247.55218505859375
4801,2020-04-07 18:00:00,84.49577,14.55001999999999,247.28533935546875
4802,2020-04-07 19:00:00,84.49477,14.547329999999988,247.00116729736328
4803,2020-04-07 20:00:00,84.49342,14.543779999999998,246.71672821044922
4804,2020-04-07 21:00:00,84.49188,14.540750000000003,246.43291473388672
4805,2020-04-07 22:00:00,84.4904,14.53931,246.1642074584961
4806,2020-04-07 23:00:00,84.48899,14.541089999999997,245.93286895751953
4807,2020-04-08 00:00:00,84.48774,14.546459999999996,245.76174926757812
4808,2020-04-08 01:00:00,84.48669,14.554129999999986,245.68032836914062
4809,2020-04-08 02:00:00,84.48593,14.563500000000005,245.73674774169922
4810,2020-04-08 03:00:00,84.48539,14.574610000000007,245.90000915527344
4811,2020-04-08 04:00:00,84.48499,14.586759999999998,246.15879821777344
4812,2020-04-08 05:00:00,84.48463,14.598610000000008,246.3779754638672
4813,2020-04-08 06:00:00,84.48417,14.610250000000008,246.63187408447266
4814,2020-04-08 07:00:00,84.48351,14.621190000000013,246.9634017944336
4815,2020-04-08 08:00:00,84.48269,14.632689999999997,247.3689422607422
4816,2020-04-08 09:00:00,84.48177,14.64573999999999,247.8216781616211
4817,2020-04-08 10:00:00,84.48075,14.65952999999999,248.26220703125
4818,2020-04-08 11:00:00,84.47969,14.676420000000007,248.70933532714844
4819,2020-04-08 12:00:00,84.47844,14.696140000000014,249.1151123046875
4820,2020-04-08 13:00:00,84.47708,14.718029999999999,249.49308013916016
4821,2020-04-08 14:00:00,84.47566,14.739959999999996,250.23934936523438
4822,2020-04-08 15:00:00,84.47428,14.76060000000001,251.17061614990234
4823,2020-04-08 16:00:00,84.47284,14.779689999999988,251.72588348388672
4824,2020-04-08 17:00:00,84.47132,14.796639999999996,252.0173110961914
4825,2020-04-08 18:00:00,84.46961,14.810910000000007,252.0766143798828
4826,2020-04-08 19:00:00,84.4677,14.821629999999999,252.20635986328125
4827,2020-04-08 20:00:00,84.46557,14.829260000000005,252.16326141357422
4828,2020-04-08 21:00:00,84.46324,14.834180000000003,252.07720184326172
4829,2020-04-08 22:00:00,84.46078,14.837340000000012,252.00469970703125
4830,2020-04-08 23:00:00,84.45827,14.840210000000013,251.8201904296875
4831,2020-04-09 00:00:00,84.45596,14.842590000000001,251.3680648803711
4832,2020-04-09 01:00:00,84.45385,14.846129999999988,250.8871612548828
4833,2020-04-09 02:00:00,84.4519,14.849909999999994,250.42719268798828
4834,2020-04-09 03:00:00,84.44993,14.853350000000006,250.03199005126953
4835,2020-04-09 04:00:00,84.44803,14.856680000000011,249.83452606201172
4836,2020-04-09 05:00:00,84.44616,14.857959999999991,249.66730499267578
4837,2020-04-09 06:00:00,84.44422,14.856510000000014,249.57474517822266
4838,2020-04-09 07:00:00,84.44199,14.851249999999993,249.53550720214844
4839,2020-04-09 08:00:00,84.4395,14.842539999999985,249.5235595703125
4840,2020-04-09 09:00:00,84.43672,14.831490000000002,249.51984405517578
4841,2020-04-09 10:00:00,84.43373,14.818569999999994,249.50787353515625
4842,2020-04-09 11:00:00,84.43079,14.805090000000007,249.46913146972656
4843,2020-04-09 12:00:00,84.42813,14.7928,249.40554809570312
4844,2020-04-09 13:00:00,84.42565,14.78316000000001,249.31964874267578
4845,2020-04-09 14:00:00,84.42359,14.775450000000006,249.21468353271484
4846,2020-04-09 15:00:00,84.42199,14.770720000000011,249.0657730102539
4847,2020-04-09 16:00:00,84.42069,14.766520000000014,248.895751953125
4848,2020-04-09 17:00:00,84.41956,14.762280000000004,248.69677734375
4849,2020-04-09 18:00:00,84.41798,14.75596999999999,248.4775390625
4850,2020-04-09 19:00:00,84.41605,14.747199999999992,248.27130889892578
4851,2020-04-09 20:00:00,84.41367,14.735209999999995,248.05438232421875
4852,2020-04-09 21:00:00,84.41089,14.72036,247.8459930419922
4853,2020-04-09 22:00:00,84.40788,14.703460000000007,247.6338119506836
4854,2020-04-09 23:00:00,84.40484,14.68714,247.43833923339844
4855,2020-04-10 00:00:00,84.40187,14.672599999999989,247.30026245117188
4856,2020-04-10 01:00:00,84.3994,14.662170000000003,247.19847869873047
4857,2020-04-10 02:00:00,84.39787,14.655489999999986,247.1200408935547
4858,2020-04-10 03:00:00,84.397,14.652410000000003,247.0911636352539
4859,2020-04-10 04:00:00,84.39638,14.652440000000013,247.12688446044922
4860,2020-04-10 05:00:00,84.39567,14.653790000000015,247.1991424560547
4861,2020-04-10 06:00:00,84.39459,14.654699999999991,247.31807708740234
4862,2020-04-10 07:00:00,84.39307,14.654110000000003,247.46514129638672
4863,2020-04-10 08:00:00,84.39084,14.651309999999995,247.63065338134766
4864,2020-04-10 09:00:00,84.38807,14.645859999999999,247.810546875
4865,2020-04-10 10:00:00,84.38508,14.638679999999994,248.00108337402344
4866,2020-04-10 11:00:00,84.38195,14.63073,248.20244598388672
4867,2020-04-10 12:00:00,84.37891,14.624130000000008,248.40061950683594
4868,2020-04-10 13:00:00,84.37612,14.620460000000008,248.59307861328125
4869,2020-04-10 14:00:00,84.37354,14.620959999999997,248.75311279296875
4870,2020-04-10 15:00:00,84.37126,14.625079999999997,248.84542083740234
4871,2020-04-10 16:00:00,84.36934,14.632090000000005,248.85375213623047
4872,2020-04-10 17:00:00,84.3676,14.640710000000013,248.81682586669922
4873,2020-04-10 18:00:00,84.36573,14.649580000000014,248.74337005615234
4874,2020-04-10 19:00:00,84.36344,14.658330000000007,248.63880920410156
4875,2020-04-10 20:00:00,84.3608,14.665750000000003,248.51318359375
4876,2020-04-10 21:00:00,84.358,14.670459999999991,248.33090209960938
4877,2020-04-10 22:00:00,84.35518,14.67295999999999,248.13666534423828
4878,2020-04-10 23:00:00,84.35276,14.674000000000007,247.96087646484375
4879,2020-04-11 00:00:00,84.3505,14.675870000000003,247.80382537841797
4880,2020-04-11 01:00:00,84.34805,14.680180000000007,247.66258239746094
4881,2020-04-11 02:00:00,84.34563,14.688230000000004,247.54602813720703
4882,2020-04-11 03:00:00,84.34312,14.699189999999987,247.47528076171875
4883,2020-04-11 04:00:00,84.34072,14.711900000000014,247.46092224121094
4884,2020-04-11 05:00:00,84.3384,14.724430000000012,247.48680877685547
4885,2020-04-11 06:00:00,84.33621,14.736439999999988,247.54197692871094
4886,2020-04-11 07:00:00,84.33417,14.74548999999999,247.6145477294922
4887,2020-04-11 08:00:00,84.33183,14.748809999999992,247.6831817626953
4888,2020-04-11 09:00:00,84.3297,14.749760000000009,247.7308120727539
4889,2020-04-11 10:00:00,84.32742,14.749830000000003,247.7606964111328
4890,2020-04-11 11:00:00,84.32513,14.747289999999992,247.79168701171875
4891,2020-04-11 12:00:00,84.32257,14.74167,247.8285903930664
4892,2020-04-11 13:00:00,84.32002,14.73666,247.8589324951172
4893,2020-04-11 14:00:00,84.31755,14.733749999999986,247.87812042236328
4894,2020-04-11 15:00:00,84.31502,14.732990000000001,247.86985778808594
4895,2020-04-11 16:00:00,84.31249,14.732609999999994,247.79381561279297
4896,2020-04-11 17:00:00,84.31014,14.732,247.64604949951172
4897,2020-04-11 18:00:00,84.30809,14.731429999999989,247.47325897216797
4898,2020-04-11 19:00:00,84.30629,14.72972999999999,247.28814697265625
4899,2020-04-11 20:00:00,84.30461,14.726429999999993,247.09961700439453
4900,2020-04-11 21:00:00,84.30283,14.722350000000006,246.9070816040039
4901,2020-04-11 22:00:00,84.30095,14.717359999999985,246.7313995361328
4902,2020-04-11 23:00:00,84.29899,14.711739999999992,246.55563354492188
4903,2020-04-12 00:00:00,84.29705,14.707339999999988,246.41619110107422
4904,2020-04-12 01:00:00,84.29556,14.706389999999999,246.3031463623047
4905,2020-04-12 02:00:00,84.29439,14.707830000000001,246.2338409423828
4906,2020-04-12 03:00:00,84.29386,14.710289999999986,246.19168090820312
4907,2020-04-12 04:00:00,84.29367,14.714920000000006,246.16841888427734
4908,2020-04-12 05:00:00,84.29375,14.72041999999999,246.23587799072266
4909,2020-04-12 06:00:00,84.29379,14.72541000000001,246.326171875
4910,2020-04-12 07:00:00,84.29377,14.729479999999995,246.45199584960938
4911,2020-04-12 08:00:00,84.29377,14.732290000000006,246.61116790771484
4912,2020-04-12 09:00:00,84.29368,14.73415,246.78396606445312
4913,2020-04-12 10:00:00,84.29294,14.737689999999986,246.94072723388672
4914,2020-04-12 11:00:00,84.2921,14.742320000000007,247.06756591796875
4915,2020-04-12 12:00:00,84.29128,14.74767,247.1819305419922
4916,2020-04-12 13:00:00,84.2905,14.754130000000004,247.27651977539062
4917,2020-04-12 14:00:00,84.28981,14.761599999999987,247.34628295898438
4918,2020-04-12 15:00:00,84.28917,14.770109999999988,247.36914825439453
4919,2020-04-12 16:00:00,84.28888,14.778469999999999,247.32813262939453
4920,2020-04-12 17:00:00,84.28893,14.785410000000013,247.2928695678711
4921,2020-04-12 18:00:00,84.289,14.791709999999995,247.18966674804688
4922,2020-04-12 19:00:00,84.28903,14.797539999999998,246.98411560058594
4923,2020-04-12 20:00:00,84.2891,14.802330000000012,246.76085662841797
4924,2020-04-12 21:00:00,84.28916,14.805689999999998,246.52926635742188
4925,2020-04-12 22:00:00,84.28917,14.808989999999994,246.37266540527344
4926,2020-04-12 23:00:00,84.28922,14.812939999999998,246.22267150878906
4927,2020-04-13 00:00:00,84.28931,14.818819999999988,246.13428497314453
4928,2020-04-13 01:00:00,84.28941,14.826159999999987,246.076416015625
4929,2020-04-13 02:00:00,84.28952,14.835190000000011,246.06232452392578
4930,2020-04-13 03:00:00,84.28964,14.84617,246.18067169189453
4931,2020-04-13 04:00:00,84.28982,14.858630000000005,246.39676666259766
4932,2020-04-13 05:00:00,84.29007,14.872180000000014,246.52923583984375
4933,2020-04-13 06:00:00,84.2904,14.886009999999999,246.68009185791016
4934,2020-04-13 07:00:00,84.29087,14.900779999999997,246.8532485961914
4935,2020-04-13 08:00:00,84.29137,14.915279999999996,247.12567901611328
4936,2020-04-13 09:00:00,84.29191,14.928920000000005,247.42181396484375
4937,2020-04-13 10:00:00,84.29243,14.940879999999993,247.68834686279297
4938,2020-04-13 11:00:00,84.29291,14.95241999999999,247.95580291748047
4939,2020-04-13 12:00:00,84.29334,14.961180000000013,248.18173217773438
4940,2020-04-13 13:00:00,84.29383,14.967739999999992,248.3695068359375
4941,2020-04-13 14:00:00,84.29441,14.973389999999995,248.478271484375
4942,2020-04-13 15:00:00,84.29514,14.979060000000004,248.4600372314453
4943,2020-04-13 16:00:00,84.29604,14.984800000000007,248.40779876708984
4944,2020-04-13 17:00:00,84.29713,14.989509999999996,248.33882904052734
4945,2020-04-13 18:00:00,84.2985,14.992349999999988,248.1520767211914
4946,2020-04-13 19:00:00,84.30015,14.993779999999987,247.95970153808594
4947,2020-04-13 20:00:00,84.30203,14.993529999999993,247.83462524414062
4948,2020-04-13 21:00:00,84.30412,14.991649999999993,247.753173828125
4949,2020-04-13 22:00:00,84.30614,14.987920000000003,247.7012710571289
4950,2020-04-13 23:00:00,84.30817,14.982799999999997,247.81185150146484
4951,2020-04-14 00:00:00,84.31024,14.974310000000003,248.02102661132812
4952,2020-04-14 01:00:00,84.31246,14.963490000000007,248.26557159423828
4953,2020-04-14 02:00:00,84.31487,14.950170000000014,248.508544921875
4954,2020-04-14 03:00:00,84.31737,14.934879999999993,248.75631713867188
4955,2020-04-14 04:00:00,84.31993,14.917200000000008,249.00696563720703
4956,2020-04-14 05:00:00,84.32252,14.89618999999999,249.1136245727539
4957,2020-04-14 06:00:00,84.3251,14.872000000000014,249.08223724365234
4958,2020-04-14 07:00:00,84.3278,14.846219999999988,249.1435317993164
4959,2020-04-14 08:00:00,84.33042,14.817170000000004,249.3519058227539
4960,2020-04-14 09:00:00,84.33311,14.783889999999985,249.66888427734375
4961,2020-04-14 10:00:00,84.33562,14.746399999999994,249.9943389892578
4962,2020-04-14 11:00:00,84.33775,14.700710000000015,250.34579467773438
4963,2020-04-14 12:00:00,84.33944,14.653459999999995,250.78575897216797
4964,2020-04-14 13:00:00,84.3407,14.607640000000004,251.3372039794922
4965,2020-04-14 14:00:00,84.34118,14.56504000000001,251.98212432861328
4966,2020-04-14 15:00:00,84.34092,14.525900000000007,252.63452911376953
4967,2020-04-14 16:00:00,84.34035,14.487979999999993,253.17666625976562
4968,2020-04-14 17:00:00,84.33962,14.451580000000007,253.55218505859375
4969,2020-04-14 18:00:00,84.33875,14.416050000000013,253.71540069580078
4970,2020-04-14 19:00:00,84.3379,14.383070000000004,253.5502471923828
4971,2020-04-14 20:00:00,84.33674,14.351470000000006,253.28179931640625
4972,2020-04-14 21:00:00,84.33576,14.322399999999988,253.02616119384766
4973,2020-04-14 22:00:00,84.33448,14.29455999999999,252.82801055908203
4974,2020-04-14 23:00:00,84.33328,14.268010000000004,252.72589111328125
4975,2020-04-15 00:00:00,84.33202,14.239280000000008,252.74011993408203
4976,2020-04-15 01:00:00,84.33074,14.20845,252.8727264404297
4977,2020-04-15 02:00:00,84.32956,14.176719999999989,253.17388916015625
4978,2020-04-15 03:00:00,84.32863,14.14482000000001,253.6248550415039
4979,2020-04-15 04:00:00,84.32792,14.11339000000001,254.1261215209961
4980,2020-04-15 05:00:00,84.32719,14.087739999999997,254.68164825439453
4981,2020-04-15 06:00:00,84.32681,14.061790000000002,255.37037658691406
4982,2020-04-15 07:00:00,84.32651,14.034449999999993,255.83777618408203
4983,2020-04-15 08:00:00,84.32641,14.006979999999999,255.9384994506836
4984,2020-04-15 09:00:00,84.32648,13.97851,256.0427474975586
4985,2020-04-15 10:00:00,84.32657,13.950479999999999,256.1634063720703
4986,2020-04-15 11:00:00,84.32651,13.920590000000004,256.15167236328125
4987,2020-04-15 12:00:00,84.32643,13.890039999999999,256.1637496948242
4988,2020-04-15 13:00:00,84.3258,13.855790000000013,256.298583984375
4989,2020-04-15 14:00:00,84.32484,13.81855999999999,256.5321044921875
4990,2020-04-15 15:00:00,84.32353,13.782070000000004,256.8870086669922
4991,2020-04-15 16:00:00,84.32227,13.745980000000003,257.2943420410156
4992,2020-04-15 17:00:00,84.32078,13.709699999999998,257.6240768432617
4993,2020-04-15 18:00:00,84.31891,13.67537999999999,257.73716735839844
4994,2020-04-15 19:00:00,84.31699,13.64260999999999,258.01224517822266
4995,2020-04-15 20:00:00,84.31501,13.61103,258.28304290771484
4996,2020-04-15 21:00:00,84.31279,13.57992999999999,258.5209732055664
4997,2020-04-15 22:00:00,84.31049,13.548550000000006,258.7748336791992
4998,2020-04-15 23:00:00,84.30805,13.513659999999987,259.07061767578125
4999,2020-04-16 00:00:00,84.30547,13.473939999999999,259.42626953125
5000,2020-04-16 01:00:00,84.30327,13.429290000000009,259.8795166015625
5001,2020-04-16 02:00:00,84.30223,13.37906000000001,260.5283203125
5002,2020-04-16 03:00:00,84.30259,13.327179999999998,261.4227523803711
5003,2020-04-16 04:00:00,84.30342,13.27534,262.42659759521484
5004,2020-04-16 05:00:00,84.30543,13.230529999999987,263.3577117919922
5005,2020-04-16 06:00:00,84.30826,13.19326000000001,264.08433532714844
5006,2020-04-16 07:00:00,84.31166,13.16228000000001,264.6450958251953
5007,2020-04-16 08:00:00,84.31543,13.138260000000002,265.1436309814453
5008,2020-04-16 09:00:00,84.31984,13.120519999999999,265.5908966064453
5009,2020-04-16 10:00:00,84.32486,13.106510000000014,266.0787353515625
5010,2020-04-16 11:00:00,84.33017,13.096779999999995,266.3747863769531
5011,2020-04-16 12:00:00,84.33552,13.091730000000013,266.69268798828125
5012,2020-04-16 13:00:00,84.34059,13.090280000000007,266.97572326660156
5013,2020-04-16 14:00:00,84.34554,13.090429999999998,266.8937683105469
5014,2020-04-16 15:00:00,84.35033,13.090759999999989,266.66566467285156
5015,2020-04-16 16:00:00,84.35511,13.093079999999986,266.34581756591797
5016,2020-04-16 17:00:00,84.36047,13.100059999999985,266.2225799560547
5017,2020-04-16 18:00:00,84.36627,13.116919999999993,266.07135009765625
5018,2020-04-16 19:00:00,84.37198,13.140569999999997,266.0037612915039
5019,2020-04-16 20:00:00,84.37801,13.175009999999986,265.78033447265625
5020,2020-04-16 21:00:00,84.38383,13.214049999999986,265.65213775634766
5021,2020-04-16 22:00:00,84.38932,13.25618,265.2089538574219
5022,2020-04-16 23:00:00,84.39459,13.301850000000002,263.98297119140625
5023,2020-04-17 00:00:00,84.39951,13.347399999999993,262.43184661865234
5024,2020-04-17 01:00:00,84.40396,13.395849999999996,260.95580291748047
5025,2020-04-17 02:00:00,84.40733,13.452110000000005,259.8210144042969
5026,2020-04-17 03:00:00,84.40997,13.507479999999987,258.9570770263672
5027,2020-04-17 04:00:00,84.41151,13.555309999999992,258.2162780761719
5028,2020-04-17 05:00:00,84.41219,13.594150000000013,257.6235656738281
5029,2020-04-17 06:00:00,84.41228,13.627190000000013,257.2625961303711
5030,2020-04-17 07:00:00,84.41197,13.651620000000008,257.1319885253906
5031,2020-04-17 08:00:00,84.41185,13.66812999999999,257.17559814453125
5032,2020-04-17 09:00:00,84.41229,13.678089999999997,257.2858352661133
5033,2020-04-17 10:00:00,84.41338,13.682799999999986,257.43982696533203
5034,2020-04-17 11:00:00,84.41501,13.68574000000001,257.65067291259766
5035,2020-04-17 12:00:00,84.41686,13.69031000000001,257.83834075927734
5036,2020-04-17 13:00:00,84.4194,13.706189999999992,257.92972564697266
5037,2020-04-17 14:00:00,84.42198,13.726339999999993,257.90928649902344
5038,2020-04-17 15:00:00,84.4243,13.743009999999998,257.7962341308594
5039,2020-04-17 16:00:00,84.42593,13.752530000000007,257.6083984375
5040,2020-04-17 17:00:00,84.42683,13.755279999999999,257.36234283447266
5041,2020-04-17 18:00:00,84.42737,13.758980000000008,257.0856399536133
5042,2020-04-17 19:00:00,84.42804,13.761560000000003,256.8480224609375
5043,2020-04-17 20:00:00,84.42875,13.764070000000004,256.76666259765625
5044,2020-04-17 21:00:00,84.4296,13.765690000000006,256.8100814819336
5045,2020-04-17 22:00:00,84.43072,13.765899999999988,256.8970184326172
5046,2020-04-17 23:00:00,84.43228,13.767830000000004,256.8991394042969
5047,2020-04-18 00:00:00,84.43428,13.76957999999999,256.9684600830078
5048,2020-04-18 01:00:00,84.4366,13.772690000000011,257.24143981933594
5049,2020-04-18 02:00:00,84.43903,13.777359999999987,257.48677825927734
5050,2020-04-18 03:00:00,84.44151,13.783320000000003,257.6930160522461
5051,2020-04-18 04:00:00,84.44403,13.790320000000008,258.2666320800781
5052,2020-04-18 05:00:00,84.44655,13.79822999999999,258.9198760986328
5053,2020-04-18 06:00:00,84.44908,13.80653000000001,259.2024154663086
5054,2020-04-18 07:00:00,84.4516,13.81393,259.6086654663086
5055,2020-04-18 08:00:00,84.45435,13.819819999999993,260.1383514404297
5056,2020-04-18 09:00:00,84.45789,13.825490000000002,260.9525833129883
5057,2020-04-18 10:00:00,84.46245,13.832889999999992,261.7649383544922
5058,2020-04-18 11:00:00,84.46781,13.843079999999986,262.1667175292969
5059,2020-04-18 12:00:00,84.4739,13.858779999999996,262.1117706298828
5060,2020-04-18 13:00:00,84.48021,13.880470000000003,262.62902069091797
5061,2020-04-18 14:00:00,84.48636,13.908179999999987,263.25360107421875
5062,2020-04-18 15:00:00,84.49181,13.944799999999987,263.65140533447266
5063,2020-04-18 16:00:00,84.49686,13.984070000000003,263.8066177368164
5064,2020-04-18 17:00:00,84.5016,14.024180000000001,263.99849700927734
5065,2020-04-18 18:00:00,84.5055,14.060290000000009,264.1053161621094
5066,2020-04-18 19:00:00,84.50957,14.096699999999998,264.35960388183594
5067,2020-04-18 20:00:00,84.51435,14.135590000000008,264.74369049072266
5068,2020-04-18 21:00:00,84.51953,14.178059999999988,264.8980255126953
5069,2020-04-18 22:00:00,84.52488,14.218610000000012,264.7559509277344
5070,2020-04-18 23:00:00,84.53139,14.264430000000004,264.70870208740234
5071,2020-04-19 00:00:00,84.53792,14.315460000000002,264.7515182495117
5072,2020-04-19 01:00:00,84.54384,14.36936,264.5739517211914
5073,2020-04-19 02:00:00,84.54917,14.423169999999999,265.0509262084961
5074,2020-04-19 03:00:00,84.55381,14.471309999999988,265.54884338378906
5075,2020-04-19 04:00:00,84.55804,14.51155,266.0970916748047
5076,2020-04-19 05:00:00,84.56206,14.545970000000011,266.8056411743164
5077,2020-04-19 06:00:00,84.56599,14.574240000000003,267.4021911621094
5078,2020-04-19 07:00:00,84.56995,14.599850000000004,267.9365539550781
5079,2020-04-19 08:00:00,84.5738,14.626090000000005,268.4574432373047
5080,2020-04-19 09:00:00,84.5781,14.652749999999997,268.8278503417969
5081,2020-04-19 10:00:00,84.58238,14.67922999999999,269.0530548095703
5082,2020-04-19 11:00:00,84.5864,14.703570000000013,269.3342514038086
5083,2020-04-19 12:00:00,84.59001,14.727890000000002,269.56786346435547
5084,2020-04-19 13:00:00,84.59326,14.749539999999996,269.66322326660156
5085,2020-04-19 14:00:00,84.59613,14.765109999999993,269.6800079345703
5086,2020-04-19 15:00:00,84.59864,14.7757,269.63145446777344
5087,2020-04-19 16:00:00,84.60072,14.779079999999993,269.4188995361328
5088,2020-04-19 17:00:00,84.60238,14.775180000000006,268.9108581542969
5089,2020-04-19 18:00:00,84.60393,14.766700000000014,268.47533416748047
5090,2020-04-19 19:00:00,84.60518,14.755179999999996,268.1019515991211
5091,2020-04-19 20:00:00,84.60604,14.742629999999991,267.6679153442383
5092,2020-04-19 21:00:00,84.60654,14.732290000000006,267.17628479003906
5093,2020-04-19 22:00:00,84.60663,14.724250000000012,266.63903045654297
5094,2020-04-19 23:00:00,84.60614,14.71835999999999,266.09825134277344
5095,2020-04-20 00:00:00,84.60492,14.715139999999991,265.94258880615234
5096,2020-04-20 01:00:00,84.60302,14.711379999999991,265.6904830932617
5097,2020-04-20 02:00:00,84.6006,14.703100000000006,265.56446075439453
5098,2020-04-20 03:00:00,84.59748,14.693309999999997,265.5063171386719
5099,2020-04-20 04:00:00,84.5939,14.682379999999995,265.4873809814453
5100,2020-04-20 05:00:00,84.58943,14.669900000000013,265.48863220214844
5101,2020-04-20 06:00:00,84.58353,14.656620000000004,265.52806091308594
5102,2020-04-20 07:00:00,84.57707,14.641770000000008,265.5498962402344
5103,2020-04-20 08:00:00,84.57038,14.624979999999994,265.5300750732422
5104,2020-04-20 09:00:00,84.56306,14.608749999999986,265.44537353515625
5105,2020-04-20 10:00:00,84.55489,14.593529999999987,265.28411865234375
5106,2020-04-20 11:00:00,84.54586,14.582660000000004,265.05432891845703
5107,2020-04-20 12:00:00,84.53649,14.578409999999991,264.77396392822266
5108,2020-04-20 13:00:00,84.52689,14.577269999999999,264.51568603515625
5109,2020-04-20 14:00:00,84.51688,14.578599999999994,264.2490463256836
5110,2020-04-20 15:00:00,84.5066,14.58456000000001,263.8867950439453
5111,2020-04-20 16:00:00,84.4959,14.595709999999997,263.32828521728516
5112,2020-04-20 17:00:00,84.48489,14.610389999999995,262.6478271484375
5113,2020-04-20 18:00:00,84.47371,14.627980000000008,261.9692916870117
5114,2020-04-20 19:00:00,84.46257,14.648300000000006,261.3973693847656
5115,2020-04-20 20:00:00,84.4515,14.67116999999999,260.8718490600586
5116,2020-04-20 21:00:00,84.44076,14.696879999999993,260.43724060058594
5117,2020-04-20 22:00:00,84.43041,14.726079999999996,260.12059020996094
5118,2020-04-20 23:00:00,84.42053,14.763290000000012,259.8646011352539
5119,2020-04-21 00:00:00,84.41065,14.80286000000001,259.6130599975586
5120,2020-04-21 01:00:00,84.4008,14.843320000000006,259.40357971191406
5121,2020-04-21 02:00:00,84.39128,14.885310000000004,259.27845001220703
5122,2020-04-21 03:00:00,84.38198,14.932099999999991,259.22950744628906
5123,2020-04-21 04:00:00,84.37235,14.977599999999995,259.1408004760742
5124,2020-04-21 05:00:00,84.36227,15.017979999999994,259.0692672729492
5125,2020-04-21 06:00:00,84.35192,15.052930000000003,259.0873031616211
5126,2020-04-21 07:00:00,84.34181,15.084159999999997,259.1398010253906
5127,2020-04-21 08:00:00,84.33179,15.113689999999991,259.22986602783203
5128,2020-04-21 09:00:00,84.32162,15.142840000000007,259.2565612792969
5129,2020-04-21 10:00:00,84.3114,15.172850000000011,259.24365997314453
5130,2020-04-21 11:00:00,84.30137,15.204489999999993,259.4040985107422
5131,2020-04-21 12:00:00,84.29164,15.239309999999989,259.5375747680664
5132,2020-04-21 13:00:00,84.28178,15.276759999999996,259.66251373291016
5133,2020-04-21 14:00:00,84.27205,15.316309999999987,259.68980407714844
5134,2020-04-21 15:00:00,84.2626,15.357139999999987,259.8040084838867
5135,2020-04-21 16:00:00,84.25344,15.398470000000003,259.83497619628906
5136,2020-04-21 17:00:00,84.24472,15.44171,259.8595428466797
5137,2020-04-21 18:00:00,84.23562,15.481429999999989,259.8103942871094
5138,2020-04-21 19:00:00,84.22656,15.51388,259.6338577270508
5139,2020-04-21 20:00:00,84.21776,15.537829999999985,259.26773834228516
5140,2020-04-21 21:00:00,84.20915,15.559419999999989,258.8730697631836
5141,2020-04-21 22:00:00,84.20086,15.582729999999998,258.55342864990234
5142,2020-04-21 23:00:00,84.19337,15.60936000000001,258.34020233154297
5143,2020-04-22 00:00:00,84.18652,15.641359999999992,258.3823471069336
5144,2020-04-22 01:00:00,84.18032,15.67761999999999,258.4542922973633
5145,2020-04-22 02:00:00,84.17456,15.71701999999999,258.47825622558594
5146,2020-04-22 03:00:00,84.16867,15.755259999999993,258.40802001953125
5147,2020-04-22 04:00:00,84.16271,15.789170000000013,258.32295989990234
5148,2020-04-22 05:00:00,84.15667,15.819189999999992,258.23946380615234
5149,2020-04-22 06:00:00,84.15071,15.846489999999989,258.16050720214844
5150,2020-04-22 07:00:00,84.14461,15.868369999999999,258.1159362792969
5151,2020-04-22 08:00:00,84.13872,15.885930000000002,258.1234664916992
5152,2020-04-22 09:00:00,84.13351,15.898320000000012,258.1304702758789
5153,2020-04-22 10:00:00,84.12861,15.909840000000003,258.11317443847656
5154,2020-04-22 11:00:00,84.12404,15.923010000000005,258.0847625732422
5155,2020-04-22 12:00:00,84.11992,15.940300000000008,258.02618408203125
5156,2020-04-22 13:00:00,84.1161,15.961970000000008,257.9315185546875
5157,2020-04-22 14:00:00,84.1125,15.983560000000011,257.8290557861328
5158,2020-04-22 15:00:00,84.10901,16.003719999999987,257.749267578125
5159,2020-04-22 16:00:00,84.10549,16.019299999999987,257.6647186279297
5160,2020-04-22 17:00:00,84.10205,16.031419999999997,257.51651763916016
5161,2020-04-22 18:00:00,84.09912,16.037299999999988,257.3221740722656
5162,2020-04-22 19:00:00,84.09671,16.038630000000012,257.1008834838867
5163,2020-04-22 20:00:00,84.09433,16.037779999999998,256.86082458496094
5164,2020-04-22 21:00:00,84.09221,16.034850000000006,256.6264114379883
5165,2020-04-22 22:00:00,84.09039,16.031180000000006,256.4019775390625
5166,2020-04-22 23:00:00,84.08883,16.02937,256.20995330810547
5167,2020-04-23 00:00:00,84.08746,16.029719999999998,256.05999755859375
5168,2020-04-23 01:00:00,84.08621,16.033889999999985,255.9601821899414
5169,2020-04-23 02:00:00,84.08508,16.04041000000001,255.91114044189453
5170,2020-04-23 03:00:00,84.08382,16.047950000000014,255.90840911865234
5171,2020-04-23 04:00:00,84.08252,16.055560000000014,255.9543228149414
5172,2020-04-23 05:00:00,84.0811,16.06143,256.04463958740234
5173,2020-04-23 06:00:00,84.07956,16.06366,256.1723861694336
5174,2020-04-23 07:00:00,84.07817,16.061970000000002,256.3257293701172
5175,2020-04-23 08:00:00,84.07697,16.056579999999997,256.4867706298828
5176,2020-04-23 09:00:00,84.07571,16.047770000000014,256.64307403564453
5177,2020-04-23 10:00:00,84.07446,16.03909999999999,256.7872772216797
5178,2020-04-23 11:00:00,84.07334,16.03289000000001,256.9117660522461
5179,2020-04-23 12:00:00,84.07238,16.029470000000003,257.0128479003906
5180,2020-04-23 13:00:00,84.0715,16.027950000000004,257.08260345458984
5181,2020-04-23 14:00:00,84.07096,16.030069999999995,257.12060546875
5182,2020-04-23 15:00:00,84.07055,16.033449999999988,257.11144256591797
5183,2020-04-23 16:00:00,84.07021,16.03564,257.04278564453125
5184,2020-04-23 17:00:00,84.06973,16.036450000000002,256.9157180786133
5185,2020-04-23 18:00:00,84.06897,16.03451000000001,256.7523956298828
5186,2020-04-23 19:00:00,84.06803,16.029120000000006,256.5718231201172
5187,2020-04-23 20:00:00,84.06704,16.019949999999994,256.38233184814453
5188,2020-04-23 21:00:00,84.06604,16.008640000000014,256.20475006103516
5189,2020-04-23 22:00:00,84.06504,15.99763999999999,256.05442810058594
5190,2020-04-23 23:00:00,84.06414,15.987729999999999,255.91992950439453
5191,2020-04-24 00:00:00,84.0634,15.981040000000007,255.8353042602539
5192,2020-04-24 01:00:00,84.06292,15.978090000000009,255.7532196044922
5193,2020-04-24 02:00:00,84.0627,15.978340000000003,255.6690673828125
5194,2020-04-24 03:00:00,84.06268,15.981099999999998,255.587890625
5195,2020-04-24 04:00:00,84.06272,15.983720000000005,255.47308349609375
5196,2020-04-24 05:00:00,84.06263,15.985700000000008,255.37825775146484
5197,2020-04-24 06:00:00,84.06223,15.983010000000007,255.4133071899414
5198,2020-04-24 07:00:00,84.06122,15.974739999999997,255.5743408203125
5199,2020-04-24 08:00:00,84.05988,15.961510000000004,255.7828140258789
5200,2020-04-24 09:00:00,84.05845,15.945300000000003,255.9928741455078
5201,2020-04-24 10:00:00,84.05669,15.927359999999993,256.25911712646484
5202,2020-04-24 11:00:00,84.0549,15.910830000000004,256.4930114746094
5203,2020-04-24 12:00:00,84.05303,15.897429999999986,256.60205841064453
5204,2020-04-24 13:00:00,84.05116,15.885559999999998,256.69276428222656
5205,2020-04-24 14:00:00,84.04944,15.876640000000009,256.7652587890625
5206,2020-04-24 15:00:00,84.04799,15.869949999999989,256.7626647949219
5207,2020-04-24 16:00:00,84.04672,15.862169999999992,256.6621856689453
5208,2020-04-24 17:00:00,84.04552,15.85551000000001,256.54437255859375
5209,2020-04-24 18:00:00,84.04399,15.845699999999994,256.4736862182617
5210,2020-04-24 19:00:00,84.04214,15.83232000000001,256.4027862548828
5211,2020-04-24 20:00:00,84.04049,15.816190000000006,256.25958251953125
5212,2020-04-24 21:00:00,84.03878,15.797329999999988,256.14381408691406
5213,2020-04-24 22:00:00,84.037,15.776790000000005,256.07816314697266
5214,2020-04-24 23:00:00,84.03516,15.756969999999995,256.02101135253906
5215,2020-04-25 00:00:00,84.03334,15.737899999999996,256.0051727294922
5216,2020-04-25 01:00:00,84.03163,15.719369999999998,255.96585845947266
5217,2020-04-25 02:00:00,84.03007,15.703010000000006,255.97028350830078
5218,2020-04-25 03:00:00,84.0286,15.689629999999994,255.9790496826172
5219,2020-04-25 04:00:00,84.02691,15.679419999999993,256.0653076171875
5220,2020-04-25 05:00:00,84.025,15.671179999999993,256.2142562866211
5221,2020-04-25 06:00:00,84.0228,15.662329999999997,256.34801483154297
5222,2020-04-25 07:00:00,84.02011,15.65245999999999,256.4648132324219
5223,2020-04-25 08:00:00,84.01683,15.641099999999994,256.53578186035156
5224,2020-04-25 09:00:00,84.013,15.62818999999999,256.5548553466797
5225,2020-04-25 10:00:00,84.00885,15.614480000000015,256.5536117553711
5226,2020-04-25 11:00:00,84.00454,15.599529999999987,256.5662078857422
5227,2020-04-25 12:00:00,84.00022,15.589079999999996,256.63201904296875
5228,2020-04-25 13:00:00,83.99592,15.581330000000008,256.64862060546875
5229,2020-04-25 14:00:00,83.99166,15.575739999999996,256.7052993774414
5230,2020-04-25 15:00:00,83.98767,15.573229999999995,256.8563995361328
5231,2020-04-25 16:00:00,83.98387,15.571560000000005,256.975830078125
5232,2020-04-25 17:00:00,83.98022,15.569709999999986,257.0939025878906
5233,2020-04-25 18:00:00,83.97676,15.56608,257.13829803466797
5234,2020-04-25 19:00:00,83.97344,15.560840000000013,257.2468948364258
5235,2020-04-25 20:00:00,83.97001,15.554030000000012,257.4267578125
5236,2020-04-25 21:00:00,83.96648,15.54441,257.4572982788086
5237,2020-04-25 22:00:00,83.96288,15.533469999999994,257.3434371948242
5238,2020-04-25 23:00:00,83.95945,15.52185,257.3837127685547
5239,2020-04-26 00:00:00,83.95628,15.512139999999988,257.49998474121094
5240,2020-04-26 01:00:00,83.9535,15.506499999999988,257.54772186279297
5241,2020-04-26 02:00:00,83.95094,15.503269999999986,257.6669387817383
5242,2020-04-26 03:00:00,83.94863,15.50582,257.5996551513672
5243,2020-04-26 04:00:00,83.94634,15.509039999999999,257.3256378173828
5244,2020-04-26 05:00:00,83.94403,15.513229999999993,257.14940643310547
5245,2020-04-26 06:00:00,83.94149,15.515449999999987,257.2339782714844
5246,2020-04-26 07:00:00,83.93946,15.518489999999986,257.35594177246094
5247,2020-04-26 08:00:00,83.93691,15.518759999999986,257.51741790771484
5248,2020-04-26 09:00:00,83.93437,15.51758000000001,257.70301055908203
5249,2020-04-26 10:00:00,83.93159,15.51500999999999,257.85145568847656
5250,2020-04-26 11:00:00,83.92876,15.51128,258.0297622680664
5251,2020-04-26 12:00:00,83.92605,15.50797,258.2768325805664
5252,2020-04-26 13:00:00,83.9236,15.506319999999988,258.38584899902344
5253,2020-04-26 14:00:00,83.92156,15.507090000000005,258.3909454345703
5254,2020-04-26 15:00:00,83.91992,15.510220000000004,258.35377502441406
5255,2020-04-26 16:00:00,83.91865,15.514790000000005,258.25386810302734
5256,2020-04-26 17:00:00,83.91776,15.520190000000014,258.10687255859375
5257,2020-04-26 18:00:00,83.91704,15.525290000000012,257.9209518432617
5258,2020-04-26 19:00:00,83.91643,15.529599999999988,257.71166229248047
5259,2020-04-26 20:00:00,83.91588,15.533350000000013,257.4799041748047
5260,2020-04-26 21:00:00,83.91525,15.535680000000013,257.2294616699219
5261,2020-04-26 22:00:00,83.91453,15.536830000000009,256.9910354614258
5262,2020-04-26 23:00:00,83.91395,15.53737000000001,256.79608154296875
5263,2020-04-27 00:00:00,83.91362,15.539590000000004,256.6988296508789
5264,2020-04-27 01:00:00,83.91341,15.542190000000005,256.70706939697266
5265,2020-04-27 02:00:00,83.91345,15.547920000000005,256.79659271240234
5266,2020-04-27 03:00:00,83.91437,15.561270000000007,256.8949279785156
5267,2020-04-27 04:00:00,83.91595,15.575040000000001,256.8860778808594
5268,2020-04-27 05:00:00,83.91788,15.589699999999993,256.8138961791992
5269,2020-04-27 06:00:00,83.9198,15.604089999999985,256.78228759765625
5270,2020-04-27 07:00:00,83.92206,15.617829999999998,256.78977966308594
5271,2020-04-27 08:00:00,83.92431,15.628209999999996,256.8239517211914
5272,2020-04-27 09:00:00,83.92653,15.633610000000004,257.07527923583984
5273,2020-04-27 10:00:00,83.92868,15.63422,257.25306701660156
5274,2020-04-27 11:00:00,83.93093,15.632059999999996,257.2498016357422
5275,2020-04-27 12:00:00,83.93358,15.634350000000012,257.3983459472656
5276,2020-04-27 13:00:00,83.93647,15.64309,257.62005615234375
5277,2020-04-27 14:00:00,83.94007,15.655429999999996,257.9059753417969
5278,2020-04-27 15:00:00,83.94407,15.671840000000003,258.10741424560547
5279,2020-04-27 16:00:00,83.94837,15.695969999999988,258.3401641845703
5280,2020-04-27 17:00:00,83.95271,15.720799999999997,258.7566223144531
5281,2020-04-27 18:00:00,83.95689,15.744100000000003,259.05513763427734
5282,2020-04-27 19:00:00,83.96097,15.765989999999988,259.21653747558594
5283,2020-04-27 20:00:00,83.9658,15.792149999999992,259.0856246948242
5284,2020-04-27 21:00:00,83.97072,15.820570000000004,258.9341812133789
5285,2020-04-27 22:00:00,83.97554,15.854700000000008,258.9675598144531
5286,2020-04-27 23:00:00,83.98032,15.889119999999991,259.2319793701172
5287,2020-04-28 00:00:00,83.98524,15.926860000000005,259.6911926269531
5288,2020-04-28 01:00:00,83.99021,15.96878000000001,260.20824432373047
5289,2020-04-28 02:00:00,83.99531,16.01391000000001,260.5743942260742
5290,2020-04-28 03:00:00,84.00044,16.062399999999997,260.9422073364258
5291,2020-04-28 04:00:00,84.00517,16.11339000000001,261.2203063964844
5292,2020-04-28 05:00:00,84.00969,16.165750000000003,261.64674377441406
5293,2020-04-28 06:00:00,84.01414,16.216939999999994,262.29166412353516
5294,2020-04-28 07:00:00,84.0185,16.268489999999986,262.8056869506836
5295,2020-04-28 08:00:00,84.02283,16.31808000000001,263.2595520019531
5296,2020-04-28 09:00:00,84.02697,16.366060000000004,263.6377410888672
5297,2020-04-28 10:00:00,84.0305,16.416390000000007,263.78418731689453
5298,2020-04-28 11:00:00,84.03369,16.464380000000006,263.85401153564453
5299,2020-04-28 12:00:00,84.03635,16.511860000000013,263.864501953125
5300,2020-04-28 13:00:00,84.03835,16.562180000000012,263.8505172729492
5301,2020-04-28 14:00:00,84.03999,16.61251999999999,263.8881378173828
5302,2020-04-28 15:00:00,84.04111,16.662589999999994,263.93396759033203
5303,2020-04-28 16:00:00,84.04182,16.713750000000005,264.11289978027344
5304,2020-04-28 17:00:00,84.04211,16.76635999999999,264.3308563232422
5305,2020-04-28 18:00:00,84.04187,16.81953999999999,264.4995422363281
5306,2020-04-28 19:00:00,84.04133,16.870119999999986,264.5884246826172
5307,2020-04-28 20:00:00,84.04063,16.915989999999994,264.5899429321289
5308,2020-04-28 21:00:00,84.03962,16.956189999999992,264.5355758666992
5309,2020-04-28 22:00:00,84.03839,16.98939999999999,264.43778228759766
5310,2020-04-28 23:00:00,84.03704,17.015860000000004,264.31807708740234
5311,2020-04-29 00:00:00,84.03566,17.038340000000005,264.1738739013672
5312,2020-04-29 01:00:00,84.03448,17.06065000000001,264.04247283935547
5313,2020-04-29 02:00:00,84.03329,17.084299999999985,263.92686462402344
5314,2020-04-29 03:00:00,84.03195,17.10508999999999,263.9207534790039
5315,2020-04-29 04:00:00,84.03068,17.127469999999988,263.9654006958008
5316,2020-04-29 05:00:00,84.02943,17.15548000000001,264.0596008300781
5317,2020-04-29 06:00:00,84.02797,17.18356,264.14768981933594
5318,2020-04-29 07:00:00,84.02618,17.207850000000008,264.0241241455078
5319,2020-04-29 08:00:00,84.0238,17.227810000000005,263.55748748779297
5320,2020-04-29 09:00:00,84.02092,17.239660000000015,262.84127044677734
5321,2020-04-29 10:00:00,84.01743,17.24432999999999,262.1802444458008
5322,2020-04-29 11:00:00,84.01342,17.243210000000005,261.9210891723633
5323,2020-04-29 12:00:00,84.00871,17.241060000000004,262.0314483642578
5324,2020-04-29 13:00:00,84.00355,17.234910000000013,262.10894775390625
5325,2020-04-29 14:00:00,83.99842,17.22407000000001,262.03602600097656
5326,2020-04-29 15:00:00,83.9934,17.214409999999987,262.03221130371094
5327,2020-04-29 16:00:00,83.98906,17.207870000000014,262.04164123535156
5328,2020-04-29 17:00:00,83.98499,17.209519999999998,261.66273498535156
5329,2020-04-29 18:00:00,83.98083,17.221149999999994,261.0904846191406
5330,2020-04-29 19:00:00,83.97663,17.236009999999993,260.6233367919922
5331,2020-04-29 20:00:00,83.9726,17.24942999999999,260.4128112792969
5332,2020-04-29 21:00:00,83.96906,17.261200000000002,260.31800842285156
5333,2020-04-29 22:00:00,83.96578,17.27458999999999,260.26342010498047
5334,2020-04-29 23:00:00,83.96233,17.287720000000007,260.19742584228516
5335,2020-04-30 00:00:00,83.95894,17.298689999999993,259.98851776123047
5336,2020-04-30 01:00:00,83.9558,17.308750000000003,259.8896484375
5337,2020-04-30 02:00:00,83.95284,17.319590000000005,259.89512634277344
5338,2020-04-30 03:00:00,83.95014,17.329710000000006,259.85179901123047
5339,2020-04-30 04:00:00,83.94775,17.342700000000008,259.8930358886719
5340,2020-04-30 05:00:00,83.94577,17.35781,259.9500427246094
5341,2020-04-30 06:00:00,83.94403,17.375319999999988,260.1474304199219
5342,2020-04-30 07:00:00,83.94221,17.395970000000005,260.42613983154297
5343,2020-04-30 08:00:00,83.94042,17.41637,260.6359100341797
5344,2020-04-30 09:00:00,83.93859,17.436890000000005,260.79540252685547
5345,2020-04-30 10:00:00,83.93672,17.456829999999997,260.927978515625
5346,2020-04-30 11:00:00,83.93477,17.474860000000007,261.1279983520508
5347,2020-04-30 12:00:00,83.93272,17.49072000000001,261.29225158691406
5348,2020-04-30 13:00:00,83.93071,17.502909999999986,261.2368698120117
5349,2020-04-30 14:00:00,83.92873,17.512040000000013,261.09778594970703
5350,2020-04-30 15:00:00,83.92683,17.520550000000014,261.03501892089844
5351,2020-04-30 16:00:00,83.92509,17.53092000000001,260.89111328125
5352,2020-04-30 17:00:00,83.92362,17.543270000000007,260.8481216430664
5353,2020-04-30 18:00:00,83.92232,17.557299999999998,260.69596099853516
5354,2020-04-30 19:00:00,83.92123,17.574430000000007,260.48309326171875
5355,2020-04-30 20:00:00,83.92011,17.590210000000013,260.1190490722656
5356,2020-04-30 21:00:00,83.91901,17.603280000000012,259.7691345214844
5357,2020-04-30 22:00:00,83.918,17.613740000000007,259.4735412597656
5358,2020-04-30 23:00:00,83.91708,17.62174999999999,259.1748809814453
5359,2020-05-01 00:00:00,83.91639,17.627819999999986,258.9364547729492
5360,2020-05-01 01:00:00,83.91581,17.632530000000003,258.7879867553711
5361,2020-05-01 02:00:00,83.91542,17.637040000000013,258.7556381225586
5362,2020-05-01 03:00:00,83.9152,17.641909999999996,258.8722229003906
5363,2020-05-01 04:00:00,83.91528,17.64783,259.0238265991211
5364,2020-05-01 05:00:00,83.91545,17.65491,259.21739959716797
5365,2020-05-01 06:00:00,83.91583,17.663129999999995,259.3745803833008
5366,2020-05-01 07:00:00,83.9165,17.672059999999988,259.6672592163086
5367,2020-05-01 08:00:00,83.91731,17.681899999999985,260.02843475341797
5368,2020-05-01 09:00:00,83.91804,17.68880999999999,260.30225372314453
5369,2020-05-01 10:00:00,83.9188,17.69229999999999,260.4004592895508
5370,2020-05-01 11:00:00,83.91954,17.69081,260.35233306884766
5371,2020-05-01 12:00:00,83.9201,17.682600000000008,260.3165817260742
5372,2020-05-01 13:00:00,83.92087,17.67007000000001,260.30091094970703
5373,2020-05-01 14:00:00,83.92146,17.654240000000016,260.28499603271484
5374,2020-05-01 15:00:00,83.92212,17.63673,260.26342010498047
5375,2020-05-01 16:00:00,83.92257,17.624040000000008,260.2050552368164
5376,2020-05-01 17:00:00,83.92269,17.61703,260.10890197753906
5377,2020-05-01 18:00:00,83.92234,17.614229999999992,259.9229431152344
5378,2020-05-01 19:00:00,83.92156,17.613529999999997,259.7410583496094
5379,2020-05-01 20:00:00,83.92053,17.61151000000001,259.5987548828125
5380,2020-05-01 21:00:00,83.91942,17.607380000000006,259.48936462402344
5381,2020-05-01 22:00:00,83.91858,17.602779999999996,259.4194793701172
5382,2020-05-01 23:00:00,83.91786,17.59620000000001,259.3655776977539
5383,2020-05-02 00:00:00,83.9173,17.587819999999994,259.3489456176758
5384,2020-05-02 01:00:00,83.91677,17.57876999999999,259.3327102661133
5385,2020-05-02 02:00:00,83.91642,17.57095000000001,259.3321304321289
5386,2020-05-02 03:00:00,83.91587,17.56396000000001,259.33333587646484
5387,2020-05-02 04:00:00,83.91487,17.558279999999996,259.3372344970703
5388,2020-05-02 05:00:00,83.91358,17.55583999999999,259.38416290283203
5389,2020-05-02 06:00:00,83.91212,17.556309999999996,259.4295425415039
5390,2020-05-02 07:00:00,83.91057,17.558750000000003,259.53894805908203
5391,2020-05-02 08:00:00,83.90896,17.561980000000005,259.80216217041016
5392,2020-05-02 09:00:00,83.90733,17.56501,260.1223678588867
5393,2020-05-02 10:00:00,83.90573,17.567350000000005,260.45628356933594
5394,2020-05-02 11:00:00,83.9042,17.56877,260.52124786376953
5395,2020-05-02 12:00:00,83.90273,17.569709999999986,260.2246856689453
5396,2020-05-02 13:00:00,83.90124,17.570179999999993,259.6333694458008
5397,2020-05-02 14:00:00,83.89989,17.569790000000012,259.1222457885742
5398,2020-05-02 15:00:00,83.89847,17.57204999999999,258.79003143310547
5399,2020-05-02 16:00:00,83.89711,17.57566,258.61183166503906
5400,2020-05-02 17:00:00,83.89558,17.57999000000001,258.5300979614258
5401,2020-05-02 18:00:00,83.89405,17.586060000000003,258.52539825439453
5402,2020-05-02 19:00:00,83.89236,17.597370000000012,258.71852111816406
5403,2020-05-02 20:00:00,83.89058,17.611379999999997,258.9497985839844
5404,2020-05-02 21:00:00,83.88907,17.625249999999994,259.0921936035156
5405,2020-05-02 22:00:00,83.8878,17.64009999999999,259.0835189819336
5406,2020-05-02 23:00:00,83.88686,17.655910000000006,258.99049377441406
5407,2020-05-03 00:00:00,83.88631,17.67201,258.87500762939453
5408,2020-05-03 01:00:00,83.88591,17.68893,258.6558532714844
5409,2020-05-03 02:00:00,83.88559,17.705070000000006,258.3298873901367
5410,2020-05-03 03:00:00,83.88458,17.716880000000003,258.0279846191406
5411,2020-05-03 04:00:00,83.88383,17.73053999999999,257.89781188964844
5412,2020-05-03 05:00:00,83.88396,17.74817999999999,257.94429779052734
5413,2020-05-03 06:00:00,83.88402,17.767390000000006,257.9677505493164
5414,2020-05-03 07:00:00,83.88396,17.78909999999999,258.0343551635742
5415,2020-05-03 08:00:00,83.88381,17.81264999999999,258.0912551879883
5416,2020-05-03 09:00:00,83.8838,17.84011000000001,258.27223205566406
5417,2020-05-03 10:00:00,83.88403,17.871880000000004,258.4400100708008
5418,2020-05-03 11:00:00,83.88457,17.906319999999994,258.55699920654297
5419,2020-05-03 12:00:00,83.88526,17.942139999999995,258.74437713623047
5420,2020-05-03 13:00:00,83.88585,17.976789999999994,258.93860626220703
5421,2020-05-03 14:00:00,83.88628,18.00899000000001,259.10448455810547
5422,2020-05-03 15:00:00,83.88668,18.037149999999997,259.2403793334961
5423,2020-05-03 16:00:00,83.88705,18.062549999999987,259.3738021850586
5424,2020-05-03 17:00:00,83.88725,18.084550000000007,259.4293975830078
5425,2020-05-03 18:00:00,83.88734,18.10479000000001,259.38428497314453
5426,2020-05-03 19:00:00,83.88727,18.123879999999986,259.30287170410156
5427,2020-05-03 20:00:00,83.88719,18.142959999999988,259.2282028198242
5428,2020-05-03 21:00:00,83.88716,18.162890000000004,259.2170715332031
5429,2020-05-03 22:00:00,83.88723,18.183789999999988,259.18897247314453
5430,2020-05-03 23:00:00,83.88745,18.20474999999999,259.1925506591797
5431,2020-05-04 00:00:00,83.88782,18.22484,259.18556213378906
5432,2020-05-04 01:00:00,83.8884,18.243330000000014,259.19445037841797
5433,2020-05-04 02:00:00,83.88928,18.260099999999994,259.2690200805664
5434,2020-05-04 03:00:00,83.89047,18.27501000000001,259.3747787475586
5435,2020-05-04 04:00:00,83.89179,18.28698,259.5392608642578
5436,2020-05-04 05:00:00,83.8932,18.296879999999987,259.48988342285156
5437,2020-05-04 06:00:00,83.89466,18.30476999999999,259.20149993896484
5438,2020-05-04 07:00:00,83.89623,18.31183999999999,258.97547149658203
5439,2020-05-04 08:00:00,83.89792,18.318240000000003,259.11128997802734
5440,2020-05-04 09:00:00,83.8998,18.32517999999999,259.5079040527344
5441,2020-05-04 10:00:00,83.90191,18.33287999999999,259.8461151123047
5442,2020-05-04 11:00:00,83.90411,18.340689999999995,260.01644134521484
5443,2020-05-04 12:00:00,83.90635,18.34783999999999,260.1418151855469
5444,2020-05-04 13:00:00,83.90857,18.35315,260.2853317260742
5445,2020-05-04 14:00:00,83.91061,18.35408000000001,260.2897720336914
5446,2020-05-04 15:00:00,83.91269,18.351049999999987,260.1898498535156
5447,2020-05-04 16:00:00,83.91456,18.345100000000002,259.9548873901367
5448,2020-05-04 17:00:00,83.91619,18.336690000000004,259.56639099121094
5449,2020-05-04 18:00:00,83.9177,18.326210000000003,259.17481994628906
5450,2020-05-04 19:00:00,83.91876,18.315179999999998,259.0453109741211
5451,2020-05-04 20:00:00,83.9195,18.30539999999999,259.0959777832031
5452,2020-05-04 21:00:00,83.92018,18.297239999999988,259.1324234008789
5453,2020-05-04 22:00:00,83.92055,18.29307,259.10633850097656
5454,2020-05-04 23:00:00,83.92079,18.289410000000004,259.02777099609375
5455,2020-05-05 00:00:00,83.92113,18.286249999999995,258.9154815673828
5456,2020-05-05 01:00:00,83.92157,18.28128000000001,258.82667541503906
5457,2020-05-05 02:00:00,83.92204,18.274310000000014,258.777587890625
5458,2020-05-05 03:00:00,83.92242,18.265440000000012,258.96429443359375
5459,2020-05-05 04:00:00,83.92283,18.25202999999999,259.4439468383789
5460,2020-05-05 05:00:00,83.92322,18.234409999999997,260.14881134033203
5461,2020-05-05 06:00:00,83.92351,18.214889999999997,260.9310302734375
5462,2020-05-05 07:00:00,83.92367,18.19514000000001,261.51634216308594
5463,2020-05-05 08:00:00,83.92366,18.17643000000001,262.05052185058594
5464,2020-05-05 09:00:00,83.92364,18.15458000000001,262.4414825439453
5465,2020-05-05 10:00:00,83.92328,18.13452000000001,262.7683563232422
5466,2020-05-05 11:00:00,83.92252,18.11464000000001,262.9853973388672
5467,2020-05-05 12:00:00,83.92157,18.09907000000001,263.20018768310547
5468,2020-05-05 13:00:00,83.9205,18.083730000000003,263.33443450927734
5469,2020-05-05 14:00:00,83.91933,18.066730000000007,263.4247055053711
5470,2020-05-05 15:00:00,83.91817,18.047979999999995,263.4519958496094
5471,2020-05-05 16:00:00,83.91702,18.02636000000001,263.4957046508789
5472,2020-05-05 17:00:00,83.91601,18.00184999999999,263.5072784423828
5473,2020-05-05 18:00:00,83.91515,17.975689999999986,263.55760955810547
5474,2020-05-05 19:00:00,83.91433,17.94971000000001,263.61607360839844
5475,2020-05-05 20:00:00,83.91348,17.926080000000013,263.64656829833984
5476,2020-05-05 21:00:00,83.91256,17.90565000000001,263.75013732910156
5477,2020-05-05 22:00:00,83.91182,17.887910000000005,263.82784271240234
5478,2020-05-05 23:00:00,83.91108,17.874959999999987,263.8762893676758
5479,2020-05-06 00:00:00,83.91029,17.86518000000001,263.88783264160156
5480,2020-05-06 01:00:00,83.90948,17.856300000000005,263.91526794433594
5481,2020-05-06 02:00:00,83.90873,17.84630999999999,264.01698303222656
5482,2020-05-06 03:00:00,83.90833,17.83536000000001,264.08516693115234
5483,2020-05-06 04:00:00,83.9088,17.823309999999992,264.12308502197266
5484,2020-05-06 05:00:00,83.90975,17.80805000000001,264.0923309326172
5485,2020-05-06 06:00:00,83.91093,17.788939999999997,264.0243225097656
5486,2020-05-06 07:00:00,83.91249,17.76988,263.93531036376953
5487,2020-05-06 08:00:00,83.91434,17.750339999999994,263.87686920166016
5488,2020-05-06 09:00:00,83.91646,17.731279999999998,263.79612731933594
5489,2020-05-06 10:00:00,83.91829,17.71208999999999,263.80303955078125
5490,2020-05-06 11:00:00,83.91939,17.695490000000007,263.80606842041016
5491,2020-05-06 12:00:00,83.92085,17.679609999999997,263.8244857788086
5492,2020-05-06 13:00:00,83.92235,17.663029999999992,263.85364532470703
5493,2020-05-06 14:00:00,83.92385,17.644659999999988,263.80104064941406
5494,2020-05-06 15:00:00,83.92567,17.62353999999999,263.6423110961914
5495,2020-05-06 16:00:00,83.92782,17.59727000000001,263.4537887573242
5496,2020-05-06 17:00:00,83.93022,17.567450000000008,263.30340576171875
5497,2020-05-06 18:00:00,83.93245,17.53513000000001,263.3397445678711
5498,2020-05-06 19:00:00,83.93438,17.50146000000001,263.3301696777344
5499,2020-05-06 20:00:00,83.93596,17.465480000000014,262.93995666503906
5500,2020-05-06 21:00:00,83.93731,17.42756,262.1643829345703
5501,2020-05-06 22:00:00,83.93836,17.389080000000007,261.5197067260742
5502,2020-05-06 23:00:00,83.93903,17.353859999999997,261.04371643066406
5503,2020-05-07 00:00:00,83.93927,17.319739999999996,260.48326110839844
5504,2020-05-07 01:00:00,83.93927,17.283649999999994,260.0174026489258
5505,2020-05-07 02:00:00,83.93901,17.24436,259.94791412353516
5506,2020-05-07 03:00:00,83.93876,17.201519999999988,260.2213363647461
5507,2020-05-07 04:00:00,83.93857,17.154020000000003,260.4508743286133
5508,2020-05-07 05:00:00,83.93837,17.10181,260.72997283935547
5509,2020-05-07 06:00:00,83.93815,17.04495,261.1403503417969
5510,2020-05-07 07:00:00,83.93787,16.9846,261.49102783203125
5511,2020-05-07 08:00:00,83.93743,16.921609999999987,261.67066192626953
5512,2020-05-07 09:00:00,83.93678,16.85766000000001,261.72110748291016
5513,2020-05-07 10:00:00,83.93589,16.79428999999999,261.84485626220703
5514,2020-05-07 11:00:00,83.93473,16.73263,262.06190490722656
5515,2020-05-07 12:00:00,83.93337,16.67132000000001,262.1133499145508
5516,2020-05-07 13:00:00,83.9318,16.610929999999996,262.0230255126953
5517,2020-05-07 14:00:00,83.93024,16.55149,261.9283752441406
5518,2020-05-07 15:00:00,83.92874,16.492019999999997,261.97513580322266
5519,2020-05-07 16:00:00,83.92694,16.432420000000008,261.92530822753906
5520,2020-05-07 17:00:00,83.9249,16.372070000000008,261.73333740234375
5521,2020-05-07 18:00:00,83.92263,16.31071,261.566162109375
5522,2020-05-07 19:00:00,83.92,16.24879999999999,261.49656677246094
5523,2020-05-07 20:00:00,83.91692,16.18665999999999,261.47278594970703
5524,2020-05-07 21:00:00,83.91354,16.125869999999992,261.4747543334961
5525,2020-05-07 22:00:00,83.90995,16.06787,261.55261993408203
5526,2020-05-07 23:00:00,83.90621,16.012940000000015,261.74500274658203
5527,2020-05-08 00:00:00,83.90242,15.960620000000006,261.9328079223633
5528,2020-05-08 01:00:00,83.89867,15.910020000000003,262.0243606567383
5529,2020-05-08 02:00:00,83.89473,15.859309999999994,262.04933166503906
5530,2020-05-08 03:00:00,83.89059,15.80646999999999,262.14612579345703
5531,2020-05-08 04:00:00,83.88616,15.750940000000014,262.3082809448242
5532,2020-05-08 05:00:00,83.88183,15.69341,262.5187454223633
5533,2020-05-08 06:00:00,83.87729,15.631,262.75604248046875
5534,2020-05-08 07:00:00,83.87259,15.563379999999995,262.9952926635742
5535,2020-05-08 08:00:00,83.86787,15.49287000000001,263.27465057373047
5536,2020-05-08 09:00:00,83.86319,15.420760000000001,263.5581588745117
5537,2020-05-08 10:00:00,83.85882,15.348189999999988,263.77661895751953
5538,2020-05-08 11:00:00,83.85501,15.276769999999999,263.90418243408203
5539,2020-05-08 12:00:00,83.8518,15.205610000000007,263.9923858642578
5540,2020-05-08 13:00:00,83.84891,15.138260000000002,264.0060577392578
5541,2020-05-08 14:00:00,83.84627,15.073039999999992,263.9018020629883
5542,2020-05-08 15:00:00,83.84401,15.00981999999999,263.71854400634766
5543,2020-05-08 16:00:00,83.84191,14.948090000000008,263.5784454345703
5544,2020-05-08 17:00:00,83.83985,14.886130000000009,263.4530563354492
5545,2020-05-08 18:00:00,83.83784,14.823370000000011,263.27962493896484
5546,2020-05-08 19:00:00,83.83555,14.7594,262.954833984375
5547,2020-05-08 20:00:00,83.833,14.694320000000005,262.5896759033203
5548,2020-05-08 21:00:00,83.83014,14.632460000000009,262.1692810058594
5549,2020-05-08 22:00:00,83.82691,14.573370000000011,261.8047637939453
5550,2020-05-08 23:00:00,83.82339,14.513710000000003,261.5570755004883
5551,2020-05-09 00:00:00,83.81954,14.457539999999995,261.53763580322266
5552,2020-05-09 01:00:00,83.8155,14.407199999999989,261.2884292602539
5553,2020-05-09 02:00:00,83.8114,14.360800000000012,261.02020263671875
5554,2020-05-09 03:00:00,83.80749,14.31620000000001,260.5935516357422
5555,2020-05-09 04:00:00,83.80385,14.272879999999986,259.8699951171875
5556,2020-05-09 05:00:00,83.80027,14.231719999999996,259.25750732421875
5557,2020-05-09 06:00:00,83.7967,14.19292999999999,258.94195556640625
5558,2020-05-09 07:00:00,83.79299,14.151589999999999,258.7983093261719
5559,2020-05-09 08:00:00,83.78906,14.111809999999991,258.58934783935547
5560,2020-05-09 09:00:00,83.78485,14.074340000000007,258.37891387939453
5561,2020-05-09 10:00:00,83.78051,14.037209999999988,258.4495086669922
5562,2020-05-09 11:00:00,83.77574,13.997209999999995,258.48069763183594
5563,2020-05-09 12:00:00,83.77083,13.96681000000001,258.4095458984375
5564,2020-05-09 13:00:00,83.76596,13.943720000000013,258.1938018798828
5565,2020-05-09 14:00:00,83.76125,13.92376999999999,258.09169006347656
5566,2020-05-09 15:00:00,83.75657,13.909909999999996,258.064697265625
5567,2020-05-09 16:00:00,83.75218,13.895129999999995,258.01619720458984
5568,2020-05-09 17:00:00,83.74796,13.87849,257.8970184326172
5569,2020-05-09 18:00:00,83.74384,13.859379999999987,257.7764129638672
5570,2020-05-09 19:00:00,83.73965,13.83789999999999,257.70923614501953
5571,2020-05-09 20:00:00,83.73516,13.813449999999989,257.6617965698242
5572,2020-05-09 21:00:00,83.73055,13.78603000000001,257.57611083984375
5573,2020-05-09 22:00:00,83.72605,13.757509999999996,257.5104446411133
5574,2020-05-09 23:00:00,83.72166,13.730940000000004,257.5469207763672
5575,2020-05-10 00:00:00,83.71739,13.710460000000012,257.4908447265625
5576,2020-05-10 01:00:00,83.71334,13.693739999999991,257.50794219970703
5577,2020-05-10 02:00:00,83.70944,13.681360000000012,257.46903228759766
5578,2020-05-10 03:00:00,83.70557,13.67152999999999,257.4874801635742
5579,2020-05-10 04:00:00,83.70157,13.660439999999994,257.55865478515625
5580,2020-05-10 05:00:00,83.69775,13.649079999999998,257.6246032714844
5581,2020-05-10 06:00:00,83.69367,13.634359999999987,257.74466705322266
5582,2020-05-10 07:00:00,83.68907,13.61393000000001,257.92337799072266
5583,2020-05-10 08:00:00,83.68389,13.588060000000013,258.1054153442383
5584,2020-05-10 09:00:00,83.67821,13.558670000000006,258.2285461425781
5585,2020-05-10 10:00:00,83.67212,13.52727999999999,258.33935546875
5586,2020-05-10 11:00:00,83.6657,13.495650000000012,258.5021438598633
5587,2020-05-10 12:00:00,83.65907,13.464589999999987,258.6649475097656
5588,2020-05-10 13:00:00,83.65237,13.43540999999999,258.8569869995117
5589,2020-05-10 14:00:00,83.64557,13.40888000000001,259.02050018310547
5590,2020-05-10 15:00:00,83.63881,13.385580000000004,259.14373779296875
5591,2020-05-10 16:00:00,83.63226,13.36581000000001,259.12162017822266
5592,2020-05-10 17:00:00,83.62587,13.346990000000005,259.12815856933594
5593,2020-05-10 18:00:00,83.61954,13.328039999999987,259.09339141845703
5594,2020-05-10 19:00:00,83.61317,13.307600000000008,259.1221694946289
5595,2020-05-10 20:00:00,83.60673,13.285269999999997,259.07608795166016
5596,2020-05-10 21:00:00,83.60028,13.261359999999996,258.90836334228516
5597,2020-05-10 22:00:00,83.59376,13.236500000000007,258.6790313720703
5598,2020-05-10 23:00:00,83.58715,13.212320000000005,258.3596725463867
5599,2020-05-11 00:00:00,83.58058,13.190049999999985,258.29586029052734
5600,2020-05-11 01:00:00,83.57411,13.17147,258.43102264404297
5601,2020-05-11 02:00:00,83.56775,13.15791999999999,258.7302017211914
5602,2020-05-11 03:00:00,83.56144,13.14994999999999,259.05387115478516
5603,2020-05-11 04:00:00,83.55503,13.146320000000003,259.44580841064453
5604,2020-05-11 05:00:00,83.54848,13.145810000000012,259.7993469238281
5605,2020-05-11 06:00:00,83.54174,13.144990000000007,260.28326416015625
5606,2020-05-11 07:00:00,83.5347,13.143750000000011,260.89256286621094
5607,2020-05-11 08:00:00,83.52738,13.141790000000015,261.1324005126953
5608,2020-05-11 09:00:00,83.5198,13.138080000000002,261.0797348022461
5609,2020-05-11 10:00:00,83.51208,13.131640000000004,261.2248001098633
5610,2020-05-11 11:00:00,83.50439,13.122590000000002,261.79698944091797
5611,2020-05-11 12:00:00,83.49678,13.111979999999988,262.4515838623047
5612,2020-05-11 13:00:00,83.48936,13.102249999999998,263.0740432739258
5613,2020-05-11 14:00:00,83.48215,13.094780000000014,263.54700469970703
5614,2020-05-11 15:00:00,83.47522,13.089859999999987,263.87923431396484
5615,2020-05-11 16:00:00,83.46852,13.085820000000012,264.16451263427734
5616,2020-05-11 17:00:00,83.46226,13.080989999999986,264.44764709472656
5617,2020-05-11 18:00:00,83.45658,13.074000000000012,264.4468307495117
5618,2020-05-11 19:00:00,83.45145,13.064750000000004,264.1698760986328
5619,2020-05-11 20:00:00,83.44679,13.054180000000002,263.8097686767578
5620,2020-05-11 21:00:00,83.44262,13.041230000000013,263.61043548583984
5621,2020-05-11 22:00:00,83.43891,13.026299999999992,263.3250732421875
5622,2020-05-11 23:00:00,83.4356,13.010539999999992,263.2395935058594
5623,2020-05-12 00:00:00,83.43262,12.994769999999988,262.6611785888672
5624,2020-05-12 01:00:00,83.42995,12.98026999999999,262.67871856689453
5625,2020-05-12 02:00:00,83.42749,12.966829999999987,262.7765884399414
5626,2020-05-12 03:00:00,83.42532,12.954119999999989,262.94053649902344
5627,2020-05-12 04:00:00,83.42348,12.942219999999992,263.0565643310547
5628,2020-05-12 05:00:00,83.42199,12.928290000000004,262.98854064941406
5629,2020-05-12 06:00:00,83.42095,12.910050000000012,262.963623046875
5630,2020-05-12 07:00:00,83.42038,12.8853,263.17333984375
5631,2020-05-12 08:00:00,83.42024,12.852910000000008,263.8472366333008
5632,2020-05-12 09:00:00,83.42046,12.813690000000008,264.1455307006836
5633,2020-05-12 10:00:00,83.42135,12.768840000000012,264.1619415283203
5634,2020-05-12 11:00:00,83.42247,12.721129999999988,263.94505310058594
5635,2020-05-12 12:00:00,83.4235,12.673910000000006,263.74109649658203
5636,2020-05-12 13:00:00,83.42372,12.628680000000003,263.7446975708008
5637,2020-05-12 14:00:00,83.4232,12.581410000000005,264.019287109375
5638,2020-05-12 15:00:00,83.42201,12.532010000000014,264.2628479003906
5639,2020-05-12 16:00:00,83.42008,12.477509999999995,264.2637023925781
5640,2020-05-12 17:00:00,83.41761,12.418710000000004,264.1271057128906
5641,2020-05-12 18:00:00,83.41453,12.350819999999999,264.1404495239258
5642,2020-05-12 19:00:00,83.41067,12.28121999999999,263.8768615722656
5643,2020-05-12 20:00:00,83.40658,12.197030000000012,263.56060791015625
5644,2020-05-12 21:00:00,83.40201,12.108609999999999,263.3773727416992
5645,2020-05-12 22:00:00,83.39732,12.021389999999997,263.5336685180664
5646,2020-05-12 23:00:00,83.39166,11.934449999999998,263.8647689819336
5647,2020-05-13 00:00:00,83.38534,11.833490000000012,264.09466552734375
5648,2020-05-13 01:00:00,83.37974,11.720760000000013,264.5018081665039
5649,2020-05-13 02:00:00,83.37598,11.588169999999991,265.18968200683594
5650,2020-05-13 03:00:00,83.37325,11.45881,266.23455810546875
5651,2020-05-13 04:00:00,83.37161,11.334329999999994,266.8550338745117
5652,2020-05-13 05:00:00,83.37117,11.219330000000014,267.21256256103516
5653,2020-05-13 06:00:00,83.37125,11.110829999999993,267.7527847290039
5654,2020-05-13 07:00:00,83.37148,11.005740000000003,268.3366012573242
5655,2020-05-13 08:00:00,83.37155,10.905110000000008,268.86930084228516
5656,2020-05-13 09:00:00,83.37105,10.810480000000013,268.8725891113281
5657,2020-05-13 10:00:00,83.3706,10.717109999999991,268.310302734375
5658,2020-05-13 11:00:00,83.37024,10.627749999999992,268.0030288696289
5659,2020-05-13 12:00:00,83.36956,10.5394,267.8277893066406
5660,2020-05-13 13:00:00,83.36863,10.459800000000001,267.6756057739258
5661,2020-05-13 14:00:00,83.36793,10.383350000000007,267.5205078125
5662,2020-05-13 15:00:00,83.36753,10.315539999999999,267.44429779052734
5663,2020-05-13 16:00:00,83.36732,10.262709999999998,267.45062255859375
5664,2020-05-13 17:00:00,83.36755,10.221910000000008,267.46446228027344
5665,2020-05-13 18:00:00,83.36809,10.191630000000004,267.58079528808594
5666,2020-05-13 19:00:00,83.36885,10.169370000000015,267.58174896240234
5667,2020-05-13 20:00:00,83.37001,10.158940000000001,267.66670989990234
5668,2020-05-13 21:00:00,83.37176,10.145309999999995,267.7452163696289
5669,2020-05-13 22:00:00,83.37401,10.125110000000006,267.73521423339844
5670,2020-05-13 23:00:00,83.37648,10.101030000000009,267.59949493408203
5671,2020-05-14 00:00:00,83.37905,10.07383999999999,267.4196243286133
5672,2020-05-14 01:00:00,83.3812,10.047650000000004,267.19203186035156
5673,2020-05-14 02:00:00,83.38312,10.022050000000007,267.02452087402344
5674,2020-05-14 03:00:00,83.38492,10.000859999999989,266.8841247558594
5675,2020-05-14 04:00:00,83.38676,9.98375999999999,266.819091796875
5676,2020-05-14 05:00:00,83.38876,9.970940000000013,266.7621078491211
5677,2020-05-14 06:00:00,83.3906,9.959039999999987,266.71070861816406
5678,2020-05-14 07:00:00,83.39206,9.945819999999998,266.6191711425781
5679,2020-05-14 08:00:00,83.39313,9.93189000000001,266.56742095947266
5680,2020-05-14 09:00:00,83.39372,9.917460000000005,266.5462875366211
5681,2020-05-14 10:00:00,83.39376,9.906409999999994,266.58216094970703
5682,2020-05-14 11:00:00,83.39333,9.89527000000001,266.66932678222656
5683,2020-05-14 12:00:00,83.39213,9.883829999999989,266.7297134399414
5684,2020-05-14 13:00:00,83.3912,9.878179999999986,266.7996368408203
5685,2020-05-14 14:00:00,83.3901,9.881290000000007,266.90624237060547
5686,2020-05-14 15:00:00,83.38798,9.875550000000004,267.1782455444336
5687,2020-05-14 16:00:00,83.38546,9.862560000000002,267.5277633666992
5688,2020-05-14 17:00:00,83.38246,9.846509999999995,267.87647247314453
5689,2020-05-14 18:00:00,83.38009,9.826629999999994,268.26525115966797
5690,2020-05-14 19:00:00,83.37764,9.79531,268.67945861816406
5691,2020-05-14 20:00:00,83.37607,9.776129999999995,268.9352493286133
5692,2020-05-14 21:00:00,83.37477,9.757740000000013,269.1184539794922
5693,2020-05-14 22:00:00,83.374,9.732910000000004,269.2225646972656
5694,2020-05-14 23:00:00,83.37375,9.704430000000002,269.11742401123047
5695,2020-05-15 00:00:00,83.37413,9.672179999999997,268.91829681396484
5696,2020-05-15 01:00:00,83.37464,9.6447,268.67970275878906
5697,2020-05-15 02:00:00,83.37563,9.617500000000007,268.58837127685547
5698,2020-05-15 03:00:00,83.37704,9.585700000000003,268.44942474365234
5699,2020-05-15 04:00:00,83.37859,9.552390000000003,268.4141082763672
5700,2020-05-15 05:00:00,83.38021,9.519530000000003,268.4057846069336
5701,2020-05-15 06:00:00,83.38182,9.488069999999993,268.4816589355469
5702,2020-05-15 07:00:00,83.38341,9.45854,268.6072769165039
5703,2020-05-15 08:00:00,83.38485,9.429840000000013,268.6916809082031
5704,2020-05-15 09:00:00,83.38624,9.40213,268.7160110473633
5705,2020-05-15 10:00:00,83.38752,9.373879999999986,268.73040771484375
5706,2020-05-15 11:00:00,83.38864,9.344490000000008,268.73302459716797
5707,2020-05-15 12:00:00,83.3896,9.30628999999999,268.7562942504883
5708,2020-05-15 13:00:00,83.3904,9.273799999999994,268.73925018310547
5709,2020-05-15 14:00:00,83.39114,9.242109999999997,268.67191314697266
5710,2020-05-15 15:00:00,83.39182,9.211890000000011,268.5386657714844
5711,2020-05-15 16:00:00,83.39224,9.191110000000009,268.35176849365234
5712,2020-05-15 17:00:00,83.39254,9.164479999999998,268.05955505371094
5713,2020-05-15 18:00:00,83.39279,9.149840000000012,267.67057037353516
5714,2020-05-15 19:00:00,83.39243,9.148959999999988,267.2435989379883
5715,2020-05-15 20:00:00,83.39221,9.145299999999992,266.9748992919922
5716,2020-05-15 21:00:00,83.39251,9.13024999999999,266.88216400146484
5717,2020-05-15 22:00:00,83.39271,9.119900000000001,266.7887954711914
5718,2020-05-15 23:00:00,83.39256,9.119490000000013,266.6595153808594
5719,2020-05-16 00:00:00,83.39237,9.114210000000014,266.5120162963867
5720,2020-05-16 01:00:00,83.39224,9.113040000000012,266.34227752685547
5721,2020-05-16 02:00:00,83.39222,9.112449999999995,266.1808319091797
5722,2020-05-16 03:00:00,83.39218,9.111969999999985,266.0381774902344
5723,2020-05-16 04:00:00,83.39224,9.11166,265.8757553100586
5724,2020-05-16 05:00:00,83.3922,9.11151000000001,265.70924377441406
5725,2020-05-16 06:00:00,83.39215,9.111549999999994,265.6431884765625
5726,2020-05-16 07:00:00,83.39211,9.111639999999994,265.55963134765625
5727,2020-05-16 08:00:00,83.39208,9.111739999999998,265.4984359741211
5728,2020-05-16 09:00:00,83.39205,9.111760000000004,265.4024353027344
5729,2020-05-16 10:00:00,83.39194,9.109499999999997,265.34674072265625
5730,2020-05-16 11:00:00,83.39178,9.111529999999988,265.3389358520508
5731,2020-05-16 12:00:00,83.39152,9.111430000000013,265.3656463623047
5732,2020-05-16 13:00:00,83.39118,9.110839999999996,265.4406204223633
5733,2020-05-16 14:00:00,83.39071,9.109839999999991,265.5188293457031
5734,2020-05-16 15:00:00,83.39014,9.108329999999995,265.5991439819336
5735,2020-05-16 16:00:00,83.38951,9.107110000000006,265.6268997192383
5736,2020-05-16 17:00:00,83.38888,9.106410000000011,265.60118103027344
5737,2020-05-16 18:00:00,83.38833,9.106680000000011,265.55015563964844
5738,2020-05-16 19:00:00,83.38782,9.107169999999996,265.5138168334961
5739,2020-05-16 20:00:00,83.38735,9.107460000000003,265.4537887573242
5740,2020-05-16 21:00:00,83.38702,9.09826000000001,265.4156799316406
5741,2020-05-16 22:00:00,83.38736,9.083529999999996,265.41822814941406
5742,2020-05-16 23:00:00,83.3872,9.061759999999992,265.45909881591797
5743,2020-05-17 00:00:00,83.38698,9.06098,265.53047943115234
5744,2020-05-17 01:00:00,83.38677,9.060129999999987,265.6175842285156
5745,2020-05-17 02:00:00,83.38648,9.059419999999989,265.72987365722656
5746,2020-05-17 03:00:00,83.38613,9.05850000000001,265.8506774902344
5747,2020-05-17 04:00:00,83.38564,9.05677,265.97644805908203
5748,2020-05-17 05:00:00,83.38461,9.048550000000006,266.1019058227539
5749,2020-05-17 06:00:00,83.38498,9.055820000000011,266.2543029785156
5750,2020-05-17 07:00:00,83.38418,9.04840999999999,266.45674896240234
5751,2020-05-17 08:00:00,83.38252,9.041249999999991,266.70350646972656
5752,2020-05-17 09:00:00,83.38191,9.03958,266.9495086669922
5753,2020-05-17 10:00:00,83.37315,9.025350000000003,267.20243072509766
5754,2020-05-17 11:00:00,83.37226,9.02161000000001,267.47245025634766
5755,2020-05-17 12:00:00,83.37054,9.012229999999988,267.7636032104492
5756,2020-05-17 13:00:00,83.3689,9.006849999999986,268.02088928222656
5757,2020-05-17 14:00:00,83.36132,9.09926999999999,268.2294921875
5758,2020-05-17 15:00:00,83.35608,9.133759999999995,268.35784912109375
5759,2020-05-17 16:00:00,83.34615,9.083619999999996,268.39257049560547
5760,2020-05-17 17:00:00,83.34389,9.04262,268.3577346801758
5761,2020-05-17 18:00:00,83.34278,9.035300000000007,268.30633544921875
5762,2020-05-17 19:00:00,83.34387,8.995479999999986,268.24654388427734
5763,2020-05-17 20:00:00,83.34387,8.96884,268.1852569580078
5764,2020-05-17 21:00:00,83.34408,8.924059999999997,268.1545715332031
5765,2020-05-17 22:00:00,83.35239,8.82086000000001,268.1582260131836
5766,2020-05-17 23:00:00,83.35213,8.805509999999998,268.21837615966797
5767,2020-05-18 00:00:00,83.35066,8.798310000000015,268.2180633544922
5768,2020-05-18 01:00:00,83.34892,8.789549999999991,268.2954330444336
5769,2020-05-18 02:00:00,83.34771,8.780300000000011,268.3901062011719
5770,2020-05-18 03:00:00,83.34664,8.769939999999991,268.4389877319336
5771,2020-05-18 04:00:00,83.34509,8.766230000000007,268.49852752685547
5772,2020-05-18 05:00:00,83.34345,8.757959999999997,268.6757125854492
5773,2020-05-18 06:00:00,83.3422,8.748289999999997,268.88690185546875
5774,2020-05-18 07:00:00,83.33798,8.698119999999989,269.0193634033203
5775,2020-05-18 08:00:00,83.33421,8.686669999999992,269.02471923828125
5776,2020-05-18 09:00:00,83.33197,8.68589,268.96124267578125
5777,2020-05-18 10:00:00,83.32959,8.686329999999998,268.8216018676758
5778,2020-05-18 11:00:00,83.3271,8.687360000000012,268.72413635253906
5779,2020-05-18 12:00:00,83.32452,8.688580000000002,268.6943359375
5780,2020-05-18 13:00:00,83.32189,8.689879999999988,268.7433853149414
5781,2020-05-18 14:00:00,83.31919,8.690370000000001,268.89251708984375
5782,2020-05-18 15:00:00,83.31636,8.690889999999996,269.0352096557617
5783,2020-05-18 16:00:00,83.31347,8.692740000000015,269.0653533935547
5784,2020-05-18 17:00:00,83.31058,8.69525999999999,268.99388122558594
5785,2020-05-18 18:00:00,83.30767,8.698990000000009,268.8410186767578
5786,2020-05-18 19:00:00,83.30474,8.703489999999988,268.64981842041016
5787,2020-05-18 20:00:00,83.30182,8.709599999999995,268.4680938720703
5788,2020-05-18 21:00:00,83.29897,8.716820000000013,268.29689025878906
5789,2020-05-18 22:00:00,83.29622,8.725560000000002,268.156494140625
5790,2020-05-18 23:00:00,83.2936,8.735500000000002,268.1115951538086
5791,2020-05-19 00:00:00,83.29117,8.74620999999999,268.1587142944336
5792,2020-05-19 01:00:00,83.28897,8.756669999999986,268.19358825683594
5793,2020-05-19 02:00:00,83.28692,8.765649999999994,268.1377716064453
5794,2020-05-19 03:00:00,83.28499,8.772649999999999,268.00885009765625
5795,2020-05-19 04:00:00,83.28307,8.77942999999999,267.94225311279297
5796,2020-05-19 05:00:00,83.28111,8.78692000000001,267.91898345947266
5797,2020-05-19 06:00:00,83.27916,8.794319999999999,267.9303970336914
5798,2020-05-19 07:00:00,83.277,8.804180000000002,267.9411926269531
5799,2020-05-19 08:00:00,83.2747,8.815400000000011,267.9620056152344
5800,2020-05-19 09:00:00,83.27245,8.827879999999993,267.99839782714844
5801,2020-05-19 10:00:00,83.27016,8.842659999999995,268.0458755493164
5802,2020-05-19 11:00:00,83.26788,8.858309999999989,268.0730285644531
5803,2020-05-19 12:00:00,83.26477,8.873140000000006,268.1070251464844
5804,2020-05-19 13:00:00,83.26302,8.889209999999991,268.13465118408203
5805,2020-05-19 14:00:00,83.25909,8.902909999999991,268.1429672241211
5806,2020-05-19 15:00:00,83.25559,8.921060000000011,268.11182403564453
5807,2020-05-19 16:00:00,83.25099,8.944549999999992,268.0629348754883
5808,2020-05-19 17:00:00,83.24844,8.96341000000001,268.0382308959961
5809,2020-05-19 18:00:00,83.24006,9.06128000000001,268.05950927734375
5810,2020-05-19 19:00:00,83.23231,9.125460000000004,268.14845275878906
5811,2020-05-19 20:00:00,83.22763,9.29468,268.21407318115234
5812,2020-05-19 21:00:00,83.22529,9.318340000000006,268.25902557373047
5813,2020-05-19 22:00:00,83.21802,9.30847,268.25244903564453
5814,2020-05-19 23:00:00,83.21266,9.338220000000007,268.2429733276367
5815,2020-05-20 00:00:00,83.204,9.475390000000004,268.1804656982422
5816,2020-05-20 01:00:00,83.20023,9.566519999999997,268.11046600341797
5817,2020-05-20 02:00:00,83.1984,9.606619999999992,267.99156188964844
5818,2020-05-20 03:00:00,83.19892,9.612850000000009,268.0099868774414
5819,2020-05-20 04:00:00,83.19989,9.62867,268.1831512451172
5820,2020-05-20 05:00:00,83.20047,9.639129999999994,268.3610382080078
5821,2020-05-20 06:00:00,83.20109,9.643,268.5833053588867
5822,2020-05-20 07:00:00,83.19366,9.769450000000006,268.8152389526367
5823,2020-05-20 08:00:00,83.19247,9.812399999999997,269.01075744628906
5824,2020-05-20 09:00:00,83.18774,9.842160000000007,269.15282440185547
5825,2020-05-20 10:00:00,83.17845,9.900599999999997,269.2611083984375
5826,2020-05-20 11:00:00,83.17535,9.93744000000001,269.4173355102539
5827,2020-05-20 12:00:00,83.16824,10.002710000000008,269.6490173339844
5828,2020-05-20 13:00:00,83.1403,10.075909999999993,269.83580780029297
5829,2020-05-20 14:00:00,83.13145,10.106069999999988,269.6879348754883
5830,2020-05-20 15:00:00,83.11934,10.13409999999999,269.5240020751953
5831,2020-05-20 16:00:00,83.09706,10.227980000000002,269.4551239013672
5832,2020-05-20 17:00:00,83.0898,10.289870000000008,269.27848052978516
5833,2020-05-20 18:00:00,83.08535,10.336569999999995,269.0017318725586
5834,2020-05-20 19:00:00,83.08557,10.364260000000002,268.9107437133789
5835,2020-05-20 20:00:00,83.08229,10.407289999999989,269.0050277709961
5836,2020-05-20 21:00:00,83.07836,10.455189999999988,269.1360321044922
5837,2020-05-20 22:00:00,83.0712,10.561810000000008,268.89964294433594
5838,2020-05-20 23:00:00,83.06785,10.630259999999993,269.0126419067383
5839,2020-05-21 00:00:00,83.05786,10.801559999999995,269.1317825317383
5840,2020-05-21 01:00:00,83.05355,10.933140000000009,268.8690490722656
5841,2020-05-21 02:00:00,83.05541,10.953100000000006,268.66739654541016
5842,2020-05-21 03:00:00,83.05796,10.969699999999989,268.6880569458008
5843,2020-05-21 04:00:00,83.06028,10.98284000000001,268.7355651855469
5844,2020-05-21 05:00:00,83.06228,10.992909999999995,268.70655059814453
5845,2020-05-21 06:00:00,83.06456,10.996870000000001,268.7317886352539
5846,2020-05-21 07:00:00,83.04678,11.104399999999998,268.87548065185547
5847,2020-05-21 08:00:00,83.03754,11.13033999999999,269.05491638183594
5848,2020-05-21 09:00:00,83.02107,11.10463999999999,269.1932144165039
5849,2020-05-21 10:00:00,83.00916,11.06241,269.2778625488281
5850,2020-05-21 11:00:00,82.98446,11.036660000000012,269.392333984375
5851,2020-05-21 12:00:00,82.97703,11.06483,269.51062774658203
5852,2020-05-21 13:00:00,82.97601,11.060219999999987,269.6646957397461
5853,2020-05-21 14:00:00,82.96739,11.032270000000011,269.8623809814453
5854,2020-05-21 15:00:00,82.96183,11.028860000000009,269.9861602783203
5855,2020-05-21 16:00:00,82.964,11.226100000000002,269.8896255493164
5856,2020-05-21 17:00:00,82.96383,11.388630000000006,269.7515106201172
5857,2020-05-21 18:00:00,82.97201,11.41964999999999,269.489013671875
5858,2020-05-21 19:00:00,82.97231,11.476940000000013,269.15636444091797
5859,2020-05-21 20:00:00,82.96588,11.532690000000002,268.786865234375
5860,2020-05-21 21:00:00,82.96042,11.572769999999991,268.4467010498047
5861,2020-05-21 22:00:00,82.95671,11.59581,268.16329193115234
5862,2020-05-21 23:00:00,82.95385,11.656859999999995,267.9207229614258
5863,2020-05-22 00:00:00,82.95449,11.656880000000001,267.7372741699219
5864,2020-05-22 01:00:00,82.95505,11.659040000000005,267.60294342041016
5865,2020-05-22 02:00:00,82.95628,11.658119999999997,267.4628372192383
5866,2020-05-22 03:00:00,82.95731,11.656569999999988,267.3943328857422
5867,2020-05-22 04:00:00,82.95818,11.650810000000007,267.3183364868164
5868,2020-05-22 05:00:00,82.957,11.650499999999994,267.2730941772461
5869,2020-05-22 06:00:00,82.95438,11.65034,267.29622650146484
5870,2020-05-22 07:00:00,82.94855,11.634559999999993,267.31102752685547
5871,2020-05-22 08:00:00,82.9422,11.635860000000008,267.42828369140625
5872,2020-05-22 09:00:00,82.93988,11.620560000000012,267.59046936035156
5873,2020-05-22 10:00:00,82.93904,11.603379999999987,267.8196792602539
5874,2020-05-22 11:00:00,82.93829,11.587340000000012,268.1087112426758
5875,2020-05-22 12:00:00,82.93026,11.611310000000003,268.3889923095703
5876,2020-05-22 13:00:00,82.92624,11.618470000000002,268.62498474121094
5877,2020-05-22 14:00:00,82.92479,11.661670000000015,268.8274230957031
5878,2020-05-22 15:00:00,82.92047,11.672509999999988,268.96546936035156
5879,2020-05-22 16:00:00,82.91759,11.590100000000007,269.0576477050781
5880,2020-05-22 17:00:00,82.91405,11.449399999999997,269.0962677001953
5881,2020-05-22 18:00:00,82.90727,11.375990000000002,269.12134552001953
5882,2020-05-22 19:00:00,82.89536,11.255410000000012,269.10650634765625
5883,2020-05-22 20:00:00,82.89409,11.158860000000004,269.0458679199219
5884,2020-05-22 21:00:00,82.89126,11.10521,268.94319915771484
5885,2020-05-22 22:00:00,82.88679,11.090270000000004,268.8193359375
5886,2020-05-22 23:00:00,82.88414,11.083560000000006,268.69618225097656
5887,2020-05-23 00:00:00,82.87791,11.095010000000002,268.55834197998047
5888,2020-05-23 01:00:00,82.87448,11.09711999999999,268.43775177001953
5889,2020-05-23 02:00:00,82.87071,11.099340000000012,268.33020782470703
5890,2020-05-23 03:00:00,82.86325,11.10920999999999,268.2314453125
5891,2020-05-23 04:00:00,82.85013,11.118979999999993,268.1587829589844
5892,2020-05-23 05:00:00,82.83831,11.0899,268.12032318115234
5893,2020-05-23 06:00:00,82.82867,11.00349,268.1210021972656
5894,2020-05-23 07:00:00,82.82562,10.935129999999987,268.15089416503906
5895,2020-05-23 08:00:00,82.82211,10.87482,268.20658111572266
5896,2020-05-23 09:00:00,82.81277,10.794610000000006,268.2936325073242
5897,2020-05-23 10:00:00,82.80604,10.734139999999996,268.35575103759766
5898,2020-05-23 11:00:00,82.79289,10.612169999999992,268.41939544677734
5899,2020-05-23 12:00:00,82.7926,10.514710000000008,268.43184661865234
5900,2020-05-23 13:00:00,82.79021,10.42340999999999,268.43395233154297
5901,2020-05-23 14:00:00,82.79002,10.416769999999985,268.4206848144531
5902,2020-05-23 15:00:00,82.78594,10.40155999999999,268.3614501953125
5903,2020-05-23 16:00:00,82.78211,10.404619999999994,268.2735595703125
5904,2020-05-23 17:00:00,82.78013,10.40619000000001,268.1736373901367
5905,2020-05-23 18:00:00,82.77872,10.408500000000004,268.050048828125
5906,2020-05-23 19:00:00,82.7777,10.392239999999987,267.9117202758789
5907,2020-05-23 20:00:00,82.77558,10.376949999999994,267.7853088378906
5908,2020-05-23 21:00:00,82.77364,10.367860000000007,267.7142791748047
5909,2020-05-23 22:00:00,82.76749,10.36135999999999,267.67237854003906
5910,2020-05-23 23:00:00,82.76269,10.333480000000009,267.6666030883789
5911,2020-05-24 00:00:00,82.75923,10.286740000000009,267.62474060058594
5912,2020-05-24 01:00:00,82.75372,10.30698000000001,267.6002197265625
5913,2020-05-24 02:00:00,82.7554,10.380709999999993,267.6173324584961
5914,2020-05-24 03:00:00,82.75241,10.38503,267.69083404541016
5915,2020-05-24 04:00:00,82.74249,10.434619999999995,267.80147552490234
5916,2020-05-24 05:00:00,82.73627,10.454180000000008,267.94519805908203
5917,2020-05-24 06:00:00,82.73054,10.388650000000013,268.05413818359375
5918,2020-05-24 07:00:00,82.72678,10.298159999999996,268.1942596435547
5919,2020-05-24 08:00:00,82.72601,10.283690000000007,268.36767578125
5920,2020-05-24 09:00:00,82.72476,10.268360000000001,268.5652160644531
5921,2020-05-24 10:00:00,82.72343,10.253870000000006,268.6855697631836
5922,2020-05-24 11:00:00,82.72219,10.240080000000006,268.7274856567383
5923,2020-05-24 12:00:00,82.72107,10.226879999999994,268.7315902709961
5924,2020-05-24 13:00:00,82.72018,10.214069999999992,268.7285690307617
5925,2020-05-24 14:00:00,82.71959,10.201120000000003,268.8165740966797
5926,2020-05-24 15:00:00,82.71914,10.187600000000003,268.94036865234375
5927,2020-05-24 16:00:00,82.71883,10.173090000000002,269.0492630004883
5928,2020-05-24 17:00:00,82.71867,10.157589999999999,269.15223693847656
5929,2020-05-24 18:00:00,82.71855,10.14142000000001,269.26336669921875
5930,2020-05-24 19:00:00,82.71842,10.124230000000011,269.3880920410156
5931,2020-05-24 20:00:00,82.71424,10.091020000000015,269.4867858886719
5932,2020-05-24 21:00:00,82.71363,10.06701000000001,269.5297393798828
5933,2020-05-24 22:00:00,82.71363,10.049759999999992,269.65931701660156
5934,2020-05-24 23:00:00,82.71381,10.034089999999992,269.8216552734375
5935,2020-05-25 00:00:00,82.71424,10.020119999999991,270.7797393798828
5936,2020-05-25 01:00:00,82.71495,10.007740000000013,270.600830078125
5937,2020-05-25 02:00:00,82.71595,9.996919999999989,270.38275146484375
5938,2020-05-25 03:00:00,82.71732,9.987950000000012,270.27667236328125
5939,2020-05-25 04:00:00,82.7189,9.980739999999997,270.25850677490234
5940,2020-05-25 05:00:00,82.72049,9.971139999999991,270.3774108886719
5941,2020-05-25 06:00:00,82.72009,9.899499999999989,270.55078125
5942,2020-05-25 07:00:00,82.72254,9.848780000000005,270.71448516845703
5943,2020-05-25 08:00:00,82.73022,9.70899,270.8690490722656
5944,2020-05-25 09:00:00,82.67649,9.298000000000002,271.0577087402344
5945,2020-05-25 10:00:00,82.66138,9.167020000000008,271.30091094970703
5946,2020-05-25 11:00:00,82.66137,9.161190000000005,271.5940399169922
5947,2020-05-25 12:00:00,82.65343,8.845079999999996,272.0528869628906
5948,2020-05-25 13:00:00,82.62624,8.323019999999985,272.4896774291992
5949,2020-05-25 14:00:00,82.56262,8.050389999999993,272.73724365234375
5950,2020-05-25 15:00:00,82.52012,7.980079999999987,272.7611846923828
5951,2020-05-25 16:00:00,82.48386,8.052109999999999,272.8063430786133
5952,2020-05-25 17:00:00,82.44151,8.278760000000005,272.8773880004883
5953,2020-05-25 18:00:00,82.42544,8.257560000000012,272.9326934814453
5954,2020-05-25 19:00:00,82.39932,8.156800000000004,273.02464294433594
5955,2020-05-25 20:00:00,82.40172,8.13655,273.09754180908203
5956,2020-05-25 21:00:00,82.40505,8.131450000000001,273.20904541015625
5957,2020-05-25 22:00:00,82.408,8.130359999999996,273.23826599121094
5958,2020-05-25 23:00:00,82.41133,8.131079999999997,273.2658157348633
5959,2020-05-26 00:00:00,82.4146,8.13615999999999,273.32618713378906
5960,2020-05-26 01:00:00,82.41799,8.146299999999997,273.30252838134766
5961,2020-05-26 02:00:00,82.42155,8.162779999999998,273.33692932128906
5962,2020-05-26 03:00:00,82.42493,8.183040000000005,273.4022445678711
5963,2020-05-26 04:00:00,82.42568,8.184390000000008,273.4600830078125
5964,2020-05-26 05:00:00,82.41091,8.185779999999994,273.6325149536133
5965,2020-05-26 06:00:00,82.40389,8.126319999999993,273.69602966308594
5966,2020-05-26 07:00:00,82.37399,8.158230000000003,273.27833557128906
5967,2020-05-26 08:00:00,82.34575,8.377530000000007,272.65370178222656
5968,2020-05-26 09:00:00,82.35179,8.232470000000006,272.41568756103516
5969,2020-05-26 10:00:00,82.32176,8.19523000000001,272.37364196777344
5970,2020-05-26 11:00:00,82.31767,8.187450000000013,272.48085021972656
5971,2020-05-26 12:00:00,82.31342,8.17016000000001,272.6742935180664
5972,2020-05-26 13:00:00,82.3122,8.15055000000001,272.7976608276367
5973,2020-05-26 14:00:00,82.30959,8.121659999999991,273.0448303222656
5974,2020-05-26 15:00:00,82.30111,8.190480000000008,273.37232971191406
5975,2020-05-26 16:00:00,82.30578,8.179090000000002,273.5388717651367
5976,2020-05-26 17:00:00,82.31056,8.18180000000001,273.5741424560547
5977,2020-05-26 18:00:00,82.31326,8.168139999999994,273.64349365234375
5978,2020-05-26 19:00:00,82.31627,8.15655000000001,273.8758010864258
5979,2020-05-26 20:00:00,82.31907,8.146179999999987,274.43128204345703
5980,2020-05-26 21:00:00,82.32241,8.139330000000001,274.49951171875
5981,2020-05-26 22:00:00,82.32809,8.143489999999986,274.1624984741211
5982,2020-05-26 23:00:00,82.33447,8.152389999999997,274.19964599609375
5983,2020-05-27 00:00:00,82.34155,8.167789999999997,274.20667266845703
5984,2020-05-27 01:00:00,82.34809,8.18714,274.2733154296875
5985,2020-05-27 02:00:00,82.35335,8.202030000000008,274.18666076660156
5986,2020-05-27 03:00:00,82.3581,8.217649999999992,274.09564208984375
5987,2020-05-27 04:00:00,82.36561,8.237369999999999,274.01221466064453
5988,2020-05-27 05:00:00,82.3727,8.259029999999996,274.03707122802734
5989,2020-05-27 06:00:00,82.3787,8.28379000000001,274.08509826660156
5990,2020-05-27 07:00:00,82.38347,8.308750000000003,273.9516372680664
5991,2020-05-27 08:00:00,82.38706,8.326150000000013,274.09828186035156
5992,2020-05-27 09:00:00,82.38949,8.336669999999998,274.2809295654297
5993,2020-05-27 10:00:00,82.39116,8.341180000000008,274.44933319091797
5994,2020-05-27 11:00:00,82.39257,8.34056000000001,274.47047424316406
5995,2020-05-27 12:00:00,82.39322,8.340849999999989,274.49544525146484
5996,2020-05-27 13:00:00,82.39369,8.341100000000012,274.5194396972656
5997,2020-05-27 14:00:00,82.39404,8.340039999999988,274.44701385498047
5998,2020-05-27 15:00:00,82.39432,8.339290000000005,274.3790283203125
5999,2020-05-27 16:00:00,82.3944,8.340460000000007,274.3062515258789
6000,2020-05-27 17:00:00,82.39417,8.338940000000008,274.2239761352539
6001,2020-05-27 18:00:00,82.3939,8.33542,274.14988708496094
6002,2020-05-27 19:00:00,82.39337,8.327300000000008,274.10457611083984
6003,2020-05-27 20:00:00,82.39286,8.32014000000001,274.06614685058594
6004,2020-05-27 21:00:00,82.39231,8.310900000000004,274.06275939941406
6005,2020-05-27 22:00:00,82.39165,8.302099999999996,273.98597717285156
6006,2020-05-27 23:00:00,82.3912,8.292020000000008,273.7637939453125
6007,2020-05-28 00:00:00,82.39056,8.284590000000009,273.5970458984375
6008,2020-05-28 01:00:00,82.38998,8.280360000000002,273.5806884765625
6009,2020-05-28 02:00:00,82.38963,8.280090000000001,273.4991226196289
6010,2020-05-28 03:00:00,82.38941,8.283590000000004,273.46446990966797
6011,2020-05-28 04:00:00,82.38916,8.288880000000006,273.4545669555664
6012,2020-05-28 05:00:00,82.38892,8.294749999999993,273.46173095703125
6013,2020-05-28 06:00:00,82.38864,8.299849999999992,273.4701156616211
6014,2020-05-28 07:00:00,82.38808,8.302819999999997,273.5185317993164
6015,2020-05-28 08:00:00,82.38721,8.303359999999998,273.50225830078125
6016,2020-05-28 09:00:00,82.38569,8.296670000000006,273.51277923583984
6017,2020-05-28 10:00:00,82.38464,8.30259000000001,273.5128707885742
6018,2020-05-28 11:00:00,82.38318,8.299440000000004,273.50128173828125
6019,2020-05-28 12:00:00,82.37585,8.354230000000001,273.53179931640625
6020,2020-05-28 13:00:00,82.36435,8.380470000000003,273.55211639404297
6021,2020-05-28 14:00:00,82.34681,8.672529999999995,273.51908111572266
6022,2020-05-28 15:00:00,82.33379,8.706289999999996,273.47003173828125
6023,2020-05-28 16:00:00,82.33139,8.716450000000009,273.41876220703125
6024,2020-05-28 17:00:00,82.31558,8.821640000000002,273.39330291748047
6025,2020-05-28 18:00:00,82.30619,8.94296,273.37882232666016
6026,2020-05-28 19:00:00,82.2987,9.038260000000008,273.3855743408203
6027,2020-05-28 20:00:00,82.29197,9.044600000000003,273.4122772216797
6028,2020-05-28 21:00:00,82.29002,9.064240000000012,273.4316711425781
6029,2020-05-28 22:00:00,82.28971,9.096720000000005,273.42432403564453
6030,2020-05-28 23:00:00,82.28748,9.088629999999995,273.4370651245117
6031,2020-05-29 00:00:00,82.28367,9.095280000000002,273.4485549926758
6032,2020-05-29 01:00:00,82.28201,9.08807999999999,273.4553527832031
6033,2020-05-29 02:00:00,82.26991,9.129760000000005,273.4520721435547
6034,2020-05-29 03:00:00,82.26387,9.14076,273.4529113769531
6035,2020-05-29 04:00:00,82.26233,9.165809999999993,273.42042541503906
6036,2020-05-29 05:00:00,82.2619,9.176719999999989,273.3975143432617
6037,2020-05-29 06:00:00,82.26172,9.211559999999992,273.4631881713867
6038,2020-05-29 07:00:00,82.24943,9.250259999999997,273.59120178222656
6039,2020-05-29 08:00:00,82.24666,9.242189999999994,273.7258071899414
6040,2020-05-29 09:00:00,82.23498,9.211970000000008,273.7379837036133
6041,2020-05-29 10:00:00,82.2269,9.221650000000011,273.7549514770508
6042,2020-05-29 11:00:00,82.21313,9.196249999999992,273.7087173461914
6043,2020-05-29 12:00:00,82.20239,9.127960000000002,273.68700408935547
6044,2020-05-29 13:00:00,82.19187,9.113609999999994,273.72076416015625
6045,2020-05-29 14:00:00,82.16241,9.17858000000001,273.75230407714844
6046,2020-05-29 15:00:00,82.15079,9.162599999999998,273.7723617553711
6047,2020-05-29 16:00:00,82.14323,9.200610000000012,273.7719421386719
6048,2020-05-29 17:00:00,82.13639,9.184280000000001,273.74774169921875
6049,2020-05-29 18:00:00,82.11653,9.15440000000001,273.69412994384766
6050,2020-05-29 19:00:00,82.10119,9.171140000000008,273.5856246948242
6051,2020-05-29 20:00:00,82.08369,9.134039999999999,273.47969818115234
6052,2020-05-29 21:00:00,82.06281,9.094480000000004,273.38934326171875
6053,2020-05-29 22:00:00,82.04491,9.142269999999996,273.3247985839844
6054,2020-05-29 23:00:00,82.04064,9.145810000000012,273.26070404052734
6055,2020-05-30 00:00:00,82.03961,9.137699999999995,273.27037048339844
6056,2020-05-30 01:00:00,82.02928,9.16422,273.29553985595703
6057,2020-05-30 02:00:00,82.0134,9.221800000000002,273.31224060058594
6058,2020-05-30 03:00:00,81.98795,9.339820000000003,273.3501434326172
6059,2020-05-30 04:00:00,81.98433,9.369920000000008,273.33654022216797
6060,2020-05-30 05:00:00,81.97738,9.329509999999999,273.3428039550781
6061,2020-05-30 06:00:00,81.96625,9.323440000000005,273.4434509277344
6062,2020-05-30 07:00:00,81.94549,9.33547999999999,273.5197525024414
6063,2020-05-30 08:00:00,81.94515,9.36733000000001,273.5666961669922
6064,2020-05-30 09:00:00,81.94366,9.39054999999999,273.59058380126953
6065,2020-05-30 10:00:00,81.94184,9.412569999999988,273.6776428222656
6066,2020-05-30 11:00:00,81.93938,9.43092999999999,273.71715545654297
6067,2020-05-30 12:00:00,81.93645,9.448049999999995,273.73146057128906
6068,2020-05-30 13:00:00,81.93347,9.46350000000001,273.7424850463867
6069,2020-05-30 14:00:00,81.93087,9.476200000000006,273.6290283203125
6070,2020-05-30 15:00:00,81.92716,9.483370000000008,273.57061767578125
6071,2020-05-30 16:00:00,81.92308,9.484039999999993,273.51261138916016
6072,2020-05-30 17:00:00,81.91916,9.48084,273.36253356933594
6073,2020-05-30 18:00:00,81.92886,9.531389999999988,273.30914306640625
6074,2020-05-30 19:00:00,81.92767,9.531149999999997,273.3627243041992
6075,2020-05-30 20:00:00,81.92808,9.529570000000007,273.4038848876953
6076,2020-05-30 21:00:00,81.9146,9.60494,273.3470458984375
6077,2020-05-30 22:00:00,81.90248,9.69228000000001,273.2117233276367
6078,2020-05-30 23:00:00,81.86858,9.758929999999992,272.94249725341797
6079,2020-05-31 00:00:00,81.84377,9.794129999999996,272.46282958984375
6080,2020-05-31 01:00:00,81.83668,9.808899999999994,271.9451217651367
6081,2020-05-31 02:00:00,81.82745,9.809730000000002,271.57806396484375
6082,2020-05-31 03:00:00,81.80841,9.865000000000009,271.45360565185547
6083,2020-05-31 04:00:00,81.80883,9.870620000000002,271.5735626220703
6084,2020-05-31 05:00:00,81.80912,9.862179999999995,271.7781982421875
6085,2020-05-31 06:00:00,81.80878,9.853350000000006,271.94969940185547
6086,2020-05-31 07:00:00,81.80116,9.855559999999997,272.1137466430664
6087,2020-05-31 08:00:00,81.79962,9.85705999999999,272.36238861083984
6088,2020-05-31 09:00:00,81.79329,9.868349999999992,272.7027359008789
6089,2020-05-31 10:00:00,81.77892,9.88481999999999,272.94629669189453
6090,2020-05-31 11:00:00,81.73637,9.89661000000001,273.2755889892578
6091,2020-05-31 12:00:00,81.72478,9.916589999999985,273.4579620361328
6092,2020-05-31 13:00:00,81.7163,9.878710000000012,273.3985900878906
6093,2020-05-31 14:00:00,81.70018,9.773500000000013,273.2899856567383
6094,2020-05-31 15:00:00,81.69269,9.745039999999989,273.2455749511719
6095,2020-05-31 16:00:00,81.67507,9.747039999999998,273.2246856689453
6096,2020-05-31 17:00:00,81.65484,9.691730000000007,273.2390823364258
6097,2020-05-31 18:00:00,81.63459,9.702149999999989,273.21175384521484
6098,2020-05-31 19:00:00,81.58515,9.820459999999997,273.26422119140625
6099,2020-05-31 20:00:00,81.55067,9.839040000000011,273.3997497558594
6100,2020-05-31 21:00:00,81.50959,9.866629999999986,273.5218811035156
6101,2020-05-31 22:00:00,81.4795,9.807799999999986,273.55615234375
6102,2020-05-31 23:00:00,81.45918,9.719439999999992,273.5047302246094
6103,2020-06-01 00:00:00,81.39513,9.87978000000001,273.42957305908203
6104,2020-06-01 01:00:00,81.39253,9.89049,273.36944580078125
6105,2020-06-01 02:00:00,81.37446,9.856740000000002,273.31864166259766
6106,2020-06-01 03:00:00,81.36824,9.847440000000006,273.2613296508789
6107,2020-06-01 04:00:00,81.35922,9.848610000000008,273.2318344116211
6108,2020-06-01 05:00:00,81.3581,9.865229999999997,273.1855163574219
6109,2020-06-01 06:00:00,81.35868,9.87088,273.2760009765625
6110,2020-06-01 07:00:00,81.35902,9.878179999999986,273.20359802246094
6111,2020-06-01 08:00:00,81.35924,9.886539999999997,273.09986114501953
6112,2020-06-01 09:00:00,81.35918,9.896659999999997,273.0365982055664
6113,2020-06-01 10:00:00,81.35866,9.904529999999994,273.08551025390625
6114,2020-06-01 11:00:00,81.3577,9.90961999999999,273.1373291015625
6115,2020-06-01 12:00:00,81.35642,9.911020000000008,273.1191864013672
6116,2020-06-01 13:00:00,81.35488,9.90637000000001,273.14244842529297
6117,2020-06-01 14:00:00,81.34372,9.9435,273.1918487548828
6118,2020-06-01 15:00:00,81.33429,9.940750000000008,273.2013397216797
6119,2020-06-01 16:00:00,81.30972,9.879099999999994,273.19187927246094
6120,2020-06-01 17:00:00,81.30372,9.848099999999988,273.2188491821289
6121,2020-06-01 18:00:00,81.29242,9.803110000000004,273.2510681152344
6122,2020-06-01 19:00:00,81.28295,9.7791,273.24205017089844
6123,2020-06-01 20:00:00,81.27983,9.78470999999999,273.2139587402344
6124,2020-06-01 21:00:00,81.27015,9.764990000000012,273.17061614990234
6125,2020-06-01 22:00:00,81.24774,9.678239999999988,273.10298919677734
6126,2020-06-01 23:00:00,81.23132,9.688420000000008,273.0088195800781
6127,2020-06-02 00:00:00,81.20832,9.669119999999992,272.9544448852539
6128,2020-06-02 01:00:00,81.15597,9.714259999999996,272.9003219604492
6129,2020-06-02 02:00:00,81.12207,9.751059999999995,272.92388916015625
6130,2020-06-02 03:00:00,81.10734,9.738169999999997,272.9822235107422
6131,2020-06-02 04:00:00,81.08291,9.637760000000014,273.0637969970703
6132,2020-06-02 05:00:00,81.05442,9.709980000000002,273.2212219238281
6133,2020-06-02 06:00:00,81.03855,9.637239999999991,273.2439651489258
6134,2020-06-02 07:00:00,80.98517,9.665500000000009,273.2596893310547
6135,2020-06-02 08:00:00,80.96001,9.725179999999995,273.27772521972656
6136,2020-06-02 09:00:00,80.93171,9.70589000000001,273.32349395751953
6137,2020-06-02 10:00:00,80.92066,9.703669999999988,273.36490631103516
6138,2020-06-02 11:00:00,80.90358,9.607699999999994,273.4245834350586
6139,2020-06-02 12:00:00,80.89718,9.582789999999989,273.52059173583984
6140,2020-06-02 13:00:00,80.87657,9.47663,273.62596130371094
6141,2020-06-02 14:00:00,80.83931,9.480289999999997,273.7126235961914
6142,2020-06-02 15:00:00,80.77025,9.47994,273.64054107666016
6143,2020-06-02 16:00:00,80.70305,9.565619999999996,273.63084411621094
6144,2020-06-02 17:00:00,80.67492,9.566939999999988,273.4803466796875
6145,2020-06-02 18:00:00,80.65247,9.618660000000006,273.29691314697266
6146,2020-06-02 19:00:00,80.57347,9.79504,273.18599700927734
6147,2020-06-02 20:00:00,80.48929,9.983029999999985,273.0710220336914
6148,2020-06-02 21:00:00,80.39899,10.223890000000011,273.0127487182617
6149,2020-06-02 22:00:00,80.27986,10.618770000000012,272.9401626586914
6150,2020-06-02 23:00:00,80.17757,10.46484000000001,272.8362579345703
6151,2020-06-03 00:00:00,80.0817,10.177429999999987,272.77852630615234
6152,2020-06-03 01:00:00,79.99602,9.923000000000002,272.7566375732422
6153,2020-06-03 02:00:00,79.90069,9.608180000000004,271.8742370605469
6154,2020-06-03 03:00:00,79.79999,9.348770000000002,271.9183578491211
6155,2020-06-03 04:00:00,79.69293,9.331619999999987,272.0103225708008
6156,2020-06-03 05:00:00,79.58664,9.313459999999992,270.1026611328125
6157,2020-06-03 06:00:00,79.47377,9.294870000000003,270.1665802001953
6158,2020-06-03 07:00:00,79.36965,9.278079999999989,270.10530853271484
6159,2020-06-03 08:00:00,79.2734,9.261719999999997,270.0263214111328
6160,2020-06-03 09:00:00,79.17111,9.24606,271.62371826171875
6161,2020-06-03 10:00:00,79.06871,9.228649999999988,271.50260162353516
6162,2020-06-03 11:00:00,78.9631,9.212099999999992,271.56190490722656
6163,2020-06-03 12:00:00,78.85978,9.241539999999986,272.7228698730469
6164,2020-06-03 13:00:00,78.76004,9.419150000000002,272.7132873535156
6165,2020-06-03 14:00:00,78.65218,9.609440000000006,272.7577209472656
6166,2020-06-03 15:00:00,78.54898,9.789500000000004,272.7167663574219
6167,2020-06-03 16:00:00,78.44827,9.963899999999995,272.6112289428711
6168,2020-06-03 17:00:00,78.34712,10.137490000000014,272.42547607421875
6169,2020-06-03 18:00:00,78.24667,10.308760000000007,272.1571350097656
6170,2020-06-03 19:00:00,78.16681,10.443090000000012,273.01175689697266
6171,2020-06-03 20:00:00,78.13163,10.731060000000014,272.77754974365234
6172,2020-06-03 21:00:00,78.12831,11.196370000000002,272.53118896484375
6173,2020-06-03 22:00:00,78.12461,11.659480000000002,272.34986877441406
6174,2020-06-03 23:00:00,78.12058,12.17849000000001,272.22074127197266
6175,2020-06-04 00:00:00,78.11707,12.627759999999995,272.01659393310547
6176,2020-06-04 01:00:00,78.11355,13.068430000000006,271.81617736816406
6177,2020-06-04 02:00:00,78.12975,13.546429999999987,271.67943572998047
6178,2020-06-04 03:00:00,78.17274,14.094449999999995,270.5678176879883
6179,2020-06-04 04:00:00,78.21494,14.639129999999994,270.5468292236328
6180,2020-06-04 05:00:00,78.25411,15.139819999999986,270.5881652832031
6181,2020-06-04 06:00:00,78.24675,15.600490000000008,270.6514358520508
6182,2020-06-04 07:00:00,78.23395,15.62482,270.7501983642578
6183,2020-06-04 08:00:00,78.23453,15.62285,270.86392974853516
6184,2020-06-04 09:00:00,78.23448,15.623130000000003,270.99092864990234
6185,2020-06-04 10:00:00,78.2341,15.624400000000009,271.09896087646484
6186,2020-06-04 11:00:00,78.23382,15.626499999999993,271.15077209472656
6187,2020-06-04 12:00:00,78.23377,15.628119999999996,271.17069244384766
6188,2020-06-04 13:00:00,78.23381,15.628359999999986,271.1773681640625
6189,2020-06-04 14:00:00,78.23327,15.630200000000002,271.1609573364258
6190,2020-06-04 15:00:00,78.23335,15.63024999999999,271.1347885131836
6191,2020-06-04 16:00:00,78.23331,15.629970000000014,271.0005416870117
6192,2020-06-04 17:00:00,78.23406,15.630089999999996,270.8741149902344
6193,2020-06-04 18:00:00,78.23307,15.628340000000009,270.701171875
6194,2020-06-04 19:00:00,78.23317,15.628690000000006,270.3277587890625
6195,2020-06-04 20:00:00,78.2331,15.62809999999999,270.0389633178711
6196,2020-06-04 21:00:00,78.23319,15.629009999999994,269.7851867675781
6197,2020-06-04 22:00:00,78.23311,15.628160000000008,269.58972930908203
6198,2020-06-04 23:00:00,78.23314,15.62706,269.36168670654297
6199,2020-06-05 00:00:00,78.23315,15.627569999999992,266.72737884521484
6200,2020-06-05 01:00:00,78.23305,15.626800000000003,266.6217727661133
6201,2020-06-05 02:00:00,78.23333,15.627800000000008,266.5957489013672
6202,2020-06-05 03:00:00,78.23379,15.629770000000008,266.92974853515625
6203,2020-06-05 04:00:00,78.23405,15.629870000000011,267.22935485839844
6204,2020-06-05 05:00:00,78.23415,15.62845999999999,267.56968688964844
6205,2020-06-05 06:00:00,78.23446,15.623680000000007,267.88063049316406
6206,2020-06-05 07:00:00,78.23463,15.623919999999998,268.18959045410156
6207,2020-06-05 08:00:00,78.23442,15.622809999999987,268.4124755859375
6208,2020-06-05 09:00:00,78.23425,15.623079999999987,268.67806243896484
6209,2020-06-05 10:00:00,78.23421,15.62285,268.9901351928711
6210,2020-06-05 11:00:00,78.23396,15.62317999999999,269.1518325805664
6211,2020-06-05 12:00:00,78.23384,15.624279999999999,269.2186584472656
6212,2020-06-05 13:00:00,78.23384,15.62536,269.249755859375
6213,2020-06-05 14:00:00,78.23373,15.626929999999987,269.17213439941406
6214,2020-06-05 15:00:00,78.23354,15.627299999999991,268.99842071533203
6215,2020-06-05 16:00:00,78.23366,15.627690000000001,268.7406921386719
6216,2020-06-05 17:00:00,78.2337,15.625949999999989,268.30393981933594
6217,2020-06-05 18:00:00,78.23424,15.625079999999997,267.9326934814453
6218,2020-06-05 19:00:00,78.23455,15.626679999999993,267.54872131347656
6219,2020-06-05 20:00:00,78.23435,15.627340000000004,267.1847229003906
6220,2020-06-05 21:00:00,78.23435,15.625439999999998,266.8423309326172
6221,2020-06-05 22:00:00,78.23432,15.622719999999987,266.60965728759766
6222,2020-06-05 23:00:00,78.23443,15.62254999999999,266.4402847290039
6223,2020-06-06 00:00:00,78.2345,15.622569999999996,266.4723815917969
6224,2020-06-06 01:00:00,78.23457,15.622320000000002,266.6728744506836
6225,2020-06-06 02:00:00,78.23463,15.622450000000015,266.7242889404297
6226,2020-06-06 03:00:00,78.23459,15.622320000000002,267.1717834472656
6227,2020-06-06 04:00:00,78.23462,15.62236999999999,267.5491027832031
6228,2020-06-06 05:00:00,78.23479,15.622989999999987,267.82901763916016
6229,2020-06-06 06:00:00,78.23488,15.623699999999985,267.76705169677734
6230,2020-06-06 07:00:00,78.23484,15.622000000000014,267.8337097167969
6231,2020-06-06 08:00:00,78.23499,15.622379999999993,268.0640106201172
6232,2020-06-06 09:00:00,78.23488,15.621759999999995,268.21402740478516
6233,2020-06-06 10:00:00,78.23437,15.620519999999999,268.42052459716797
6234,2020-06-06 11:00:00,78.23457,15.620389999999986,268.54373931884766
6235,2020-06-06 12:00:00,78.23476,15.620460000000008,268.6765594482422
6236,2020-06-06 13:00:00,78.23414,15.61993000000001,268.7249069213867
6237,2020-06-06 14:00:00,78.23432,15.619949999999989,268.81734466552734
6238,2020-06-06 15:00:00,78.2347,15.62039999999999,268.88429260253906
6239,2020-06-06 16:00:00,78.23486,15.620830000000012,268.87007904052734
6240,2020-06-06 17:00:00,78.2349,15.620599999999996,268.7979049682617
6241,2020-06-06 18:00:00,78.23487,15.62111999999999,268.7489776611328
6242,2020-06-06 19:00:00,78.23503,15.621260000000007,268.74173736572266
6243,2020-06-06 20:00:00,78.23453,15.619619999999998,268.6941223144531
6244,2020-06-06 21:00:00,78.23477,15.619889999999998,268.68412017822266
6245,2020-06-06 22:00:00,78.23446,15.61975000000001,268.66194915771484
6246,2020-06-06 23:00:00,78.23496,15.6207,268.7103729248047
6247,2020-06-07 00:00:00,78.2354,15.623189999999994,268.77269744873047
6248,2020-06-07 01:00:00,78.23567,15.625560000000007,268.78331756591797
6249,2020-06-07 02:00:00,78.23557,15.624359999999996,268.8333053588867
6250,2020-06-07 03:00:00,78.23549,15.623349999999988,268.8624267578125
6251,2020-06-07 04:00:00,78.23571,15.62315000000001,268.84027099609375
6252,2020-06-07 05:00:00,78.23523,15.620689999999996,268.91062927246094
6253,2020-06-07 06:00:00,78.23497,15.618989999999997,268.9338836669922
6254,2020-06-07 07:00:00,78.23522,15.619439999999997,269.07152557373047
6255,2020-06-07 08:00:00,78.23553,15.616489999999999,269.26085662841797
6256,2020-06-07 09:00:00,78.23535,15.615819999999985,269.28814697265625
6257,2020-06-07 10:00:00,78.23594,15.618889999999993,269.3945999145508
6258,2020-06-07 11:00:00,78.23613,15.61864,269.48694610595703
6259,2020-06-07 12:00:00,78.2359,15.617899999999992,269.60887908935547
6260,2020-06-07 13:00:00,78.23644,15.622000000000014,269.9361572265625
6261,2020-06-07 14:00:00,78.23612,15.620059999999995,270.27513885498047
6262,2020-06-07 15:00:00,78.23626,15.619439999999997,270.48726654052734
6263,2020-06-07 16:00:00,78.236,15.61796000000001,270.61600494384766
6264,2020-06-07 17:00:00,78.23618,15.61957000000001,270.8284683227539
6265,2020-06-07 18:00:00,78.23561,15.616209999999995,271.0649108886719
6266,2020-06-07 19:00:00,78.23591,15.616449999999986,271.3894805908203
6267,2020-06-07 20:00:00,78.23655,15.620589999999993,271.70230865478516
6268,2020-06-07 21:00:00,78.23638,15.618930000000006,271.79773712158203
6269,2020-06-07 22:00:00,78.23626,15.618420000000015,271.75064849853516
6270,2020-06-07 23:00:00,78.23663,15.620869999999996,271.6425094604492
6271,2020-06-08 00:00:00,78.23567,15.616389999999996,272.4453811645508
6272,2020-06-08 01:00:00,78.23629,15.618459999999999,272.3252639770508
6273,2020-06-08 02:00:00,78.23594,15.620499999999993,272.4190139770508
6274,2020-06-08 03:00:00,78.23575,15.619220000000013,272.6822204589844
6275,2020-06-08 04:00:00,78.23532,15.618189999999998,272.9366149902344
6276,2020-06-08 05:00:00,78.23502,15.619910000000004,273.29864501953125
6277,2020-06-08 06:00:00,78.23499,15.621939999999995,273.4585723876953
6278,2020-06-08 07:00:00,78.2353,15.622430000000008,273.6142349243164
6279,2020-06-08 08:00:00,78.23444,15.621589999999998,273.6487503051758
6280,2020-06-08 09:00:00,78.23434,15.620589999999993,273.55384063720703
6281,2020-06-08 10:00:00,78.23557,15.627530000000007,273.37632751464844
6282,2020-06-08 11:00:00,78.23603,15.628019999999992,273.1918487548828
6283,2020-06-08 12:00:00,78.23629,15.627479999999991,272.97064208984375
6284,2020-06-08 13:00:00,78.23456,15.630110000000002,272.7421417236328
6285,2020-06-08 14:00:00,78.23622,15.629269999999991,272.4204788208008
6286,2020-06-08 15:00:00,78.26724,15.342299999999994,271.94447326660156
6287,2020-06-08 16:00:00,78.20075,14.51427000000001,271.35311126708984
6288,2020-06-08 17:00:00,78.14085,13.686579999999992,272.1460189819336
6289,2020-06-08 18:00:00,78.11554,12.829430000000002,271.8887023925781
6290,2020-06-08 19:00:00,78.12277,11.918319999999994,271.6825942993164
6291,2020-06-08 20:00:00,78.12998,10.999310000000008,271.5376510620117
6292,2020-06-08 21:00:00,78.19406,10.39797999999999,271.2936325073242
6293,2020-06-08 22:00:00,78.35596,10.12326999999999,271.300537109375
6294,2020-06-08 23:00:00,78.51955,9.841280000000012,271.2964401245117
6295,2020-06-09 00:00:00,78.6868,9.548990000000003,270.8370132446289
6296,2020-06-09 01:00:00,78.85383,9.253309999999999,270.91943359375
6297,2020-06-09 02:00:00,79.02826,9.188050000000004,270.99434661865234
6298,2020-06-09 03:00:00,79.20867,9.171870000000013,271.0854187011719
6299,2020-06-09 04:00:00,79.39128,9.155959999999993,270.97278594970703
6300,2020-06-09 05:00:00,79.57215,9.139369999999985,271.0084457397461
6301,2020-06-09 06:00:00,79.74576,9.123649999999998,272.69178771972656
6302,2020-06-09 07:00:00,79.91884,9.107200000000006,272.73514556884766
6303,2020-06-09 08:00:00,80.09201,9.090730000000008,273.3288345336914
6304,2020-06-09 09:00:00,80.27077,9.072069999999997,273.37906646728516
6305,2020-06-09 10:00:00,80.35251,9.568909999999988,273.5463562011719
6306,2020-06-09 11:00:00,80.37199,10.031149999999997,273.94371795654297
6307,2020-06-09 12:00:00,80.42868,10.498709999999988,273.8884811401367
6308,2020-06-09 13:00:00,80.49199,10.85575,273.93931579589844
6309,2020-06-09 14:00:00,80.55873,10.766989999999993,273.98645782470703
6310,2020-06-09 15:00:00,80.61413,10.721360000000004,273.98534393310547
6311,2020-06-09 16:00:00,80.63934,10.736369999999994,273.9380798339844
6312,2020-06-09 17:00:00,80.66949,10.834149999999994,273.97818756103516
6313,2020-06-09 18:00:00,80.69262,10.791200000000003,273.98565673828125
6314,2020-06-09 19:00:00,80.71436,10.769319999999993,273.87003326416016
6315,2020-06-09 20:00:00,80.74624,10.958480000000009,273.8467559814453
6316,2020-06-09 21:00:00,80.78975,10.952269999999999,273.7333526611328
6317,2020-06-09 22:00:00,80.80342,10.88830999999999,273.65877532958984
6318,2020-06-09 23:00:00,80.85673,10.928940000000011,273.5449752807617
6319,2020-06-10 00:00:00,80.90057,10.903330000000011,273.3764953613281
6320,2020-06-10 01:00:00,80.93662,10.956819999999993,273.3676223754883
6321,2020-06-10 02:00:00,80.93487,10.93735000000001,273.3392791748047
6322,2020-06-10 03:00:00,80.94073,10.92801,273.3113555908203
6323,2020-06-10 04:00:00,80.9545,11.033170000000013,273.19274139404297
6324,2020-06-10 05:00:00,80.9696,10.941100000000006,273.0645294189453
6325,2020-06-10 06:00:00,80.98084,10.920379999999994,272.96056365966797
6326,2020-06-10 07:00:00,80.98054,10.921130000000005,272.8203125
6327,2020-06-10 08:00:00,80.97953,10.918170000000003,272.78026580810547
6328,2020-06-10 09:00:00,80.9887,10.988740000000007,272.7403793334961
6329,2020-06-10 10:00:00,81.01186,10.931510000000003,272.6876907348633
6330,2020-06-10 11:00:00,81.0584,10.97990999999999,272.7276382446289
6331,2020-06-10 12:00:00,81.05492,10.966010000000011,272.8371353149414
6332,2020-06-10 13:00:00,81.05127,10.952300000000008,273.00548553466797
6333,2020-06-10 14:00:00,81.0645,10.975220000000007,273.1339111328125
6334,2020-06-10 15:00:00,81.08302,10.894509999999997,273.22816467285156
6335,2020-06-10 16:00:00,81.11089,10.73893000000001,273.2756042480469
6336,2020-06-10 17:00:00,81.16665,10.540539999999993,273.2682189941406
6337,2020-06-10 18:00:00,81.19813,10.59745000000001,273.15026092529297
6338,2020-06-10 19:00:00,81.19768,10.590149999999994,272.98841857910156
6339,2020-06-10 20:00:00,81.19833,10.584869999999995,272.85608673095703
6340,2020-06-10 21:00:00,81.21738,10.560609999999997,272.6850891113281
6341,2020-06-10 22:00:00,81.24641,10.480719999999991,272.5472412109375
6342,2020-06-10 23:00:00,81.26394,10.368760000000009,272.46986389160156
6343,2020-06-11 00:00:00,81.33049,10.15473,272.70108795166016
6344,2020-06-11 01:00:00,81.38301,10.000049999999987,272.66190338134766
6345,2020-06-11 02:00:00,81.41651,9.76330999999999,272.6174774169922
6346,2020-06-11 03:00:00,81.44117,9.65428,272.606689453125
6347,2020-06-11 04:00:00,81.50625,9.50197,272.70569610595703
6348,2020-06-11 05:00:00,81.5095,9.49645000000001,272.89244842529297
6349,2020-06-11 06:00:00,81.54559,9.36966000000001,273.18641662597656
6350,2020-06-11 07:00:00,81.56306,9.392500000000013,273.3848571777344
6351,2020-06-11 08:00:00,81.59841,9.286820000000006,273.48148345947266
6352,2020-06-11 09:00:00,81.61012,9.310759999999988,273.6140441894531
6353,2020-06-11 10:00:00,81.63621,9.458949999999987,273.7170715332031
6354,2020-06-11 11:00:00,81.63987,9.398789999999991,273.7195358276367
6355,2020-06-11 12:00:00,81.66611,9.009690000000006,273.7897033691406
6356,2020-06-11 13:00:00,81.67075,8.953660000000013,273.7642593383789
6357,2020-06-11 14:00:00,81.69869,8.921570000000003,273.65271759033203
6358,2020-06-11 15:00:00,81.70457,8.937540000000013,273.5984191894531
6359,2020-06-11 16:00:00,81.73053,8.935239999999993,273.4658203125
6360,2020-06-11 17:00:00,81.75263,9.008790000000005,273.34169006347656
6361,2020-06-11 18:00:00,81.76368,8.798720000000003,273.29138946533203
6362,2020-06-11 19:00:00,81.78366,8.742500000000007,273.2974548339844
6363,2020-06-11 20:00:00,81.79721,8.762979999999999,273.3006286621094
6364,2020-06-11 21:00:00,81.82917,8.629130000000004,273.2996826171875
6365,2020-06-11 22:00:00,81.85144,8.496649999999988,273.2895050048828
6366,2020-06-11 23:00:00,81.8624,8.542730000000006,273.2887191772461
6367,2020-06-12 00:00:00,81.8827,8.562569999999994,273.3193588256836
6368,2020-06-12 01:00:00,81.93453,8.427719999999994,273.34754943847656
6369,2020-06-12 02:00:00,81.95928,8.338740000000001,273.3571472167969
6370,2020-06-12 03:00:00,81.98306,8.284359999999992,273.3726577758789
6371,2020-06-12 04:00:00,82.00206,8.273860000000013,273.41426849365234
6372,2020-06-12 05:00:00,82.01915,8.258440000000007,273.4708938598633
6373,2020-06-12 06:00:00,82.0375,8.271170000000012,273.54634857177734
6374,2020-06-12 07:00:00,82.04122,8.28934000000001,273.60558319091797
6375,2020-06-12 08:00:00,82.07005,8.249140000000011,273.65289306640625
6376,2020-06-12 09:00:00,82.0891,8.322839999999985,273.732177734375
6377,2020-06-12 10:00:00,82.09252,8.318099999999987,273.83839416503906
6378,2020-06-12 11:00:00,82.09637,8.273349999999994,273.8197250366211
6379,2020-06-12 12:00:00,82.12407,8.107799999999997,273.73157501220703
6380,2020-06-12 13:00:00,82.14197,7.915729999999996,273.5526809692383
6381,2020-06-12 14:00:00,82.18306,7.83005,273.4314880371094
6382,2020-06-12 15:00:00,82.18732,7.810540000000003,273.3514175415039
6383,2020-06-12 16:00:00,82.19199,7.788330000000002,273.3317108154297
6384,2020-06-12 17:00:00,82.20572,7.793900000000008,273.38914489746094
6385,2020-06-12 18:00:00,82.20814,7.748860000000008,273.3004837036133
6386,2020-06-12 19:00:00,82.20588,7.727640000000008,273.1156539916992
6387,2020-06-12 20:00:00,82.20316,7.710730000000012,273.3169250488281
6388,2020-06-12 21:00:00,82.20447,7.732049999999987,272.90926361083984
6389,2020-06-12 22:00:00,82.20586,7.674209999999988,272.9545135498047
6390,2020-06-12 23:00:00,82.21964,7.599889999999988,273.1021499633789
6391,2020-06-13 00:00:00,82.21809,7.577679999999987,273.27740478515625
6392,2020-06-13 01:00:00,82.2175,7.560730000000007,273.3548126220703
6393,2020-06-13 02:00:00,82.21235,7.546590000000009,273.3179931640625
6394,2020-06-13 03:00:00,82.20736,7.5370200000000125,273.3171920776367
6395,2020-06-13 04:00:00,82.20193,7.533060000000006,273.1261672973633
6396,2020-06-13 05:00:00,82.19582,7.538540000000012,272.8981475830078
6397,2020-06-13 06:00:00,82.19024,7.5484500000000025,273.1612014770508
6398,2020-06-13 07:00:00,82.18473,7.566879999999998,273.11902618408203
6399,2020-06-13 08:00:00,82.1794,7.589940000000013,272.8634719848633
6400,2020-06-13 09:00:00,82.17412,7.6152700000000095,273.05419158935547
6401,2020-06-13 10:00:00,82.16861,7.640899999999988,273.23531341552734
6402,2020-06-13 11:00:00,82.16251,7.664629999999988,273.31190490722656
6403,2020-06-13 12:00:00,82.15551,7.6830699999999865,273.3412322998047
6404,2020-06-13 13:00:00,82.1479,7.696339999999992,273.53131103515625
6405,2020-06-13 14:00:00,82.13958,7.7034400000000005,273.6357727050781
6406,2020-06-13 15:00:00,82.13075,7.70277999999999,273.6496276855469
6407,2020-06-13 16:00:00,82.12169,7.693810000000013,273.71768951416016
6408,2020-06-13 17:00:00,82.11327,7.678020000000004,273.73352813720703
6409,2020-06-13 18:00:00,82.10622,7.656839999999988,273.69677734375
6410,2020-06-13 19:00:00,82.10018,7.637810000000002,273.6219253540039
6411,2020-06-13 20:00:00,82.09537,7.623199999999997,273.5678939819336
6412,2020-06-13 21:00:00,82.09183,7.616230000000002,273.4977264404297
6413,2020-06-13 22:00:00,82.08906,7.618860000000012,273.49949645996094
6414,2020-06-13 23:00:00,82.08658,7.632170000000002,273.4419708251953
6415,2020-06-14 00:00:00,82.08418,7.65222,273.4264144897461
6416,2020-06-14 01:00:00,82.0815,7.674749999999989,273.4025650024414
6417,2020-06-14 02:00:00,82.0785,7.7004599999999925,273.33789825439453
6418,2020-06-14 03:00:00,82.07531,7.7270599999999945,273.2516555786133
6419,2020-06-14 04:00:00,82.07208,7.752469999999988,273.33216094970703
6420,2020-06-14 05:00:00,82.06877,7.7761099999999885,273.45743560791016
6421,2020-06-14 06:00:00,82.06561,7.7973499999999945,273.52941131591797
6422,2020-06-14 07:00:00,82.06282,7.812240000000003,273.6549758911133
6423,2020-06-14 08:00:00,82.05958,7.818929999999995,273.69903564453125
6424,2020-06-14 09:00:00,82.05645,7.819760000000002,273.78424072265625
6425,2020-06-14 10:00:00,82.05281,7.8195499999999925,273.9007797241211
6426,2020-06-14 11:00:00,82.04858,7.819709999999986,273.9605941772461
6427,2020-06-14 12:00:00,82.04361,7.816820000000007,273.9637756347656
6428,2020-06-14 13:00:00,82.03776,7.810200000000009,273.9598846435547
6429,2020-06-14 14:00:00,82.03091,7.7991600000000005,273.96073150634766
6430,2020-06-14 15:00:00,82.02321,7.779380000000003,273.88282775878906
6431,2020-06-14 16:00:00,82.01483,7.751170000000002,273.7605438232422
6432,2020-06-14 17:00:00,82.02285,7.7682100000000105,273.6729278564453
6433,2020-06-14 18:00:00,82.02018,7.747590000000002,273.57703399658203
6434,2020-06-14 19:00:00,82.01637,7.719840000000005,273.4825744628906
6435,2020-06-14 20:00:00,82.01184,7.698309999999992,273.34452056884766
6436,2020-06-14 21:00:00,82.00953,7.685769999999991,273.16522216796875
6437,2020-06-14 22:00:00,82.01104,7.737650000000002,273.0877227783203
6438,2020-06-14 23:00:00,82.01117,7.758780000000002,273.0142135620117
6439,2020-06-15 00:00:00,82.01063,7.831799999999987,272.9646301269531
6440,2020-06-15 01:00:00,82.00734,7.911319999999989,272.94803619384766
6441,2020-06-15 02:00:00,82.00279,7.965990000000005,273.0280532836914
6442,2020-06-15 03:00:00,81.99827,8.005840000000006,273.00140380859375
6443,2020-06-15 04:00:00,81.99479,8.032730000000015,273.02027130126953
6444,2020-06-15 05:00:00,81.99406,8.054090000000002,273.15015411376953
6445,2020-06-15 06:00:00,81.99392,8.03313,273.3628158569336
6446,2020-06-15 07:00:00,81.99616,8.019290000000012,273.3969039916992
6447,2020-06-15 08:00:00,81.99385,8.024799999999999,273.45995330810547
6448,2020-06-15 09:00:00,81.99855,8.08617000000001,273.5561294555664
6449,2020-06-15 10:00:00,82.00088,8.164230000000003,273.67869567871094
6450,2020-06-15 11:00:00,81.99949,8.17743999999999,273.93473052978516
6451,2020-06-15 12:00:00,82.01327,8.229989999999987,274.0788116455078
6452,2020-06-15 13:00:00,82.06309,8.179930000000013,274.20191955566406
6453,2020-06-15 14:00:00,82.10283,8.14685,274.2212600708008
6454,2020-06-15 15:00:00,82.11849,8.257769999999994,274.2561492919922
6455,2020-06-15 16:00:00,82.16809,8.417079999999999,274.20997619628906
6456,2020-06-15 17:00:00,82.17867,8.519499999999994,274.1465377807617
6457,2020-06-15 18:00:00,82.20635,8.413710000000009,274.11119079589844
6458,2020-06-15 19:00:00,82.21986,8.212979999999988,274.019287109375
6459,2020-06-15 20:00:00,82.21443,8.188269999999989,273.9190673828125
6460,2020-06-15 21:00:00,82.20841,8.184329999999989,273.83092498779297
6461,2020-06-15 22:00:00,82.20766,8.20156,273.72086334228516
6462,2020-06-15 23:00:00,82.20166,8.213099999999997,273.59339141845703
6463,2020-06-16 00:00:00,82.19567,8.230150000000009,273.59861755371094
6464,2020-06-16 01:00:00,82.18919,8.242850000000004,273.5455780029297
6465,2020-06-16 02:00:00,82.18236,8.25403,273.6151885986328
6466,2020-06-16 03:00:00,82.17558,8.304630000000003,273.5914993286133
6467,2020-06-16 04:00:00,82.19562,8.247309999999999,273.6567611694336
6468,2020-06-16 05:00:00,82.22065,8.180020000000013,273.74095916748047
6469,2020-06-16 06:00:00,82.22656,8.294299999999993,273.77125549316406
6470,2020-06-16 07:00:00,82.2273,8.288229999999999,273.7844696044922
6471,2020-06-16 08:00:00,82.22039,8.300569999999993,273.83129119873047
6472,2020-06-16 09:00:00,82.21501,8.311360000000008,273.9103317260742
6473,2020-06-16 10:00:00,82.20843,8.31971999999999,274.00537872314453
6474,2020-06-16 11:00:00,82.20165,8.317550000000011,274.1146697998047
6475,2020-06-16 12:00:00,82.19438,8.313940000000002,274.1597900390625
6476,2020-06-16 13:00:00,82.18663,8.306780000000003,274.1709899902344
6477,2020-06-16 14:00:00,82.1857,8.287880000000001,274.24818420410156
6478,2020-06-16 15:00:00,82.19069,8.347309999999993,274.16515350341797
6479,2020-06-16 16:00:00,82.18464,8.324630000000013,274.0649948120117
6480,2020-06-16 17:00:00,82.17918,8.297159999999991,273.9421157836914
6481,2020-06-16 18:00:00,82.17417,8.272279999999995,273.78431701660156
6482,2020-06-16 19:00:00,82.16972,8.248670000000004,273.7044982910156
6483,2020-06-16 20:00:00,82.16675,8.231169999999992,273.6171417236328
6484,2020-06-16 21:00:00,82.16454,8.227069999999998,273.47857666015625
6485,2020-06-16 22:00:00,82.16311,8.233489999999989,273.3452682495117
6486,2020-06-16 23:00:00,82.16214,8.247680000000003,273.2421188354492
6487,2020-06-17 00:00:00,82.16134,8.267150000000015,273.3003234863281
6488,2020-06-17 01:00:00,82.16033,8.289659999999998,273.51739501953125
6489,2020-06-17 02:00:00,82.15887,8.314580000000007,273.6553421020508
6490,2020-06-17 03:00:00,82.15695,8.34226000000001,273.69024658203125
6491,2020-06-17 04:00:00,82.15438,8.372109999999992,273.64971923828125
6492,2020-06-17 05:00:00,82.15143,8.406080000000003,273.6331253051758
6493,2020-06-17 06:00:00,82.17188,8.402539999999988,273.715087890625
6494,2020-06-17 07:00:00,82.16829,8.440329999999989,273.82007598876953
6495,2020-06-17 08:00:00,82.16357,8.469699999999989,273.91278076171875
6496,2020-06-17 09:00:00,82.15873,8.493140000000011,273.9762496948242
6497,2020-06-17 10:00:00,82.15412,8.509860000000003,273.91895294189453
6498,2020-06-17 11:00:00,82.14939,8.519260000000003,273.92725372314453
6499,2020-06-17 12:00:00,82.14436,8.521029999999996,273.9214172363281
6500,2020-06-17 13:00:00,82.13911,8.515999999999991,273.97361755371094
6501,2020-06-17 14:00:00,82.13446,8.505539999999996,274.0267639160156
6502,2020-06-17 15:00:00,82.12988,8.489329999999995,274.05675506591797
6503,2020-06-17 16:00:00,82.12565,8.468430000000012,273.9664306640625
6504,2020-06-17 17:00:00,82.12249,8.448579999999993,273.86490631103516
6505,2020-06-17 18:00:00,82.1198,8.426880000000011,273.727783203125
6506,2020-06-17 19:00:00,82.11734,8.411139999999989,273.6133499145508
6507,2020-06-17 20:00:00,82.11499,8.401970000000006,273.62825775146484
6508,2020-06-17 21:00:00,82.11325,8.399730000000005,273.67642974853516
6509,2020-06-17 22:00:00,82.11211,8.403580000000005,273.64710998535156
6510,2020-06-17 23:00:00,82.11133,8.413790000000006,273.55369567871094
6511,2020-06-18 00:00:00,82.11076,8.42931999999999,273.51001739501953
6512,2020-06-18 01:00:00,82.11004,8.447839999999985,273.52283477783203
6513,2020-06-18 02:00:00,82.10895,8.469390000000004,273.5269546508789
6514,2020-06-18 03:00:00,82.10732,8.491980000000012,273.5721206665039
6515,2020-06-18 04:00:00,82.10462,8.512650000000008,273.6401824951172
6516,2020-06-18 05:00:00,82.10105,8.52716000000001,273.7092971801758
6517,2020-06-18 06:00:00,82.09725,8.532759999999996,273.8204803466797
6518,2020-06-18 07:00:00,82.09312,8.53555,273.9123229980469
6519,2020-06-18 08:00:00,82.08901,8.536509999999993,273.8242874145508
6520,2020-06-18 09:00:00,82.08491,8.537059999999997,273.77994537353516
6521,2020-06-18 10:00:00,82.08072,8.538170000000008,273.7965393066406
6522,2020-06-18 11:00:00,82.07658,8.539569999999998,273.774169921875
6523,2020-06-18 12:00:00,82.07207,8.539379999999994,273.78067779541016
6524,2020-06-18 13:00:00,82.0671,8.53331,273.8142547607422
6525,2020-06-18 14:00:00,82.0617,8.519990000000007,273.79720306396484
6526,2020-06-18 15:00:00,82.05608,8.499089999999995,273.7979965209961
6527,2020-06-18 16:00:00,82.05149,8.432119999999998,273.8845443725586
6528,2020-06-18 17:00:00,82.04447,8.506519999999995,273.85738372802734
6529,2020-06-18 18:00:00,82.04129,8.47641999999999,273.86222076416016
6530,2020-06-18 19:00:00,82.03876,8.457549999999998,273.8081588745117
6531,2020-06-18 20:00:00,82.03715,8.444169999999986,273.70313262939453
6532,2020-06-18 21:00:00,82.03581,8.441339999999997,273.64732360839844
6533,2020-06-18 22:00:00,82.035,8.447969999999998,273.5950164794922
6534,2020-06-18 23:00:00,82.0351,8.460070000000002,273.59346771240234
6535,2020-06-19 00:00:00,82.03584,8.477630000000005,273.59388732910156
6536,2020-06-19 01:00:00,82.03686,8.499030000000005,273.5988540649414
6537,2020-06-19 02:00:00,82.03781,8.522950000000009,273.59561920166016
6538,2020-06-19 03:00:00,82.0384,8.54853,273.53922271728516
6539,2020-06-19 04:00:00,82.03844,8.576760000000007,273.56893157958984
6540,2020-06-19 05:00:00,82.03779,8.606539999999995,273.4957733154297
6541,2020-06-19 06:00:00,82.03654,8.63785999999999,273.2113037109375
6542,2020-06-19 07:00:00,82.0346,8.665250000000015,272.9551696777344
6543,2020-06-19 08:00:00,82.03135,8.673220000000015,272.9233627319336
6544,2020-06-19 09:00:00,82.02881,8.688269999999989,273.0756072998047
6545,2020-06-19 10:00:00,82.02713,8.700040000000001,273.12550354003906
6546,2020-06-19 11:00:00,82.02725,8.718220000000002,273.0921630859375
6547,2020-06-19 12:00:00,82.02769,8.74251000000001,273.26971435546875
6548,2020-06-19 13:00:00,82.02782,8.76767000000001,273.46685791015625
6549,2020-06-19 14:00:00,82.02769,8.788630000000012,273.51148986816406
6550,2020-06-19 15:00:00,82.02711,8.805350000000004,273.61474609375
6551,2020-06-19 16:00:00,82.02684,8.812219999999996,273.60985565185547
6552,2020-06-19 17:00:00,82.02695,8.811350000000004,273.5733108520508
6553,2020-06-19 18:00:00,82.02738,8.807410000000004,273.5158004760742
6554,2020-06-19 19:00:00,82.02818,8.803750000000008,273.42510986328125
6555,2020-06-19 20:00:00,82.02915,8.80682999999999,273.24327087402344
6556,2020-06-19 21:00:00,82.03057,8.81841,273.11527252197266
6557,2020-06-19 22:00:00,82.03222,8.842399999999998,273.0932846069336
6558,2020-06-19 23:00:00,82.03433,8.870769999999993,273.1611862182617
6559,2020-06-20 00:00:00,82.03671,8.903169999999989,273.1999740600586
6560,2020-06-20 01:00:00,82.03906,8.939009999999996,273.20570373535156
6561,2020-06-20 02:00:00,82.04108,8.975609999999989,273.2557144165039
6562,2020-06-20 03:00:00,82.04264,9.010899999999992,273.2677536010742
6563,2020-06-20 04:00:00,82.04366,9.042930000000013,273.3442153930664
6564,2020-06-20 05:00:00,82.04387,9.072429999999997,273.3895034790039
6565,2020-06-20 06:00:00,82.04334,9.09912,273.4581069946289
6566,2020-06-20 07:00:00,82.04206,9.120679999999993,273.5629653930664
6567,2020-06-20 08:00:00,82.04006,9.136629999999997,273.6421432495117
6568,2020-06-20 09:00:00,82.03734,9.147369999999995,273.69469451904297
6569,2020-06-20 10:00:00,82.03407,9.154269999999997,273.7968063354492
6570,2020-06-20 11:00:00,82.03044,9.155640000000005,273.87003326416016
6571,2020-06-20 12:00:00,82.02692,9.151240000000001,273.96082305908203
6572,2020-06-20 13:00:00,82.02362,9.140160000000009,274.0390090942383
6573,2020-06-20 14:00:00,82.02029,9.123750000000001,274.1032028198242
6574,2020-06-20 15:00:00,82.01707,9.100719999999995,274.0829315185547
6575,2020-06-20 16:00:00,82.01419,9.070609999999988,274.0766372680664
6576,2020-06-20 17:00:00,82.01197,9.036090000000002,274.05128479003906
6577,2020-06-20 18:00:00,82.0106,9.005030000000005,274.00101470947266
6578,2020-06-20 19:00:00,82.00992,8.980279999999993,273.9101867675781
6579,2020-06-20 20:00:00,82.00961,8.963470000000001,273.76934814453125
6580,2020-06-20 21:00:00,82.00965,8.957390000000004,273.65067291259766
6581,2020-06-20 22:00:00,82.01004,8.96359000000001,273.52269744873047
6582,2020-06-20 23:00:00,82.01075,8.978730000000013,273.42618560791016
6583,2020-06-21 00:00:00,82.01169,8.999509999999987,273.3706970214844
6584,2020-06-21 01:00:00,82.01272,9.02582000000001,273.3825225830078
6585,2020-06-21 02:00:00,82.01368,9.054990000000004,273.4586868286133
6586,2020-06-21 03:00:00,82.01431,9.08644000000001,273.55318450927734
6587,2020-06-21 04:00:00,82.01424,9.116690000000006,273.65382385253906
6588,2020-06-21 05:00:00,82.01318,9.144080000000002,273.74149322509766
6589,2020-06-21 06:00:00,82.01094,9.167429999999996,273.8510208129883
6590,2020-06-21 07:00:00,82.00748,9.185550000000006,273.95629119873047
6591,2020-06-21 08:00:00,82.00318,9.197910000000007,274.0494689941406
6592,2020-06-21 09:00:00,81.99834,9.204669999999993,274.17691802978516
6593,2020-06-21 10:00:00,81.99314,9.205719999999985,274.2890625
6594,2020-06-21 11:00:00,81.98748,9.201899999999995,274.3654556274414
6595,2020-06-21 12:00:00,81.98196,9.187579999999997,274.40662384033203
6596,2020-06-21 13:00:00,81.97743,9.162759999999992,274.43819427490234
6597,2020-06-21 14:00:00,81.97374,9.135919999999999,274.4458541870117
6598,2020-06-21 15:00:00,81.97093,9.10918000000001,274.4123229980469
6599,2020-06-21 16:00:00,81.96916,9.08393000000001,274.35050201416016
6600,2020-06-21 17:00:00,81.96843,9.059249999999992,274.2340393066406
6601,2020-06-21 18:00:00,81.96848,9.038849999999996,274.0936279296875
6602,2020-06-21 19:00:00,81.96891,9.02552,273.9466857910156
6603,2020-06-21 20:00:00,81.96931,9.017860000000013,273.81129455566406
6604,2020-06-21 21:00:00,81.96979,9.017230000000012,273.6898498535156
6605,2020-06-21 22:00:00,81.97061,9.023719999999997,273.5888214111328
6606,2020-06-21 23:00:00,81.97185,9.04047,273.51124572753906
6607,2020-06-22 00:00:00,81.97366,9.06608,273.4640579223633
6608,2020-06-22 01:00:00,81.97591,9.095200000000006,273.44681549072266
6609,2020-06-22 02:00:00,81.97859,9.127749999999992,273.46331787109375
6610,2020-06-22 03:00:00,81.98136,9.164549999999991,273.50560760498047
6611,2020-06-22 04:00:00,81.98392,9.202490000000012,273.5577926635742
6612,2020-06-22 05:00:00,81.98589,9.241199999999992,273.59732818603516
6613,2020-06-22 06:00:00,81.98674,9.278549999999996,273.6617736816406
6614,2020-06-22 07:00:00,81.98594,9.311630000000008,273.755859375
6615,2020-06-22 08:00:00,81.98393,9.335919999999987,273.87422943115234
6616,2020-06-22 09:00:00,81.98063,9.34921,274.00443267822266
6617,2020-06-22 10:00:00,81.97619,9.352840000000015,274.12718963623047
6618,2020-06-22 11:00:00,81.9717,9.343500000000006,274.2372283935547
6619,2020-06-22 12:00:00,81.96777,9.325569999999999,274.3215866088867
6620,2020-06-22 13:00:00,81.965,9.303850000000011,274.3815612792969
6621,2020-06-22 14:00:00,81.96321,9.280339999999995,274.43558502197266
6622,2020-06-22 15:00:00,81.9627,9.256220000000013,274.4436721801758
6623,2020-06-22 16:00:00,81.9635,9.234219999999993,274.3907165527344
6624,2020-06-22 17:00:00,81.96521,9.218040000000002,274.27381896972656
6625,2020-06-22 18:00:00,81.9673,9.203980000000001,274.1168441772461
6626,2020-06-22 19:00:00,81.96998,9.192430000000002,273.99878692626953
6627,2020-06-22 20:00:00,81.97309,9.192370000000011,273.8473815917969
6628,2020-06-22 21:00:00,81.97632,9.199970000000008,273.6384735107422
6629,2020-06-22 22:00:00,81.97968,9.2166,273.3357391357422
6630,2020-06-22 23:00:00,81.98347,9.242040000000003,272.9523162841797
6631,2020-06-23 00:00:00,81.98781,9.275659999999988,272.6643295288086
6632,2020-06-23 01:00:00,81.99282,9.319299999999998,272.58707427978516
6633,2020-06-23 02:00:00,81.99793,9.370550000000009,272.6968460083008
6634,2020-06-23 03:00:00,82.00282,9.427960000000013,272.8989715576172
6635,2020-06-23 04:00:00,82.007,9.486169999999987,273.1049346923828
6636,2020-06-23 05:00:00,82.01027,9.542259999999999,273.25868225097656
6637,2020-06-23 06:00:00,82.01241,9.592060000000004,273.3407745361328
6638,2020-06-23 07:00:00,82.01291,9.63449,273.3444137573242
6639,2020-06-23 08:00:00,82.01173,9.666930000000008,273.3001937866211
6640,2020-06-23 09:00:00,82.0095,9.688870000000009,273.18729400634766
6641,2020-06-23 10:00:00,82.0062,9.699819999999988,273.0676498413086
6642,2020-06-23 11:00:00,82.00249,9.70105000000001,273.02872467041016
6643,2020-06-23 12:00:00,81.99867,9.696580000000012,273.10330963134766
6644,2020-06-23 13:00:00,81.99595,9.68995000000001,273.30897521972656
6645,2020-06-23 14:00:00,81.99445,9.682559999999995,273.48326873779297
6646,2020-06-23 15:00:00,81.99359,9.673609999999996,273.49871826171875
6647,2020-06-23 16:00:00,81.99367,9.658760000000001,273.44161224365234
6648,2020-06-23 17:00:00,81.99479,9.63757000000001,273.42513275146484
6649,2020-06-23 18:00:00,81.99733,9.61518000000001,273.3640441894531
6650,2020-06-23 19:00:00,82.00089,9.598690000000005,273.31107330322266
6651,2020-06-23 20:00:00,82.00535,9.590149999999994,273.33731842041016
6652,2020-06-23 21:00:00,82.01028,9.58753999999999,273.34180450439453
6653,2020-06-23 22:00:00,82.01551,9.592180000000013,273.2957000732422
6654,2020-06-23 23:00:00,82.02067,9.60623000000001,273.33821868896484
6655,2020-06-24 00:00:00,82.0258,9.63024999999999,273.3429718017578
6656,2020-06-24 01:00:00,82.03115,9.667779999999993,273.4364471435547
6657,2020-06-24 02:00:00,82.0365,9.715769999999992,273.5319290161133
6658,2020-06-24 03:00:00,82.04167,9.769389999999987,273.5772705078125
6659,2020-06-24 04:00:00,82.04604,9.826660000000004,273.52459716796875
6660,2020-06-24 05:00:00,82.04924,9.88239999999999,273.50060272216797
6661,2020-06-24 06:00:00,82.0509,9.929480000000012,273.4928283691406
6662,2020-06-24 07:00:00,82.05133,9.965219999999988,273.54676818847656
6663,2020-06-24 08:00:00,82.04989,9.988580000000013,273.6249237060547
6664,2020-06-24 09:00:00,82.04759,10.002319999999997,273.6379623413086
6665,2020-06-24 10:00:00,82.04415,10.004889999999989,273.69983673095703
6666,2020-06-24 11:00:00,82.04019,10.001139999999992,273.90186309814453
6667,2020-06-24 12:00:00,82.03634,9.990080000000006,274.0745086669922
6668,2020-06-24 13:00:00,82.03264,9.974040000000002,274.1588897705078
6669,2020-06-24 14:00:00,82.02934,9.954800000000006,274.1286392211914
6670,2020-06-24 15:00:00,82.02706,9.932449999999989,274.08985137939453
6671,2020-06-24 16:00:00,82.02576,9.904480000000007,274.0277404785156
6672,2020-06-24 17:00:00,82.02563,9.87321,273.99439239501953
6673,2020-06-24 18:00:00,82.02679,9.841700000000003,273.98619842529297
6674,2020-06-24 19:00:00,82.02881,9.81689,273.9634094238281
6675,2020-06-24 20:00:00,82.03171,9.800929999999994,273.92779541015625
6676,2020-06-24 21:00:00,82.03546,9.792300000000012,273.8670883178711
6677,2020-06-24 22:00:00,82.03954,9.79149000000001,273.8031692504883
6678,2020-06-24 23:00:00,82.04369,9.801919999999996,273.8000793457031
6679,2020-06-25 00:00:00,82.048,9.82611,273.8097839355469
6680,2020-06-25 01:00:00,82.05258,9.86124000000001,273.7971878051758
6681,2020-06-25 02:00:00,82.05699,9.906830000000014,273.8080825805664
6682,2020-06-25 03:00:00,82.0608,9.960329999999999,273.81624603271484
6683,2020-06-25 04:00:00,82.06385,10.01581999999999,273.83524322509766
6684,2020-06-25 05:00:00,82.0659,10.070040000000006,273.8274841308594
6685,2020-06-25 06:00:00,82.06667,10.118529999999993,273.83939361572266
6686,2020-06-25 07:00:00,82.06662,10.157700000000006,273.8394241333008
6687,2020-06-25 08:00:00,82.06562,10.184830000000005,273.84693908691406
6688,2020-06-25 09:00:00,82.06363,10.198370000000011,273.8699722290039
6689,2020-06-25 10:00:00,82.06064,10.201189999999997,273.93160247802734
6690,2020-06-25 11:00:00,82.05696,10.194799999999987,274.0347213745117
6691,2020-06-25 12:00:00,82.05297,10.180200000000013,274.15162658691406
6692,2020-06-25 13:00:00,82.04832,10.159420000000011,274.1928482055664
6693,2020-06-25 14:00:00,82.04366,10.135690000000011,274.2283401489258
6694,2020-06-25 15:00:00,82.03969,10.108149999999995,274.31395721435547
6695,2020-06-25 16:00:00,82.03606,10.076899999999995,274.32740783691406
6696,2020-06-25 17:00:00,82.03309,10.045199999999994,274.32928466796875
6697,2020-06-25 18:00:00,82.03142,10.00721999999999,274.30665588378906
6698,2020-06-25 19:00:00,82.03079,9.966849999999994,274.2725601196289
6699,2020-06-25 20:00:00,82.03151,9.930679999999995,274.1775131225586
6700,2020-06-25 21:00:00,82.0336,9.90182999999999,274.0911407470703
6701,2020-06-25 22:00:00,82.03649,9.882170000000002,274.0087890625
6702,2020-06-25 23:00:00,82.03977,9.874120000000005,273.9455337524414
6703,2020-06-26 00:00:00,82.04326,9.879040000000003,273.9344482421875
6704,2020-06-26 01:00:00,82.04685,9.895659999999992,273.9398422241211
6705,2020-06-26 02:00:00,82.05018,9.922680000000014,273.9275894165039
6706,2020-06-26 03:00:00,82.05273,9.959090000000003,273.94950103759766
6707,2020-06-26 04:00:00,82.0544,10.00263000000001,273.9721984863281
6708,2020-06-26 05:00:00,82.05448,10.053629999999998,273.98250579833984
6709,2020-06-26 06:00:00,82.05331,10.103070000000002,274.02042388916016
6710,2020-06-26 07:00:00,82.05094,10.14670000000001,274.0361328125
6711,2020-06-26 08:00:00,82.04742,10.182179999999988,274.0762405395508
6712,2020-06-26 09:00:00,82.04325,10.20832999999999,274.09185791015625
6713,2020-06-26 10:00:00,82.03838,10.220850000000013,274.1497497558594
6714,2020-06-26 11:00:00,82.03266,10.221769999999992,274.1040802001953
6715,2020-06-26 12:00:00,82.02612,10.213539999999995,273.90386962890625
6716,2020-06-26 13:00:00,82.01919,10.19174000000001,273.82910919189453
6717,2020-06-26 14:00:00,82.01221,10.16040000000001,273.93843841552734
6718,2020-06-26 15:00:00,82.00521,10.126339999999999,273.9870376586914
6719,2020-06-26 16:00:00,81.998,10.089439999999996,273.97135162353516
6720,2020-06-26 17:00:00,81.99123,10.04740000000001,273.93870544433594
6721,2020-06-26 18:00:00,81.9855,10.002350000000007,273.9251174926758
6722,2020-06-26 19:00:00,81.98081,9.956490000000002,273.8853073120117
6723,2020-06-26 20:00:00,81.97777,9.91413,273.8093948364258
6724,2020-06-26 21:00:00,81.97589,9.869689999999991,273.76634216308594
6725,2020-06-26 22:00:00,81.97556,9.831739999999996,273.69571685791016
6726,2020-06-26 23:00:00,81.97634,9.804540000000003,273.80240631103516
6727,2020-06-27 00:00:00,81.97756,9.789970000000011,273.79344177246094
6728,2020-06-27 01:00:00,81.97844,9.78555,273.8255920410156
6729,2020-06-27 02:00:00,81.97952,9.79128,273.8526916503906
6730,2020-06-27 03:00:00,81.98025,9.804939999999988,273.83289337158203
6731,2020-06-27 04:00:00,81.98008,9.82580999999999,273.88108825683594
6732,2020-06-27 05:00:00,81.97864,9.850279999999998,273.9873352050781
6733,2020-06-27 06:00:00,81.97666,9.873709999999988,274.07325744628906
6734,2020-06-27 07:00:00,81.97372,9.897729999999996,274.1286315917969
6735,2020-06-27 08:00:00,81.96903,9.907759999999996,274.2254943847656
6736,2020-06-27 09:00:00,81.96397,9.911789999999996,274.3330307006836
6737,2020-06-27 10:00:00,81.95856,9.908850000000001,274.3635025024414
6738,2020-06-27 11:00:00,81.95331,9.897850000000005,274.4207992553711
6739,2020-06-27 12:00:00,81.94782,9.881959999999992,274.4375991821289
6740,2020-06-27 13:00:00,81.94172,9.86330000000001,274.4776077270508
6741,2020-06-27 14:00:00,81.93513,9.842070000000007,274.49102783203125
6742,2020-06-27 15:00:00,81.92826,9.816750000000013,274.42452239990234
6743,2020-06-27 16:00:00,81.92173,9.787229999999994,274.4258041381836
6744,2020-06-27 17:00:00,81.91587,9.754220000000004,274.38086700439453
6745,2020-06-27 18:00:00,81.91083,9.714570000000009,274.2233200073242
6746,2020-06-27 19:00:00,81.90718,9.668959999999998,274.1219177246094
6747,2020-06-27 20:00:00,81.90541,9.623789999999985,274.05755615234375
6748,2020-06-27 21:00:00,81.90498,9.580189999999988,274.01702880859375
6749,2020-06-27 22:00:00,81.90554,9.540289999999999,273.9640579223633
6750,2020-06-27 23:00:00,81.90662,9.507920000000013,273.83872985839844
6751,2020-06-28 00:00:00,81.90779,9.486549999999994,273.65966033935547
6752,2020-06-28 01:00:00,81.90864,9.476030000000009,273.56044006347656
6753,2020-06-28 02:00:00,81.90903,9.476310000000012,273.5705108642578
6754,2020-06-28 03:00:00,81.9084,9.483339999999998,273.5908889770508
6755,2020-06-28 04:00:00,81.90704,9.491829999999993,273.6347961425781
6756,2020-06-28 05:00:00,81.90523,9.501710000000003,273.6776428222656
6757,2020-06-28 06:00:00,81.90235,9.511709999999994,273.71680450439453
6758,2020-06-28 07:00:00,81.89917,9.516379999999998,273.7474899291992
6759,2020-06-28 08:00:00,81.89583,9.515870000000007,273.88258361816406
6760,2020-06-28 09:00:00,81.89209,9.513090000000005,274.1366271972656
6761,2020-06-28 10:00:00,81.88738,9.506779999999992,274.2704315185547
6762,2020-06-28 11:00:00,81.88164,9.495460000000008,274.2918472290039
6763,2020-06-28 12:00:00,81.8752,9.478710000000007,274.1228790283203
6764,2020-06-28 13:00:00,81.8684,9.45689999999999,274.1536331176758
6765,2020-06-28 14:00:00,81.86134,9.430659999999989,274.14955139160156
6766,2020-06-28 15:00:00,81.85412,9.401139999999998,274.1313705444336
6767,2020-06-28 16:00:00,81.84701,9.369370000000004,274.1262435913086
6768,2020-06-28 17:00:00,81.84043,9.335620000000006,273.9952926635742
6769,2020-06-28 18:00:00,81.83472,9.301109999999994,273.92882537841797
6770,2020-06-28 19:00:00,81.83041,9.265590000000003,273.8050537109375
6771,2020-06-28 20:00:00,81.82814,9.23218,273.716064453125
6772,2020-06-28 21:00:00,81.82764,9.203599999999994,273.6005630493164
6773,2020-06-28 22:00:00,81.8281,9.181610000000006,273.528076171875
6774,2020-06-28 23:00:00,81.82925,9.16516999999999,273.52501678466797
6775,2020-06-29 00:00:00,81.83084,9.155100000000004,273.6015853881836
6776,2020-06-29 01:00:00,81.83253,9.15213,273.6109161376953
6777,2020-06-29 02:00:00,81.83377,9.153860000000009,273.5699005126953
6778,2020-06-29 03:00:00,81.83379,9.158510000000007,273.60179901123047
6779,2020-06-29 04:00:00,81.83304,9.165780000000012,273.7332992553711
6780,2020-06-29 05:00:00,81.83207,9.17258000000001,273.89197540283203
6781,2020-06-29 06:00:00,81.83082,9.179609999999997,273.99744415283203
6782,2020-06-29 07:00:00,81.82937,9.181600000000003,274.0276412963867
6783,2020-06-29 08:00:00,81.82822,9.180560000000014,274.04893493652344
6784,2020-06-29 09:00:00,81.8272,9.175080000000008,274.08683013916016
6785,2020-06-29 10:00:00,81.82642,9.165809999999993,274.08543395996094
6786,2020-06-29 11:00:00,81.82542,9.155599999999993,274.02909088134766
6787,2020-06-29 12:00:00,81.82392,9.143579999999986,274.05665588378906
6788,2020-06-29 13:00:00,81.82152,9.127489999999995,274.1531753540039
6789,2020-06-29 14:00:00,81.81821,9.107959999999991,274.25862884521484
6790,2020-06-29 15:00:00,81.8143,9.08511999999999,274.2857437133789
6791,2020-06-29 16:00:00,81.81009,9.058969999999988,274.22806549072266
6792,2020-06-29 17:00:00,81.80592,9.030519999999996,274.1370162963867
6793,2020-06-29 18:00:00,81.80226,8.999310000000008,274.02142333984375
6794,2020-06-29 19:00:00,81.79983,8.969690000000014,273.9400863647461
6795,2020-06-29 20:00:00,81.79874,8.944009999999992,273.8627624511719
6796,2020-06-29 21:00:00,81.79905,8.922599999999989,273.7949447631836
6797,2020-06-29 22:00:00,81.80039,8.909559999999999,273.7718811035156
6798,2020-06-29 23:00:00,81.80238,8.904779999999988,273.7054214477539
6799,2020-06-30 00:00:00,81.80459,8.90816000000001,273.67504119873047
6800,2020-06-30 01:00:00,81.80626,8.918920000000014,273.59500885009766
6801,2020-06-30 02:00:00,81.80706,8.932819999999992,273.59681701660156
6802,2020-06-30 03:00:00,81.80681,8.947929999999985,273.54315185546875
6803,2020-06-30 04:00:00,81.8058,8.960289999999986,273.56590270996094
6804,2020-06-30 05:00:00,81.80408,8.970979999999997,273.6230697631836
6805,2020-06-30 06:00:00,81.80192,8.978129999999993,273.5860900878906
6806,2020-06-30 07:00:00,81.8,8.980430000000013,273.5086212158203
6807,2020-06-30 08:00:00,81.79832,8.980150000000009,273.4347915649414
6808,2020-06-30 09:00:00,81.7971,8.979389999999995,273.45875549316406
6809,2020-06-30 10:00:00,81.79579,8.97905,273.4943313598633
6810,2020-06-30 11:00:00,81.79441,8.977480000000014,273.53973388671875
6811,2020-06-30 12:00:00,81.79257,8.975169999999991,273.55926513671875
6812,2020-06-30 13:00:00,81.79011,8.969719999999995,273.55841064453125
6813,2020-06-30 14:00:00,81.787,8.960100000000011,273.53597259521484
6814,2020-06-30 15:00:00,81.78332,8.945670000000007,273.5565643310547
6815,2020-06-30 16:00:00,81.77925,8.926729999999992,273.51769256591797
6816,2020-06-30 17:00:00,81.77523,8.904930000000007,273.47528076171875
6817,2020-06-30 18:00:00,81.77186,8.882409999999993,273.4196548461914
6818,2020-06-30 19:00:00,81.76948,8.859090000000009,273.37915802001953
6819,2020-06-30 20:00:00,81.76837,8.836849999999998,273.3565368652344
6820,2020-06-30 21:00:00,81.76883,8.819760000000002,273.27745056152344
6821,2020-06-30 22:00:00,81.77057,8.810810000000004,273.1774215698242
6822,2020-06-30 23:00:00,81.77284,8.810859999999991,273.1292266845703
6823,2020-07-01 00:00:00,81.77536,8.81944999999999,273.08370208740234
6824,2020-07-01 01:00:00,81.77736,8.832870000000014,273.0751647949219
6825,2020-07-01 02:00:00,81.77835,8.849109999999996,273.09397888183594
6826,2020-07-01 03:00:00,81.77821,8.865010000000012,273.10172271728516
6827,2020-07-01 04:00:00,81.77702,8.878199999999993,273.1381149291992
6828,2020-07-01 05:00:00,81.77506,8.887290000000007,273.1933135986328
6829,2020-07-01 06:00:00,81.77251,8.891629999999992,273.24242401123047
6830,2020-07-01 07:00:00,81.77003,8.89009999999999,273.3109359741211
6831,2020-07-01 08:00:00,81.76826,8.885590000000008,273.35626220703125
6832,2020-07-01 09:00:00,81.76716,8.880480000000006,273.40438079833984
6833,2020-07-01 10:00:00,81.76655,8.876100000000008,273.43946075439453
6834,2020-07-01 11:00:00,81.7661,8.872180000000014,273.46441650390625
6835,2020-07-01 12:00:00,81.76562,8.868290000000002,273.4968719482422
6836,2020-07-01 13:00:00,81.76476,8.86393000000001,273.51206970214844
6837,2020-07-01 14:00:00,81.76338,8.857200000000006,273.51529693603516
6838,2020-07-01 15:00:00,81.76138,8.844680000000011,273.53114318847656
6839,2020-07-01 16:00:00,81.75902,8.826429999999988,273.53656005859375
6840,2020-07-01 17:00:00,81.75661,8.804159999999996,273.51930236816406
6841,2020-07-01 18:00:00,81.75457,8.77973,273.5299835205078
6842,2020-07-01 19:00:00,81.75331,8.756110000000007,273.51880645751953
6843,2020-07-01 20:00:00,81.75307,8.735299999999995,273.51564025878906
6844,2020-07-01 21:00:00,81.75398,8.718760000000003,273.5120391845703
6845,2020-07-01 22:00:00,81.75549,8.707510000000013,273.5275344848633
6846,2020-07-01 23:00:00,81.75724,8.700260000000014,273.52447509765625
6847,2020-07-02 00:00:00,81.75907,8.69529,273.4891662597656
6848,2020-07-02 01:00:00,81.76059,8.691699999999997,273.49888610839844
6849,2020-07-02 02:00:00,81.76123,8.689940000000007,273.5444869995117
6850,2020-07-02 03:00:00,81.76081,8.68422000000001,273.6307678222656
6851,2020-07-02 04:00:00,81.75895,8.673169999999999,273.6888961791992
6852,2020-07-02 05:00:00,81.7557,8.657800000000009,273.7297058105469
6853,2020-07-02 06:00:00,81.75146,8.636860000000013,273.72911834716797
6854,2020-07-02 07:00:00,81.74642,8.612599999999986,273.64930725097656
6855,2020-07-02 08:00:00,81.74075,8.585250000000002,273.6519775390625
6856,2020-07-02 09:00:00,81.73494,8.55447000000001,273.6421813964844
6857,2020-07-02 10:00:00,81.7297,8.521919999999994,273.5683059692383
6858,2020-07-02 11:00:00,81.72498,8.489920000000012,273.47056579589844
6859,2020-07-02 12:00:00,81.72045,8.459429999999998,273.490966796875
6860,2020-07-02 13:00:00,81.7162,8.427899999999994,273.58179473876953
6861,2020-07-02 14:00:00,81.71168,8.395780000000002,273.7086868286133
6862,2020-07-02 15:00:00,81.70666,8.362729999999999,273.7909469604492
6863,2020-07-02 16:00:00,81.70121,8.326699999999988,273.8080520629883
6864,2020-07-02 17:00:00,81.69557,8.285470000000004,273.7718276977539
6865,2020-07-02 18:00:00,81.69071,8.239650000000012,273.72286224365234
6866,2020-07-02 19:00:00,81.68709,8.190660000000008,273.6936569213867
6867,2020-07-02 20:00:00,81.68529,8.139399999999995,273.67356872558594
6868,2020-07-02 21:00:00,81.68605,8.09411,273.65332794189453
6869,2020-07-02 22:00:00,81.68854,8.05519000000001,273.6532974243164
6870,2020-07-02 23:00:00,81.69223,8.025389999999987,273.6350860595703
6871,2020-07-03 00:00:00,81.69558,8.005529999999993,273.64717864990234
6872,2020-07-03 01:00:00,81.698,7.992379999999997,273.6778564453125
6873,2020-07-03 02:00:00,81.6992,7.98078000000001,273.75093841552734
6874,2020-07-03 03:00:00,81.69927,7.967880000000008,273.8584289550781
6875,2020-07-03 04:00:00,81.69776,7.952220000000011,273.96195220947266
6876,2020-07-03 05:00:00,81.6946,7.928370000000001,273.9852523803711
6877,2020-07-03 06:00:00,81.6902,7.892040000000009,274.01451873779297
6878,2020-07-03 07:00:00,81.68506,7.84523999999999,274.0444564819336
6879,2020-07-03 08:00:00,81.67978,7.789449999999988,274.1075668334961
6880,2020-07-03 09:00:00,81.67557,7.723129999999998,274.28133392333984
6881,2020-07-03 10:00:00,81.67263,7.652839999999998,274.38609313964844
6882,2020-07-03 11:00:00,81.67125,7.581520000000012,274.66944122314453
6883,2020-07-03 12:00:00,81.67165,7.515209999999996,274.7964553833008
6884,2020-07-03 13:00:00,81.67317,7.455999999999989,274.93758392333984
6885,2020-07-03 14:00:00,81.6755,7.40209999999999,274.9988021850586
6886,2020-07-03 15:00:00,81.67798,7.357789999999994,274.92332458496094
6887,2020-07-03 16:00:00,81.67896,7.316869999999994,274.7645263671875
6888,2020-07-03 17:00:00,81.67974,7.2722499999999854,274.6297149658203
6889,2020-07-03 18:00:00,81.68079,7.2243799999999965,274.6236038208008
6890,2020-07-03 19:00:00,81.68188,7.1792700000000025,274.55291748046875
6891,2020-07-03 20:00:00,81.68341,7.137969999999996,274.4341354370117
6892,2020-07-03 21:00:00,81.68595,7.09738999999999,274.35291290283203
6893,2020-07-03 22:00:00,81.68953,7.056549999999987,274.2613525390625
6894,2020-07-03 23:00:00,81.69451,7.022580000000005,274.11380767822266
6895,2020-07-04 00:00:00,81.69968,6.99978999999999,273.99642181396484
6896,2020-07-04 01:00:00,81.70505,6.98590999999999,273.9365234375
6897,2020-07-04 02:00:00,81.70914,6.977589999999992,273.90379333496094
6898,2020-07-04 03:00:00,81.71144,6.974050000000005,273.92144775390625
6899,2020-07-04 04:00:00,81.71248,6.969560000000001,273.902099609375
6900,2020-07-04 05:00:00,81.71248,6.9611500000000035,273.9061965942383
6901,2020-07-04 06:00:00,81.71112,6.944199999999995,273.9224166870117
6902,2020-07-04 07:00:00,81.70894,6.916850000000011,274.0373229980469
6903,2020-07-04 08:00:00,81.70703,6.8796199999999885,274.24974060058594
6904,2020-07-04 09:00:00,81.70576,6.834640000000007,274.5499954223633
6905,2020-07-04 10:00:00,81.70558,6.7856800000000135,274.7674255371094
6906,2020-07-04 11:00:00,81.70646,6.73993999999999,275.05065155029297
6907,2020-07-04 12:00:00,81.70845,6.704530000000005,275.19705963134766
6908,2020-07-04 13:00:00,81.71095,6.682899999999989,275.27738189697266
6909,2020-07-04 14:00:00,81.713,6.669309999999996,275.30665588378906
6910,2020-07-04 15:00:00,81.71442,6.657999999999987,275.2034454345703
6911,2020-07-04 16:00:00,81.71546,6.645160000000004,275.07725524902344
6912,2020-07-04 17:00:00,81.7159,6.629449999999991,274.8967056274414
6913,2020-07-04 18:00:00,81.71579,6.610839999999996,274.8203887939453
6914,2020-07-04 19:00:00,81.71558,6.589709999999997,274.6245803833008
6915,2020-07-04 20:00:00,81.71573,6.567180000000008,274.5044631958008
6916,2020-07-04 21:00:00,81.71686,6.5466399999999965,274.2986068725586
6917,2020-07-04 22:00:00,81.71941,6.529869999999988,274.1047668457031
6918,2020-07-04 23:00:00,81.72264,6.522120000000001,273.962890625
6919,2020-07-05 00:00:00,81.7259,6.525810000000007,274.10721588134766
6920,2020-07-05 01:00:00,81.72854,6.537319999999994,274.0515670776367
6921,2020-07-05 02:00:00,81.73026,6.549839999999989,273.93395233154297
6922,2020-07-05 03:00:00,81.73085,6.559809999999999,273.82608795166016
6923,2020-07-05 04:00:00,81.72988,6.56271000000001,273.81703186035156
6924,2020-07-05 05:00:00,81.72715,6.551880000000011,273.79713439941406
6925,2020-07-05 06:00:00,81.72313,6.526420000000002,273.73189544677734
6926,2020-07-05 07:00:00,81.71847,6.487819999999999,273.81334686279297
6927,2020-07-05 08:00:00,81.7137,6.439040000000006,273.8592224121094
6928,2020-07-05 09:00:00,81.70947,6.38873000000001,273.84192657470703
6929,2020-07-05 10:00:00,81.70596,6.341319999999996,273.93114471435547
6930,2020-07-05 11:00:00,81.70211,6.295479999999998,274.23243713378906
6931,2020-07-05 12:00:00,81.69782,6.249779999999987,274.4357147216797
6932,2020-07-05 13:00:00,81.69381,6.206610000000012,274.5739517211914
6933,2020-07-05 14:00:00,81.69024,6.161869999999993,274.5359878540039
6934,2020-07-05 15:00:00,81.68763,6.114210000000014,274.6044921875
6935,2020-07-05 16:00:00,81.68556,6.06465,274.60020446777344
6936,2020-07-05 17:00:00,81.68372,6.0124700000000075,274.52132415771484
6937,2020-07-05 18:00:00,81.68232,5.95729,274.44969940185547
6938,2020-07-05 19:00:00,81.68161,5.901540000000011,274.3540802001953
6939,2020-07-05 20:00:00,81.68217,5.8463999999999885,274.2517852783203
6940,2020-07-05 21:00:00,81.68345,5.797069999999991,274.20775604248047
6941,2020-07-05 22:00:00,81.68558,5.756249999999994,274.2701721191406
6942,2020-07-05 23:00:00,81.68979,5.723099999999988,274.31465911865234
6943,2020-07-06 00:00:00,81.69459,5.700909999999993,274.29053497314453
6944,2020-07-06 01:00:00,81.69894,5.688580000000002,274.3128204345703
6945,2020-07-06 02:00:00,81.70248,5.683619999999991,274.38716888427734
6946,2020-07-06 03:00:00,81.70527,5.684110000000004,274.4294738769531
6947,2020-07-06 04:00:00,81.70669,5.682709999999986,274.4271011352539
6948,2020-07-06 05:00:00,81.70656,5.675009999999986,274.44312286376953
6949,2020-07-06 06:00:00,81.70508,5.659780000000012,274.4640579223633
6950,2020-07-06 07:00:00,81.70232,5.636879999999991,274.45530700683594
6951,2020-07-06 08:00:00,81.69844,5.60338999999999,274.5008239746094
6952,2020-07-06 09:00:00,81.69411,5.560789999999997,274.55426025390625
6953,2020-07-06 10:00:00,81.68965,5.513540000000006,274.64952087402344
6954,2020-07-06 11:00:00,81.68536,5.462469999999996,274.7475280761719
6955,2020-07-06 12:00:00,81.68166,5.408970000000011,274.6778335571289
6956,2020-07-06 13:00:00,81.67886,5.355739999999997,274.6231918334961
6957,2020-07-06 14:00:00,81.67714,5.307819999999992,274.6186065673828
6958,2020-07-06 15:00:00,81.67602,5.2640499999999975,274.62960052490234
6959,2020-07-06 16:00:00,81.67506,5.222669999999994,274.6188735961914
6960,2020-07-06 17:00:00,81.67371,5.179090000000002,274.5285873413086
6961,2020-07-06 18:00:00,81.67206,5.132730000000009,274.43479919433594
6962,2020-07-06 19:00:00,81.67032,5.082310000000007,274.38512420654297
6963,2020-07-06 20:00:00,81.66884,5.029410000000013,274.3119888305664
6964,2020-07-06 21:00:00,81.66788,4.976529999999997,274.2839584350586
6965,2020-07-06 22:00:00,81.66737,4.925459999999987,274.25975799560547
6966,2020-07-06 23:00:00,81.66747,4.879660000000001,274.2185745239258
6967,2020-07-07 00:00:00,81.66903,4.844950000000011,274.19112396240234
6968,2020-07-07 01:00:00,81.67115,4.817489999999992,274.14197540283203
6969,2020-07-07 02:00:00,81.67358,4.796840000000003,274.16381072998047
6970,2020-07-07 03:00:00,81.67557,4.784150000000011,274.1603012084961
6971,2020-07-07 04:00:00,81.67664,4.780110000000008,274.20579528808594
6972,2020-07-07 05:00:00,81.67623,4.77919,274.2503204345703
6973,2020-07-07 06:00:00,81.67392,4.770620000000008,274.2303009033203
6974,2020-07-07 07:00:00,81.66996,4.755159999999989,274.0501708984375
6975,2020-07-07 08:00:00,81.66439,4.727669999999989,273.9682922363281
6976,2020-07-07 09:00:00,81.65797,4.688060000000007,273.9941177368164
6977,2020-07-07 10:00:00,81.65129,4.639949999999999,274.24300384521484
6978,2020-07-07 11:00:00,81.64495,4.580520000000007,274.42589569091797
6979,2020-07-07 12:00:00,81.6398,4.5133399999999995,274.56581115722656
6980,2020-07-07 13:00:00,81.6359,4.442350000000005,274.63726806640625
6981,2020-07-07 14:00:00,81.63311,4.373259999999988,274.54664611816406
6982,2020-07-07 15:00:00,81.6313,4.309269999999998,274.41870880126953
6983,2020-07-07 16:00:00,81.62976,4.249300000000005,274.3308868408203
6984,2020-07-07 17:00:00,81.6283,4.190380000000005,274.2526168823242
6985,2020-07-07 18:00:00,81.62659,4.132170000000002,274.1704330444336
6986,2020-07-07 19:00:00,81.62409,4.071329999999989,274.09107208251953
6987,2020-07-07 20:00:00,81.62136,4.008659999999992,274.03722381591797
6988,2020-07-07 21:00:00,81.61902,3.9429599999999994,273.98280334472656
6989,2020-07-07 22:00:00,81.61723,3.877190000000013,273.9768295288086
6990,2020-07-07 23:00:00,81.61664,3.8116400000000112,274.0048294067383
6991,2020-07-08 00:00:00,81.61746,3.750409999999988,274.0996856689453
6992,2020-07-08 01:00:00,81.61944,3.6950899999999933,274.07643127441406
6993,2020-07-08 02:00:00,81.6217,3.6509499999999946,274.08118438720703
6994,2020-07-08 03:00:00,81.62371,3.61712,274.1265640258789
6995,2020-07-08 04:00:00,81.62483,3.5880500000000097,274.14855194091797
6996,2020-07-08 05:00:00,81.62462,3.560540000000003,274.1697692871094
6997,2020-07-08 06:00:00,81.62357,3.531720000000007,274.2170104980469
6998,2020-07-08 07:00:00,81.62138,3.4999799999999937,274.2654724121094
6999,2020-07-08 08:00:00,81.61794,3.463930000000005,274.41209411621094
7000,2020-07-08 09:00:00,81.61313,3.4230499999999893,274.51375579833984
7001,2020-07-08 10:00:00,81.60739,3.372530000000012,274.5196228027344
7002,2020-07-08 11:00:00,81.60173,3.311939999999993,274.62174224853516
7003,2020-07-08 12:00:00,81.59656,3.2503399999999942,274.67772674560547
7004,2020-07-08 13:00:00,81.59247,3.188260000000014,274.84493255615234
7005,2020-07-08 14:00:00,81.5899,3.1251000000000033,274.84044647216797
7006,2020-07-08 15:00:00,81.58824,3.065899999999999,274.8349609375
7007,2020-07-08 16:00:00,81.58657,3.018339999999995,274.82874298095703
7008,2020-07-08 17:00:00,81.58491,2.975760000000008,274.72289276123047
7009,2020-07-08 18:00:00,81.58268,2.936080000000004,274.61602783203125
7010,2020-07-08 19:00:00,81.58,2.8947900000000004,274.4683837890625
7011,2020-07-08 20:00:00,81.57636,2.8540000000000134,274.398193359375
7012,2020-07-08 21:00:00,81.57237,2.80865,274.32152557373047
7013,2020-07-08 22:00:00,81.56837,2.7594100000000026,274.27555084228516
7014,2020-07-08 23:00:00,81.56521,2.709630000000004,274.21825408935547
7015,2020-07-09 00:00:00,81.56213,2.6678599999999904,274.17633056640625
7016,2020-07-09 01:00:00,81.56078,2.6320399999999893,274.16908264160156
7017,2020-07-09 02:00:00,81.56044,2.6092099999999903,274.1451644897461
7018,2020-07-09 03:00:00,81.56031,2.6011000000000024,274.1342239379883
7019,2020-07-09 04:00:00,81.56046,2.600760000000008,274.1711883544922
7020,2020-07-09 05:00:00,81.56052,2.602749999999986,274.2185974121094
7021,2020-07-09 06:00:00,81.5602,2.604929999999996,274.28511810302734
7022,2020-07-09 07:00:00,81.55923,2.6060799999999915,274.4109115600586
7023,2020-07-09 08:00:00,81.55747,2.605770000000007,274.52674102783203
7024,2020-07-09 09:00:00,81.55462,2.6035300000000063,274.7463836669922
7025,2020-07-09 10:00:00,81.55082,2.598639999999989,275.0279998779297
7026,2020-07-09 11:00:00,81.54644,2.5909599999999955,275.1441650390625
7027,2020-07-09 12:00:00,81.54248,2.5823900000000037,275.1917266845703
7028,2020-07-09 13:00:00,81.53897,2.573919999999987,275.2664031982422
7029,2020-07-09 14:00:00,81.53595,2.567200000000014,275.2303466796875
7030,2020-07-09 15:00:00,81.53318,2.561489999999992,275.1108932495117
7031,2020-07-09 16:00:00,81.53054,2.5573200000000043,275.0085983276367
7032,2020-07-09 17:00:00,81.52805,2.5488200000000063,274.77301025390625
7033,2020-07-09 18:00:00,81.52603,2.5338199999999915,274.6564254760742
7034,2020-07-09 19:00:00,81.52469,2.5121499999999912,274.4499740600586
7035,2020-07-09 20:00:00,81.52366,2.4874499999999955,274.3642578125
7036,2020-07-09 21:00:00,81.52254,2.4622500000000116,274.18719482421875
7037,2020-07-09 22:00:00,81.5214,2.438060000000007,274.0385437011719
7038,2020-07-09 23:00:00,81.5205,2.415169999999989,273.95335388183594
7039,2020-07-10 00:00:00,81.51997,2.3962300000000027,273.9359436035156
7040,2020-07-10 01:00:00,81.51988,2.3833999999999946,273.8749237060547
7041,2020-07-10 02:00:00,81.52051,2.3780500000000018,273.8278274536133
7042,2020-07-10 03:00:00,81.52153,2.3789999999999907,273.8201599121094
7043,2020-07-10 04:00:00,81.5228,2.3847100000000125,273.8641815185547
7044,2020-07-10 05:00:00,81.52349,2.392560000000003,273.9337844848633
7045,2020-07-10 06:00:00,81.52348,2.400499999999994,273.9775390625
7046,2020-07-10 07:00:00,81.52266,2.4066799999999944,274.03983306884766
7047,2020-07-10 08:00:00,81.52103,2.409339999999986,274.08363342285156
7048,2020-07-10 09:00:00,81.51841,2.407759999999996,274.2082214355469
7049,2020-07-10 10:00:00,81.51474,2.4003199999999936,274.2988052368164
7050,2020-07-10 11:00:00,81.51054,2.3873299999999915,274.3744430541992
7051,2020-07-10 12:00:00,81.50622,2.368850000000009,274.5162124633789
7052,2020-07-10 13:00:00,81.50191,2.3462499999999977,274.61742401123047
7053,2020-07-10 14:00:00,81.49786,2.320619999999991,274.6861572265625
7054,2020-07-10 15:00:00,81.49401,2.293219999999991,274.5946960449219
7055,2020-07-10 16:00:00,81.49056,2.2657900000000097,274.5355987548828
7056,2020-07-10 17:00:00,81.48753,2.238030000000009,274.42735290527344
7057,2020-07-10 18:00:00,81.48511,2.203460000000007,274.34661865234375
7058,2020-07-10 19:00:00,81.48319,2.166930000000008,274.2222671508789
7059,2020-07-10 20:00:00,81.4816,2.1290500000000065,274.06749725341797
7060,2020-07-10 21:00:00,81.47972,2.0912999999999897,273.8614196777344
7061,2020-07-10 22:00:00,81.4779,2.0457999999999856,273.6816177368164
7062,2020-07-10 23:00:00,81.47604,1.998899999999992,273.6219253540039
7063,2020-07-11 00:00:00,81.47443,1.9565200000000118,273.5967483520508
7064,2020-07-11 01:00:00,81.47285,1.915629999999993,273.62059783935547
7065,2020-07-11 02:00:00,81.47099,1.8814999999999884,273.62418365478516
7066,2020-07-11 03:00:00,81.46901,1.85193000000001,273.62096405029297
7067,2020-07-11 04:00:00,81.46728,1.8259600000000091,273.72166442871094
7068,2020-07-11 05:00:00,81.46558,1.8037999999999954,273.8057327270508
7069,2020-07-11 06:00:00,81.46333,1.7815300000000036,273.79290771484375
7070,2020-07-11 07:00:00,81.46051,1.7554800000000057,273.8748779296875
7071,2020-07-11 08:00:00,81.45726,1.7232899999999916,273.9781951904297
7072,2020-07-11 09:00:00,81.45363,1.6854199999999935,274.10469818115234
7073,2020-07-11 10:00:00,81.44993,1.6409999999999911,274.3309020996094
7074,2020-07-11 11:00:00,81.44711,1.5898200000000031,274.7014465332031
7075,2020-07-11 12:00:00,81.4458,1.5367799999999932,274.93324279785156
7076,2020-07-11 13:00:00,81.44538,1.483000000000004,274.79813385009766
7077,2020-07-11 14:00:00,81.44516,1.4258000000000095,274.60530853271484
7078,2020-07-11 15:00:00,81.44561,1.3677800000000104,274.73876190185547
7079,2020-07-11 16:00:00,81.44693,1.3102199999999868,274.6084747314453
7080,2020-07-11 17:00:00,81.44873,1.2563000000000102,274.48785400390625
7081,2020-07-11 18:00:00,81.45049,1.207950000000011,274.37733459472656
7082,2020-07-11 19:00:00,81.45131,1.163000000000011,274.4307098388672
7083,2020-07-11 20:00:00,81.4514,1.111459999999994,274.40289306640625
7084,2020-07-11 21:00:00,81.45086,1.0578399999999988,274.33294677734375
7085,2020-07-11 22:00:00,81.44946,0.9949300000000108,274.22723388671875
7086,2020-07-11 23:00:00,81.44711,0.9251199999999926,274.11011505126953
7087,2020-07-12 00:00:00,81.44543,0.8464500000000044,274.05079650878906
7088,2020-07-12 01:00:00,81.44491,0.7696699999999908,273.96822357177734
7089,2020-07-12 02:00:00,81.44606,0.7055599999999913,274.0041732788086
7090,2020-07-12 03:00:00,81.44837,0.6557799999999929,273.9901580810547
7091,2020-07-12 04:00:00,81.45106,0.6245700000000056,273.99291229248047
7092,2020-07-12 05:00:00,81.45315,0.6089900000000057,274.0673065185547
7093,2020-07-12 06:00:00,81.4542,0.6028100000000052,274.08679962158203
7094,2020-07-12 07:00:00,81.45412,0.5975300000000061,274.1176986694336
7095,2020-07-12 08:00:00,81.45272,0.5892399999999895,274.22696685791016
7096,2020-07-12 09:00:00,81.45041,0.5741700000000094,274.3053283691406
7097,2020-07-12 10:00:00,81.44779,0.5509700000000066,274.31346893310547
7098,2020-07-12 11:00:00,81.44535,0.521649999999994,274.3544235229492
7099,2020-07-12 12:00:00,81.44365,0.4906599999999912,274.3380355834961
7100,2020-07-12 13:00:00,81.44272,0.4617100000000107,274.34693145751953
7101,2020-07-12 14:00:00,81.44048,0.43197000000000685,274.35453033447266
7102,2020-07-12 15:00:00,81.44466,0.45235999999999876,274.2471618652344
7103,2020-07-12 16:00:00,81.44323,0.42250000000001364,274.16749572753906
7104,2020-07-12 17:00:00,81.44283,0.41301999999998884,274.07666778564453
7105,2020-07-12 18:00:00,81.44247,0.41040000000000987,274.0405960083008
7106,2020-07-12 19:00:00,81.44164,0.40668999999999755,273.99501037597656
7107,2020-07-12 20:00:00,81.43996,0.39732000000000767,273.92352294921875
7108,2020-07-12 21:00:00,81.43802,0.3828900000000033,273.88145446777344
7109,2020-07-12 22:00:00,81.4356,0.362480000000005,273.8354187011719
7110,2020-07-12 23:00:00,81.43364,0.3413799999999867,273.8014678955078
7111,2020-07-13 00:00:00,81.4319,0.321629999999999,273.7743835449219
7112,2020-07-13 01:00:00,81.43062,0.30359999999998877,273.7763900756836
7113,2020-07-13 02:00:00,81.42967,0.2892999999999972,273.7941207885742
7114,2020-07-13 03:00:00,81.42913,0.28097999999999956,273.79075622558594
7115,2020-07-13 04:00:00,81.42881,0.28034999999999854,273.83866119384766
7116,2020-07-13 05:00:00,81.42842,0.287620000000004,273.8711929321289
7117,2020-07-13 06:00:00,81.4277,0.2991100000000131,273.92376708984375
7118,2020-07-13 07:00:00,81.42636,0.3107599999999877,274.02623748779297
7119,2020-07-13 08:00:00,81.42442,0.31827999999998724,274.0800094604492
7120,2020-07-13 09:00:00,81.42211,0.31970000000001164,274.1846389770508
7121,2020-07-13 10:00:00,81.4198,0.31569999999999254,274.26222229003906
7122,2020-07-13 11:00:00,81.41768,0.3080400000000054,274.35741424560547
7123,2020-07-13 12:00:00,81.41587,0.29879999999999995,274.4095458984375
7124,2020-07-13 13:00:00,81.41441,0.28998999999998887,274.44923400878906
7125,2020-07-13 14:00:00,81.41326,0.2829099999999869,274.48736572265625
7126,2020-07-13 15:00:00,81.41236,0.2786999999999864,274.5073013305664
7127,2020-07-13 16:00:00,81.41155,0.27744999999998754,274.5149459838867
7128,2020-07-13 17:00:00,81.41082,0.2777900000000102,274.44417572021484
7129,2020-07-13 18:00:00,81.40995,0.2778199999999913,274.3669204711914
7130,2020-07-13 19:00:00,81.40898,0.27595999999999776,274.2401428222656
7131,2020-07-13 20:00:00,81.40779,0.26885999999998944,274.11392974853516
7132,2020-07-13 21:00:00,81.40669,0.2583500000000072,273.9871826171875
7133,2020-07-13 22:00:00,81.40581,0.24616000000000327,273.86148834228516
7134,2020-07-13 23:00:00,81.40506,0.2347300000000132,273.82093048095703
7135,2020-07-14 00:00:00,81.40436,0.2236300000000142,273.7229309082031
7136,2020-07-14 01:00:00,81.40336,0.21055999999998676,273.73309326171875
7137,2020-07-14 02:00:00,81.40252,0.2029799999999966,273.70743560791016
7138,2020-07-14 03:00:00,81.40174,0.20194000000000756,273.71080780029297
7139,2020-07-14 04:00:00,81.40068,0.2082200000000114,273.72920989990234
7140,2020-07-14 05:00:00,81.39905,0.21858000000000288,273.77442932128906
7141,2020-07-14 06:00:00,81.3968,0.23060000000000969,273.81932067871094
7142,2020-07-14 07:00:00,81.3939,0.240949999999998,273.89684295654297
7143,2020-07-14 08:00:00,81.39079,0.2487299999999948,273.99813079833984
7144,2020-07-14 09:00:00,81.38754,0.2529399999999953,274.1153335571289
7145,2020-07-14 10:00:00,81.38427,0.25430000000000064,274.23877716064453
7146,2020-07-14 11:00:00,81.38101,0.25415000000000987,274.3122787475586
7147,2020-07-14 12:00:00,81.37765,0.25371999999998707,274.39105224609375
7148,2020-07-14 13:00:00,81.37425,0.25481999999999516,274.48351287841797
7149,2020-07-14 14:00:00,81.37082,0.25820999999999117,274.4970703125
7150,2020-07-14 15:00:00,81.36719,0.263859999999994,274.53843688964844
7151,2020-07-14 16:00:00,81.36341,0.2720199999999977,274.55567169189453
7152,2020-07-14 17:00:00,81.3596,0.28152000000000044,274.5234375
7153,2020-07-14 18:00:00,81.35564,0.28944000000001324,274.4283447265625
7154,2020-07-14 19:00:00,81.35153,0.29308000000000334,274.227294921875
7155,2020-07-14 20:00:00,81.34758,0.29201000000000477,274.08350372314453
7156,2020-07-14 21:00:00,81.34399,0.2859500000000139,273.90259552001953
7157,2020-07-14 22:00:00,81.3412,0.2795900000000131,273.8237075805664
7158,2020-07-14 23:00:00,81.33895,0.275180000000006,273.7328872680664
7159,2020-07-15 00:00:00,81.33697,0.2744899999999859,273.6854782104492
7160,2020-07-15 01:00:00,81.3349,0.27759000000000356,273.6335678100586
7161,2020-07-15 02:00:00,81.33268,0.28535999999999717,273.5865478515625
7162,2020-07-15 03:00:00,81.32994,0.29642999999998665,273.57291412353516
7163,2020-07-15 04:00:00,81.3265,0.30897999999999115,273.5348434448242
7164,2020-07-15 05:00:00,81.32236,0.3208500000000072,273.55721282958984
7165,2020-07-15 06:00:00,81.31774,0.3300800000000095,273.62657165527344
7166,2020-07-15 07:00:00,81.31303,0.33556999999998993,273.7372741699219
7167,2020-07-15 08:00:00,81.30856,0.33741000000000554,273.7764892578125
7168,2020-07-15 09:00:00,81.30471,0.3361099999999908,273.8324203491211
7169,2020-07-15 10:00:00,81.30158,0.33202,273.87686920166016
7170,2020-07-15 11:00:00,81.29922,0.32608999999999355,273.88768768310547
7171,2020-07-15 12:00:00,81.29746,0.3203399999999874,273.91234588623047
7172,2020-07-15 13:00:00,81.29596,0.3164600000000064,273.9359817504883
7173,2020-07-15 14:00:00,81.29446,0.3147899999999879,273.93321990966797
7174,2020-07-15 15:00:00,81.29257,0.3160399999999868,273.9526901245117
7175,2020-07-15 16:00:00,81.29009,0.3192099999999982,273.9513931274414
7176,2020-07-15 17:00:00,81.28713,0.32352000000000203,273.9233856201172
7177,2020-07-15 18:00:00,81.2838,0.32824999999999704,273.88826751708984
7178,2020-07-15 19:00:00,81.28018,0.3316499999999962,273.7936019897461
7179,2020-07-15 20:00:00,81.27665,0.3315499999999929,273.6916275024414
7180,2020-07-15 21:00:00,81.27352,0.32793000000000916,273.5846710205078
7181,2020-07-15 22:00:00,81.27095,0.32227000000000317,273.5511932373047
7182,2020-07-15 23:00:00,81.26894,0.3154700000000048,273.57759857177734
7183,2020-07-16 00:00:00,81.26729,0.3090400000000102,273.49312591552734
7184,2020-07-16 01:00:00,81.26562,0.30416999999999916,273.5316696166992
7185,2020-07-16 02:00:00,81.2635,0.30207999999998947,273.56719970703125
7186,2020-07-16 03:00:00,81.26079,0.30258000000000607,273.6597442626953
7187,2020-07-16 04:00:00,81.25742,0.30471000000000004,273.7737579345703
7188,2020-07-16 05:00:00,81.25358,0.30714000000000397,273.8680191040039
7189,2020-07-16 06:00:00,81.24939,0.30920000000000414,273.9407730102539
7190,2020-07-16 07:00:00,81.24506,0.3108400000000131,274.02637481689453
7191,2020-07-16 08:00:00,81.24075,0.3107400000000098,274.1199722290039
7192,2020-07-16 09:00:00,81.2367,0.30826999999999316,274.14146423339844
7193,2020-07-16 10:00:00,81.23315,0.30317999999999756,274.1985168457031
7194,2020-07-16 11:00:00,81.23022,0.29623000000000843,274.24794006347656
7195,2020-07-16 12:00:00,81.22752,0.28858999999999924,274.29930114746094
7196,2020-07-16 13:00:00,81.22488,0.28197000000000116,274.3237991333008
7197,2020-07-16 14:00:00,81.22228,0.27753000000001293,274.34507751464844
7198,2020-07-16 15:00:00,81.21919,0.2755999999999972,274.3395080566406
7199,2020-07-16 16:00:00,81.21565,0.27637999999998897,274.29723358154297
7200,2020-07-16 17:00:00,81.21157,0.27914999999998713,274.2227783203125
7201,2020-07-16 18:00:00,81.20713,0.2830600000000061,274.12145233154297
7202,2020-07-16 19:00:00,81.20262,0.2858099999999979,273.98925018310547
7203,2020-07-16 20:00:00,81.1983,0.28664000000000556,273.83768463134766
7204,2020-07-16 21:00:00,81.19458,0.28654000000000224,273.70367431640625
7205,2020-07-16 22:00:00,81.19154,0.28607999999999834,273.54136657714844
7206,2020-07-16 23:00:00,81.18921,0.28665000000000873,273.4592514038086
7207,2020-07-17 00:00:00,81.18747,0.28951000000000704,273.43489837646484
7208,2020-07-17 01:00:00,81.18591,0.2948599999999999,273.45281982421875
7209,2020-07-17 02:00:00,81.18427,0.3041499999999928,273.4831848144531
7210,2020-07-17 03:00:00,81.18187,0.31622999999999024,273.5142517089844
7211,2020-07-17 04:00:00,81.17866,0.3305000000000007,273.5735549926758
7212,2020-07-17 05:00:00,81.17481,0.34253000000001066,273.65721130371094
7213,2020-07-17 06:00:00,81.17042,0.3527400000000114,273.7747344970703
7214,2020-07-17 07:00:00,81.16526,0.35768999999999096,273.8770294189453
7215,2020-07-17 08:00:00,81.16082,0.36346000000000345,273.9684143066406
7216,2020-07-17 09:00:00,81.15645,0.36522999999999683,274.06771087646484
7217,2020-07-17 10:00:00,81.15225,0.3621400000000108,274.22731018066406
7218,2020-07-17 11:00:00,81.14896,0.35971000000000686,274.41429901123047
7219,2020-07-17 12:00:00,81.14603,0.35670999999999253,274.5255813598633
7220,2020-07-17 13:00:00,81.14359,0.3546000000000049,274.58509826660156
7221,2020-07-17 14:00:00,81.14138,0.3526200000000017,274.67018127441406
7222,2020-07-17 15:00:00,81.13889,0.35464999999999236,274.626220703125
7223,2020-07-17 16:00:00,81.13538,0.3581800000000044,274.52298736572266
7224,2020-07-17 17:00:00,81.13116,0.3623200000000111,274.44368743896484
7225,2020-07-17 18:00:00,81.12634,0.3670500000000061,274.3123779296875
7226,2020-07-17 19:00:00,81.12167,0.36936000000000035,274.1779327392578
7227,2020-07-17 20:00:00,81.1175,0.3698500000000138,274.0754623413086
7228,2020-07-17 21:00:00,81.11395,0.36957000000001017,273.9870376586914
7229,2020-07-17 22:00:00,81.11099,0.3711399999999969,273.8823471069336
7230,2020-07-17 23:00:00,81.10863,0.373880000000014,273.8127975463867
7231,2020-07-18 00:00:00,81.1066,0.3805499999999995,273.75738525390625
7232,2020-07-18 01:00:00,81.10516,0.39173999999999864,273.74439239501953
7233,2020-07-18 02:00:00,81.103,0.40366000000000213,273.7349166870117
7234,2020-07-18 03:00:00,81.09982,0.4141400000000033,273.82100677490234
7235,2020-07-18 04:00:00,81.09585,0.4244199999999978,273.8664779663086
7236,2020-07-18 05:00:00,81.09058,0.43610000000001037,273.9587631225586
7237,2020-07-18 06:00:00,81.08408,0.44155000000000655,273.9746856689453
7238,2020-07-18 07:00:00,81.07741,0.4422399999999982,273.97684478759766
7239,2020-07-18 08:00:00,81.07039,0.4404999999999859,274.011474609375
7240,2020-07-18 09:00:00,81.06339,0.43834000000001083,274.0516586303711
7241,2020-07-18 10:00:00,81.05629,0.43628000000001066,274.0946350097656
7242,2020-07-18 11:00:00,81.04877,0.43494000000001165,274.1759719848633
7243,2020-07-18 12:00:00,81.04119,0.43045000000000755,274.26158142089844
7244,2020-07-18 13:00:00,81.03365,0.4215199999999868,274.3493194580078
7245,2020-07-18 14:00:00,81.02565,0.40378999999998655,274.43054962158203
7246,2020-07-18 15:00:00,81.01714,0.3797800000000109,274.4436340332031
7247,2020-07-18 16:00:00,81.00794,0.3520200000000102,274.3215026855469
7248,2020-07-18 17:00:00,80.99908,0.32364999999998645,274.1706237792969
7249,2020-07-18 18:00:00,80.99078,0.29868999999999346,274.0583267211914
7250,2020-07-18 19:00:00,80.98355,0.27287999999998647,274.0305633544922
7251,2020-07-18 20:00:00,80.97701,0.2512399999999957,273.99915313720703
7252,2020-07-18 21:00:00,80.97043,0.23054999999999382,273.95233154296875
7253,2020-07-18 22:00:00,80.96414,0.21323000000001002,273.90162658691406
7254,2020-07-18 23:00:00,80.958,0.1972199999999873,273.87159729003906
7255,2020-07-19 00:00:00,80.95233,0.179159999999996,273.77806854248047
7256,2020-07-19 01:00:00,80.94735,0.1563199999999938,273.74413299560547
7257,2020-07-19 02:00:00,80.94291,0.12954999999999472,273.7474670410156
7258,2020-07-19 03:00:00,80.93899,0.10104000000001179,273.78360748291016
7259,2020-07-19 04:00:00,80.93521,0.07372000000000867,273.8055877685547
7260,2020-07-19 05:00:00,80.93078,0.04601999999999862,273.8326721191406
7261,2020-07-19 06:00:00,80.92538,0.01675000000000182,273.8401184082031
7262,2020-07-19 07:00:00,80.91941,-0.010259999999988167,273.9197082519531
7263,2020-07-19 08:00:00,80.91322,-0.03945999999999117,273.9809341430664
7264,2020-07-19 09:00:00,80.90641,-0.0704499999999939,274.1067657470703
7265,2020-07-19 10:00:00,80.89972,-0.10078999999998928,274.20291900634766
7266,2020-07-19 11:00:00,80.89349,-0.13452000000000908,274.3407897949219
7267,2020-07-19 12:00:00,80.88729,-0.17385999999999058,274.3769989013672
7268,2020-07-19 13:00:00,80.88126,-0.21037000000001171,274.4482727050781
7269,2020-07-19 14:00:00,80.876,-0.24221000000000004,274.4757537841797
7270,2020-07-19 15:00:00,80.87173,-0.27088000000000534,274.3767547607422
7271,2020-07-19 16:00:00,80.86755,-0.2945799999999963,274.20362091064453
7272,2020-07-19 17:00:00,80.86276,-0.3125,274.04357147216797
7273,2020-07-19 18:00:00,80.85673,-0.3272800000000018,273.94236755371094
7274,2020-07-19 19:00:00,80.84953,-0.34111999999998943,273.85877990722656
7275,2020-07-19 20:00:00,80.84156,-0.3540999999999883,273.78072357177734
7276,2020-07-19 21:00:00,80.83343,-0.3658900000000074,273.7130584716797
7277,2020-07-19 22:00:00,80.82566,-0.3771500000000003,273.65772247314453
7278,2020-07-19 23:00:00,80.81874,-0.38841999999999643,273.6186218261719
7279,2020-07-20 00:00:00,80.81291,-0.39932999999999197,273.58594512939453
7280,2020-07-20 01:00:00,80.80845,-0.40889000000001374,273.5396423339844
7281,2020-07-20 02:00:00,80.80504,-0.4175999999999931,273.5430374145508
7282,2020-07-20 03:00:00,80.80235,-0.4249900000000082,273.56459045410156
7283,2020-07-20 04:00:00,80.79935,-0.4294399999999996,273.6071090698242
7284,2020-07-20 05:00:00,80.79564,-0.43190000000001305,273.69116973876953
7285,2020-07-20 06:00:00,80.79102,-0.43366000000000327,273.7735137939453
7286,2020-07-20 07:00:00,80.7855,-0.43754999999998745,273.86106872558594
7287,2020-07-20 08:00:00,80.77905,-0.4447800000000086,273.95233154296875
7288,2020-07-20 09:00:00,80.77225,-0.45617999999998915,274.07067108154297
7289,2020-07-20 10:00:00,80.76551,-0.4707699999999875,274.10681915283203
7290,2020-07-20 11:00:00,80.75926,-0.4870899999999949,274.123046875
7291,2020-07-20 12:00:00,80.75365,-0.5036000000000058,274.1204299926758
7292,2020-07-20 13:00:00,80.74894,-0.5192000000000121,274.1723098754883
7293,2020-07-20 14:00:00,80.74491,-0.5327299999999866,274.26649475097656
7294,2020-07-20 15:00:00,80.7411,-0.5435999999999979,274.22340393066406
7295,2020-07-20 16:00:00,80.73684,-0.5496599999999887,274.23538970947266
7296,2020-07-20 17:00:00,80.7316,-0.5510299999999972,274.20635986328125
7297,2020-07-20 18:00:00,80.72514,-0.5500999999999863,274.1041030883789
7298,2020-07-20 19:00:00,80.71742,-0.5471200000000067,273.99769592285156
7299,2020-07-20 20:00:00,80.70886,-0.5432500000000005,273.86084747314453
7300,2020-07-20 21:00:00,80.70002,-0.5381999999999891,273.7316360473633
7301,2020-07-20 22:00:00,80.69151,-0.531659999999988,273.6189880371094
7302,2020-07-20 23:00:00,80.68354,-0.5263199999999983,273.5368957519531
7303,2020-07-21 00:00:00,80.67636,-0.5242800000000045,273.4577102661133
7304,2020-07-21 01:00:00,80.67019,-0.5244399999999985,273.43064880371094
7305,2020-07-21 02:00:00,80.66466,-0.5240499999999884,273.4202346801758
7306,2020-07-21 03:00:00,80.65949,-0.5245899999999892,273.39807891845703
7307,2020-07-21 04:00:00,80.65485,-0.524470000000008,273.3938446044922
7308,2020-07-21 05:00:00,80.65001,-0.5261500000000012,273.40702056884766
7309,2020-07-21 06:00:00,80.64504,-0.5268000000000086,273.43404388427734
7310,2020-07-21 07:00:00,80.63953,-0.5296199999999942,273.49412536621094
7311,2020-07-21 08:00:00,80.63361,-0.531029999999987,273.5802688598633
7312,2020-07-21 09:00:00,80.62674,-0.5344000000000051,273.7564010620117
7313,2020-07-21 10:00:00,80.61916,-0.5416299999999978,273.8992385864258
7314,2020-07-21 11:00:00,80.6114,-0.5549800000000005,274.08006286621094
7315,2020-07-21 12:00:00,80.60545,-0.572969999999998,274.23341369628906
7316,2020-07-21 13:00:00,80.60068,-0.5941100000000006,274.2712860107422
7317,2020-07-21 14:00:00,80.59619,-0.6100000000000136,274.2384948730469
7318,2020-07-21 15:00:00,80.59124,-0.6210399999999936,274.15259552001953
7319,2020-07-21 16:00:00,80.58588,-0.6273300000000006,274.06988525390625
7320,2020-07-21 17:00:00,80.58033,-0.6218599999999981,274.01110076904297
7321,2020-07-21 18:00:00,80.57393,-0.6074399999999969,273.9964599609375
7322,2020-07-21 19:00:00,80.56597,-0.5934599999999932,273.90665435791016
7323,2020-07-21 20:00:00,80.55683,-0.5838999999999999,273.8245391845703
7324,2020-07-21 21:00:00,80.54749,-0.5803899999999942,273.72180938720703
7325,2020-07-21 22:00:00,80.53827,-0.582429999999988,273.6143493652344
7326,2020-07-21 23:00:00,80.53078,-0.5838400000000092,273.5484390258789
7327,2020-07-22 00:00:00,80.52435,-0.5838899999999967,273.3804168701172
7328,2020-07-22 01:00:00,80.52034,-0.5832699999999988,273.37093353271484
7329,2020-07-22 02:00:00,80.5182,-0.5777400000000057,273.3871154785156
7330,2020-07-22 03:00:00,80.51781,-0.5663499999999999,273.3943405151367
7331,2020-07-22 04:00:00,80.51777,-0.5524699999999996,273.4147033691406
7332,2020-07-22 05:00:00,80.5173,-0.5387000000000057,273.50496673583984
7333,2020-07-22 06:00:00,80.51511,-0.5264799999999923,273.6802978515625
7334,2020-07-22 07:00:00,80.51106,-0.5170699999999897,273.76963806152344
7335,2020-07-22 08:00:00,80.50527,-0.5126899999999921,273.9019088745117
7336,2020-07-22 09:00:00,80.49817,-0.5172000000000025,274.0811767578125
7337,2020-07-22 10:00:00,80.49061,-0.5290999999999997,274.2879180908203
7338,2020-07-22 11:00:00,80.48357,-0.5437200000000075,274.4353561401367
7339,2020-07-22 12:00:00,80.47801,-0.5567800000000034,274.50091552734375
7340,2020-07-22 13:00:00,80.47349,-0.567450000000008,274.54551696777344
7341,2020-07-22 14:00:00,80.4699,-0.5737200000000087,274.60717010498047
7342,2020-07-22 15:00:00,80.46727,-0.5714600000000019,274.51660919189453
7343,2020-07-22 16:00:00,80.4645,-0.5621700000000089,274.44412994384766
7344,2020-07-22 17:00:00,80.46076,-0.5440099999999859,274.3465805053711
7345,2020-07-22 18:00:00,80.45504,-0.5236500000000035,274.1953582763672
7346,2020-07-22 19:00:00,80.44699,-0.5060300000000097,274.0874481201172
7347,2020-07-22 20:00:00,80.43715,-0.493140000000011,273.94063568115234
7348,2020-07-22 21:00:00,80.42614,-0.4864300000000128,273.91365814208984
7349,2020-07-22 22:00:00,80.41492,-0.48753999999999564,273.70916748046875
7350,2020-07-22 23:00:00,80.40534,-0.4969499999999982,273.59161376953125
7351,2020-07-23 00:00:00,80.39749,-0.5101200000000006,273.5050277709961
7352,2020-07-23 01:00:00,80.39213,-0.526600000000002,273.4590377807617
7353,2020-07-23 02:00:00,80.38937,-0.5440000000000111,273.46388244628906
7354,2020-07-23 03:00:00,80.38914,-0.5599599999999896,273.5272521972656
7355,2020-07-23 04:00:00,80.38993,-0.5679000000000087,273.5855407714844
7356,2020-07-23 05:00:00,80.39076,-0.5654700000000048,273.6150665283203
7357,2020-07-23 06:00:00,80.39018,-0.5573400000000106,273.68785095214844
7358,2020-07-23 07:00:00,80.38719,-0.5505100000000027,273.8234558105469
7359,2020-07-23 08:00:00,80.38132,-0.547789999999992,273.88025665283203
7360,2020-07-23 09:00:00,80.37301,-0.5549000000000035,273.9936065673828
7361,2020-07-23 10:00:00,80.36371,-0.5753200000000049,274.09896087646484
7362,2020-07-23 11:00:00,80.35457,-0.6062499999999886,274.21639251708984
7363,2020-07-23 12:00:00,80.34638,-0.6428699999999878,274.2673568725586
7364,2020-07-23 13:00:00,80.34055,-0.682850000000002,274.1993103027344
7365,2020-07-23 14:00:00,80.33727,-0.7133399999999881,274.20162200927734
7366,2020-07-23 15:00:00,80.33582,-0.7333299999999952,274.0952911376953
7367,2020-07-23 16:00:00,80.33485,-0.7410800000000108,274.0675735473633
7368,2020-07-23 17:00:00,80.33329,-0.7328799999999944,273.99317932128906
7369,2020-07-23 18:00:00,80.33025,-0.7130400000000066,273.9407958984375
7370,2020-07-23 19:00:00,80.32489,-0.6980700000000013,273.8599319458008
7371,2020-07-23 20:00:00,80.31661,-0.6855899999999906,273.80004119873047
7372,2020-07-23 21:00:00,80.30601,-0.6793999999999869,273.74182891845703
7373,2020-07-23 22:00:00,80.29469,-0.6808399999999892,273.6782684326172
7374,2020-07-23 23:00:00,80.28357,-0.691190000000006,273.6327667236328
7375,2020-07-24 00:00:00,80.27369,-0.7070500000000095,273.5598449707031
7376,2020-07-24 01:00:00,80.26659,-0.7231800000000135,273.51195526123047
7377,2020-07-24 02:00:00,80.26285,-0.7330699999999979,273.4877395629883
7378,2020-07-24 03:00:00,80.26077,-0.7295599999999922,273.4781799316406
7379,2020-07-24 04:00:00,80.25938,-0.7149499999999875,273.49310302734375
7380,2020-07-24 05:00:00,80.25807,-0.6906700000000114,273.52427673339844
7381,2020-07-24 06:00:00,80.25518,-0.6595000000000084,273.57999420166016
7382,2020-07-24 07:00:00,80.24998,-0.6265099999999961,273.6655578613281
7383,2020-07-24 08:00:00,80.24165,-0.5995699999999999,273.75894927978516
7384,2020-07-24 09:00:00,80.23069,-0.5779100000000028,273.7849578857422
7385,2020-07-24 10:00:00,80.21803,-0.5697299999999927,273.82518768310547
7386,2020-07-24 11:00:00,80.20514,-0.5707700000000102,273.90716552734375
7387,2020-07-24 12:00:00,80.19291,-0.581799999999987,273.9515151977539
7388,2020-07-24 13:00:00,80.18235,-0.5996499999999969,274.0274353027344
7389,2020-07-24 14:00:00,80.17497,-0.6130100000000027,274.05747985839844
7390,2020-07-24 15:00:00,80.16965,-0.621610000000004,274.0582733154297
7391,2020-07-24 16:00:00,80.16545,-0.6160999999999888,274.0407180786133
7392,2020-07-24 17:00:00,80.16169,-0.5913199999999961,274.0059585571289
7393,2020-07-24 18:00:00,80.15621,-0.5437599999999918,273.9574432373047
7394,2020-07-24 19:00:00,80.14672,-0.4852999999999952,273.90169525146484
7395,2020-07-24 20:00:00,80.13278,-0.43585999999999103,273.83846282958984
7396,2020-07-24 21:00:00,80.11574,-0.39692999999999756,273.76800537109375
7397,2020-07-24 22:00:00,80.09468,-0.37127000000000976,273.72212982177734
7398,2020-07-24 23:00:00,80.0721,-0.3693499999999972,273.6763610839844
7399,2020-07-25 00:00:00,80.05084,-0.3982000000000028,273.6382522583008
7400,2020-07-25 01:00:00,80.03364,-0.4460500000000138,273.60362243652344
7401,2020-07-25 02:00:00,80.0213,-0.49857000000000085,273.6512680053711
7402,2020-07-25 03:00:00,80.01256,-0.5524699999999996,273.6699752807617
7403,2020-07-25 04:00:00,80.00789,-0.5911000000000115,273.74989318847656
7404,2020-07-25 05:00:00,80.0051,-0.614910000000009,273.8663024902344
7405,2020-07-25 06:00:00,80.00198,-0.6314299999999946,273.95011138916016
7406,2020-07-25 07:00:00,79.99719,-0.6455400000000111,274.0429992675781
7407,2020-07-25 08:00:00,79.98965,-0.6596600000000024,274.22484588623047
7408,2020-07-25 09:00:00,79.98037,-0.6758800000000065,274.2882537841797
7409,2020-07-25 10:00:00,79.96945,-0.6969400000000121,274.49190521240234
7410,2020-07-25 11:00:00,79.95622,-0.7272299999999916,274.6256332397461
7411,2020-07-25 12:00:00,79.94176,-0.7777100000000132,274.7241744995117
7412,2020-07-25 13:00:00,79.92817,-0.8395999999999901,274.7567596435547
7413,2020-07-25 14:00:00,79.91678,-0.907039999999995,274.8124237060547
7414,2020-07-25 15:00:00,79.90839,-0.9762000000000057,274.8151092529297
7415,2020-07-25 16:00:00,79.90238,-1.0404399999999896,274.71228790283203
7416,2020-07-25 17:00:00,79.89863,-1.0933899999999994,274.59930419921875
7417,2020-07-25 18:00:00,79.89437,-1.1274099999999976,274.5169906616211
7418,2020-07-25 19:00:00,79.88837,-1.151900000000012,274.4113311767578
7419,2020-07-25 20:00:00,79.88037,-1.1770099999999957,274.32845306396484
7420,2020-07-25 21:00:00,79.87125,-1.2056900000000041,274.28897857666016
7421,2020-07-25 22:00:00,79.86151,-1.2415399999999863,274.2292938232422
7422,2020-07-25 23:00:00,79.85084,-1.2903300000000115,274.1624450683594
7423,2020-07-26 00:00:00,79.84157,-1.3479499999999973,274.2027816772461
7424,2020-07-26 01:00:00,79.83432,-1.4105199999999911,274.2249526977539
7425,2020-07-26 02:00:00,79.82971,-1.4732999999999947,274.2681121826172
7426,2020-07-26 03:00:00,79.82812,-1.5352900000000034,274.3087844848633
7427,2020-07-26 04:00:00,79.82848,-1.5899300000000096,274.3542785644531
7428,2020-07-26 05:00:00,79.83016,-1.626170000000002,274.3993682861328
7429,2020-07-26 06:00:00,79.83165,-1.6488099999999974,274.41455841064453
7430,2020-07-26 07:00:00,79.83163,-1.6616699999999867,274.4445114135742
7431,2020-07-26 08:00:00,79.82877,-1.6710099999999954,274.4896926879883
7432,2020-07-26 09:00:00,79.82282,-1.6801900000000103,274.62648010253906
7433,2020-07-26 10:00:00,79.81397,-1.697339999999997,274.68446350097656
7434,2020-07-26 11:00:00,79.80296,-1.7229499999999973,274.71617889404297
7435,2020-07-26 12:00:00,79.79126,-1.7609699999999862,274.7790298461914
7436,2020-07-26 13:00:00,79.78022,-1.8076399999999921,274.8567581176758
7437,2020-07-26 14:00:00,79.77152,-1.8536900000000003,274.9415512084961
7438,2020-07-26 15:00:00,79.76446,-1.8952800000000138,274.90686798095703
7439,2020-07-26 16:00:00,79.75844,-1.9313899999999933,274.80015563964844
7440,2020-07-26 17:00:00,79.75331,-1.9585700000000088,274.6400604248047
7441,2020-07-26 18:00:00,79.74866,-1.9726599999999905,274.49781036376953
7442,2020-07-26 19:00:00,79.74347,-1.975120000000004,274.41497802734375
7443,2020-07-26 20:00:00,79.73671,-1.974019999999996,274.33434295654297
7444,2020-07-26 21:00:00,79.72785,-1.9735799999999983,274.26324462890625
7445,2020-07-26 22:00:00,79.71754,-1.979379999999992,274.1541290283203
7446,2020-07-26 23:00:00,79.70584,-1.9990599999999858,274.04815673828125
7447,2020-07-27 00:00:00,79.69355,-2.029200000000003,273.96012115478516
7448,2020-07-27 01:00:00,79.68141,-2.067939999999993,273.89683532714844
7449,2020-07-27 02:00:00,79.67079,-2.11090999999999,273.8506088256836
7450,2020-07-27 03:00:00,79.66213,-2.151289999999989,273.84629821777344
7451,2020-07-27 04:00:00,79.65538,-2.185910000000007,273.88158416748047
7452,2020-07-27 05:00:00,79.65011,-2.2135700000000043,273.9759826660156
7453,2020-07-27 06:00:00,79.64565,-2.2332999999999856,274.1305465698242
7454,2020-07-27 07:00:00,79.64058,-2.2457100000000025,274.3167037963867
7455,2020-07-27 08:00:00,79.63388,-2.24772999999999,274.5408477783203
7456,2020-07-27 09:00:00,79.62553,-2.250130000000013,274.6767883300781
7457,2020-07-27 10:00:00,79.61507,-2.255449999999996,274.82167053222656
7458,2020-07-27 11:00:00,79.60266,-2.2702700000000107,275.0795593261719
7459,2020-07-27 12:00:00,79.5889,-2.2949900000000127,275.24452209472656
7460,2020-07-27 13:00:00,79.57499,-2.331240000000008,275.37567138671875
7461,2020-07-27 14:00:00,79.56214,-2.37885,275.4531021118164
7462,2020-07-27 15:00:00,79.55138,-2.4306899999999985,275.5106201171875
7463,2020-07-27 16:00:00,79.54272,-2.480410000000006,275.53489685058594
7464,2020-07-27 17:00:00,79.53619,-2.517419999999987,275.44786071777344
7465,2020-07-27 18:00:00,79.53047,-2.5388399999999933,275.29563903808594
7466,2020-07-27 19:00:00,79.52439,-2.5518299999999954,275.0940704345703
7467,2020-07-27 20:00:00,79.51751,-2.554949999999991,274.8166275024414
7468,2020-07-27 21:00:00,79.50909,-2.551089999999988,274.6770782470703
7469,2020-07-27 22:00:00,79.49866,-2.547680000000014,274.6490020751953
7470,2020-07-27 23:00:00,79.48647,-2.5502400000000023,274.63207244873047
7471,2020-07-28 00:00:00,79.47282,-2.561550000000011,274.2895050048828
7472,2020-07-28 01:00:00,79.45864,-2.5834600000000023,274.16954803466797
7473,2020-07-28 02:00:00,79.44539,-2.614929999999987,274.18189239501953
7474,2020-07-28 03:00:00,79.43369,-2.653160000000014,274.17113494873047
7475,2020-07-28 04:00:00,79.42369,-2.688680000000005,274.1676940917969
7476,2020-07-28 05:00:00,79.41644,-2.7178900000000112,274.15686798095703
7477,2020-07-28 06:00:00,79.41081,-2.734649999999988,274.16156005859375
7478,2020-07-28 07:00:00,79.40575,-2.7393500000000017,274.24090576171875
7479,2020-07-28 08:00:00,79.40014,-2.735129999999998,274.31272888183594
7480,2020-07-28 09:00:00,79.39314,-2.7219499999999925,274.3762969970703
7481,2020-07-28 10:00:00,79.38395,-2.7072000000000003,274.3777313232422
7482,2020-07-28 11:00:00,79.3726,-2.6961499999999887,274.4005584716797
7483,2020-07-28 12:00:00,79.35989,-2.688590000000005,274.5108642578125
7484,2020-07-28 13:00:00,79.34647,-2.6878600000000006,274.62086486816406
7485,2020-07-28 14:00:00,79.33277,-2.695830000000001,274.8123779296875
7486,2020-07-28 15:00:00,79.31966,-2.707740000000001,274.9373474121094
7487,2020-07-28 16:00:00,79.30819,-2.7189400000000035,274.9034194946289
7488,2020-07-28 17:00:00,79.29863,-2.7294799999999952,274.7939224243164
7489,2020-07-28 18:00:00,79.29053,-2.7337200000000053,274.6720657348633
7490,2020-07-28 19:00:00,79.28401,-2.7299700000000087,274.5309295654297
7491,2020-07-28 20:00:00,79.2781,-2.7174699999999916,274.39845275878906
7492,2020-07-28 21:00:00,79.27179,-2.69932,274.2683410644531
7493,2020-07-28 22:00:00,79.26464,-2.678290000000004,274.13631439208984
7494,2020-07-28 23:00:00,79.25632,-2.656560000000013,273.99405670166016
7495,2020-07-29 00:00:00,79.24658,-2.639880000000005,273.8481674194336
7496,2020-07-29 01:00:00,79.23639,-2.633100000000013,273.72438049316406
7497,2020-07-29 02:00:00,79.2269,-2.6379599999999925,273.65220642089844
7498,2020-07-29 03:00:00,79.21908,-2.650100000000009,273.6609802246094
7499,2020-07-29 04:00:00,79.21342,-2.6608799999999917,273.72483825683594
7500,2020-07-29 05:00:00,79.20961,-2.666179999999997,273.8888626098633
7501,2020-07-29 06:00:00,79.20681,-2.6637599999999964,274.0724563598633
7502,2020-07-29 07:00:00,79.20439,-2.653649999999999,274.21949005126953
7503,2020-07-29 08:00:00,79.20162,-2.63821999999999,274.28820037841797
7504,2020-07-29 09:00:00,79.1982,-2.6197500000000105,274.3711242675781
7505,2020-07-29 10:00:00,79.19411,-2.6025400000000047,274.47344970703125
7506,2020-07-29 11:00:00,79.18988,-2.59217000000001,274.3417205810547
7507,2020-07-29 12:00:00,79.18616,-2.5904899999999884,274.3823699951172
7508,2020-07-29 13:00:00,79.18286,-2.5973299999999995,274.4663391113281
7509,2020-07-29 14:00:00,79.17992,-2.6033899999999903,274.5904083251953
7510,2020-07-29 15:00:00,79.17745,-2.60942,274.4727783203125
7511,2020-07-29 16:00:00,79.17609,-2.6159100000000137,274.44527435302734
7512,2020-07-29 17:00:00,79.17639,-2.6156100000000038,274.3977508544922
7513,2020-07-29 18:00:00,79.17671,-2.6096900000000005,274.37528228759766
7514,2020-07-29 19:00:00,79.17481,-2.5958300000000065,274.32420349121094
7515,2020-07-29 20:00:00,79.17218,-2.574780000000004,274.2275161743164
7516,2020-07-29 21:00:00,79.16814,-2.551320000000004,274.1390380859375
7517,2020-07-29 22:00:00,79.16269,-2.5264099999999985,274.044189453125
7518,2020-07-29 23:00:00,79.1555,-2.5069799999999987,273.95629119873047
7519,2020-07-30 00:00:00,79.14784,-2.4961299999999937,273.89717864990234
7520,2020-07-30 01:00:00,79.13935,-2.4935299999999927,273.84291076660156
7521,2020-07-30 02:00:00,79.13123,-2.500630000000001,273.83386993408203
7522,2020-07-30 03:00:00,79.12492,-2.5144300000000044,273.8213348388672
7523,2020-07-30 04:00:00,79.12084,-2.5316200000000038,273.8265686035156
7524,2020-07-30 05:00:00,79.11829,-2.542730000000006,273.8701934814453
7525,2020-07-30 06:00:00,79.11674,-2.5436400000000106,273.92616271972656
7526,2020-07-30 07:00:00,79.11578,-2.5316200000000038,273.9986877441406
7527,2020-07-30 08:00:00,79.11505,-2.509060000000005,274.0851745605469
7528,2020-07-30 09:00:00,79.1129,-2.483479999999986,274.2810821533203
7529,2020-07-30 10:00:00,79.10956,-2.4609000000000094,274.4172668457031
7530,2020-07-30 11:00:00,79.10449,-2.4420900000000074,274.50621032714844
7531,2020-07-30 12:00:00,79.09809,-2.433480000000003,274.5849304199219
7532,2020-07-30 13:00:00,79.09169,-2.4396600000000035,274.69972229003906
7533,2020-07-30 14:00:00,79.08623,-2.457400000000007,274.6451721191406
7534,2020-07-30 15:00:00,79.08173,-2.4824299999999937,274.64280700683594
7535,2020-07-30 16:00:00,79.07893,-2.5089399999999955,274.53753662109375
7536,2020-07-30 17:00:00,79.07754,-2.5339899999999886,274.3949737548828
7537,2020-07-30 18:00:00,79.07751,-2.554149999999993,274.21722412109375
7538,2020-07-30 19:00:00,79.07846,-2.5664700000000096,274.0553741455078
7539,2020-07-30 20:00:00,79.07972,-2.5691500000000076,273.90464782714844
7540,2020-07-30 21:00:00,79.08048,-2.5602499999999964,273.8094177246094
7541,2020-07-30 22:00:00,79.07993,-2.549219999999991,273.7288055419922
7542,2020-07-30 23:00:00,79.07816,-2.5450099999999907,273.67980194091797
7543,2020-07-31 00:00:00,79.07561,-2.5501600000000053,273.713134765625
7544,2020-07-31 01:00:00,79.07293,-2.568450000000013,273.70367431640625
7545,2020-07-31 02:00:00,79.07056,-2.5997500000000002,273.66829681396484
7546,2020-07-31 03:00:00,79.06925,-2.6400600000000054,273.7014465332031
7547,2020-07-31 04:00:00,79.06876,-2.685030000000012,273.73829650878906
7548,2020-07-31 05:00:00,79.06886,-2.7296499999999924,273.7938766479492
7549,2020-07-31 06:00:00,79.06893,-2.7753999999999905,273.88731384277344
7550,2020-07-31 07:00:00,79.0701,-2.8075900000000047,274.0325927734375
7551,2020-07-31 08:00:00,79.08153,-2.760690000000011,274.0572204589844
7552,2020-07-31 09:00:00,79.07148,-2.824610000000007,274.13031005859375
7553,2020-07-31 10:00:00,79.0696,-2.835970000000003,274.24473571777344
7554,2020-07-31 11:00:00,79.06647,-2.856030000000004,274.27264404296875
7555,2020-07-31 12:00:00,79.04947,-3.023750000000007,274.3717956542969
7556,2020-07-31 13:00:00,78.95748,-2.697339999999997,274.3238067626953
7557,2020-07-31 14:00:00,78.8838,-2.179090000000002,274.3561096191406
7558,2020-07-31 15:00:00,78.84665,-1.969629999999995,274.47364807128906
7559,2020-07-31 16:00:00,78.84247,-1.9879799999999932,274.5252380371094
7560,2020-07-31 17:00:00,78.84549,-2.035349999999994,274.45758056640625
7561,2020-07-31 18:00:00,78.84871,-2.0739700000000028,274.43170166015625
7562,2020-07-31 19:00:00,78.81305,-2.057050000000004,274.3493194580078
7563,2020-07-31 20:00:00,78.7944,-2.0505100000000027,274.26564025878906
7564,2020-07-31 21:00:00,78.8021,-2.109880000000004,274.16241455078125
7565,2020-07-31 22:00:00,78.80789,-2.141549999999995,274.0811309814453
7566,2020-07-31 23:00:00,78.81471,-2.1672100000000114,274.0474548339844
7567,2020-08-01 00:00:00,78.81785,-2.1818199999999877,274.0008544921875
7568,2020-08-01 01:00:00,78.81897,-2.1849599999999896,273.9678649902344
7569,2020-08-01 02:00:00,78.82138,-2.1984899999999925,273.96246337890625
7570,2020-08-01 03:00:00,78.82497,-2.2103600000000085,273.970703125
7571,2020-08-01 04:00:00,78.82788,-2.224099999999993,273.9973449707031
7572,2020-08-01 05:00:00,78.82999,-2.2410899999999856,274.06361389160156
7573,2020-08-01 06:00:00,78.8327,-2.2598199999999906,274.13790130615234
7574,2020-08-01 07:00:00,78.79482,-2.2894699999999943,274.2615051269531
7575,2020-08-01 08:00:00,78.78906,-2.3334199999999896,274.3631896972656
7576,2020-08-01 09:00:00,78.79654,-2.363889999999998,274.4580841064453
7577,2020-08-01 10:00:00,78.80245,-2.393969999999996,274.52716064453125
7578,2020-08-01 11:00:00,78.80981,-2.41592,274.58021545410156
7579,2020-08-01 12:00:00,78.81819,-2.4234399999999994,274.59625244140625
7580,2020-08-01 13:00:00,78.82442,-2.411750000000012,274.72105407714844
7581,2020-08-01 14:00:00,78.83086,-2.4027399999999943,274.6827850341797
7582,2020-08-01 15:00:00,78.81106,-2.3666399999999896,274.6987609863281
7583,2020-08-01 16:00:00,78.81718,-2.404059999999987,274.68917083740234
7584,2020-08-01 17:00:00,78.86836,-2.4335199999999872,274.66442108154297
7585,2020-08-01 18:00:00,78.92293,-2.473540000000014,274.63123321533203
7586,2020-08-01 19:00:00,78.92933,-2.4885500000000036,274.5989990234375
7587,2020-08-01 20:00:00,78.93777,-2.5022299999999973,274.50592041015625
7588,2020-08-01 21:00:00,78.94782,-2.5142899999999884,274.37606048583984
7589,2020-08-01 22:00:00,78.96111,-2.5282300000000077,274.29481506347656
7590,2020-08-01 23:00:00,78.97496,-2.542139999999989,274.30713653564453
7591,2020-08-02 00:00:00,78.9841,-2.54446999999999,274.2748260498047
7592,2020-08-02 01:00:00,78.99314,-2.5490700000000004,274.2215118408203
7593,2020-08-02 02:00:00,79.00227,-2.5566300000000126,274.2209014892578
7594,2020-08-02 03:00:00,79.00952,-2.5671299999999917,274.2596435546875
7595,2020-08-02 04:00:00,79.0147,-2.58053000000001,274.3076171875
7596,2020-08-02 05:00:00,79.01929,-2.598410000000001,274.3442611694336
7597,2020-08-02 06:00:00,79.02435,-2.6200900000000047,274.3859558105469
7598,2020-08-02 07:00:00,79.02877,-2.637609999999995,274.4750061035156
7599,2020-08-02 08:00:00,79.03394,-2.74597,274.5382080078125
7600,2020-08-02 09:00:00,79.03603,-2.7431200000000047,274.5746612548828
7601,2020-08-02 10:00:00,79.03636,-2.7344500000000096,274.5909652709961
7602,2020-08-02 11:00:00,79.03691,-2.72308000000001,274.6665267944336
7603,2020-08-02 12:00:00,79.03978,-2.7214899999999886,274.7552947998047
7604,2020-08-02 13:00:00,79.11452,-2.5620999999999867,274.9092025756836
7605,2020-08-02 14:00:00,79.11377,-2.5673400000000015,275.0767593383789
7606,2020-08-02 15:00:00,79.11128,-2.575940000000003,275.20519256591797
7607,2020-08-02 16:00:00,79.11054,-2.5794400000000053,275.2366714477539
7608,2020-08-02 17:00:00,79.11304,-2.607760000000013,275.1071090698242
7609,2020-08-02 18:00:00,79.06559,-2.7988599999999906,274.8962173461914
7610,2020-08-02 19:00:00,78.98507,-3.1068400000000054,274.80584716796875
7611,2020-08-02 20:00:00,78.91197,-3.547789999999992,274.6858367919922
7612,2020-08-02 21:00:00,78.84157,-3.943070000000006,274.5552673339844
7613,2020-08-02 22:00:00,78.77283,-4.302750000000003,274.42284393310547
7614,2020-08-02 23:00:00,78.71689,-4.58972,274.30262756347656
7615,2020-08-03 00:00:00,78.66631,-4.893390000000011,274.24986267089844
7616,2020-08-03 01:00:00,78.66348,-4.934519999999992,274.20994567871094
7617,2020-08-03 02:00:00,78.66125,-4.9674400000000105,274.19476318359375
7618,2020-08-03 03:00:00,78.66025,-4.997600000000006,274.22376251220703
7619,2020-08-03 04:00:00,78.65804,-5.0230200000000025,274.2464904785156
7620,2020-08-03 05:00:00,78.65524,-5.047460000000001,274.29576110839844
7621,2020-08-03 06:00:00,78.65196,-5.074070000000006,274.3400573730469
7622,2020-08-03 07:00:00,78.62437,-5.1295399999999916,274.3613739013672
7623,2020-08-03 08:00:00,78.61974,-5.158659999999998,274.42118072509766
7624,2020-08-03 09:00:00,78.63588,-5.041179999999997,274.4796676635742
7625,2020-08-03 10:00:00,78.66008,-4.603659999999991,274.4851989746094
7626,2020-08-03 11:00:00,78.64448,-4.310599999999994,274.48197174072266
7627,2020-08-03 12:00:00,78.63636,-4.342090000000013,274.4048614501953
7628,2020-08-03 13:00:00,78.62275,-4.360639999999989,274.36158752441406
7629,2020-08-03 14:00:00,78.61325,-4.3783599999999865,274.4141540527344
7630,2020-08-03 15:00:00,78.60534,-4.393579999999986,274.47203063964844
7631,2020-08-03 16:00:00,78.59896,-4.414729999999992,274.4004592895508
7632,2020-08-03 17:00:00,78.66999,-4.167609999999996,274.30577087402344
7633,2020-08-03 18:00:00,78.76745,-3.816120000000012,274.2341079711914
7634,2020-08-03 19:00:00,78.85987,-3.4937400000000025,274.17057037353516
7635,2020-08-03 20:00:00,78.94694,-3.187630000000013,274.07366943359375
7636,2020-08-03 21:00:00,79.0177,-2.911030000000011,273.8719940185547
7637,2020-08-03 22:00:00,79.01801,-2.94765000000001,273.7904357910156
7638,2020-08-03 23:00:00,79.02458,-2.979530000000011,273.7303237915039
7639,2020-08-04 00:00:00,79.02851,-3.021109999999993,273.66576385498047
7640,2020-08-04 01:00:00,79.03246,-3.0750500000000045,273.63024139404297
7641,2020-08-04 02:00:00,79.03524,-3.1392999999999915,273.62638092041016
7642,2020-08-04 03:00:00,79.03956,-3.205299999999994,273.64491271972656
7643,2020-08-04 04:00:00,79.04535,-3.2657800000000066,273.6591110229492
7644,2020-08-04 05:00:00,79.04727,-3.3205700000000036,273.6985092163086
7645,2020-08-04 06:00:00,79.04616,-3.3697799999999916,273.71661376953125
7646,2020-08-04 07:00:00,79.03965,-3.089190000000002,273.7739715576172
7647,2020-08-04 08:00:00,79.04067,-3.120679999999993,273.8591995239258
7648,2020-08-04 09:00:00,79.03431,-3.159940000000006,273.97269439697266
7649,2020-08-04 10:00:00,79.02863,-3.202300000000008,274.0849380493164
7650,2020-08-04 11:00:00,79.02509,-3.225439999999992,274.1710205078125
7651,2020-08-04 12:00:00,79.03181,-3.1754099999999994,274.24169921875
7652,2020-08-04 13:00:00,79.01929,-3.186569999999989,274.2799530029297
7653,2020-08-04 14:00:00,79.01672,-3.2747799999999927,274.2707061767578
7654,2020-08-04 15:00:00,79.01656,-3.3567600000000084,274.30529022216797
7655,2020-08-04 16:00:00,79.01779,-3.419729999999987,274.2640838623047
7656,2020-08-04 17:00:00,79.01868,-3.4647699999999872,274.1704330444336
7657,2020-08-04 18:00:00,79.01716,-3.5019399999999905,274.0972442626953
7658,2020-08-04 19:00:00,79.00312,-3.4998199999999997,274.0418930053711
7659,2020-08-04 20:00:00,78.95865,-3.1424299999999903,273.9741516113281
7660,2020-08-04 21:00:00,78.906,-2.62324000000001,273.90869903564453
7661,2020-08-04 22:00:00,78.8543,-2.1151000000000124,273.8255157470703
7662,2020-08-04 23:00:00,78.80927,-1.6499000000000024,273.75364685058594
7663,2020-08-05 00:00:00,78.7577,-1.1835000000000093,273.7108840942383
7664,2020-08-05 01:00:00,78.74173,-1.0530200000000036,273.67113494873047
7665,2020-08-05 02:00:00,78.73286,-1.0841000000000065,273.64356994628906
7666,2020-08-05 03:00:00,78.72488,-1.1163699999999892,273.6213073730469
7667,2020-08-05 04:00:00,78.71742,-1.145610000000005,273.6194381713867
7668,2020-08-05 05:00:00,78.70999,-1.171069999999986,273.6321029663086
7669,2020-08-05 06:00:00,78.70226,-1.192229999999995,273.6550979614258
7670,2020-08-05 07:00:00,78.6944,-1.2124100000000055,273.7212600708008
7671,2020-08-05 08:00:00,78.64495,-1.354379999999992,273.8151397705078
7672,2020-08-05 09:00:00,78.59999,-1.4808700000000101,273.89881134033203
7673,2020-08-05 10:00:00,78.59299,-1.54131000000001,273.9874496459961
7674,2020-08-05 11:00:00,78.58849,-1.6020599999999945,274.12837982177734
7675,2020-08-05 12:00:00,78.5814,-1.649329999999992,274.34910583496094
7676,2020-08-05 13:00:00,78.57156,-1.6805999999999983,274.46947479248047
7677,2020-08-05 14:00:00,78.56182,-1.7145399999999995,274.5014343261719
7678,2020-08-05 15:00:00,78.55004,-2.0376799999999946,274.49244689941406
7679,2020-08-05 16:00:00,78.53821,-2.521500000000003,274.38218688964844
7680,2020-08-05 17:00:00,78.52121,-3.05068,274.29329681396484
7681,2020-08-05 18:00:00,78.50411,-3.6042400000000043,274.19966888427734
7682,2020-08-05 19:00:00,78.48738,-4.151769999999999,274.1252212524414
7683,2020-08-05 20:00:00,78.47161,-4.6724100000000135,274.0293884277344
7684,2020-08-05 21:00:00,78.45275,-5.161689999999993,273.9208068847656
7685,2020-08-05 22:00:00,78.43589,-5.62906000000001,273.80362701416016
7686,2020-08-05 23:00:00,78.41824,-6.0916,273.70684814453125
7687,2020-08-06 00:00:00,78.40399,-6.507589999999993,273.5279541015625
7688,2020-08-06 01:00:00,78.39066,-6.905190000000005,273.47544860839844
7689,2020-08-06 02:00:00,78.38924,-7.005860000000013,273.46459197998047
7690,2020-08-06 03:00:00,78.38794,-7.021320000000003,273.46429443359375
7691,2020-08-06 04:00:00,78.38686,-7.034140000000008,273.49158477783203
7692,2020-08-06 05:00:00,78.38525,-7.044620000000009,273.5320053100586
7693,2020-08-06 06:00:00,78.37519,-7.136079999999993,273.6404113769531
7694,2020-08-06 07:00:00,78.3649,-7.196179999999998,273.74024963378906
7695,2020-08-06 08:00:00,78.36024,-7.211340000000007,273.8003845214844
7696,2020-08-06 09:00:00,78.35564,-7.228820000000013,273.84991455078125
7697,2020-08-06 10:00:00,78.34969,-7.247669999999999,273.9269714355469
7698,2020-08-06 11:00:00,78.35483,-7.249249999999989,274.06925201416016
7699,2020-08-06 12:00:00,78.35134,-7.264150000000001,274.21239471435547
7700,2020-08-06 13:00:00,78.34751,-7.2872099999999875,274.2926483154297
7701,2020-08-06 14:00:00,78.3442,-7.311630000000008,274.33538818359375
7702,2020-08-06 15:00:00,78.34133,-7.332879999999989,274.36920166015625
7703,2020-08-06 16:00:00,78.3391,-7.351589999999987,274.3377685546875
7704,2020-08-06 17:00:00,78.36076,-7.329710000000006,274.1619873046875
7705,2020-08-06 18:00:00,78.39885,-7.264319999999998,273.90193939208984
7706,2020-08-06 19:00:00,78.47617,-7.138509999999997,273.5945587158203
7707,2020-08-06 20:00:00,78.56624,-6.974050000000005,273.26934814453125
7708,2020-08-06 21:00:00,78.65347,-6.7598700000000065,273.1003112792969
7709,2020-08-06 22:00:00,78.75754,-6.649969999999996,273.0573425292969
7710,2020-08-06 23:00:00,78.85652,-6.514929999999993,273.1306838989258
7711,2020-08-07 00:00:00,78.96261,-6.376479999999987,272.52930450439453
7712,2020-08-07 01:00:00,79.07125,-6.235880000000009,272.4646224975586
7713,2020-08-07 02:00:00,79.17571,-6.033870000000007,272.4603042602539
7714,2020-08-07 03:00:00,79.27889,-5.945850000000007,272.1689910888672
7715,2020-08-07 04:00:00,79.35166,-5.830219999999997,272.2390823364258
7716,2020-08-07 05:00:00,79.44549,-5.6354399999999885,272.35701751708984
7717,2020-08-07 06:00:00,79.53948,-5.446809999999999,272.4995803833008
7718,2020-08-07 07:00:00,79.56145,-5.372929999999997,272.6806869506836
7719,2020-08-07 08:00:00,79.58304,-5.2571900000000085,272.92049407958984
7720,2020-08-07 09:00:00,79.63848,-5.148110000000003,273.1472702026367
7721,2020-08-07 10:00:00,79.71412,-5.252819999999986,273.23914337158203
7722,2020-08-07 11:00:00,79.75254,-5.1464599999999905,273.2404251098633
7723,2020-08-07 12:00:00,79.76036,-4.955549999999988,273.1839370727539
7724,2020-08-07 13:00:00,79.75943,-4.9556300000000135,273.0852966308594
7725,2020-08-07 14:00:00,79.76045,-4.9602199999999925,272.97593688964844
7726,2020-08-07 15:00:00,79.76277,-4.959229999999991,273.04882049560547
7727,2020-08-07 16:00:00,79.77858,-4.784789999999987,273.3040084838867
7728,2020-08-07 17:00:00,79.80931,-4.436849999999993,273.4320373535156
7729,2020-08-07 18:00:00,79.87357,-4.11466999999999,273.4453353881836
7730,2020-08-07 19:00:00,79.93583,-3.7169700000000034,273.48535919189453
7731,2020-08-07 20:00:00,79.92539,-3.600210000000004,273.5786666870117
7732,2020-08-07 21:00:00,79.91686,-3.5815800000000024,273.6236801147461
7733,2020-08-07 22:00:00,79.90973,-3.5630899999999883,273.6468200683594
7734,2020-08-07 23:00:00,79.90357,-3.5555200000000013,273.6810302734375
7735,2020-08-08 00:00:00,79.9008,-3.5578800000000115,273.6274871826172
7736,2020-08-08 01:00:00,79.89216,-3.5502400000000023,273.7080993652344
7737,2020-08-08 02:00:00,79.88535,-3.548930000000013,273.79217529296875
7738,2020-08-08 03:00:00,79.88382,-3.5505100000000027,273.872314453125
7739,2020-08-08 04:00:00,79.88321,-3.5430299999999875,273.92063903808594
7740,2020-08-08 05:00:00,79.88156,-3.526379999999989,274.00179290771484
7741,2020-08-08 06:00:00,79.88478,-3.5145899999999983,274.1284866333008
7742,2020-08-08 07:00:00,79.88653,-3.5000599999999906,274.26708984375
7743,2020-08-08 08:00:00,79.88736,-3.478219999999993,274.39159393310547
7744,2020-08-08 09:00:00,79.90425,-3.7805199999999957,274.48211669921875
7745,2020-08-08 10:00:00,79.90033,-3.7680400000000134,274.5845718383789
7746,2020-08-08 11:00:00,79.89637,-3.771899999999988,274.710693359375
7747,2020-08-08 12:00:00,79.88789,-3.762859999999989,274.61488342285156
7748,2020-08-08 13:00:00,79.87853,-3.73621,274.50516510009766
7749,2020-08-08 14:00:00,79.89455,-3.8347300000000075,274.46531677246094
7750,2020-08-08 15:00:00,79.89029,-3.8288499999999885,274.6227340698242
7751,2020-08-08 16:00:00,79.8913,-3.8568799999999896,274.6872787475586
7752,2020-08-08 17:00:00,79.89217,-3.8801599999999894,274.6475830078125
7753,2020-08-08 18:00:00,79.89285,-3.8884999999999934,274.51053619384766
7754,2020-08-08 19:00:00,79.90682,-3.8677999999999884,274.3568420410156
7755,2020-08-08 20:00:00,79.92908,-4.013479999999987,274.3323516845703
7756,2020-08-08 21:00:00,79.92583,-4.034140000000008,274.25714111328125
7757,2020-08-08 22:00:00,79.91931,-4.050099999999986,274.2864990234375
7758,2020-08-08 23:00:00,79.91287,-4.069439999999986,274.2866668701172
7759,2020-08-09 00:00:00,79.90526,-4.083949999999987,274.2014465332031
7760,2020-08-09 01:00:00,79.89753,-4.099130000000002,274.2227783203125
7761,2020-08-09 02:00:00,79.8901,-4.111259999999987,274.2161102294922
7762,2020-08-09 03:00:00,79.88534,-4.134230000000002,274.20343017578125
7763,2020-08-09 04:00:00,79.88407,-4.172149999999988,274.2520065307617
7764,2020-08-09 05:00:00,79.88294,-4.175999999999988,274.3567428588867
7765,2020-08-09 06:00:00,79.88329,-4.217420000000004,274.3737106323242
7766,2020-08-09 07:00:00,79.8815,-4.231120000000004,274.34290313720703
7767,2020-08-09 08:00:00,79.88059,-4.266879999999986,274.3129196166992
7768,2020-08-09 09:00:00,79.88763,-4.587170000000015,274.29481506347656
7769,2020-08-09 10:00:00,79.88509,-4.6222899999999925,274.3298873901367
7770,2020-08-09 11:00:00,79.88145,-4.635609999999986,274.4066390991211
7771,2020-08-09 12:00:00,79.88058,-4.657540000000012,274.47452545166016
7772,2020-08-09 13:00:00,79.88337,-4.72596999999999,274.3305435180664
7773,2020-08-09 14:00:00,79.88118,-4.756959999999992,274.19966888427734
7774,2020-08-09 15:00:00,79.88069,-4.803660000000008,274.12879180908203
7775,2020-08-09 16:00:00,79.87937,-4.834280000000007,274.0226593017578
7776,2020-08-09 17:00:00,79.87848,-4.8730600000000095,273.9792938232422
7777,2020-08-09 18:00:00,79.87792,-4.903629999999993,273.9406967163086
7778,2020-08-09 19:00:00,79.87665,-4.966229999999996,273.7979736328125
7779,2020-08-09 20:00:00,79.87798,-5.062520000000006,273.7363967895508
7780,2020-08-09 21:00:00,79.87846,-5.117529999999988,273.6993103027344
7781,2020-08-09 22:00:00,79.87918,-5.204530000000005,273.6852340698242
7782,2020-08-09 23:00:00,79.87867,-5.267889999999994,273.68714904785156
7783,2020-08-10 00:00:00,79.88121,-5.279339999999991,273.6801986694336
7784,2020-08-10 01:00:00,79.88564,-5.286759999999987,273.6786880493164
7785,2020-08-10 02:00:00,79.89228,-5.299229999999994,273.65089416503906
7786,2020-08-10 03:00:00,79.90288,-5.3071700000000135,273.61365509033203
7787,2020-08-10 04:00:00,79.90694,-5.303859999999986,273.57591247558594
7788,2020-08-10 05:00:00,79.90862,-5.30865,273.5340270996094
7789,2020-08-10 06:00:00,79.90733,-5.309599999999989,273.55677032470703
7790,2020-08-10 07:00:00,79.90508,-5.313829999999996,273.6800537109375
7791,2020-08-10 08:00:00,79.90176,-5.416410000000013,273.86659240722656
7792,2020-08-10 09:00:00,79.90183,-5.437739999999991,273.9496154785156
7793,2020-08-10 10:00:00,79.9013,-5.464149999999989,273.94274139404297
7794,2020-08-10 11:00:00,79.90253,-5.4898000000000025,273.9624938964844
7795,2020-08-10 12:00:00,79.90477,-5.5105000000000075,273.97698974609375
7796,2020-08-10 13:00:00,79.90792,-5.525190000000009,273.9338912963867
7797,2020-08-10 14:00:00,79.91026,-5.536030000000011,273.8717041015625
7798,2020-08-10 15:00:00,79.9129,-5.539119999999997,273.88524627685547
7799,2020-08-10 16:00:00,79.91682,-5.540259999999989,273.9846878051758
7800,2020-08-10 17:00:00,79.92011,-5.536920000000009,274.0774612426758
7801,2020-08-10 18:00:00,79.91998,-5.524709999999999,274.0751724243164
7802,2020-08-10 19:00:00,79.91924,-5.522559999999999,273.9999313354492
7803,2020-08-10 20:00:00,79.91947,-5.516529999999989,273.9119873046875
7804,2020-08-10 21:00:00,79.91954,-5.5243600000000015,273.8118438720703
7805,2020-08-10 22:00:00,79.92036,-5.532250000000005,273.7244338989258
7806,2020-08-10 23:00:00,79.92217,-5.544549999999987,273.6445083618164
7807,2020-08-11 00:00:00,79.92466,-5.564420000000013,273.58251953125
7808,2020-08-11 01:00:00,79.92718,-5.580950000000001,273.5421447753906
7809,2020-08-11 02:00:00,79.93112,-5.604440000000011,273.51612854003906
7810,2020-08-11 03:00:00,79.93692,-5.624779999999987,273.50970458984375
7811,2020-08-11 04:00:00,79.94318,-5.630390000000006,273.51270294189453
7812,2020-08-11 05:00:00,79.94715,-5.637730000000005,273.5381164550781
7813,2020-08-11 06:00:00,79.95079,-5.646899999999988,273.58873748779297
7814,2020-08-11 07:00:00,79.95344,-5.657010000000014,273.61427307128906
7815,2020-08-11 08:00:00,79.95485,-5.663260000000008,273.68218994140625
7816,2020-08-11 09:00:00,79.95506,-5.6776299999999935,273.72914123535156
7817,2020-08-11 10:00:00,79.95482,-5.7187800000000095,273.8263626098633
7818,2020-08-11 11:00:00,79.95608,-5.763249999999999,273.9065628051758
7819,2020-08-11 12:00:00,79.96011,-5.807829999999996,273.99497985839844
7820,2020-08-11 13:00:00,79.96563,-5.843520000000012,274.0229949951172
7821,2020-08-11 14:00:00,79.97255,-5.878330000000005,274.09629821777344
7822,2020-08-11 15:00:00,79.9795,-5.894270000000006,274.1834259033203
7823,2020-08-11 16:00:00,79.98533,-5.894100000000009,274.1723937988281
7824,2020-08-11 17:00:00,79.99022,-5.885879999999986,274.0771484375
7825,2020-08-11 18:00:00,79.99351,-5.874050000000011,274.01173400878906
7826,2020-08-11 19:00:00,79.99506,-5.876440000000002,273.9169235229492
7827,2020-08-11 20:00:00,79.99674,-5.875419999999991,273.8349304199219
7828,2020-08-11 21:00:00,79.99726,-5.900800000000004,273.7484893798828
7829,2020-08-11 22:00:00,79.99951,-5.929470000000009,273.70794677734375
7830,2020-08-11 23:00:00,80.00382,-5.960910000000013,273.6905517578125
7831,2020-08-12 00:00:00,80.00922,-5.996460000000013,273.6517868041992
7832,2020-08-12 01:00:00,80.01592,-6.025720000000007,273.60321044921875
7833,2020-08-12 02:00:00,80.02228,-6.040559999999999,273.57041931152344
7834,2020-08-12 03:00:00,80.02525,-6.03916000000001,273.5821075439453
7835,2020-08-12 04:00:00,80.0286,-6.039199999999994,273.62764739990234
7836,2020-08-12 05:00:00,80.03186,-6.04674,273.7035217285156
7837,2020-08-12 06:00:00,80.0357,-6.0525499999999965,273.79634857177734
7838,2020-08-12 07:00:00,80.03948,-6.068150000000003,273.90675354003906
7839,2020-08-12 08:00:00,80.04608,-6.098240000000004,274.00890350341797
7840,2020-08-12 09:00:00,80.05359,-6.1168499999999995,274.11727142333984
7841,2020-08-12 10:00:00,80.06292,-6.126249999999999,274.2065887451172
7842,2020-08-12 11:00:00,80.07119,-6.145929999999993,274.30480194091797
7843,2020-08-12 12:00:00,80.07895,-6.162689999999998,274.48314666748047
7844,2020-08-12 13:00:00,80.08755,-6.172089999999997,274.47198486328125
7845,2020-08-12 14:00:00,80.09435,-6.179689999999994,274.5053939819336
7846,2020-08-12 15:00:00,80.102,-6.197480000000013,274.47325134277344
7847,2020-08-12 16:00:00,80.11066,-6.214650000000006,274.3535461425781
7848,2020-08-12 17:00:00,80.12083,-6.227170000000001,274.2482604980469
7849,2020-08-12 18:00:00,80.1317,-6.232249999999993,274.24275970458984
7850,2020-08-12 19:00:00,80.14558,-6.229590000000002,274.26708984375
7851,2020-08-12 20:00:00,80.15919,-6.22681,274.27777099609375
7852,2020-08-12 21:00:00,80.16864,-6.225470000000001,274.2798309326172
7853,2020-08-12 22:00:00,80.17653,-6.216370000000012,274.40381622314453
7854,2020-08-12 23:00:00,80.18604,-6.190010000000001,274.42859649658203
7855,2020-08-13 00:00:00,80.19465,-6.166079999999994,274.4004592895508
7856,2020-08-13 01:00:00,80.20003,-6.150830000000013,274.4432907104492
7857,2020-08-13 02:00:00,80.20561,-6.1374700000000075,274.5878677368164
7858,2020-08-13 03:00:00,80.21329,-6.129099999999994,274.8063278198242
7859,2020-08-13 04:00:00,80.22423,-6.118619999999993,274.88623046875
7860,2020-08-13 05:00:00,80.23819,-6.092960000000005,274.76600646972656
7861,2020-08-13 06:00:00,80.25398,-6.0429499999999905,274.5684127807617
7862,2020-08-13 07:00:00,80.27052,-5.967129999999997,274.3580627441406
7863,2020-08-13 08:00:00,80.33164,-5.873930000000001,274.2430953979492
7864,2020-08-13 09:00:00,80.42034,-5.950970000000012,274.13011169433594
7865,2020-08-13 10:00:00,80.5196,-6.065079999999995,273.83714294433594
7866,2020-08-13 11:00:00,80.60269,-6.413340000000005,273.7401657104492
7867,2020-08-13 12:00:00,80.68746,-6.658260000000013,273.76998138427734
7868,2020-08-13 13:00:00,80.73822,-7.030740000000009,273.76084899902344
7869,2020-08-13 14:00:00,80.83746,-7.154200000000003,273.7134704589844
7870,2020-08-13 15:00:00,80.94916,-7.12285,273.66929626464844
7871,2020-08-13 16:00:00,81.02894,-7.024249999999995,273.6620788574219
7872,2020-08-13 17:00:00,81.08708,-7.029930000000007,273.62278747558594
7873,2020-08-13 18:00:00,81.13427,-6.8339599999999905,273.57100677490234
7874,2020-08-13 19:00:00,81.20865,-6.495499999999993,273.5351333618164
7875,2020-08-13 20:00:00,81.31651,-6.413479999999993,273.48797607421875
7876,2020-08-13 21:00:00,81.42277,-6.1437799999999925,273.59100341796875
7877,2020-08-13 22:00:00,81.53609,-6.055920000000015,273.4908218383789
7878,2020-08-13 23:00:00,81.64786,-6.165339999999986,273.46167755126953
7879,2020-08-14 00:00:00,81.77588,-6.233569999999986,273.53904724121094
7880,2020-08-14 01:00:00,81.90582,-6.258049999999997,273.54232025146484
7881,2020-08-14 02:00:00,82.03341,-6.404300000000006,273.4887008666992
7882,2020-08-14 03:00:00,82.17149,-6.540809999999993,273.46885681152344
7883,2020-08-14 04:00:00,82.31753,-6.598270000000014,273.49353790283203
7884,2020-08-14 05:00:00,82.46484,-6.568639999999988,273.5660629272461
7885,2020-08-14 06:00:00,82.60586,-6.577120000000008,273.9801940917969
7886,2020-08-14 07:00:00,82.6661,-7.170230000000004,274.14525604248047
7887,2020-08-14 08:00:00,82.71009,-7.492520000000013,274.20965576171875
7888,2020-08-14 09:00:00,82.76307,-7.581919999999997,274.1336135864258
7889,2020-08-14 10:00:00,82.86242,-7.77367000000001,273.897705078125
7890,2020-08-14 11:00:00,82.96631,-8.130320000000012,273.85347747802734
7891,2020-08-14 12:00:00,83.03559,-8.680689999999998,273.83422088623047
7892,2020-08-14 13:00:00,83.10799,-9.352339999999998,273.757080078125
7893,2020-08-14 14:00:00,83.19296,-10.01758000000001,273.71422576904297
7894,2020-08-14 15:00:00,83.28629,-10.970670000000013,273.39623260498047
7895,2020-08-14 16:00:00,83.339,-11.551359999999988,273.2647476196289
7896,2020-08-14 17:00:00,83.44032,-12.043080000000003,273.0953674316406
7897,2020-08-14 18:00:00,83.54194,-12.236919999999998,272.88243103027344
7898,2020-08-14 19:00:00,83.63495,-12.34787,272.72265625
7899,2020-08-14 20:00:00,83.70755,-12.970490000000012,272.5441360473633
7900,2020-08-14 21:00:00,83.8122,-13.229680000000002,272.4795227050781
7901,2020-08-14 22:00:00,83.90217,-13.115739999999988,272.57395935058594
7902,2020-08-14 23:00:00,84.0075,-13.491800000000012,272.5471954345703
7903,2020-08-15 00:00:00,84.10359,-13.521680000000003,272.55098724365234
7904,2020-08-15 01:00:00,84.19715,-13.490960000000001,272.56343841552734
7905,2020-08-15 02:00:00,84.30486,-13.336909999999989,272.7936248779297
7906,2020-08-15 03:00:00,84.41064,-13.731850000000009,272.95987701416016
7907,2020-08-15 04:00:00,84.51187,-13.849559999999997,273.0310745239258
7908,2020-08-15 05:00:00,84.60422,-14.456240000000008,273.13024139404297
7909,2020-08-15 06:00:00,84.69067,-14.46405999999999,273.2567443847656
7910,2020-08-15 07:00:00,84.78302,-14.378289999999993,273.3227233886719
7911,2020-08-15 08:00:00,84.88538,-14.359530000000007,273.4210433959961
7912,2020-08-15 09:00:00,84.97824,-15.003980000000013,273.5001525878906
7913,2020-08-15 10:00:00,85.07469,-15.331109999999995,273.58445739746094
7914,2020-08-15 11:00:00,85.14391,-15.610029999999995,273.6371078491211
7915,2020-08-15 12:00:00,85.19999,-15.716769999999997,273.6106948852539
7916,2020-08-15 13:00:00,85.26337,-15.931190000000015,273.5904006958008
7917,2020-08-15 14:00:00,85.33173,-16.16305,273.5115432739258
7918,2020-08-15 15:00:00,85.40991,-16.141469999999998,273.53382110595703
7919,2020-08-15 16:00:00,85.45852,-16.387900000000002,273.52857208251953
7920,2020-08-15 17:00:00,85.50062,-16.605050000000006,273.5118179321289
7921,2020-08-15 18:00:00,85.54122,-16.180470000000014,273.54978942871094
7922,2020-08-15 19:00:00,85.59518,-16.467649999999992,273.5177230834961
7923,2020-08-15 20:00:00,85.63983,-16.402230000000003,273.5004196166992
7924,2020-08-15 21:00:00,85.71591,-16.907849999999996,273.39110565185547
7925,2020-08-15 22:00:00,85.79484,-17.50782000000001,273.3762969970703
7926,2020-08-15 23:00:00,85.88909,-17.781869999999998,273.41695404052734
7927,2020-08-16 00:00:00,85.98796,-18.439789999999988,273.3457717895508
7928,2020-08-16 01:00:00,86.05782,-19.353170000000006,273.2801284790039
7929,2020-08-16 02:00:00,86.13791,-20.06917999999999,273.12511444091797
7930,2020-08-16 03:00:00,86.23128,-20.055270000000007,272.97711181640625
7931,2020-08-16 04:00:00,86.28622,-20.151610000000005,272.926513671875
7932,2020-08-16 05:00:00,86.37598,-20.274220000000014,272.9902114868164
7933,2020-08-16 06:00:00,86.43882,-21.51231999999999,272.70658111572266
7934,2020-08-16 07:00:00,86.52649,-22.540269999999992,272.8291015625
7935,2020-08-16 08:00:00,86.57953,-23.97036,272.9540100097656
7936,2020-08-16 09:00:00,86.60066,-25.693100000000015,273.0159912109375
7937,2020-08-16 10:00:00,86.66169,-27.252250000000004,273.04151916503906
7938,2020-08-16 11:00:00,86.68199,-28.59208000000001,273.06358337402344
7939,2020-08-16 12:00:00,86.70256,-29.348839999999996,273.15686798095703
7940,2020-08-16 13:00:00,86.75603,-30.727980000000002,273.28968048095703
7941,2020-08-16 14:00:00,86.81648,-32.06666999999999,273.32776641845703
7942,2020-08-16 15:00:00,86.87278,-33.59395000000001,273.4421157836914
7943,2020-08-16 16:00:00,86.93877,-34.964879999999994,273.54638671875
7944,2020-08-16 17:00:00,86.96608,-36.22577000000001,273.6120147705078
7945,2020-08-16 18:00:00,87.06435,-36.59103999999999,273.64815521240234
7946,2020-08-16 19:00:00,87.13335,-37.216170000000005,273.62979888916016
7947,2020-08-16 20:00:00,87.22138,-37.97024999999999,273.56898498535156
7948,2020-08-16 21:00:00,87.30776,-38.31614999999999,273.4848403930664
7949,2020-08-16 22:00:00,87.37974,-38.74933999999999,273.4037399291992
7950,2020-08-16 23:00:00,87.44722,-39.25663,273.3284683227539
7951,2020-08-17 00:00:00,87.44639,-40.14004,273.25940704345703
7952,2020-08-17 01:00:00,87.5125,-40.924589999999995,273.2002944946289
7953,2020-08-17 02:00:00,87.60078,-40.02779000000001,273.2686538696289
7954,2020-08-17 03:00:00,87.66896,-39.53734,273.2949676513672
7955,2020-08-17 04:00:00,87.72717,-40.385639999999995,273.3192443847656
7956,2020-08-17 05:00:00,87.81364,-40.46947,273.3552703857422
7957,2020-08-17 06:00:00,87.89025,-40.27026999999998,273.4107894897461
7958,2020-08-17 07:00:00,87.96525,-39.39968999999999,273.4268112182617
7959,2020-08-17 08:00:00,88.01407,-38.74838,273.4773864746094
7960,2020-08-17 09:00:00,88.05055,-37.86959000000002,273.50244140625
7961,2020-08-17 10:00:00,88.09208,-38.11113,273.5449981689453
7962,2020-08-17 11:00:00,88.13337,-37.43813,273.6475524902344
7963,2020-08-17 12:00:00,88.18223,-36.060280000000006,273.58206939697266
7964,2020-08-17 13:00:00,88.25707,-34.482230000000015,273.6321105957031
7965,2020-08-17 14:00:00,88.29853,-34.61348000000001,273.66248321533203
7966,2020-08-17 15:00:00,88.29831,-34.667429999999996,273.6884994506836
7967,2020-08-17 16:00:00,88.29685,-34.69906,273.71529388427734
7968,2020-08-17 17:00:00,88.29536,-34.737390000000005,273.70680236816406
7969,2020-08-17 18:00:00,88.29386,-34.78387000000001,273.6912841796875
7970,2020-08-17 19:00:00,88.32139,-34.645610000000005,273.67195892333984
7971,2020-08-17 20:00:00,88.39686,-33.99409,273.67213439941406
7972,2020-08-17 21:00:00,88.4224,-33.603229999999996,273.6323547363281
7973,2020-08-17 22:00:00,88.45908,-33.41067000000001,273.5872573852539
7974,2020-08-17 23:00:00,88.50482,-32.61034000000001,273.5409164428711
7975,2020-08-18 00:00:00,88.57095,-32.51847000000001,273.29532623291016
7976,2020-08-18 01:00:00,88.62886,-32.44470000000001,273.24610137939453
7977,2020-08-18 02:00:00,88.70091,-32.68520000000001,273.27135467529297
7978,2020-08-18 03:00:00,88.7835,-33.48993999999999,273.3561477661133
7979,2020-08-18 04:00:00,88.85487,-34.47137000000001,273.3902282714844
7980,2020-08-18 05:00:00,88.92059,-35.355850000000004,273.42488861083984
7981,2020-08-18 06:00:00,88.93896,-35.6344,273.47874450683594
7982,2020-08-18 07:00:00,88.93731,-35.733450000000005,273.5638122558594
7983,2020-08-18 08:00:00,88.93633,-35.80506,273.56324005126953
7984,2020-08-18 09:00:00,88.93552,-35.871790000000004,273.5224914550781
7985,2020-08-18 10:00:00,88.93483,-35.944230000000005,273.4288635253906
7986,2020-08-18 11:00:00,88.93647,-35.732410000000016,273.41820526123047
7987,2020-08-18 12:00:00,88.99798,-35.86339000000001,273.39624786376953
7988,2020-08-18 13:00:00,89.04352,-35.97959,273.36229705810547
7989,2020-08-18 14:00:00,89.08591,-36.15030999999999,273.33272552490234
7990,2020-08-18 15:00:00,89.10041,-35.57069000000001,273.3754653930664
7991,2020-08-18 16:00:00,89.10534,-35.65436,273.39591217041016
7992,2020-08-18 17:00:00,89.11732,-35.37911,273.4147262573242
7993,2020-08-18 18:00:00,89.15798,-34.68736000000001,273.43445587158203
7994,2020-08-18 19:00:00,89.1955,-34.13419999999999,273.45682525634766
7995,2020-08-18 20:00:00,89.2471,-35.23893000000001,273.46387481689453
7996,2020-08-18 21:00:00,89.30318,-36.70662999999999,273.43531799316406
7997,2020-08-18 22:00:00,89.31909,-36.94675000000001,273.4037551879883
7998,2020-08-18 23:00:00,89.37033,-37.12678,273.3843688964844
7999,2020-08-19 00:00:00,89.40234,-36.13938000000002,273.22786712646484
8000,2020-08-19 01:00:00,89.48657,-35.43619000000001,273.1087951660156
8001,2020-08-19 02:00:00,89.55741,-34.529240000000016,273.10250091552734
8002,2020-08-19 03:00:00,89.61818,-32.70102,273.17359161376953
8003,2020-08-19 04:00:00,89.63934,-33.121910000000014,273.2838592529297
8004,2020-08-19 05:00:00,89.67602,-31.90451999999999,273.3422393798828
8005,2020-08-19 06:00:00,89.70893,-35.407550000000015,273.36207580566406
8006,2020-08-19 07:00:00,89.79988,-39.47377,273.3706512451172
8007,2020-08-19 08:00:00,89.8251,-35.97202999999999,273.3695755004883
8008,2020-08-19 09:00:00,89.92307,-34.39013,273.3609848022461
8009,2020-08-19 10:00:00,89.98396,-19.969539999999995,273.3554916381836
8010,2020-08-19 11:00:00,89.99955,117.20799999999997,273.2596435546875
8011,2020-08-19 12:00:00,89.99572,147.66906,273.24876403808594
8012,2020-08-19 13:00:00,89.9947,141.88927999999999,273.21260833740234
8013,2020-08-19 14:00:00,89.99366,135.64076,273.16996002197266
8014,2020-08-19 15:00:00,89.99294,132.22632999999996,273.1301040649414
8015,2020-08-19 16:00:00,89.99266,131.65339,273.1082534790039
8016,2020-08-19 17:00:00,89.9926,131.47064,273.12896728515625
8017,2020-08-19 18:00:00,89.99275,133.91102999999998,273.1557312011719
8018,2020-08-19 19:00:00,89.99299,139.13144999999997,273.18033599853516
8019,2020-08-19 20:00:00,89.99462,-145.02182,273.3003616333008
8020,2020-08-19 21:00:00,89.934,106.33888000000002,273.19058990478516
8021,2020-08-19 22:00:00,89.86382,106.15672,273.21749114990234
8022,2020-08-19 23:00:00,89.81652,105.19058000000001,273.2248992919922
8023,2020-08-20 00:00:00,89.75287,108.23937999999998,273.24855041503906
8024,2020-08-20 01:00:00,89.67473,109.16863999999998,273.31063079833984
8025,2020-08-20 02:00:00,89.60507,110.6651,273.322998046875
8026,2020-08-20 03:00:00,89.52829,107.58607999999998,273.3132553100586
8027,2020-08-20 04:00:00,89.45923,107.01628,273.0548629760742
8028,2020-08-20 05:00:00,89.4116,106.29233999999997,273.0810241699219
8029,2020-08-20 06:00:00,89.35414,107.48897,273.11720275878906
8030,2020-08-20 07:00:00,89.25732,107.34372000000002,273.12709045410156
8031,2020-08-20 08:00:00,89.17097,105.95765,273.12442779541016
8032,2020-08-20 09:00:00,89.07907,104.78820999999999,272.8481750488281
8033,2020-08-20 10:00:00,89.00614,104.01192000000003,272.841796875
8034,2020-08-20 11:00:00,88.98375,104.07738,272.8451385498047
8035,2020-08-20 12:00:00,88.91417,104.71355,272.82752990722656
8036,2020-08-20 13:00:00,88.81864,105.46206000000001,272.79261016845703
8037,2020-08-20 14:00:00,88.74292,106.10005999999998,272.73423767089844
8038,2020-08-20 15:00:00,88.69467,105.02058999999997,272.92311096191406
8039,2020-08-20 16:00:00,88.63395,104.36622999999997,272.95909881591797
8040,2020-08-20 17:00:00,88.56313,103.48568,272.98338317871094
8041,2020-08-20 18:00:00,88.51078,103.70420000000001,273.0055236816406
8042,2020-08-20 19:00:00,88.45067,104.33910000000003,273.01356506347656
8043,2020-08-20 20:00:00,88.39899,104.21821,273.01399993896484
8044,2020-08-20 21:00:00,88.29715,104.1044,273.14957427978516
8045,2020-08-20 22:00:00,88.19618,104.07524999999998,273.15767669677734
8046,2020-08-20 23:00:00,88.11451,104.2733,273.17633056640625
8047,2020-08-21 00:00:00,88.02829,104.3825,273.14038848876953
8048,2020-08-21 01:00:00,87.99457,104.36097999999998,273.1329803466797
8049,2020-08-21 02:00:00,87.94598,104.31047999999998,273.1176452636719
8050,2020-08-21 03:00:00,87.86181,104.21474,273.1233367919922
8051,2020-08-21 04:00:00,87.78735,104.55025999999998,273.13126373291016
8052,2020-08-21 05:00:00,87.71428,104.62207000000001,273.1514129638672
8053,2020-08-21 06:00:00,87.71439,104.53391999999997,273.1803283691406
8054,2020-08-21 07:00:00,87.71529,104.50878999999998,273.20450592041016
8055,2020-08-21 08:00:00,87.71622,104.48926,273.2343063354492
8056,2020-08-21 09:00:00,87.717,104.47285,273.2216110229492
8057,2020-08-21 10:00:00,87.71778,104.50178,273.2419128417969
8058,2020-08-21 11:00:00,87.71809,104.48187999999999,273.2175827026367
8059,2020-08-21 12:00:00,87.73935,104.25655999999998,273.179443359375
8060,2020-08-21 13:00:00,87.71683,104.34066000000001,273.1454772949219
8061,2020-08-21 14:00:00,87.71668,104.31378999999998,273.1339645385742
8062,2020-08-21 15:00:00,87.71664,104.28665999999998,273.13189697265625
8063,2020-08-21 16:00:00,87.71685,104.26150999999999,273.11441802978516
8064,2020-08-21 17:00:00,87.71732,104.24164000000002,273.0992736816406
8065,2020-08-21 18:00:00,87.71802,104.22775000000001,273.0987243652344
8066,2020-08-21 19:00:00,87.71888,104.22048999999998,273.1135711669922
8067,2020-08-21 20:00:00,87.7198,104.21949000000001,273.13672637939453
8068,2020-08-21 21:00:00,87.7207,104.22318999999999,273.12865447998047
8069,2020-08-21 22:00:00,87.72152,104.22865000000002,273.1335906982422
8070,2020-08-21 23:00:00,87.72227,104.23306000000002,273.1442565917969
8071,2020-08-22 00:00:00,87.723,104.23549000000003,273.1471633911133
8072,2020-08-22 01:00:00,87.72377,104.23658,273.1811065673828
8073,2020-08-22 02:00:00,87.72472,104.23730999999998,273.2054672241211
8074,2020-08-22 03:00:00,87.72598,104.24044000000004,273.24198150634766
8075,2020-08-22 04:00:00,87.72764,104.24757999999997,273.2991409301758
8076,2020-08-22 05:00:00,87.72974,104.26321000000002,273.3403549194336
8077,2020-08-22 06:00:00,87.73247,104.28820000000002,273.3609848022461
8078,2020-08-22 07:00:00,87.7357,104.32006000000001,273.37908935546875
8079,2020-08-22 08:00:00,87.73929,104.36554999999998,273.4230728149414
8080,2020-08-22 09:00:00,87.7433,104.41269,273.4747619628906
8081,2020-08-22 10:00:00,87.74712,104.46278999999998,273.51119232177734
8082,2020-08-22 11:00:00,87.75044,104.51585999999998,273.47521209716797
8083,2020-08-22 12:00:00,87.75327,104.57537000000002,273.4068374633789
8084,2020-08-22 13:00:00,87.7553,104.64143000000001,273.3959732055664
8085,2020-08-22 14:00:00,87.75641,104.71242000000001,273.40242767333984
8086,2020-08-22 15:00:00,87.75675,104.78728999999998,273.4004669189453
8087,2020-08-22 16:00:00,87.75637,104.86239,273.4307403564453
8088,2020-08-22 17:00:00,87.75545,104.93903999999998,273.4873809814453
8089,2020-08-22 18:00:00,87.75413,105.01315999999997,273.52892303466797
8090,2020-08-22 19:00:00,87.75246,105.08589,273.5455856323242
8091,2020-08-22 20:00:00,87.7504,105.16003,273.4906921386719
8092,2020-08-22 21:00:00,87.74785,105.22707000000003,273.25447845458984
8093,2020-08-22 22:00:00,87.74529,105.28654,272.66658782958984
8094,2020-08-22 23:00:00,87.74339,105.34005000000002,272.21582794189453
8095,2020-08-23 00:00:00,87.74232,105.39076999999997,272.27537536621094
8096,2020-08-23 01:00:00,87.74197,105.4339,272.43358612060547
8097,2020-08-23 02:00:00,87.74207,105.47041000000002,272.4844512939453
8098,2020-08-23 03:00:00,87.74278,105.51206000000002,272.4778137207031
8099,2020-08-23 04:00:00,87.74394,105.55685,272.46205139160156
8100,2020-08-23 05:00:00,87.74544,105.6089,272.43736267089844
8101,2020-08-23 06:00:00,87.74709,105.66953999999998,272.40230560302734
8102,2020-08-23 07:00:00,87.74902,105.73698999999999,272.3414535522461
8103,2020-08-23 08:00:00,87.75121,105.80701999999997,272.26937103271484
8104,2020-08-23 09:00:00,87.75361,105.8741,272.23201751708984
8105,2020-08-23 10:00:00,87.75606,105.94238000000001,272.2512969970703
8106,2020-08-23 11:00:00,87.75845,106.00468000000001,272.2478561401367
8107,2020-08-23 12:00:00,87.76077,106.05750999999998,272.20137786865234
8108,2020-08-23 13:00:00,87.76301,106.10215,272.13025665283203
8109,2020-08-23 14:00:00,87.76535,106.13709,272.00465393066406
8110,2020-08-23 15:00:00,87.76785,106.16372000000001,272.0398941040039
8111,2020-08-23 16:00:00,87.77044,106.18308000000002,272.1411361694336
8112,2020-08-23 17:00:00,87.77314,106.19900999999999,272.3484344482422
8113,2020-08-23 18:00:00,87.77586,106.21323000000001,272.53643798828125
8114,2020-08-23 19:00:00,87.77871,106.22543999999999,272.65657806396484
8115,2020-08-23 20:00:00,87.78177,106.23381999999998,272.7554016113281
8116,2020-08-23 21:00:00,87.78505,106.23837000000003,272.78145599365234
8117,2020-08-23 22:00:00,87.78861,106.24131,272.7852249145508
8118,2020-08-23 23:00:00,87.79242,106.23624999999998,272.9028625488281
8119,2020-08-24 00:00:00,87.79657,106.20965999999999,273.1364974975586
8120,2020-08-24 01:00:00,87.79969,106.16697999999997,273.0958023071289
8121,2020-08-24 02:00:00,87.80111,106.12670000000003,273.07447052001953
8122,2020-08-24 03:00:00,87.80114,106.08686999999998,273.1435546875
8123,2020-08-24 04:00:00,87.79979,106.04904999999997,273.31957244873047
8124,2020-08-24 05:00:00,87.79684,106.00731999999999,273.4416809082031
8125,2020-08-24 06:00:00,87.79329,105.96203000000003,273.40724182128906
8126,2020-08-24 07:00:00,87.78897,105.91847000000001,273.2898635864258
8127,2020-08-24 08:00:00,87.78436,105.86419999999998,273.1605224609375
8128,2020-08-24 09:00:00,87.78022,105.79718000000003,273.08760833740234
8129,2020-08-24 10:00:00,87.77627,105.76231000000001,273.0082702636719
8130,2020-08-24 11:00:00,87.773,105.70024000000001,272.83223724365234
8131,2020-08-24 12:00:00,87.77037,105.63362000000001,272.63257598876953
8132,2020-08-24 13:00:00,87.76816,105.55860999999999,272.45967864990234
8133,2020-08-24 14:00:00,87.76606,105.48685,272.3360366821289
8134,2020-08-24 15:00:00,87.76437,105.41809999999998,272.25333404541016
8135,2020-08-24 16:00:00,87.76319,105.35052000000002,272.1746063232422
8136,2020-08-24 17:00:00,87.76252,105.29826000000003,272.1026382446289
8137,2020-08-24 18:00:00,87.76251,105.25832000000003,272.01551818847656
8138,2020-08-24 19:00:00,87.76307,105.22523999999999,271.91371154785156
8139,2020-08-24 20:00:00,87.76403,105.19858999999997,271.80284881591797
8140,2020-08-24 21:00:00,87.76515,105.17822000000001,271.70426177978516
8141,2020-08-24 22:00:00,87.76624,105.15990999999997,271.6010208129883
8142,2020-08-24 23:00:00,87.76754,105.14210000000003,271.50567626953125
8143,2020-08-25 00:00:00,87.76919,105.12547999999998,271.4325408935547
8144,2020-08-25 01:00:00,87.77115,105.10246999999998,271.45094299316406
8145,2020-08-25 02:00:00,87.77285,105.06774000000001,271.5280303955078
8146,2020-08-25 03:00:00,87.77415,105.02089999999998,271.6832580566406
8147,2020-08-25 04:00:00,87.77507,104.96042,271.8311309814453
8148,2020-08-25 05:00:00,87.77595,104.88909000000001,272.03209686279297
8149,2020-08-25 06:00:00,87.77673,104.81144,272.2030792236328
8150,2020-08-25 07:00:00,87.77752,104.73676,272.3644561767578
8151,2020-08-25 08:00:00,87.77824,104.67939999999999,272.45897674560547
8152,2020-08-25 09:00:00,87.77869,104.62943999999999,272.5611801147461
8153,2020-08-25 10:00:00,87.77945,104.58611000000002,272.6198501586914
8154,2020-08-25 11:00:00,87.7804,104.54899999999998,272.66859436035156
8155,2020-08-25 12:00:00,87.78127,104.51128,272.7131881713867
8156,2020-08-25 13:00:00,87.78187,104.46716000000004,272.75144958496094
8157,2020-08-25 14:00:00,87.78229,104.41521,272.8204650878906
8158,2020-08-25 15:00:00,87.78274,104.35798999999997,272.8601531982422
8159,2020-08-25 16:00:00,87.78347,104.29991000000001,272.8721008300781
8160,2020-08-25 17:00:00,87.78463,104.24643000000003,272.88861083984375
8161,2020-08-25 18:00:00,87.78624,104.20258999999999,272.9619140625
8162,2020-08-25 19:00:00,87.78827,104.1696,273.1023406982422
8163,2020-08-25 20:00:00,87.79096,104.15213,273.22054290771484
8164,2020-08-25 21:00:00,87.79437,104.15260999999998,273.30389404296875
8165,2020-08-25 22:00:00,87.79813,104.15936999999997,273.3634033203125
8166,2020-08-25 23:00:00,87.80238,104.17831000000001,273.4395751953125
8167,2020-08-26 00:00:00,87.80734,104.21650999999997,273.3380432128906
8168,2020-08-26 01:00:00,87.81223,104.26776999999998,273.4615783691406
8169,2020-08-26 02:00:00,87.81675,104.33086000000003,273.6034927368164
8170,2020-08-26 03:00:00,87.82116,104.40960999999999,273.68116760253906
8171,2020-08-26 04:00:00,87.82496,104.50162,273.6326370239258
8172,2020-08-26 05:00:00,87.82823,104.60219999999998,273.43898010253906
8173,2020-08-26 06:00:00,87.83072,104.71109000000001,273.12073516845703
8174,2020-08-26 07:00:00,87.83236,104.81835999999998,272.23216247558594
8175,2020-08-26 08:00:00,87.83404,104.90908999999999,271.70040130615234
8176,2020-08-26 09:00:00,87.83655,104.98086,271.92076873779297
8177,2020-08-26 10:00:00,87.8405,105.04262,272.70066833496094
8178,2020-08-26 11:00:00,87.84582,105.10451999999998,273.3839645385742
8179,2020-08-26 12:00:00,87.85246,105.18268,273.66954040527344
8180,2020-08-26 13:00:00,87.86,105.29548999999997,273.6302947998047
8181,2020-08-26 14:00:00,87.8672,105.41820999999999,273.5752182006836
8182,2020-08-26 15:00:00,87.87347,105.54622999999998,273.4584503173828
8183,2020-08-26 16:00:00,87.87838,105.6762,273.4032287597656
8184,2020-08-26 17:00:00,87.88193,105.79910999999998,273.39029693603516
8185,2020-08-26 18:00:00,87.88531,105.91014999999999,273.39464569091797
8186,2020-08-26 19:00:00,87.88865,106.01234999999997,273.4234313964844
8187,2020-08-26 20:00:00,87.89225,106.11047000000002,273.4298858642578
8188,2020-08-26 21:00:00,87.89656,106.207,273.47742462158203
8189,2020-08-26 22:00:00,87.90161,106.30700000000002,273.56465911865234
8190,2020-08-26 23:00:00,87.90761,106.40841999999998,273.6586151123047
8191,2020-08-27 00:00:00,87.91408,106.51198,273.71134185791016
8192,2020-08-27 01:00:00,87.92056,106.61658999999997,273.71337127685547
8193,2020-08-27 02:00:00,87.92666,106.72384999999997,273.7341842651367
8194,2020-08-27 03:00:00,87.93197,106.84183999999999,273.721923828125
8195,2020-08-27 04:00:00,87.93624,106.97487000000001,273.7025146484375
8196,2020-08-27 05:00:00,87.93949,107.11185999999998,273.68798828125
8197,2020-08-27 06:00:00,87.94165,107.24333000000001,273.67479705810547
8198,2020-08-27 07:00:00,87.94322,107.35897999999997,273.6824188232422
8199,2020-08-27 08:00:00,87.94458,107.45414,273.6810302734375
8200,2020-08-27 09:00:00,87.94617,107.52780000000001,273.65760040283203
8201,2020-08-27 10:00:00,87.9484,107.58523000000002,273.6573944091797
8202,2020-08-27 11:00:00,87.95182,107.64902999999998,273.6573181152344
8203,2020-08-27 12:00:00,87.95639,107.71856000000002,273.65323638916016
8204,2020-08-27 13:00:00,87.96174,107.79550999999998,273.62823486328125
8205,2020-08-27 14:00:00,87.96726,107.87784999999997,273.6063461303711
8206,2020-08-27 15:00:00,87.97272,107.96217000000001,273.5923843383789
8207,2020-08-27 16:00:00,87.97766,108.05989999999997,273.5893783569336
8208,2020-08-27 17:00:00,87.98159,108.16863999999998,273.57544708251953
8209,2020-08-27 18:00:00,87.98432,108.27661,273.5492630004883
8210,2020-08-27 19:00:00,87.98613,108.35730999999998,273.52366638183594
8211,2020-08-27 20:00:00,87.98768,108.39629000000002,273.41516876220703
8212,2020-08-27 21:00:00,87.98966,108.39978000000002,273.28153228759766
8213,2020-08-27 22:00:00,87.99294,108.40386999999998,273.2737503051758
8214,2020-08-27 23:00:00,87.99748,108.41305999999997,273.29383850097656
8215,2020-08-28 00:00:00,88.00277,108.43034,273.28517150878906
8216,2020-08-28 01:00:00,88.00825,108.45841999999999,273.25526428222656
8217,2020-08-28 02:00:00,88.01362,108.50061,273.3141403198242
8218,2020-08-28 03:00:00,88.01852,108.55444,273.3976745605469
8219,2020-08-28 04:00:00,88.02265,108.62065000000001,273.5140838623047
8220,2020-08-28 05:00:00,88.02579,108.69430999999997,273.567138671875
8221,2020-08-28 06:00:00,88.0282,108.76134000000002,273.5666275024414
8222,2020-08-28 07:00:00,88.03013,108.81344000000001,273.5337448120117
8223,2020-08-28 08:00:00,88.03164,108.84995000000004,273.5182418823242
8224,2020-08-28 09:00:00,88.03346,108.87014999999997,273.51676177978516
8225,2020-08-28 10:00:00,88.03592,108.88288,273.4877166748047
8226,2020-08-28 11:00:00,88.03888,108.89315999999997,273.4729232788086
8227,2020-08-28 12:00:00,88.04221,108.90667000000002,273.4611358642578
8228,2020-08-28 13:00:00,88.04601,108.92120999999997,273.44981384277344
8229,2020-08-28 14:00:00,88.04988,108.94109000000003,273.4338836669922
8230,2020-08-28 15:00:00,88.05341,108.97627,273.42330169677734
8231,2020-08-28 16:00:00,88.05624,109.01538,273.41111755371094
8232,2020-08-28 17:00:00,88.05845,109.05478,273.408935546875
8233,2020-08-28 18:00:00,88.06002,109.08745999999996,273.4003677368164
8234,2020-08-28 19:00:00,88.06137,109.10856000000001,273.4096984863281
8235,2020-08-28 20:00:00,88.06253,109.11577,273.44005584716797
8236,2020-08-28 21:00:00,88.0642,109.11288000000002,273.46177673339844
8237,2020-08-28 22:00:00,88.06643,109.10849000000002,273.48458099365234
8238,2020-08-28 23:00:00,88.06944,109.10323,273.51263427734375
8239,2020-08-29 00:00:00,88.07319,109.10163999999997,273.5507354736328
8240,2020-08-29 01:00:00,88.0775,109.10591,273.5595474243164
8241,2020-08-29 02:00:00,88.082,109.12329,273.53934478759766
8242,2020-08-29 03:00:00,88.08639,109.15795000000003,273.50890350341797
8243,2020-08-29 04:00:00,88.09043,109.20919000000004,273.4815216064453
8244,2020-08-29 05:00:00,88.09394,109.27091999999999,273.46482849121094
8245,2020-08-29 06:00:00,88.09706,109.33258999999998,273.4544448852539
8246,2020-08-29 07:00:00,88.09989,109.38855000000001,273.4538345336914
8247,2020-08-29 08:00:00,88.1027,109.43344000000002,273.4486770629883
8248,2020-08-29 09:00:00,88.1057,109.46425999999997,273.4560089111328
8249,2020-08-29 10:00:00,88.10929,109.48536999999999,273.4734420776367
8250,2020-08-29 11:00:00,88.11375,109.49770999999998,273.50689697265625
8251,2020-08-29 12:00:00,88.11901,109.51107000000002,273.53553009033203
8252,2020-08-29 13:00:00,88.12482,109.53478999999999,273.5408630371094
8253,2020-08-29 14:00:00,88.13083,109.57788,273.5149612426758
8254,2020-08-29 15:00:00,88.13679,109.64625000000001,273.4660110473633
8255,2020-08-29 16:00:00,88.14241,109.74133999999998,273.4162902832031
8256,2020-08-29 17:00:00,88.14713,109.85660000000001,273.3495559692383
8257,2020-08-29 18:00:00,88.15093,109.97504000000004,273.30169677734375
8258,2020-08-29 19:00:00,88.15426,110.09174999999999,273.2267150878906
8259,2020-08-29 20:00:00,88.15737,110.20184,273.12325286865234
8260,2020-08-29 21:00:00,88.16067,110.29750999999999,273.0421447753906
8261,2020-08-29 22:00:00,88.1643,110.38495,272.9688415527344
8262,2020-08-29 23:00:00,88.16866,110.47195999999997,272.9442672729492
8263,2020-08-30 00:00:00,88.17377,110.5711,273.0238952636719
8264,2020-08-30 01:00:00,88.17966,110.67854999999997,273.00687408447266
8265,2020-08-30 02:00:00,88.18622,110.79084,272.88470458984375
8266,2020-08-30 03:00:00,88.19315,110.91447,272.7666778564453
8267,2020-08-30 04:00:00,88.19986,111.06642,272.7004699707031
8268,2020-08-30 05:00:00,88.20609,111.24723,272.60662841796875
8269,2020-08-30 06:00:00,88.21156,111.44779,272.45445251464844
8270,2020-08-30 07:00:00,88.21599,111.64940000000001,272.1095275878906
8271,2020-08-30 08:00:00,88.21972,111.83119999999997,271.7524108886719
8272,2020-08-30 09:00:00,88.22307,111.99432999999999,271.54595947265625
8273,2020-08-30 10:00:00,88.22624,112.13256000000001,271.46131896972656
8274,2020-08-30 11:00:00,88.22946,112.24232999999998,271.3501205444336
8275,2020-08-30 12:00:00,88.23308,112.34962999999999,271.27760314941406
8276,2020-08-30 13:00:00,88.23716,112.46068000000002,271.3728713989258
8277,2020-08-30 14:00:00,88.24148,112.57406000000003,271.48384857177734
8278,2020-08-30 15:00:00,88.24608,112.67758000000003,271.5972213745117
8279,2020-08-30 16:00:00,88.25047,112.79266000000001,271.70355224609375
8280,2020-08-30 17:00:00,88.25421,112.92644999999999,271.8163146972656
8281,2020-08-30 18:00:00,88.2573,113.0686,271.9003448486328
8282,2020-08-30 19:00:00,88.25988,113.20400999999998,271.87374114990234
8283,2020-08-30 20:00:00,88.26202,113.31734,271.7717514038086
8284,2020-08-30 21:00:00,88.26376,113.41050999999999,271.6934814453125
8285,2020-08-30 22:00:00,88.26529,113.48004000000003,271.6283645629883
8286,2020-08-30 23:00:00,88.26705,113.52332999999999,271.5668487548828
8287,2020-08-31 00:00:00,88.26913,113.55122,271.5568161010742
8288,2020-08-31 01:00:00,88.27186,113.57119999999998,271.58953857421875
8289,2020-08-31 02:00:00,88.27526,113.59676999999999,271.63108825683594
8290,2020-08-31 03:00:00,88.27876,113.63806999999997,271.7188415527344
8291,2020-08-31 04:00:00,88.28206,113.69969000000003,271.83187103271484
8292,2020-08-31 05:00:00,88.28489,113.77751,271.9009552001953
8293,2020-08-31 06:00:00,88.28717,113.86685,271.8805618286133
8294,2020-08-31 07:00:00,88.28885,113.95202,271.8485641479492
8295,2020-08-31 08:00:00,88.29019,114.02375,271.7666778564453
8296,2020-08-31 09:00:00,88.29145,114.07918999999998,271.65941619873047
8297,2020-08-31 10:00:00,88.29284,114.11329999999998,271.55115509033203
8298,2020-08-31 11:00:00,88.29445,114.12997999999999,271.4884567260742
8299,2020-08-31 12:00:00,88.29667,114.13886000000002,271.4676818847656
8300,2020-08-31 13:00:00,88.29953,114.14805000000001,271.47757720947266
8301,2020-08-31 14:00:00,88.30297,114.15993000000003,271.50425720214844
8302,2020-08-31 15:00:00,88.30672,114.18606,271.54017639160156
8303,2020-08-31 16:00:00,88.31032,114.2328,271.5506057739258
8304,2020-08-31 17:00:00,88.31358,114.29579000000001,271.56565856933594
8305,2020-08-31 18:00:00,88.31646,114.36745000000002,271.6288757324219
8306,2020-08-31 19:00:00,88.31886,114.44049000000001,271.68695068359375
8307,2020-08-31 20:00:00,88.32091,114.50565,271.77295684814453
8308,2020-08-31 21:00:00,88.32281,114.5618,271.85929107666016
8309,2020-08-31 22:00:00,88.32465,114.60870999999997,271.97908782958984
8310,2020-08-31 23:00:00,88.32663,114.64803,272.1001281738281
8311,2020-09-01 00:00:00,88.32875,114.67739,272.18223571777344
8312,2020-09-01 01:00:00,88.33132,114.71228000000002,272.22879791259766
8313,2020-09-01 02:00:00,88.33369,114.76436999999999,272.27333068847656
8314,2020-09-01 03:00:00,88.33619,114.82049999999998,272.3119201660156
8315,2020-09-01 04:00:00,88.33868,114.88522,272.3645706176758
8316,2020-09-01 05:00:00,88.34108,114.96253000000002,272.42921447753906
8317,2020-09-01 06:00:00,88.34345,115.06079999999997,272.50736236572266
8318,2020-09-01 07:00:00,88.34582,115.19272000000001,272.57544708251953
8319,2020-09-01 08:00:00,88.34819,115.32961999999998,272.5986557006836
8320,2020-09-01 09:00:00,88.35039,115.46622000000002,272.55564880371094
8321,2020-09-01 10:00:00,88.35257,115.58419000000004,272.4957275390625
8322,2020-09-01 11:00:00,88.3553,115.69459999999998,272.3681945800781
8323,2020-09-01 12:00:00,88.35826,115.81083000000001,272.24303436279297
8324,2020-09-01 13:00:00,88.36155,115.91665999999998,272.2244110107422
8325,2020-09-01 14:00:00,88.36497,116.01164,272.2878723144531
8326,2020-09-01 15:00:00,88.36887,116.11685999999997,272.3034362792969
8327,2020-09-01 16:00:00,88.37221,116.20879000000002,272.3850860595703
8328,2020-09-01 17:00:00,88.37608,116.32826,272.4258499145508
8329,2020-09-01 18:00:00,88.37955,116.46383000000003,272.3837356567383
8330,2020-09-01 19:00:00,88.3826,116.59546999999998,272.31292724609375
8331,2020-09-01 20:00:00,88.38525,116.71100000000001,272.2224884033203
8332,2020-09-01 21:00:00,88.38768,116.81100000000004,272.10604095458984
8333,2020-09-01 22:00:00,88.3901,116.88243,271.97596740722656
8334,2020-09-01 23:00:00,88.39286,116.93543,271.8689727783203
8335,2020-09-02 00:00:00,88.39591,116.97491000000002,271.8834915161133
8336,2020-09-02 01:00:00,88.39946,117.00684999999999,271.9933395385742
8337,2020-09-02 02:00:00,88.40353,117.03976,272.1402587890625
8338,2020-09-02 03:00:00,88.40808,117.08235000000002,272.2317123413086
8339,2020-09-02 04:00:00,88.41296,117.14283999999998,272.29271697998047
8340,2020-09-02 05:00:00,88.41786,117.22145999999998,272.3253173828125
8341,2020-09-02 06:00:00,88.42256,117.31322999999998,272.27171325683594
8342,2020-09-02 07:00:00,88.42696,117.40929,272.1138610839844
8343,2020-09-02 08:00:00,88.43108,117.50359000000003,272.0030288696289
8344,2020-09-02 09:00:00,88.43502,117.59305999999998,271.97286224365234
8345,2020-09-02 10:00:00,88.43886,117.67142999999999,271.9563522338867
8346,2020-09-02 11:00:00,88.44293,117.73969,271.9054489135742
8347,2020-09-02 12:00:00,88.44752,117.80079999999998,271.5099334716797
8348,2020-09-02 13:00:00,88.45275,117.86522000000002,271.3150329589844
8349,2020-09-02 14:00:00,88.45858,117.94427999999999,271.5238494873047
8350,2020-09-02 15:00:00,88.46467,118.04604999999998,271.6494598388672
8351,2020-09-02 16:00:00,88.47083,118.17295000000001,271.56742095947266
8352,2020-09-02 17:00:00,88.47666,118.31385,271.439453125
8353,2020-09-02 18:00:00,88.48246,118.45893000000001,271.45250701904297
8354,2020-09-02 19:00:00,88.488,118.59595000000002,271.4889144897461
8355,2020-09-02 20:00:00,88.49352,118.70781999999997,271.3175506591797
8356,2020-09-02 21:00:00,88.4991,118.78836000000001,270.9470977783203
8357,2020-09-02 22:00:00,88.50524,118.85039999999998,270.8831558227539
8358,2020-09-02 23:00:00,88.51183,118.91047000000003,270.8892593383789
8359,2020-09-03 00:00:00,88.51871,118.96694000000002,270.85816955566406
8360,2020-09-03 01:00:00,88.52593,119.03267,270.6740264892578
8361,2020-09-03 02:00:00,88.53332,119.11743000000001,270.29283905029297
8362,2020-09-03 03:00:00,88.54084,119.22132999999997,270.036376953125
8363,2020-09-03 04:00:00,88.54827,119.35072000000002,269.829345703125
8364,2020-09-03 05:00:00,88.55549,119.49653999999998,269.62652587890625
8365,2020-09-03 06:00:00,88.5623,119.64078,269.4960403442383
8366,2020-09-03 07:00:00,88.56887,119.77715,269.3986511230469
8367,2020-09-03 08:00:00,88.5751,119.89148,269.29957580566406
8368,2020-09-03 09:00:00,88.58102,119.98113999999998,269.4610061645508
8369,2020-09-03 10:00:00,88.58709,120.03913,269.40709686279297
8370,2020-09-03 11:00:00,88.59342,120.07267000000002,269.41417694091797
8371,2020-09-03 12:00:00,88.60015,120.09706,269.45021057128906
8372,2020-09-03 13:00:00,88.60721,120.12365,269.5117492675781
8373,2020-09-03 14:00:00,88.61453,120.14477999999997,269.51639556884766
8374,2020-09-03 15:00:00,88.62188,120.17533000000003,269.57875061035156
8375,2020-09-03 16:00:00,88.62937,120.22248000000002,269.5963439941406
8376,2020-09-03 17:00:00,88.63706,120.29779000000002,269.5673065185547
8377,2020-09-03 18:00:00,88.64451,120.39776,269.65213775634766
8378,2020-09-03 19:00:00,88.6513,120.49760000000003,269.6581115722656
8379,2020-09-03 20:00:00,88.65734,120.58100000000002,269.68058013916016
8380,2020-09-03 21:00:00,88.66272,120.63866000000002,269.7777557373047
8381,2020-09-03 22:00:00,88.66749,120.67201999999997,269.8811721801758
8382,2020-09-03 23:00:00,88.67175,120.66916000000003,269.98362731933594
8383,2020-09-04 00:00:00,88.67609,120.6329,269.9010696411133
8384,2020-09-04 01:00:00,88.68066,120.59244000000001,269.9896469116211
8385,2020-09-04 02:00:00,88.68549,120.57173999999998,270.0555648803711
8386,2020-09-04 03:00:00,88.69084,120.58388000000002,270.1278839111328
8387,2020-09-04 04:00:00,88.69605,120.62946,270.2108917236328
8388,2020-09-04 05:00:00,88.7008,120.70137,270.2688903808594
8389,2020-09-04 06:00:00,88.70449,120.77078,270.31139373779297
8390,2020-09-04 07:00:00,88.70789,120.82083,270.35394287109375
8391,2020-09-04 08:00:00,88.7113,120.83582999999999,270.4368438720703
8392,2020-09-04 09:00:00,88.71454,120.82607999999999,270.4631576538086
8393,2020-09-04 10:00:00,88.71806,120.77854000000002,270.44281005859375
8394,2020-09-04 11:00:00,88.72157,120.70589000000001,270.3698501586914
8395,2020-09-04 12:00:00,88.72504,120.62056000000001,270.2710876464844
8396,2020-09-04 13:00:00,88.72873,120.52317,270.23858642578125
8397,2020-09-04 14:00:00,88.73262,120.43176,270.2204818725586
8398,2020-09-04 15:00:00,88.73651,120.35541999999998,270.1378936767578
8399,2020-09-04 16:00:00,88.74022,120.28359999999998,270.12039947509766
8400,2020-09-04 17:00:00,88.74353,120.22091999999998,270.1046371459961
8401,2020-09-04 18:00:00,88.74603,120.16865000000001,270.0782012939453
8402,2020-09-04 19:00:00,88.74761,120.10280999999998,269.9664840698242
8403,2020-09-04 20:00:00,88.74853,120.02408000000003,269.7165985107422
8404,2020-09-04 21:00:00,88.74891,119.93581,269.6422805786133
8405,2020-09-04 22:00:00,88.74901,119.84273000000002,269.6166763305664
8406,2020-09-04 23:00:00,88.74899,119.74270999999999,269.4075622558594
8407,2020-09-05 00:00:00,88.74902,119.64677,269.2495880126953
8408,2020-09-05 01:00:00,88.74925,119.56513000000001,269.1934585571289
8409,2020-09-05 02:00:00,88.74962,119.50722000000002,269.0709228515625
8410,2020-09-05 03:00:00,88.75,119.47028999999998,268.77610778808594
8411,2020-09-05 04:00:00,88.75025,119.45657,268.41402435302734
8412,2020-09-05 05:00:00,88.75029,119.46868,268.1190872192383
8413,2020-09-05 06:00:00,88.74989,119.48719,268.0442428588867
8414,2020-09-05 07:00:00,88.74913,119.50341000000003,267.8834533691406
8415,2020-09-05 08:00:00,88.74815,119.49793,267.9365768432617
8416,2020-09-05 09:00:00,88.74719,119.46129000000002,267.69742584228516
8417,2020-09-05 10:00:00,88.74657,119.40391,267.24542236328125
8418,2020-09-05 11:00:00,88.74638,119.33690999999999,266.8867721557617
8419,2020-09-05 12:00:00,88.7463,119.27233999999999,266.73267364501953
8420,2020-09-05 13:00:00,88.74596,119.26027999999997,266.5113525390625
8421,2020-09-05 14:00:00,88.74518,119.25742000000002,266.4714050292969
8422,2020-09-05 15:00:00,88.74404,119.26058,266.67425537109375
8423,2020-09-05 16:00:00,88.74267,119.27168,266.81494140625
8424,2020-09-05 17:00:00,88.74117,119.28336000000002,266.90052795410156
8425,2020-09-05 18:00:00,88.73948,119.27926000000002,266.9991149902344
8426,2020-09-05 19:00:00,88.7378,119.26445000000001,267.0281524658203
8427,2020-09-05 20:00:00,88.73605,119.23378000000002,266.9759216308594
8428,2020-09-05 21:00:00,88.73433,119.19589000000002,266.931640625
8429,2020-09-05 22:00:00,88.73309,119.16577999999998,267.10011291503906
8430,2020-09-05 23:00:00,88.73256,119.12278000000003,267.2637710571289
8431,2020-09-06 00:00:00,88.73269,119.05578000000003,267.2769546508789
8432,2020-09-06 01:00:00,88.7333,118.97789,267.33897399902344
8433,2020-09-06 02:00:00,88.73434,118.89522,267.2610778808594
8434,2020-09-06 03:00:00,88.73552,118.82457,267.1756896972656
8435,2020-09-06 04:00:00,88.73677,118.77954999999997,267.0799865722656
8436,2020-09-06 05:00:00,88.73807,118.73795000000001,266.92957305908203
8437,2020-09-06 06:00:00,88.73917,118.68923000000001,266.7723922729492
8438,2020-09-06 07:00:00,88.73999,118.62058000000002,266.6942138671875
8439,2020-09-06 08:00:00,88.74044,118.50526000000002,266.61002349853516
8440,2020-09-06 09:00:00,88.741,118.34836999999999,266.607177734375
8441,2020-09-06 10:00:00,88.74219,118.14116000000001,266.5002975463867
8442,2020-09-06 11:00:00,88.74386,117.89387999999997,266.49391174316406
8443,2020-09-06 12:00:00,88.74627,117.62439999999998,266.5631790161133
8444,2020-09-06 13:00:00,88.74967,117.34253000000001,266.6928939819336
8445,2020-09-06 14:00:00,88.75328,117.00405999999998,266.9264602661133
8446,2020-09-06 15:00:00,88.75654,116.63590999999997,267.11901092529297
8447,2020-09-06 16:00:00,88.75933,116.25876,267.28116607666016
8448,2020-09-06 17:00:00,88.76127,115.88828000000001,267.40232849121094
8449,2020-09-06 18:00:00,88.76159,115.52843999999999,267.4680862426758
8450,2020-09-06 19:00:00,88.76019,115.15807000000001,267.47596740722656
8451,2020-09-06 20:00:00,88.75734,114.77109999999999,267.44510650634766
8452,2020-09-06 21:00:00,88.75351,114.36811,267.3195114135742
8453,2020-09-06 22:00:00,88.74891,113.93772000000001,267.0667190551758
8454,2020-09-06 23:00:00,88.74443,113.50512000000003,267.0473403930664
8455,2020-09-07 00:00:00,88.74055,113.11873000000003,266.97340393066406
8456,2020-09-07 01:00:00,88.73669,112.75893000000002,266.8112335205078
8457,2020-09-07 02:00:00,88.73367,112.47755000000001,266.4892883300781
8458,2020-09-07 03:00:00,88.73107,112.29071999999996,265.95623779296875
8459,2020-09-07 04:00:00,88.72803,112.15908000000002,265.1987533569336
8460,2020-09-07 05:00:00,88.72466,112.08622000000003,264.9977111816406
8461,2020-09-07 06:00:00,88.72049,112.04368,265.13973236083984
8462,2020-09-07 07:00:00,88.71564,112.02269999999999,265.20697021484375
8463,2020-09-07 08:00:00,88.71015,112.00423999999998,265.17122650146484
8464,2020-09-07 09:00:00,88.70444,111.97048000000001,264.92726135253906
8465,2020-09-07 10:00:00,88.69899,111.90466000000004,264.77455139160156
8466,2020-09-07 11:00:00,88.69437,111.81225999999998,264.78101348876953
8467,2020-09-07 12:00:00,88.691,111.70619999999997,265.20487213134766
8468,2020-09-07 13:00:00,88.68883,111.60471000000001,265.62003326416016
8469,2020-09-07 14:00:00,88.68749,111.53544999999997,265.5400161743164
8470,2020-09-07 15:00:00,88.68659,111.53208999999998,265.676025390625
8471,2020-09-07 16:00:00,88.68591,111.57506000000001,265.9387435913086
8472,2020-09-07 17:00:00,88.68494,111.63707999999997,265.88536834716797
8473,2020-09-07 18:00:00,88.68384,111.72309000000001,265.733642578125
8474,2020-09-07 19:00:00,88.68232,111.82541000000003,265.79715728759766
8475,2020-09-07 20:00:00,88.68034,111.92329000000001,265.79012298583984
8476,2020-09-07 21:00:00,88.67809,112.00188000000003,265.7736511230469
8477,2020-09-07 22:00:00,88.67589,112.05183999999997,265.63277435302734
8478,2020-09-07 23:00:00,88.67407,112.06981999999999,265.49188232421875
8479,2020-09-08 00:00:00,88.67302,112.07157000000001,265.3365936279297
8480,2020-09-08 01:00:00,88.67273,112.08260000000001,265.15860748291016
8481,2020-09-08 02:00:00,88.67322,112.11005999999998,265.18285369873047
8482,2020-09-08 03:00:00,88.67413,112.16665,265.3492202758789
8483,2020-09-08 04:00:00,88.6752,112.23914000000002,265.4638366699219
8484,2020-09-08 05:00:00,88.67612,112.34950000000003,265.22570037841797
8485,2020-09-08 06:00:00,88.67634,112.49680000000001,264.62867736816406
8486,2020-09-08 07:00:00,88.67612,112.64551,264.0481491088867
8487,2020-09-08 08:00:00,88.6757,112.77585999999997,263.5747756958008
8488,2020-09-08 09:00:00,88.67533,112.87063,263.4482116699219
8489,2020-09-08 10:00:00,88.67574,112.92286999999999,263.4209442138672
8490,2020-09-08 11:00:00,88.67734,112.94780000000003,263.4075927734375
8491,2020-09-08 12:00:00,88.67969,112.95564999999999,263.48157501220703
8492,2020-09-08 13:00:00,88.68296,112.96012999999999,263.6211395263672
8493,2020-09-08 14:00:00,88.68671,112.98876000000001,263.74861907958984
8494,2020-09-08 15:00:00,88.69101,113.05469,263.86177825927734
8495,2020-09-08 16:00:00,88.69511,113.17102999999997,263.9362258911133
8496,2020-09-08 17:00:00,88.69908,113.32008000000002,263.9601593017578
8497,2020-09-08 18:00:00,88.70228,113.48199,263.95079040527344
8498,2020-09-08 19:00:00,88.70449,113.61930999999998,263.93756103515625
8499,2020-09-08 20:00:00,88.70627,113.69824,263.93087005615234
8500,2020-09-08 21:00:00,88.70775,113.72104000000002,263.9279251098633
8501,2020-09-08 22:00:00,88.70922,113.68813,263.93277740478516
8502,2020-09-08 23:00:00,88.71103,113.59980999999999,263.95330810546875
8503,2020-09-09 00:00:00,88.71345,113.47244,263.99822998046875
8504,2020-09-09 01:00:00,88.71675,113.33164999999997,264.0704879760742
8505,2020-09-09 02:00:00,88.72067,113.19247000000001,264.15657806396484
8506,2020-09-09 03:00:00,88.7246,113.05959999999999,264.23889923095703
8507,2020-09-09 04:00:00,88.72783,112.93329,264.30460357666016
8508,2020-09-09 05:00:00,88.73034,112.81268,264.3703308105469
8509,2020-09-09 06:00:00,88.7314,112.67698999999999,264.4363021850586
8510,2020-09-09 07:00:00,88.731,112.50993,264.5106430053711
8511,2020-09-09 08:00:00,88.7295,112.29921999999999,264.58038330078125
8512,2020-09-09 09:00:00,88.72759,112.04674999999997,264.6440200805664
8513,2020-09-09 10:00:00,88.72582,111.73779000000002,264.57240295410156
8514,2020-09-09 11:00:00,88.72439,111.37977000000001,264.0725555419922
8515,2020-09-09 12:00:00,88.72351,111.01222000000001,263.6396713256836
8516,2020-09-09 13:00:00,88.72346,110.65503999999999,263.7585906982422
8517,2020-09-09 14:00:00,88.72389,110.34942999999998,264.33829498291016
8518,2020-09-09 15:00:00,88.72434,110.12110999999999,264.9575424194336
8519,2020-09-09 16:00:00,88.72407,109.98034999999999,265.57276916503906
8520,2020-09-09 17:00:00,88.72303,109.94130000000001,265.9964828491211
8521,2020-09-09 18:00:00,88.72139,109.90426000000002,266.02745819091797
8522,2020-09-09 19:00:00,88.71913,109.82589999999999,266.1735382080078
8523,2020-09-09 20:00:00,88.71642,109.69259999999997,266.28294372558594
8524,2020-09-09 21:00:00,88.7137,109.48770000000002,266.24791717529297
8525,2020-09-09 22:00:00,88.71155,109.23124999999999,266.06102752685547
8526,2020-09-09 23:00:00,88.71015,108.93592000000001,265.8656997680664
8527,2020-09-10 00:00:00,88.70964,108.61243999999999,265.8586196899414
8528,2020-09-10 01:00:00,88.70975,108.30488000000003,265.7806854248047
8529,2020-09-10 02:00:00,88.71039,108.05727999999999,265.53002166748047
8530,2020-09-10 03:00:00,88.71149,107.86433999999997,265.0661849975586
8531,2020-09-10 04:00:00,88.71258,107.71668,264.56385803222656
8532,2020-09-10 05:00:00,88.71309,107.61624,264.1688537597656
8533,2020-09-10 06:00:00,88.71294,107.52933000000002,263.77295684814453
8534,2020-09-10 07:00:00,88.7121,107.44038,263.4163818359375
8535,2020-09-10 08:00:00,88.71078,107.34487999999999,263.1125717163086
8536,2020-09-10 09:00:00,88.70923,107.23430000000002,262.8441696166992
8537,2020-09-10 10:00:00,88.70795,107.10585000000003,262.65061950683594
8538,2020-09-10 11:00:00,88.70723,106.96179000000001,262.53819274902344
8539,2020-09-10 12:00:00,88.70723,106.81034,262.4263153076172
8540,2020-09-10 13:00:00,88.70788,106.66579999999999,262.3404006958008
8541,2020-09-10 14:00:00,88.7091,106.52422999999999,262.21646881103516
8542,2020-09-10 15:00:00,88.71075,106.42290000000003,262.099365234375
8543,2020-09-10 16:00:00,88.71253,106.34717,262.0196228027344
8544,2020-09-10 17:00:00,88.71402,106.28994,261.97818756103516
8545,2020-09-10 18:00:00,88.71511,106.23702000000003,261.91442108154297
8546,2020-09-10 19:00:00,88.71546,106.17485999999997,261.7950210571289
8547,2020-09-10 20:00:00,88.71539,106.09057999999999,261.6625671386719
8548,2020-09-10 21:00:00,88.71534,105.97041999999999,261.5544891357422
8549,2020-09-10 22:00:00,88.71567,105.80367999999999,261.4737319946289
8550,2020-09-10 23:00:00,88.71669,105.60726,261.40868377685547
8551,2020-09-11 00:00:00,88.71853,105.40096,262.02286529541016
8552,2020-09-11 01:00:00,88.72141,105.19276000000002,261.9791259765625
8553,2020-09-11 02:00:00,88.72516,105.00155999999998,262.0136260986328
8554,2020-09-11 03:00:00,88.72919,104.84870999999998,262.0807647705078
8555,2020-09-11 04:00:00,88.73287,104.74905000000001,262.14310455322266
8556,2020-09-11 05:00:00,88.73594,104.67633999999998,262.2671203613281
8557,2020-09-11 06:00:00,88.73829,104.61446000000001,262.3126983642578
8558,2020-09-11 07:00:00,88.7399,104.54721999999998,262.2333755493164
8559,2020-09-11 08:00:00,88.74083,104.45551999999998,262.1724853515625
8560,2020-09-11 09:00:00,88.74146,104.32339000000002,262.02823638916016
8561,2020-09-11 10:00:00,88.74235,104.1506,261.8707275390625
8562,2020-09-11 11:00:00,88.74389,103.95269000000002,261.8906478881836
8563,2020-09-11 12:00:00,88.74623,103.75139000000001,262.11560821533203
8564,2020-09-11 13:00:00,88.7492,103.56565999999998,262.3662109375
8565,2020-09-11 14:00:00,88.75253,103.40708999999998,262.52657318115234
8566,2020-09-11 15:00:00,88.75588,103.28276,262.6730651855469
8567,2020-09-11 16:00:00,88.75879,103.19738999999998,262.8321533203125
8568,2020-09-11 17:00:00,88.7608,103.14130999999998,263.0777053833008
8569,2020-09-11 18:00:00,88.76177,103.09708,263.31446838378906
8570,2020-09-11 19:00:00,88.76182,103.04480000000001,263.49908447265625
8571,2020-09-11 20:00:00,88.76119,102.96488,263.6472702026367
8572,2020-09-11 21:00:00,88.76037,102.84685000000002,263.7832565307617
8573,2020-09-11 22:00:00,88.75978,102.6891,263.9249954223633
8574,2020-09-11 23:00:00,88.75986,102.50027,264.03948974609375
8575,2020-09-12 00:00:00,88.76078,102.29439000000002,264.1378479003906
8576,2020-09-12 01:00:00,88.76253,102.09271999999999,264.2021484375
8577,2020-09-12 02:00:00,88.76477,101.91552999999999,264.2429962158203
8578,2020-09-12 03:00:00,88.76704,101.78005000000002,264.2957763671875
8579,2020-09-12 04:00:00,88.76922,101.68830000000003,264.33482360839844
8580,2020-09-12 05:00:00,88.77089,101.62718999999998,264.34767150878906
8581,2020-09-12 06:00:00,88.77188,101.57952,264.37086486816406
8582,2020-09-12 07:00:00,88.77218,101.52654999999999,264.3794937133789
8583,2020-09-12 08:00:00,88.77196,101.45218999999997,264.3412399291992
8584,2020-09-12 09:00:00,88.77154,101.34653000000003,264.3169250488281
8585,2020-09-12 10:00:00,88.77137,101.20772,264.31520080566406
8586,2020-09-12 11:00:00,88.77184,101.04305999999997,264.3010940551758
8587,2020-09-12 12:00:00,88.77324,100.86106999999998,264.3122863769531
8588,2020-09-12 13:00:00,88.7755,100.68209999999999,264.37366485595703
8589,2020-09-12 14:00:00,88.77852,100.53280999999998,264.45264434814453
8590,2020-09-12 15:00:00,88.78185,100.42182000000003,264.5044708251953
8591,2020-09-12 16:00:00,88.78509,100.35253,264.5492172241211
8592,2020-09-12 17:00:00,88.78797,100.31785000000002,264.58463287353516
8593,2020-09-12 18:00:00,88.79028,100.30129,264.63326263427734
8594,2020-09-12 19:00:00,88.79195,100.27600000000001,264.70814514160156
8595,2020-09-12 20:00:00,88.79318,100.21870000000001,264.7925033569336
8596,2020-09-12 21:00:00,88.79434,100.11427000000003,264.9072952270508
8597,2020-09-12 22:00:00,88.79588,99.95938000000001,265.07623291015625
8598,2020-09-12 23:00:00,88.79823,99.75913000000003,265.2588653564453
8599,2020-09-13 00:00:00,88.80173,99.52109999999999,265.43946075439453
8600,2020-09-13 01:00:00,88.80672,99.26782000000003,265.6211929321289
8601,2020-09-13 02:00:00,88.81291,99.02661,265.8033676147461
8602,2020-09-13 03:00:00,88.81976,98.80439999999999,266.0501251220703
8603,2020-09-13 04:00:00,88.82684,98.60822999999999,266.4310302734375
8604,2020-09-13 05:00:00,88.83396,98.41832999999997,266.7748336791992
8605,2020-09-13 06:00:00,88.84101,98.22692,267.13831329345703
8606,2020-09-13 07:00:00,88.84757,97.99829999999997,267.5442886352539
8607,2020-09-13 08:00:00,88.85362,97.70772,268.017578125
8608,2020-09-13 09:00:00,88.85959,97.33596,268.5847702026367
8609,2020-09-13 10:00:00,88.866,96.88977,269.1854248046875
8610,2020-09-13 11:00:00,88.87504,96.42631,269.6246795654297
8611,2020-09-13 12:00:00,88.88692,96.06687999999997,270.01461029052734
8612,2020-09-13 13:00:00,88.89938,95.84024,270.5120086669922
8613,2020-09-13 14:00:00,88.91137,95.75513999999998,271.1204147338867
8614,2020-09-13 15:00:00,88.92211,95.80020999999999,271.63133239746094
8615,2020-09-13 16:00:00,88.9308,95.95861000000002,272.0001678466797
8616,2020-09-13 17:00:00,88.93702,96.17052000000001,272.27394104003906
8617,2020-09-13 18:00:00,88.94043,96.35084999999998,272.4928665161133
8618,2020-09-13 19:00:00,88.94273,96.44146999999998,272.6368942260742
8619,2020-09-13 20:00:00,88.94574,96.45958999999999,272.7319564819336
8620,2020-09-13 21:00:00,88.95009,96.41730999999999,272.8446502685547
8621,2020-09-13 22:00:00,88.95559,96.33338000000003,272.5505065917969
8622,2020-09-13 23:00:00,88.96334,96.32614000000001,272.2442855834961
8623,2020-09-14 00:00:00,88.9724,96.47865000000002,272.0497131347656
8624,2020-09-14 01:00:00,88.98152,96.79434000000003,271.9398880004883
8625,2020-09-14 02:00:00,88.99006,97.26414999999997,271.87670135498047
8626,2020-09-14 03:00:00,88.99751,97.91457000000003,271.81298065185547
8627,2020-09-14 04:00:00,89.00255,98.66583000000003,271.7645034790039
8628,2020-09-14 05:00:00,89.00534,99.45211999999998,271.9198760986328
8629,2020-09-14 06:00:00,89.00555,100.18651,271.8316879272461
8630,2020-09-14 07:00:00,89.00431,100.79286000000002,271.5387496948242
8631,2020-09-14 08:00:00,89.00294,101.22255000000001,271.24471282958984
8632,2020-09-14 09:00:00,89.00318,101.48761999999999,271.07301330566406
8633,2020-09-14 10:00:00,89.00615,101.6515,271.0982971191406
8634,2020-09-14 11:00:00,89.01243,101.83733000000001,271.1602325439453
8635,2020-09-14 12:00:00,89.02068,102.16748000000001,271.1911926269531
8636,2020-09-14 13:00:00,89.02945,102.57004999999998,271.16613006591797
8637,2020-09-14 14:00:00,89.03792,103.06150000000002,271.08507537841797
8638,2020-09-14 15:00:00,89.04548,103.67451,270.958740234375
8639,2020-09-14 16:00:00,89.05189,104.36914999999999,270.8274917602539
8640,2020-09-14 17:00:00,89.0566,105.06567000000001,270.7200241088867
8641,2020-09-14 18:00:00,89.05751,105.75225999999998,270.64073944091797
8642,2020-09-14 19:00:00,89.05569,106.39853,270.56700134277344
8643,2020-09-14 20:00:00,89.05217,106.86113999999998,270.4549102783203
8644,2020-09-14 21:00:00,89.04892,107.08961999999997,270.26602935791016
8645,2020-09-14 22:00:00,89.04744,107.13263999999998,270.0149688720703
8646,2020-09-14 23:00:00,89.04796,107.07814000000002,269.7493591308594
8647,2020-09-15 00:00:00,89.05099,106.97116,269.50464630126953
8648,2020-09-15 01:00:00,89.05582,106.90627,269.3869934082031
8649,2020-09-15 02:00:00,89.06138,106.93662,269.27613830566406
8650,2020-09-15 03:00:00,89.06671,107.06698,269.14273834228516
8651,2020-09-15 04:00:00,89.07084,107.28467999999998,269.05274200439453
8652,2020-09-15 05:00:00,89.07297,107.53283999999996,269.04022216796875
8653,2020-09-15 06:00:00,89.07299,107.75266999999997,269.03271484375
8654,2020-09-15 07:00:00,89.07114,107.89902999999998,269.01930236816406
8655,2020-09-15 08:00:00,89.06813,107.92068,269.0161895751953
8656,2020-09-15 09:00:00,89.06515,107.81187999999997,269.0137405395508
8657,2020-09-15 10:00:00,89.06308,107.59532000000002,269.0023727416992
8658,2020-09-15 11:00:00,89.06267,107.33904000000001,268.97139739990234
8659,2020-09-15 12:00:00,89.06432,107.12004999999999,268.9227981567383
8660,2020-09-15 13:00:00,89.06769,106.99592999999999,268.85025787353516
8661,2020-09-15 14:00:00,89.07174,107.00164999999998,268.6807174682617
8662,2020-09-15 15:00:00,89.0755,107.13330000000002,268.4702911376953
8663,2020-09-15 16:00:00,89.07816,107.36083000000002,268.2635803222656
8664,2020-09-15 17:00:00,89.07914,107.6413,268.08888244628906
8665,2020-09-15 18:00:00,89.07843,107.91816,267.90325927734375
8666,2020-09-15 19:00:00,89.07641,108.14310999999998,267.75814056396484
8667,2020-09-15 20:00:00,89.07357,108.25659999999999,267.6178665161133
8668,2020-09-15 21:00:00,89.07095,108.23930999999999,267.4764404296875
8669,2020-09-15 22:00:00,89.06974,108.13716,267.3401184082031
8670,2020-09-15 23:00:00,89.07005,107.99898999999999,267.18643951416016
8671,2020-09-16 00:00:00,89.07214,107.88218999999998,266.99696350097656
8672,2020-09-16 01:00:00,89.07601,107.85372000000001,266.7861328125
8673,2020-09-16 02:00:00,89.08083,107.95722999999998,266.5913772583008
8674,2020-09-16 03:00:00,89.08512,108.16446000000002,266.3938293457031
8675,2020-09-16 04:00:00,89.08851,108.46526,266.23419189453125
8676,2020-09-16 05:00:00,89.09052,108.83742000000001,266.2144317626953
8677,2020-09-16 06:00:00,89.09087,109.19826,266.20677947998047
8678,2020-09-16 07:00:00,89.08971,109.45598000000001,266.1439666748047
8679,2020-09-16 08:00:00,89.08655,109.52188999999998,266.0573425292969
8680,2020-09-16 09:00:00,89.08229,109.44731999999999,266.0279541015625
8681,2020-09-16 10:00:00,89.07825,109.25009,266.0502471923828
8682,2020-09-16 11:00:00,89.07523,109.00738999999999,266.15950775146484
8683,2020-09-16 12:00:00,89.07366,108.76655,266.3932647705078
8684,2020-09-16 13:00:00,89.07319,108.61545000000001,266.6772766113281
8685,2020-09-16 14:00:00,89.07331,108.60372999999998,266.85738372802734
8686,2020-09-16 15:00:00,89.07328,108.72334000000001,266.85889434814453
8687,2020-09-16 16:00:00,89.07211,108.95693,266.74886322021484
8688,2020-09-16 17:00:00,89.06888,109.25858,266.68253326416016
8689,2020-09-16 18:00:00,89.06365,109.52013,266.6394729614258
8690,2020-09-16 19:00:00,89.05696,109.69038,266.6131820678711
8691,2020-09-16 20:00:00,89.04979,109.7113,266.5518341064453
8692,2020-09-16 21:00:00,89.04251,109.57758999999999,266.3735885620117
8693,2020-09-16 22:00:00,89.03643,109.32337000000001,266.0967712402344
8694,2020-09-16 23:00:00,89.03231,109.02828,265.94747161865234
8695,2020-09-17 00:00:00,89.02982,108.74122999999997,265.83512115478516
8696,2020-09-17 01:00:00,89.0288,108.48766,265.7058410644531
8697,2020-09-17 02:00:00,89.02868,108.30532,265.5495910644531
8698,2020-09-17 03:00:00,89.02893,108.21366999999998,265.13330078125
8699,2020-09-17 04:00:00,89.0288,108.17491000000001,264.71844482421875
8700,2020-09-17 05:00:00,89.02781,108.16709000000003,264.1544418334961
8701,2020-09-17 06:00:00,89.02589,108.17309,263.72520446777344
8702,2020-09-17 07:00:00,89.02325,108.13869,263.35243225097656
8703,2020-09-17 08:00:00,89.02041,108.02945999999997,262.97283935546875
8704,2020-09-17 09:00:00,89.01791,107.83607,262.5619125366211
8705,2020-09-17 10:00:00,89.01626,107.58604000000003,262.1217346191406
8706,2020-09-17 11:00:00,89.01596,107.32925,261.73597717285156
8707,2020-09-17 12:00:00,89.01709,107.11768999999998,261.45074462890625
8708,2020-09-17 13:00:00,89.01946,106.98070999999999,261.2348403930664
8709,2020-09-17 14:00:00,89.0228,106.93295,260.9900436401367
8710,2020-09-17 15:00:00,89.02633,106.96093000000002,260.7996063232422
8711,2020-09-17 16:00:00,89.02964,107.06426999999996,260.5885467529297
8712,2020-09-17 17:00:00,89.03238,107.21260999999998,260.3835144042969
8713,2020-09-17 18:00:00,89.03423,107.36879999999996,260.21923065185547
8714,2020-09-17 19:00:00,89.03541,107.48009000000002,260.11104583740234
8715,2020-09-17 20:00:00,89.03605,107.53061000000002,260.04859161376953
8716,2020-09-17 21:00:00,89.03676,107.50547,259.95471954345703
8717,2020-09-17 22:00:00,89.03815,107.41687999999999,259.8762893676758
8718,2020-09-17 23:00:00,89.04049,107.29120999999998,259.82049560546875
8719,2020-09-18 00:00:00,89.04386,107.15948000000003,259.7456817626953
8720,2020-09-18 01:00:00,89.04825,107.06200000000001,259.7080307006836
8721,2020-09-18 02:00:00,89.05306,107.02648999999997,259.73168182373047
8722,2020-09-18 03:00:00,89.05784,107.05113,259.7991256713867
8723,2020-09-18 04:00:00,89.06219,107.12212,259.87720489501953
8724,2020-09-18 05:00:00,89.06563,107.22816,259.92543029785156
8725,2020-09-18 06:00:00,89.06787,107.32988999999998,259.95372009277344
8726,2020-09-18 07:00:00,89.06934,107.38902999999999,259.9824447631836
8727,2020-09-18 08:00:00,89.07025,107.37454000000002,260.0966033935547
8728,2020-09-18 09:00:00,89.07113,107.27391,260.24671173095703
8729,2020-09-18 10:00:00,89.07299,107.11553000000004,260.4313049316406
8730,2020-09-18 11:00:00,89.07603,106.94184000000001,260.6205139160156
8731,2020-09-18 12:00:00,89.08012,106.79696000000001,260.72228240966797
8732,2020-09-18 13:00:00,89.08498,106.71438999999998,260.74916076660156
8733,2020-09-18 14:00:00,89.09042,106.72577000000001,260.75745391845703
8734,2020-09-18 15:00:00,89.09567,106.82711999999998,260.7355651855469
8735,2020-09-18 16:00:00,89.10025,106.99435,260.6756820678711
8736,2020-09-18 17:00:00,89.10356,107.18214,260.51295471191406
8737,2020-09-18 18:00:00,89.10527,107.35716000000002,260.34986877441406
8738,2020-09-18 19:00:00,89.10646,107.50347999999997,260.1983642578125
8739,2020-09-18 20:00:00,89.10821,107.58472999999998,260.0899200439453
8740,2020-09-18 21:00:00,89.1105,107.59417000000002,259.9917984008789
8741,2020-09-18 22:00:00,89.11428,107.55889000000002,259.9888381958008
8742,2020-09-18 23:00:00,89.11955,107.54921000000002,260.1517105102539
8743,2020-09-19 00:00:00,89.12594,107.63434999999998,260.43692779541016
8744,2020-09-19 01:00:00,89.133,107.79151999999999,260.77649688720703
8745,2020-09-19 02:00:00,89.14017,108.03532999999999,261.12696838378906
8746,2020-09-19 03:00:00,89.14633,108.39346999999998,261.3181838989258
8747,2020-09-19 04:00:00,89.15117,108.86779000000001,261.5278549194336
8748,2020-09-19 05:00:00,89.15377,109.40205000000003,261.6635208129883
8749,2020-09-19 06:00:00,89.15449,109.94785000000002,261.68260955810547
8750,2020-09-19 07:00:00,89.15253,110.41430000000003,261.6592712402344
8751,2020-09-19 08:00:00,89.14847,110.74805000000003,261.65716552734375
8752,2020-09-19 09:00:00,89.14387,110.82846,262.00160217285156
8753,2020-09-19 10:00:00,89.14027,110.70747,262.47566986083984
8754,2020-09-19 11:00:00,89.13887,110.46305000000001,263.05420684814453
8755,2020-09-19 12:00:00,89.13984,110.19686999999999,263.5718460083008
8756,2020-09-19 13:00:00,89.14281,109.99063000000001,263.9986038208008
8757,2020-09-19 14:00:00,89.14716,110.00907999999998,264.3425750732422
8758,2020-09-19 15:00:00,89.15113,110.28766000000002,264.56243896484375
8759,2020-09-19 16:00:00,89.15312,110.71042999999997,264.59830474853516
8760,2020-09-19 17:00:00,89.15271,111.16568000000001,264.4578628540039
8761,2020-09-19 18:00:00,89.15042,111.56817999999998,264.32935333251953
8762,2020-09-19 19:00:00,89.14706,111.83195,264.2233581542969
8763,2020-09-19 20:00:00,89.14283,111.96122000000003,264.1854705810547
8764,2020-09-19 21:00:00,89.13866,111.93146999999999,264.20128631591797
8765,2020-09-19 22:00:00,89.1357,111.71789000000001,264.0018539428711
8766,2020-09-19 23:00:00,89.13503,111.42208,263.40816497802734
8767,2020-09-20 00:00:00,89.13663,111.14423999999997,262.6868362426758
8768,2020-09-20 01:00:00,89.13954,110.92421999999999,262.11673736572266
8769,2020-09-20 02:00:00,89.14262,110.82211000000001,261.67261505126953
8770,2020-09-20 03:00:00,89.1449,110.87450999999999,261.1730194091797
8771,2020-09-20 04:00:00,89.14573,111.03985999999998,260.7978057861328
8772,2020-09-20 05:00:00,89.14513,111.21933000000001,260.5467224121094
8773,2020-09-20 06:00:00,89.14329,111.36477000000002,260.34503173828125
8774,2020-09-20 07:00:00,89.1404,111.41453999999999,260.05152893066406
8775,2020-09-20 08:00:00,89.13713,111.34807,259.6957702636719
8776,2020-09-20 09:00:00,89.13424,111.16757000000001,259.2782440185547
8777,2020-09-20 10:00:00,89.13256,110.90521999999999,258.9411392211914
8778,2020-09-20 11:00:00,89.13241,110.61869999999999,258.68933868408203
8779,2020-09-20 12:00:00,89.13353,110.3655,258.5062255859375
8780,2020-09-20 13:00:00,89.13567,110.17871000000002,258.38777923583984
8781,2020-09-20 14:00:00,89.12059,110.27724999999998,258.32838439941406
8782,2020-09-20 15:00:00,89.07125,110.48419000000001,258.3197937011719
8783,2020-09-20 16:00:00,89.02149,110.27442000000002,258.3600387573242
8784,2020-09-20 17:00:00,88.98359,109.34683000000001,258.46295166015625
8785,2020-09-20 18:00:00,88.93382,108.11759,258.60597229003906
8786,2020-09-20 19:00:00,88.91739,106.3852,258.7079544067383
8787,2020-09-20 20:00:00,88.88122,105.65677,258.68277740478516
8788,2020-09-20 21:00:00,88.85027,107.11187999999999,258.43628692626953
8789,2020-09-20 22:00:00,88.80195,107.88123999999999,258.2192077636719
8790,2020-09-20 23:00:00,88.76466,108.87095999999997,258.1071548461914
8791,2020-09-21 00:00:00,88.73682,108.48449,259.58624267578125
8792,2020-09-21 01:00:00,88.69126,107.97453999999999,260.9236373901367
8793,2020-09-21 02:00:00,88.65455,107.67322000000001,260.8973083496094
8794,2020-09-21 03:00:00,88.62175,106.98223000000002,260.9645309448242
8795,2020-09-21 04:00:00,88.60214,106.43738000000002,261.0236358642578
8796,2020-09-21 05:00:00,88.59385,105.33416,261.0464172363281
8797,2020-09-21 06:00:00,88.56667,105.25106,261.04771423339844
8798,2020-09-21 07:00:00,88.54618,106.39726000000002,261.0968475341797
8799,2020-09-21 08:00:00,88.51987,106.34343999999999,261.15413665771484
8800,2020-09-21 09:00:00,88.51442,106.17869999999999,261.17383575439453
8801,2020-09-21 10:00:00,88.50953,105.64998000000003,261.15570068359375
8802,2020-09-21 11:00:00,88.50783,105.41724999999997,261.11529541015625
8803,2020-09-21 12:00:00,88.50642,105.15669000000003,261.0651397705078
8804,2020-09-21 13:00:00,88.4677,104.88878999999997,261.0434799194336
8805,2020-09-21 14:00:00,88.42636,104.99160999999998,261.03836822509766
8806,2020-09-21 15:00:00,88.37673,106.01165000000003,261.0323181152344
8807,2020-09-21 16:00:00,88.32754,105.58401000000003,260.98079681396484
8808,2020-09-21 17:00:00,88.29927,103.76972999999998,260.90499114990234
8809,2020-09-21 18:00:00,88.26351,103.07888000000003,260.7738723754883
8810,2020-09-21 19:00:00,88.22024,102.24813,260.66014099121094
8811,2020-09-21 20:00:00,88.16077,100.57247000000001,260.53113555908203
8812,2020-09-21 21:00:00,88.07798,100.87482,260.43163299560547
8813,2020-09-21 22:00:00,87.97815,100.31822,260.3947067260742
8814,2020-09-21 23:00:00,87.88672,99.55189999999999,260.4004821777344
8815,2020-09-22 00:00:00,87.79964,100.16151000000002,258.4180221557617
8816,2020-09-22 01:00:00,87.73535,100.63743,258.4308395385742
8817,2020-09-22 02:00:00,87.6594,100.76663000000002,258.40745544433594
8818,2020-09-22 03:00:00,87.5778,100.77141,258.91017150878906
8819,2020-09-22 04:00:00,87.50031,99.66706999999997,258.56443786621094
8820,2020-09-22 05:00:00,87.49806,99.43468000000001,258.2171096801758
8821,2020-09-22 06:00:00,87.44544,98.71884,257.9934387207031
8822,2020-09-22 07:00:00,87.34878,98.7622,258.02938079833984
8823,2020-09-22 08:00:00,87.25034,98.36660999999998,258.2281188964844
8824,2020-09-22 09:00:00,87.1466,98.71112,258.07323455810547
8825,2020-09-22 10:00:00,87.05001,98.08134999999999,257.9700698852539
8826,2020-09-22 11:00:00,86.97877,97.97023999999999,257.9170227050781
8827,2020-09-22 12:00:00,86.9051,97.99203999999997,257.8325729370117
8828,2020-09-22 13:00:00,86.8507,98.31072,258.5877456665039
8829,2020-09-22 14:00:00,86.77097,97.59731999999997,258.5470199584961
8830,2020-09-22 15:00:00,86.70312,97.12981000000002,258.5802688598633
8831,2020-09-22 16:00:00,86.60989,96.58098000000001,258.554443359375
8832,2020-09-22 17:00:00,86.54811,95.69522999999998,258.57789611816406
8833,2020-09-22 18:00:00,86.46938,94.64170999999999,259.4178161621094
8834,2020-09-22 19:00:00,86.38705,93.51893999999999,259.77835845947266
8835,2020-09-22 20:00:00,86.32822,92.16415999999998,260.1636199951172
8836,2020-09-22 21:00:00,86.26919,90.95765,260.62818908691406
8837,2020-09-22 22:00:00,86.22048,89.61194999999998,261.6315002441406
8838,2020-09-22 23:00:00,86.17662,88.57600000000002,262.63035583496094
8839,2020-09-23 00:00:00,86.10976,87.96728000000002,264.86297607421875
8840,2020-09-23 01:00:00,86.03062,87.32283999999999,265.6651382446289
8841,2020-09-23 02:00:00,86.02788,86.53520000000003,266.59608459472656
8842,2020-09-23 03:00:00,86.03128,85.78346999999997,267.4461975097656
8843,2020-09-23 04:00:00,86.03631,85.33767999999998,268.2286834716797
8844,2020-09-23 05:00:00,86.03153,84.83019999999999,269.09537506103516
8845,2020-09-23 06:00:00,86.03187,84.71190999999999,269.83756256103516
8846,2020-09-23 07:00:00,86.01558,83.75114000000002,270.4216003417969
8847,2020-09-23 08:00:00,85.97393,82.54322000000002,270.8815002441406
8848,2020-09-23 09:00:00,85.94982,81.13411000000002,271.08065032958984
8849,2020-09-23 10:00:00,85.9504,79.64091000000002,271.19219970703125
8850,2020-09-23 11:00:00,85.95831,78.87254999999999,271.06312561035156
8851,2020-09-23 12:00:00,85.95299,77.78241000000003,270.7453918457031
8852,2020-09-23 13:00:00,85.95521,76.31876,270.3675765991211
8853,2020-09-23 14:00:00,85.96096,74.86013,269.7606658935547
8854,2020-09-23 15:00:00,85.99005,73.76153,269.57323455810547
8855,2020-09-23 16:00:00,85.95857,72.82884000000001,269.54896545410156
8856,2020-09-23 17:00:00,85.97606,71.73101,269.62732696533203
8857,2020-09-23 18:00:00,85.98927,70.38184999999999,269.6563720703125
8858,2020-09-23 19:00:00,85.98025,69.38810999999998,269.61588287353516
8859,2020-09-23 20:00:00,85.98253,68.78820999999999,269.5371551513672
8860,2020-09-23 21:00:00,85.97922,67.65102999999999,269.50401306152344
8861,2020-09-23 22:00:00,85.95822,66.73991999999998,269.39864349365234
8862,2020-09-23 23:00:00,85.96284,65.65375,269.32452392578125
8863,2020-09-24 00:00:00,85.96535,64.26808,269.3425064086914
8864,2020-09-24 01:00:00,85.98227,62.73541,269.27052307128906
8865,2020-09-24 02:00:00,85.98703,61.41462000000001,269.15489959716797
8866,2020-09-24 03:00:00,85.98383,60.208200000000005,269.0741653442383
8867,2020-09-24 04:00:00,85.99262,59.52948000000001,268.9518051147461
8868,2020-09-24 05:00:00,85.9995,59.49495000000002,268.9408416748047
8869,2020-09-24 06:00:00,86.00492,59.48935,269.0039367675781
8870,2020-09-24 07:00:00,86.00848,59.49576999999999,269.0942687988281
8871,2020-09-24 08:00:00,86.01021,59.50099,269.06919860839844
8872,2020-09-24 09:00:00,86.01072,59.492760000000004,268.9837188720703
8873,2020-09-24 10:00:00,86.01104,59.466049999999996,268.7248077392578
8874,2020-09-24 11:00:00,86.01208,59.434,268.54783630371094
8875,2020-09-24 12:00:00,86.01407,59.39385999999999,268.2840270996094
8876,2020-09-24 13:00:00,86.03129,59.58462,268.13880157470703
8877,2020-09-24 14:00:00,86.03278,59.54149000000001,268.14112854003906
8878,2020-09-24 15:00:00,86.0362,59.57733999999999,268.38914489746094
8879,2020-09-24 16:00:00,86.04139,59.59975,268.43634033203125
8880,2020-09-24 17:00:00,86.04835,59.65191999999999,268.63917541503906
8881,2020-09-24 18:00:00,86.05423,59.743690000000015,269.01500701904297
8882,2020-09-24 19:00:00,86.04779,59.654300000000006,269.01576232910156
8883,2020-09-24 20:00:00,85.97115,58.86953,268.7860641479492
8884,2020-09-24 21:00:00,85.9735,57.56206,268.55091857910156
8885,2020-09-24 22:00:00,85.96916,57.04442,268.3443298339844
8886,2020-09-24 23:00:00,85.94654,55.73292000000001,268.1869430541992
8887,2020-09-25 00:00:00,85.93867,54.61287999999999,268.56788635253906
8888,2020-09-25 01:00:00,85.95736,53.42388,268.37162017822266
8889,2020-09-25 02:00:00,85.99446,52.553979999999996,268.1950454711914
8890,2020-09-25 03:00:00,85.98563,51.27199000000002,268.18060302734375
8891,2020-09-25 04:00:00,85.99761,50.44499999999999,268.24536895751953
8892,2020-09-25 05:00:00,86.00236,50.16612000000001,268.4396667480469
8893,2020-09-25 06:00:00,86.0046,49.626739999999984,268.6113052368164
8894,2020-09-25 07:00:00,85.99379,49.16532999999998,268.68817138671875
8895,2020-09-25 08:00:00,85.97592,48.69207,268.0810852050781
8896,2020-09-25 09:00:00,85.96007,48.45284000000001,268.0752868652344
8897,2020-09-25 10:00:00,85.95903,48.45737,268.09142303466797
8898,2020-09-25 11:00:00,85.957,48.44758999999999,268.1608428955078
8899,2020-09-25 12:00:00,85.95607,48.41550000000001,268.2187957763672
8900,2020-09-25 13:00:00,85.95516,48.377219999999994,268.2729797363281
8901,2020-09-25 14:00:00,85.95526,48.34779,268.3020782470703
8902,2020-09-25 15:00:00,85.956,48.34012999999999,268.2928771972656
8903,2020-09-25 16:00:00,85.95828,47.90941000000001,268.2418670654297
8904,2020-09-25 17:00:00,85.96278,46.67922999999999,268.1565246582031
8905,2020-09-25 18:00:00,85.99146,45.530519999999996,267.98380279541016
8906,2020-09-25 19:00:00,85.95692,44.38156000000001,267.7274398803711
8907,2020-09-25 20:00:00,85.98303,43.67738,267.3427734375
8908,2020-09-25 21:00:00,85.97907,42.44055,266.9478759765625
8909,2020-09-25 22:00:00,85.9889,41.147729999999996,266.67259216308594
8910,2020-09-25 23:00:00,85.98109,40.17228,266.40377044677734
8911,2020-09-26 00:00:00,85.9841,39.03126,265.30181884765625
8912,2020-09-26 01:00:00,85.94821,38.023889999999994,265.4288787841797
8913,2020-09-26 02:00:00,85.96467,36.922439999999995,265.6156463623047
8914,2020-09-26 03:00:00,85.99211,35.934590000000014,265.8281021118164
8915,2020-09-26 04:00:00,86.02902,35.68884,266.05555725097656
8916,2020-09-26 05:00:00,86.03011,35.596509999999995,266.2665786743164
8917,2020-09-26 06:00:00,86.02914,35.56369999999998,266.57456970214844
8918,2020-09-26 07:00:00,86.02967,35.527060000000006,266.8893508911133
8919,2020-09-26 08:00:00,86.03108,35.502430000000004,267.1754455566406
8920,2020-09-26 09:00:00,86.03225,35.49334999999999,267.31688690185547
8921,2020-09-26 10:00:00,86.03269,35.49686,267.3677673339844
8922,2020-09-26 11:00:00,86.03203,35.510130000000004,267.44239044189453
8923,2020-09-26 12:00:00,86.03001,35.53323,267.4755554199219
8924,2020-09-26 13:00:00,85.9979,35.09339,267.51305389404297
8925,2020-09-26 14:00:00,85.99141,35.00157999999999,267.53050994873047
8926,2020-09-26 15:00:00,86.01796,33.97300999999999,267.50706481933594
8927,2020-09-26 16:00:00,86.00334,32.59428,267.36927795410156
8928,2020-09-26 17:00:00,85.93035,31.973510000000005,266.3003616333008
8929,2020-09-26 18:00:00,85.84904,31.479209999999995,266.4696350097656
8930,2020-09-26 19:00:00,85.75142,31.708,266.4921646118164
8931,2020-09-26 20:00:00,85.65564,32.03405000000001,266.3615188598633
8932,2020-09-26 21:00:00,85.5673,32.08091000000002,265.88877868652344
8933,2020-09-26 22:00:00,85.48224,31.66046,265.5304489135742
8934,2020-09-26 23:00:00,85.36969,31.882270000000005,265.32921600341797
8935,2020-09-27 00:00:00,85.25568,32.05169999999998,265.14422607421875
8936,2020-09-27 01:00:00,85.14628,31.787869999999998,264.71504974365234
8937,2020-09-27 02:00:00,85.02981,31.620990000000006,264.5977096557617
8938,2020-09-27 03:00:00,84.92023,31.485250000000008,264.54630279541016
8939,2020-09-27 04:00:00,84.81413,31.67625000000001,263.4149627685547
8940,2020-09-27 05:00:00,84.71987,31.694909999999993,263.45589447021484
8941,2020-09-27 06:00:00,84.61484,31.622749999999996,263.43851470947266
8942,2020-09-27 07:00:00,84.59832,31.787260000000003,263.38748931884766
8943,2020-09-27 08:00:00,84.48344,31.739190000000008,263.3950958251953
8944,2020-09-27 09:00:00,84.38045,31.914420000000007,263.39913177490234
8945,2020-09-27 10:00:00,84.26976,32.161040000000014,263.4545440673828
8946,2020-09-27 11:00:00,84.15483,32.20783,263.55550384521484
8947,2020-09-27 12:00:00,84.03889,32.20683,262.70677947998047
8948,2020-09-27 13:00:00,83.92419,32.176980000000015,262.38230895996094
8949,2020-09-27 14:00:00,83.80862,32.141490000000005,261.9616470336914
8950,2020-09-27 15:00:00,83.69156,32.1027,261.5692672729492
8951,2020-09-27 16:00:00,83.57245,32.061800000000005,259.53953552246094
8952,2020-09-27 17:00:00,83.45186,32.072100000000006,259.3400115966797
8953,2020-09-27 18:00:00,83.3329,32.07209,259.1738739013672
8954,2020-09-27 19:00:00,83.21415,32.07029,258.92566680908203
8955,2020-09-27 20:00:00,83.25137,31.975799999999992,258.68077850341797
8956,2020-09-27 21:00:00,83.25309,32.05017000000001,258.59297943115234
8957,2020-09-27 22:00:00,83.25453,32.09765999999999,258.54422760009766
8958,2020-09-27 23:00:00,83.25513,32.13445999999999,258.56310272216797
8959,2020-09-28 00:00:00,83.29717,31.565640000000002,258.57364654541016
8960,2020-09-28 01:00:00,83.35894,30.724860000000007,258.58028411865234
8961,2020-09-28 02:00:00,83.36961,29.682410000000004,258.01016998291016
8962,2020-09-28 03:00:00,83.35726,28.556520000000006,258.01908111572266
8963,2020-09-28 04:00:00,83.32556,27.51639,257.99747467041016
8964,2020-09-28 05:00:00,83.29306,26.51504,258.03455352783203
8965,2020-09-28 06:00:00,83.22846,25.655079999999998,258.77757263183594
8966,2020-09-28 07:00:00,83.16182,24.981960000000015,258.6944351196289
8967,2020-09-28 08:00:00,83.16253,25.01858999999999,258.67610931396484
8968,2020-09-28 09:00:00,83.16154,25.06352000000001,258.68065643310547
8969,2020-09-28 10:00:00,83.15906,25.11497,258.73179626464844
8970,2020-09-28 11:00:00,83.15484,25.165780000000012,258.9911575317383
8971,2020-09-28 12:00:00,83.14943,25.209659999999985,259.37648010253906
8972,2020-09-28 13:00:00,83.14364,25.24284,259.84925842285156
8973,2020-09-28 14:00:00,83.11875,24.68029999999999,260.3836975097656
8974,2020-09-28 15:00:00,83.0669,23.878629999999987,260.8590393066406
8975,2020-09-28 16:00:00,83.01116,23.092649999999992,261.24639892578125
8976,2020-09-28 17:00:00,82.95463,22.970190000000002,261.45970153808594
8977,2020-09-28 18:00:00,82.89393,22.621700000000004,261.6307067871094
8978,2020-09-28 19:00:00,82.80261,22.118740000000003,260.72071075439453
8979,2020-09-28 20:00:00,82.72978,21.39958999999999,260.9057388305664
8980,2020-09-28 21:00:00,82.66382,20.688420000000008,260.75992584228516
8981,2020-09-28 22:00:00,82.59712,19.97731999999999,260.4549102783203
8982,2020-09-28 23:00:00,82.53605,19.250069999999994,260.13704681396484
8983,2020-09-29 00:00:00,82.46974,18.57285999999999,259.3431167602539
8984,2020-09-29 01:00:00,82.42139,17.849760000000003,259.1498489379883
8985,2020-09-29 02:00:00,82.3679,17.05144999999999,256.9583206176758
8986,2020-09-29 03:00:00,82.34037,16.155419999999992,256.5130310058594
8987,2020-09-29 04:00:00,82.27803,15.643730000000005,256.38108825683594
8988,2020-09-29 05:00:00,82.20596,15.047230000000013,256.3310012817383
8989,2020-09-29 06:00:00,82.1213,14.505830000000003,257.81207275390625
8990,2020-09-29 07:00:00,82.02607,14.001450000000006,258.1950378417969
8991,2020-09-29 08:00:00,81.93578,13.52489,258.5528793334961
8992,2020-09-29 09:00:00,81.83968,13.005560000000003,258.68152618408203
8993,2020-09-29 10:00:00,81.74193,12.494040000000012,260.9002227783203
8994,2020-09-29 11:00:00,81.64609,11.99011999999999,261.14501953125
8995,2020-09-29 12:00:00,81.60249,11.776980000000009,261.3848419189453
8996,2020-09-29 13:00:00,81.59933,11.653510000000011,261.63282012939453
8997,2020-09-29 14:00:00,81.55981,11.591250000000002,261.90086364746094
8998,2020-09-29 15:00:00,81.57888,10.913240000000002,258.8116683959961
8999,2020-09-29 16:00:00,81.59029,10.118850000000009,259.2158737182617
9000,2020-09-29 17:00:00,81.59069,9.331880000000012,259.58253479003906
9001,2020-09-29 18:00:00,81.60092,8.621280000000013,260.0953674316406
9002,2020-09-29 19:00:00,81.6039,7.799739999999986,259.0311965942383
9003,2020-09-29 20:00:00,81.61104,7.025929999999988,259.59862518310547
9004,2020-09-29 21:00:00,81.61922,6.212060000000008,260.12430572509766
9005,2020-09-29 22:00:00,81.62221,5.465920000000011,260.70751190185547
9006,2020-09-29 23:00:00,81.62981,4.821470000000005,261.4236068725586
9007,2020-09-30 00:00:00,81.64866,4.264450000000011,262.62184143066406
9008,2020-09-30 01:00:00,81.6557,3.8519900000000007,261.478759765625
9009,2020-09-30 02:00:00,81.7434,3.4037199999999928,261.3910446166992
9010,2020-09-30 03:00:00,81.78301,2.8579599999999914,260.3496856689453
9011,2020-09-30 04:00:00,81.77783,2.4589599999999905,260.48079681396484
9012,2020-09-30 05:00:00,81.77481,2.330209999999994,260.62464904785156
9013,2020-09-30 06:00:00,81.74858,2.155630000000002,261.0250930786133
9014,2020-09-30 07:00:00,81.73418,1.7469000000000108,261.01111602783203
9015,2020-09-30 08:00:00,81.73037,1.6367600000000095,261.05086517333984
9016,2020-09-30 09:00:00,81.72207,1.5857300000000123,261.31565856933594
9017,2020-09-30 10:00:00,81.71377,1.5346199999999897,261.5512466430664
9018,2020-09-30 11:00:00,81.70591,1.4839800000000025,261.8110656738281
9019,2020-09-30 12:00:00,81.69852,1.4358200000000068,262.0496139526367
9020,2020-09-30 13:00:00,81.69148,1.3889900000000068,262.27295684814453
9021,2020-09-30 14:00:00,81.68449,1.346350000000001,262.3464813232422
9022,2020-09-30 15:00:00,81.67722,1.3103600000000029,262.2776336669922
9023,2020-09-30 16:00:00,81.58226,1.676790000000011,262.11792755126953
9024,2020-09-30 17:00:00,81.49097,1.9668399999999906,261.9882354736328
9025,2020-09-30 18:00:00,81.4,2.42016000000001,261.78604888916016
9026,2020-09-30 19:00:00,81.29934,2.7935400000000072,261.50919342041016
9027,2020-09-30 20:00:00,81.19986,3.169389999999993,261.73316955566406
9028,2020-09-30 21:00:00,81.10111,3.5841399999999908,261.6406936645508
9029,2020-09-30 22:00:00,81.00594,3.97842,261.63451385498047
9030,2020-09-30 23:00:00,80.96369,4.1607600000000105,261.68582916259766
9031,2020-10-01 00:00:00,80.95677,4.1667500000000075,261.7935104370117
9032,2020-10-01 01:00:00,80.91202,4.340010000000007,261.7966842651367
9033,2020-10-01 02:00:00,80.81709,4.684280000000001,261.6662139892578
9034,2020-10-01 03:00:00,80.72261,5.030409999999989,261.50550079345703
9035,2020-10-01 04:00:00,80.6288,5.372669999999999,261.3801040649414
9036,2020-10-01 05:00:00,80.53562,5.710149999999999,261.29583740234375
9037,2020-10-01 06:00:00,80.44368,6.039590000000004,261.2542037963867
9038,2020-10-01 07:00:00,80.41493,6.105349999999987,262.2531967163086
9039,2020-10-01 08:00:00,80.39877,6.060429999999997,262.36783599853516
9040,2020-10-01 09:00:00,80.3453,6.177030000000002,262.42796325683594
9041,2020-10-01 10:00:00,80.2378,6.448219999999992,262.4692153930664
9042,2020-10-01 11:00:00,80.13365,6.721280000000007,262.4915008544922
9043,2020-10-01 12:00:00,80.02585,6.94380000000001,262.5234832763672
9044,2020-10-01 13:00:00,79.9178,7.1647800000000075,263.0315933227539
9045,2020-10-01 14:00:00,79.80747,7.387990000000002,262.99060821533203
9046,2020-10-01 15:00:00,79.70199,7.59935999999999,262.9186248779297
9047,2020-10-01 16:00:00,79.59233,7.816800000000001,262.8101577758789
9048,2020-10-01 17:00:00,79.46082,8.074279999999987,262.71571350097656
9049,2020-10-01 18:00:00,79.32717,8.333349999999996,262.6064758300781
9050,2020-10-01 19:00:00,79.19519,8.584800000000001,264.93155670166016
9051,2020-10-01 20:00:00,79.06389,8.830610000000007,265.1668472290039
9052,2020-10-01 21:00:00,78.93016,9.08286000000001,265.2830352783203
9053,2020-10-01 22:00:00,78.79823,9.318270000000012,265.3923568725586
9054,2020-10-01 23:00:00,78.66527,9.559809999999999,265.53841400146484
9055,2020-10-02 00:00:00,78.53251,9.797850000000011,267.2368392944336
9056,2020-10-02 01:00:00,78.40841,10.018939999999986,267.12548065185547
9057,2020-10-02 02:00:00,78.27766,10.249059999999986,267.08995056152344
9058,2020-10-02 03:00:00,78.13305,10.53191000000001,267.12488555908203
9059,2020-10-02 04:00:00,78.12984,11.006450000000001,267.29698181152344
9060,2020-10-02 05:00:00,78.12354,11.792609999999996,267.4663314819336
9061,2020-10-02 06:00:00,78.11744,12.567059999999998,267.6635437011719
9062,2020-10-02 07:00:00,78.11241,13.327359999999999,267.85924530029297
9063,2020-10-02 08:00:00,78.17432,14.12339,265.2569046020508
9064,2020-10-02 09:00:00,78.23276,14.862259999999992,265.60655975341797
9065,2020-10-02 10:00:00,78.26488,15.253610000000009,265.7452621459961
9066,2020-10-02 11:00:00,78.26523,15.254729999999995,265.6992416381836
9067,2020-10-02 12:00:00,78.26464,15.253620000000012,265.3074722290039
9068,2020-10-02 13:00:00,78.266,15.25263000000001,264.8968200683594
9069,2020-10-02 14:00:00,78.25954,15.232990000000001,264.4058609008789
9070,2020-10-02 15:00:00,78.19991,14.453239999999994,263.68202209472656
9071,2020-10-02 16:00:00,78.14967,13.804660000000013,267.341064453125
9072,2020-10-02 17:00:00,78.11185,13.291679999999985,267.46546936035156
9073,2020-10-02 18:00:00,78.11843,12.465669999999989,267.7098922729492
9074,2020-10-02 19:00:00,78.12596,11.605729999999994,267.935302734375
9075,2020-10-02 20:00:00,78.13102,10.978090000000009,268.12049865722656
9076,2020-10-02 21:00:00,78.20738,10.37487999999999,268.38758850097656
9077,2020-10-02 22:00:00,78.36096,10.106390000000005,268.53307342529297
9078,2020-10-02 23:00:00,78.48853,9.881979999999999,268.6903381347656
9079,2020-10-03 00:00:00,78.61188,9.66273000000001,268.79429626464844
9080,2020-10-03 01:00:00,78.73883,9.434390000000008,268.8724594116211
9081,2020-10-03 02:00:00,78.86876,9.362509999999986,268.2087936401367
9082,2020-10-03 03:00:00,78.9829,9.50773000000001,268.34984588623047
9083,2020-10-03 04:00:00,79.02097,10.221499999999992,268.63502502441406
9084,2020-10-03 05:00:00,79.03251,11.119640000000004,268.9204864501953
9085,2020-10-03 06:00:00,78.94971,11.919129999999996,268.9868392944336
9086,2020-10-03 07:00:00,78.93584,11.93440000000001,269.2078552246094
9087,2020-10-03 08:00:00,78.93574,11.932690000000008,269.4435729980469
9088,2020-10-03 09:00:00,78.93602,11.93789000000001,269.6389694213867
9089,2020-10-03 10:00:00,78.93589,11.938600000000008,269.7412414550781
9090,2020-10-03 11:00:00,78.93611,11.934359999999998,269.91790771484375
9091,2020-10-03 12:00:00,78.93617,11.937810000000013,269.89434814453125
9092,2020-10-03 13:00:00,78.93593,11.94219000000001,269.9884948730469
9093,2020-10-03 14:00:00,78.9355,11.938909999999993,270.1890869140625
9094,2020-10-03 15:00:00,78.93549,11.936399999999992,270.4377670288086
9095,2020-10-03 16:00:00,78.93596,11.93583000000001,270.58866119384766
9096,2020-10-03 17:00:00,78.9361,11.933969999999988,270.73175048828125
9097,2020-10-03 18:00:00,78.93576,11.938530000000014,270.7940139770508
9098,2020-10-03 19:00:00,78.93565,11.934920000000005,270.90184020996094
9099,2020-10-03 20:00:00,78.93623,11.938199999999995,270.9468688964844
9100,2020-10-03 21:00:00,78.93638,11.939179999999993,271.0375671386719
9101,2020-10-03 22:00:00,78.93649,11.937219999999996,271.1227111816406
9102,2020-10-03 23:00:00,78.93633,11.939210000000003,271.2348861694336
9103,2020-10-04 00:00:00,78.93591,11.942990000000009,271.29825592041016
9104,2020-10-04 01:00:00,78.93603,11.941460000000006,271.3455581665039
9105,2020-10-04 02:00:00,78.93559,11.940679999999986,271.47786712646484
9106,2020-10-04 03:00:00,78.93557,11.945909999999998,271.6087417602539
9107,2020-10-04 04:00:00,78.93564,11.9418,271.7234420776367
9108,2020-10-04 05:00:00,78.9359,11.941980000000001,271.68592071533203
9109,2020-10-04 06:00:00,78.93623,11.937340000000006,271.8218460083008
9110,2020-10-04 07:00:00,78.93581,11.939089999999993,271.8794860839844
9111,2020-10-04 08:00:00,78.93566,11.940120000000007,272.0079116821289
9112,2020-10-04 09:00:00,78.93557,11.940239999999989,272.20812225341797
9113,2020-10-04 10:00:00,78.93538,11.939639999999997,272.30690002441406
9114,2020-10-04 11:00:00,78.93537,11.938760000000002,272.3810272216797
9115,2020-10-04 12:00:00,78.93493,11.93834000000001,272.4789123535156
9116,2020-10-04 13:00:00,78.93576,11.937209999999993,272.5162658691406
9117,2020-10-04 14:00:00,78.93614,11.939639999999997,272.55332946777344
9118,2020-10-04 15:00:00,79.02252,11.320870000000014,272.5523910522461
9119,2020-10-04 16:00:00,79.02848,10.452850000000012,272.5082015991211
9120,2020-10-04 17:00:00,78.99672,9.557539999999989,272.44400787353516
9121,2020-10-04 18:00:00,78.83692,9.270849999999996,272.9253692626953
9122,2020-10-04 19:00:00,78.66659,9.141459999999995,272.83116149902344
9123,2020-10-04 20:00:00,78.50401,9.020209999999992,272.8195037841797
9124,2020-10-04 21:00:00,78.34409,8.90218999999999,272.66043853759766
9125,2020-10-04 22:00:00,78.1866,8.787139999999994,272.62317657470703
9126,2020-10-04 23:00:00,78.0218,8.668859999999995,272.5997619628906
9127,2020-10-05 00:00:00,77.85336,8.549209999999988,272.49202728271484
9128,2020-10-05 01:00:00,77.68336,8.43055000000001,272.2660675048828
9129,2020-10-05 02:00:00,77.51376,8.313549999999992,272.2790298461914
9130,2020-10-05 03:00:00,77.3448,8.198379999999986,272.1806182861328
9131,2020-10-05 04:00:00,77.17539,8.084360000000004,272.19432067871094
9132,2020-10-05 05:00:00,77.00067,7.968970000000013,272.19168853759766
9133,2020-10-05 06:00:00,76.82493,7.853880000000004,272.2262496948242
9134,2020-10-05 07:00:00,76.66007,7.747219999999999,272.2558135986328
9135,2020-10-05 08:00:00,76.51679,7.655869999999993,272.80274200439453
9136,2020-10-05 09:00:00,76.37798,7.568039999999996,272.8837432861328
9137,2020-10-05 10:00:00,76.23764,7.480559999999997,273.8311462402344
9138,2020-10-05 11:00:00,76.10075,7.395479999999992,273.69019317626953
9139,2020-10-05 12:00:00,75.96436,7.311569999999989,273.55347442626953
9140,2020-10-05 13:00:00,75.82248,7.225240000000014,274.7906723022461
9141,2020-10-05 14:00:00,75.68233,7.141070000000013,274.6817855834961
9142,2020-10-05 15:00:00,75.53672,7.053899999999999,275.6421432495117
9143,2020-10-05 16:00:00,75.36767,6.954599999999999,275.7290954589844
9144,2020-10-05 17:00:00,75.22523,6.871379999999988,275.83544921875
9145,2020-10-05 18:00:00,75.08875,6.792519999999996,275.8222961425781
9146,2020-10-05 19:00:00,74.95121,6.713719999999995,275.76041412353516
9147,2020-10-05 20:00:00,74.81158,6.634449999999987,276.07960510253906
9148,2020-10-05 21:00:00,74.67123,6.555360000000007,276.13858795166016
9149,2020-10-05 22:00:00,74.5306,6.476990000000001,276.2420349121094
9150,2020-10-05 23:00:00,74.38936,6.398699999999991,276.24588775634766
9151,2020-10-06 00:00:00,74.25068,6.3227799999999945,277.06441497802734
9152,2020-10-06 01:00:00,74.11215,6.247690000000006,277.03296661376953
9153,2020-10-06 02:00:00,73.96901,6.170690000000008,277.35694885253906
9154,2020-10-06 03:00:00,73.82623,6.094470000000001,277.4148712158203
9155,2020-10-06 04:00:00,73.68452,6.019440000000003,277.9137191772461
9156,2020-10-06 05:00:00,73.53902,5.9432700000000125,278.1141891479492
9157,2020-10-06 06:00:00,73.39388,5.867619999999988,278.2349548339844
9158,2020-10-06 07:00:00,73.25317,5.795400000000001,278.6652069091797
9159,2020-10-06 08:00:00,73.11104,5.722730000000013,278.7222366333008
9160,2020-10-06 09:00:00,72.9738,5.65822,278.2738952636719
9161,2020-10-06 10:00:00,72.83353,5.615890000000007,278.2681121826172
9162,2020-10-06 11:00:00,72.68827,5.572399999999988,278.26888275146484
9163,2020-10-06 12:00:00,72.5492,5.545790000000011,277.7902069091797
9164,2020-10-06 13:00:00,72.42856,5.514039999999994,277.7672348022461
9165,2020-10-06 14:00:00,72.28886,5.477740000000011,277.7563018798828
9166,2020-10-06 15:00:00,72.16489,5.44144,277.31421661376953
9167,2020-10-06 16:00:00,72.02308,5.39894000000001,277.1563034057617
9168,2020-10-06 17:00:00,71.87969,5.356439999999992,277.0081024169922
9169,2020-10-06 18:00:00,71.73537,5.31389999999999,276.75018310546875
9170,2020-10-06 19:00:00,71.59451,5.273050000000012,276.79810333251953
9171,2020-10-06 20:00:00,71.45366,5.23227,276.66451263427734
9172,2020-10-06 21:00:00,71.31239,5.191720000000004,276.67761993408203
9173,2020-10-06 22:00:00,71.17055,5.151129999999995,276.6824264526367
9174,2020-10-06 23:00:00,71.02696,5.110659999999996,276.67220306396484
9175,2020-10-07 00:00:00,70.88544,5.070699999999988,277.0274658203125
9176,2020-10-07 01:00:00,70.74792,5.032340000000005,277.56636810302734
9177,2020-10-07 02:00:00,70.60493,4.992819999999995,277.4702682495117
9178,2020-10-07 03:00:00,70.46213,4.95338000000001,277.3891296386719
9179,2020-10-07 04:00:00,70.31934,4.914490000000001,277.5965347290039
9180,2020-10-07 05:00:00,70.17981,4.876640000000009,277.63356018066406
9181,2020-10-07 06:00:00,70.03213,4.836579999999998,277.6678237915039
9182,2020-10-07 07:00:00,69.88851,4.798360000000002,277.8174743652344
9183,2020-10-07 08:00:00,69.7455,4.760349999999988,277.80104064941406
9184,2020-10-07 09:00:00,69.60549,4.723450000000014,277.869384765625
9185,2020-10-07 10:00:00,69.46273,4.686319999999995,277.87064361572266
9186,2020-10-07 11:00:00,69.32104,4.6501499999999965,277.86216735839844
9187,2020-10-07 12:00:00,69.18012,4.6148000000000025,278.06099700927734
9188,2020-10-07 13:00:00,69.04074,4.579550000000012,278.0636901855469
9189,2020-10-07 14:00:00,68.90255,4.54482999999999,278.04010009765625
9190,2020-10-07 15:00:00,68.76132,4.509700000000009,278.1048889160156
9191,2020-10-07 16:00:00,68.61547,4.473659999999995,278.05870819091797
9192,2020-10-07 17:00:00,68.47396,4.438909999999993,278.65123748779297
9193,2020-10-07 18:00:00,68.33507,4.405419999999992,278.60799407958984
9194,2020-10-07 19:00:00,68.1948,4.37118000000001,278.6134033203125
9195,2020-10-07 20:00:00,68.05573,4.337400000000002,279.9402542114258
9196,2020-10-07 21:00:00,67.91745,4.304480000000012,279.89025115966797
9197,2020-10-07 22:00:00,67.77665,4.27091999999999,279.81541442871094
9198,2020-10-07 23:00:00,67.63155,4.23660000000001,279.9106674194336
9199,2020-10-08 00:00:00,67.48486,4.202069999999992,280.5023956298828
9200,2020-10-08 01:00:00,67.34301,4.1688800000000015,281.0764923095703
9201,2020-10-08 02:00:00,67.20052,4.135789999999986,281.1665573120117
9202,2020-10-08 03:00:00,67.05738,4.1028300000000115,281.2095413208008
9203,2020-10-08 04:00:00,66.92013,4.071159999999992,281.5225601196289
9204,2020-10-08 05:00:00,66.78171,4.039670000000001,281.29913330078125
9205,2020-10-08 06:00:00,66.64523,4.008759999999995,281.7186050415039
9206,2020-10-08 07:00:00,66.50825,3.9779000000000053,281.8248748779297
9207,2020-10-08 08:00:00,66.36839,3.946310000000011,281.68385314941406
9208,2020-10-08 09:00:00,66.22373,3.913890000000009,281.68431854248047
9209,2020-10-08 10:00:00,66.08105,3.8822700000000054,281.7613296508789
9210,2020-10-08 11:00:00,65.9421,3.851670000000013,281.6937255859375
9211,2020-10-08 12:00:00,65.8039,3.821380000000005,281.82425689697266
9212,2020-10-08 13:00:00,65.66874,3.7916600000000074,281.70304107666016
9213,2020-10-08 14:00:00,65.52835,3.76142999999999,281.69083404541016
9214,2020-10-08 15:00:00,65.39078,3.7315100000000143,281.59143829345703
9215,2020-10-08 16:00:00,65.25465,3.702220000000011,281.3807601928711
9216,2020-10-08 17:00:00,65.1143,3.6723399999999913,281.2656784057617
9217,2020-10-08 18:00:00,64.97087,3.6417999999999893,281.149658203125
9218,2020-10-08 19:00:00,64.82689,3.6113599999999906,281.0714874267578
9219,2020-10-08 20:00:00,64.68231,3.5807299999999884,281.1698913574219
9220,2020-10-08 21:00:00,64.53907,3.550839999999994,281.0838317871094
9221,2020-10-08 22:00:00,64.3991,3.5217199999999877,281.0554428100586
9222,2020-10-08 23:00:00,64.25964,3.4927299999999946,281.0835266113281
9223,2020-10-09 00:00:00,64.11882,3.463719999999995,280.3169631958008
9224,2020-10-09 01:00:00,63.97809,3.434889999999996,280.36353302001953
9225,2020-10-09 02:00:00,63.84017,3.4067599999999914,280.44761657714844
9226,2020-10-09 03:00:00,63.69751,3.3777399999999886,280.73535919189453
9227,2020-10-09 04:00:00,63.54877,3.3477100000000064,281.12086486816406
9228,2020-10-09 05:00:00,63.40327,3.318399999999997,281.08729553222656
9229,2020-10-09 06:00:00,63.26505,3.2908899999999903,280.9228515625
9230,2020-10-09 07:00:00,63.12137,3.2623299999999915,280.6226806640625
9231,2020-10-09 08:00:00,62.97998,3.234170000000006,280.5570755004883
9232,2020-10-09 09:00:00,62.83888,3.2064599999999928,280.6861038208008
9233,2020-10-09 10:00:00,62.69514,3.1835399999999936,280.7913284301758
9234,2020-10-09 11:00:00,62.54975,3.1816599999999937,280.9435272216797
9235,2020-10-09 12:00:00,62.40798,3.1799900000000036,281.21158599853516
9236,2020-10-09 13:00:00,62.26353,3.1779699999999877,281.25914001464844
9237,2020-10-09 14:00:00,62.11913,3.1762600000000134,281.4793167114258
9238,2020-10-09 15:00:00,61.97174,3.1744700000000137,281.4924850463867
9239,2020-10-09 16:00:00,61.82346,3.17410000000001,281.2780075073242
9240,2020-10-09 17:00:00,61.67948,3.173650000000009,281.5890808105469
9241,2020-10-09 18:00:00,61.5388,3.1732399999999927,281.44383239746094
9242,2020-10-09 19:00:00,61.39613,3.172770000000014,281.6353225708008
9243,2020-10-09 20:00:00,61.25358,3.172290000000004,281.33563232421875
9244,2020-10-09 21:00:00,61.10948,3.1719600000000128,281.15748596191406
9245,2020-10-09 22:00:00,60.96456,3.1715700000000027,281.05432891845703
9246,2020-10-09 23:00:00,60.82117,3.190509999999989,280.90997314453125
9247,2020-10-10 00:00:00,60.6782,3.2461000000000126,280.9355239868164
9248,2020-10-10 01:00:00,60.54292,3.298180000000002,281.19397735595703
9249,2020-10-10 02:00:00,60.40792,3.3502200000000073,281.17894744873047
9250,2020-10-10 03:00:00,60.27191,3.4025000000000034,280.92884826660156
9251,2020-10-10 04:00:00,60.13065,3.456520000000012,281.2235412597656
9252,2020-10-10 05:00:00,59.99733,3.5071299999999894,281.2864227294922
9253,2020-10-10 06:00:00,59.86301,3.5578199999999924,281.3394546508789
9254,2020-10-10 07:00:00,59.71938,3.6119500000000073,281.4885025024414
9255,2020-10-10 08:00:00,59.58228,3.663540000000012,281.64390563964844
9256,2020-10-10 09:00:00,59.44161,3.716239999999999,281.49459075927734
9257,2020-10-10 10:00:00,59.29876,3.7692499999999995,281.9645309448242
9258,2020-10-10 11:00:00,59.16246,3.8190899999999885,281.9688186645508
9259,2020-10-10 12:00:00,59.02245,3.8716300000000103,280.9271240234375
9260,2020-10-10 13:00:00,58.88658,3.9474899999999877,280.94857025146484
9261,2020-10-10 14:00:00,58.758,4.053650000000005,282.63846588134766
9262,2020-10-10 15:00:00,58.62844,4.160619999999994,282.5153503417969
9263,2020-10-10 16:00:00,58.49788,4.26764,282.35681915283203
9264,2020-10-10 17:00:00,58.36998,4.372109999999992,282.1884078979492
9265,2020-10-10 18:00:00,58.23885,4.479039999999998,282.77613830566406
9266,2020-10-10 19:00:00,58.10605,4.5867800000000045,282.94422912597656
9267,2020-10-10 20:00:00,57.97496,4.692730000000012,283.1283950805664
9268,2020-10-10 21:00:00,57.844,4.798300000000012,283.28851318359375
9269,2020-10-10 22:00:00,57.71321,4.903210000000001,283.10152435302734
9270,2020-10-10 23:00:00,57.58058,5.009209999999996,283.2970199584961
9271,2020-10-11 00:00:00,57.44949,5.113670000000013,283.5789794921875
9272,2020-10-11 01:00:00,57.31946,5.21696,283.7393493652344
9273,2020-10-11 02:00:00,57.18794,5.321059999999989,283.88160705566406
9274,2020-10-11 03:00:00,57.05346,5.426980000000015,284.1103286743164
9275,2020-10-11 04:00:00,56.91916,5.532530000000008,284.25557708740234
9276,2020-10-11 05:00:00,56.78127,5.599469999999997,284.29586029052734
9277,2020-10-11 06:00:00,56.65208,5.715190000000007,284.1282196044922
9278,2020-10-11 07:00:00,56.51793,5.792990000000003,284.0883483886719
9279,2020-10-11 08:00:00,56.38952,5.867040000000003,284.56575775146484
9280,2020-10-11 09:00:00,56.25481,5.944569999999999,284.4629592895508
9281,2020-10-11 10:00:00,56.12097,6.021199999999993,284.2835235595703
9282,2020-10-11 11:00:00,55.98419,6.099289999999996,284.8657913208008
9283,2020-10-11 12:00:00,55.84704,6.177379999999999,284.83031463623047
9284,2020-10-11 13:00:00,55.71075,6.254729999999995,284.86144256591797
9285,2020-10-11 14:00:00,55.57456,6.331760000000003,284.9425506591797
9286,2020-10-11 15:00:00,55.43863,6.408299999999997,285.07140350341797
9287,2020-10-11 16:00:00,55.30821,6.502219999999994,285.1759033203125
9288,2020-10-11 17:00:00,55.18307,6.606369999999998,285.2444534301758
9289,2020-10-11 18:00:00,55.06012,6.708400000000012,285.29366302490234
9290,2020-10-11 19:00:00,54.93458,6.8123099999999965,285.5084991455078
9291,2020-10-11 20:00:00,54.80612,6.918209999999988,285.4899597167969
9292,2020-10-11 21:00:00,54.67317,7.027500000000003,285.54600524902344
9293,2020-10-11 22:00:00,54.54132,7.135510000000011,285.65708923339844
9294,2020-10-11 23:00:00,54.40906,7.243590000000012,285.6478042602539
9295,2020-10-12 00:00:00,54.2804,7.348230000000001,284.2290267944336
9296,2020-10-12 01:00:00,54.15229,7.451619999999991,284.50245666503906
9297,2020-10-12 02:00:00,54.03084,7.56407999999999,284.56146240234375
9298,2020-10-12 03:00:00,53.90926,7.686430000000001,284.5296630859375
9299,2020-10-12 04:00:00,53.83636,8.06298000000001,284.4627914428711
9300,2020-10-12 05:00:00,53.66124,8.386889999999994,276.9941940307617
