,time,lat,lon,10si
0,2019-09-20 17:00:00,69.67955,18.996640000000014,2.8137152791023254
1,2019-09-20 18:00:00,69.67955,18.99664999999999,3.019761621952057
2,2019-09-20 19:00:00,69.68378,19.025270000000006,3.5907391607761383
3,2019-09-20 20:00:00,69.80262,19.411339999999996,1.4156760722398758
4,2019-09-20 21:00:00,69.91434,19.895190000000014,1.6263546496629715
5,2019-09-20 22:00:00,70.09253,20.230729999999994,2.4153113663196564
6,2019-09-20 23:00:00,70.28971,20.439639999999997,2.4849733263254166
7,2019-09-21 00:00:00,70.46332,20.80802,2.0680043697357178
8,2019-09-21 01:00:00,70.63522,21.17132000000001,2.116932064294815
9,2019-09-21 02:00:00,70.81119,21.542360000000002,4.941955342888832
10,2019-09-21 03:00:00,70.9619,22.01044999999999,5.756155416369438
11,2019-09-21 04:00:00,71.1125,22.52036000000001,5.857042610645294
12,2019-09-21 05:00:00,71.26079,23.03522000000001,5.078582972288132
13,2019-09-21 06:00:00,71.40394,23.544450000000012,4.942703351378441
14,2019-09-21 07:00:00,71.54404,24.055209999999988,5.836568593978882
15,2019-09-21 08:00:00,71.67923,24.55958000000001,5.732027098536491
16,2019-09-21 09:00:00,71.81303,25.072120000000012,5.968670174479485
17,2019-09-21 10:00:00,71.94108,25.57423,5.843587145209312
18,2019-09-21 11:00:00,72.06317,26.06438,5.6414364874362946
19,2019-09-21 12:00:00,72.14798,26.41001,5.283846318721771
20,2019-09-21 13:00:00,72.28545,26.85750999999999,4.477356806397438
21,2019-09-21 14:00:00,72.43329,27.34232,4.485898062586784
22,2019-09-21 15:00:00,72.58152,27.894110000000012,4.709571048617363
23,2019-09-21 16:00:00,72.74398,28.39975000000001,4.884467840194702
24,2019-09-21 17:00:00,72.89066,28.92401000000001,5.312916278839111
25,2019-09-21 18:00:00,73.03655,29.449810000000014,6.433114975690842
26,2019-09-21 19:00:00,73.17963,29.983389999999986,6.60972473025322
27,2019-09-21 20:00:00,73.32211,30.52913000000001,6.7068997621536255
28,2019-09-21 21:00:00,73.46276,31.08256,6.924643665552139
29,2019-09-21 22:00:00,73.60168,31.643879999999996,6.907729923725128
30,2019-09-21 23:00:00,73.73809,32.209360000000004,6.820360213518143
31,2019-09-22 00:00:00,73.87609,32.79930000000002,4.791784316301346
32,2019-09-22 01:00:00,74.01256,33.399,4.743629664182663
33,2019-09-22 02:00:00,74.14396,33.99297999999999,4.84127813577652
34,2019-09-22 03:00:00,74.27761,34.614660000000015,4.757032245397568
35,2019-09-22 04:00:00,74.41307,35.26567,3.8070284873247147
36,2019-09-22 05:00:00,74.54602,35.923550000000006,4.099167466163635
37,2019-09-22 06:00:00,74.67485,36.58058,3.683484226465225
38,2019-09-22 07:00:00,74.80356,37.2603,3.9034598618745804
39,2019-09-22 08:00:00,74.93098,37.95429999999999,4.481738701462746
40,2019-09-22 09:00:00,75.05481,38.65163000000001,4.727050989866257
41,2019-09-22 10:00:00,75.17563,39.35640999999998,5.242924198508263
42,2019-09-22 11:00:00,75.29393,40.068839999999994,5.337898164987564
43,2019-09-22 12:00:00,75.40777,40.777739999999994,7.956441551446915
44,2019-09-22 13:00:00,75.51823,41.490999999999985,8.044759660959244
45,2019-09-22 14:00:00,75.62692,42.21767,7.109092131257057
46,2019-09-22 15:00:00,75.73465,42.96285,7.081056743860245
47,2019-09-22 16:00:00,75.84079,43.72071,6.264271050691605
48,2019-09-22 17:00:00,75.9433,44.49020999999999,7.15769436955452
49,2019-09-22 18:00:00,76.04395,45.269499999999994,8.862015262246132
50,2019-09-22 19:00:00,76.13942,46.037859999999995,8.678858280181885
51,2019-09-22 20:00:00,76.23201,46.81399999999999,8.678098618984222
52,2019-09-22 21:00:00,76.3219,47.59904,8.2624671459198
53,2019-09-22 22:00:00,76.40849,48.38479000000001,8.251039505004883
54,2019-09-22 23:00:00,76.49318,49.18536,9.206627815961838
55,2019-09-23 00:00:00,76.57606,50.00448,9.05426636338234
56,2019-09-23 01:00:00,76.65608,50.83391,8.864242911338806
57,2019-09-23 02:00:00,76.73172,51.65111000000002,8.751018568873405
58,2019-09-23 03:00:00,76.80469,52.47719000000001,8.838063955307007
59,2019-09-23 04:00:00,76.87523,53.315889999999996,8.734686940908432
60,2019-09-23 05:00:00,76.94114,54.141520000000014,8.995244488120079
61,2019-09-23 06:00:00,77.03841,54.896270000000015,9.166644163429737
62,2019-09-23 07:00:00,77.16918,55.54668000000001,9.113768517971039
63,2019-09-23 08:00:00,77.29086,56.22830999999999,9.020572796463966
64,2019-09-23 09:00:00,77.39976,56.920950000000005,9.47238452732563
65,2019-09-23 10:00:00,77.51162,57.638149999999996,9.621217653155327
66,2019-09-23 11:00:00,77.62489,58.371340000000004,10.13669441640377
67,2019-09-23 12:00:00,77.73794,59.10919999999999,9.360394775867462
68,2019-09-23 13:00:00,77.84994,59.84746999999999,9.339252606034279
69,2019-09-23 14:00:00,77.96086,60.584599999999995,9.971008583903313
70,2019-09-23 15:00:00,78.07137,61.326040000000006,10.167513698339462
71,2019-09-23 16:00:00,78.1826,62.079679999999996,10.682864263653755
72,2019-09-23 17:00:00,78.29466,62.845489999999984,11.078234225511551
73,2019-09-23 18:00:00,78.40738,63.62313,11.267552450299263
74,2019-09-23 19:00:00,78.51854,64.39726000000002,10.875806525349617
75,2019-09-23 20:00:00,78.62929,65.17649,11.185499787330627
76,2019-09-23 21:00:00,78.73835,65.95028000000002,11.41258254647255
77,2019-09-23 22:00:00,78.84445,66.71087,11.40372022986412
78,2019-09-23 23:00:00,78.95201,67.48928000000001,11.3947232067585
79,2019-09-24 00:00:00,79.06006,68.27802,11.074312508106232
80,2019-09-24 01:00:00,79.16161,69.09532000000002,11.163389697670937
81,2019-09-24 02:00:00,79.26247,69.95997,11.383638203144073
82,2019-09-24 03:00:00,79.36694,70.86238,11.483037620782852
83,2019-09-24 04:00:00,79.4722,71.78125,11.815960735082626
84,2019-09-24 05:00:00,79.57664,72.70287000000002,10.279935255646706
85,2019-09-24 06:00:00,79.68288,73.64987000000002,10.338061273097992
86,2019-09-24 07:00:00,79.7929,74.63958,10.369477093219757
87,2019-09-24 08:00:00,79.92189,75.38209,10.33700217306614
88,2019-09-24 09:00:00,79.99599,76.42097000000001,9.017982870340347
89,2019-09-24 10:00:00,80.09275,77.35789999999997,9.542560279369354
90,2019-09-24 11:00:00,80.14151,78.40026999999998,9.296667575836182
91,2019-09-24 12:00:00,80.22707,79.29926,9.16681569814682
92,2019-09-24 13:00:00,80.37942,80.02594999999997,8.080641344189644
93,2019-09-24 14:00:00,80.49153,81.02305000000001,8.016755029559135
94,2019-09-24 15:00:00,80.61974,82.01835,8.053142115473747
95,2019-09-24 16:00:00,80.75415,83.07706999999999,6.2349187433719635
96,2019-09-24 17:00:00,80.89116,84.17090000000002,6.312013760209084
97,2019-09-24 18:00:00,81.02819,85.28127,6.368538454174995
98,2019-09-24 19:00:00,81.15928,86.35933,7.854804575443268
99,2019-09-24 20:00:00,81.29232,87.47012999999998,6.924308329820633
100,2019-09-24 21:00:00,81.42716,88.59996999999998,8.881596595048904
101,2019-09-24 22:00:00,81.56421,89.74151999999998,8.169354438781738
102,2019-09-24 23:00:00,81.65582,90.92428999999998,8.780684620141983
103,2019-09-25 00:00:00,81.60735,92.35090000000002,9.045316204428673
104,2019-09-25 01:00:00,81.55955,93.74592999999999,8.646446466445923
105,2019-09-25 02:00:00,81.51263,95.11095,8.380248740315437
106,2019-09-25 03:00:00,81.46448,96.50275999999997,8.257333010435104
107,2019-09-25 04:00:00,81.34058,97.59019999999998,8.764154344797134
108,2019-09-25 05:00:00,81.18693,98.51285999999999,8.847389936447144
109,2019-09-25 06:00:00,81.03714,99.14895999999999,8.846040830016136
110,2019-09-25 07:00:00,80.89872,99.92093999999997,8.915486171841621
111,2019-09-25 08:00:00,80.86184,100.99824999999998,9.721250787377357
112,2019-09-25 09:00:00,80.84129,101.80878000000001,9.641595959663391
113,2019-09-25 10:00:00,80.84415,102.63689999999997,9.602512747049332
114,2019-09-25 11:00:00,80.85939,103.30623000000003,9.687284722924232
115,2019-09-25 12:00:00,80.84614,104.00747000000001,9.821400746703148
116,2019-09-25 13:00:00,80.87118,104.66588999999999,9.690957874059677
117,2019-09-25 14:00:00,80.93967,105.17797999999999,9.59528324007988
118,2019-09-25 15:00:00,81.02236,105.69472999999999,9.375774383544922
119,2019-09-25 16:00:00,81.06482,106.32364999999999,8.673476859927177
120,2019-09-25 17:00:00,81.06429,106.99130000000002,8.62029780447483
121,2019-09-25 18:00:00,81.03127,107.62092999999999,8.428163960576057
122,2019-09-25 19:00:00,81.05327,108.30513000000002,8.150644600391388
123,2019-09-25 20:00:00,81.0714,109.00704999999999,8.561487406492233
124,2019-09-25 21:00:00,81.12989,109.70206999999999,8.080507278442383
125,2019-09-25 22:00:00,81.21015,110.15007000000003,8.124369472265244
126,2019-09-25 23:00:00,81.26152,110.74399,8.122779130935669
127,2019-09-26 00:00:00,81.32203,111.44020999999998,7.418673902750015
128,2019-09-26 01:00:00,81.40883,112.03379000000001,7.391806870698929
129,2019-09-26 02:00:00,81.39206,112.63868000000002,7.276243165135384
130,2019-09-26 03:00:00,81.39535,112.63304,7.045782387256622
131,2019-09-26 04:00:00,81.39891,112.65649000000002,6.900107681751251
132,2019-09-26 05:00:00,81.407,113.07905,6.81893515586853
133,2019-09-26 06:00:00,81.4683,113.79572000000002,6.687634825706482
134,2019-09-26 07:00:00,81.55975,114.52177,6.803033888339996
135,2019-09-26 08:00:00,81.59384,115.44355000000002,7.04026286303997
136,2019-09-26 09:00:00,81.67498,116.48714000000001,7.284783586859703
137,2019-09-26 10:00:00,81.74633,117.11172999999997,6.458232015371323
138,2019-09-26 11:00:00,81.82274,117.71012999999999,6.380885303020477
139,2019-09-26 12:00:00,81.85928,118.36106999999998,6.433468073606491
140,2019-09-26 13:00:00,81.90313,119.07646999999997,5.978710427880287
141,2019-09-26 14:00:00,81.94088,119.47120999999999,6.220462657511234
142,2019-09-26 15:00:00,82.04427,119.77082999999999,6.552328258752823
143,2019-09-26 16:00:00,82.0626,119.43119000000002,6.492588385939598
144,2019-09-26 17:00:00,82.06467,119.27985000000001,6.031016409397125
145,2019-09-26 18:00:00,82.06656,119.29773999999998,5.931236729025841
146,2019-09-26 19:00:00,82.06302,119.28547000000003,5.8441391736269
147,2019-09-26 20:00:00,82.06351,119.28481999999997,5.812920928001404
148,2019-09-26 21:00:00,82.06454,119.27863000000002,5.698334455490112
149,2019-09-26 22:00:00,82.06282,119.27123,5.6760387271642685
150,2019-09-26 23:00:00,82.06528,119.28361000000001,5.525443226099014
151,2019-09-27 00:00:00,82.07193,119.28395,5.660630479454994
152,2019-09-27 01:00:00,82.07839,119.28834,5.6130849570035934
153,2019-09-27 02:00:00,82.08447,119.30709999999999,5.586346596479416
154,2019-09-27 03:00:00,82.09003,119.34863000000001,5.700520008802414
155,2019-09-27 04:00:00,82.01358,119.36002000000002,5.788132771849632
156,2019-09-27 05:00:00,81.9587,119.30763999999999,5.9734078496694565
157,2019-09-27 06:00:00,81.95872,119.3123,6.115946590900421
158,2019-09-27 07:00:00,81.95675,119.30016999999998,6.2089496701955795
159,2019-09-27 08:00:00,81.95734,119.76761999999997,6.361702010035515
160,2019-09-27 09:00:00,81.9556,119.77735000000001,6.399481430649757
161,2019-09-27 10:00:00,81.95898,119.73320999999999,6.391541972756386
162,2019-09-27 11:00:00,82.02665,119.91070000000002,6.34760682284832
163,2019-09-27 12:00:00,82.04598,120.22059000000002,6.222904711961746
164,2019-09-27 13:00:00,82.1482,120.04335000000003,5.771646723151207
165,2019-09-27 14:00:00,82.24383,119.85106000000002,4.840163022279739
166,2019-09-27 15:00:00,82.29635,119.43929000000003,4.585242331027985
167,2019-09-27 16:00:00,82.2624,118.88231999999999,5.350689455866814
168,2019-09-27 17:00:00,82.15183,119.15708000000001,4.491089880466461
169,2019-09-27 18:00:00,82.07592,119.55644999999998,4.6437418311834335
170,2019-09-27 19:00:00,82.07022,119.76301000000001,5.0408381670713425
171,2019-09-27 20:00:00,82.06915,119.7656,5.0552521497011185
172,2019-09-27 21:00:00,82.06873,119.75468000000001,5.25180596113205
173,2019-09-27 22:00:00,82.07665,119.71614,5.53560183942318
174,2019-09-27 23:00:00,82.07191,119.64632,5.6963793486356735
175,2019-09-28 00:00:00,82.07815,119.55565999999999,5.846279591321945
176,2019-09-28 01:00:00,82.09035,119.49727999999999,5.860678270459175
177,2019-09-28 02:00:00,82.09822,119.55947000000003,6.138113707304001
178,2019-09-28 03:00:00,82.10883,119.57391999999999,6.100906044244766
179,2019-09-28 04:00:00,82.15014,119.67779000000002,5.967200413346291
180,2019-09-28 05:00:00,82.23077,120.07479999999998,5.612924635410309
181,2019-09-28 06:00:00,82.33015,120.47023999999999,5.034909427165985
182,2019-09-28 07:00:00,82.45597,120.52585999999997,4.87506391108036
183,2019-09-28 08:00:00,82.56787,121.21147000000002,4.768744990229607
184,2019-09-28 09:00:00,82.65732,121.74149,4.3783701211214066
185,2019-09-28 10:00:00,82.76724,122.03267,4.2138881385326385
186,2019-09-28 11:00:00,82.85898,122.39533,4.097885474562645
187,2019-09-28 12:00:00,82.90819,122.93839000000003,4.540952086448669
188,2019-09-28 13:00:00,83.01568,123.43371000000002,4.690874174237251
189,2019-09-28 14:00:00,83.08311,124.04678000000001,4.668545596301556
190,2019-09-28 15:00:00,83.18634,124.62814000000003,4.804867312312126
191,2019-09-28 16:00:00,83.27913,125.34735999999998,4.8318677842617035
192,2019-09-28 17:00:00,83.36799,125.85118999999997,4.746576800942421
193,2019-09-28 18:00:00,83.47084,126.00416000000001,4.864659801125526
194,2019-09-28 19:00:00,83.56778,126.40431000000001,4.9937935918569565
195,2019-09-28 20:00:00,83.66563,126.79383999999999,5.124406591057777
196,2019-09-28 21:00:00,83.76252,127.17302000000001,4.063823372125626
197,2019-09-28 22:00:00,83.85358,127.71647000000002,3.964273139834404
198,2019-09-28 23:00:00,83.94145,128.31987000000004,3.969046801328659
199,2019-09-29 00:00:00,84.04065,128.54404,3.0257735550403595
200,2019-09-29 01:00:00,84.15035,129.00275999999997,2.9666112661361694
201,2019-09-29 02:00:00,84.18624,129.13993,3.02986541390419
202,2019-09-29 03:00:00,84.27307,129.81330000000003,2.3142465204000473
203,2019-09-29 04:00:00,84.38129,129.19663000000003,2.4152511954307556
204,2019-09-29 05:00:00,84.46889,128.82501000000002,2.450169652700424
205,2019-09-29 06:00:00,84.54231,128.60257000000001,2.419097423553467
206,2019-09-29 07:00:00,84.54212,128.57869,2.2711577266454697
207,2019-09-29 08:00:00,84.54194,128.54467,2.0393315851688385
208,2019-09-29 09:00:00,84.54153,128.57606999999996,1.8484941869974136
209,2019-09-29 10:00:00,84.56433,129.42659000000003,1.7463140934705734
210,2019-09-29 11:00:00,84.64691,129.88347999999996,1.848161906003952
211,2019-09-29 12:00:00,84.69726,130.64989000000003,2.464910715818405
212,2019-09-29 13:00:00,84.7516,131.75887,2.76926726102829
213,2019-09-29 14:00:00,84.81248,132.88005999999996,3.031513661146164
214,2019-09-29 15:00:00,84.85457,134.10231,3.2252796590328217
215,2019-09-29 16:00:00,84.89847,135.02484000000004,4.523521661758423
216,2019-09-29 17:00:00,84.95945,135.90913,4.620636224746704
217,2019-09-29 18:00:00,84.99068,136.86883,4.729419365525246
218,2019-09-29 19:00:00,85.06901,137.47298999999998,4.80996435880661
219,2019-09-29 20:00:00,85.12095,138.12873000000002,4.9126861691474915
220,2019-09-29 21:00:00,85.11921,138.07856000000004,4.97881817817688
221,2019-09-29 22:00:00,85.11775,138.01511,5.0237202644348145
222,2019-09-29 23:00:00,85.12397,138.03845,5.141431167721748
223,2019-09-30 00:00:00,85.12441,137.98648000000003,5.653752774000168
224,2019-09-30 01:00:00,85.12389,137.93745,5.443099707365036
225,2019-09-30 02:00:00,85.12301,137.89761,5.254920303821564
226,2019-09-30 03:00:00,85.12141,137.86352,5.032235965132713
227,2019-09-30 04:00:00,85.11902,137.83090000000004,5.0073119550943375
228,2019-09-30 05:00:00,85.11599,137.79485999999997,5.1287606954574585
229,2019-09-30 06:00:00,85.11249,137.75000999999997,5.329568266868591
230,2019-09-30 07:00:00,85.10904,137.69561,5.5415805876255035
231,2019-09-30 08:00:00,85.10606,137.63396999999998,5.698325231671333
232,2019-09-30 09:00:00,85.10376,137.56843000000003,5.800055056810379
233,2019-09-30 10:00:00,85.10199,137.50477999999998,5.861359357833862
234,2019-09-30 11:00:00,85.10073,137.4468,5.7457103580236435
235,2019-09-30 12:00:00,85.09931,137.39965,5.5226298570632935
236,2019-09-30 13:00:00,85.09669,137.36571000000004,5.289637893438339
237,2019-09-30 14:00:00,85.09328,137.33839,4.961971893906593
238,2019-09-30 15:00:00,85.08916,137.31367,4.687835946679115
239,2019-09-30 16:00:00,85.08431,137.28808000000004,4.363892003893852
240,2019-09-30 17:00:00,85.07904,137.25707999999997,4.05470184981823
241,2019-09-30 18:00:00,85.07394,137.22141999999997,3.8529720306396484
242,2019-09-30 19:00:00,85.06938,137.17949999999996,3.587770313024521
243,2019-09-30 20:00:00,85.06568,137.13248,3.534871593117714
244,2019-09-30 21:00:00,85.06311,137.08482000000004,3.4390078485012054
245,2019-09-30 22:00:00,85.06171,137.03894000000003,3.3462413400411606
246,2019-09-30 23:00:00,85.06115,136.99905,3.26828633248806
247,2019-10-01 00:00:00,85.06107,136.96708999999998,3.2666757702827454
248,2019-10-01 01:00:00,85.06076,136.94462999999996,3.016851767897606
249,2019-10-01 02:00:00,85.06013,136.92835000000002,2.6619385927915573
250,2019-10-01 03:00:00,85.05899,136.9169,2.386856660246849
251,2019-10-01 04:00:00,85.05725,136.90697,2.4313595294952393
252,2019-10-01 05:00:00,85.05509,136.89400999999998,2.384386792778969
253,2019-10-01 06:00:00,85.05271,136.8766,2.0502594262361526
254,2019-10-01 07:00:00,85.05054,136.85455000000002,1.6387520134449005
255,2019-10-01 08:00:00,85.04901,136.82475,1.4294529259204865
256,2019-10-01 09:00:00,85.04831,136.79309999999998,1.3164002597332
257,2019-10-01 10:00:00,85.04876,136.75887,1.032136619091034
258,2019-10-01 11:00:00,85.05005,136.72531000000004,0.9541295617818832
259,2019-10-01 12:00:00,85.05188,136.69874,0.9957887083292007
260,2019-10-01 13:00:00,85.05373,136.68084,0.9842090532183647
261,2019-10-01 14:00:00,85.05525,136.66841,1.0419723391532898
262,2019-10-01 15:00:00,85.05623,136.66041,1.077681079506874
263,2019-10-01 16:00:00,85.05675,136.654,0.9939793050289154
264,2019-10-01 17:00:00,85.05684,136.64547,0.9305806010961533
265,2019-10-01 18:00:00,85.05681,136.63072999999997,0.9059458673000336
266,2019-10-01 19:00:00,85.05694,136.60992999999996,0.9430422484874725
267,2019-10-01 20:00:00,85.05752,136.58324,1.08138008415699
268,2019-10-01 21:00:00,85.06228,136.30239,1.066017746925354
269,2019-10-01 22:00:00,85.12386,135.17714,1.0179007351398468
270,2019-10-01 23:00:00,85.11998,134.54922,0.9516292810440063
271,2019-10-02 00:00:00,85.12265,134.52706999999998,0.8339747786521912
272,2019-10-02 01:00:00,85.16646,134.41296,0.768389955163002
273,2019-10-02 02:00:00,85.16506,134.47377,0.8087312281131744
274,2019-10-02 03:00:00,85.16672,134.47229,0.8777369558811188
275,2019-10-02 04:00:00,85.1638,134.49252,0.9079872518777847
276,2019-10-02 05:00:00,85.17085,134.40924,0.9651646167039871
277,2019-10-02 06:00:00,85.16752,134.46452999999997,1.013674333691597
278,2019-10-02 07:00:00,85.16746,134.45119999999997,1.0095317661762238
279,2019-10-02 08:00:00,85.16777,134.43306,0.9251547455787659
280,2019-10-02 09:00:00,85.16875,134.40656,0.8756207823753357
281,2019-10-02 10:00:00,85.16958,134.38349,0.7922523766756058
282,2019-10-02 11:00:00,85.17145,134.35942999999997,0.7754340916872025
283,2019-10-02 12:00:00,85.17341,134.34171000000003,0.8891674280166626
284,2019-10-02 13:00:00,85.17614,134.3265,1.0710760653018951
285,2019-10-02 14:00:00,85.17788,134.32151,1.2570196092128754
286,2019-10-02 15:00:00,85.17921,134.31993,1.297897808253765
287,2019-10-02 16:00:00,85.18,134.31854999999996,1.402255654335022
288,2019-10-02 17:00:00,85.18016,134.31477,1.529827058315277
289,2019-10-02 18:00:00,85.18006,134.30622,1.6404756009578705
290,2019-10-02 19:00:00,85.18003,134.2912,1.6991653442382812
291,2019-10-02 20:00:00,85.18023,134.27070000000003,1.7166011333465576
292,2019-10-02 21:00:00,85.18098,134.24450000000002,1.7691442668437958
293,2019-10-02 22:00:00,85.18182,134.21799,2.0682438015937805
294,2019-10-02 23:00:00,85.18284,134.19397000000004,2.543924629688263
295,2019-10-03 00:00:00,85.18421,134.17348000000004,2.7261465340852737
296,2019-10-03 01:00:00,85.1856,134.15436999999997,2.973007395863533
297,2019-10-03 02:00:00,85.18676,134.13653,3.314539358019829
298,2019-10-03 03:00:00,85.18701,134.12018999999998,3.5739954113960266
299,2019-10-03 04:00:00,85.18604,134.11338999999998,3.6776855140924454
300,2019-10-03 05:00:00,85.15413,134.07517,3.7965280264616013
301,2019-10-03 06:00:00,85.14625,134.00008000000003,4.031526170670986
302,2019-10-03 07:00:00,85.14507,133.97204999999997,4.415723279118538
303,2019-10-03 08:00:00,85.14355,133.94322999999997,4.729878291487694
304,2019-10-03 09:00:00,85.14203,133.91305,5.072816118597984
305,2019-10-03 10:00:00,85.14084,133.87553000000003,5.393403723835945
306,2019-10-03 11:00:00,85.13623,133.89783,5.601746112108231
307,2019-10-03 12:00:00,85.13583,133.85095,5.746338844299316
308,2019-10-03 13:00:00,85.13579,133.80523,5.7534438744187355
309,2019-10-03 14:00:00,85.13559,133.76117999999997,5.7407878786325455
310,2019-10-03 15:00:00,85.13515,133.72033,5.817485526204109
311,2019-10-03 16:00:00,85.13404,133.68352,6.013637557625771
312,2019-10-03 17:00:00,85.13244,133.64204,6.17501112818718
313,2019-10-03 18:00:00,85.13074,133.59348,6.139908969402313
314,2019-10-03 19:00:00,85.12908,133.53818,6.36057285964489
315,2019-10-03 20:00:00,85.12753,133.47693000000004,6.405715495347977
316,2019-10-03 21:00:00,85.12631,133.40562999999997,6.1275807321071625
317,2019-10-03 22:00:00,85.12541,133.32155,5.7364649176597595
318,2019-10-03 23:00:00,85.12502,133.23712,5.730724409222603
319,2019-10-04 00:00:00,85.12514,133.15913999999998,5.933087259531021
320,2019-10-04 01:00:00,85.12736,133.07569,6.088392600417137
321,2019-10-04 02:00:00,85.12776,132.99400000000003,6.146725609898567
322,2019-10-04 03:00:00,85.12676,132.90677,6.07055439054966
323,2019-10-04 04:00:00,85.12674,132.84519,6.0100284814834595
324,2019-10-04 05:00:00,85.1261,132.78461,5.9007707089185715
325,2019-10-04 06:00:00,85.12532,132.71819,5.732456997036934
326,2019-10-04 07:00:00,85.12474,132.66823999999997,5.5941687524318695
327,2019-10-04 08:00:00,85.1256,132.61518999999998,5.501055717468262
328,2019-10-04 09:00:00,85.12768,132.51877000000002,5.384286925196648
329,2019-10-04 10:00:00,85.1267,132.5704,5.3224010318517685
330,2019-10-04 11:00:00,85.13365,133.28922,5.392586216330528
331,2019-10-04 12:00:00,85.12304,134.47389999999996,5.3701557368040085
332,2019-10-04 13:00:00,85.10471,134.98885,5.201721802353859
333,2019-10-04 14:00:00,85.07638,134.40418,5.093004658818245
334,2019-10-04 15:00:00,85.07669,134.35127999999997,4.973707437515259
335,2019-10-04 16:00:00,85.07703,134.29845999999998,4.877561926841736
336,2019-10-04 17:00:00,85.07717,134.25239,4.78488951921463
337,2019-10-04 18:00:00,85.07721,134.20725,4.619955539703369
338,2019-10-04 19:00:00,85.07721,134.16321,4.42705699801445
339,2019-10-04 20:00:00,85.07743,134.1191,4.203864112496376
340,2019-10-04 21:00:00,85.07797,134.07452,4.021420791745186
341,2019-10-04 22:00:00,85.07909,134.03137000000004,3.9046981185674667
342,2019-10-04 23:00:00,85.08069,133.99049000000002,3.732449471950531
343,2019-10-05 00:00:00,85.0828,133.95245999999997,3.5463766008615494
344,2019-10-05 01:00:00,85.08521,133.91827,3.372536838054657
345,2019-10-05 02:00:00,85.08761,133.89094999999998,3.189633160829544
346,2019-10-05 03:00:00,85.08962,133.87144999999998,3.0067556649446487
347,2019-10-05 04:00:00,85.09124,133.85546,2.7616980522871017
348,2019-10-05 05:00:00,85.09228,133.84342000000004,2.4719901978969574
349,2019-10-05 06:00:00,85.09294,133.83157,2.1496275812387466
350,2019-10-05 07:00:00,85.09355,133.81642,1.779797300696373
351,2019-10-05 08:00:00,85.09408,133.79911000000004,1.3506273925304413
352,2019-10-05 09:00:00,85.09485,133.78070000000002,1.1150634735822678
353,2019-10-05 10:00:00,85.0959,133.76336000000003,1.2071966975927353
354,2019-10-05 11:00:00,85.09732,133.74827,1.2802829593420029
355,2019-10-05 12:00:00,85.09912,133.73699999999997,1.2001611143350601
356,2019-10-05 13:00:00,85.10115,133.73005999999998,1.2967319190502167
357,2019-10-05 14:00:00,85.10326,133.72731999999996,1.6833330392837524
358,2019-10-05 15:00:00,85.10534,133.73003,2.168744742870331
359,2019-10-05 16:00:00,85.10708,133.73782,2.42916339635849
360,2019-10-05 17:00:00,85.10837,133.74738000000002,2.6233482658863068
361,2019-10-05 18:00:00,85.1089,133.75694999999996,2.7978433668613434
362,2019-10-05 19:00:00,85.10925,133.7636,3.044204831123352
363,2019-10-05 20:00:00,85.10929,133.76437999999996,3.4531563073396683
364,2019-10-05 21:00:00,85.10928,133.76296000000002,3.759680077433586
365,2019-10-05 22:00:00,85.10929,133.76261,3.6248250007629395
366,2019-10-05 23:00:00,85.10942,133.76432999999997,3.4179636240005493
367,2019-10-06 00:00:00,85.10954,133.76641,3.2394886314868927
368,2019-10-06 01:00:00,85.10955,133.77084000000002,3.1321812868118286
369,2019-10-06 02:00:00,85.10957,133.78065000000004,3.136335179209709
370,2019-10-06 03:00:00,85.10949,133.79471999999998,3.039202630519867
371,2019-10-06 04:00:00,85.1092,133.80872,3.0321041345596313
372,2019-10-06 05:00:00,85.10855,133.82034,3.182535693049431
373,2019-10-06 06:00:00,85.10768,133.82813,3.299023687839508
374,2019-10-06 07:00:00,85.10659,133.83294999999998,3.3251416087150574
375,2019-10-06 08:00:00,85.10537,133.83466999999996,3.2636556327342987
376,2019-10-06 09:00:00,85.10426,133.83691999999996,3.2660079300403595
377,2019-10-06 10:00:00,85.10342,133.84127,3.374646916985512
378,2019-10-06 11:00:00,85.10289,133.84783,3.6489382833242416
379,2019-10-06 12:00:00,85.1025,133.85638,3.92986286431551
380,2019-10-06 13:00:00,85.10238,133.8671,3.9903415739536285
381,2019-10-06 14:00:00,85.10234,133.88156000000004,3.9722989797592163
382,2019-10-06 15:00:00,85.10227,133.89948000000004,4.148733854293823
383,2019-10-06 16:00:00,85.10209,133.92037,4.495669662952423
384,2019-10-06 17:00:00,85.10171,133.94471999999996,4.827580392360687
385,2019-10-06 18:00:00,85.10101,133.97171000000003,5.138720020651817
386,2019-10-06 19:00:00,85.09978,134.00131999999996,5.328734219074249
387,2019-10-06 20:00:00,85.09815,134.03053999999997,5.642830580472946
388,2019-10-06 21:00:00,85.09647,134.05420000000004,5.977511763572693
389,2019-10-06 22:00:00,85.09483,134.07491,6.116815000772476
390,2019-10-06 23:00:00,85.0933,134.09551999999996,6.261302068829536
391,2019-10-07 00:00:00,85.092,134.12032,6.286206752061844
392,2019-10-07 01:00:00,85.09101,134.14913,6.214210525155067
393,2019-10-07 02:00:00,85.09024,134.18183999999997,5.981593877077103
394,2019-10-07 03:00:00,85.08922,134.21825,5.643076218664646
395,2019-10-07 04:00:00,85.08784,134.25626,5.784524120390415
396,2019-10-07 05:00:00,85.08614,134.29676,6.266188487410545
397,2019-10-07 06:00:00,85.08402,134.33844,6.770844548940659
398,2019-10-07 07:00:00,85.08177,134.37826,7.264594733715057
399,2019-10-07 08:00:00,85.07924,134.41526,7.566483974456787
400,2019-10-07 09:00:00,85.07678,134.45082000000002,7.9275029599666595
401,2019-10-07 10:00:00,85.07442,134.48828000000003,8.479657232761383
402,2019-10-07 11:00:00,85.07196,134.53425,8.838466182351112
403,2019-10-07 12:00:00,85.06937,134.59095000000002,9.01561014354229
404,2019-10-07 13:00:00,85.06647,134.65443,9.241256922483444
405,2019-10-07 14:00:00,85.06359,134.72001999999998,9.305194422602654
406,2019-10-07 15:00:00,85.0603,134.78880000000004,9.282771289348602
407,2019-10-07 16:00:00,85.05677,134.85404,9.420253068208694
408,2019-10-07 17:00:00,85.0529,134.91744,9.71058663725853
409,2019-10-07 18:00:00,85.04894,134.97992,9.891234993934631
410,2019-10-07 19:00:00,85.04492,135.04275,9.840027958154678
411,2019-10-07 20:00:00,85.04124,135.10512,10.169785797595978
412,2019-10-07 21:00:00,85.03797,135.17231000000004,10.856758952140808
413,2019-10-07 22:00:00,85.03489,135.25062000000003,10.996156632900238
414,2019-10-07 23:00:00,85.03112,135.34996999999998,11.02529938519001
415,2019-10-08 00:00:00,85.02707,135.4531,10.798946246504784
416,2019-10-08 01:00:00,85.02302,135.5568,11.093971878290176
417,2019-10-08 02:00:00,85.01872,135.66083000000003,11.263107508420944
418,2019-10-08 03:00:00,85.01393,135.76428999999996,11.212920039892197
419,2019-10-08 04:00:00,85.00873,135.86106,11.129172131419182
420,2019-10-08 05:00:00,85.00318,135.95175,10.83963032066822
421,2019-10-08 06:00:00,84.99728,136.03332999999998,10.344765990972519
422,2019-10-08 07:00:00,84.99113,136.10063000000002,9.72886136174202
423,2019-10-08 08:00:00,84.98482,136.15565000000004,9.047173485159874
424,2019-10-08 09:00:00,84.97849,136.19628999999998,8.209609717130661
425,2019-10-08 10:00:00,84.97228,136.21766000000002,7.324190020561218
426,2019-10-08 11:00:00,84.96587,136.22623999999996,6.520283505320549
427,2019-10-08 12:00:00,84.95957,136.22656,5.829791843891144
428,2019-10-08 13:00:00,84.95397,136.22085000000004,5.112349584698677
429,2019-10-08 14:00:00,84.94885,136.21491000000003,5.019951045513153
430,2019-10-08 15:00:00,84.9445,136.20838000000003,5.1758438646793365
431,2019-10-08 16:00:00,84.9408,136.20387,4.752985954284668
432,2019-10-08 17:00:00,84.93744,136.20133999999996,4.528326034545898
433,2019-10-08 18:00:00,84.93415,136.20121,4.841368138790131
434,2019-10-08 19:00:00,84.93041,136.19852000000003,5.477827370166779
435,2019-10-08 20:00:00,84.92638,136.19078000000002,5.34639036655426
436,2019-10-08 21:00:00,84.9226,136.17651,5.072538793087006
437,2019-10-08 22:00:00,84.91906,136.15799000000004,4.737056866288185
438,2019-10-08 23:00:00,84.91588,136.13241,4.71821765601635
439,2019-10-09 00:00:00,84.91365,136.10305,4.854438677430153
440,2019-10-09 01:00:00,84.91195,136.07331999999997,4.382271081209183
441,2019-10-09 02:00:00,84.9107,136.04524000000004,4.421878412365913
442,2019-10-09 03:00:00,84.91018,136.02096,4.53953617811203
443,2019-10-09 04:00:00,84.91026,136.00269000000003,4.289315089583397
444,2019-10-09 05:00:00,84.91014,135.99003,3.81253744661808
445,2019-10-09 06:00:00,84.91002,135.98194,3.244698002934456
446,2019-10-09 07:00:00,84.90944,135.97558000000004,2.9687142223119736
447,2019-10-09 08:00:00,84.90833,135.96794999999997,2.935011327266693
448,2019-10-09 09:00:00,84.90681,135.95691999999997,3.1285599023103714
449,2019-10-09 10:00:00,84.90548,135.94221,2.7918865978717804
450,2019-10-09 11:00:00,84.90452,135.92521999999997,2.1594535261392593
451,2019-10-09 12:00:00,84.90386,135.90962000000002,1.78929403424263
452,2019-10-09 13:00:00,84.90342,135.8947,1.690806657075882
453,2019-10-09 14:00:00,84.90331,135.88206000000002,1.8011782765388489
454,2019-10-09 15:00:00,84.90374,135.8725,2.1413566321134567
455,2019-10-09 16:00:00,84.90459,135.86465999999996,2.297518938779831
456,2019-10-09 17:00:00,84.90574,135.85722999999996,2.409794420003891
457,2019-10-09 18:00:00,84.90701,135.84839999999997,2.770853191614151
458,2019-10-09 19:00:00,84.90835,135.83691,3.1943030059337616
459,2019-10-09 20:00:00,84.90946,135.81951000000004,3.410798192024231
460,2019-10-09 21:00:00,84.91043,135.79430000000002,3.5383175909519196
461,2019-10-09 22:00:00,84.91127,135.76168,3.619395986199379
462,2019-10-09 23:00:00,84.91205,135.72194000000002,3.7328871935606003
463,2019-10-10 00:00:00,84.91302,135.67641000000003,3.8779869079589844
464,2019-10-10 01:00:00,84.91429,135.62791000000004,3.9001171588897705
465,2019-10-10 02:00:00,84.91577,135.57798000000003,3.449956089258194
466,2019-10-10 03:00:00,84.91749,135.52772,3.101838991045952
467,2019-10-10 04:00:00,84.9194,135.48031000000003,2.8271270394325256
468,2019-10-10 05:00:00,84.92108,135.43880000000001,2.70759180188179
469,2019-10-10 06:00:00,84.92204,135.40369999999996,2.5625605285167694
470,2019-10-10 07:00:00,84.92231,135.37541999999996,2.511711984872818
471,2019-10-10 08:00:00,84.92186,135.35402999999997,2.5968066453933716
472,2019-10-10 09:00:00,84.92085,135.32982000000004,2.789380446076393
473,2019-10-10 10:00:00,84.91952,135.30543,2.8968269526958466
474,2019-10-10 11:00:00,84.91791,135.27835,2.4642686024308205
475,2019-10-10 12:00:00,84.91639,135.25180999999998,2.381912514567375
476,2019-10-10 13:00:00,84.91506,135.22869000000003,2.7485925555229187
477,2019-10-10 14:00:00,84.91389,135.21103,2.737571805715561
478,2019-10-10 15:00:00,84.91298,135.20256,2.9924585223197937
479,2019-10-10 16:00:00,84.9122,135.20351,3.2497586458921432
480,2019-10-10 17:00:00,84.91135,135.2135,3.7544715106487274
481,2019-10-10 18:00:00,84.91027,135.23613,4.409727603197098
482,2019-10-10 19:00:00,84.90858,135.26756,4.998633071780205
483,2019-10-10 20:00:00,84.90624,135.30200000000002,5.784596920013428
484,2019-10-10 21:00:00,84.9032,135.34026,6.598277688026428
485,2019-10-10 22:00:00,84.89956,135.37928,6.757101684808731
486,2019-10-10 23:00:00,84.89513,135.41596000000004,6.589049756526947
487,2019-10-11 00:00:00,84.8904,135.44668000000001,6.564077407121658
488,2019-10-11 01:00:00,84.88567,135.47118999999998,6.744040846824646
489,2019-10-11 02:00:00,84.88099,135.49041,7.025893077254295
490,2019-10-11 03:00:00,84.87687,135.50523999999996,7.232260078191757
491,2019-10-11 04:00:00,84.87344,135.52107999999998,7.123513549566269
492,2019-10-11 05:00:00,84.87073,135.54044,7.054664894938469
493,2019-10-11 06:00:00,84.86803,135.56583999999998,7.497575744986534
494,2019-10-11 07:00:00,84.86365,135.60118,7.8507965207099915
495,2019-10-11 08:00:00,84.85842,135.63115,7.777993068099022
496,2019-10-11 09:00:00,84.85335,135.65038000000004,7.580709591507912
497,2019-10-11 10:00:00,84.84873,135.66011000000003,7.571609407663345
498,2019-10-11 11:00:00,84.84488,135.66445999999996,7.471769630908966
499,2019-10-11 12:00:00,84.8417,135.66647,7.2860474064946175
500,2019-10-11 13:00:00,84.83919,135.671,7.110796362161636
501,2019-10-11 14:00:00,84.83728,135.68117,6.65287072956562
502,2019-10-11 15:00:00,84.83576,135.69983000000002,6.169258177280426
503,2019-10-11 16:00:00,84.8346,135.72354,5.91920568048954
504,2019-10-11 17:00:00,84.83366,135.75126999999998,5.698250472545624
505,2019-10-11 18:00:00,84.83232,135.78213,5.353526413440704
506,2019-10-11 19:00:00,84.83078,135.80880000000002,4.936508461833
507,2019-10-11 20:00:00,84.82918,135.82961,4.609553307294846
508,2019-10-11 21:00:00,84.82792,135.84388,4.267285540699959
509,2019-10-11 22:00:00,84.82723,135.8496,3.965585857629776
510,2019-10-11 23:00:00,84.8274,135.84721000000002,3.696459263563156
511,2019-10-12 00:00:00,84.82892,135.84010999999998,3.5039982050657272
512,2019-10-12 01:00:00,84.83155,135.83463,3.140282914042473
513,2019-10-12 02:00:00,84.83514,135.83439999999996,2.322429746389389
514,2019-10-12 03:00:00,84.83927,135.83841,1.9342644661664963
515,2019-10-12 04:00:00,84.84333,135.84265,2.519961327314377
516,2019-10-12 05:00:00,84.84704,135.8422,2.8668211698532104
517,2019-10-12 06:00:00,84.85014,135.83774,3.077421799302101
518,2019-10-12 07:00:00,84.85251,135.82855,3.3917856961488724
519,2019-10-12 08:00:00,84.85413,135.81286,3.570209324359894
520,2019-10-12 09:00:00,84.85513,135.78877,3.700647696852684
521,2019-10-12 10:00:00,84.85592,135.75538,3.8173417150974274
522,2019-10-12 11:00:00,84.85679,135.71227,3.9287299066781998
523,2019-10-12 12:00:00,84.8579,135.66241000000002,4.181162089109421
524,2019-10-12 13:00:00,84.85929,135.61127999999997,4.528056055307388
525,2019-10-12 14:00:00,84.86091,135.5639,4.93406243622303
526,2019-10-12 15:00:00,84.86246,135.52504999999996,5.260714560747147
527,2019-10-12 16:00:00,84.86375,135.49469,5.067225873470306
528,2019-10-12 17:00:00,84.8645,135.4708,4.8736076056957245
529,2019-10-12 18:00:00,84.86456,135.44921,4.958032459020615
530,2019-10-12 19:00:00,84.86396,135.42637000000002,5.005087122321129
531,2019-10-12 20:00:00,84.86294,135.39778,4.778936803340912
532,2019-10-12 21:00:00,84.86185,135.36018,4.420860856771469
533,2019-10-12 22:00:00,84.86091,135.3134,4.425302162766457
534,2019-10-12 23:00:00,84.86029,135.26309000000003,4.608822047710419
535,2019-10-13 00:00:00,84.86,135.21200999999996,4.8420630395412445
536,2019-10-13 01:00:00,84.86013,135.16226,5.008869826793671
537,2019-10-13 02:00:00,84.86031,135.11804,4.880057364702225
538,2019-10-13 03:00:00,84.86019,135.08126,4.642670914530754
539,2019-10-13 04:00:00,84.85963,135.05106999999998,4.594302773475647
540,2019-10-13 05:00:00,84.85858,135.02475000000004,4.501676335930824
541,2019-10-13 06:00:00,84.8571,134.99973999999997,4.236066088080406
542,2019-10-13 07:00:00,84.85534,134.97319,4.102950558066368
543,2019-10-13 08:00:00,84.85344,134.94448999999997,4.123186841607094
544,2019-10-13 09:00:00,84.85147,134.91253,4.132019102573395
545,2019-10-13 10:00:00,84.84946,134.87937,4.232119172811508
546,2019-10-13 11:00:00,84.84762,134.84875,4.387195870280266
547,2019-10-13 12:00:00,84.84593,134.82486,4.453923285007477
548,2019-10-13 13:00:00,84.84401,134.80941,4.440525457262993
549,2019-10-13 14:00:00,84.84185,134.80135,4.499192103743553
550,2019-10-13 15:00:00,84.83948,134.80425000000002,4.676612883806229
551,2019-10-13 16:00:00,84.83661,134.81554,4.94204443693161
552,2019-10-13 17:00:00,84.83266,134.83050000000003,5.17489629983902
553,2019-10-13 18:00:00,84.82743,134.84143,5.273249387741089
554,2019-10-13 19:00:00,84.82181,134.84281999999996,5.2821700274944305
555,2019-10-13 20:00:00,84.81655,134.83008,5.217765271663666
556,2019-10-13 21:00:00,84.81179,134.80588999999998,5.318320482969284
557,2019-10-13 22:00:00,84.80704,134.77376000000004,5.584811687469482
558,2019-10-13 23:00:00,84.80275,134.73343999999997,5.956581860780716
559,2019-10-14 00:00:00,84.79903,134.69284,6.322642683982849
560,2019-10-14 01:00:00,84.7958,134.65701,6.547609314322472
561,2019-10-14 02:00:00,84.79276,134.62805000000003,6.635116875171661
562,2019-10-14 03:00:00,84.78975,134.60324000000003,6.660046756267548
563,2019-10-14 04:00:00,84.78703,134.58312999999998,6.742757543921471
564,2019-10-14 05:00:00,84.78428,134.56669999999997,6.870689317584038
565,2019-10-14 06:00:00,84.78149,134.55372,6.776633724570274
566,2019-10-14 07:00:00,84.77853,134.54143,6.469563186168671
567,2019-10-14 08:00:00,84.7753,134.52832999999998,6.173810839653015
568,2019-10-14 09:00:00,84.77185,134.51108,5.874102860689163
569,2019-10-14 10:00:00,84.76869,134.48828000000003,5.672236293554306
570,2019-10-14 11:00:00,84.76615,134.46195,5.535685837268829
571,2019-10-14 12:00:00,84.76422,134.43408999999997,5.27808703482151
572,2019-10-14 13:00:00,84.76292,134.40862000000004,4.973621964454651
573,2019-10-14 14:00:00,84.76207,134.38926000000004,4.763144642114639
574,2019-10-14 15:00:00,84.76151,134.37782000000004,4.442062675952911
575,2019-10-14 16:00:00,84.76104,134.37548000000004,4.108016073703766
576,2019-10-14 17:00:00,84.76049,134.38117999999997,3.6816163510084152
577,2019-10-14 18:00:00,84.75975,134.39201000000003,3.342371940612793
578,2019-10-14 19:00:00,84.7588,134.40394000000003,3.18270942568779
579,2019-10-14 20:00:00,84.75775,134.41323999999997,3.204184412956238
580,2019-10-14 21:00:00,84.75679,134.41686000000004,3.155058965086937
581,2019-10-14 22:00:00,84.75611,134.41318,2.995323956012726
582,2019-10-14 23:00:00,84.75584,134.40215,2.7802128195762634
583,2019-10-15 00:00:00,84.7561,134.38764000000003,2.5284452736377716
584,2019-10-15 01:00:00,84.75685,134.37297,2.1758866012096405
585,2019-10-15 02:00:00,84.75796,134.36140999999998,1.7759427428245544
586,2019-10-15 03:00:00,84.75923,134.35483,1.5864368975162506
587,2019-10-15 04:00:00,84.76043,134.35467,1.6315328627824783
588,2019-10-15 05:00:00,84.76139,134.35860000000002,1.7751869857311249
589,2019-10-15 06:00:00,84.76194,134.36289,1.9008495509624481
590,2019-10-15 07:00:00,84.76207,134.36595,1.951212152838707
591,2019-10-15 08:00:00,84.76188,134.36356,2.1285579800605774
592,2019-10-15 09:00:00,84.76158,134.35360000000003,2.4257109463214874
593,2019-10-15 10:00:00,84.76132,134.33616,2.5775970220565796
594,2019-10-15 11:00:00,84.76132,134.31268,2.500028118491173
595,2019-10-15 12:00:00,84.76169,134.28578,2.388065531849861
596,2019-10-15 13:00:00,84.76244,134.2591,2.5989834517240524
597,2019-10-15 14:00:00,84.76342,134.23609999999996,2.9471883326768875
598,2019-10-15 15:00:00,84.76448,134.21871999999996,3.134845808148384
599,2019-10-15 16:00:00,84.76534,134.20727,3.0965449810028076
600,2019-10-15 17:00:00,84.7659,134.19937,2.9968438744544983
601,2019-10-15 18:00:00,84.76594,134.18921,2.93405057489872
602,2019-10-15 19:00:00,84.7655,134.17059,2.9326256066560745
603,2019-10-15 20:00:00,84.76444,134.14351999999997,3.0679753124713898
604,2019-10-15 21:00:00,84.7639,134.10877,3.2643156349658966
605,2019-10-15 22:00:00,84.76317,134.05885999999998,3.4080232679843903
606,2019-10-15 23:00:00,84.76266,133.99864000000002,3.5012929141521454
607,2019-10-16 00:00:00,84.76269,133.93808,3.578396201133728
608,2019-10-16 01:00:00,84.76322,133.88174000000004,3.609411895275116
609,2019-10-16 02:00:00,84.76405,133.83181000000002,3.6317483633756638
610,2019-10-16 03:00:00,84.76498,133.79118,3.6171709299087524
611,2019-10-16 04:00:00,84.76559,133.76033,3.571667969226837
612,2019-10-16 05:00:00,84.76574,133.73552,3.527453303337097
613,2019-10-16 06:00:00,84.76519,133.71341,3.5438807755708694
614,2019-10-16 07:00:00,84.76433,133.68869,3.5017528980970383
615,2019-10-16 08:00:00,84.76298,133.66066,3.4253945648670197
616,2019-10-16 09:00:00,84.76161,133.62563,3.438219830393791
617,2019-10-16 10:00:00,84.76055,133.5836,3.652661517262459
618,2019-10-16 11:00:00,84.75987,133.53686,3.769493266940117
619,2019-10-16 12:00:00,84.75979,133.48856999999998,3.755666859447956
620,2019-10-16 13:00:00,84.76013,133.44104,3.5830761417746544
621,2019-10-16 14:00:00,84.76094,133.39831000000004,3.5401656106114388
622,2019-10-16 15:00:00,84.76193,133.36264,3.682790495455265
623,2019-10-16 16:00:00,84.76274,133.33483999999999,3.9112120270729065
624,2019-10-16 17:00:00,84.76332,133.31354,3.9424265027046204
625,2019-10-16 18:00:00,84.7632,133.29613,3.8522297143936157
626,2019-10-16 19:00:00,84.76256,133.28069,3.894270047545433
627,2019-10-16 20:00:00,84.76133,133.26324,4.001478001475334
628,2019-10-16 21:00:00,84.76,133.23929999999996,4.162390545010567
629,2019-10-16 22:00:00,84.75885,133.20828,4.216831237077713
630,2019-10-16 23:00:00,84.75785,133.16823,4.148027181625366
631,2019-10-17 00:00:00,84.75712,133.12121000000002,4.084194168448448
632,2019-10-17 01:00:00,84.75672,133.07614999999998,4.140859022736549
633,2019-10-17 02:00:00,84.75652,133.03817000000004,4.141672790050507
634,2019-10-17 03:00:00,84.75654,133.00547,4.094365239143372
635,2019-10-17 04:00:00,84.75676,132.98073,3.9725784361362457
636,2019-10-17 05:00:00,84.75695,132.9681,3.9002510756254196
637,2019-10-17 06:00:00,84.75693,132.96537,3.9180286079645157
638,2019-10-17 07:00:00,84.75651,132.96613000000002,3.9779945462942123
639,2019-10-17 08:00:00,84.75559,132.96582,3.884455293416977
640,2019-10-17 09:00:00,84.75444,132.96119,3.6865928024053574
641,2019-10-17 10:00:00,84.75331,132.95268999999996,3.5574465095996857
642,2019-10-17 11:00:00,84.75234,132.94002,3.5837841778993607
643,2019-10-17 12:00:00,84.75179,132.92744,3.5021993666887283
644,2019-10-17 13:00:00,84.75166,132.91753,3.2499620467424393
645,2019-10-17 14:00:00,84.7519,132.91332,3.0855100750923157
646,2019-10-17 15:00:00,84.75259,132.91696000000002,3.1282349675893784
647,2019-10-17 16:00:00,84.75339,132.92858,2.9864190369844437
648,2019-10-17 17:00:00,84.75428,132.94795999999997,2.614446461200714
649,2019-10-17 18:00:00,84.75516,132.97282,2.2941919565200806
650,2019-10-17 19:00:00,84.75592,132.99760000000003,2.155423402786255
651,2019-10-17 20:00:00,84.75662,133.01918999999998,1.9890287965536118
652,2019-10-17 21:00:00,84.75747,133.03418,1.9327515661716461
653,2019-10-17 22:00:00,84.75876,133.04191000000003,2.079719617962837
654,2019-10-17 23:00:00,84.76082,133.04287,2.0990964770317078
655,2019-10-18 00:00:00,84.76385,133.03974,2.0442218482494354
656,2019-10-18 01:00:00,84.76763,133.03882,2.238379865884781
657,2019-10-18 02:00:00,84.77204,133.04185,2.6923086643218994
658,2019-10-18 03:00:00,84.77684,133.04863999999998,3.0630216002464294
659,2019-10-18 04:00:00,84.78162,133.06171,3.3319454342126846
660,2019-10-18 05:00:00,84.78643,133.07934,3.5283367335796356
661,2019-10-18 06:00:00,84.79103,133.09983999999997,3.634823590517044
662,2019-10-18 07:00:00,84.79525,133.11919,3.6914328187704086
663,2019-10-18 08:00:00,84.79915,133.13413000000003,3.7259658128023148
664,2019-10-18 09:00:00,84.80315,133.14273000000003,3.7664776146411896
665,2019-10-18 10:00:00,84.80744,133.1447,3.7683699280023575
666,2019-10-18 11:00:00,84.81229,133.14098,3.807774007320404
667,2019-10-18 12:00:00,84.81806,133.13320999999996,4.668366804718971
668,2019-10-18 13:00:00,84.8245,133.1273,4.644245475530624
669,2019-10-18 14:00:00,84.83136,133.12493,4.583470240235329
670,2019-10-18 15:00:00,84.83893,133.12917,4.512962505221367
671,2019-10-18 16:00:00,84.84652,133.13864999999998,4.484335124492645
672,2019-10-18 17:00:00,84.85358,133.15794,4.473187550902367
673,2019-10-18 18:00:00,84.85997,133.17832999999996,4.492113769054413
674,2019-10-18 19:00:00,84.86554,133.20241,4.548302128911018
675,2019-10-18 20:00:00,84.87067,133.22078999999997,4.671511352062225
676,2019-10-18 21:00:00,84.87568,133.23397999999997,4.797210678458214
677,2019-10-18 22:00:00,84.881,133.23720000000003,4.890295773744583
678,2019-10-18 23:00:00,84.88684,133.23203999999998,4.895066663622856
679,2019-10-19 00:00:00,84.89314,133.22116,4.921438217163086
680,2019-10-19 01:00:00,84.89959,133.20585,4.919182896614075
681,2019-10-19 02:00:00,84.90586,133.1938,4.737553581595421
682,2019-10-19 03:00:00,84.91179,133.19250999999997,4.577984094619751
683,2019-10-19 04:00:00,84.91661,133.19279,4.50707770884037
684,2019-10-19 05:00:00,84.9203,133.19261,4.433645650744438
685,2019-10-19 06:00:00,84.92317,133.18980999999997,4.288515612483025
686,2019-10-19 07:00:00,84.9253,133.18286999999998,4.155525848269463
687,2019-10-19 08:00:00,84.92723,133.17253,4.0117983520030975
688,2019-10-19 09:00:00,84.92926,133.15720999999996,3.9161284416913986
689,2019-10-19 10:00:00,84.93165,133.13666999999998,3.7423137724399567
690,2019-10-19 11:00:00,84.93453,133.11145999999997,3.569881148636341
691,2019-10-19 12:00:00,84.93798,133.08312999999998,3.5717107951641083
692,2019-10-19 13:00:00,84.94181,133.05368999999996,3.6840582489967346
693,2019-10-19 14:00:00,84.9458,133.02857,3.785716190934181
694,2019-10-19 15:00:00,84.94963,133.00858,3.759664759039879
695,2019-10-19 16:00:00,84.95301,132.99433,3.704826757311821
696,2019-10-19 17:00:00,84.95563,132.9837,3.7085071206092834
697,2019-10-19 18:00:00,84.95741,132.97276999999997,3.713109001517296
698,2019-10-19 19:00:00,84.95866,132.95973000000004,3.72157084941864
699,2019-10-19 20:00:00,84.95952,132.94281,3.722084254026413
700,2019-10-19 21:00:00,84.9603,132.91931,3.750550150871277
701,2019-10-19 22:00:00,84.96115,132.89286000000004,3.8323546051979065
702,2019-10-19 23:00:00,84.96246,132.86489,3.853873997926712
703,2019-10-20 00:00:00,84.96443,132.83661,3.8546767234802246
704,2019-10-20 01:00:00,84.96688,132.81003999999996,3.8105194717645645
705,2019-10-20 02:00:00,84.96967,132.788,3.8249750584363937
706,2019-10-20 03:00:00,84.97268,132.77096,3.8732799738645554
707,2019-10-20 04:00:00,84.97565,132.75883999999996,3.94856496155262
708,2019-10-20 05:00:00,84.97829,132.75101,4.077024579048157
709,2019-10-20 06:00:00,84.98052,132.74559999999997,4.212240219116211
710,2019-10-20 07:00:00,84.98247,132.73995000000002,4.406751379370689
711,2019-10-20 08:00:00,84.98431,132.73221999999998,4.703508347272873
712,2019-10-20 09:00:00,84.98617,132.72103000000004,4.992594048380852
713,2019-10-20 10:00:00,84.98834,132.70699000000002,5.218312427401543
714,2019-10-20 11:00:00,84.99106,132.69187999999997,5.4699531346559525
715,2019-10-20 12:00:00,84.99434,132.67696,5.665027588605881
716,2019-10-20 13:00:00,84.99825,132.66494,5.8450320065021515
717,2019-10-20 14:00:00,85.00269,132.65798,6.001277506351471
718,2019-10-20 15:00:00,85.00756,132.65904,6.076852172613144
719,2019-10-20 16:00:00,85.01255,132.66994999999997,6.134056091308594
720,2019-10-20 17:00:00,85.01757,132.69443,6.325364872813225
721,2019-10-20 18:00:00,85.02235,132.72582999999997,6.56728795170784
722,2019-10-20 19:00:00,85.02672,132.75955999999996,6.743576794862747
723,2019-10-20 20:00:00,85.0302,132.78813000000002,6.915638446807861
724,2019-10-20 21:00:00,85.0331,132.80502,6.90938612818718
725,2019-10-20 22:00:00,85.03627,132.80458999999996,6.733048141002655
726,2019-10-20 23:00:00,85.04049,132.79254000000003,6.5916769951581955
727,2019-10-21 00:00:00,85.04684,132.77864999999997,6.54101936519146
728,2019-10-21 01:00:00,85.05402,132.76306999999997,6.459662452340126
729,2019-10-21 02:00:00,85.06189,132.75011,6.535960480570793
730,2019-10-21 03:00:00,85.0698,132.74262,6.653290286660194
731,2019-10-21 04:00:00,85.07757,132.73883,6.7654726803302765
732,2019-10-21 05:00:00,85.0849,132.73505999999998,6.924977242946625
733,2019-10-21 06:00:00,85.09105,132.72766000000001,7.020501345396042
734,2019-10-21 07:00:00,85.09604,132.71479,7.089443683624268
735,2019-10-21 08:00:00,85.10068,132.69167,7.1261081993579865
736,2019-10-21 09:00:00,85.10538,132.65807,7.195498690009117
737,2019-10-21 10:00:00,85.11068,132.61510999999996,7.344452917575836
738,2019-10-21 11:00:00,85.11675,132.56549,7.517003670334816
739,2019-10-21 12:00:00,85.12362,132.51328,7.59665259718895
740,2019-10-21 13:00:00,85.13094,132.46137999999996,7.632961392402649
741,2019-10-21 14:00:00,85.1385,132.41235,7.6466808915138245
742,2019-10-21 15:00:00,85.14597,132.36696,7.627601742744446
743,2019-10-21 16:00:00,85.153,132.32491,7.603403866291046
744,2019-10-21 17:00:00,85.15938,132.28462000000002,7.641533434391022
745,2019-10-21 18:00:00,85.16515,132.24397,7.724705994129181
746,2019-10-21 19:00:00,85.17043,132.20187999999996,7.791186481714249
747,2019-10-21 20:00:00,85.17557,132.1553,7.831075489521027
748,2019-10-21 21:00:00,85.181,132.10226999999998,7.810534358024597
749,2019-10-21 22:00:00,85.18699,132.04345,7.750055342912674
750,2019-10-21 23:00:00,85.19367,131.98041999999998,7.691152393817902
751,2019-10-22 00:00:00,85.20113,131.91706999999997,7.647344544529915
752,2019-10-22 01:00:00,85.20889,131.85579,7.660995975136757
753,2019-10-22 02:00:00,85.21705,131.79728,7.636954456567764
754,2019-10-22 03:00:00,85.22526,131.74265000000003,7.597405225038528
755,2019-10-22 04:00:00,85.23309,131.69194,7.594465836882591
756,2019-10-22 05:00:00,85.24025,131.64243,7.563867524266243
757,2019-10-22 06:00:00,85.2468,131.59024999999997,7.476013317704201
758,2019-10-22 07:00:00,85.25262,131.53341,7.363339722156525
759,2019-10-22 08:00:00,85.25785,131.47087999999997,7.3101088255643845
760,2019-10-22 09:00:00,85.26262,131.40447,7.215191051363945
761,2019-10-22 10:00:00,85.26716,131.33508,7.151465609669685
762,2019-10-22 11:00:00,85.27155,131.26159,7.097576171159744
763,2019-10-22 12:00:00,85.27595,131.18696999999997,7.000733509659767
764,2019-10-22 13:00:00,85.28036,131.11314,6.841414138674736
765,2019-10-22 14:00:00,85.28462,131.04107,6.6973128616809845
766,2019-10-22 15:00:00,85.28906,130.97360000000003,6.624759159982204
767,2019-10-22 16:00:00,85.29341,130.91095,6.47884701192379
768,2019-10-22 17:00:00,85.29755,130.85104,6.352049797773361
769,2019-10-22 18:00:00,85.3015,130.79746999999998,6.2086217403411865
770,2019-10-22 19:00:00,85.30523,130.74472000000003,6.084393292665482
771,2019-10-22 20:00:00,85.30827,130.69303000000002,5.9706821590662
772,2019-10-22 21:00:00,85.31124,130.63755000000003,5.909061551094055
773,2019-10-22 22:00:00,85.31414,130.57963,5.768176957964897
774,2019-10-22 23:00:00,85.31735,130.51863000000003,5.718219488859177
775,2019-10-23 00:00:00,85.32074,130.45650999999998,5.676592841744423
776,2019-10-23 01:00:00,85.32421,130.39435000000003,5.593567028641701
777,2019-10-23 02:00:00,85.3278,130.33218999999997,5.478555545210838
778,2019-10-23 03:00:00,85.33128,130.27368,5.282176822423935
779,2019-10-23 04:00:00,85.33448,130.2201,4.990380257368088
780,2019-10-23 05:00:00,85.33725,130.16827,4.850875124335289
781,2019-10-23 06:00:00,85.33946,130.11948,4.892277017235756
782,2019-10-23 07:00:00,85.34133,130.07222000000002,4.789629727602005
783,2019-10-23 08:00:00,85.34285,130.02398,4.462197631597519
784,2019-10-23 09:00:00,85.34424,129.97407999999996,4.193666979670525
785,2019-10-23 10:00:00,85.34566,129.92561999999998,4.2508677542209625
786,2019-10-23 11:00:00,85.34717,129.88017000000002,4.316742405295372
787,2019-10-23 12:00:00,85.34886,129.84028999999998,4.039112463593483
788,2019-10-23 13:00:00,85.35068,129.80492000000004,3.7295259088277817
789,2019-10-23 14:00:00,85.35268,129.76965,3.5293574035167694
790,2019-10-23 15:00:00,85.3548,129.73867,3.3428364396095276
791,2019-10-23 16:00:00,85.35683,129.70912999999996,3.273253917694092
792,2019-10-23 17:00:00,85.35871,129.67915,3.2616238594055176
793,2019-10-23 18:00:00,85.36039,129.64965,3.158931329846382
794,2019-10-23 19:00:00,85.36188,129.61995000000002,3.1595950722694397
795,2019-10-23 20:00:00,85.36331,129.58951000000002,3.323661684989929
796,2019-10-23 21:00:00,85.36478,129.55650000000003,3.333074629306793
797,2019-10-23 22:00:00,85.36647,129.51872000000003,3.250169947743416
798,2019-10-23 23:00:00,85.3685,129.4792,3.1751667261123657
799,2019-10-24 00:00:00,85.37078,129.43986,3.106696203351021
800,2019-10-24 01:00:00,85.37376,129.39770999999996,3.075831428170204
801,2019-10-24 02:00:00,85.37719,129.35766,3.140076294541359
802,2019-10-24 03:00:00,85.38089,129.3234,3.2318556010723114
803,2019-10-24 04:00:00,85.38453,129.29120999999998,3.2682737559080124
804,2019-10-24 05:00:00,85.38783,129.25856999999996,3.2467914670705795
805,2019-10-24 06:00:00,85.39099,129.22392000000002,3.269920900464058
806,2019-10-24 07:00:00,85.39376,129.18461000000002,3.354371950030327
807,2019-10-24 08:00:00,85.39659,129.14427,3.5604601353406906
808,2019-10-24 09:00:00,85.39908,129.09742,3.79517862200737
809,2019-10-24 10:00:00,85.40121,129.04575,3.8510450571775436
810,2019-10-24 11:00:00,85.40377,128.99023999999997,3.8616875261068344
811,2019-10-24 12:00:00,85.40637,128.92926,3.9318324625492096
812,2019-10-24 13:00:00,85.40927,128.86724000000004,4.005874186754227
813,2019-10-24 14:00:00,85.41215,128.80574000000001,4.009268149733543
814,2019-10-24 15:00:00,85.4151,128.74428999999998,4.080693885684013
815,2019-10-24 16:00:00,85.41853,128.68516999999997,4.182158902287483
816,2019-10-24 17:00:00,85.42167,128.63194,4.1532939821481705
817,2019-10-24 18:00:00,85.42456,128.57991000000004,4.119731441140175
818,2019-10-24 19:00:00,85.42693,128.52845000000002,4.045257970690727
819,2019-10-24 20:00:00,85.42882,128.47611,3.995463266968727
820,2019-10-24 21:00:00,85.43026,128.42281000000003,3.9090110063552856
821,2019-10-24 22:00:00,85.43165,128.36819000000003,4.013154327869415
822,2019-10-24 23:00:00,85.43315,128.31375000000003,4.2061212956905365
823,2019-10-25 00:00:00,85.43496,128.26025000000004,4.138334959745407
824,2019-10-25 01:00:00,85.43685,128.21078999999997,3.8215017914772034
825,2019-10-25 02:00:00,85.43883,128.16350999999997,3.5377186983823776
826,2019-10-25 03:00:00,85.44076,128.12302,3.4312379956245422
827,2019-10-25 04:00:00,85.44244,128.0892,3.3484779745340347
828,2019-10-25 05:00:00,85.44375,128.06219999999996,3.243637278676033
829,2019-10-25 06:00:00,85.44459,128.04017,3.1852306723594666
830,2019-10-25 07:00:00,85.44511,128.01917000000003,3.1748623698949814
831,2019-10-25 08:00:00,85.44543,127.99486000000002,3.0594111531972885
832,2019-10-25 09:00:00,85.4457,127.96699000000001,2.9103278815746307
833,2019-10-25 10:00:00,85.44601,127.93637999999999,2.8435365110635757
834,2019-10-25 11:00:00,85.44636,127.90526,2.7750080674886703
835,2019-10-25 12:00:00,85.44671,127.87511,2.598005160689354
836,2019-10-25 13:00:00,85.44724,127.84607,2.471601516008377
837,2019-10-25 14:00:00,85.44793,127.81934999999999,2.411708891391754
838,2019-10-25 15:00:00,85.44869,127.79602,2.39596751332283
839,2019-10-25 16:00:00,85.44946,127.77690000000001,2.368921607732773
840,2019-10-25 17:00:00,85.45011,127.76006999999998,2.2489880323410034
841,2019-10-25 18:00:00,85.45052,127.74184000000002,2.2217156141996384
842,2019-10-25 19:00:00,85.4506,127.72537,2.261269897222519
843,2019-10-25 20:00:00,85.45051,127.70693,2.1778764724731445
844,2019-10-25 21:00:00,85.45028,127.68833000000001,2.1338395327329636
845,2019-10-25 22:00:00,85.45006,127.66604000000001,2.268982410430908
846,2019-10-25 23:00:00,85.44997,127.64161000000001,2.323620468378067
847,2019-10-26 00:00:00,85.45007,127.61648000000002,2.376300573348999
848,2019-10-26 01:00:00,85.4504,127.59216000000004,2.4474335461854935
849,2019-10-26 02:00:00,85.45093,127.57033000000001,2.4640274345874786
850,2019-10-26 03:00:00,85.4516,127.55267000000003,2.341023027896881
851,2019-10-26 04:00:00,85.45226,127.53868,2.0735963732004166
852,2019-10-26 05:00:00,85.45285,127.52665000000002,1.8758317828178406
853,2019-10-26 06:00:00,85.4533,127.51499000000001,1.8599123805761337
854,2019-10-26 07:00:00,85.4536,127.50200999999998,2.161880239844322
855,2019-10-26 08:00:00,85.45382,127.48588000000001,2.5681834518909454
856,2019-10-26 09:00:00,85.45403,127.46602999999999,2.6599164605140686
857,2019-10-26 10:00:00,85.45434,127.44214999999997,2.636062905192375
858,2019-10-26 11:00:00,85.45479,127.41589999999997,2.524663992226124
859,2019-10-26 12:00:00,85.45546,127.38835,2.337088391184807
860,2019-10-26 13:00:00,85.45639,127.36198999999999,2.381214991211891
861,2019-10-26 14:00:00,85.45751,127.33803,2.676481455564499
862,2019-10-26 15:00:00,85.45873,127.31743,2.7431131452322006
863,2019-10-26 16:00:00,85.45998,127.30020000000002,2.6588765680789948
864,2019-10-26 17:00:00,85.46118,127.28525000000002,2.7005093097686768
865,2019-10-26 18:00:00,85.46233,127.27121,2.865795359015465
866,2019-10-26 19:00:00,85.4634,127.25644,2.907695025205612
867,2019-10-26 20:00:00,85.46444,127.23909000000003,2.9482820630073547
868,2019-10-26 21:00:00,85.46555,127.21870999999999,3.093071609735489
869,2019-10-26 22:00:00,85.46678,127.19400999999999,3.2517202496528625
870,2019-10-26 23:00:00,85.46823,127.16633000000002,3.3830948770046234
871,2019-10-27 00:00:00,85.46986,127.13797999999997,3.417622908949852
872,2019-10-27 01:00:00,85.47175,127.11000999999999,3.3995594531297684
873,2019-10-27 02:00:00,85.47391,127.08312999999998,3.412830650806427
874,2019-10-27 03:00:00,85.47629,127.05926999999997,3.488977387547493
875,2019-10-27 04:00:00,85.47878,127.03933,3.6250227987766266
876,2019-10-27 05:00:00,85.48122,127.02235000000002,3.761118710041046
877,2019-10-27 06:00:00,85.48359,127.00526000000002,3.8799371421337128
878,2019-10-27 07:00:00,85.4858,126.98729000000003,4.001410201191902
879,2019-10-27 08:00:00,85.48792,126.96650999999997,4.155537396669388
880,2019-10-27 09:00:00,85.49002,126.94272000000001,4.283946141600609
881,2019-10-27 10:00:00,85.49224,126.91673000000003,4.377353653311729
882,2019-10-27 11:00:00,85.49462,126.88992000000002,4.474643707275391
883,2019-10-27 12:00:00,85.49727,126.86343,4.539014086127281
884,2019-10-27 13:00:00,85.50007,126.83758999999998,4.629856139421463
885,2019-10-27 14:00:00,85.50301,126.81295,4.693528555333614
886,2019-10-27 15:00:00,85.50615,126.78983,4.718539014458656
887,2019-10-27 16:00:00,85.50939,126.76986,4.771451249718666
888,2019-10-27 17:00:00,85.51266,126.75085000000001,4.887611493468285
889,2019-10-27 18:00:00,85.51597,126.73194999999998,4.945422559976578
890,2019-10-27 19:00:00,85.51919,126.70956000000001,5.035172060132027
891,2019-10-27 20:00:00,85.5224,126.68195000000003,5.152625635266304
892,2019-10-27 21:00:00,85.52568,126.65062,5.181474477052689
893,2019-10-27 22:00:00,85.52915,126.61392999999998,5.25821690261364
894,2019-10-27 23:00:00,85.5329,126.5709,5.385476112365723
895,2019-10-28 00:00:00,85.53687,126.52665000000002,5.478106573224068
896,2019-10-28 01:00:00,85.54106,126.48365999999999,5.523720785975456
897,2019-10-28 02:00:00,85.54548,126.44319000000002,5.562515407800674
898,2019-10-28 03:00:00,85.55001,126.40777000000003,5.498786628246307
899,2019-10-28 04:00:00,85.5546,126.37689,5.35874105989933
900,2019-10-28 05:00:00,85.55919,126.35012,5.326702818274498
901,2019-10-28 06:00:00,85.56367,126.32463000000001,5.488763317465782
902,2019-10-28 07:00:00,85.56798,126.29858000000002,5.611385747790337
903,2019-10-28 08:00:00,85.57221,126.27093000000002,5.686514139175415
904,2019-10-28 09:00:00,85.57651,126.24124999999998,5.708455100655556
905,2019-10-28 10:00:00,85.58079,126.20954999999998,5.543402016162872
906,2019-10-28 11:00:00,85.58506,126.17687000000001,5.259271740913391
907,2019-10-28 12:00:00,85.58931,126.14485000000002,5.49773944914341
908,2019-10-28 13:00:00,85.59328,126.11436000000003,5.323127396404743
909,2019-10-28 14:00:00,85.59717,126.08467000000002,5.234437316656113
910,2019-10-28 15:00:00,85.60111,126.05586,5.240949586033821
911,2019-10-28 16:00:00,85.60498,126.03140000000002,5.316135905683041
912,2019-10-28 17:00:00,85.60857,126.00629000000004,5.329726845026016
913,2019-10-28 18:00:00,85.6118,125.97741000000002,5.332537055015564
914,2019-10-28 19:00:00,85.61487,125.94330000000002,5.398284375667572
915,2019-10-28 20:00:00,85.61789,125.90492,5.508408784866333
916,2019-10-28 21:00:00,85.62095,125.86216000000002,5.5891725569963455
917,2019-10-28 22:00:00,85.62409,125.81637999999998,5.6191539615392685
918,2019-10-28 23:00:00,85.62734,125.76737000000003,5.570638209581375
919,2019-10-29 00:00:00,85.63065,125.71530000000001,5.508921563625336
920,2019-10-29 01:00:00,85.63408,125.66467999999998,5.450367033481598
921,2019-10-29 02:00:00,85.63751,125.61984000000001,5.460700616240501
922,2019-10-29 03:00:00,85.64078,125.58098999999999,5.437971785664558
923,2019-10-29 04:00:00,85.64377,125.54550999999998,5.430242642760277
924,2019-10-29 05:00:00,85.64655,125.51173,5.452185675501823
925,2019-10-29 06:00:00,85.64917,125.47703000000001,5.544599816203117
926,2019-10-29 07:00:00,85.65165,125.43819000000002,5.609691649675369
927,2019-10-29 08:00:00,85.65415,125.39459,5.619172632694244
928,2019-10-29 09:00:00,85.65679,125.34744,5.640800476074219
929,2019-10-29 10:00:00,85.65962,125.29716000000002,5.617557406425476
930,2019-10-29 11:00:00,85.66269,125.24400000000003,5.524883404374123
931,2019-10-29 12:00:00,85.66602,125.19186000000002,5.443857491016388
932,2019-10-29 13:00:00,85.66939,125.14395000000002,5.363845087587833
933,2019-10-29 14:00:00,85.67268,125.10178000000002,5.220180377364159
934,2019-10-29 15:00:00,85.67572,125.06423999999998,5.010672643780708
935,2019-10-29 16:00:00,85.67846,125.03061000000002,4.8534363359212875
936,2019-10-29 17:00:00,85.68096,124.99862000000002,4.7861257046461105
937,2019-10-29 18:00:00,85.6833,124.96632,4.804562196135521
938,2019-10-29 19:00:00,85.68556,124.93137999999999,4.852642342448235
939,2019-10-29 20:00:00,85.68785,124.8929,4.8514822870492935
940,2019-10-29 21:00:00,85.69017,124.85190999999998,4.8330371379852295
941,2019-10-29 22:00:00,85.69262,124.80831999999998,4.770631045103073
942,2019-10-29 23:00:00,85.69531,124.76292000000001,4.663458094000816
943,2019-10-30 00:00:00,85.69828,124.71658000000002,4.535591259598732
944,2019-10-30 01:00:00,85.70132,124.67320999999998,4.346552014350891
945,2019-10-30 02:00:00,85.70428,124.63342999999998,4.2594819366931915
946,2019-10-30 03:00:00,85.70702,124.59852000000001,4.173264279961586
947,2019-10-30 04:00:00,85.70949,124.5666,4.137782603502274
948,2019-10-30 05:00:00,85.71176,124.53624000000002,4.008229196071625
949,2019-10-30 06:00:00,85.7138,124.50459000000001,3.847933307290077
950,2019-10-30 07:00:00,85.71579,124.47021999999998,3.70017272233963
951,2019-10-30 08:00:00,85.7178,124.43000999999998,3.7264062762260437
952,2019-10-30 09:00:00,85.71989,124.38580000000002,3.8563385754823685
953,2019-10-30 10:00:00,85.72222,124.33924999999999,3.9185230880975723
954,2019-10-30 11:00:00,85.72476,124.2935,3.917731076478958
955,2019-10-30 12:00:00,85.72746,124.25092000000001,3.9888035356998444
956,2019-10-30 13:00:00,85.73012,124.21206999999998,4.044352248311043
957,2019-10-30 14:00:00,85.73259,124.17701999999997,4.024323746562004
958,2019-10-30 15:00:00,85.73474,124.14549999999997,3.9934004843235016
959,2019-10-30 16:00:00,85.73652,124.11594000000002,4.002493038773537
960,2019-10-30 17:00:00,85.738,124.08681999999999,4.018468484282494
961,2019-10-30 18:00:00,85.73938,124.05552,4.021636739373207
962,2019-10-30 19:00:00,85.74075,124.02091000000001,4.004482090473175
963,2019-10-30 20:00:00,85.74228,123.98300999999998,3.9798356145620346
964,2019-10-30 21:00:00,85.74405,123.94082000000003,3.900551527738571
965,2019-10-30 22:00:00,85.74614,123.89609999999999,3.7920134365558624
966,2019-10-30 23:00:00,85.74852,123.85086000000001,3.700178548693657
967,2019-10-31 00:00:00,85.7511,123.80664000000002,3.6540341079235077
968,2019-10-31 01:00:00,85.7537,123.76601,3.5925999879837036
969,2019-10-31 02:00:00,85.7561,123.73043000000001,3.531137615442276
970,2019-10-31 03:00:00,85.75822,123.69884000000002,3.5094438195228577
971,2019-10-31 04:00:00,85.76001,123.6705,3.460897609591484
972,2019-10-31 05:00:00,85.76162,123.64348999999999,3.357446327805519
973,2019-10-31 06:00:00,85.7631,123.61588999999998,3.2684797644615173
974,2019-10-31 07:00:00,85.76456,123.58665000000002,3.260859787464142
975,2019-10-31 08:00:00,85.76615,123.55488000000003,3.252229183912277
976,2019-10-31 09:00:00,85.76795,123.52013,3.2294787913560867
977,2019-10-31 10:00:00,85.77002,123.48397999999997,3.1826870143413544
978,2019-10-31 11:00:00,85.77231,123.44779,3.145865648984909
979,2019-10-31 12:00:00,85.77474,123.41320999999999,3.1163924634456635
980,2019-10-31 13:00:00,85.77713,123.38134000000002,3.108461432158947
981,2019-10-31 14:00:00,85.77938,123.35320999999999,3.128490060567856
982,2019-10-31 15:00:00,85.78134,123.3286,3.1073156148195267
983,2019-10-31 16:00:00,85.783,123.30570999999998,3.0381790101528168
984,2019-10-31 17:00:00,85.78444,123.28313000000003,2.947314515709877
985,2019-10-31 18:00:00,85.78576,123.25967000000003,2.885456919670105
986,2019-10-31 19:00:00,85.78711,123.23388999999997,2.8415086418390274
987,2019-10-31 20:00:00,85.78859,123.20517000000001,2.828967809677124
988,2019-10-31 21:00:00,85.79029,123.17341999999996,2.902669593691826
989,2019-10-31 22:00:00,85.79228,123.13965999999999,2.904948979616165
990,2019-10-31 23:00:00,85.79457,123.10525999999999,2.812229812145233
991,2019-11-01 00:00:00,85.79707,123.07276000000002,2.677760288119316
992,2019-11-01 01:00:00,85.79964,123.04437000000001,2.6946707516908646
993,2019-11-01 02:00:00,85.80213,123.01922000000002,2.7082077711820602
994,2019-11-01 03:00:00,85.80441,122.99896000000001,2.5972482562065125
995,2019-11-01 04:00:00,85.80643,122.98124000000001,2.3507723063230515
996,2019-11-01 05:00:00,85.80815,122.96492,2.1352803707122803
997,2019-11-01 06:00:00,85.80971,122.9479,2.0468129962682724
998,2019-11-01 07:00:00,85.81125,122.92863999999997,2.1584021747112274
999,2019-11-01 08:00:00,85.81289,122.90791000000002,2.337478682398796
1000,2019-11-01 09:00:00,85.81479,122.88504999999998,2.32998925447464
1001,2019-11-01 10:00:00,85.81693,122.86118999999997,2.1706327348947525
1002,2019-11-01 11:00:00,85.81924,122.83825000000002,1.860919028520584
1003,2019-11-01 12:00:00,85.82174,122.81747999999999,1.6067584156990051
1004,2019-11-01 13:00:00,85.82421,122.80108000000001,1.4740718677639961
1005,2019-11-01 14:00:00,85.82647,122.78888999999998,1.4016053825616837
1006,2019-11-01 15:00:00,85.82846,122.78098,1.4154034107923508
1007,2019-11-01 16:00:00,85.82999,122.77454,1.4917981326580048
1008,2019-11-01 17:00:00,85.83115,122.769,1.5160980820655823
1009,2019-11-01 18:00:00,85.83206,122.76171,1.5530192255973816
1010,2019-11-01 19:00:00,85.83294,122.75085999999999,1.6713055223226547
1011,2019-11-01 20:00:00,85.83384,122.73599999999999,1.7919704467058182
1012,2019-11-01 21:00:00,85.83489,122.71861000000001,1.8042805790901184
1013,2019-11-01 22:00:00,85.83619,122.70006000000001,1.7018600702285767
1014,2019-11-01 23:00:00,85.83797,122.67925000000002,1.502541795372963
1015,2019-11-02 00:00:00,85.84,122.65924000000001,1.4088777601718903
1016,2019-11-02 01:00:00,85.84212,122.64204000000001,1.520742878317833
1017,2019-11-02 02:00:00,85.8442,122.62772999999999,1.8557911962270737
1018,2019-11-02 03:00:00,85.84601,122.61648000000002,2.165044814348221
1019,2019-11-02 04:00:00,85.84746,122.60644000000002,2.3366502821445465
1020,2019-11-02 05:00:00,85.84859,122.59521999999998,2.3734907135367393
1021,2019-11-02 06:00:00,85.84944,122.58139,2.3898500949144363
1022,2019-11-02 07:00:00,85.85019,122.56295,2.4874696731567383
1023,2019-11-02 08:00:00,85.85107,122.53969999999998,2.6369165927171707
1024,2019-11-02 09:00:00,85.85224,122.51420000000002,2.6928279995918274
1025,2019-11-02 10:00:00,85.85372,122.48462999999998,2.6645033210515976
1026,2019-11-02 11:00:00,85.85565,122.45254999999997,2.7055264860391617
1027,2019-11-02 12:00:00,85.85784,122.42282,2.8563116937875748
1028,2019-11-02 13:00:00,85.86017,122.39449000000002,3.0669854283332825
1029,2019-11-02 14:00:00,85.86245,122.36799000000002,3.325443461537361
1030,2019-11-02 15:00:00,85.86456,122.34235999999999,3.5682994723320007
1031,2019-11-02 16:00:00,85.86629,122.31711000000001,3.728476643562317
1032,2019-11-02 17:00:00,85.86786,122.28987999999998,3.793496772646904
1033,2019-11-02 18:00:00,85.8692,122.25995999999998,3.8024087101221085
1034,2019-11-02 19:00:00,85.87046,122.22683999999998,3.8123678863048553
1035,2019-11-02 20:00:00,85.87181,122.18925999999999,3.894458621740341
1036,2019-11-02 21:00:00,85.87342,122.14642000000003,4.041693806648254
1037,2019-11-02 22:00:00,85.87531,122.09942000000001,4.202305853366852
1038,2019-11-02 23:00:00,85.87757,122.05090000000001,4.317284435033798
1039,2019-11-03 00:00:00,85.88003,122.00421,4.363907918334007
1040,2019-11-03 01:00:00,85.88267,121.95974000000001,4.379830539226532
1041,2019-11-03 02:00:00,85.88526,121.91805999999997,4.520525231957436
1042,2019-11-03 03:00:00,85.88763,121.87763999999999,4.740584224462509
1043,2019-11-03 04:00:00,85.89004,121.83767999999998,4.994913846254349
1044,2019-11-03 05:00:00,85.89229,121.79484000000002,5.103729620575905
1045,2019-11-03 06:00:00,85.89402,121.74067000000002,5.142495021224022
1046,2019-11-03 07:00:00,85.89526,121.67012999999997,5.27087339758873
1047,2019-11-03 08:00:00,85.89652,121.58699999999999,5.4779762625694275
1048,2019-11-03 09:00:00,85.89782,121.50121000000001,5.66538967192173
1049,2019-11-03 10:00:00,85.89947,121.41334999999998,5.8097884953022
1050,2019-11-03 11:00:00,85.90169,121.32549,5.906539663672447
1051,2019-11-03 12:00:00,85.9043,121.24189999999999,5.9594165831804276
1052,2019-11-03 13:00:00,85.90713,121.16782,6.013261660933495
1053,2019-11-03 14:00:00,85.91008,121.0985,6.08447802066803
1054,2019-11-03 15:00:00,85.91265,121.03861999999998,6.171614155173302
1055,2019-11-03 16:00:00,85.9148,120.98293999999999,6.276220589876175
1056,2019-11-03 17:00:00,85.91672,120.92689999999999,6.390521720051765
1057,2019-11-03 18:00:00,85.91841,120.87173000000001,6.409020856022835
1058,2019-11-03 19:00:00,85.91986,120.81155000000001,6.134801954030991
1059,2019-11-03 20:00:00,85.92138,120.75227000000001,6.030970588326454
1060,2019-11-03 21:00:00,85.92304,120.68833999999998,6.012647271156311
1061,2019-11-03 22:00:00,85.9249,120.62092000000001,5.989480912685394
1062,2019-11-03 23:00:00,85.92707,120.55036999999999,5.928737923502922
1063,2019-11-04 00:00:00,85.9294,120.48176999999998,5.901852563023567
1064,2019-11-04 01:00:00,85.93186,120.41634999999997,5.951974660158157
1065,2019-11-04 02:00:00,85.93444,120.35025000000002,5.952968642115593
1066,2019-11-04 03:00:00,85.93671,120.293,5.877772435545921
1067,2019-11-04 04:00:00,85.93855,120.23984999999999,5.862637639045715
1068,2019-11-04 05:00:00,85.93997,120.18757,5.82880263030529
1069,2019-11-04 06:00:00,85.94103,120.13526000000002,5.751376390457153
1070,2019-11-04 07:00:00,85.94198,120.07837999999998,5.6889073848724365
1071,2019-11-04 08:00:00,85.94306,120.01069999999999,5.5600771605968475
1072,2019-11-04 09:00:00,85.94418,119.94063,5.418110802769661
1073,2019-11-04 10:00:00,85.94547,119.87038000000001,5.356646552681923
1074,2019-11-04 11:00:00,85.94696,119.80182000000002,5.3456966355443
1075,2019-11-04 12:00:00,85.94857,119.73558000000003,5.34487184882164
1076,2019-11-04 13:00:00,85.95016,119.67340999999999,5.266633331775665
1077,2019-11-04 14:00:00,85.95157,119.61464999999998,5.183532997965813
1078,2019-11-04 15:00:00,85.9527,119.55881,5.186477020382881
1079,2019-11-04 16:00:00,85.95343,119.50512000000003,5.198735535144806
1080,2019-11-04 17:00:00,85.95375,119.45263999999997,5.227018594741821
1081,2019-11-04 18:00:00,85.95377,119.40001000000001,5.3192800879478455
1082,2019-11-04 19:00:00,85.95358,119.34658999999999,5.435661241412163
1083,2019-11-04 20:00:00,85.95334,119.29223000000002,5.506732702255249
1084,2019-11-04 21:00:00,85.95307,119.23633000000001,5.425540328025818
1085,2019-11-04 22:00:00,85.95292,119.18115999999998,5.246224194765091
1086,2019-11-04 23:00:00,85.95285,119.12707,5.109479159116745
1087,2019-11-05 00:00:00,85.95293,119.07515000000001,5.174798294901848
1088,2019-11-05 01:00:00,85.95299,119.02539000000002,5.110746920108795
1089,2019-11-05 02:00:00,85.95272,118.97827000000001,5.15168970823288
1090,2019-11-05 03:00:00,85.95205,118.93142,5.161806434392929
1091,2019-11-05 04:00:00,85.95135,118.87748999999997,5.121836736798286
1092,2019-11-05 05:00:00,85.95034,118.82499000000001,5.088168248534203
1093,2019-11-05 06:00:00,85.94899,118.77357,5.013337209820747
1094,2019-11-05 07:00:00,85.94735,118.71947999999998,4.899674326181412
1095,2019-11-05 08:00:00,85.94557,118.66438,4.776676684617996
1096,2019-11-05 09:00:00,85.9437,118.60991000000001,4.679461881518364
1097,2019-11-05 10:00:00,85.94191,118.55419999999998,4.66180881857872
1098,2019-11-05 11:00:00,85.94026,118.49577999999997,4.704752162098885
1099,2019-11-05 12:00:00,85.93894,118.44001000000003,4.725984886288643
1100,2019-11-05 13:00:00,85.9378,118.38842,4.709392219781876
1101,2019-11-05 14:00:00,85.93667,118.34186999999997,4.7022083550691605
1102,2019-11-05 15:00:00,85.93538,118.29737999999998,4.766969755291939
1103,2019-11-05 16:00:00,85.93384,118.25477999999998,4.83560574054718
1104,2019-11-05 17:00:00,85.9321,118.21467999999999,4.878858536481857
1105,2019-11-05 18:00:00,85.93023,118.1755,4.830124124884605
1106,2019-11-05 19:00:00,85.92833,118.13569999999999,4.662673115730286
1107,2019-11-05 20:00:00,85.9266,118.09401000000003,4.499051600694656
1108,2019-11-05 21:00:00,85.92507,118.05068,4.382586434483528
1109,2019-11-05 22:00:00,85.92388,118.00664999999998,4.33001683652401
1110,2019-11-05 23:00:00,85.92305,117.96296999999998,4.292463898658752
1111,2019-11-06 00:00:00,85.92249,117.92120999999997,4.218716323375702
1112,2019-11-06 01:00:00,85.92209,117.88241,4.177174374461174
1113,2019-11-06 02:00:00,85.92171,117.84649999999999,4.148263201117516
1114,2019-11-06 03:00:00,85.92128,117.81252999999998,4.1082282811403275
1115,2019-11-06 04:00:00,85.92069,117.77864999999997,4.056030482053757
1116,2019-11-06 05:00:00,85.91997,117.74356,3.947251707315445
1117,2019-11-06 06:00:00,85.91916,117.70688999999999,3.824685826897621
1118,2019-11-06 07:00:00,85.91831,117.66663,3.8404655903577805
1119,2019-11-06 08:00:00,85.91757,117.62351999999998,3.97960814088583
1120,2019-11-06 09:00:00,85.91698,117.57882999999998,4.042230173945427
1121,2019-11-06 10:00:00,85.91671,117.53235999999998,3.987032473087311
1122,2019-11-06 11:00:00,85.91675,117.48435999999998,3.807977918535471
1123,2019-11-06 12:00:00,85.91706,117.43806000000001,3.597710907459259
1124,2019-11-06 13:00:00,85.91755,117.39579000000003,3.4609827548265457
1125,2019-11-06 14:00:00,85.91813,117.35773,3.4594781398773193
1126,2019-11-06 15:00:00,85.91864,117.32358999999997,3.7153525948524475
1127,2019-11-06 16:00:00,85.91892,117.29219,3.9498553574085236
1128,2019-11-06 17:00:00,85.91893,117.26105999999999,3.9981865882873535
1129,2019-11-06 18:00:00,85.91877,117.22830999999996,3.969777762889862
1130,2019-11-06 19:00:00,85.91849,117.19326000000001,3.9935067147016525
1131,2019-11-06 20:00:00,85.91824,117.15541000000002,4.051590770483017
1132,2019-11-06 21:00:00,85.91806,117.11583999999999,4.062444061040878
1133,2019-11-06 22:00:00,85.91807,117.07533999999998,4.064098298549652
1134,2019-11-06 23:00:00,85.91834,117.03523000000001,4.000823616981506
1135,2019-11-07 00:00:00,85.91882,116.99725000000001,3.8977374732494354
1136,2019-11-07 01:00:00,85.91945,116.96247,3.9116577059030533
1137,2019-11-07 02:00:00,85.92005,116.93124,4.064947560429573
1138,2019-11-07 03:00:00,85.9205,116.90350999999998,4.207013249397278
1139,2019-11-07 04:00:00,85.92075,116.87754000000001,4.264713257551193
1140,2019-11-07 05:00:00,85.92076,116.85153000000003,4.274707645177841
1141,2019-11-07 06:00:00,85.9205,116.82477,4.212262973189354
1142,2019-11-07 07:00:00,85.92001,116.79532,4.142986446619034
1143,2019-11-07 08:00:00,85.91944,116.76184999999998,3.961438626050949
1144,2019-11-07 09:00:00,85.91885,116.72606999999999,3.8191227316856384
1145,2019-11-07 10:00:00,85.91835,116.68821000000003,3.774571791291237
1146,2019-11-07 11:00:00,85.91802,116.65178000000003,3.757651850581169
1147,2019-11-07 12:00:00,85.91785,116.61865,3.6685902923345566
1148,2019-11-07 13:00:00,85.91777,116.58875999999998,3.6380348801612854
1149,2019-11-07 14:00:00,85.91769,116.56225999999998,3.6570754647254944
1150,2019-11-07 15:00:00,85.91753,116.53987000000001,3.5975822806358337
1151,2019-11-07 16:00:00,85.91735,116.52024,3.468417152762413
1152,2019-11-07 17:00:00,85.91695,116.50216,3.528927505016327
1153,2019-11-07 18:00:00,85.91636,116.48315000000002,3.3306177258491516
1154,2019-11-07 19:00:00,85.9156,116.46194000000003,3.153128147125244
1155,2019-11-07 20:00:00,85.9148,116.43882000000002,3.1460856199264526
1156,2019-11-07 21:00:00,85.91397,116.41131000000001,2.9965620934963226
1157,2019-11-07 22:00:00,85.91325,116.38200999999998,2.8146464079618454
1158,2019-11-07 23:00:00,85.91274,116.35232000000002,2.856061041355133
1159,2019-11-08 00:00:00,85.91238,116.32497000000001,2.9533924013376236
1160,2019-11-08 01:00:00,85.91209,116.30020000000002,3.0919595509767532
1161,2019-11-08 02:00:00,85.91181,116.27890000000002,3.0518959015607834
1162,2019-11-08 03:00:00,85.9114,116.25995999999998,3.011452227830887
1163,2019-11-08 04:00:00,85.91076,116.24264,3.034176826477051
1164,2019-11-08 05:00:00,85.90983,116.22505000000001,3.065726399421692
1165,2019-11-08 06:00:00,85.90858,116.20468,3.18474642932415
1166,2019-11-08 07:00:00,85.90704,116.18135000000001,3.390192285180092
1167,2019-11-08 08:00:00,85.90529,116.15683000000001,3.6767284125089645
1168,2019-11-08 09:00:00,85.90338,116.132,3.814729556441307
1169,2019-11-08 10:00:00,85.90146,116.10230000000001,3.950096845626831
1170,2019-11-08 11:00:00,85.89957,116.07258000000002,4.175445884466171
1171,2019-11-08 12:00:00,85.89771,116.04254000000003,4.407949462532997
1172,2019-11-08 13:00:00,85.89581,116.01327000000003,4.639669895172119
1173,2019-11-08 14:00:00,85.8938,115.98473999999999,4.83690382540226
1174,2019-11-08 15:00:00,85.89168,115.95871999999997,5.024899557232857
1175,2019-11-08 16:00:00,85.88937,115.93520000000001,5.19634048640728
1176,2019-11-08 17:00:00,85.88688,115.91271999999998,5.300951302051544
1177,2019-11-08 18:00:00,85.88415,115.89137,5.35438360273838
1178,2019-11-08 19:00:00,85.88119,115.87113,5.390781685709953
1179,2019-11-08 20:00:00,85.87814,115.85045000000002,5.489664644002914
1180,2019-11-08 21:00:00,85.87498,115.82891000000001,5.599075645208359
1181,2019-11-08 22:00:00,85.87195,115.81004000000001,5.654314607381821
1182,2019-11-08 23:00:00,85.86903,115.79392999999999,5.636300519108772
1183,2019-11-09 00:00:00,85.86611,115.78050999999999,5.541404113173485
1184,2019-11-09 01:00:00,85.86346,115.77244999999999,5.468971371650696
1185,2019-11-09 02:00:00,85.86089,115.76904000000002,5.458754271268845
1186,2019-11-09 03:00:00,85.85833,115.77031999999997,5.5351996421813965
1187,2019-11-09 04:00:00,85.85584,115.77418999999998,5.661671429872513
1188,2019-11-09 05:00:00,85.85321,115.77975000000004,5.816035658121109
1189,2019-11-09 06:00:00,85.85051,115.78439000000003,5.924689069390297
1190,2019-11-09 07:00:00,85.84791,115.78607999999997,5.942738935351372
1191,2019-11-09 08:00:00,85.84549,115.78544,5.828022629022598
1192,2019-11-09 09:00:00,85.84323,115.78332999999998,5.677741691470146
1193,2019-11-09 10:00:00,85.84115,115.7808,5.571300193667412
1194,2019-11-09 11:00:00,85.83923,115.77945,5.550753861665726
1195,2019-11-09 12:00:00,85.83742,115.78204,5.530019551515579
1196,2019-11-09 13:00:00,85.83578,115.78958999999998,5.473461836576462
1197,2019-11-09 14:00:00,85.83423,115.80164000000002,5.474198952317238
1198,2019-11-09 15:00:00,85.8327,115.81738000000001,5.528654038906097
1199,2019-11-09 16:00:00,85.83115,115.83443,5.473474383354187
1200,2019-11-09 17:00:00,85.82962,115.85153000000003,5.295522004365921
1201,2019-11-09 18:00:00,85.82817,115.86755,5.101716980338097
1202,2019-11-09 19:00:00,85.82682,115.88150999999999,4.87699331343174
1203,2019-11-09 20:00:00,85.82564,115.89390000000003,4.669455975294113
1204,2019-11-09 21:00:00,85.82463,115.90553999999997,4.499629467725754
1205,2019-11-09 22:00:00,85.82383,115.91700000000003,4.375034064054489
1206,2019-11-09 23:00:00,85.82326,115.92966999999999,4.248469218611717
1207,2019-11-10 00:00:00,85.82288,115.94412,4.109495311975479
1208,2019-11-10 01:00:00,85.82265,115.96026999999998,3.9696919322013855
1209,2019-11-10 02:00:00,85.82253,115.97841,3.8072203248739243
1210,2019-11-10 03:00:00,85.82252,115.99855000000002,3.651884585618973
1211,2019-11-10 04:00:00,85.82253,116.01992000000001,3.4976222068071365
1212,2019-11-10 05:00:00,85.82254,116.04127,3.332204967737198
1213,2019-11-10 06:00:00,85.82253,116.06126,3.1694156378507614
1214,2019-11-10 07:00:00,85.82261,116.07896,3.010351672768593
1215,2019-11-10 08:00:00,85.82287,116.09415999999999,2.8550318479537964
1216,2019-11-10 09:00:00,85.82335,116.10683,2.7115477323532104
1217,2019-11-10 10:00:00,85.8241,116.11784999999998,2.451080024242401
1218,2019-11-10 11:00:00,85.8251,116.12887999999998,2.173858866095543
1219,2019-11-10 12:00:00,85.82635,116.14147000000003,2.0761759132146835
1220,2019-11-10 13:00:00,85.82781,116.15717000000001,2.198718637228012
1221,2019-11-10 14:00:00,85.82934,116.17615999999998,2.3850978910923004
1222,2019-11-10 15:00:00,85.83084,116.19740000000002,2.5068739354610443
1223,2019-11-10 16:00:00,85.83228,116.21974,2.5173590034246445
1224,2019-11-10 17:00:00,85.83368,116.24169999999998,2.6262049227952957
1225,2019-11-10 18:00:00,85.83519,116.26180999999997,2.911554977297783
1226,2019-11-10 19:00:00,85.83692,116.27927,3.226286068558693
1227,2019-11-10 20:00:00,85.83895,116.29302000000001,3.536220446228981
1228,2019-11-10 21:00:00,85.84134,116.30381999999997,3.8015733659267426
1229,2019-11-10 22:00:00,85.8441,116.31347,4.062991961836815
1230,2019-11-10 23:00:00,85.84723,116.32382000000001,4.3523926585912704
1231,2019-11-11 00:00:00,85.85062,116.33568000000002,4.557326048612595
1232,2019-11-11 01:00:00,85.85426,116.35122000000001,4.6953409016132355
1233,2019-11-11 02:00:00,85.85803,116.37031000000002,4.766055405139923
1234,2019-11-11 03:00:00,85.86197,116.39267000000001,4.912248522043228
1235,2019-11-11 04:00:00,85.86619,116.41611999999998,5.132300555706024
1236,2019-11-11 05:00:00,85.87073,116.43846000000002,5.328637063503265
1237,2019-11-11 06:00:00,85.87576,116.45978000000002,5.631876900792122
1238,2019-11-11 07:00:00,85.88127,116.48070000000001,6.080723240971565
1239,2019-11-11 08:00:00,85.88715,116.49970000000002,6.548586547374725
1240,2019-11-11 09:00:00,85.89365,116.52037000000001,7.008428677916527
1241,2019-11-11 10:00:00,85.90061,116.54242999999997,7.327028349041939
1242,2019-11-11 11:00:00,85.90779,116.56749000000002,7.499420762062073
1243,2019-11-11 12:00:00,85.91509,116.5969,7.6378427147865295
1244,2019-11-11 13:00:00,85.92235,116.63085999999998,7.768296495079994
1245,2019-11-11 14:00:00,85.92939,116.66939000000002,7.905471041798592
1246,2019-11-11 15:00:00,85.93606,116.71186999999998,8.002993032336235
1247,2019-11-11 16:00:00,85.94225,116.75781999999998,7.919279783964157
1248,2019-11-11 17:00:00,85.9479,116.80554000000001,7.8221814930438995
1249,2019-11-11 18:00:00,85.95301,116.85289999999998,7.798872888088226
1250,2019-11-11 19:00:00,85.95779,116.90057999999999,7.804459497332573
1251,2019-11-11 20:00:00,85.96237,116.94826999999998,7.752737581729889
1252,2019-11-11 21:00:00,85.96694,116.99499000000003,7.606933981180191
1253,2019-11-11 22:00:00,85.97147,117.04230000000001,7.418703883886337
1254,2019-11-11 23:00:00,85.97606,117.09032000000002,7.197063252329826
1255,2019-11-12 00:00:00,85.98075,117.14168999999998,7.142081871628761
1256,2019-11-12 01:00:00,85.98538,117.19542999999999,7.009545519948006
1257,2019-11-12 02:00:00,85.98987,117.24928999999997,6.881824657320976
1258,2019-11-12 03:00:00,85.99425,117.30189000000001,6.76282374560833
1259,2019-11-12 04:00:00,85.99843,117.34959000000003,6.614552244544029
1260,2019-11-12 05:00:00,86.00255,117.39357000000001,6.653528735041618
1261,2019-11-12 06:00:00,86.00682,117.43324999999999,6.723723784089088
1262,2019-11-12 07:00:00,86.01099,117.46330999999998,6.787302151322365
1263,2019-11-12 08:00:00,86.01539,117.48581000000001,6.82462215423584
1264,2019-11-12 09:00:00,86.01998,117.50353999999999,6.803253799676895
1265,2019-11-12 10:00:00,86.02493,117.52025000000003,6.8122109323740005
1266,2019-11-12 11:00:00,86.03011,117.53908999999999,7.067752495408058
1267,2019-11-12 12:00:00,86.03533,117.56182000000001,7.052321746945381
1268,2019-11-12 13:00:00,86.04036,117.58735000000001,6.875088185071945
1269,2019-11-12 14:00:00,86.04525,117.61712,6.744691088795662
1270,2019-11-12 15:00:00,86.04992,117.64952,6.780012249946594
1271,2019-11-12 16:00:00,86.05432,117.68158,6.743211433291435
1272,2019-11-12 17:00:00,86.05847,117.71195999999998,6.508612841367722
1273,2019-11-12 18:00:00,86.0623,117.73752999999999,6.3550533801317215
1274,2019-11-12 19:00:00,86.06601,117.75959999999998,6.1588825434446335
1275,2019-11-12 20:00:00,86.06963,117.77796000000001,6.146939516067505
1276,2019-11-12 21:00:00,86.07326,117.79147,6.144340246915817
1277,2019-11-12 22:00:00,86.07714,117.80398000000002,6.012773439288139
1278,2019-11-12 23:00:00,86.08129,117.81857000000002,5.9108098447322845
1279,2019-11-13 00:00:00,86.08551,117.83783,5.784258186817169
1280,2019-11-13 01:00:00,86.0896,117.86181999999997,5.577306017279625
1281,2019-11-13 02:00:00,86.09321,117.89103,5.2572250962257385
1282,2019-11-13 03:00:00,86.09614,117.92122,5.01711493730545
1283,2019-11-13 04:00:00,86.09848,117.94702000000001,4.739827781915665
1284,2019-11-13 05:00:00,86.10057,117.96497999999997,4.497640252113342
1285,2019-11-13 06:00:00,86.10266,117.97679,4.4469292014837265
1286,2019-11-13 07:00:00,86.10479,117.98417,4.50020719319582
1287,2019-11-13 08:00:00,86.10671,117.98419999999999,4.576877370476723
1288,2019-11-13 09:00:00,86.10877,117.97852999999998,4.515662208199501
1289,2019-11-13 10:00:00,86.11108,117.97309000000001,4.16163794696331
1290,2019-11-13 11:00:00,86.1136,117.96846,4.053523808717728
1291,2019-11-13 12:00:00,86.11622,117.96640000000002,3.971014514565468
1292,2019-11-13 13:00:00,86.11879,117.96551,3.779967248439789
1293,2019-11-13 14:00:00,86.12109,117.96668,3.85942579805851
1294,2019-11-13 15:00:00,86.12311,117.97060999999997,4.058298155665398
1295,2019-11-13 16:00:00,86.12502,117.98136,4.097151011228561
1296,2019-11-13 17:00:00,86.1266,117.99412000000001,4.019466862082481
1297,2019-11-13 18:00:00,86.12825,118.00132000000002,3.798033446073532
1298,2019-11-13 19:00:00,86.13009,118.01715999999999,3.5632395893335342
1299,2019-11-13 20:00:00,86.13231,118.03088000000002,3.4927419126033783
1300,2019-11-13 21:00:00,86.1353,118.04218000000003,3.5539775788784027
1301,2019-11-13 22:00:00,86.13894,118.05351000000002,3.618246302008629
1302,2019-11-13 23:00:00,86.14279,118.06414999999998,3.705368220806122
1303,2019-11-14 00:00:00,86.1466,118.07668999999999,3.7672541737556458
1304,2019-11-14 01:00:00,86.15023,118.09302000000002,3.792452335357666
1305,2019-11-14 02:00:00,86.15363,118.11336,3.7864422351121902
1306,2019-11-14 03:00:00,86.15672,118.13650000000001,3.775530517101288
1307,2019-11-14 04:00:00,86.15924,118.16102000000001,3.803861901164055
1308,2019-11-14 05:00:00,86.16119,118.18394999999998,3.8315538465976715
1309,2019-11-14 06:00:00,86.16283,118.20364000000001,3.7937058210372925
1310,2019-11-14 07:00:00,86.16441,118.21829000000002,3.728953078389168
1311,2019-11-14 08:00:00,86.16615,118.22755999999998,3.7647785544395447
1312,2019-11-14 09:00:00,86.16789,118.23450000000003,3.8592365235090256
1313,2019-11-14 10:00:00,86.16989,118.23768999999999,3.9468417316675186
1314,2019-11-14 11:00:00,86.17207,118.24083000000002,3.9392278492450714
1315,2019-11-14 12:00:00,86.17425,118.24529000000001,3.8758875727653503
1316,2019-11-14 13:00:00,86.17632,118.25299000000001,3.697122186422348
1317,2019-11-14 14:00:00,86.17814,118.26440000000002,3.4436904937028885
1318,2019-11-14 15:00:00,86.17961,118.27713,3.266362488269806
1319,2019-11-14 16:00:00,86.18082,118.29101000000003,3.271633192896843
1320,2019-11-14 17:00:00,86.18168,118.30464999999998,3.306347444653511
1321,2019-11-14 18:00:00,86.18216,118.31567000000001,3.2567318230867386
1322,2019-11-14 19:00:00,86.18246,118.32196999999996,3.211710602045059
1323,2019-11-14 20:00:00,86.18274,118.32303000000002,3.2776147574186325
1324,2019-11-14 21:00:00,86.18325,118.31943000000001,3.3598606884479523
1325,2019-11-14 22:00:00,86.18414,118.31306999999998,3.463603064417839
1326,2019-11-14 23:00:00,86.18531,118.30723,3.525213658809662
1327,2019-11-15 00:00:00,86.18665,118.30552,3.4825368970632553
1328,2019-11-15 01:00:00,86.18805,118.30858999999998,3.4009753316640854
1329,2019-11-15 02:00:00,86.18916,118.31677000000002,3.4090734869241714
1330,2019-11-15 03:00:00,86.18986,118.3297,3.6237157732248306
1331,2019-11-15 04:00:00,86.19006,118.3449,3.914747893810272
1332,2019-11-15 05:00:00,86.18991,118.36216000000002,4.190118119120598
1333,2019-11-15 06:00:00,86.1895,118.37905,4.37895767390728
1334,2019-11-15 07:00:00,86.18896,118.39490999999998,4.49314971268177
1335,2019-11-15 08:00:00,86.18849,118.40967999999998,4.647582501173019
1336,2019-11-15 09:00:00,86.18827,118.42325,4.819317102432251
1337,2019-11-15 10:00:00,86.18876,118.43899999999996,5.038155511021614
1338,2019-11-15 11:00:00,86.18997,118.46062999999998,5.289037689566612
1339,2019-11-15 12:00:00,86.19158,118.48547000000002,5.542397782206535
1340,2019-11-15 13:00:00,86.19317,118.52395000000001,5.872299253940582
1341,2019-11-15 14:00:00,86.19456,118.57598000000002,6.292415723204613
1342,2019-11-15 15:00:00,86.19535,118.64299,6.619263231754303
1343,2019-11-15 16:00:00,86.19557,118.71042,6.877792447805405
1344,2019-11-15 17:00:00,86.19496,118.78095000000002,7.030792623758316
1345,2019-11-15 18:00:00,86.19445,118.85021,7.170854493975639
1346,2019-11-15 19:00:00,86.19408,118.91964000000002,7.425508141517639
1347,2019-11-15 20:00:00,86.19358,118.99212999999997,7.6359816044569016
1348,2019-11-15 21:00:00,86.19279,119.06642999999997,7.7790607213974
1349,2019-11-15 22:00:00,86.19169,119.14423999999997,7.987057253718376
1350,2019-11-15 23:00:00,86.19073,119.22339999999997,8.142779290676117
1351,2019-11-16 00:00:00,86.19003,119.31443999999999,8.361862882971764
1352,2019-11-16 01:00:00,86.18877,119.42043999999999,8.699297964572906
1353,2019-11-16 02:00:00,86.18727,119.52629000000002,8.915023997426033
1354,2019-11-16 03:00:00,86.18559,119.63506000000001,9.09558054804802
1355,2019-11-16 04:00:00,86.18378,119.75024000000002,9.475455954670906
1356,2019-11-16 05:00:00,86.18195,119.86723,9.979515492916107
1357,2019-11-16 06:00:00,86.17999,119.99310000000003,10.645111471414566
1358,2019-11-16 07:00:00,86.17757,120.13238000000001,11.18029360473156
1359,2019-11-16 08:00:00,86.17436,120.28147000000001,11.101745039224625
1360,2019-11-16 09:00:00,86.17062,120.44477999999998,11.257701367139816
1361,2019-11-16 10:00:00,86.16673,120.60816999999997,11.960169062018394
1362,2019-11-16 11:00:00,86.16299,120.77328999999997,12.688518300652504
1363,2019-11-16 12:00:00,86.15975,120.93213000000003,13.009023442864418
1364,2019-11-16 13:00:00,86.15718,121.09989000000002,13.372104465961456
1365,2019-11-16 14:00:00,86.15492,121.27611000000002,13.580086320638657
1366,2019-11-16 15:00:00,86.15289,121.45850000000002,13.729998379945755
1367,2019-11-16 16:00:00,86.15052,121.64048000000003,13.810737550258636
1368,2019-11-16 17:00:00,86.14727,121.81979000000001,13.832707673311234
1369,2019-11-16 18:00:00,86.14319,121.99164999999999,13.725262701511383
1370,2019-11-16 19:00:00,86.1372,122.13569000000001,13.797228008508682
1371,2019-11-16 20:00:00,86.12945,122.25009999999997,13.570416361093521
1372,2019-11-16 21:00:00,86.12143,122.33042999999998,13.223096072673798
1373,2019-11-16 22:00:00,86.11302,122.38448,12.393400773406029
1374,2019-11-16 23:00:00,86.10411,122.41993000000002,11.422880247235298
1375,2019-11-17 00:00:00,86.09464,122.44344000000001,10.506634697318077
1376,2019-11-17 01:00:00,86.08474,122.44436000000002,9.913869097828865
1377,2019-11-17 02:00:00,86.07516,122.43345,10.66363736987114
1378,2019-11-17 03:00:00,86.06683,122.42187000000001,10.538999125361443
1379,2019-11-17 04:00:00,86.05985,122.43988999999999,9.104884281754494
1380,2019-11-17 05:00:00,86.05213,122.47379000000001,8.983883753418922
1381,2019-11-17 06:00:00,86.04374,122.51641000000001,9.523506909608841
1382,2019-11-17 07:00:00,86.0355,122.55131,9.242323473095894
1383,2019-11-17 08:00:00,86.02747,122.58401000000003,9.278456032276154
1384,2019-11-17 09:00:00,86.01967,122.60689000000002,9.395764797925949
1385,2019-11-17 10:00:00,86.01197,122.60793999999999,9.524041682481766
1386,2019-11-17 11:00:00,86.00408,122.57731999999999,9.462464556097984
1387,2019-11-17 12:00:00,85.99615,122.50650999999999,9.236391246318817
1388,2019-11-17 13:00:00,85.9886,122.41282999999999,9.213195905089378
1389,2019-11-17 14:00:00,85.9819,122.31600000000003,9.476410523056984
1390,2019-11-17 15:00:00,85.97749,122.23829,9.38336455821991
1391,2019-11-17 16:00:00,85.97264,122.18273999999997,9.410040751099586
1392,2019-11-17 17:00:00,85.96549,122.11059,9.969765216112137
1393,2019-11-17 18:00:00,85.95603,122.04885000000002,10.89363144338131
1394,2019-11-17 19:00:00,85.94693,121.97145999999998,11.735274612903595
1395,2019-11-17 20:00:00,85.93855,121.89251999999999,12.424280598759651
1396,2019-11-17 21:00:00,85.92877,121.80902000000003,12.656916946172714
1397,2019-11-17 22:00:00,85.9183,121.71294999999998,12.642674371600151
1398,2019-11-17 23:00:00,85.90755,121.59875999999997,12.38736692070961
1399,2019-11-18 00:00:00,85.89753,121.47030000000001,12.079625651240349
1400,2019-11-18 01:00:00,85.8884,121.33546000000001,11.77845649421215
1401,2019-11-18 02:00:00,85.88025,121.20325000000003,11.494489029049873
1402,2019-11-18 03:00:00,85.8728,121.07538,11.004907459020615
1403,2019-11-18 04:00:00,85.86579,120.97419000000002,10.276760645210743
1404,2019-11-18 05:00:00,85.85951,120.88148999999999,9.661326348781586
1405,2019-11-18 06:00:00,85.85326,120.80435,9.27358202636242
1406,2019-11-18 07:00:00,85.84728,120.74905999999999,8.909086152911186
1407,2019-11-18 08:00:00,85.84125,120.70418000000001,8.41357684135437
1408,2019-11-18 09:00:00,85.83518,120.65877999999998,7.858848392963409
1409,2019-11-18 10:00:00,85.82925,120.6121,7.215252369642258
1410,2019-11-18 11:00:00,85.8235,120.56076000000002,6.524040266871452
1411,2019-11-18 12:00:00,85.81815,120.5007,5.812278583645821
1412,2019-11-18 13:00:00,85.81375,120.43648000000002,5.233160614967346
1413,2019-11-18 14:00:00,85.81073,120.37763999999999,4.527249798178673
1414,2019-11-18 15:00:00,85.80887,120.33110999999997,4.1083226054906845
1415,2019-11-18 16:00:00,85.80758,120.30142000000001,3.7266060411930084
1416,2019-11-18 17:00:00,85.80663,120.29430000000002,3.3132884204387665
1417,2019-11-18 18:00:00,85.80549,120.31115,3.2324375212192535
1418,2019-11-18 19:00:00,85.80413,120.34629999999999,2.970029905438423
1419,2019-11-18 20:00:00,85.80267,120.38936999999999,2.822109818458557
1420,2019-11-18 21:00:00,85.8012,120.43106999999998,3.231688693165779
1421,2019-11-18 22:00:00,85.79998,120.46046000000001,3.556617170572281
1422,2019-11-18 23:00:00,85.79896,120.47261000000003,3.787245035171509
1423,2019-11-19 00:00:00,85.79829,120.47035,4.123597338795662
1424,2019-11-19 01:00:00,85.79809,120.46215000000001,4.304979145526886
1425,2019-11-19 02:00:00,85.79888,120.45105000000001,4.092389822006226
1426,2019-11-19 03:00:00,85.8004,120.44432,4.121454164385796
1427,2019-11-19 04:00:00,85.80163,120.45488,4.31193383038044
1428,2019-11-19 05:00:00,85.80249,120.48088999999999,4.794992074370384
1429,2019-11-19 06:00:00,85.80251,120.52267,4.8330247849226
1430,2019-11-19 07:00:00,85.80142,120.57749999999999,4.784872852265835
1431,2019-11-19 08:00:00,85.79998,120.63278000000003,4.437679573893547
1432,2019-11-19 09:00:00,85.79792,120.68646000000001,4.333580031991005
1433,2019-11-19 10:00:00,85.79578,120.72426000000002,4.281029552221298
1434,2019-11-19 11:00:00,85.7939,120.75018999999998,4.141208648681641
1435,2019-11-19 12:00:00,85.79244,120.77026999999998,4.563478544354439
1436,2019-11-19 13:00:00,85.7912,120.79093999999998,5.125000715255737
1437,2019-11-19 14:00:00,85.78988,120.81954000000002,5.445717364549637
1438,2019-11-19 15:00:00,85.78827,120.85549000000003,5.6258168667554855
1439,2019-11-19 16:00:00,85.78601,120.89774,5.717271715402603
1440,2019-11-19 17:00:00,85.78315,120.95493999999997,5.808678328990936
1441,2019-11-19 18:00:00,85.77984,121.02395999999999,5.906728565692902
1442,2019-11-19 19:00:00,85.77614,121.0994,5.878340318799019
1443,2019-11-19 20:00:00,85.77244,121.17003,5.910786747932434
1444,2019-11-19 21:00:00,85.76898,121.23061999999999,5.899819657206535
1445,2019-11-19 22:00:00,85.76598,121.27978999999999,5.8754526525735855
1446,2019-11-19 23:00:00,85.76367,121.31849999999997,5.741097405552864
1447,2019-11-20 00:00:00,85.76226,121.35131999999999,5.568556755781174
1448,2019-11-20 01:00:00,85.76157,121.38400999999999,5.478898584842682
1449,2019-11-20 02:00:00,85.76189,121.41847000000001,5.498729586601257
1450,2019-11-20 03:00:00,85.76301,121.45969000000002,5.607453674077988
1451,2019-11-20 04:00:00,85.76432,121.50826,5.4916650503873825
1452,2019-11-20 05:00:00,85.7654,121.55808999999999,5.262126564979553
1453,2019-11-20 06:00:00,85.76598,121.60131000000001,4.813834190368652
1454,2019-11-20 07:00:00,85.76565,121.62894,4.350686728954315
1455,2019-11-20 08:00:00,85.76478,121.63940000000002,4.287742912769318
1456,2019-11-20 09:00:00,85.76347,121.63475,4.310237988829613
1457,2019-11-20 10:00:00,85.76182,121.61104999999998,4.245290830731392
1458,2019-11-20 11:00:00,85.76026,121.56664999999998,4.088382050395012
1459,2019-11-20 12:00:00,85.75921,121.51589000000001,3.8705928176641464
1460,2019-11-20 13:00:00,85.75888,121.46787999999998,3.53781595826149
1461,2019-11-20 14:00:00,85.75889,121.4291,3.225132182240486
1462,2019-11-20 15:00:00,85.75903,121.39661000000001,2.964743509888649
1463,2019-11-20 16:00:00,85.7589,121.36991999999998,2.7061354517936707
1464,2019-11-20 17:00:00,85.75837,121.34632999999997,2.4268076419830322
1465,2019-11-20 18:00:00,85.75761,121.32772999999997,2.2139609307050705
1466,2019-11-20 19:00:00,85.75611,121.30754999999999,2.1813307404518127
1467,2019-11-20 20:00:00,85.75399,121.28359,2.312906503677368
1468,2019-11-20 21:00:00,85.75167,121.25256999999999,2.3699725568294525
1469,2019-11-20 22:00:00,85.74928,121.21262999999999,2.257180690765381
1470,2019-11-20 23:00:00,85.74739,121.16574000000003,1.91048064827919
1471,2019-11-21 00:00:00,85.74609,121.11311999999998,1.6536925286054611
1472,2019-11-21 01:00:00,85.74555,121.06666999999999,1.8779973983764648
1473,2019-11-21 02:00:00,85.7453,121.02582999999998,2.2793809175491333
1474,2019-11-21 03:00:00,85.74513,120.99268000000001,2.468806713819504
1475,2019-11-21 04:00:00,85.745,120.97021999999998,2.6225680857896805
1476,2019-11-21 05:00:00,85.74466,120.95706000000001,2.60481259226799
1477,2019-11-21 06:00:00,85.74396,120.94979999999998,2.5061237066984177
1478,2019-11-21 07:00:00,85.74297,120.94536,2.290325313806534
1479,2019-11-21 08:00:00,85.74189,120.93923000000001,2.1341999620199203
1480,2019-11-21 09:00:00,85.74082,120.93020000000001,2.3945528119802475
1481,2019-11-21 10:00:00,85.74003,120.91898000000003,2.647442042827606
1482,2019-11-21 11:00:00,85.73959,120.90651000000003,2.630484163761139
1483,2019-11-21 12:00:00,85.73931,120.89168999999998,2.415722757577896
1484,2019-11-21 13:00:00,85.73929,120.87724000000003,2.2050263732671738
1485,2019-11-21 14:00:00,85.73962,120.86737,2.0196971595287323
1486,2019-11-21 15:00:00,85.74011,120.86198000000002,1.851109504699707
1487,2019-11-21 16:00:00,85.74044,120.86063999999999,1.6669091433286667
1488,2019-11-21 17:00:00,85.74047,120.86289,1.606343612074852
1489,2019-11-21 18:00:00,85.73997,120.86662000000001,1.6910274475812912
1490,2019-11-21 19:00:00,85.73901,120.86755,1.85808727145195
1491,2019-11-21 20:00:00,85.73794,120.86642999999998,2.0462765097618103
1492,2019-11-21 21:00:00,85.73699,120.86175000000003,1.9095468521118164
1493,2019-11-21 22:00:00,85.73613,120.85423000000003,1.6931324750185013
1494,2019-11-21 23:00:00,85.73534,120.84418,1.650374859571457
1495,2019-11-22 00:00:00,85.73493,120.83170999999999,1.9618807286024094
1496,2019-11-22 01:00:00,85.73493,120.82186999999999,2.319963127374649
1497,2019-11-22 02:00:00,85.73525,120.81690000000003,2.8354214876890182
1498,2019-11-22 03:00:00,85.73564,120.81319000000002,3.4280819296836853
1499,2019-11-22 04:00:00,85.73575,120.81173999999999,3.9032898396253586
1500,2019-11-22 05:00:00,85.73522,120.81232,4.11640764772892
1501,2019-11-22 06:00:00,85.73424,120.80917999999997,4.149774998426437
1502,2019-11-22 07:00:00,85.73284,120.79953,4.107559964060783
1503,2019-11-22 08:00:00,85.73135,120.78181000000001,4.249674782156944
1504,2019-11-22 09:00:00,85.73039,120.75151,4.36178058385849
1505,2019-11-22 10:00:00,85.73004,120.71156000000002,4.34425713121891
1506,2019-11-22 11:00:00,85.73014,120.66750000000002,4.20816944539547
1507,2019-11-22 12:00:00,85.73082,120.62025,4.205421090126038
1508,2019-11-22 13:00:00,85.73191,120.57177000000001,4.062159687280655
1509,2019-11-22 14:00:00,85.73328,120.52884,3.9235688745975494
1510,2019-11-22 15:00:00,85.73443,120.49565999999999,3.7194498777389526
1511,2019-11-22 16:00:00,85.73525,120.46821999999997,3.5892291963100433
1512,2019-11-22 17:00:00,85.73557,120.44529,3.4307756423950195
1513,2019-11-22 18:00:00,85.73539,120.42650000000003,3.246585041284561
1514,2019-11-22 19:00:00,85.73482,120.40999999999997,3.0462692826986313
1515,2019-11-22 20:00:00,85.73403,120.39395000000002,2.5538990646600723
1516,2019-11-22 21:00:00,85.73319,120.37849,2.252457022666931
1517,2019-11-22 22:00:00,85.73269,120.35955999999999,1.7406076192855835
1518,2019-11-22 23:00:00,85.73271,120.33938999999998,1.5421270579099655
1519,2019-11-23 00:00:00,85.73314,120.32082000000003,2.100327968597412
1520,2019-11-23 01:00:00,85.73384,120.30527000000001,2.378285437822342
1521,2019-11-23 02:00:00,85.73465,120.29488000000003,2.377722844481468
1522,2019-11-23 03:00:00,85.73539,120.29286000000002,2.314544051885605
1523,2019-11-23 04:00:00,85.73597,120.29993000000002,2.334125339984894
1524,2019-11-23 05:00:00,85.73616,120.31633,2.6722886115312576
1525,2019-11-23 06:00:00,85.73626,120.33587,3.009200021624565
1526,2019-11-23 07:00:00,85.73638,120.35957000000002,3.3663791120052338
1527,2019-11-23 08:00:00,85.73669,120.38513999999998,3.795238696038723
1528,2019-11-23 09:00:00,85.73734,120.41318999999999,4.165275648236275
1529,2019-11-23 10:00:00,85.73863,120.44289000000003,4.133908495306969
1530,2019-11-23 11:00:00,85.74074,120.47063000000003,4.042696729302406
1531,2019-11-23 12:00:00,85.74387,120.50283999999999,4.473754793405533
1532,2019-11-23 13:00:00,85.74775,120.53827999999999,5.058783292770386
1533,2019-11-23 14:00:00,85.75222,120.58449000000002,5.640845507383347
1534,2019-11-23 15:00:00,85.75675,120.64350999999999,6.073251783847809
1535,2019-11-23 16:00:00,85.76118,120.70847000000003,6.179392024874687
1536,2019-11-23 17:00:00,85.76543,120.77569,6.183054700493813
1537,2019-11-23 18:00:00,85.76966,120.83783,6.339614123106003
1538,2019-11-23 19:00:00,85.77396,120.89467000000002,6.7726247906684875
1539,2019-11-23 20:00:00,85.7786,120.94209000000001,7.053026854991913
1540,2019-11-23 21:00:00,85.78401,120.98270000000002,7.113390475511551
1541,2019-11-23 22:00:00,85.79095,121.02067,7.297764226794243
1542,2019-11-23 23:00:00,85.79879,121.05692999999997,7.610922202467918
1543,2019-11-24 00:00:00,85.80754,121.09456999999998,8.158806502819061
1544,2019-11-24 01:00:00,85.81677,121.13580999999999,8.606780484318733
1545,2019-11-24 02:00:00,85.82612,121.18191000000002,9.17278191447258
1546,2019-11-24 03:00:00,85.83557,121.22922,9.581948935985565
1547,2019-11-24 04:00:00,85.84456,121.27548000000002,9.809800878167152
1548,2019-11-24 05:00:00,85.85274,121.3168,9.859740525484085
1549,2019-11-24 06:00:00,85.86031,121.34987999999998,9.695796117186546
1550,2019-11-24 07:00:00,85.8675,121.37189000000001,9.541084483265877
1551,2019-11-24 08:00:00,85.87441,121.38267000000002,9.711369380354881
1552,2019-11-24 09:00:00,85.88112,121.38182,9.854507520794868
1553,2019-11-24 10:00:00,85.88771,121.37310000000002,9.703875303268433
1554,2019-11-24 11:00:00,85.89379,121.35881999999998,9.803118631243706
1555,2019-11-24 12:00:00,85.89885,121.34291000000002,9.724787458777428
1556,2019-11-24 13:00:00,85.90297,121.32767000000001,9.397598683834076
1557,2019-11-24 14:00:00,85.90746,121.31464,9.215607285499573
1558,2019-11-24 15:00:00,85.91296,121.30450000000002,8.847570911049843
1559,2019-11-24 16:00:00,85.91915,121.29660000000001,8.480830043554306
1560,2019-11-24 17:00:00,85.92563,121.28620000000001,8.281060546636581
1561,2019-11-24 18:00:00,85.93218,121.26998000000003,8.219547301530838
1562,2019-11-24 19:00:00,85.93875,121.24597,8.27887599170208
1563,2019-11-24 20:00:00,85.94536,121.21320000000003,8.318073958158493
1564,2019-11-24 21:00:00,85.9524,121.17437000000001,8.061731547117233
1565,2019-11-24 22:00:00,85.95953,121.13227999999998,8.142586916685104
1566,2019-11-24 23:00:00,85.96638,121.08965999999998,8.238486230373383
1567,2019-11-25 00:00:00,85.973,121.04865999999998,8.487943395972252
1568,2019-11-25 01:00:00,85.97987,121.00967000000003,8.818489819765091
1569,2019-11-25 02:00:00,85.98714,120.97375999999997,9.009709894657135
1570,2019-11-25 03:00:00,85.99429,120.94031999999999,8.93066743016243
1571,2019-11-25 04:00:00,86.00116,120.90620999999999,8.814385741949081
1572,2019-11-25 05:00:00,86.00808,120.86777999999998,8.568265214562416
1573,2019-11-25 06:00:00,86.01532,120.82457999999997,8.718185156583786
1574,2019-11-25 07:00:00,86.0225,120.77744000000001,8.748250797390938
1575,2019-11-25 08:00:00,86.02928,120.72647,8.63438855856657
1576,2019-11-25 09:00:00,86.0356,120.67401999999998,8.182147741317749
1577,2019-11-25 10:00:00,86.04159,120.61788000000001,8.01400512456894
1578,2019-11-25 11:00:00,86.04731,120.56193000000002,7.908057436347008
1579,2019-11-25 12:00:00,86.05276,120.50808999999998,7.727707952260971
1580,2019-11-25 13:00:00,86.05796,120.45677999999998,7.651546761393547
1581,2019-11-25 14:00:00,86.06303,120.40750000000003,7.471931666135788
1582,2019-11-25 15:00:00,86.06791,120.35939000000002,7.257260546088219
1583,2019-11-25 16:00:00,86.07262,120.31198999999998,6.997575134038925
1584,2019-11-25 17:00:00,86.07716,120.26301999999998,6.666134029626846
1585,2019-11-25 18:00:00,86.08153,120.21181000000001,6.362665057182312
1586,2019-11-25 19:00:00,86.08563,120.15759000000003,6.153961032629013
1587,2019-11-25 20:00:00,86.08947,120.10019,6.134905695915222
1588,2019-11-25 21:00:00,86.09316,120.04011000000003,6.047915533185005
1589,2019-11-25 22:00:00,86.0968,119.97863000000001,5.867323964834213
1590,2019-11-25 23:00:00,86.10027,119.91624999999999,5.614660367369652
1591,2019-11-26 00:00:00,86.10358,119.85507000000001,5.306592613458633
1592,2019-11-26 01:00:00,86.10651,119.79289,5.145102262496948
1593,2019-11-26 02:00:00,86.10948,119.73094000000003,5.124953731894493
1594,2019-11-26 03:00:00,86.11217,119.66966000000002,5.164306089282036
1595,2019-11-26 04:00:00,86.11472,119.60985,5.236004292964935
1596,2019-11-26 05:00:00,86.11686,119.54799000000003,5.123504534363747
1597,2019-11-26 06:00:00,86.11889,119.48477000000003,4.958946481347084
1598,2019-11-26 07:00:00,86.12067,119.42006000000003,5.114420771598816
1599,2019-11-26 08:00:00,86.12246,119.35567000000003,5.305301271378994
1600,2019-11-26 09:00:00,86.12388,119.29041999999998,5.2904840260744095
1601,2019-11-26 10:00:00,86.12536,119.22552999999999,5.433885917067528
1602,2019-11-26 11:00:00,86.12697,119.16134,5.438016191124916
1603,2019-11-26 12:00:00,86.12844,119.09794,5.390388295054436
1604,2019-11-26 13:00:00,86.12976,119.03652,5.367913290858269
1605,2019-11-26 14:00:00,86.13116,118.97757000000001,5.343348383903503
1606,2019-11-26 15:00:00,86.13236,118.91831000000002,5.213983401656151
1607,2019-11-26 16:00:00,86.13344,118.86002000000002,5.2679295390844345
1608,2019-11-26 17:00:00,86.13458,118.80367999999999,5.207565188407898
1609,2019-11-26 18:00:00,86.13587,118.75358,4.9420150220394135
1610,2019-11-26 19:00:00,86.13738,118.70544000000001,4.5258156061172485
1611,2019-11-26 20:00:00,86.13878,118.65596,4.361072048544884
1612,2019-11-26 21:00:00,86.14026,118.60549000000003,4.295540899038315
1613,2019-11-26 22:00:00,86.14175,118.55437999999998,4.108615875244141
1614,2019-11-26 23:00:00,86.14322,118.50301000000002,3.851739451289177
1615,2019-11-27 00:00:00,86.14472,118.45213000000001,3.6050353050231934
1616,2019-11-27 01:00:00,86.14618,118.40355999999997,3.455551788210869
1617,2019-11-27 02:00:00,86.14752,118.35759999999999,3.3825397193431854
1618,2019-11-27 03:00:00,86.14876,118.31441999999998,3.5107635259628296
1619,2019-11-27 04:00:00,86.15,118.27242999999999,3.626005858182907
1620,2019-11-27 05:00:00,86.15119,118.23149000000001,3.9125098884105682
1621,2019-11-27 06:00:00,86.15237,118.19106,4.36135670542717
1622,2019-11-27 07:00:00,86.15355,118.14985000000001,4.572457313537598
1623,2019-11-27 08:00:00,86.15468,118.10720000000003,4.459836646914482
1624,2019-11-27 09:00:00,86.15598,118.06144999999998,4.332894146442413
1625,2019-11-27 10:00:00,86.15734,118.01310999999998,4.433511286973953
1626,2019-11-27 11:00:00,86.15854,117.96265,4.749741852283478
1627,2019-11-27 12:00:00,86.1597,117.91023999999999,5.034419074654579
1628,2019-11-27 13:00:00,86.1608,117.85595999999998,5.263543963432312
1629,2019-11-27 14:00:00,86.16185,117.80090000000001,5.359007269144058
1630,2019-11-27 15:00:00,86.16267,117.74991999999997,5.463588237762451
1631,2019-11-27 16:00:00,86.16337,117.70384000000001,5.537917733192444
1632,2019-11-27 17:00:00,86.16404,117.6601,5.640954345464706
1633,2019-11-27 18:00:00,86.16462,117.61923000000002,5.664836794137955
1634,2019-11-27 19:00:00,86.16517,117.57533000000001,5.591254532337189
1635,2019-11-27 20:00:00,86.16576,117.52837,5.655225306749344
1636,2019-11-27 21:00:00,86.16658,117.47782999999998,5.662940293550491
1637,2019-11-27 22:00:00,86.16728,117.42489,5.55034539103508
1638,2019-11-27 23:00:00,86.16784,117.37182999999999,5.522240102291107
1639,2019-11-28 00:00:00,86.16818,117.31765000000001,5.4743028581142426
1640,2019-11-28 01:00:00,86.16818,117.26243999999997,5.456111118197441
1641,2019-11-28 02:00:00,86.16793,117.20738,5.584357306361198
1642,2019-11-28 03:00:00,86.16753,117.15391999999997,5.610313236713409
1643,2019-11-28 04:00:00,86.167,117.10097999999999,5.791419520974159
1644,2019-11-28 05:00:00,86.16631,117.04775999999998,5.789136737585068
1645,2019-11-28 06:00:00,86.16537,116.99405999999999,5.800554156303406
1646,2019-11-28 07:00:00,86.16421,116.93875000000003,6.039762273430824
1647,2019-11-28 08:00:00,86.1629,116.88056,6.072114318609238
1648,2019-11-28 09:00:00,86.16154,116.81677000000002,5.7973517924547195
1649,2019-11-28 10:00:00,86.16037,116.75297,5.454432249069214
1650,2019-11-28 11:00:00,86.15918,116.68718000000001,5.2857955545187
1651,2019-11-28 12:00:00,86.15788,116.61325,7.170208111405373
1652,2019-11-28 13:00:00,86.15634,116.53163999999998,7.2975764721632
1653,2019-11-28 14:00:00,86.15454,116.44677999999999,7.608620718121529
1654,2019-11-28 15:00:00,86.15258,116.35624999999999,7.864747077226639
1655,2019-11-28 16:00:00,86.15027,116.26809000000003,8.08121483027935
1656,2019-11-28 17:00:00,86.14778,116.18138999999996,8.349709436297417
1657,2019-11-28 18:00:00,86.14527,116.08166,8.710827812552452
1658,2019-11-28 19:00:00,86.14279,115.9796,9.105432122945786
1659,2019-11-28 20:00:00,86.14053,115.87718000000001,9.355869844555855
1660,2019-11-28 21:00:00,86.13833,115.77195,9.51948507130146
1661,2019-11-28 22:00:00,86.13625,115.66566999999998,9.6430045068264
1662,2019-11-28 23:00:00,86.1342,115.55971999999997,9.727866843342781
1663,2019-11-29 00:00:00,86.13207,115.45524,9.708605095744133
1664,2019-11-29 01:00:00,86.12982,115.35138999999998,9.631965443491936
1665,2019-11-29 02:00:00,86.12743,115.24777,9.551218420267105
1666,2019-11-29 03:00:00,86.12493,115.14420000000001,9.488963708281517
1667,2019-11-29 04:00:00,86.12237,115.03904999999997,9.388514325022697
1668,2019-11-29 05:00:00,86.11988,114.93263000000002,9.309626653790474
1669,2019-11-29 06:00:00,86.11751,114.82643999999999,9.292911246418953
1670,2019-11-29 07:00:00,86.11542,114.72037999999998,9.262068137526512
1671,2019-11-29 08:00:00,86.1137,114.61493000000002,9.185386180877686
1672,2019-11-29 09:00:00,86.11229,114.51204999999999,9.097558438777924
1673,2019-11-29 10:00:00,86.11101,114.41091,8.901350811123848
1674,2019-11-29 11:00:00,86.10982,114.31164000000001,8.593812629580498
1675,2019-11-29 12:00:00,86.10872,114.21361000000002,8.211466044187546
1676,2019-11-29 13:00:00,86.10751,114.11990000000003,7.9840362668037415
1677,2019-11-29 14:00:00,86.10588,114.03476999999998,7.964904189109802
1678,2019-11-29 15:00:00,86.10369,113.95866999999998,7.954617887735367
1679,2019-11-29 16:00:00,86.10116,113.88718,7.860907405614853
1680,2019-11-29 17:00:00,86.09841,113.81810000000002,7.754793658852577
1681,2019-11-29 18:00:00,86.0955,113.75047999999998,7.628226712346077
1682,2019-11-29 19:00:00,86.09265,113.68198000000001,7.5097376704216
1683,2019-11-29 20:00:00,86.08993,113.61121000000003,7.521099105477333
1684,2019-11-29 21:00:00,86.08734,113.54059999999998,7.616739064455032
1685,2019-11-29 22:00:00,86.08493,113.47255000000001,7.680981487035751
1686,2019-11-29 23:00:00,86.08258,113.40676000000002,7.758549749851227
1687,2019-11-30 00:00:00,86.08017,113.34428000000003,7.70397375524044
1688,2019-11-30 01:00:00,86.07757,113.28557,7.461201101541519
1689,2019-11-30 02:00:00,86.07467,113.22892999999999,7.219105109572411
1690,2019-11-30 03:00:00,86.07151,113.17406,6.998153194785118
1691,2019-11-30 04:00:00,86.06815,113.12293,6.881306350231171
1692,2019-11-30 05:00:00,86.06459,113.07612,6.810723707079887
1693,2019-11-30 06:00:00,86.06095,113.03637000000003,6.742267861962318
1694,2019-11-30 07:00:00,86.05735,112.99891000000002,6.6511328518390656
1695,2019-11-30 08:00:00,86.05389,112.96380999999997,6.635215938091278
1696,2019-11-30 09:00:00,86.05055,112.93132000000003,6.600861087441444
1697,2019-11-30 10:00:00,86.04732,112.90147999999999,6.564352288842201
1698,2019-11-30 11:00:00,86.044,112.87624,6.520720288157463
1699,2019-11-30 12:00:00,86.04058,112.85237000000001,6.466880783438683
1700,2019-11-30 13:00:00,86.03704,112.83221000000003,6.381293788552284
1701,2019-11-30 14:00:00,86.03316,112.81669,6.217384576797485
1702,2019-11-30 15:00:00,86.02904,112.80479000000003,6.061572223901749
1703,2019-11-30 16:00:00,86.02495,112.79543999999999,5.888567239046097
1704,2019-11-30 17:00:00,86.02072,112.78832,5.877251863479614
1705,2019-11-30 18:00:00,86.01656,112.78248000000002,5.923156455159187
1706,2019-11-30 19:00:00,86.01258,112.77807000000001,5.946330294013023
1707,2019-11-30 20:00:00,86.00872,112.77625999999998,5.99426081776619
1708,2019-11-30 21:00:00,86.00501,112.77645999999999,6.068634480237961
1709,2019-11-30 22:00:00,86.00138,112.77996000000002,6.078491315245628
1710,2019-11-30 23:00:00,85.99782,112.78706,6.062495619058609
1711,2019-12-01 00:00:00,85.99412,112.80165999999997,5.444788783788681
1712,2019-12-01 01:00:00,85.9906,112.82326,5.487174674868584
1713,2019-12-01 02:00:00,85.98711,112.84920999999997,5.609852999448776
1714,2019-12-01 03:00:00,85.98337,112.87977999999998,5.843299210071564
1715,2019-12-01 04:00:00,85.97958,112.91227000000003,6.1509118527174
1716,2019-12-01 05:00:00,85.97596,112.94515000000001,6.540005788207054
1717,2019-12-01 06:00:00,85.97256,112.97947999999997,6.8867908120155334
1718,2019-12-01 07:00:00,85.96927,113.01616000000001,6.961469769477844
1719,2019-12-01 08:00:00,85.96606,113.05335000000002,6.724473834037781
1720,2019-12-01 09:00:00,85.9629,113.09109999999998,6.500982269644737
1721,2019-12-01 10:00:00,85.95969,113.12760000000003,6.336278542876244
1722,2019-12-01 11:00:00,85.95638,113.16230999999999,6.253743723034859
1723,2019-12-01 12:00:00,85.95292,113.19380000000001,6.30387943983078
1724,2019-12-01 13:00:00,85.9493,113.22181999999998,6.355110928416252
1725,2019-12-01 14:00:00,85.94558,113.24581999999998,6.329007029533386
1726,2019-12-01 15:00:00,85.94186,113.26749000000001,6.189551770687103
1727,2019-12-01 16:00:00,85.93815,113.28784000000002,6.028545692563057
1728,2019-12-01 17:00:00,85.93464,113.30768,5.967111691832542
1729,2019-12-01 18:00:00,85.93153,113.32893000000001,5.843634188175201
1730,2019-12-01 19:00:00,85.92886,113.35253,5.71353517472744
1731,2019-12-01 20:00:00,85.92678,113.37882000000002,5.636048913002014
1732,2019-12-01 21:00:00,85.92528,113.40782999999999,5.447127595543861
1733,2019-12-01 22:00:00,85.92433,113.43975,5.178206846117973
1734,2019-12-01 23:00:00,85.92375,113.47388000000001,4.929668486118317
1735,2019-12-02 00:00:00,85.9234,113.50934999999998,4.803666174411774
1736,2019-12-02 01:00:00,85.92315,113.54541999999998,4.861613154411316
1737,2019-12-02 02:00:00,85.92298,113.58121,5.038005366921425
1738,2019-12-02 03:00:00,85.92284,113.61709000000002,5.253229334950447
1739,2019-12-02 04:00:00,85.92271,113.65352999999999,5.533114448189735
1740,2019-12-02 05:00:00,85.92258,113.69110999999998,5.6264990121126175
1741,2019-12-02 06:00:00,85.92247,113.72917000000001,5.6669343411922455
1742,2019-12-02 07:00:00,85.92248,113.76818000000003,5.717905282974243
1743,2019-12-02 08:00:00,85.92276,113.80856,5.692545995116234
1744,2019-12-02 09:00:00,85.92338,113.85016000000002,5.733089566230774
1745,2019-12-02 10:00:00,85.92434,113.89276000000001,5.942109376192093
1746,2019-12-02 11:00:00,85.92564,113.93551000000002,6.225982651114464
1747,2019-12-02 12:00:00,85.92735,113.98034000000001,6.541744247078896
1748,2019-12-02 13:00:00,85.92938,114.02857,6.870845928788185
1749,2019-12-02 14:00:00,85.93144,114.08193,7.124207153916359
1750,2019-12-02 15:00:00,85.93381,114.14150999999998,7.44470702111721
1751,2019-12-02 16:00:00,85.93638,114.20571999999999,7.841231107711792
1752,2019-12-02 17:00:00,85.93917,114.27467999999999,8.37954929471016
1753,2019-12-02 18:00:00,85.9422,114.34931,8.91204659640789
1754,2019-12-02 19:00:00,85.9455,114.43117000000001,9.427055448293686
1755,2019-12-02 20:00:00,85.9491,114.52118000000002,9.914283990859985
1756,2019-12-02 21:00:00,85.95329,114.61144000000002,10.309671834111214
1757,2019-12-02 22:00:00,85.95797,114.70925999999997,10.844923928380013
1758,2019-12-02 23:00:00,85.96302,114.81148000000002,11.431792512536049
1759,2019-12-03 00:00:00,85.96837,114.91766000000001,11.726282179355621
1760,2019-12-03 01:00:00,85.97366,115.02629000000002,11.916093170642853
1761,2019-12-03 02:00:00,85.9789,115.13731999999999,11.960380837321281
1762,2019-12-03 03:00:00,85.98402,115.24885999999998,11.995098412036896
1763,2019-12-03 04:00:00,85.98905,115.36048,12.154894649982452
1764,2019-12-03 05:00:00,85.99394,115.47271999999998,12.256896428763866
1765,2019-12-03 06:00:00,85.99872,115.58406000000002,12.159878253936768
1766,2019-12-03 07:00:00,86.00344,115.69623000000001,11.974964797496796
1767,2019-12-03 08:00:00,86.00802,115.81040999999999,11.994166374206543
1768,2019-12-03 09:00:00,86.01265,115.92482999999999,12.12292830646038
1769,2019-12-03 10:00:00,86.01712,116.04000000000002,12.225431114435196
1770,2019-12-03 11:00:00,86.02156,116.15298999999999,12.289773888885975
1771,2019-12-03 12:00:00,86.02578,116.26490999999999,12.287102937698364
1772,2019-12-03 13:00:00,86.03006,116.37284,12.09133294224739
1773,2019-12-03 14:00:00,86.03427,116.47899000000001,11.88196836411953
1774,2019-12-03 15:00:00,86.03856,116.58285000000001,11.685415804386139
1775,2019-12-03 16:00:00,86.04315,116.68605000000002,11.242352306842804
1776,2019-12-03 17:00:00,86.04767,116.79101000000003,10.533498674631119
1777,2019-12-03 18:00:00,86.05219,116.89516000000003,10.116140246391296
1778,2019-12-03 19:00:00,86.05637,117.00061,9.887314587831497
1779,2019-12-03 20:00:00,86.06023,117.10522000000003,9.830149054527283
1780,2019-12-03 21:00:00,86.06424,117.20862999999997,10.776610851287842
1781,2019-12-03 22:00:00,86.06805,117.31074000000001,11.18304380774498
1782,2019-12-03 23:00:00,86.07187,117.4099,10.966428399085999
1783,2019-12-04 00:00:00,86.07548,117.50887,10.017093107104301
1784,2019-12-04 01:00:00,86.07896,117.60894000000002,9.889150634407997
1785,2019-12-04 02:00:00,86.08246,117.70974000000001,9.909679025411606
1786,2019-12-04 03:00:00,86.08587,117.81133,10.064444199204445
1787,2019-12-04 04:00:00,86.08909,117.91482000000002,10.208291828632355
1788,2019-12-04 05:00:00,86.09202,118.02058,10.290045350790024
1789,2019-12-04 06:00:00,86.09471,118.12949000000003,10.30967602133751
1790,2019-12-04 07:00:00,86.09715,118.24038999999999,10.621862277388573
1791,2019-12-04 08:00:00,86.09904,118.35314,10.7422484010458
1792,2019-12-04 09:00:00,86.10075,118.46488999999997,10.698507323861122
1793,2019-12-04 10:00:00,86.10258,118.57056,10.836154416203499
1794,2019-12-04 11:00:00,86.10472,118.66993000000002,10.569323897361755
1795,2019-12-04 12:00:00,86.10707,118.76522999999997,10.430622220039368
1796,2019-12-04 13:00:00,86.10961,118.85991999999999,10.351704612374306
1797,2019-12-04 14:00:00,86.11234,118.95562000000001,10.589831188321114
1798,2019-12-04 15:00:00,86.11504,119.05606,10.926039636135101
1799,2019-12-04 16:00:00,86.11736,119.16421000000003,11.162953794002533
1800,2019-12-04 17:00:00,86.11913,119.27980000000002,11.386558771133423
1801,2019-12-04 18:00:00,86.12061,119.39643999999998,11.316394925117493
1802,2019-12-04 19:00:00,86.12173,119.51321999999999,11.120634198188782
1803,2019-12-04 20:00:00,86.12273,119.62585999999999,10.81217673420906
1804,2019-12-04 21:00:00,86.12371,119.72739999999999,10.644453704357147
1805,2019-12-04 22:00:00,86.12489,119.81983000000002,10.41404202580452
1806,2019-12-04 23:00:00,86.12643,119.90798000000001,10.286022439599037
1807,2019-12-05 00:00:00,86.12837,119.99608,10.147710636258125
1808,2019-12-05 01:00:00,86.13065,120.08528000000001,10.071644321084023
1809,2019-12-05 02:00:00,86.13306,120.17786999999998,10.151869058609009
1810,2019-12-05 03:00:00,86.1353,120.27701000000002,10.11617398262024
1811,2019-12-05 04:00:00,86.13725,120.38123000000002,10.015748620033264
1812,2019-12-05 05:00:00,86.13877,120.48726999999997,9.742377191781998
1813,2019-12-05 06:00:00,86.13993,120.59257000000002,9.53861777484417
1814,2019-12-05 07:00:00,86.14076,120.69747000000001,9.378629833459854
1815,2019-12-05 08:00:00,86.14133,120.79802999999998,9.347929149866104
1816,2019-12-05 09:00:00,86.14174,120.89227,9.387017264962196
1817,2019-12-05 10:00:00,86.14217,120.98118,9.326846957206726
1818,2019-12-05 11:00:00,86.14248,121.06522000000001,9.146449536085129
1819,2019-12-05 12:00:00,86.14305,121.14555000000001,9.022665083408356
1820,2019-12-05 13:00:00,86.14372,121.22582999999997,9.002478525042534
1821,2019-12-05 14:00:00,86.14442,121.30754999999999,8.973016694188118
1822,2019-12-05 15:00:00,86.1451,121.39182,8.991863042116165
1823,2019-12-05 16:00:00,86.14547,121.47830999999996,9.062766119837761
1824,2019-12-05 17:00:00,86.1455,121.56392,9.066894426941872
1825,2019-12-05 18:00:00,86.14523,121.64749,8.928796291351318
1826,2019-12-05 19:00:00,86.1445,121.72519,8.776671171188354
1827,2019-12-05 20:00:00,86.14347,121.79782,8.559895366430283
1828,2019-12-05 21:00:00,86.14242,121.86259999999999,8.221132665872574
1829,2019-12-05 22:00:00,86.14146,121.91862000000003,7.9212948977947235
1830,2019-12-05 23:00:00,86.1409,121.96528999999998,7.306536853313446
1831,2019-12-06 00:00:00,86.14068,122.00650999999999,7.543652608990669
1832,2019-12-06 01:00:00,86.14069,122.04536999999999,7.206705063581467
1833,2019-12-06 02:00:00,86.14077,122.08266000000003,6.965501099824905
1834,2019-12-06 03:00:00,86.14083,122.11944,6.77376651763916
1835,2019-12-06 04:00:00,86.14083,122.15688999999998,6.733936667442322
1836,2019-12-06 05:00:00,86.14059,122.19326999999998,6.7055908888578415
1837,2019-12-06 06:00:00,86.14026,122.22516000000002,6.496023342013359
1838,2019-12-06 07:00:00,86.13978,122.25117,6.113122925162315
1839,2019-12-06 08:00:00,86.13942,122.27088000000003,5.6303950399160385
1840,2019-12-06 09:00:00,86.13906,122.28403000000003,5.2619917541742325
1841,2019-12-06 10:00:00,86.1388,122.29143999999997,5.060589253902435
1842,2019-12-06 11:00:00,86.13882,122.29425000000003,4.915564581751823
1843,2019-12-06 12:00:00,86.13912,122.29356000000001,4.623117670416832
1844,2019-12-06 13:00:00,86.1398,122.29147999999998,4.275672897696495
1845,2019-12-06 14:00:00,86.14064,122.29009000000002,3.910360634326935
1846,2019-12-06 15:00:00,86.14167,122.28877999999997,3.566679760813713
1847,2019-12-06 16:00:00,86.14282,122.28764999999999,3.22994863986969
1848,2019-12-06 17:00:00,86.14384,122.28849000000002,3.030595749616623
1849,2019-12-06 18:00:00,86.14469,122.28910000000002,2.876127004623413
1850,2019-12-06 19:00:00,86.14529,122.28875,2.7606652677059174
1851,2019-12-06 20:00:00,86.14571,122.28562,2.6211483776569366
1852,2019-12-06 21:00:00,86.14605,122.27877000000001,2.4876824021339417
1853,2019-12-06 22:00:00,86.14647,122.26832000000002,2.3145633190870285
1854,2019-12-06 23:00:00,86.14708,122.25362000000001,1.9740442633628845
1855,2019-12-07 00:00:00,86.148,122.23786999999999,1.8714708238840103
1856,2019-12-07 01:00:00,86.14918,122.22071,1.9272608309984207
1857,2019-12-07 02:00:00,86.1506,122.20526999999998,1.855491727590561
1858,2019-12-07 03:00:00,86.15218,122.19211000000001,1.8728909492492676
1859,2019-12-07 04:00:00,86.15377,122.18339000000003,1.8504609763622284
1860,2019-12-07 05:00:00,86.15517,122.17716000000001,1.8667023032903671
1861,2019-12-07 06:00:00,86.15655,122.17257999999998,2.01143054664135
1862,2019-12-07 07:00:00,86.15782,122.16682000000003,2.1855711936950684
1863,2019-12-07 08:00:00,86.15909,122.16021,2.419315457344055
1864,2019-12-07 09:00:00,86.16036,122.15223000000003,2.5352459400892258
1865,2019-12-07 10:00:00,86.16165,122.14105999999998,2.6614298075437546
1866,2019-12-07 11:00:00,86.16304,122.12553000000003,2.8422593772411346
1867,2019-12-07 12:00:00,86.16475,122.10694000000001,3.0719069242477417
1868,2019-12-07 13:00:00,86.16692,122.08774,3.330158159136772
1869,2019-12-07 14:00:00,86.16931,122.06833,3.5428501814603806
1870,2019-12-07 15:00:00,86.17196,122.04836999999998,3.7502132654190063
1871,2019-12-07 16:00:00,86.17516,122.02679,4.086042732000351
1872,2019-12-07 17:00:00,86.17859,122.00223,4.456409126520157
1873,2019-12-07 18:00:00,86.18224,121.97388000000001,4.80297064781189
1874,2019-12-07 19:00:00,86.18602,121.93689999999998,5.262612998485565
1875,2019-12-07 20:00:00,86.19021,121.89382,5.83494570851326
1876,2019-12-07 21:00:00,86.19534,121.84476999999998,6.356473550200462
1877,2019-12-07 22:00:00,86.20132,121.78836999999999,6.737203925848007
1878,2019-12-07 23:00:00,86.20843,121.72593999999998,7.147209256887436
1879,2019-12-08 00:00:00,86.21597,121.65810999999997,8.944278329610825
1880,2019-12-08 01:00:00,86.22363,121.59627,9.295956790447235
1881,2019-12-08 02:00:00,86.23113,121.54493000000002,9.624569416046143
1882,2019-12-08 03:00:00,86.23844,121.50387999999998,9.771207466721535
1883,2019-12-08 04:00:00,86.24554,121.47168999999997,9.778297871351242
1884,2019-12-08 05:00:00,86.25236,121.44632000000001,9.591633766889572
1885,2019-12-08 06:00:00,86.25885,121.42518000000001,9.694432735443115
1886,2019-12-08 07:00:00,86.26501,121.40481,9.638905137777328
1887,2019-12-08 08:00:00,86.27092,121.38348000000002,9.53304386138916
1888,2019-12-08 09:00:00,86.27662,121.36005,9.279407277703285
1889,2019-12-08 10:00:00,86.28222,121.33472,8.882227629423141
1890,2019-12-08 11:00:00,86.28794,121.30813,8.57428354024887
1891,2019-12-08 12:00:00,86.29388,121.28159,8.471543088555336
1892,2019-12-08 13:00:00,86.30008,121.25673999999998,8.500589773058891
1893,2019-12-08 14:00:00,86.30642,121.23372,8.529536336660385
1894,2019-12-08 15:00:00,86.31264,121.21456,8.46376745402813
1895,2019-12-08 16:00:00,86.31861,121.20217000000002,8.404858365654945
1896,2019-12-08 17:00:00,86.32433,121.19283000000001,8.463336288928986
1897,2019-12-08 18:00:00,86.32977,121.18545,8.322939485311508
1898,2019-12-08 19:00:00,86.33482,121.17847999999998,8.062105670571327
1899,2019-12-08 20:00:00,86.33956,121.16894000000002,8.048138976097107
1900,2019-12-08 21:00:00,86.34417,121.15492999999998,8.011166051030159
1901,2019-12-08 22:00:00,86.34875,121.13695999999999,7.832252115011215
1902,2019-12-08 23:00:00,86.35328,121.11592000000002,7.850704923272133
1903,2019-12-09 00:00:00,86.35784,121.09318000000002,7.843707025051117
1904,2019-12-09 01:00:00,86.36253,121.07067,7.7351570427417755
1905,2019-12-09 02:00:00,86.36735,121.04994999999997,7.655835598707199
1906,2019-12-09 03:00:00,86.37214,121.03183000000001,7.685350865125656
1907,2019-12-09 04:00:00,86.3769,121.01549999999997,7.716172695159912
1908,2019-12-09 05:00:00,86.38166,120.99986000000001,7.647966310381889
1909,2019-12-09 06:00:00,86.3863,120.98451999999997,7.51806566119194
1910,2019-12-09 07:00:00,86.39076,120.96983,7.388269141316414
1911,2019-12-09 08:00:00,86.39509,120.95571000000001,7.264327868819237
1912,2019-12-09 09:00:00,86.39927,120.93983000000003,7.174458876252174
1913,2019-12-09 10:00:00,86.40345,120.92304999999999,7.136914014816284
1914,2019-12-09 11:00:00,86.40772,120.90787,7.0564029812812805
1915,2019-12-09 12:00:00,86.41195,120.89571999999998,6.867232918739319
1916,2019-12-09 13:00:00,86.41636,120.88673,6.947218492627144
1917,2019-12-09 14:00:00,86.42094,120.88382000000001,6.641515225172043
1918,2019-12-09 15:00:00,86.4254,120.88542999999999,6.418228268623352
1919,2019-12-09 16:00:00,86.42957,120.89087,6.36001318693161
1920,2019-12-09 17:00:00,86.43355,120.90007000000003,6.263055056333542
1921,2019-12-09 18:00:00,86.43752,120.90614,6.10740539431572
1922,2019-12-09 19:00:00,86.44126,120.91003,6.000012993812561
1923,2019-12-09 20:00:00,86.4448,120.91212000000002,5.856631487607956
1924,2019-12-09 21:00:00,86.44839,120.90957000000003,5.656280517578125
1925,2019-12-09 22:00:00,86.45211,120.90394000000003,5.479720756411552
1926,2019-12-09 23:00:00,86.45599,120.90012000000002,5.372986868023872
1927,2019-12-10 00:00:00,86.46007,120.89935000000003,5.367747187614441
1928,2019-12-10 01:00:00,86.46448,120.90456,5.391150116920471
1929,2019-12-10 02:00:00,86.46893,120.91120000000001,5.379942923784256
1930,2019-12-10 03:00:00,86.47344,120.92070999999999,5.451501041650772
1931,2019-12-10 04:00:00,86.47809,120.93799000000001,5.595254465937614
1932,2019-12-10 05:00:00,86.48258,120.95673999999997,5.795070178806782
1933,2019-12-10 06:00:00,86.48698,120.97915,6.014015704393387
1934,2019-12-10 07:00:00,86.49097,120.99694999999997,6.189458981156349
1935,2019-12-10 08:00:00,86.49476,121.01215000000002,6.204862251877785
1936,2019-12-10 09:00:00,86.49815,121.02231999999998,6.07040698826313
1937,2019-12-10 10:00:00,86.50141,121.03310999999997,5.914181888103485
1938,2019-12-10 11:00:00,86.50439,121.0385,5.6711026430130005
1939,2019-12-10 12:00:00,86.50742,121.04142000000002,5.453704804182053
1940,2019-12-10 13:00:00,86.51062,121.04344000000003,5.271917939186096
1941,2019-12-10 14:00:00,86.51385,121.04255,5.33665257692337
1942,2019-12-10 15:00:00,86.51693,121.04028,5.511165723204613
1943,2019-12-10 16:00:00,86.51995,121.03674999999998,5.625093653798103
1944,2019-12-10 17:00:00,86.523,121.03032999999999,5.664326503872871
1945,2019-12-10 18:00:00,86.52637,121.02046999999999,5.422371909022331
1946,2019-12-10 19:00:00,86.53,121.00585000000001,5.19979952275753
1947,2019-12-10 20:00:00,86.5336,120.98981000000003,5.212795794010162
1948,2019-12-10 21:00:00,86.53694,120.96760999999998,5.385402724146843
1949,2019-12-10 22:00:00,86.54024,120.93398000000002,5.4720673859119415
1950,2019-12-10 23:00:00,86.5438,120.90535999999997,5.344367027282715
1951,2019-12-11 00:00:00,86.54705,120.87806,5.1980844885110855
1952,2019-12-11 01:00:00,86.55005,120.85912000000002,5.001246839761734
1953,2019-12-11 02:00:00,86.55282,120.84649000000002,4.803440064191818
1954,2019-12-11 03:00:00,86.55573,120.84072000000003,4.75713324546814
1955,2019-12-11 04:00:00,86.55825,120.83051999999998,4.674973949790001
1956,2019-12-11 05:00:00,86.56057,120.81709000000001,4.571852549910545
1957,2019-12-11 06:00:00,86.56296,120.80457000000001,4.254418924450874
1958,2019-12-11 07:00:00,86.56537,120.78938,3.8710299730300903
1959,2019-12-11 08:00:00,86.56765,120.77013999999997,3.8814120143651962
1960,2019-12-11 09:00:00,86.57002,120.75671,3.883247673511505
1961,2019-12-11 10:00:00,86.5724,120.74689000000001,3.778461217880249
1962,2019-12-11 11:00:00,86.57459,120.72793000000001,3.5177986323833466
1963,2019-12-11 12:00:00,86.57658,120.69799999999998,3.1086904257535934
1964,2019-12-11 13:00:00,86.57836,120.66363999999999,2.8506815880537033
1965,2019-12-11 14:00:00,86.57996,120.62347999999997,2.73640738427639
1966,2019-12-11 15:00:00,86.58166,120.58238,2.641932651400566
1967,2019-12-11 16:00:00,86.58344,120.54228999999998,2.608317404985428
1968,2019-12-11 17:00:00,86.58521,120.50515999999999,2.4933741092681885
1969,2019-12-11 18:00:00,86.58695,120.47068999999999,2.139957457780838
1970,2019-12-11 19:00:00,86.58848,120.43597999999997,1.680970385670662
1971,2019-12-11 20:00:00,86.58963,120.4017,1.3491052687168121
1972,2019-12-11 21:00:00,86.5907,120.3689,1.1128044426441193
1973,2019-12-11 22:00:00,86.59174,120.33832999999998,1.2513239085674286
1974,2019-12-11 23:00:00,86.59294,120.31225999999998,1.3875340968370438
1975,2019-12-12 00:00:00,86.59413,120.28706999999997,1.6452612578868866
1976,2019-12-12 01:00:00,86.59517,120.26306999999997,2.075699135661125
1977,2019-12-12 02:00:00,86.59613,120.23878000000002,2.286578595638275
1978,2019-12-12 03:00:00,86.59692,120.21301,2.6490305364131927
1979,2019-12-12 04:00:00,86.59757,120.18662999999998,2.9961627572774887
1980,2019-12-12 05:00:00,86.59805,120.16183000000001,3.2225371450185776
1981,2019-12-12 06:00:00,86.59844,120.13842,3.6657477617263794
1982,2019-12-12 07:00:00,86.5987,120.1164,4.131227910518646
1983,2019-12-12 08:00:00,86.59881,120.09604000000002,4.1910368502140045
1984,2019-12-12 09:00:00,86.59879,120.07537000000002,4.545355275273323
1985,2019-12-12 10:00:00,86.59871,120.05414999999999,4.732956483960152
1986,2019-12-12 11:00:00,86.59863,120.03203000000002,4.757376626133919
1987,2019-12-12 12:00:00,86.59855,120.00945999999999,4.939050048589706
1988,2019-12-12 13:00:00,86.59841,119.98563000000001,5.054654762148857
1989,2019-12-12 14:00:00,86.59812,119.96165000000002,5.26322665810585
1990,2019-12-12 15:00:00,86.59789,119.9377,5.3582968562841415
1991,2019-12-12 16:00:00,86.59774,119.91471000000001,5.268448039889336
1992,2019-12-12 17:00:00,86.59759,119.89360999999997,5.530227020382881
1993,2019-12-12 18:00:00,86.59745,119.87342999999998,5.735096514225006
1994,2019-12-12 19:00:00,86.59727,119.85446999999999,5.590292751789093
1995,2019-12-12 20:00:00,86.59711,119.83425,5.630321353673935
1996,2019-12-12 21:00:00,86.59674,119.80498999999998,5.68144166469574
1997,2019-12-12 22:00:00,86.59627,119.76953000000003,5.869010627269745
1998,2019-12-12 23:00:00,86.59539,119.72276,5.786367192864418
1999,2019-12-13 00:00:00,86.59442,119.67331000000001,5.924388021230698
2000,2019-12-13 01:00:00,86.59346,119.61962,5.719167247414589
2001,2019-12-13 02:00:00,86.5926,119.56498999999997,5.762828081846237
2002,2019-12-13 03:00:00,86.59206,119.50970000000001,5.925153702497482
2003,2019-12-13 04:00:00,86.5919,119.46035,5.95633202791214
2004,2019-12-13 05:00:00,86.59194,119.41663,5.8409207463264465
2005,2019-12-13 06:00:00,86.59213,119.37601000000001,5.643661662936211
2006,2019-12-13 07:00:00,86.59243,119.33326999999997,5.425821781158447
2007,2019-12-13 08:00:00,86.59274,119.28978999999998,5.402290195226669
2008,2019-12-13 09:00:00,86.59316,119.24507,5.411546766757965
2009,2019-12-13 10:00:00,86.59372,119.19929000000002,5.314866855740547
2010,2019-12-13 11:00:00,86.59419,119.15724999999998,5.2077616751194
2011,2019-12-13 12:00:00,86.59468,119.11829,5.030585020780563
2012,2019-12-13 13:00:00,86.59517,119.07749000000001,4.953367903828621
2013,2019-12-13 14:00:00,86.59576,119.03935000000001,4.882561162114143
2014,2019-12-13 15:00:00,86.59642,119.00317999999999,4.61755833029747
2015,2019-12-13 16:00:00,86.59707,118.96814999999998,4.280609577894211
2016,2019-12-13 17:00:00,86.59775,118.93459999999999,3.979967899620533
2017,2019-12-13 18:00:00,86.5984,118.90214000000003,3.8010615706443787
2018,2019-12-13 19:00:00,86.59905,118.86932999999999,3.7740106284618378
2019,2019-12-13 20:00:00,86.59976,118.83695999999998,3.710537388920784
2020,2019-12-13 21:00:00,86.60057,118.80466999999999,3.2834274917840958
2021,2019-12-13 22:00:00,86.60143,118.77247,2.903444781899452
2022,2019-12-13 23:00:00,86.60236,118.74099000000001,2.733103945851326
2023,2019-12-14 00:00:00,86.60324,118.70916999999997,2.878699541091919
2024,2019-12-14 01:00:00,86.60425,118.68018999999998,2.84314888715744
2025,2019-12-14 02:00:00,86.60527,118.65327000000002,2.613024353981018
2026,2019-12-14 03:00:00,86.60629,118.62869999999998,2.179316520690918
2027,2019-12-14 04:00:00,86.60727,118.60660000000001,1.9231234043836594
2028,2019-12-14 05:00:00,86.60821,118.58510000000001,1.7984565794467926
2029,2019-12-14 06:00:00,86.60906,118.56430999999998,1.8185724169015884
2030,2019-12-14 07:00:00,86.60983,118.54476,1.7210680544376373
2031,2019-12-14 08:00:00,86.61063,118.52552000000003,1.6357955634593964
2032,2019-12-14 09:00:00,86.61143,118.50603999999998,1.7662634700536728
2033,2019-12-14 10:00:00,86.61199,118.48458,1.8567927032709122
2034,2019-12-14 11:00:00,86.61261,118.46267,2.037616327404976
2035,2019-12-14 12:00:00,86.61315,118.43952999999999,2.084066942334175
2036,2019-12-14 13:00:00,86.61381,118.41773,2.2706893980503082
2037,2019-12-14 14:00:00,86.61435,118.39859999999999,2.341572865843773
2038,2019-12-14 15:00:00,86.61476,118.38081,2.5950481593608856
2039,2019-12-14 16:00:00,86.61519,118.36394999999999,2.6072975248098373
2040,2019-12-14 17:00:00,86.61555,118.34860000000003,2.491565853357315
2041,2019-12-14 18:00:00,86.61592,118.33458999999999,2.367631807923317
2042,2019-12-14 19:00:00,86.61625,118.32130000000001,2.1469841301441193
2043,2019-12-14 20:00:00,86.61652,118.30638999999996,2.0083821564912796
2044,2019-12-14 21:00:00,86.61697,118.28868,1.9118164777755737
2045,2019-12-14 22:00:00,86.6174,118.26837,1.853077083826065
2046,2019-12-14 23:00:00,86.61788,118.24634000000003,1.7956798523664474
2047,2019-12-15 00:00:00,86.61829,118.22222999999997,1.673265814781189
2048,2019-12-15 01:00:00,86.61867,118.19752,1.564900815486908
2049,2019-12-15 02:00:00,86.61896,118.17281000000003,1.5766522884368896
2050,2019-12-15 03:00:00,86.61913,118.15017999999998,1.6580854803323746
2051,2019-12-15 04:00:00,86.61927,118.12981000000002,1.830976590514183
2052,2019-12-15 05:00:00,86.61933,118.11157000000003,1.9199263006448746
2053,2019-12-15 06:00:00,86.61929,118.09542999999996,1.9658399820327759
2054,2019-12-15 07:00:00,86.61921,118.07801999999998,2.178555801510811
2055,2019-12-15 08:00:00,86.61915,118.05790000000002,2.308653950691223
2056,2019-12-15 09:00:00,86.61908,118.03535,2.5315737426280975
2057,2019-12-15 10:00:00,86.61907,118.01017999999999,2.765549920499325
2058,2019-12-15 11:00:00,86.61908,117.98158999999998,3.0161741971969604
2059,2019-12-15 12:00:00,86.61905,117.95049,3.2992814481258392
2060,2019-12-15 13:00:00,86.61896,117.91705999999999,3.6346359997987747
2061,2019-12-15 14:00:00,86.61874,117.88094000000001,3.89684197306633
2062,2019-12-15 15:00:00,86.61844,117.84548999999998,4.2261956334114075
2063,2019-12-15 16:00:00,86.61807,117.81063,4.567450180649757
2064,2019-12-15 17:00:00,86.6176,117.77585999999997,4.8263204246759415
2065,2019-12-15 18:00:00,86.61713,117.73981000000003,4.957723677158356
2066,2019-12-15 19:00:00,86.61652,117.70105999999998,5.262864634394646
2067,2019-12-15 20:00:00,86.6159,117.65990999999997,5.678369775414467
2068,2019-12-15 21:00:00,86.61522,117.61513000000002,6.132002219557762
2069,2019-12-15 22:00:00,86.61458,117.56735000000003,6.5865282118320465
2070,2019-12-15 23:00:00,86.61383,117.51299,7.018969625234604
2071,2019-12-16 00:00:00,86.61316,117.45571999999999,7.327664032578468
2072,2019-12-16 01:00:00,86.61244,117.39630999999997,7.601983889937401
2073,2019-12-16 02:00:00,86.61161,117.33179999999999,7.874967932701111
2074,2019-12-16 03:00:00,86.61029,117.25765999999999,7.2498370707035065
2075,2019-12-16 04:00:00,86.60886,117.18306999999999,7.467048317193985
2076,2019-12-16 05:00:00,86.60734,117.10910000000001,7.752538129687309
2077,2019-12-16 06:00:00,86.60559,117.03206999999998,8.033715039491653
2078,2019-12-16 07:00:00,86.60368,116.95335,8.256516113877296
2079,2019-12-16 08:00:00,86.60182,116.86198999999999,8.521768882870674
2080,2019-12-16 09:00:00,86.60021,116.76071999999999,8.651551246643066
2081,2019-12-16 10:00:00,86.5991,116.64357000000001,8.798161715269089
2082,2019-12-16 11:00:00,86.59854,116.52553999999998,9.035995826125145
2083,2019-12-16 12:00:00,86.59838,116.40742,9.233849674463272
2084,2019-12-16 13:00:00,86.59855,116.29077000000001,9.17069736123085
2085,2019-12-16 14:00:00,86.59894,116.17836999999997,9.06149086356163
2086,2019-12-16 15:00:00,86.59954,116.07096000000001,8.992989003658295
2087,2019-12-16 16:00:00,86.60021,115.96920999999998,8.792525976896286
2088,2019-12-16 17:00:00,86.6009,115.87394,8.474416375160217
2089,2019-12-16 18:00:00,86.60158,115.78345999999999,8.122995287179947
2090,2019-12-16 19:00:00,86.60226,115.69758999999999,7.974467366933823
2091,2019-12-16 20:00:00,86.60302,115.61732999999998,7.752086192369461
2092,2019-12-16 21:00:00,86.6039,115.53964000000002,7.504320472478867
2093,2019-12-16 22:00:00,86.6049,115.46087,7.291882693767548
2094,2019-12-16 23:00:00,86.60603,115.38240000000002,7.087182596325874
2095,2019-12-17 00:00:00,86.60725,115.30432000000002,6.80724410712719
2096,2019-12-17 01:00:00,86.60876,115.22735999999998,6.7235575169324875
2097,2019-12-17 02:00:00,86.61052,115.15204,6.748460456728935
2098,2019-12-17 03:00:00,86.61262,115.07603,6.828083664178848
2099,2019-12-17 04:00:00,86.61453,115.00626,6.770183905959129
2100,2019-12-17 05:00:00,86.61689,114.93441999999999,6.664829596877098
2101,2019-12-17 06:00:00,86.61964,114.86770999999999,6.569080516695976
2102,2019-12-17 07:00:00,86.62213,114.80344000000002,6.485621020197868
2103,2019-12-17 08:00:00,86.62474,114.74549999999999,6.3856489807367325
2104,2019-12-17 09:00:00,86.62727,114.69187,6.2538066655397415
2105,2019-12-17 10:00:00,86.63006,114.63836000000003,6.2454842031002045
2106,2019-12-17 11:00:00,86.63311,114.58415000000002,6.17946894466877
2107,2019-12-17 12:00:00,86.63637,114.52900999999997,6.014119893312454
2108,2019-12-17 13:00:00,86.63965,114.47369000000003,5.7615479081869125
2109,2019-12-17 14:00:00,86.64297,114.41840000000002,5.565002456307411
2110,2019-12-17 15:00:00,86.64625,114.36316999999997,5.545594274997711
2111,2019-12-17 16:00:00,86.64953,114.31142999999997,5.484351262450218
2112,2019-12-17 17:00:00,86.65252,114.26288999999997,5.317009598016739
2113,2019-12-17 18:00:00,86.65532,114.21771000000001,5.096298694610596
2114,2019-12-17 19:00:00,86.65784,114.17336999999998,4.913456827402115
2115,2019-12-17 20:00:00,86.66034,114.13006999999999,4.738704949617386
2116,2019-12-17 21:00:00,86.66272,114.08686999999998,4.634170174598694
2117,2019-12-17 22:00:00,86.66489,114.04273999999998,4.54459023475647
2118,2019-12-17 23:00:00,86.66698,113.99808000000002,4.514541029930115
2119,2019-12-18 00:00:00,86.66908,113.95238,4.428073510527611
2120,2019-12-18 01:00:00,86.67126,113.90633000000003,4.259078025817871
2121,2019-12-18 02:00:00,86.67337,113.86176999999998,4.054308593273163
2122,2019-12-18 03:00:00,86.67543,113.81763000000001,3.802758067846298
2123,2019-12-18 04:00:00,86.67697,113.77778999999998,3.634684443473816
2124,2019-12-18 05:00:00,86.67813,113.74061,3.564862534403801
2125,2019-12-18 06:00:00,86.67899,113.70724000000001,3.43967741727829
2126,2019-12-18 07:00:00,86.67954,113.67794000000004,3.2308704257011414
2127,2019-12-18 08:00:00,86.67981,113.65118000000001,2.952665254473686
2128,2019-12-18 09:00:00,86.68001,113.62481000000002,2.6931402683258057
2129,2019-12-18 10:00:00,86.6802,113.59653000000003,2.4874502420425415
2130,2019-12-18 11:00:00,86.68035,113.56612999999999,2.3303440660238266
2131,2019-12-18 12:00:00,86.6804,113.5349,2.396932974457741
2132,2019-12-18 13:00:00,86.68043,113.50224000000003,2.5032138973474503
2133,2019-12-18 14:00:00,86.68047,113.46917000000002,2.597450837492943
2134,2019-12-18 15:00:00,86.68049,113.43696999999997,2.694057986140251
2135,2019-12-18 16:00:00,86.68046,113.40609,2.8007852882146835
2136,2019-12-18 17:00:00,86.68043,113.37739999999997,3.0276663452386856
2137,2019-12-18 18:00:00,86.68038,113.35041999999999,3.235656976699829
2138,2019-12-18 19:00:00,86.68026,113.32553000000001,3.36578731238842
2139,2019-12-18 20:00:00,86.68008,113.3012,3.42700731754303
2140,2019-12-18 21:00:00,86.68,113.27525000000003,3.462097257375717
2141,2019-12-18 22:00:00,86.68002,113.24778000000003,3.436070755124092
2142,2019-12-18 23:00:00,86.68017,113.21877999999998,3.3055697083473206
2143,2019-12-19 00:00:00,86.6804,113.18953999999997,3.213831216096878
2144,2019-12-19 01:00:00,86.68068,113.16093000000001,3.097916930913925
2145,2019-12-19 02:00:00,86.68092,113.13413000000003,2.951344221830368
2146,2019-12-19 03:00:00,86.68104,113.11065000000002,2.7999385446310043
2147,2019-12-19 04:00:00,86.68092,113.09005000000002,2.8213037997484207
2148,2019-12-19 05:00:00,86.68062,113.07367999999997,2.8182433247566223
2149,2019-12-19 06:00:00,86.6803,113.05799000000002,2.624804735183716
2150,2019-12-19 07:00:00,86.67997,113.04232000000002,2.372550390660763
2151,2019-12-19 08:00:00,86.67961,113.02561000000003,2.3079563826322556
2152,2019-12-19 09:00:00,86.67922,113.00823000000003,2.146950587630272
2153,2019-12-19 10:00:00,86.67886,112.9896,1.7377612739801407
2154,2019-12-19 11:00:00,86.67856,112.97026,0.9698260277509689
2155,2019-12-19 12:00:00,86.67822,112.95059000000003,0.5341160744428635
2156,2019-12-19 13:00:00,86.67796,112.92969,0.8259387910366058
2157,2019-12-19 14:00:00,86.67783,112.90969999999999,1.5650577247142792
2158,2019-12-19 15:00:00,86.67778,112.89010000000002,2.091188594698906
2159,2019-12-19 16:00:00,86.67779,112.87187,2.1565058529376984
2160,2019-12-19 17:00:00,86.67774,112.85532999999998,1.7450861781835556
2161,2019-12-19 18:00:00,86.67755,112.84046000000001,1.32623852789402
2162,2019-12-19 19:00:00,86.67725,112.82747,0.9598642885684967
2163,2019-12-19 20:00:00,86.67684,112.81281000000001,1.142706274986267
2164,2019-12-19 21:00:00,86.67647,112.79475000000002,1.5313210636377335
2165,2019-12-19 22:00:00,86.67619,112.77418999999998,1.576886534690857
2166,2019-12-19 23:00:00,86.67606,112.75387999999998,1.4604360163211823
2167,2019-12-20 00:00:00,86.67614,112.73383999999999,1.1940952837467194
2168,2019-12-20 01:00:00,86.67638,112.71407999999997,0.8625687956809998
2169,2019-12-20 02:00:00,86.67681,112.6959,1.0549308359622955
2170,2019-12-20 03:00:00,86.67733,112.68043999999998,1.4883677512407303
2171,2019-12-20 04:00:00,86.67788,112.66726,1.73628731071949
2172,2019-12-20 05:00:00,86.6784,112.65631000000002,1.55018849670887
2173,2019-12-20 06:00:00,86.67884,112.64651000000003,1.406801387667656
2174,2019-12-20 07:00:00,86.67914,112.63743999999997,1.3900543451309204
2175,2019-12-20 08:00:00,86.67933,112.62669,1.321569636464119
2176,2019-12-20 09:00:00,86.67944,112.61482000000001,1.159103274345398
2177,2019-12-20 10:00:00,86.67959,112.60088000000002,1.1892811506986618
2178,2019-12-20 11:00:00,86.67986,112.58614,1.423359215259552
2179,2019-12-20 12:00:00,86.68027,112.57139999999998,1.5838701277971268
2180,2019-12-20 13:00:00,86.6808,112.55712,1.5525936633348465
2181,2019-12-20 14:00:00,86.68153,112.54410999999999,1.641005977988243
2182,2019-12-20 15:00:00,86.68235,112.53269,1.6760706901550293
2183,2019-12-20 16:00:00,86.68315,112.52386000000001,1.6981522738933563
2184,2019-12-20 17:00:00,86.68386,112.51645000000002,1.8351279944181442
2185,2019-12-20 18:00:00,86.68442,112.50995,1.9065651148557663
2186,2019-12-20 19:00:00,86.68484,112.50365,1.891155183315277
2187,2019-12-20 20:00:00,86.68514,112.49667999999997,1.8728304505348206
2188,2019-12-20 21:00:00,86.68536,112.48849000000001,1.84088833630085
2189,2019-12-20 22:00:00,86.68551,112.47878000000003,1.7367935478687286
2190,2019-12-20 23:00:00,86.68572,112.46785,1.6146793067455292
2191,2019-12-21 00:00:00,86.68602,112.45613000000003,1.4578596353530884
2192,2019-12-21 01:00:00,86.68646,112.44447000000002,1.6020746678113937
2193,2019-12-21 02:00:00,86.68701,112.43376999999998,1.923268899321556
2194,2019-12-21 03:00:00,86.68761,112.42518000000001,2.1495953798294067
2195,2019-12-21 04:00:00,86.68814,112.4194,2.2884726971387863
2196,2019-12-21 05:00:00,86.68856,112.41615000000002,2.3790884017944336
2197,2019-12-21 06:00:00,86.68879,112.41439000000003,2.4115943014621735
2198,2019-12-21 07:00:00,86.68885,112.41338000000002,2.4049549102783203
2199,2019-12-21 08:00:00,86.68872,112.41194000000002,2.3317393362522125
2200,2019-12-21 09:00:00,86.68846,112.41059000000001,2.1970087736845016
2201,2019-12-21 10:00:00,86.6881,112.40821,2.214868038892746
2202,2019-12-21 11:00:00,86.68769,112.40460000000002,2.3126889020204544
2203,2019-12-21 12:00:00,86.68733,112.40082999999998,2.3582766354084015
2204,2019-12-21 13:00:00,86.68706,112.39756999999997,2.4889210015535355
2205,2019-12-21 14:00:00,86.6869,112.39576999999997,2.5425415337085724
2206,2019-12-21 15:00:00,86.68676,112.39539000000002,2.583956718444824
2207,2019-12-21 16:00:00,86.68662,112.39661999999998,2.7755865156650543
2208,2019-12-21 17:00:00,86.68644,112.3997,2.883485287427902
2209,2019-12-21 18:00:00,86.68609,112.40483,3.016413241624832
2210,2019-12-21 19:00:00,86.68558,112.41227000000003,3.155287876725197
2211,2019-12-21 20:00:00,86.6849,112.42198000000002,3.211294710636139
2212,2019-12-21 21:00:00,86.68405,112.43318999999997,3.1730719059705734
2213,2019-12-21 22:00:00,86.68309,112.44484999999997,3.157359704375267
2214,2019-12-21 23:00:00,86.68207,112.45628999999997,3.2013718336820602
2215,2019-12-22 00:00:00,86.6811,112.46627999999998,3.2713198959827423
2216,2019-12-22 01:00:00,86.68029,112.47618,3.406302198767662
2217,2019-12-22 02:00:00,86.67965,112.48739,3.6572752743959427
2218,2019-12-22 03:00:00,86.67916,112.50126,3.987738236784935
2219,2019-12-22 04:00:00,86.67866,112.51783999999998,4.209666192531586
2220,2019-12-22 05:00:00,86.67808,112.53773000000001,4.248141258955002
2221,2019-12-22 06:00:00,86.67732,112.55955,4.23332567512989
2222,2019-12-22 07:00:00,86.67629,112.58019999999999,4.2232199013233185
2223,2019-12-22 08:00:00,86.67513,112.59667999999999,4.254943147301674
2224,2019-12-22 09:00:00,86.67401,112.60989999999998,4.391162484884262
2225,2019-12-22 10:00:00,86.67294,112.62263999999999,4.539263606071472
2226,2019-12-22 11:00:00,86.67184,112.63458000000003,4.5704905688762665
2227,2019-12-22 12:00:00,86.67091,112.64585,4.569496512413025
2228,2019-12-22 13:00:00,86.6701,112.6583,4.649341031908989
2229,2019-12-22 14:00:00,86.66937,112.67275000000001,4.782971054315567
2230,2019-12-22 15:00:00,86.6687,112.68723999999997,4.935079336166382
2231,2019-12-22 16:00:00,86.66805,112.70571000000001,5.020127102732658
2232,2019-12-22 17:00:00,86.66738,112.72685000000001,5.015892058610916
2233,2019-12-22 18:00:00,86.66631,112.75233000000003,4.975862637162209
2234,2019-12-22 19:00:00,86.66471,112.78064999999998,4.9098169803619385
2235,2019-12-22 20:00:00,86.66282,112.80988000000002,4.770628795027733
2236,2019-12-22 21:00:00,86.6608,112.83857,4.665713518857956
2237,2019-12-22 22:00:00,86.65896,112.86184000000003,4.6608661115169525
2238,2019-12-22 23:00:00,86.65718,112.88267000000002,4.642612963914871
2239,2019-12-23 00:00:00,86.65542,112.90133000000003,4.631178289651871
2240,2019-12-23 01:00:00,86.65378,112.91982999999999,4.678938329219818
2241,2019-12-23 02:00:00,86.6523,112.93858,4.716532796621323
2242,2019-12-23 03:00:00,86.651,112.95837,4.677427902817726
2243,2019-12-23 04:00:00,86.64986,112.9805,4.6457667499780655
2244,2019-12-23 05:00:00,86.64879,113.00563999999997,4.701551303267479
2245,2019-12-23 06:00:00,86.64764,113.0326,4.752056285738945
2246,2019-12-23 07:00:00,86.64647,113.05989999999997,4.767546907067299
2247,2019-12-23 08:00:00,86.64523,113.08576,4.765701338648796
2248,2019-12-23 09:00:00,86.644,113.10966000000002,4.744221583008766
2249,2019-12-23 10:00:00,86.6427,113.13117999999997,4.711220517754555
2250,2019-12-23 11:00:00,86.64126,113.14875999999998,4.676520258188248
2251,2019-12-23 12:00:00,86.6399,113.1651,4.649461403489113
2252,2019-12-23 13:00:00,86.63864,113.18054999999998,4.682732447981834
2253,2019-12-23 14:00:00,86.63769,113.19531999999998,4.74417681992054
2254,2019-12-23 15:00:00,86.63685,113.21339999999998,4.760955989360809
2255,2019-12-23 16:00:00,86.63604,113.23584,4.818192809820175
2256,2019-12-23 17:00:00,86.63528,113.26323000000002,4.891318172216415
2257,2019-12-23 18:00:00,86.63451,113.29410000000001,4.900048211216927
2258,2019-12-23 19:00:00,86.63371,113.32603,4.901215761899948
2259,2019-12-23 20:00:00,86.63279,113.35789999999997,4.909195855259895
2260,2019-12-23 21:00:00,86.63188,113.38841000000002,4.8579020500183105
2261,2019-12-23 22:00:00,86.63103,113.41741999999999,4.727742612361908
2262,2019-12-23 23:00:00,86.63016,113.44673999999998,4.68410786986351
2263,2019-12-24 00:00:00,86.6294,113.47627,4.727015942335129
2264,2019-12-24 01:00:00,86.62881,113.50590999999997,4.737761154770851
2265,2019-12-24 02:00:00,86.62831,113.53634999999997,4.793184161186218
2266,2019-12-24 03:00:00,86.62788,113.56993,4.886114805936813
2267,2019-12-24 04:00:00,86.62755,113.60626000000002,4.962446257472038
2268,2019-12-24 05:00:00,86.62723,113.64490999999998,5.047110587358475
2269,2019-12-24 06:00:00,86.62689,113.68651999999997,5.106838256120682
2270,2019-12-24 07:00:00,86.62654,113.72884999999997,5.118394523859024
2271,2019-12-24 08:00:00,86.62611,113.76977999999997,5.14103327691555
2272,2019-12-24 09:00:00,86.62553,113.81166000000002,5.160258322954178
2273,2019-12-24 10:00:00,86.62498,113.85279000000003,5.157072737812996
2274,2019-12-24 11:00:00,86.62434,113.89447000000001,5.136901780962944
2275,2019-12-24 12:00:00,86.62367,113.93252000000001,5.1825331300497055
2276,2019-12-24 13:00:00,86.623,113.96951999999999,5.314582273364067
2277,2019-12-24 14:00:00,86.62251,114.01141000000001,5.417802348732948
2278,2019-12-24 15:00:00,86.62227,114.05439000000001,5.450620517134666
2279,2019-12-24 16:00:00,86.62227,114.09866999999997,5.488865286111832
2280,2019-12-24 17:00:00,86.62234,114.14708000000002,5.558706045150757
2281,2019-12-24 18:00:00,86.6224,114.19655,5.5773709416389465
2282,2019-12-24 19:00:00,86.62247,114.24741,5.566585540771484
2283,2019-12-24 20:00:00,86.62235,114.29795000000001,5.545324265956879
2284,2019-12-24 21:00:00,86.62217,114.34569999999997,5.517780601978302
2285,2019-12-24 22:00:00,86.6219,114.39157999999998,5.490628704428673
2286,2019-12-24 23:00:00,86.62166,114.43606999999997,5.424335300922394
2287,2019-12-25 00:00:00,86.62153,114.47974999999997,5.380242645740509
2288,2019-12-25 01:00:00,86.6215,114.52233999999999,5.386990323662758
2289,2019-12-25 02:00:00,86.62154,114.56421999999998,5.354725167155266
2290,2019-12-25 03:00:00,86.62165,114.60768999999999,5.310870543122292
2291,2019-12-25 04:00:00,86.62191,114.65241000000003,5.257530406117439
2292,2019-12-25 05:00:00,86.62227,114.70002999999997,5.20840959250927
2293,2019-12-25 06:00:00,86.62271,114.74778000000003,5.141749322414398
2294,2019-12-25 07:00:00,86.62317,114.79484000000002,4.992300435900688
2295,2019-12-25 08:00:00,86.62354,114.84075000000001,5.202917963266373
2296,2019-12-25 09:00:00,86.62384,114.88445999999999,5.344579458236694
2297,2019-12-25 10:00:00,86.6242,114.92725999999999,5.217277243733406
2298,2019-12-25 11:00:00,86.62451,114.96897000000001,5.426959216594696
2299,2019-12-25 12:00:00,86.62489,115.00869999999998,5.4445101618766785
2300,2019-12-25 13:00:00,86.62517,115.04529000000002,5.251416176557541
2301,2019-12-25 14:00:00,86.6256,115.07979999999998,5.050163820385933
2302,2019-12-25 15:00:00,86.62616,115.11262999999997,4.821885526180267
2303,2019-12-25 16:00:00,86.62698,115.14549999999997,4.629651665687561
2304,2019-12-25 17:00:00,86.62798,115.17827,4.377660572528839
2305,2019-12-25 18:00:00,86.62919,115.21199999999999,4.1443571746349335
2306,2019-12-25 19:00:00,86.63074,115.24910999999997,4.044249504804611
2307,2019-12-25 20:00:00,86.63229,115.28714000000002,4.075219541788101
2308,2019-12-25 21:00:00,86.63396,115.32598999999999,4.374472185969353
2309,2019-12-25 22:00:00,86.63552,115.36347,4.672548711299896
2310,2019-12-25 23:00:00,86.63692,115.40046999999998,4.439857870340347
2311,2019-12-26 00:00:00,86.63845,115.43792000000002,4.656990498304367
2312,2019-12-26 01:00:00,86.63982,115.47505000000001,4.861450165510178
2313,2019-12-26 02:00:00,86.64117,115.51243999999997,5.067208647727966
2314,2019-12-26 03:00:00,86.64246,115.55000000000001,5.31340979039669
2315,2019-12-26 04:00:00,86.64379,115.58911999999998,5.513020157814026
2316,2019-12-26 05:00:00,86.64511,115.63141000000002,5.299273133277893
2317,2019-12-26 06:00:00,86.64648,115.67561999999998,5.047873377799988
2318,2019-12-26 07:00:00,86.64779,115.71906999999999,5.082531616091728
2319,2019-12-26 08:00:00,86.64904,115.76066000000003,5.152303501963615
2320,2019-12-26 09:00:00,86.65019,115.79912999999999,5.210045278072357
2321,2019-12-26 10:00:00,86.65142,115.83454999999998,5.0873162150383
2322,2019-12-26 11:00:00,86.65271,115.86360000000002,4.933314770460129
2323,2019-12-26 12:00:00,86.65388,115.88988,4.865016430616379
2324,2019-12-26 13:00:00,86.65499,115.91143999999997,4.933028489351273
2325,2019-12-26 14:00:00,86.65616,115.92722000000003,4.969094440340996
2326,2019-12-26 15:00:00,86.65745,115.93867,4.778739511966705
2327,2019-12-26 16:00:00,86.65898,115.94815,4.5137408673763275
2328,2019-12-26 17:00:00,86.66054,115.95600999999999,4.29632431268692
2329,2019-12-26 18:00:00,86.6624,115.96393999999998,4.202381193637848
2330,2019-12-26 19:00:00,86.66426,115.97158000000002,4.147689402103424
2331,2019-12-26 20:00:00,86.66611,115.97742,4.0155890583992
2332,2019-12-26 21:00:00,86.66786,115.98340000000002,3.827894940972328
2333,2019-12-26 22:00:00,86.66949,115.98923000000002,3.6751416325569153
2334,2019-12-26 23:00:00,86.67102,115.99446999999998,3.634146809577942
2335,2019-12-27 00:00:00,86.67249,115.99898000000002,3.6335053741931915
2336,2019-12-27 01:00:00,86.67348,116.00187,3.590146943926811
2337,2019-12-27 02:00:00,86.67419,116.00279999999998,3.469678148627281
2338,2019-12-27 03:00:00,86.67475,116.00295,3.2335100173950195
2339,2019-12-27 04:00:00,86.67518,116.00238000000002,2.96724970638752
2340,2019-12-27 05:00:00,86.67558,116.00099999999998,2.7849669754505157
2341,2019-12-27 06:00:00,86.676,115.99741,2.686051532626152
2342,2019-12-27 07:00:00,86.67643,115.99099999999999,2.6068992614746094
2343,2019-12-27 08:00:00,86.67689,115.983,2.5270489156246185
2344,2019-12-27 09:00:00,86.67742,115.97392000000002,2.414886489510536
2345,2019-12-27 10:00:00,86.67804,115.96500000000003,2.3480290174484253
2346,2019-12-27 11:00:00,86.67861,115.95609000000002,2.36051669716835
2347,2019-12-27 12:00:00,86.67898,115.94668000000001,2.290900483727455
2348,2019-12-27 13:00:00,86.67923,115.93923999999998,2.202199935913086
2349,2019-12-27 14:00:00,86.67935,115.93501000000003,2.0760634392499924
2350,2019-12-27 15:00:00,86.67929,115.92995000000002,1.9211151599884033
2351,2019-12-27 16:00:00,86.67913,115.92345,1.7670345604419708
2352,2019-12-27 17:00:00,86.67894,115.91541000000001,1.6003084629774094
2353,2019-12-27 18:00:00,86.67881,115.90611999999999,1.3622538298368454
2354,2019-12-27 19:00:00,86.67879,115.89659,1.2097818851470947
2355,2019-12-27 20:00:00,86.67889,115.88693,1.1099025160074234
2356,2019-12-27 21:00:00,86.6791,115.87752999999998,1.1269935965538025
2357,2019-12-27 22:00:00,86.6794,115.86867000000001,1.3095787018537521
2358,2019-12-27 23:00:00,86.6797,115.86034000000001,1.4034455716609955
2359,2019-12-28 00:00:00,86.67988,115.85149000000001,1.3173470497131348
2360,2019-12-28 01:00:00,86.67981,115.84375,1.2369488030672073
2361,2019-12-28 02:00:00,86.67939,115.83344999999997,1.1837499737739563
2362,2019-12-28 03:00:00,86.67869,115.82026000000002,1.2008679807186127
2363,2019-12-28 04:00:00,86.67782,115.80728999999997,1.3150859773159027
2364,2019-12-28 05:00:00,86.67693,115.79244,1.4489134401082993
2365,2019-12-28 06:00:00,86.67616,115.77854000000002,1.5710835754871368
2366,2019-12-28 07:00:00,86.67548,115.76490999999999,1.4472194164991379
2367,2019-12-28 08:00:00,86.67492,115.75206000000003,1.6236818879842758
2368,2019-12-28 09:00:00,86.67443,115.74017000000003,1.5396806448698044
2369,2019-12-28 10:00:00,86.6741,115.72857999999997,1.6036219894886017
2370,2019-12-28 11:00:00,86.67373,115.71947,1.871104672551155
2371,2019-12-28 12:00:00,86.67321,115.71188000000001,2.1875682324171066
2372,2019-12-28 13:00:00,86.67246,115.70506999999998,2.556553527712822
2373,2019-12-28 14:00:00,86.6715,115.69925999999998,2.7548442780971527
2374,2019-12-28 15:00:00,86.67039,115.69389000000001,2.967768058180809
2375,2019-12-28 16:00:00,86.66912,115.68747000000002,3.0628691017627716
2376,2019-12-28 17:00:00,86.6678,115.67912999999999,3.023284748196602
2377,2019-12-28 18:00:00,86.6665,115.66982999999999,3.0098010897636414
2378,2019-12-28 19:00:00,86.6653,115.66068000000001,3.12444169819355
2379,2019-12-28 20:00:00,86.66428,115.65168,3.365561753511429
2380,2019-12-28 21:00:00,86.6634,115.64537999999999,3.5871266424655914
2381,2019-12-28 22:00:00,86.66259,115.64202,3.6842164397239685
2382,2019-12-28 23:00:00,86.6618,115.64233999999999,3.672624811530113
2383,2019-12-29 00:00:00,86.6609,115.64603999999997,3.5961461514234543
2384,2019-12-29 01:00:00,86.65989,115.65190999999999,3.7442267537117004
2385,2019-12-29 02:00:00,86.65875,115.66023000000001,4.0256084352731705
2386,2019-12-29 03:00:00,86.65745,115.67160999999999,4.288477689027786
2387,2019-12-29 04:00:00,86.65612,115.68155999999999,4.585129112005234
2388,2019-12-29 05:00:00,86.65465,115.69139000000001,4.722120299935341
2389,2019-12-29 06:00:00,86.65277,115.7045,4.776834547519684
2390,2019-12-29 07:00:00,86.65113,115.71755999999999,4.816204011440277
2391,2019-12-29 08:00:00,86.6496,115.73309,5.169656544923782
2392,2019-12-29 09:00:00,86.6482,115.75254000000001,5.323397547006607
2393,2019-12-29 10:00:00,86.64672,115.77317,5.379259645938873
2394,2019-12-29 11:00:00,86.64529,115.79408000000001,5.4967267364263535
2395,2019-12-29 12:00:00,86.64389,115.81666999999999,5.612844854593277
2396,2019-12-29 13:00:00,86.64236,115.84165999999999,5.653247028589249
2397,2019-12-29 14:00:00,86.64073,115.86927000000003,5.771015867590904
2398,2019-12-29 15:00:00,86.63873,115.89661999999998,5.764424622058868
2399,2019-12-29 16:00:00,86.63652,115.92489,5.8596038818359375
2400,2019-12-29 17:00:00,86.63425,115.95308999999997,6.854571804404259
2401,2019-12-29 18:00:00,86.63207,115.98001,7.069160372018814
2402,2019-12-29 19:00:00,86.6299,116.00937999999996,7.16801056265831
2403,2019-12-29 20:00:00,86.62786,116.03775000000002,7.247545927762985
2404,2019-12-29 21:00:00,86.62588,116.06578000000002,7.282193049788475
2405,2019-12-29 22:00:00,86.62412,116.09309999999999,7.298436030745506
2406,2019-12-29 23:00:00,86.62252,116.12310000000002,7.344248712062836
2407,2019-12-30 00:00:00,86.62083,116.15917000000002,7.405295759439468
2408,2019-12-30 01:00:00,86.61929,116.19864000000001,7.478075534105301
2409,2019-12-30 02:00:00,86.61781,116.24860000000001,7.542250424623489
2410,2019-12-30 03:00:00,86.61636,116.30849999999998,7.589200526475906
2411,2019-12-30 04:00:00,86.61467,116.37675999999999,7.6546977162361145
2412,2019-12-30 05:00:00,86.61261,116.44819000000001,7.899899780750275
2413,2019-12-30 06:00:00,86.61012,116.51833999999997,8.005480781197548
2414,2019-12-30 07:00:00,86.60742,116.58305000000001,8.096660688519478
2415,2019-12-30 08:00:00,86.60492,116.64148999999998,7.759150192141533
2416,2019-12-30 09:00:00,86.60253,116.69421999999997,7.573735237121582
2417,2019-12-30 10:00:00,86.60037,116.74797000000001,7.861341215670109
2418,2019-12-30 11:00:00,86.59838,116.80633,7.981409475207329
2419,2019-12-30 12:00:00,86.59647,116.86721,7.9649786949157715
2420,2019-12-30 13:00:00,86.5943,116.92811,8.017805695533752
2421,2019-12-30 14:00:00,86.59191,116.99353000000002,7.941241800785065
2422,2019-12-30 15:00:00,86.58938,117.06399999999996,7.841477483510971
2423,2019-12-30 16:00:00,86.58691,117.13734,7.850564509630203
2424,2019-12-30 17:00:00,86.58439,117.20974000000001,7.782272040843964
2425,2019-12-30 18:00:00,86.582,117.27623,7.81042867898941
2426,2019-12-30 19:00:00,86.57991,117.33621,7.482143595814705
2427,2019-12-30 20:00:00,86.57827,117.39188000000001,7.24279947578907
2428,2019-12-30 21:00:00,86.57705,117.43908999999996,6.94125334918499
2429,2019-12-30 22:00:00,86.57639,117.48349999999999,6.653098627924919
2430,2019-12-30 23:00:00,86.5763,117.52774999999997,6.450133591890335
2431,2019-12-31 00:00:00,86.57673,117.57258999999999,6.302916020154953
2432,2019-12-31 01:00:00,86.5771,117.61343999999997,6.3059903383255005
2433,2019-12-31 02:00:00,86.57775,117.65359000000001,6.033427760004997
2434,2019-12-31 03:00:00,86.57826,117.68921,5.647277548909187
2435,2019-12-31 04:00:00,86.57881,117.72415000000001,5.449875295162201
2436,2019-12-31 05:00:00,86.57942,117.75826,5.37767393887043
2437,2019-12-31 06:00:00,86.58014,117.78948000000003,5.248144224286079
2438,2019-12-31 07:00:00,86.58112,117.81691999999998,5.080552875995636
2439,2019-12-31 08:00:00,86.58237,117.83929999999998,4.843134455382824
2440,2019-12-31 09:00:00,86.58405,117.85639000000003,4.539476066827774
2441,2019-12-31 10:00:00,86.58602,117.86858000000001,4.24690406024456
2442,2019-12-31 11:00:00,86.58848,117.87801000000002,3.8981176614761353
2443,2019-12-31 12:00:00,86.59137,117.88818000000003,3.7691209465265274
2444,2019-12-31 13:00:00,86.59459,117.90073999999998,4.064522698521614
2445,2019-12-31 14:00:00,86.59807,117.91751,4.139853551983833
2446,2019-12-31 15:00:00,86.60159,117.93849,4.182502523064613
2447,2019-12-31 16:00:00,86.60493,117.96292,4.415379613637924
2448,2019-12-31 17:00:00,86.60812,117.98813000000001,4.707590892910957
2449,2019-12-31 18:00:00,86.61133,118.01159999999999,4.97027263045311
2450,2019-12-31 19:00:00,86.61467,118.03053999999997,5.124191597104073
2451,2019-12-31 20:00:00,86.61825,118.04462999999998,5.1874858140945435
2452,2019-12-31 21:00:00,86.6223,118.05493000000001,5.262300550937653
2453,2019-12-31 22:00:00,86.62706,118.06225,5.3405449241399765
2454,2019-12-31 23:00:00,86.63226,118.06624,5.36339958012104
2455,2020-01-01 00:00:00,86.6379,118.06780000000003,5.420477777719498
2456,2020-01-01 01:00:00,86.64354,118.06916000000001,5.545547157526016
2457,2020-01-01 02:00:00,86.64904,118.07130999999998,5.673818230628967
2458,2020-01-01 03:00:00,86.65443,118.07607999999999,5.895614519715309
2459,2020-01-01 04:00:00,86.65962,118.08191,6.155303239822388
2460,2020-01-01 05:00:00,86.66504,118.08578,6.302813768386841
2461,2020-01-01 06:00:00,86.67054,118.08517,6.437651798129082
2462,2020-01-01 07:00:00,86.67632,118.07882000000001,6.445023335516453
2463,2020-01-01 08:00:00,86.68179,118.06214,6.5713473707437515
2464,2020-01-01 09:00:00,86.68751,118.03832,6.570256903767586
2465,2020-01-01 10:00:00,86.69357,118.00896999999998,6.646976329386234
2466,2020-01-01 11:00:00,86.69967,117.97633000000002,6.799345031380653
2467,2020-01-01 12:00:00,86.70561,117.94169999999997,6.920312434434891
2468,2020-01-01 13:00:00,86.71138,117.90544,6.979106962680817
2469,2020-01-01 14:00:00,86.71703,117.86941000000002,7.150537997484207
2470,2020-01-01 15:00:00,86.72231,117.83271000000002,7.419403821229935
2471,2020-01-01 16:00:00,86.72728,117.79224999999997,7.513591021299362
2472,2020-01-01 17:00:00,86.73188,117.74453,7.377307564020157
2473,2020-01-01 18:00:00,86.73628,117.69112000000001,7.4501572251319885
2474,2020-01-01 19:00:00,86.74061,117.63344000000001,7.6460258811712265
2475,2020-01-01 20:00:00,86.7449,117.57208000000003,7.771363228559494
2476,2020-01-01 21:00:00,86.74941,117.50620000000004,7.970125734806061
2477,2020-01-01 22:00:00,86.75423,117.44115,8.134643763303757
2478,2020-01-01 23:00:00,86.75935,117.37615,8.111957162618637
2479,2020-01-02 00:00:00,86.76482,117.31312000000003,8.137383848428726
2480,2020-01-02 01:00:00,86.77037,117.25414999999998,8.317928910255432
2481,2020-01-02 02:00:00,86.77594,117.19788,8.452923700213432
2482,2020-01-02 03:00:00,86.78139,117.14269999999999,8.581383794546127
2483,2020-01-02 04:00:00,86.7865,117.08829000000003,8.600501403212547
2484,2020-01-02 05:00:00,86.79136,117.03286000000003,8.637449115514755
2485,2020-01-02 06:00:00,86.79616,116.97402999999997,8.644865691661835
2486,2020-01-02 07:00:00,86.80102,116.91172,8.530297681689262
2487,2020-01-02 08:00:00,86.80598,116.84716000000003,8.271211251616478
2488,2020-01-02 09:00:00,86.81106,116.78080999999997,7.866934701800346
2489,2020-01-02 10:00:00,86.81618,116.71197999999998,8.462361633777618
2490,2020-01-02 11:00:00,86.82135,116.64303000000001,8.455950543284416
2491,2020-01-02 12:00:00,86.82671,116.57481000000001,8.463656947016716
2492,2020-01-02 13:00:00,86.83198,116.50702000000001,8.366102710366249
2493,2020-01-02 14:00:00,86.83703,116.44151,7.908126950263977
2494,2020-01-02 15:00:00,86.84175,116.37643000000003,7.367706090211868
2495,2020-01-02 16:00:00,86.84611,116.31187999999997,7.1451985985040665
2496,2020-01-02 17:00:00,86.85013,116.24682999999999,7.040916800498962
2497,2020-01-02 18:00:00,86.85384,116.17824000000002,6.960405200719833
2498,2020-01-02 19:00:00,86.85732,116.10942,7.121950015425682
2499,2020-01-02 20:00:00,86.86073,116.03955000000002,7.91072116792202
2500,2020-01-02 21:00:00,86.8642,115.96899000000002,7.753575935959816
2501,2020-01-02 22:00:00,86.86795,115.90019999999998,7.7393583953380585
2502,2020-01-02 23:00:00,86.87191,115.83667000000003,7.458273857831955
2503,2020-01-03 00:00:00,86.8761,115.78499,7.055221617221832
2504,2020-01-03 01:00:00,86.88027,115.75155999999998,6.608389139175415
2505,2020-01-03 02:00:00,86.88433,115.73757,6.200713813304901
2506,2020-01-03 03:00:00,86.88799,115.73509000000001,5.885900467634201
2507,2020-01-03 04:00:00,86.89136,115.73699999999997,5.497435837984085
2508,2020-01-03 05:00:00,86.89446,115.74047999999999,5.034048810601234
2509,2020-01-03 06:00:00,86.89732,115.74169,4.60131698846817
2510,2020-01-03 07:00:00,86.90004,115.74014999999997,4.300159856677055
2511,2020-01-03 08:00:00,86.9027,115.73567000000003,4.085365101695061
2512,2020-01-03 09:00:00,86.90553,115.72660000000002,3.974446654319763
2513,2020-01-03 10:00:00,86.90853,115.71544,3.7991484999656677
2514,2020-01-03 11:00:00,86.91167,115.70431000000002,3.736614018678665
2515,2020-01-03 12:00:00,86.91501,115.69324,3.748921364545822
2516,2020-01-03 13:00:00,86.91848,115.68473,3.8095508366823196
2517,2020-01-03 14:00:00,86.92226,115.67718000000002,3.9668372720479965
2518,2020-01-03 15:00:00,86.92603,115.67187000000001,4.492017045617104
2519,2020-01-03 16:00:00,86.92968,115.66856000000001,5.119763433933258
2520,2020-01-03 17:00:00,86.93323,115.66442999999998,4.769070088863373
2521,2020-01-03 18:00:00,86.93685,115.65548999999999,4.769173413515091
2522,2020-01-03 19:00:00,86.94047,115.6397,5.123623043298721
2523,2020-01-03 20:00:00,86.94398,115.61944,5.390079587697983
2524,2020-01-03 21:00:00,86.94753,115.59483999999998,5.779742315411568
2525,2020-01-03 22:00:00,86.9513,115.56711999999999,5.729225322604179
2526,2020-01-03 23:00:00,86.9554,115.53683000000001,5.01261430978775
2527,2020-01-04 00:00:00,86.95982,115.50779999999997,5.489866778254509
2528,2020-01-04 01:00:00,86.96452,115.48451999999997,6.055736675858498
2529,2020-01-04 02:00:00,86.96937,115.46659,6.524346828460693
2530,2020-01-04 03:00:00,86.97419,115.45562000000001,6.748983159661293
2531,2020-01-04 04:00:00,86.9787,115.45089999999999,6.825223743915558
2532,2020-01-04 05:00:00,86.98293,115.45119,6.843857139348984
2533,2020-01-04 06:00:00,86.98672,115.45244000000002,6.608367130160332
2534,2020-01-04 07:00:00,86.99018,115.45114999999998,6.332293301820755
2535,2020-01-04 08:00:00,86.99345,115.44560999999999,6.168868526816368
2536,2020-01-04 09:00:00,86.99669,115.43662,5.971637189388275
2537,2020-01-04 10:00:00,86.99999,115.4237,5.522966429591179
2538,2020-01-04 11:00:00,87.00346,115.40841,5.442204773426056
2539,2020-01-04 12:00:00,87.00713,115.39342999999997,5.393339172005653
2540,2020-01-04 13:00:00,87.01093,115.38078000000002,6.0065325647592545
2541,2020-01-04 14:00:00,87.01478,115.37314000000003,5.714672192931175
2542,2020-01-04 15:00:00,87.01852,115.36903999999998,5.352268397808075
2543,2020-01-04 16:00:00,87.02201,115.36784,5.179524600505829
2544,2020-01-04 17:00:00,87.02512,115.36950000000002,5.06047722697258
2545,2020-01-04 18:00:00,87.02795,115.37108999999998,4.876140147447586
2546,2020-01-04 19:00:00,87.03053,115.36982,4.677780121564865
2547,2020-01-04 20:00:00,87.03308,115.36683,4.5745022892951965
2548,2020-01-04 21:00:00,87.03555,115.35901000000001,4.335337281227112
2549,2020-01-04 22:00:00,87.03805,115.34749999999997,4.080251395702362
2550,2020-01-04 23:00:00,87.04064,115.33368000000002,3.9580893516540527
2551,2020-01-05 00:00:00,87.04333,115.32172000000003,3.8837216198444366
2552,2020-01-05 01:00:00,87.04602,115.31083999999998,3.687958061695099
2553,2020-01-05 02:00:00,87.0489,115.30167,3.361643821001053
2554,2020-01-05 03:00:00,87.05178,115.29471000000001,3.274614155292511
2555,2020-01-05 04:00:00,87.05451,115.29221000000001,3.288697987794876
2556,2020-01-05 05:00:00,87.05702,115.29417999999998,3.322518527507782
2557,2020-01-05 06:00:00,87.05918,115.30083000000002,3.197185918688774
2558,2020-01-05 07:00:00,87.06113,115.30770999999999,3.0102231949567795
2559,2020-01-05 08:00:00,87.06292,115.31360999999998,2.851119101047516
2560,2020-01-05 09:00:00,87.06464,115.31705,2.7154701501131058
2561,2020-01-05 10:00:00,87.06632,115.31799000000001,2.545298308134079
2562,2020-01-05 11:00:00,87.06805,115.31777,2.499240666627884
2563,2020-01-05 12:00:00,87.06988,115.31708000000003,2.5646006613969803
2564,2020-01-05 13:00:00,87.07178,115.31709000000001,2.642585873603821
2565,2020-01-05 14:00:00,87.07376,115.31912,2.7829256504774094
2566,2020-01-05 15:00:00,87.07583,115.32352000000003,2.889725774526596
2567,2020-01-05 16:00:00,87.07801,115.33022,2.9022079408168793
2568,2020-01-05 17:00:00,87.08008,115.33751999999998,2.825253486633301
2569,2020-01-05 18:00:00,87.08185,115.34526,2.7433942258358
2570,2020-01-05 19:00:00,87.08344,115.35136999999997,2.6909501254558563
2571,2020-01-05 20:00:00,87.08507,115.35381999999998,2.5588669776916504
2572,2020-01-05 21:00:00,87.0866,115.35072000000002,2.4017205834388733
2573,2020-01-05 22:00:00,87.08818,115.34458000000001,2.2810994386672974
2574,2020-01-05 23:00:00,87.08941,115.33535,2.1783153116703033
2575,2020-01-06 00:00:00,87.0904,115.32357999999999,2.0295011699199677
2576,2020-01-06 01:00:00,87.09162,115.31079,1.9047095775604248
2577,2020-01-06 02:00:00,87.093,115.29952000000003,1.8113781213760376
2578,2020-01-06 03:00:00,87.09436,115.28953999999999,1.8996278196573257
2579,2020-01-06 04:00:00,87.09575,115.28046999999998,1.9998958706855774
2580,2020-01-06 05:00:00,87.09713,115.27172000000002,1.8310767263174057
2581,2020-01-06 06:00:00,87.09843,115.26179000000002,1.7242495119571686
2582,2020-01-06 07:00:00,87.09946,115.25038,1.9471908584237099
2583,2020-01-06 08:00:00,87.10035,115.23756000000003,2.107580751180649
2584,2020-01-06 09:00:00,87.10121,115.22264999999999,2.1374560445547104
2585,2020-01-06 10:00:00,87.10197,115.20468,2.036151573061943
2586,2020-01-06 11:00:00,87.10277,115.18594999999999,1.9099894613027573
2587,2020-01-06 12:00:00,87.10365,115.16674999999998,1.8339545726776123
2588,2020-01-06 13:00:00,87.10464,115.14864999999998,1.9556612372398376
2589,2020-01-06 14:00:00,87.10566,115.13087999999999,2.104026198387146
2590,2020-01-06 15:00:00,87.10669,115.11376000000001,2.227993741631508
2591,2020-01-06 16:00:00,87.10801,115.09776999999997,2.207712858915329
2592,2020-01-06 17:00:00,87.10851,115.08095000000003,2.1240139305591583
2593,2020-01-06 18:00:00,87.1087,115.06387000000001,2.0866782665252686
2594,2020-01-06 19:00:00,87.10913,115.04646000000002,2.0541985034942627
2595,2020-01-06 20:00:00,87.10966,115.02985000000001,2.0534822046756744
2596,2020-01-06 21:00:00,87.11013,115.01206000000002,2.065100848674774
2597,2020-01-06 22:00:00,87.11082,114.9959,2.165634512901306
2598,2020-01-06 23:00:00,87.11179,114.97987,2.26809598505497
2599,2020-01-07 00:00:00,87.11303,114.96571,2.3179952651262283
2600,2020-01-07 01:00:00,87.11426,114.95362999999998,2.3546748757362366
2601,2020-01-07 02:00:00,87.1154,114.94456000000002,2.3661046028137207
2602,2020-01-07 03:00:00,87.11662,114.93885999999998,2.425446718931198
2603,2020-01-07 04:00:00,87.11792,114.93578000000002,2.467212811112404
2604,2020-01-07 05:00:00,87.11946,114.93403,2.608980506658554
2605,2020-01-07 06:00:00,87.12057,114.93317000000002,2.6756522804498672
2606,2020-01-07 07:00:00,87.12141,114.93426999999997,2.6477863043546677
2607,2020-01-07 08:00:00,87.12164,114.93830000000003,2.7402202486991882
2608,2020-01-07 09:00:00,87.12176,114.94511999999997,2.9132650196552277
2609,2020-01-07 10:00:00,87.1214,114.95402000000001,2.9954927265644073
2610,2020-01-07 11:00:00,87.12103,114.96348999999998,3.0687818229198456
2611,2020-01-07 12:00:00,87.12053,114.97158000000002,3.1590375900268555
2612,2020-01-07 13:00:00,87.12032,114.97982999999999,3.279697895050049
2613,2020-01-07 14:00:00,87.12006,114.99394000000001,3.4304893761873245
2614,2020-01-07 15:00:00,87.1197,115.01002,3.589256137609482
2615,2020-01-07 16:00:00,87.11935,115.0274,3.6651492416858673
2616,2020-01-07 17:00:00,87.11873,115.04539,3.7285496592521667
2617,2020-01-07 18:00:00,87.11809,115.06483000000003,3.8555905520915985
2618,2020-01-07 19:00:00,87.11756,115.08431999999999,4.0279183983802795
2619,2020-01-07 20:00:00,87.11696,115.10295000000002,4.174769908189774
2620,2020-01-07 21:00:00,87.11623,115.12567000000001,4.198431730270386
2621,2020-01-07 22:00:00,87.11555,115.14441999999997,4.139831364154816
2622,2020-01-07 23:00:00,87.11478,115.15760999999998,4.072334498167038
2623,2020-01-08 00:00:00,87.11378,115.16582,4.068292647600174
2624,2020-01-08 01:00:00,87.11293,115.17593,4.123417243361473
2625,2020-01-08 02:00:00,87.11227,115.18815000000001,4.185499668121338
2626,2020-01-08 03:00:00,87.11173,115.20114999999998,4.285118505358696
2627,2020-01-08 04:00:00,87.11133,115.21357999999998,4.313197389245033
2628,2020-01-08 05:00:00,87.11106,115.21963,4.264258056879044
2629,2020-01-08 06:00:00,87.11115,115.22296,4.195813879370689
2630,2020-01-08 07:00:00,87.11118,115.22595000000001,4.105321280658245
2631,2020-01-08 08:00:00,87.11131,115.22307999999998,3.867569163441658
2632,2020-01-08 09:00:00,87.11151,115.21730000000002,3.502347409725189
2633,2020-01-08 10:00:00,87.11209,115.20808,3.19564451277256
2634,2020-01-08 11:00:00,87.11278,115.19641000000001,2.9185489863157272
2635,2020-01-08 12:00:00,87.1133,115.18099999999998,2.5786367058753967
2636,2020-01-08 13:00:00,87.11407,115.16071,2.245319813489914
2637,2020-01-08 14:00:00,87.11475,115.14202999999998,1.855741634964943
2638,2020-01-08 15:00:00,87.11564,115.12230999999997,1.5147962868213654
2639,2020-01-08 16:00:00,87.11682,115.10039999999998,1.5834666192531586
2640,2020-01-08 17:00:00,87.11798,115.07898,1.5658580958843231
2641,2020-01-08 18:00:00,87.1193,115.05416000000002,1.0876002311706543
2642,2020-01-08 19:00:00,87.12061,115.02710000000002,1.3779456317424774
2643,2020-01-08 20:00:00,87.12193,115.00155999999998,1.9779841899871826
2644,2020-01-08 21:00:00,87.12355,114.97113000000002,2.5078842639923096
2645,2020-01-08 22:00:00,87.12493,114.93887000000001,3.00297150015831
2646,2020-01-08 23:00:00,87.12627,114.90424000000002,3.3455238044261932
2647,2020-01-09 00:00:00,87.12745,114.86543,3.545174762606621
2648,2020-01-09 01:00:00,87.12865,114.82285999999999,3.7199615836143494
2649,2020-01-09 02:00:00,87.12978,114.77654000000001,3.9638570845127106
2650,2020-01-09 03:00:00,87.13103,114.72676999999999,4.243331208825111
2651,2020-01-09 04:00:00,87.13244,114.67674,4.573738649487495
2652,2020-01-09 05:00:00,87.13398,114.62504000000001,4.876095607876778
2653,2020-01-09 06:00:00,87.13557,114.57175999999998,5.1124453246593475
2654,2020-01-09 07:00:00,87.13718,114.51674000000003,5.283803880214691
2655,2020-01-09 08:00:00,87.13875,114.46107,5.46870756149292
2656,2020-01-09 09:00:00,87.14031,114.40564999999998,5.594557598233223
2657,2020-01-09 10:00:00,87.14183,114.34830999999997,5.582908734679222
2658,2020-01-09 11:00:00,87.14332,114.29005000000001,5.54430128633976
2659,2020-01-09 12:00:00,87.14478,114.23174,5.499470591545105
2660,2020-01-09 13:00:00,87.14625,114.17327999999998,5.484462216496468
2661,2020-01-09 14:00:00,87.1478,114.11472000000003,5.624435111880302
2662,2020-01-09 15:00:00,87.14945,114.05676,5.7906490713357925
2663,2020-01-09 16:00:00,87.15113,114.00042000000002,5.879928946495056
2664,2020-01-09 17:00:00,87.15288,113.94664999999998,5.837547332048416
2665,2020-01-09 18:00:00,87.15462,113.89387999999997,5.8770062774419785
2666,2020-01-09 19:00:00,87.15618,113.84001999999998,5.972658887505531
2667,2020-01-09 20:00:00,87.15762,113.78696000000002,5.977791905403137
2668,2020-01-09 21:00:00,87.15888,113.73289999999997,6.078422114253044
2669,2020-01-09 22:00:00,87.15989,113.67602,6.227420687675476
2670,2020-01-09 23:00:00,87.16075,113.61590000000001,6.3960015922784805
2671,2020-01-10 00:00:00,87.16151,113.55036000000001,6.440224334597588
2672,2020-01-10 01:00:00,87.16234,113.48175000000003,6.42729289829731
2673,2020-01-10 02:00:00,87.16325,113.41257000000002,6.308657482266426
2674,2020-01-10 03:00:00,87.16413,113.34375,6.183368384838104
2675,2020-01-10 04:00:00,87.16506,113.27454999999998,6.221568524837494
2676,2020-01-10 05:00:00,87.1661,113.20431000000002,6.294554591178894
2677,2020-01-10 06:00:00,87.16739,113.13351999999998,6.285598084330559
2678,2020-01-10 07:00:00,87.16886,113.06180999999998,6.254189655184746
2679,2020-01-10 08:00:00,87.17053,112.99223999999998,6.286482140421867
2680,2020-01-10 09:00:00,87.17224,112.92443000000003,6.120648741722107
2681,2020-01-10 10:00:00,87.17406,112.8571,6.0175434201955795
2682,2020-01-10 11:00:00,87.17582,112.78974,5.890718653798103
2683,2020-01-10 12:00:00,87.17755,112.72086000000002,5.598745584487915
2684,2020-01-10 13:00:00,87.17918,112.65187000000003,5.3168747797608376
2685,2020-01-10 14:00:00,87.18075,112.58245999999997,5.346885308623314
2686,2020-01-10 15:00:00,87.18232,112.51198999999997,5.44472898542881
2687,2020-01-10 16:00:00,87.1839,112.44274000000001,5.297282159328461
2688,2020-01-10 17:00:00,87.18547,112.37572,5.279851779341698
2689,2020-01-10 18:00:00,87.1871,112.30889000000002,5.385116457939148
2690,2020-01-10 19:00:00,87.18871,112.24481000000003,5.357401117682457
2691,2020-01-10 20:00:00,87.19049,112.17795999999998,5.277431413531303
2692,2020-01-10 21:00:00,87.19212,112.11088000000001,5.364886119961739
2693,2020-01-10 22:00:00,87.19379,112.04075,5.5222181379795074
2694,2020-01-10 23:00:00,87.19542,111.96674000000002,5.638459295034409
2695,2020-01-11 00:00:00,87.19725,111.88788,5.792897462844849
2696,2020-01-11 01:00:00,87.19908,111.81200000000001,5.942082807421684
2697,2020-01-11 02:00:00,87.2011,111.73644999999999,6.032638281583786
2698,2020-01-11 03:00:00,87.20289,111.66329000000002,6.025125831365585
2699,2020-01-11 04:00:00,87.20491,111.59251999999998,5.9963549971580505
2700,2020-01-11 05:00:00,87.207,111.52021000000002,6.04939478635788
2701,2020-01-11 06:00:00,87.2092,111.44828999999999,6.038420110940933
2702,2020-01-11 07:00:00,87.21163,111.37639000000001,6.077843725681305
2703,2020-01-11 08:00:00,87.2142,111.30921999999998,6.020003840327263
2704,2020-01-11 09:00:00,87.21656,111.24277000000001,5.978659361600876
2705,2020-01-11 10:00:00,87.21924,111.17413999999997,5.99676388502121
2706,2020-01-11 11:00:00,87.22194,111.10771,6.070947170257568
2707,2020-01-11 12:00:00,87.22466,111.04422999999997,6.08502970635891
2708,2020-01-11 13:00:00,87.22732,110.98295999999999,6.132949262857437
2709,2020-01-11 14:00:00,87.22996,110.92415,6.033096954226494
2710,2020-01-11 15:00:00,87.23249,110.86729000000003,5.578199669718742
2711,2020-01-11 16:00:00,87.23503,110.81083000000001,5.3694732785224915
2712,2020-01-11 17:00:00,87.23764,110.75319000000002,5.46620637178421
2713,2020-01-11 18:00:00,87.24028,110.69385999999997,5.775407299399376
2714,2020-01-11 19:00:00,87.2429,110.63242000000002,5.995215445756912
2715,2020-01-11 20:00:00,87.24536,110.57157000000001,6.133421644568443
2716,2020-01-11 21:00:00,87.24784,110.50695000000002,6.350672394037247
2717,2020-01-11 22:00:00,87.25042,110.4393,6.393860369920731
2718,2020-01-11 23:00:00,87.25288,110.36826000000002,6.293214201927185
2719,2020-01-12 00:00:00,87.25525,110.29242999999997,6.546493262052536
2720,2020-01-12 01:00:00,87.25754,110.21645000000001,6.454565018415451
2721,2020-01-12 02:00:00,87.25957,110.14071999999999,6.420254856348038
2722,2020-01-12 03:00:00,87.26139,110.06313,6.189273998141289
2723,2020-01-12 04:00:00,87.2629,109.98559999999998,6.243165105581284
2724,2020-01-12 05:00:00,87.26429,109.90951000000001,6.449568763375282
2725,2020-01-12 06:00:00,87.26554,109.83539999999999,6.520769253373146
2726,2020-01-12 07:00:00,87.26697,109.7604,6.561539471149445
2727,2020-01-12 08:00:00,87.26867,109.68245999999999,6.617544278502464
2728,2020-01-12 09:00:00,87.27049,109.60476,6.635756149888039
2729,2020-01-12 10:00:00,87.27239,109.52759000000003,6.491393908858299
2730,2020-01-12 11:00:00,87.27425,109.44954000000001,6.2645183354616165
2731,2020-01-12 12:00:00,87.27618,109.37302,6.114776194095612
2732,2020-01-12 13:00:00,87.27824,109.29734000000002,6.108613908290863
2733,2020-01-12 14:00:00,87.27974,109.22503,6.271563529968262
2734,2020-01-12 15:00:00,87.28118,109.15292999999997,6.308080762624741
2735,2020-01-12 16:00:00,87.28228,109.07916,6.326467007398605
2736,2020-01-12 17:00:00,87.28344,109.00266999999997,6.418608620762825
2737,2020-01-12 18:00:00,87.28482,108.92556000000002,6.5214977860450745
2738,2020-01-12 19:00:00,87.28646,108.84181999999998,6.481547772884369
2739,2020-01-12 20:00:00,87.28842,108.75179000000003,6.539862185716629
2740,2020-01-12 21:00:00,87.2907,108.65661999999998,6.659151643514633
2741,2020-01-12 22:00:00,87.29335,108.55694,6.746747478842735
2742,2020-01-12 23:00:00,87.29624,108.45479,6.860071510076523
2743,2020-01-13 00:00:00,87.29909,108.35478,6.91353552043438
2744,2020-01-13 01:00:00,87.30189,108.25364000000002,6.939128935337067
2745,2020-01-13 02:00:00,87.30469,108.15154999999999,7.112404763698578
2746,2020-01-13 03:00:00,87.30749,108.04845999999998,7.325570106506348
2747,2020-01-13 04:00:00,87.31009,107.94407999999999,7.465743601322174
2748,2020-01-13 05:00:00,87.3128,107.83512000000002,7.614028185606003
2749,2020-01-13 06:00:00,87.31586,107.72149999999999,7.71114307641983
2750,2020-01-13 07:00:00,87.31922,107.60253999999998,7.90351203083992
2751,2020-01-13 08:00:00,87.32281,107.48136,7.993019670248032
2752,2020-01-13 09:00:00,87.32654,107.36130000000003,7.9554175436496735
2753,2020-01-13 10:00:00,87.33053,107.24387000000002,7.973200753331184
2754,2020-01-13 11:00:00,87.33468,107.12905999999998,7.961173355579376
2755,2020-01-13 12:00:00,87.33861,107.02222,8.081061720848083
2756,2020-01-13 13:00:00,87.34223,106.92115999999999,8.034898057579994
2757,2020-01-13 14:00:00,87.34556,106.82551999999998,7.97476963698864
2758,2020-01-13 15:00:00,87.3486,106.73394000000002,7.757893219590187
2759,2020-01-13 16:00:00,87.35155,106.64111000000003,7.529022783041
2760,2020-01-13 17:00:00,87.35453,106.54516000000001,7.39566333591938
2761,2020-01-13 18:00:00,87.35761,106.44571000000002,7.248301789164543
2762,2020-01-13 19:00:00,87.36087,106.34409,7.189875692129135
2763,2020-01-13 20:00:00,87.36435,106.24212,7.051717653870583
2764,2020-01-13 21:00:00,87.36812,106.14254,7.086816743016243
2765,2020-01-13 22:00:00,87.37214,106.04628000000002,7.148527830839157
2766,2020-01-13 23:00:00,87.37601,105.95569,7.3737189173698425
2767,2020-01-14 00:00:00,87.37974,105.86781000000002,7.2921749502420425
2768,2020-01-14 01:00:00,87.38335,105.78251,7.106373161077499
2769,2020-01-14 02:00:00,87.38676,105.70175,7.0571301728487015
2770,2020-01-14 03:00:00,87.38989,105.62468999999999,7.199102312326431
2771,2020-01-14 04:00:00,87.39269,105.55054999999999,7.389097020030022
2772,2020-01-14 05:00:00,87.3954,105.47798,7.281333476305008
2773,2020-01-14 06:00:00,87.39774,105.40251999999998,7.126564309000969
2774,2020-01-14 07:00:00,87.40024,105.32862,6.969694294035435
2775,2020-01-14 08:00:00,87.40271,105.25441999999998,6.864084839820862
2776,2020-01-14 09:00:00,87.40515,105.17786999999998,6.594714134931564
2777,2020-01-14 10:00:00,87.40761,105.10482000000002,6.340581327676773
2778,2020-01-14 11:00:00,87.41006,105.03379999999999,6.193299472332001
2779,2020-01-14 12:00:00,87.41247,104.96659999999997,5.950436316430569
2780,2020-01-14 13:00:00,87.41477,104.90091999999999,5.686676442623138
2781,2020-01-14 14:00:00,87.4168,104.83988,5.596832692623138
2782,2020-01-14 15:00:00,87.41859,104.77778,5.5081916600465775
2783,2020-01-14 16:00:00,87.42016,104.71559000000002,5.418109059333801
2784,2020-01-14 17:00:00,87.42146,104.65323999999998,5.3818115293979645
2785,2020-01-14 18:00:00,87.42283,104.58566000000002,5.347876384854317
2786,2020-01-14 19:00:00,87.42439,104.52076,5.258615463972092
2787,2020-01-14 20:00:00,87.42615,104.45466999999996,5.084445357322693
2788,2020-01-14 21:00:00,87.42826,104.38963999999999,4.96952311694622
2789,2020-01-14 22:00:00,87.43062,104.32609000000002,4.95667964220047
2790,2020-01-14 23:00:00,87.4337,104.26132999999999,4.934141516685486
2791,2020-01-15 00:00:00,87.43745,104.19691,4.874144822359085
2792,2020-01-15 01:00:00,87.44074,104.13170000000002,4.90337398648262
2793,2020-01-15 02:00:00,87.44411,104.06349,5.226244151592255
2794,2020-01-15 03:00:00,87.44712,103.99640999999997,5.260589063167572
2795,2020-01-15 04:00:00,87.44974,103.92770999999999,5.5756130665540695
2796,2020-01-15 05:00:00,87.45241,103.85291999999998,5.6548347026109695
2797,2020-01-15 06:00:00,87.45531,103.76317,6.009891107678413
2798,2020-01-15 07:00:00,87.45781,103.67329000000001,6.942608371376991
2799,2020-01-15 08:00:00,87.46101,103.58017000000001,6.531557947397232
2800,2020-01-15 09:00:00,87.46424,103.47924,7.340359583497047
2801,2020-01-15 10:00:00,87.46804,103.37855000000002,7.151555314660072
2802,2020-01-15 11:00:00,87.47191,103.28550000000001,7.317658424377441
2803,2020-01-15 12:00:00,87.47584,103.20197000000002,7.46423177421093
2804,2020-01-15 13:00:00,87.4796,103.12338,7.9918225556612015
2805,2020-01-15 14:00:00,87.48327,103.04865000000001,8.052307054400444
2806,2020-01-15 15:00:00,87.48694,102.98059999999998,7.846736967563629
2807,2020-01-15 16:00:00,87.49069,102.91988000000003,7.883650481700897
2808,2020-01-15 17:00:00,87.49472,102.86430999999999,7.841706171631813
2809,2020-01-15 18:00:00,87.49911,102.81515000000002,7.8484926372766495
2810,2020-01-15 19:00:00,87.50384,102.7656,8.06192460656166
2811,2020-01-15 20:00:00,87.509,102.71445,8.190711587667465
2812,2020-01-15 21:00:00,87.51426,102.66201999999998,8.315018773078918
2813,2020-01-15 22:00:00,87.51953,102.60843999999997,8.289979845285416
2814,2020-01-15 23:00:00,87.52467,102.55291999999997,8.248476326465607
2815,2020-01-16 00:00:00,87.52964,102.49423999999999,7.84450027346611
2816,2020-01-16 01:00:00,87.53443,102.43119999999999,7.65211047232151
2817,2020-01-16 02:00:00,87.5389,102.36473000000001,7.545449256896973
2818,2020-01-16 03:00:00,87.54299,102.29440999999997,7.524030968546867
2819,2020-01-16 04:00:00,87.5467,102.21949999999998,7.520779192447662
2820,2020-01-16 05:00:00,87.54997,102.14182,7.474734738469124
2821,2020-01-16 06:00:00,87.55263,102.06171,7.209995463490486
2822,2020-01-16 07:00:00,87.55495,101.97597000000002,6.904939025640488
2823,2020-01-16 08:00:00,87.55705,101.88459,6.676328048110008
2824,2020-01-16 09:00:00,87.559,101.79009000000002,6.850000739097595
2825,2020-01-16 10:00:00,87.56059,101.69664999999998,7.009157761931419
2826,2020-01-16 11:00:00,87.56178,101.60441000000003,6.976626098155975
2827,2020-01-16 12:00:00,87.56292,101.51060000000001,6.801493257284164
2828,2020-01-16 13:00:00,87.56383,101.41694000000001,6.725887805223465
2829,2020-01-16 14:00:00,87.56428,101.32382000000001,6.927123695611954
2830,2020-01-16 15:00:00,87.56424,101.226,6.90348906815052
2831,2020-01-16 16:00:00,87.56377,101.12457,6.557305186986923
2832,2020-01-16 17:00:00,87.56307,101.02030000000002,6.08442322909832
2833,2020-01-16 18:00:00,87.56212,100.9099,6.626273050904274
2834,2020-01-16 19:00:00,87.56111,100.79631999999998,6.971275597810745
2835,2020-01-16 20:00:00,87.56015,100.68549999999999,7.029168277978897
2836,2020-01-16 21:00:00,87.5591,100.57096000000001,6.819117784500122
2837,2020-01-16 22:00:00,87.55791,100.45564000000002,6.968498587608337
2838,2020-01-16 23:00:00,87.55666,100.34814,6.908462733030319
2839,2020-01-17 00:00:00,87.55498,100.24403000000001,7.102637052536011
2840,2020-01-17 01:00:00,87.55318,100.14492999999999,7.1592806577682495
2841,2020-01-17 02:00:00,87.55079,100.04419000000001,7.21243417263031
2842,2020-01-17 03:00:00,87.54768,99.94470000000001,7.158521667122841
2843,2020-01-17 04:00:00,87.54352,99.84372000000002,7.270437508821487
2844,2020-01-17 05:00:00,87.539,99.74991999999997,7.464862912893295
2845,2020-01-17 06:00:00,87.53355,99.66064,7.427841603755951
2846,2020-01-17 07:00:00,87.52799,99.5838,7.622517749667168
2847,2020-01-17 08:00:00,87.5221,99.51078999999999,8.001763746142387
2848,2020-01-17 09:00:00,87.51589,99.43083000000001,7.939543753862381
2849,2020-01-17 10:00:00,87.50989,99.35270000000003,7.491070419549942
2850,2020-01-17 11:00:00,87.50435,99.279,6.79340685904026
2851,2020-01-17 12:00:00,87.49901,99.20740999999998,6.3560656905174255
2852,2020-01-17 13:00:00,87.49378,99.13684,6.6406227350234985
2853,2020-01-17 14:00:00,87.4886,99.06747999999999,6.946410745382309
2854,2020-01-17 15:00:00,87.48336,98.99805000000003,6.664509564638138
2855,2020-01-17 16:00:00,87.47808,98.93105000000003,6.716436892747879
2856,2020-01-17 17:00:00,87.47277,98.86567000000002,6.667417332530022
2857,2020-01-17 18:00:00,87.46743,98.80111,6.153698220849037
2858,2020-01-17 19:00:00,87.46227,98.73930999999999,5.583261281251907
2859,2020-01-17 20:00:00,87.45747,98.68241,5.332142755389214
2860,2020-01-17 21:00:00,87.45289,98.63096999999999,5.199283242225647
2861,2020-01-17 22:00:00,87.44835,98.58242999999999,5.1133600026369095
2862,2020-01-17 23:00:00,87.44384,98.53530999999998,4.856603920459747
2863,2020-01-18 00:00:00,87.43948,98.49083000000002,4.628418952226639
2864,2020-01-18 01:00:00,87.4354,98.45123000000001,4.66889788210392
2865,2020-01-18 02:00:00,87.43113,98.41478000000001,4.8430116176605225
2866,2020-01-18 03:00:00,87.42713,98.38366000000002,4.9212294816970825
2867,2020-01-18 04:00:00,87.42332,98.35390999999998,4.904372856020927
2868,2020-01-18 05:00:00,87.4199,98.32904000000002,4.816655546426773
2869,2020-01-18 06:00:00,87.41678,98.31139000000002,4.717002838850021
2870,2020-01-18 07:00:00,87.41393,98.29993999999999,4.804703190922737
2871,2020-01-18 08:00:00,87.41107,98.29254000000003,5.088081434369087
2872,2020-01-18 09:00:00,87.40837,98.28786000000002,5.312304869294167
2873,2020-01-18 10:00:00,87.40594,98.28271000000001,5.416612893342972
2874,2020-01-18 11:00:00,87.40384,98.27861000000001,5.505094304680824
2875,2020-01-18 12:00:00,87.40191,98.27819999999997,5.656351685523987
2876,2020-01-18 13:00:00,87.40009,98.28282999999999,5.768326044082642
2877,2020-01-18 14:00:00,87.3983,98.28949999999998,5.8564272820949554
2878,2020-01-18 15:00:00,87.39688,98.30259999999998,5.680648475885391
2879,2020-01-18 16:00:00,87.39605,98.32252,5.611732751131058
2880,2020-01-18 17:00:00,87.39511,98.33690999999999,5.780138626694679
2881,2020-01-18 18:00:00,87.39426,98.35111999999998,5.773325115442276
2882,2020-01-18 19:00:00,87.39346,98.36171000000002,5.381875187158585
2883,2020-01-18 20:00:00,87.39273,98.36932999999999,5.106998398900032
2884,2020-01-18 21:00:00,87.39205,98.37778000000003,4.929764777421951
2885,2020-01-18 22:00:00,87.39157,98.38565,4.739741325378418
2886,2020-01-18 23:00:00,87.39129,98.39310999999998,4.552022963762283
2887,2020-01-19 00:00:00,87.39145,98.39666999999997,4.226886972784996
2888,2020-01-19 01:00:00,87.39186,98.39801999999997,4.011232674121857
2889,2020-01-19 02:00:00,87.39255,98.40219000000002,3.8630722761154175
2890,2020-01-19 03:00:00,87.39307,98.41512,3.7322873771190643
2891,2020-01-19 04:00:00,87.39366,98.42599000000001,3.5466043055057526
2892,2020-01-19 05:00:00,87.3941,98.43430000000001,3.292852595448494
2893,2020-01-19 06:00:00,87.39461,98.43930999999998,3.16996730864048
2894,2020-01-19 07:00:00,87.39527,98.43727999999999,3.2080246582627296
2895,2020-01-19 08:00:00,87.39608,98.43180999999998,3.1533317267894745
2896,2020-01-19 09:00:00,87.39688,98.42395999999997,3.1211521178483963
2897,2020-01-19 10:00:00,87.39781,98.41316999999998,3.0817636400461197
2898,2020-01-19 11:00:00,87.39851,98.39782000000002,3.0794659107923508
2899,2020-01-19 12:00:00,87.39967,98.38000999999997,3.027644068002701
2900,2020-01-19 13:00:00,87.40073,98.35624999999999,3.2063745260238647
2901,2020-01-19 14:00:00,87.40209,98.32625999999999,3.547863930463791
2902,2020-01-19 15:00:00,87.40382,98.29482000000002,3.75700680911541
2903,2020-01-19 16:00:00,87.4056,98.26395000000002,3.966066762804985
2904,2020-01-19 17:00:00,87.40731,98.22843,4.2073226273059845
2905,2020-01-19 18:00:00,87.40904,98.19127000000003,4.438966438174248
2906,2020-01-19 19:00:00,87.41077,98.15305000000001,4.410377770662308
2907,2020-01-19 20:00:00,87.41291,98.10822000000002,4.2491395473480225
2908,2020-01-19 21:00:00,87.41503,98.06434000000002,4.5209557712078094
2909,2020-01-19 22:00:00,87.41733,98.01778000000002,4.750041753053665
2910,2020-01-19 23:00:00,87.41991,97.96859999999998,4.656249940395355
2911,2020-01-20 00:00:00,87.42251,97.9214,4.761227577924728
2912,2020-01-20 01:00:00,87.42507,97.87385,5.144717410206795
2913,2020-01-20 02:00:00,87.42752,97.82826999999997,5.487154588103294
2914,2020-01-20 03:00:00,87.43004,97.78204,5.7389186173677444
2915,2020-01-20 04:00:00,87.43272,97.73279000000002,5.909911334514618
2916,2020-01-20 05:00:00,87.43547,97.68513999999999,6.051517963409424
2917,2020-01-20 06:00:00,87.43809,97.63952999999998,6.033758342266083
2918,2020-01-20 07:00:00,87.44062,97.59753999999998,5.962672024965286
2919,2020-01-20 08:00:00,87.44305,97.55466999999999,5.940855197608471
2920,2020-01-20 09:00:00,87.4453,97.51123999999999,5.860048204660416
2921,2020-01-20 10:00:00,87.44749,97.46994999999998,5.7241402715444565
2922,2020-01-20 11:00:00,87.44957,97.42446000000001,5.566050231456757
2923,2020-01-20 12:00:00,87.45173,97.38080000000002,5.481456071138382
2924,2020-01-20 13:00:00,87.45389,97.33645999999999,5.473885506391525
2925,2020-01-20 14:00:00,87.45614,97.28987000000001,5.454947158694267
2926,2020-01-20 15:00:00,87.45848,97.24259999999998,5.416346579790115
2927,2020-01-20 16:00:00,87.46084,97.19609000000003,5.462411880493164
2928,2020-01-20 17:00:00,87.46306,97.14611000000002,5.539893835783005
2929,2020-01-20 18:00:00,87.4653,97.10109,5.630582347512245
2930,2020-01-20 19:00:00,87.46752,97.05599000000001,5.71151377260685
2931,2020-01-20 20:00:00,87.46948,97.00826,5.769549012184143
2932,2020-01-20 21:00:00,87.47137,96.96014000000002,5.892460644245148
2933,2020-01-20 22:00:00,87.4731,96.90391999999997,5.993183523416519
2934,2020-01-20 23:00:00,87.47484,96.84923000000003,5.960076749324799
2935,2020-01-21 00:00:00,87.47663,96.79534000000001,5.696444362401962
2936,2020-01-21 01:00:00,87.4783,96.74052,5.473277911543846
2937,2020-01-21 02:00:00,87.47994,96.68453,5.351161181926727
2938,2020-01-21 03:00:00,87.4814,96.62817999999999,5.117319047451019
2939,2020-01-21 04:00:00,87.48286,96.57181000000003,4.747447103261948
2940,2020-01-21 05:00:00,87.4842,96.51249000000001,4.8110741674900055
2941,2020-01-21 06:00:00,87.48542,96.45378,5.006604164838791
2942,2020-01-21 07:00:00,87.48649,96.39360999999997,4.794843286275864
2943,2020-01-21 08:00:00,87.48737,96.33353,4.507832363247871
2944,2020-01-21 09:00:00,87.48804,96.27328999999997,4.652098432183266
2945,2020-01-21 10:00:00,87.48846,96.21320000000003,4.337035313248634
2946,2020-01-21 11:00:00,87.48875,96.15195,4.386899158358574
2947,2020-01-21 12:00:00,87.48905,96.09212000000002,4.285513296723366
2948,2020-01-21 13:00:00,87.48935,96.03264000000001,4.246761798858643
2949,2020-01-21 14:00:00,87.48966,95.97298,3.9884591549634933
2950,2020-01-21 15:00:00,87.48994,95.91254000000004,3.963456466794014
2951,2020-01-21 16:00:00,87.4902,95.85233,4.068607270717621
2952,2020-01-21 17:00:00,87.49038,95.79363000000001,4.124198943376541
2953,2020-01-21 18:00:00,87.49048,95.73525000000001,4.067150890827179
2954,2020-01-21 19:00:00,87.49044,95.67835000000002,4.128764450550079
2955,2020-01-21 20:00:00,87.49011,95.62317999999999,4.11177796125412
2956,2020-01-21 21:00:00,87.48965,95.56871999999998,4.0323276817798615
2957,2020-01-21 22:00:00,87.48911,95.51553000000001,3.9250098764896393
2958,2020-01-21 23:00:00,87.48842,95.46391,3.9061076045036316
2959,2020-01-22 00:00:00,87.4876,95.41323,3.7790385335683823
2960,2020-01-22 01:00:00,87.48669,95.36232999999999,3.462435558438301
2961,2020-01-22 02:00:00,87.48574,95.31119000000001,3.123656317591667
2962,2020-01-22 03:00:00,87.48485,95.26093000000003,3.029300630092621
2963,2020-01-22 04:00:00,87.48401,95.21248000000003,2.9597687125205994
2964,2020-01-22 05:00:00,87.48319,95.16678000000002,2.9123591482639313
2965,2020-01-22 06:00:00,87.48232,95.12430999999998,2.899170681834221
2966,2020-01-22 07:00:00,87.48149,95.08391,2.8651717603206635
2967,2020-01-22 08:00:00,87.48061,95.04506000000003,2.8901814371347427
2968,2020-01-22 09:00:00,87.4796,95.00608999999997,3.021523416042328
2969,2020-01-22 10:00:00,87.47851,94.96654999999998,3.2439416497945786
2970,2020-01-22 11:00:00,87.47735,94.92611,3.462589919567108
2971,2020-01-22 12:00:00,87.47608,94.88578999999999,3.64352186024189
2972,2020-01-22 13:00:00,87.4748,94.84622999999999,3.771457627415657
2973,2020-01-22 14:00:00,87.47337,94.80935999999997,3.783911108970642
2974,2020-01-22 15:00:00,87.472,94.77058999999997,3.7639338672161102
2975,2020-01-22 16:00:00,87.47068,94.73149000000001,3.8050544261932373
2976,2020-01-22 17:00:00,87.4693,94.6927,3.8992682844400406
2977,2020-01-22 18:00:00,87.4679,94.65190000000001,3.9665460139513016
2978,2020-01-22 19:00:00,87.46645,94.61007999999998,4.064118400216103
2979,2020-01-22 20:00:00,87.46487,94.56977,4.184485584497452
2980,2020-01-22 21:00:00,87.46321,94.52717000000001,4.217745274305344
2981,2020-01-22 22:00:00,87.46145,94.48477000000003,4.137350991368294
2982,2020-01-22 23:00:00,87.45981,94.44628999999998,4.006328731775284
2983,2020-01-23 00:00:00,87.45808,94.40615000000003,4.871146589517593
2984,2020-01-23 01:00:00,87.45648,94.36257,4.8425691574811935
2985,2020-01-23 02:00:00,87.45492,94.32112000000001,4.826272189617157
2986,2020-01-23 03:00:00,87.4534,94.27591999999999,4.822500362992287
2987,2020-01-23 04:00:00,87.4519,94.23532,4.764364153146744
2988,2020-01-23 05:00:00,87.45052,94.19776000000002,4.641330599784851
2989,2020-01-23 06:00:00,87.44916,94.16046,4.561251789331436
2990,2020-01-23 07:00:00,87.4478,94.12277,4.479724735021591
2991,2020-01-23 08:00:00,87.44648,94.08587,4.403408348560333
2992,2020-01-23 09:00:00,87.445,94.04807,4.418475404381752
2993,2020-01-23 10:00:00,87.44352,94.00979999999998,4.513303518295288
2994,2020-01-23 11:00:00,87.44191,93.97365000000002,4.554719477891922
2995,2020-01-23 12:00:00,87.44028,93.93867,4.530702844262123
2996,2020-01-23 13:00:00,87.43875,93.90403000000003,4.432772740721703
2997,2020-01-23 14:00:00,87.43743,93.87143000000003,4.3358030170202255
2998,2020-01-23 15:00:00,87.4361,93.83614,4.2403688579797745
2999,2020-01-23 16:00:00,87.43477,93.79665999999997,4.078001409769058
3000,2020-01-23 17:00:00,87.43358,93.75236999999998,4.05617892742157
3001,2020-01-23 18:00:00,87.43265,93.70621,4.098789289593697
3002,2020-01-23 19:00:00,87.43176,93.65557999999999,4.068721637129784
3003,2020-01-23 20:00:00,87.43091,93.60663,4.127186611294746
3004,2020-01-23 21:00:00,87.43,93.55988000000002,4.216672003269196
3005,2020-01-23 22:00:00,87.42917,93.51490999999999,4.175402075052261
3006,2020-01-23 23:00:00,87.42827,93.47127999999998,3.993846505880356
3007,2020-01-24 00:00:00,87.42743,93.42939000000001,3.9345192909240723
3008,2020-01-24 01:00:00,87.42672,93.39026999999999,3.926511585712433
3009,2020-01-24 02:00:00,87.42608,93.35482999999999,3.5746189057826996
3010,2020-01-24 03:00:00,87.42552,93.32249000000002,3.275552451610565
3011,2020-01-24 04:00:00,87.42496,93.29173000000003,3.5056328922510147
3012,2020-01-24 05:00:00,87.42453,93.26285999999999,3.5081466883420944
3013,2020-01-24 06:00:00,87.42408,93.23451999999997,3.5841353684663773
3014,2020-01-24 07:00:00,87.42354,93.20631000000003,3.5994185507297516
3015,2020-01-24 08:00:00,87.42295,93.17898000000002,3.70144160091877
3016,2020-01-24 09:00:00,87.42232,93.15304000000003,3.7210693806409836
3017,2020-01-24 10:00:00,87.4216,93.12925000000001,3.740390866994858
3018,2020-01-24 11:00:00,87.42077,93.10809999999998,3.827158197760582
3019,2020-01-24 12:00:00,87.41987,93.08812999999998,3.924751937389374
3020,2020-01-24 13:00:00,87.41891,93.06835000000001,4.018443271517754
3021,2020-01-24 14:00:00,87.41786,93.04807,4.04193939268589
3022,2020-01-24 15:00:00,87.41681,93.02715999999998,4.055730864405632
3023,2020-01-24 16:00:00,87.41576,93.00659000000002,4.226751670241356
3024,2020-01-24 17:00:00,87.41476,92.98609999999996,4.347400471568108
3025,2020-01-24 18:00:00,87.41381,92.96667000000002,4.3468669801950455
3026,2020-01-24 19:00:00,87.41299,92.94533999999999,4.410492449998856
3027,2020-01-24 20:00:00,87.41218,92.92632000000003,4.501948148012161
3028,2020-01-24 21:00:00,87.41135,92.91250000000002,4.503529533743858
3029,2020-01-24 22:00:00,87.41062,92.89974000000001,4.406891107559204
3030,2020-01-24 23:00:00,87.40996,92.88728000000003,4.343777969479561
3031,2020-01-25 00:00:00,87.40924,92.87880000000001,4.349990084767342
3032,2020-01-25 01:00:00,87.40853,92.86883999999998,4.262838453054428
3033,2020-01-25 02:00:00,87.40788,92.85951999999997,4.072577744722366
3034,2020-01-25 03:00:00,87.40722,92.85138999999998,3.820737197995186
3035,2020-01-25 04:00:00,87.40656,92.84584999999998,3.5973157584667206
3036,2020-01-25 05:00:00,87.40603,92.83775000000003,3.464397355914116
3037,2020-01-25 06:00:00,87.40559,92.83100000000002,3.3353488594293594
3038,2020-01-25 07:00:00,87.40515,92.82904000000002,3.2855244576931
3039,2020-01-25 08:00:00,87.40465,92.8247,3.3627148866653442
3040,2020-01-25 09:00:00,87.40434,92.81759,3.4905592054128647
3041,2020-01-25 10:00:00,87.40413,92.81443000000002,3.626846417784691
3042,2020-01-25 11:00:00,87.40363,92.81599,3.7864225953817368
3043,2020-01-25 12:00:00,87.40323,92.81927000000002,3.885505110025406
3044,2020-01-25 13:00:00,87.40266,92.83055000000002,3.9461469799280167
3045,2020-01-25 14:00:00,87.40225,92.84512999999998,4.0169908702373505
3046,2020-01-25 15:00:00,87.40196,92.86036000000001,4.043408095836639
3047,2020-01-25 16:00:00,87.40178,92.87747000000002,3.9977514892816544
3048,2020-01-25 17:00:00,87.40176,92.89836000000003,3.945103421807289
3049,2020-01-25 18:00:00,87.40193,92.92147999999997,3.9560153037309647
3050,2020-01-25 19:00:00,87.40246,92.94670000000002,4.026679590344429
3051,2020-01-25 20:00:00,87.40308,92.97237999999999,4.128245919942856
3052,2020-01-25 21:00:00,87.40369,92.99162000000001,4.357566922903061
3053,2020-01-25 22:00:00,87.40417,93.00873999999999,4.717532053589821
3054,2020-01-25 23:00:00,87.40457,93.02908000000002,5.087705433368683
3055,2020-01-26 00:00:00,87.40492,93.05912999999998,5.387112677097321
3056,2020-01-26 01:00:00,87.40545,93.08960000000002,5.631534621119499
3057,2020-01-26 02:00:00,87.40588,93.12851,5.7944976687431335
3058,2020-01-26 03:00:00,87.40644,93.17205000000001,5.861322030425072
3059,2020-01-26 04:00:00,87.40719,93.22183000000001,6.050503611564636
3060,2020-01-26 05:00:00,87.40841,93.27037999999999,6.3798302710056305
3061,2020-01-26 06:00:00,87.4098,93.32132000000001,6.718249082565308
3062,2020-01-26 07:00:00,87.41128,93.37365999999997,7.006850555539131
3063,2020-01-26 08:00:00,87.4128,93.43650000000002,7.279257088899612
3064,2020-01-26 09:00:00,87.41375,93.51476000000002,7.549486964941025
3065,2020-01-26 10:00:00,87.41469,93.60048999999998,7.7111204862594604
3066,2020-01-26 11:00:00,87.4156,93.69042999999999,7.7561929523944855
3067,2020-01-26 12:00:00,87.41635,93.78019999999998,7.910534515976906
3068,2020-01-26 13:00:00,87.41707,93.87484,8.266636148095131
3069,2020-01-26 14:00:00,87.41771,93.97048000000001,8.497576460242271
3070,2020-01-26 15:00:00,87.41855,94.07637,8.525181651115417
3071,2020-01-26 16:00:00,87.41993,94.18183999999997,8.445037826895714
3072,2020-01-26 17:00:00,87.42115,94.29475000000002,8.517580538988113
3073,2020-01-26 18:00:00,87.42295,94.40019000000001,8.669150456786156
3074,2020-01-26 19:00:00,87.42426,94.51164,8.757274210453033
3075,2020-01-26 20:00:00,87.42565,94.63180999999997,8.81536078453064
3076,2020-01-26 21:00:00,87.42716,94.74131,8.813970625400543
3077,2020-01-26 22:00:00,87.42925,94.84607,8.634688660502434
3078,2020-01-26 23:00:00,87.43141,94.94267000000002,8.403297632932663
3079,2020-01-27 00:00:00,87.43359,95.03579000000002,8.126992285251617
3080,2020-01-27 01:00:00,87.43565,95.12211000000002,7.954970717430115
3081,2020-01-27 02:00:00,87.43746,95.20538999999997,7.842172130942345
3082,2020-01-27 03:00:00,87.43904,95.28789999999998,7.740959703922272
3083,2020-01-27 04:00:00,87.44081,95.37434999999999,7.497635334730148
3084,2020-01-27 05:00:00,87.44248,95.46095000000003,7.12819992005825
3085,2020-01-27 06:00:00,87.44389,95.54246999999998,6.753450006246567
3086,2020-01-27 07:00:00,87.44499,95.61691000000002,6.40533772110939
3087,2020-01-27 08:00:00,87.44604,95.67979000000003,6.005752310156822
3088,2020-01-27 09:00:00,87.44711,95.72625,5.621330663561821
3089,2020-01-27 10:00:00,87.44771,95.75272000000001,5.300441086292267
3090,2020-01-27 11:00:00,87.44813,95.77143999999998,4.981590643525124
3091,2020-01-27 12:00:00,87.44807,95.78670999999997,4.64876227080822
3092,2020-01-27 13:00:00,87.44802,95.80205000000001,4.332069382071495
3093,2020-01-27 14:00:00,87.44794,95.81700000000001,4.142788589000702
3094,2020-01-27 15:00:00,87.44784,95.83267999999998,4.076851472258568
3095,2020-01-27 16:00:00,87.44775,95.85043000000002,4.0025728195905685
3096,2020-01-27 17:00:00,87.44768,95.87158,3.9968747198581696
3097,2020-01-27 18:00:00,87.44764,95.89303999999998,3.982015311717987
3098,2020-01-27 19:00:00,87.44766,95.90980000000002,3.7650062441825867
3099,2020-01-27 20:00:00,87.44778,95.92061999999999,3.7637309432029724
3100,2020-01-27 21:00:00,87.44807,95.92421000000002,3.786080911755562
3101,2020-01-27 22:00:00,87.44843,95.91976999999997,3.59743195772171
3102,2020-01-27 23:00:00,87.4489,95.90739000000002,3.5418919026851654
3103,2020-01-28 00:00:00,87.44946,95.89089999999999,3.757784754037857
3104,2020-01-28 01:00:00,87.45004,95.87281999999999,3.653293490409851
3105,2020-01-28 02:00:00,87.45056,95.85861,3.4943063855171204
3106,2020-01-28 03:00:00,87.45096,95.84893999999997,3.4125846326351166
3107,2020-01-28 04:00:00,87.45132,95.84431000000001,3.2620938420295715
3108,2020-01-28 05:00:00,87.45159,95.84000000000003,3.076058506965637
3109,2020-01-28 06:00:00,87.45188,95.83443999999997,3.027049422264099
3110,2020-01-28 07:00:00,87.45219,95.82544000000001,2.94314543902874
3111,2020-01-28 08:00:00,87.4526,95.81267000000003,2.7046926021575928
3112,2020-01-28 09:00:00,87.45318,95.79737,2.37092325091362
3113,2020-01-28 10:00:00,87.4539,95.77677,2.071776434779167
3114,2020-01-28 11:00:00,87.45485,95.75682,1.9512266963720322
3115,2020-01-28 12:00:00,87.45582,95.73256000000003,1.8405173569917679
3116,2020-01-28 13:00:00,87.457,95.71030999999999,1.8251926451921463
3117,2020-01-28 14:00:00,87.45824,95.69069000000002,1.9648481607437134
3118,2020-01-28 15:00:00,87.45921,95.67691000000002,2.000302866101265
3119,2020-01-28 16:00:00,87.46025,95.66372000000001,1.8969093710184097
3120,2020-01-28 17:00:00,87.46116,95.64535000000001,2.0424436777830124
3121,2020-01-28 18:00:00,87.46205,95.62365,2.2594213634729385
3122,2020-01-28 19:00:00,87.463,95.59431999999998,2.4695081412792206
3123,2020-01-28 20:00:00,87.46354,95.56466,2.8042773604393005
3124,2020-01-28 21:00:00,87.46442,95.52837999999997,3.0263697057962418
3125,2020-01-28 22:00:00,87.46584,95.48435,3.1849260479211807
3126,2020-01-28 23:00:00,87.46724,95.44022999999999,3.275297462940216
3127,2020-01-29 00:00:00,87.4682,95.40192000000002,3.369486376643181
3128,2020-01-29 01:00:00,87.46905,95.36872,3.511154055595398
3129,2020-01-29 02:00:00,87.4697,95.33844999999997,3.61327400803566
3130,2020-01-29 03:00:00,87.47017,95.31038999999998,3.665108233690262
3131,2020-01-29 04:00:00,87.47042,95.28354000000002,3.638077810406685
3132,2020-01-29 05:00:00,87.4706,95.25768,3.146524131298065
3133,2020-01-29 06:00:00,87.47068,95.23199999999997,3.096339240670204
3134,2020-01-29 07:00:00,87.47064,95.21150999999998,3.1128571182489395
3135,2020-01-29 08:00:00,87.47074,95.19504,3.113239601254463
3136,2020-01-29 09:00:00,87.47103,95.18090999999998,3.2970737516880035
3137,2020-01-29 10:00:00,87.47131,95.16879,3.1808240115642548
3138,2020-01-29 11:00:00,87.47164,95.16017,3.4307823181152344
3139,2020-01-29 12:00:00,87.47218,95.15654,3.6583855599164963
3140,2020-01-29 13:00:00,87.47263,95.16311000000002,4.065798491239548
3141,2020-01-29 14:00:00,87.47297,95.17979000000003,4.3496314734220505
3142,2020-01-29 15:00:00,87.47312,95.21078999999997,4.781750276684761
3143,2020-01-29 16:00:00,87.47305,95.25301000000002,5.233251109719276
3144,2020-01-29 17:00:00,87.47289,95.30087000000003,5.658828482031822
3145,2020-01-29 18:00:00,87.47289,95.35375999999997,5.8712688237428665
3146,2020-01-29 19:00:00,87.47315,95.40690000000001,6.090271890163422
3147,2020-01-29 20:00:00,87.47406,95.47656999999998,6.469645246863365
3148,2020-01-29 21:00:00,87.47519,95.55132000000003,6.805049687623978
3149,2020-01-29 22:00:00,87.47619,95.62563999999998,6.482982635498047
3150,2020-01-29 23:00:00,87.47708,95.69785000000002,6.111095502972603
3151,2020-01-30 00:00:00,87.4778,95.77080000000001,7.341317802667618
3152,2020-01-30 01:00:00,87.47843,95.84436,6.9906827956438065
3153,2020-01-30 02:00:00,87.47897,95.91955999999999,6.750330567359924
3154,2020-01-30 03:00:00,87.47929,95.99718000000001,6.645028084516525
3155,2020-01-30 04:00:00,87.4794,96.07816000000003,6.544088006019592
3156,2020-01-30 05:00:00,87.47914,96.1551,6.379420220851898
3157,2020-01-30 06:00:00,87.4784,96.22570000000002,6.170896470546722
3158,2020-01-30 07:00:00,87.47668,96.29507000000001,5.741232812404633
3159,2020-01-30 08:00:00,87.47363,96.36714999999998,5.3183047622442245
3160,2020-01-30 09:00:00,87.46934,96.43898999999999,5.18855108320713
3161,2020-01-30 10:00:00,87.46428,96.49579,5.23635171353817
3162,2020-01-30 11:00:00,87.45957,96.52962000000002,5.628634870052338
3163,2020-01-30 12:00:00,87.4556,96.53917000000001,6.196193754673004
3164,2020-01-30 13:00:00,87.45176,96.53978999999998,6.584264487028122
3165,2020-01-30 14:00:00,87.4479,96.53228000000001,6.822379678487778
3166,2020-01-30 15:00:00,87.44413,96.52327000000002,6.843440189957619
3167,2020-01-30 16:00:00,87.44036,96.51353,6.763649627566338
3168,2020-01-30 17:00:00,87.43692,96.50317000000001,6.497173607349396
3169,2020-01-30 18:00:00,87.43417,96.49653999999998,5.985550284385681
3170,2020-01-30 19:00:00,87.43185,96.49144000000001,5.533140480518341
3171,2020-01-30 20:00:00,87.43007,96.48426,4.977276295423508
3172,2020-01-30 21:00:00,87.42886,96.47816,4.4482152462005615
3173,2020-01-30 22:00:00,87.42839,96.47077999999999,3.773620754480362
3174,2020-01-30 23:00:00,87.42845,96.46398999999997,2.9625783264636993
3175,2020-01-31 00:00:00,87.42873,96.46280000000002,2.4691988229751587
3176,2020-01-31 01:00:00,87.42943,96.46461,1.8232487589120865
3177,2020-01-31 02:00:00,87.43024,96.47172999999998,1.1505311131477356
3178,2020-01-31 03:00:00,87.43107,96.48167000000001,1.1768903285264969
3179,2020-01-31 04:00:00,87.43199,96.48750999999999,1.4316195249557495
3180,2020-01-31 05:00:00,87.43384,96.48928999999998,2.3151356279850006
3181,2020-01-31 06:00:00,87.43662,96.48437999999999,3.253241240978241
3182,2020-01-31 07:00:00,87.43983,96.47072000000003,3.707821309566498
3183,2020-01-31 08:00:00,87.44367,96.44933000000003,4.210896015167236
3184,2020-01-31 09:00:00,87.44823,96.42451,4.845773622393608
3185,2020-01-31 10:00:00,87.45319,96.39778999999999,5.323815122246742
3186,2020-01-31 11:00:00,87.45849,96.36845,5.577383354306221
3187,2020-01-31 12:00:00,87.46388,96.33359000000002,5.5446504056453705
3188,2020-01-31 13:00:00,87.46919,96.30039999999997,5.504995211958885
3189,2020-01-31 14:00:00,87.47386,96.27562999999998,5.455038756132126
3190,2020-01-31 15:00:00,87.4779,96.26711999999998,5.737664893269539
3191,2020-01-31 16:00:00,87.48143,96.27451000000002,5.454343572258949
3192,2020-01-31 17:00:00,87.48442,96.28949,5.419265419244766
3193,2020-01-31 18:00:00,87.48703,96.305,5.5382742285728455
3194,2020-01-31 19:00:00,87.4895,96.32801999999998,5.439240992069244
3195,2020-01-31 20:00:00,87.49193,96.34698000000003,5.288600116968155
3196,2020-01-31 21:00:00,87.49413,96.35959000000003,5.029435634613037
3197,2020-01-31 22:00:00,87.4957,96.37182999999999,4.65305058658123
3198,2020-01-31 23:00:00,87.49663,96.38229999999999,4.14697390794754
3199,2020-02-01 00:00:00,87.49721,96.39019000000002,4.699750125408173
3200,2020-02-01 01:00:00,87.49713,96.38895000000002,4.295352712273598
3201,2020-02-01 02:00:00,87.49534,96.38168000000002,4.060714244842529
3202,2020-02-01 03:00:00,87.49042,96.34629000000001,4.416702091693878
3203,2020-02-01 04:00:00,87.48132,96.29559999999998,5.275437667965889
3204,2020-02-01 05:00:00,87.469,96.23807999999997,6.680219389498234
3205,2020-02-01 06:00:00,87.45475,96.16739000000001,8.561562567949295
3206,2020-02-01 07:00:00,87.43992,96.07249999999999,10.115172386169434
3207,2020-02-01 08:00:00,87.42602,95.95760000000001,11.34186738729477
3208,2020-02-01 09:00:00,87.41414,95.84108000000003,12.05063571035862
3209,2020-02-01 10:00:00,87.40478,95.74346000000003,12.025187462568283
3210,2020-02-01 11:00:00,87.39768,95.67865999999998,11.727166503667831
3211,2020-02-01 12:00:00,87.39231,95.65735999999998,11.274135664105415
3212,2020-02-01 13:00:00,87.38751,95.66971999999998,11.008061319589615
3213,2020-02-01 14:00:00,87.38272,95.70578,10.480360090732574
3214,2020-02-01 15:00:00,87.37739,95.75378999999998,9.689286082983017
3215,2020-02-01 16:00:00,87.37107,95.80333000000002,8.931513130664825
3216,2020-02-01 17:00:00,87.36389,95.84607,8.25791472196579
3217,2020-02-01 18:00:00,87.3569,95.86493999999999,7.460488140583038
3218,2020-02-01 19:00:00,87.35056,95.85944,6.855041369795799
3219,2020-02-01 20:00:00,87.34542,95.83125999999999,6.217556864023209
3220,2020-02-01 21:00:00,87.34186,95.7894,5.581920221447945
3221,2020-02-01 22:00:00,87.33988,95.74720000000002,4.909546792507172
3222,2020-02-01 23:00:00,87.33934,95.71249999999998,3.9557340145111084
3223,2020-02-02 00:00:00,87.33942,95.68180000000001,2.954007923603058
3224,2020-02-02 01:00:00,87.34023,95.65706,2.2225000709295273
3225,2020-02-02 02:00:00,87.34152,95.63680999999997,1.6544554680585861
3226,2020-02-02 03:00:00,87.34275,95.61374999999998,1.6967241019010544
3227,2020-02-02 04:00:00,87.34384,95.58584000000002,2.0956213027238846
3228,2020-02-02 05:00:00,87.34444,95.5444,2.629301816225052
3229,2020-02-02 06:00:00,87.34464,95.47958,3.3909755498170853
3230,2020-02-02 07:00:00,87.34469,95.38647000000003,4.145580142736435
3231,2020-02-02 08:00:00,87.3451,95.26603,4.670070990920067
3232,2020-02-02 09:00:00,87.34617,95.12657000000002,5.051009193062782
3233,2020-02-02 10:00:00,87.34801,94.97309000000001,5.413689091801643
3234,2020-02-02 11:00:00,87.34997,94.83275000000003,5.807077571749687
3235,2020-02-02 12:00:00,87.35173,94.71329000000003,5.942565053701401
3236,2020-02-02 13:00:00,87.35352,94.60748999999998,6.151606306433678
3237,2020-02-02 14:00:00,87.35513,94.51596,6.376631990075111
3238,2020-02-02 15:00:00,87.35646,94.43444,6.666244804859161
3239,2020-02-02 16:00:00,87.35749,94.36127999999997,6.76495099067688
3240,2020-02-02 17:00:00,87.35815,94.29059999999998,6.824719861149788
3241,2020-02-02 18:00:00,87.35872,94.21321999999998,6.9016724824905396
3242,2020-02-02 19:00:00,87.35961,94.12576999999999,6.8720637410879135
3243,2020-02-02 20:00:00,87.36127,94.02271000000002,6.884940102696419
3244,2020-02-02 21:00:00,87.36419,93.90379000000001,6.72059640288353
3245,2020-02-02 22:00:00,87.3686,93.77891999999997,6.699867859482765
3246,2020-02-02 23:00:00,87.37375,93.6601,6.931795135140419
3247,2020-02-03 00:00:00,87.37945,93.55286000000001,6.732101321220398
3248,2020-02-03 01:00:00,87.3851,93.45605,6.3460497707128525
3249,2020-02-03 02:00:00,87.39054,93.37157000000002,5.6498419642448425
3250,2020-02-03 03:00:00,87.39561,93.30232999999998,4.99661910533905
3251,2020-02-03 04:00:00,87.40009,93.25013999999999,4.690579473972321
3252,2020-02-03 05:00:00,87.40403,93.21726999999998,4.901100188493729
3253,2020-02-03 06:00:00,87.4074,93.19851,5.136620864272118
3254,2020-02-03 07:00:00,87.41043,93.20159000000001,5.239011749625206
3255,2020-02-03 08:00:00,87.41299,93.22429,5.156764701008797
3256,2020-02-03 09:00:00,87.41529,93.26391999999998,4.974719941616058
3257,2020-02-03 10:00:00,87.41773,93.32573000000002,5.1196929812431335
3258,2020-02-03 11:00:00,87.42049,93.39859000000001,5.656140089035034
3259,2020-02-03 12:00:00,87.42371,93.47839999999997,6.03914038836956
3260,2020-02-03 13:00:00,87.42723,93.56774999999999,6.303452342748642
3261,2020-02-03 14:00:00,87.43062,93.66140999999999,6.690341368317604
3262,2020-02-03 15:00:00,87.43369,93.75999999999999,7.005960181355476
3263,2020-02-03 16:00:00,87.43612,93.85847999999999,7.306034289300442
3264,2020-02-03 17:00:00,87.43806,93.9554,7.437175422906876
3265,2020-02-03 18:00:00,87.43976,94.04617000000002,7.4663993418216705
3266,2020-02-03 19:00:00,87.44133,94.12982999999997,7.488517701625824
3267,2020-02-03 20:00:00,87.44284,94.20875000000001,7.533784493803978
3268,2020-02-03 21:00:00,87.44437,94.28305999999998,7.58657443523407
3269,2020-02-03 22:00:00,87.44645,94.36099000000002,7.565625891089439
3270,2020-02-03 23:00:00,87.44929,94.45283999999998,7.606749057769775
3271,2020-02-04 00:00:00,87.45237,94.55385999999999,6.834725931286812
3272,2020-02-04 01:00:00,87.45484,94.6456,6.782054901123047
3273,2020-02-04 02:00:00,87.45772,94.74252000000001,6.673393353819847
3274,2020-02-04 03:00:00,87.46082,94.83889999999997,6.6559013575315475
3275,2020-02-04 04:00:00,87.46337,94.92797000000002,6.489282637834549
3276,2020-02-04 05:00:00,87.46602,95.01076999999998,6.403441697359085
3277,2020-02-04 06:00:00,87.46859,95.08783,6.297871232032776
3278,2020-02-04 07:00:00,87.47077,95.15652,6.128480315208435
3279,2020-02-04 08:00:00,87.47267,95.21488,5.92700731754303
3280,2020-02-04 09:00:00,87.47435,95.25986,5.451956003904343
3281,2020-02-04 10:00:00,87.47604,95.29128000000003,5.091369837522507
3282,2020-02-04 11:00:00,87.47795,95.31074000000001,4.841942399740219
3283,2020-02-04 12:00:00,87.48022,95.32144,4.893531188368797
3284,2020-02-04 13:00:00,87.48279,95.3272,4.888291656970978
3285,2020-02-04 14:00:00,87.4856,95.33134000000001,4.775479570031166
3286,2020-02-04 15:00:00,87.48845,95.3358,4.65894715487957
3287,2020-02-04 16:00:00,87.49123,95.34062,4.761308193206787
3288,2020-02-04 17:00:00,87.4938,95.34476000000001,4.735346466302872
3289,2020-02-04 18:00:00,87.49618,95.34811000000002,4.6584954261779785
3290,2020-02-04 19:00:00,87.49832,95.3485,4.639916226267815
3291,2020-02-04 20:00:00,87.50036,95.34395,4.688566744327545
3292,2020-02-04 21:00:00,87.50236,95.33479999999997,4.825927019119263
3293,2020-02-04 22:00:00,87.50446,95.31952999999999,5.3039118349552155
3294,2020-02-04 23:00:00,87.50689,95.29676,5.777611672878265
3295,2020-02-05 00:00:00,87.5097,95.26860999999997,6.190712869167328
3296,2020-02-05 01:00:00,87.51289,95.23651000000001,6.3795613050460815
3297,2020-02-05 02:00:00,87.51633,95.20643999999999,6.334496393799782
3298,2020-02-05 03:00:00,87.51994,95.18142,6.17485024034977
3299,2020-02-05 04:00:00,87.52362,95.15956,6.325469076633453
3300,2020-02-05 05:00:00,87.52708,95.13380000000001,6.443945497274399
3301,2020-02-05 06:00:00,87.53011,95.10034000000002,6.490036375820637
3302,2020-02-05 07:00:00,87.53307,95.06339000000003,6.708992153406143
3303,2020-02-05 08:00:00,87.53591,95.02561000000003,6.749900013208389
3304,2020-02-05 09:00:00,87.53864,94.97877,6.704496040940285
3305,2020-02-05 10:00:00,87.54156,94.92703,6.787365972995758
3306,2020-02-05 11:00:00,87.54439,94.86914999999999,6.813475742936134
3307,2020-02-05 12:00:00,87.54733,94.80881,6.889933347702026
3308,2020-02-05 13:00:00,87.55058,94.74565999999999,6.7431396171450615
3309,2020-02-05 14:00:00,87.55409,94.68054999999998,6.776224106550217
3310,2020-02-05 15:00:00,87.55781,94.61556000000002,6.982462361454964
3311,2020-02-05 16:00:00,87.56146,94.55401999999998,7.043083220720291
3312,2020-02-05 17:00:00,87.56491,94.50350000000003,6.956729620695114
3313,2020-02-05 18:00:00,87.5681,94.46001000000001,6.751189976930618
3314,2020-02-05 19:00:00,87.57089,94.42493000000002,6.283763647079468
3315,2020-02-05 20:00:00,87.57344,94.39495999999997,5.852337509393692
3316,2020-02-05 21:00:00,87.57561,94.37085000000002,5.4908307492733
3317,2020-02-05 22:00:00,87.57761,94.34874000000002,5.31852862238884
3318,2020-02-05 23:00:00,87.57945,94.32276000000002,5.374042853713036
3319,2020-02-06 00:00:00,87.58139,94.29525999999998,5.4413856118917465
3320,2020-02-06 01:00:00,87.58351,94.26292000000001,5.424372762441635
3321,2020-02-06 02:00:00,87.58581,94.22509000000002,5.54212760925293
3322,2020-02-06 03:00:00,87.5883,94.18831999999998,4.988400042057037
3323,2020-02-06 04:00:00,87.5909,94.15026999999998,4.5260894894599915
3324,2020-02-06 05:00:00,87.59368,94.11054000000001,4.382731005549431
3325,2020-02-06 06:00:00,87.5961,94.07594,4.2904413640499115
3326,2020-02-06 07:00:00,87.59848,94.05943000000002,4.260419487953186
3327,2020-02-06 08:00:00,87.60117,94.04290000000003,4.348661616444588
3328,2020-02-06 09:00:00,87.60411,94.02318000000002,4.463801234960556
3329,2020-02-06 10:00:00,87.60689,94.00461000000001,4.6714237332344055
3330,2020-02-06 11:00:00,87.60904,93.98356999999999,4.873377501964569
3331,2020-02-06 12:00:00,87.61098,93.95947000000001,5.135190486907959
3332,2020-02-06 13:00:00,87.61318,93.93833999999998,5.360144525766373
3333,2020-02-06 14:00:00,87.61532,93.91844000000003,5.427377998828888
3334,2020-02-06 15:00:00,87.61725,93.90062999999998,5.386287972331047
3335,2020-02-06 16:00:00,87.61901,93.87939,5.278482750058174
3336,2020-02-06 17:00:00,87.62068,93.85739999999998,5.1395536959171295
3337,2020-02-06 18:00:00,87.6225,93.83886999999999,4.895169675350189
3338,2020-02-06 19:00:00,87.62413,93.82533999999998,4.635652244091034
3339,2020-02-06 20:00:00,87.62547,93.81488000000002,4.443363279104233
3340,2020-02-06 21:00:00,87.62641,93.80318,4.288873836398125
3341,2020-02-06 22:00:00,87.62718,93.79314,4.183414399623871
3342,2020-02-06 23:00:00,87.628,93.78294,4.166969329118729
3343,2020-02-07 00:00:00,87.62889,93.77372000000003,4.114116579294205
3344,2020-02-07 01:00:00,87.63015,93.76621999999998,4.0920188426971436
3345,2020-02-07 02:00:00,87.63139,93.75948,4.184555351734161
3346,2020-02-07 03:00:00,87.63257,93.75065000000001,4.259494855999947
3347,2020-02-07 04:00:00,87.63373,93.74626,4.293584525585175
3348,2020-02-07 05:00:00,87.63484,93.74625000000003,4.333646446466446
3349,2020-02-07 06:00:00,87.63594,93.74855000000002,4.376352310180664
3350,2020-02-07 07:00:00,87.63701,93.75288,4.33069109916687
3351,2020-02-07 08:00:00,87.63804,93.75851,4.302312687039375
3352,2020-02-07 09:00:00,87.63907,93.76465999999999,4.303672641515732
3353,2020-02-07 10:00:00,87.64004,93.77190000000002,4.266628339886665
3354,2020-02-07 11:00:00,87.64091,93.77850999999998,4.183702155947685
3355,2020-02-07 12:00:00,87.64174,93.78303,4.113815546035767
3356,2020-02-07 13:00:00,87.6426,93.78838000000002,3.9975546151399612
3357,2020-02-07 14:00:00,87.64356,93.79503999999997,3.9333471059799194
3358,2020-02-07 15:00:00,87.6446,93.80536000000001,3.9481930285692215
3359,2020-02-07 16:00:00,87.64576,93.81518,3.846460998058319
3360,2020-02-07 17:00:00,87.64696,93.82486,3.5543369501829147
3361,2020-02-07 18:00:00,87.64815,93.83735000000001,3.2827740162611008
3362,2020-02-07 19:00:00,87.64932,93.85147999999998,3.28464911878109
3363,2020-02-07 20:00:00,87.65042,93.86511999999999,3.2192474603652954
3364,2020-02-07 21:00:00,87.65159,93.87531000000001,3.0552109628915787
3365,2020-02-07 22:00:00,87.65285,93.88090999999997,2.961054638028145
3366,2020-02-07 23:00:00,87.65427,93.88182999999998,2.9119552671909332
3367,2020-02-08 00:00:00,87.65578,93.88121999999998,3.0725249648094177
3368,2020-02-08 01:00:00,87.65734,93.88168000000002,3.161708325147629
3369,2020-02-08 02:00:00,87.65899,93.88249000000002,3.0871687680482864
3370,2020-02-08 03:00:00,87.66071,93.88387999999998,2.9163970351219177
3371,2020-02-08 04:00:00,87.66252,93.88403,2.9885160624980927
3372,2020-02-08 05:00:00,87.66443,93.88186999999999,3.0565101951360703
3373,2020-02-08 06:00:00,87.66637,93.87576999999999,3.0001146495342255
3374,2020-02-08 07:00:00,87.6684,93.86471,2.8372713774442673
3375,2020-02-08 08:00:00,87.67032,93.85334,2.9990675151348114
3376,2020-02-08 09:00:00,87.67184,93.8415,3.1817401349544525
3377,2020-02-08 10:00:00,87.67347,93.82632999999998,3.3289367258548737
3378,2020-02-08 11:00:00,87.67526,93.80677000000003,3.596361890435219
3379,2020-02-08 12:00:00,87.67692,93.78933,3.76228529214859
3380,2020-02-08 13:00:00,87.67941,93.76117999999997,3.995921164751053
3381,2020-02-08 14:00:00,87.68148,93.74095999999997,4.0684129148721695
3382,2020-02-08 15:00:00,87.68375,93.72109,4.140055820345879
3383,2020-02-08 16:00:00,87.6863,93.69547,4.127387180924416
3384,2020-02-08 17:00:00,87.6892,93.66266999999999,4.272535875439644
3385,2020-02-08 18:00:00,87.692,93.63211000000001,4.41484597325325
3386,2020-02-08 19:00:00,87.69432,93.60390000000001,4.635652780532837
3387,2020-02-08 20:00:00,87.69691,93.57371999999998,4.8582944720983505
3388,2020-02-08 21:00:00,87.6992,93.54412000000002,4.908162206411362
3389,2020-02-08 22:00:00,87.70152,93.51224000000002,4.902743145823479
3390,2020-02-08 23:00:00,87.70386,93.47561999999999,4.937486290931702
3391,2020-02-09 00:00:00,87.70616,93.43752,4.983245983719826
3392,2020-02-09 01:00:00,87.70803,93.39981999999998,5.002336874604225
3393,2020-02-09 02:00:00,87.70958,93.36779000000001,5.063843011856079
3394,2020-02-09 03:00:00,87.71183,93.32666999999998,5.234483897686005
3395,2020-02-09 04:00:00,87.71389,93.28929,5.399844288825989
3396,2020-02-09 05:00:00,87.71644,93.24270000000001,5.547822952270508
3397,2020-02-09 06:00:00,87.71905,93.19232999999997,5.680840775370598
3398,2020-02-09 07:00:00,87.72161,93.14681999999999,5.850903630256653
3399,2020-02-09 08:00:00,87.72413,93.09935999999999,5.987731009721756
3400,2020-02-09 09:00:00,87.72647,93.05691999999999,6.170366615056992
3401,2020-02-09 10:00:00,87.72857,93.00973999999997,6.274442434310913
3402,2020-02-09 11:00:00,87.73091,92.96329000000003,6.336824551224709
3403,2020-02-09 12:00:00,87.73309,92.91782999999998,6.326627641916275
3404,2020-02-09 13:00:00,87.73524,92.87693000000002,6.324623286724091
3405,2020-02-09 14:00:00,87.7376,92.83157,6.374795153737068
3406,2020-02-09 15:00:00,87.73986,92.78712999999999,6.421197131276131
3407,2020-02-09 16:00:00,87.74209,92.73989,6.529659733176231
3408,2020-02-09 17:00:00,87.74439,92.69031000000001,6.693838253617287
3409,2020-02-09 18:00:00,87.74679,92.637,6.785006880760193
3410,2020-02-09 19:00:00,87.74936,92.58078,6.754966825246811
3411,2020-02-09 20:00:00,87.75212,92.52260999999999,6.817023798823357
3412,2020-02-09 21:00:00,87.75492,92.46773000000002,6.637711882591248
3413,2020-02-09 22:00:00,87.75842,92.41196000000002,6.537138402462006
3414,2020-02-09 23:00:00,87.76124,92.35609999999997,6.469516351819038
3415,2020-02-10 00:00:00,87.76357,92.30603000000002,6.449598520994186
3416,2020-02-10 01:00:00,87.76601,92.26159999999999,6.414255827665329
3417,2020-02-10 02:00:00,87.76831,92.21942999999999,6.289479732513428
3418,2020-02-10 03:00:00,87.7705,92.17610000000002,6.04650416970253
3419,2020-02-10 04:00:00,87.77266,92.13254,5.803930938243866
3420,2020-02-10 05:00:00,87.77467,92.09019999999998,5.685670047998428
3421,2020-02-10 06:00:00,87.77679,92.04383999999999,5.744984820485115
3422,2020-02-10 07:00:00,87.77886,91.99281000000002,5.965761244297028
3423,2020-02-10 08:00:00,87.78097,91.93713000000002,6.159508094191551
3424,2020-02-10 09:00:00,87.78318,91.87802999999997,6.209303200244904
3425,2020-02-10 10:00:00,87.7854,91.81753000000003,6.28704147040844
3426,2020-02-10 11:00:00,87.78755,91.75855000000001,6.391692399978638
3427,2020-02-10 12:00:00,87.78959,91.70186000000001,6.53367692232132
3428,2020-02-10 13:00:00,87.79146,91.6449,6.649697929620743
3429,2020-02-10 14:00:00,87.79314,91.58874000000003,6.864190563559532
3430,2020-02-10 15:00:00,87.79461,91.53429,7.155103623867035
3431,2020-02-10 16:00:00,87.79593,91.47926000000001,7.381231799721718
3432,2020-02-10 17:00:00,87.7972,91.42212999999998,7.207439690828323
3433,2020-02-10 18:00:00,87.79845,91.3598,6.9603288769721985
3434,2020-02-10 19:00:00,87.79986,91.28983,6.630734279751778
3435,2020-02-10 20:00:00,87.80148,91.21221000000003,6.722364112734795
3436,2020-02-10 21:00:00,87.80333,91.12886000000003,6.794754311442375
3437,2020-02-10 22:00:00,87.80533,91.04218000000003,6.753943845629692
3438,2020-02-10 23:00:00,87.8075,90.95434999999998,6.770507097244263
3439,2020-02-11 00:00:00,87.80959,90.86881,6.942101448774338
3440,2020-02-11 01:00:00,87.81149,90.78582,7.09189747273922
3441,2020-02-11 02:00:00,87.81304,90.70799999999997,7.141245350241661
3442,2020-02-11 03:00:00,87.81452,90.63233000000002,7.245293736457825
3443,2020-02-11 04:00:00,87.8156,90.55988000000002,7.040373757481575
3444,2020-02-11 05:00:00,87.81659,90.48354,6.821331009268761
3445,2020-02-11 06:00:00,87.81745,90.40321,6.424988925457001
3446,2020-02-11 07:00:00,87.81835,90.31707,6.147320464253426
3447,2020-02-11 08:00:00,87.8193,90.22230000000002,6.046799898147583
3448,2020-02-11 09:00:00,87.82034,90.11505999999997,6.349453896284103
3449,2020-02-11 10:00:00,87.82157,90.00351999999998,6.593826532363892
3450,2020-02-11 11:00:00,87.82289,89.89423999999997,6.694641292095184
3451,2020-02-11 12:00:00,87.82444,89.78499,6.620630443096161
3452,2020-02-11 13:00:00,87.82604,89.67921000000001,6.515707567334175
3453,2020-02-11 14:00:00,87.8275,89.58161000000001,6.435592368245125
3454,2020-02-11 15:00:00,87.82876,89.49160999999998,6.576255142688751
3455,2020-02-11 16:00:00,87.82984,89.40733,6.87140965461731
3456,2020-02-11 17:00:00,87.83082,89.32736999999997,6.771853536367416
3457,2020-02-11 18:00:00,87.83179,89.24610999999999,7.236618474125862
3458,2020-02-11 19:00:00,87.833,89.15839,7.4399134516716
3459,2020-02-11 20:00:00,87.83457,89.06160999999997,7.527072072029114
3460,2020-02-11 21:00:00,87.83663,88.95738,7.609223559498787
3461,2020-02-11 22:00:00,87.83906,88.84721000000002,7.655146926641464
3462,2020-02-11 23:00:00,87.84177,88.73266000000001,7.608073323965073
3463,2020-02-12 00:00:00,87.84476,88.61879999999996,7.662488430738449
3464,2020-02-12 01:00:00,87.84784,88.50795,7.730426728725433
3465,2020-02-12 02:00:00,87.85077,88.40481,7.773501813411713
3466,2020-02-12 03:00:00,87.85332,88.31207,7.715269505977631
3467,2020-02-12 04:00:00,87.85548,88.23000000000002,7.666771546006203
3468,2020-02-12 05:00:00,87.85754,88.15138000000002,7.7857692539691925
3469,2020-02-12 06:00:00,87.85976,88.06582000000003,8.04927085340023
3470,2020-02-12 07:00:00,87.86284,87.96947999999998,8.364204674959183
3471,2020-02-12 08:00:00,87.86567,87.87094000000002,8.63484638929367
3472,2020-02-12 09:00:00,87.86898,87.76477,8.839654207229614
3473,2020-02-12 10:00:00,87.87274,87.65219000000002,8.927571058273315
3474,2020-02-12 11:00:00,87.87689,87.53766000000002,9.020929977297783
3475,2020-02-12 12:00:00,87.88132,87.42536999999999,9.202530950307846
3476,2020-02-12 13:00:00,87.88581,87.31891999999999,9.556794509291649
3477,2020-02-12 14:00:00,87.89017,87.21895999999998,9.848384156823158
3478,2020-02-12 15:00:00,87.89428,87.12473999999997,9.857223622500896
3479,2020-02-12 16:00:00,87.89818,87.03541000000001,9.852351501584053
3480,2020-02-12 17:00:00,87.90208,86.94481999999999,10.003368973731995
3481,2020-02-12 18:00:00,87.90566,86.84698000000003,10.107574820518494
3482,2020-02-12 19:00:00,87.90904,86.73467,10.212521150708199
3483,2020-02-12 20:00:00,87.91266,86.60582999999997,10.30200144648552
3484,2020-02-12 21:00:00,87.91602,86.46075000000002,10.417522385716438
3485,2020-02-12 22:00:00,87.91957,86.30982,10.545133858919144
3486,2020-02-12 23:00:00,87.9234,86.15760999999998,10.725400984287262
3487,2020-02-13 00:00:00,87.9273,86.00302999999997,10.832203775644302
3488,2020-02-13 01:00:00,87.93102,85.85212999999999,10.8361274600029
3489,2020-02-13 02:00:00,87.93448,85.70928000000004,10.809962749481201
3490,2020-02-13 03:00:00,87.93758,85.57177000000001,10.856857031583786
3491,2020-02-13 04:00:00,87.94128,85.42827,10.931837290525436
3492,2020-02-13 05:00:00,87.94473,85.28354000000002,11.024782240390778
3493,2020-02-13 06:00:00,87.94872,85.12844000000001,11.02675847709179
3494,2020-02-13 07:00:00,87.95271,84.95949999999999,11.078517839312553
3495,2020-02-13 08:00:00,87.95653,84.77805000000001,11.169836461544037
3496,2020-02-13 09:00:00,87.95991,84.5872,11.220727190375328
3497,2020-02-13 10:00:00,87.96319,84.38024999999999,11.168644830584526
3498,2020-02-13 11:00:00,87.966,84.1705,11.23579417169094
3499,2020-02-13 12:00:00,87.96878,83.96139,11.418961197137833
3500,2020-02-13 13:00:00,87.9712,83.75283999999999,11.550126001238823
3501,2020-02-13 14:00:00,87.97323,83.5507,11.605849727988243
3502,2020-02-13 15:00:00,87.97487,83.35397,11.64111877977848
3503,2020-02-13 16:00:00,87.97663,83.16811999999999,11.627649769186974
3504,2020-02-13 17:00:00,87.97939,82.96843999999999,11.589185506105423
3505,2020-02-13 18:00:00,87.9819,82.76918999999998,11.521761730313301
3506,2020-02-13 19:00:00,87.98439,82.56843000000003,11.391498148441315
3507,2020-02-13 20:00:00,87.98705,82.37941999999998,11.327721267938614
3508,2020-02-13 21:00:00,87.98962,82.19376,11.326043844223022
3509,2020-02-13 22:00:00,87.9923,82.01114999999999,11.32745112478733
3510,2020-02-13 23:00:00,87.99538,81.83677,11.513069033622742
3511,2020-02-14 00:00:00,87.99848,81.66976,11.210027575492859
3512,2020-02-14 01:00:00,88.00143,81.51144999999997,11.141930013895035
3513,2020-02-14 02:00:00,88.00416,81.36248,10.95143848657608
3514,2020-02-14 03:00:00,88.00688,81.22273999999999,10.558895111083984
3515,2020-02-14 04:00:00,88.00939,81.09330999999997,10.213569566607475
3516,2020-02-14 05:00:00,88.01164,80.97242,9.875171527266502
3517,2020-02-14 06:00:00,88.01378,80.85847000000001,9.605499684810638
3518,2020-02-14 07:00:00,88.01578,80.75128000000001,9.213107272982597
3519,2020-02-14 08:00:00,88.01795,80.64877999999999,8.758280918002129
3520,2020-02-14 09:00:00,88.0205,80.54610000000002,8.47559079527855
3521,2020-02-14 10:00:00,88.0233,80.44723999999997,8.248160034418106
3522,2020-02-14 11:00:00,88.02625,80.36518000000001,7.949692636728287
3523,2020-02-14 12:00:00,88.02932,80.29449999999997,7.568467557430267
3524,2020-02-14 13:00:00,88.03252,80.23780999999997,7.327888324856758
3525,2020-02-14 14:00:00,88.03575,80.19373000000002,6.757471978664398
3526,2020-02-14 15:00:00,88.03897,80.16226,6.029336676001549
3527,2020-02-14 16:00:00,88.04199,80.14089000000001,5.217978619039059
3528,2020-02-14 17:00:00,88.04474,80.12297999999998,4.706224083900452
3529,2020-02-14 18:00:00,88.04728,80.10825,4.433275923132896
3530,2020-02-14 19:00:00,88.04964,80.09780999999998,4.413727298378944
3531,2020-02-14 20:00:00,88.05199,80.08197999999999,4.4097019135952
3532,2020-02-14 21:00:00,88.05437,80.07289000000003,4.459148794412613
3533,2020-02-14 22:00:00,88.05688,80.04764999999998,4.480039998888969
3534,2020-02-14 23:00:00,88.05933,80.02690000000001,4.334492042660713
3535,2020-02-15 00:00:00,88.06163,80.00473999999997,4.1339501440525055
3536,2020-02-15 01:00:00,88.06372,79.98568999999998,3.9947144985198975
3537,2020-02-15 02:00:00,88.0656,79.96911,3.8396844565868378
3538,2020-02-15 03:00:00,88.06708,79.95639,3.730665147304535
3539,2020-02-15 04:00:00,88.0681,79.93998999999997,3.6830194741487503
3540,2020-02-15 05:00:00,88.06879,79.92221,3.7445151060819626
3541,2020-02-15 06:00:00,88.06925,79.90469000000002,3.9901484698057175
3542,2020-02-15 07:00:00,88.06946,79.88413000000003,4.250861629843712
3543,2020-02-15 08:00:00,88.06929,79.86185,4.4528196305036545
3544,2020-02-15 09:00:00,88.06912,79.83715999999998,4.517511546611786
3545,2020-02-15 10:00:00,88.06893,79.81974000000002,4.522415027022362
3546,2020-02-15 11:00:00,88.06872,79.80487,4.575102597475052
3547,2020-02-15 12:00:00,88.06855,79.79201999999998,4.713936060667038
3548,2020-02-15 13:00:00,88.06834,79.78008999999997,4.847311407327652
3549,2020-02-15 14:00:00,88.06816,79.76659000000001,4.963855624198914
3550,2020-02-15 15:00:00,88.06802,79.75790999999998,4.945581793785095
3551,2020-02-15 16:00:00,88.06792,79.75605000000002,4.817820131778717
3552,2020-02-15 17:00:00,88.06782,79.75686999999999,4.753166943788528
3553,2020-02-15 18:00:00,88.06778,79.75644999999997,4.794098377227783
3554,2020-02-15 19:00:00,88.06775,79.75560999999999,5.137198060750961
3555,2020-02-15 20:00:00,88.06773,79.75502,5.148924574255943
3556,2020-02-15 21:00:00,88.06767,79.75096000000002,4.871838212013245
3557,2020-02-15 22:00:00,88.06759,79.74664000000001,4.648632973432541
3558,2020-02-15 23:00:00,88.06747,79.73984000000002,4.25969435274601
3559,2020-02-16 00:00:00,88.06725,79.73028999999997,3.9098167419433594
3560,2020-02-16 01:00:00,88.06699,79.71805,4.170124918222427
3561,2020-02-16 02:00:00,88.06677,79.70846,4.297300413250923
3562,2020-02-16 03:00:00,88.06659,79.70152000000002,4.374746173620224
3563,2020-02-16 04:00:00,88.06649,79.69862999999998,4.346003487706184
3564,2020-02-16 05:00:00,88.06642,79.69765000000001,4.388116866350174
3565,2020-02-16 06:00:00,88.06654,79.71796,4.36417843401432
3566,2020-02-16 07:00:00,88.06662,79.7301,4.338480845093727
3567,2020-02-16 08:00:00,88.06678,79.74406999999997,4.383705496788025
3568,2020-02-16 09:00:00,88.06695,79.75518999999997,4.496501952409744
3569,2020-02-16 10:00:00,88.06688,79.75241,4.6443381905555725
3570,2020-02-16 11:00:00,88.06676,79.74739,4.862100973725319
3571,2020-02-16 12:00:00,88.06664,79.74144999999999,5.036360830068588
3572,2020-02-16 13:00:00,88.06648,79.73376000000002,5.063456565141678
3573,2020-02-16 14:00:00,88.06719,79.76006999999998,5.117913320660591
3574,2020-02-16 15:00:00,88.06724,79.76276999999999,5.168879970908165
3575,2020-02-16 16:00:00,88.06679,79.73881,5.308260723948479
3576,2020-02-16 17:00:00,88.06628,79.71012000000002,5.510027259588242
3577,2020-02-16 18:00:00,88.06623,79.69905,5.563500910997391
3578,2020-02-16 19:00:00,88.06693,79.70420999999999,5.592270910739899
3579,2020-02-16 20:00:00,88.06787,79.71166,5.6438441425561905
3580,2020-02-16 21:00:00,88.06824,79.69049999999999,5.708598479628563
3581,2020-02-16 22:00:00,88.06858,79.65190999999999,5.79834409058094
3582,2020-02-16 23:00:00,88.06925,79.61316,5.8561951369047165
3583,2020-02-17 00:00:00,88.06943,79.57657,5.740231812000275
3584,2020-02-17 01:00:00,88.06911,79.53714000000002,5.554577350616455
3585,2020-02-17 02:00:00,88.06898,79.49694999999997,5.392766356468201
3586,2020-02-17 03:00:00,88.06967,79.44574,5.390530228614807
3587,2020-02-17 04:00:00,88.07036,79.39065,5.538729101419449
3588,2020-02-17 05:00:00,88.07123,79.32895000000002,5.674914643168449
3589,2020-02-17 06:00:00,88.07228,79.26796999999999,5.744520291686058
3590,2020-02-17 07:00:00,88.07257,79.20231000000001,5.702132299542427
3591,2020-02-17 08:00:00,88.07269,79.13704999999999,5.687907814979553
3592,2020-02-17 09:00:00,88.07282,79.06916999999999,5.692660987377167
3593,2020-02-17 10:00:00,88.07295,78.99844000000002,5.648909255862236
3594,2020-02-17 11:00:00,88.07331,78.92122999999998,5.562852039933205
3595,2020-02-17 12:00:00,88.07376,78.83830999999998,5.45487168431282
3596,2020-02-17 13:00:00,88.07412,78.76102000000003,5.3704973757267
3597,2020-02-17 14:00:00,88.07427,78.67764999999997,5.285364240407944
3598,2020-02-17 15:00:00,88.07456,78.60167999999999,5.181494876742363
3599,2020-02-17 16:00:00,88.07472,78.53359,5.101458117365837
3600,2020-02-17 17:00:00,88.07519,78.45897000000002,5.121810793876648
3601,2020-02-17 18:00:00,88.07586,78.3829,5.104983270168304
3602,2020-02-17 19:00:00,88.07643,78.31705999999997,5.003222584724426
3603,2020-02-17 20:00:00,88.07697,78.25693999999999,4.8629240691661835
3604,2020-02-17 21:00:00,88.0777,78.20312000000001,4.594944998621941
3605,2020-02-17 22:00:00,88.07857,78.15055999999998,4.255314528942108
3606,2020-02-17 23:00:00,88.07946,78.10019999999997,3.968993157148361
3607,2020-02-18 00:00:00,88.08053,78.05268000000001,3.7937141507864
3608,2020-02-18 01:00:00,88.08167,78.00590999999997,3.7105042040348053
3609,2020-02-18 02:00:00,88.08299,77.95907999999997,3.678153708577156
3610,2020-02-18 03:00:00,88.08431,77.91003,3.686041459441185
3611,2020-02-18 04:00:00,88.08568,77.85989000000001,3.787836864590645
3612,2020-02-18 05:00:00,88.08736,77.80362000000002,4.108476057648659
3613,2020-02-18 06:00:00,88.08966,77.73433,4.523524984717369
3614,2020-02-18 07:00:00,88.09246,77.64375999999999,4.805766344070435
3615,2020-02-18 08:00:00,88.09588,77.53631000000001,4.933954894542694
3616,2020-02-18 09:00:00,88.09971,77.41751,5.340272486209869
3617,2020-02-18 10:00:00,88.1038,77.29545999999999,6.132446810603142
3618,2020-02-18 11:00:00,88.10824,77.17181,6.313157498836517
3619,2020-02-18 12:00:00,88.11271,77.03993000000003,6.738181248307228
3620,2020-02-18 13:00:00,88.11738,76.90954999999997,7.077467322349548
3621,2020-02-18 14:00:00,88.12211,76.78787,7.5655524879693985
3622,2020-02-18 15:00:00,88.12703,76.67182000000003,7.833204656839371
3623,2020-02-18 16:00:00,88.1323,76.55448000000001,7.735840857028961
3624,2020-02-18 17:00:00,88.13781,76.43156999999997,7.653781682252884
3625,2020-02-18 18:00:00,88.14362,76.30541,7.776982694864273
3626,2020-02-18 19:00:00,88.14984,76.18032,8.216702371835709
3627,2020-02-18 20:00:00,88.15584,76.05302,8.497184246778488
3628,2020-02-18 21:00:00,88.16175,75.92480999999998,8.648712381720543
3629,2020-02-18 22:00:00,88.16741,75.79453999999998,8.938573211431503
3630,2020-02-18 23:00:00,88.17308,75.65935999999999,9.461554363369942
3631,2020-02-19 00:00:00,88.17868,75.51305000000002,9.567471370100975
3632,2020-02-19 01:00:00,88.18412,75.35288,9.947326421737671
3633,2020-02-19 02:00:00,88.18984,75.18517,10.060367688536644
3634,2020-02-19 03:00:00,88.19626,74.99720000000002,10.496163174510002
3635,2020-02-19 04:00:00,88.20358,74.79027000000002,11.109878718852997
3636,2020-02-19 05:00:00,88.21114,74.57521,11.423819690942764
3637,2020-02-19 06:00:00,88.21899,74.35379,11.59467077255249
3638,2020-02-19 07:00:00,88.22683,74.12202000000002,11.850360840559006
3639,2020-02-19 08:00:00,88.23464,73.88848000000002,11.918255992233753
3640,2020-02-19 09:00:00,88.24229,73.65883,11.910282887518406
3641,2020-02-19 10:00:00,88.24957,73.43363,11.479161866009235
3642,2020-02-19 11:00:00,88.2566,73.21550000000002,11.506003707647324
3643,2020-02-19 12:00:00,88.26322,73.00454000000002,11.776356279850006
3644,2020-02-19 13:00:00,88.2696,72.79944,11.928865656256676
3645,2020-02-19 14:00:00,88.27589,72.59715,11.950515910983086
3646,2020-02-19 15:00:00,88.2821,72.39402999999999,11.903287887573242
3647,2020-02-19 16:00:00,88.28847,72.18967,11.76262280344963
3648,2020-02-19 17:00:00,88.29497,71.98283,11.71152350306511
3649,2020-02-19 18:00:00,88.30123,71.77757,11.546092689037323
3650,2020-02-19 19:00:00,88.30729,71.57485,11.393299981951714
3651,2020-02-19 20:00:00,88.31278,71.37618,11.232420176267624
3652,2020-02-19 21:00:00,88.31842,71.18241,11.012862354516983
3653,2020-02-19 22:00:00,88.32361,70.99207000000001,10.916017934679985
3654,2020-02-19 23:00:00,88.32869,70.80653999999998,10.956730127334595
3655,2020-02-20 00:00:00,88.33361,70.62734,11.051297783851624
3656,2020-02-20 01:00:00,88.33825,70.44821999999999,11.007973849773407
3657,2020-02-20 02:00:00,88.3427,70.26995,10.946947619318962
3658,2020-02-20 03:00:00,88.34709,70.09406000000001,10.72564621269703
3659,2020-02-20 04:00:00,88.35193,69.91336000000001,10.669245108962059
3660,2020-02-20 05:00:00,88.35689,69.73548,10.669759094715118
3661,2020-02-20 06:00:00,88.3618,69.56218000000001,10.46538744866848
3662,2020-02-20 07:00:00,88.36651,69.39624,10.404364585876465
3663,2020-02-20 08:00:00,88.37101,69.23660999999998,10.34531021118164
3664,2020-02-20 09:00:00,88.37544,69.07638,10.32176049053669
3665,2020-02-20 10:00:00,88.38003,68.91901000000001,10.48871961236
3666,2020-02-20 11:00:00,88.38482,68.76996,10.61878214776516
3667,2020-02-20 12:00:00,88.38995,68.63251,10.82939700782299
3668,2020-02-20 13:00:00,88.39538,68.50907000000001,10.782588988542557
3669,2020-02-20 14:00:00,88.40112,68.40816999999998,10.655496925115585
3670,2020-02-20 15:00:00,88.407,68.32866000000001,10.34170787036419
3671,2020-02-20 16:00:00,88.41274,68.26683,9.805838972330093
3672,2020-02-20 17:00:00,88.41829,68.21516,9.992602050304413
3673,2020-02-20 18:00:00,88.42342,68.16412,9.804904609918594
3674,2020-02-20 19:00:00,88.42792,68.11092,9.885985523462296
3675,2020-02-20 20:00:00,88.43197,68.04115999999999,9.80100291967392
3676,2020-02-20 21:00:00,88.43598,67.95508000000001,9.208070650696754
3677,2020-02-20 22:00:00,88.43999,67.85529,8.843534052371979
3678,2020-02-20 23:00:00,88.44424,67.73647,8.791720166802406
3679,2020-02-21 00:00:00,88.44883,67.60570999999999,8.815216600894928
3680,2020-02-21 01:00:00,88.45351,67.48622,8.93392425775528
3681,2020-02-21 02:00:00,88.45815,67.37657000000002,9.230900377035141
3682,2020-02-21 03:00:00,88.46284,67.27546000000001,9.477130711078644
3683,2020-02-21 04:00:00,88.46753,67.18056999999999,9.753421440720558
3684,2020-02-21 05:00:00,88.47219,67.08582000000001,9.93799775838852
3685,2020-02-21 06:00:00,88.47675,66.9881,10.251030579209328
3686,2020-02-21 07:00:00,88.48123,66.88979,10.379061117768288
3687,2020-02-21 08:00:00,88.48573,66.78818000000001,10.535345181822777
3688,2020-02-21 09:00:00,88.49036,66.68583999999998,10.71620199084282
3689,2020-02-21 10:00:00,88.49494,66.58938999999998,10.829371154308319
3690,2020-02-21 11:00:00,88.4994,66.49975,10.807773604989052
3691,2020-02-21 12:00:00,88.50384,66.41784999999999,10.76025041937828
3692,2020-02-21 13:00:00,88.5083,66.34644,10.752579480409622
3693,2020-02-21 14:00:00,88.51256,66.28199000000001,10.852902874350548
3694,2020-02-21 15:00:00,88.51679,66.21798000000001,11.009092092514038
3695,2020-02-21 16:00:00,88.52112,66.14661999999998,11.237778276205063
3696,2020-02-21 17:00:00,88.52565,66.06666999999999,11.581363022327423
3697,2020-02-21 18:00:00,88.5304,65.98342,11.78121192753315
3698,2020-02-21 19:00:00,88.53521,65.89839,11.942549228668213
3699,2020-02-21 20:00:00,88.53992,65.81822,11.979241386055946
3700,2020-02-21 21:00:00,88.54428,65.74045000000001,11.96219465136528
3701,2020-02-21 22:00:00,88.54825,65.66199,12.050736978650093
3702,2020-02-21 23:00:00,88.55177,65.58379,12.041399046778679
3703,2020-02-22 00:00:00,88.55482,65.49903999999998,12.022542178630829
3704,2020-02-22 01:00:00,88.55772,65.41365000000002,11.74582351744175
3705,2020-02-22 02:00:00,88.56053,65.32719,11.41917872428894
3706,2020-02-22 03:00:00,88.56322,65.25031999999999,11.040389448404312
3707,2020-02-22 04:00:00,88.56578,65.16989000000001,10.618810176849365
3708,2020-02-22 05:00:00,88.56817,65.08620000000002,10.21123369038105
3709,2020-02-22 06:00:00,88.57021,65.00269,9.832838520407677
3710,2020-02-22 07:00:00,88.57207,64.91498000000001,9.450272932648659
3711,2020-02-22 08:00:00,88.57364,64.83127000000002,8.907532811164856
3712,2020-02-22 09:00:00,88.57489,64.7476,8.324220582842827
3713,2020-02-22 10:00:00,88.5758,64.67235,7.893509268760681
3714,2020-02-22 11:00:00,88.57663,64.60543000000001,7.486898601055145
3715,2020-02-22 12:00:00,88.57736,64.53073,7.11633662879467
3716,2020-02-22 13:00:00,88.57798,64.46521999999999,6.778518363833427
3717,2020-02-22 14:00:00,88.57859,64.40602999999999,6.532722473144531
3718,2020-02-22 15:00:00,88.57878,64.35316,6.35615898668766
3719,2020-02-22 16:00:00,88.57811,64.29403000000002,6.237820357084274
3720,2020-02-22 17:00:00,88.5771,64.21214,6.002859219908714
3721,2020-02-22 18:00:00,88.57651,64.10210000000001,5.899110838770866
3722,2020-02-22 19:00:00,88.5763,63.977990000000005,5.832302302122116
3723,2020-02-22 20:00:00,88.57628,63.8381,5.769461095333099
3724,2020-02-22 21:00:00,88.57635,63.691720000000004,5.972164005041122
3725,2020-02-22 22:00:00,88.57633,63.53247999999999,6.158131122589111
3726,2020-02-22 23:00:00,88.57624,63.376829999999984,6.383232086896896
3727,2020-02-23 00:00:00,88.57648,63.22248999999999,6.7123925387859344
3728,2020-02-23 01:00:00,88.57689,63.07006999999999,6.792321816086769
3729,2020-02-23 02:00:00,88.57757,62.92094,6.733712799847126
3730,2020-02-23 03:00:00,88.5784,62.765829999999994,6.679152727127075
3731,2020-02-23 04:00:00,88.57934,62.61349999999999,6.634251624345779
3732,2020-02-23 05:00:00,88.58071,62.45692,6.599616348743439
3733,2020-02-23 06:00:00,88.58209,62.30288999999999,6.667130216956139
3734,2020-02-23 07:00:00,88.58381,62.14152999999999,6.78709152340889
3735,2020-02-23 08:00:00,88.58561,61.97212999999999,6.864918902516365
3736,2020-02-23 09:00:00,88.5873,61.80067,6.952580079436302
3737,2020-02-23 10:00:00,88.58906,61.62657999999999,7.098254770040512
3738,2020-02-23 11:00:00,88.59086,61.444559999999996,7.277528941631317
3739,2020-02-23 12:00:00,88.59262,61.25966,7.436373233795166
3740,2020-02-23 13:00:00,88.5941,61.07794999999999,7.493628278374672
3741,2020-02-23 14:00:00,88.59536,60.892210000000006,7.539275094866753
3742,2020-02-23 15:00:00,88.59622,60.70675,7.651500225067139
3743,2020-02-23 16:00:00,88.59694,60.510339999999985,7.74086531996727
3744,2020-02-23 17:00:00,88.59746,60.30273,7.772702753543854
3745,2020-02-23 18:00:00,88.59783,60.087230000000005,7.781557068228722
3746,2020-02-23 19:00:00,88.59821,59.85246999999998,7.802656292915344
3747,2020-02-23 20:00:00,88.59845,59.61344,7.97965744137764
3748,2020-02-23 21:00:00,88.59869,59.36697000000001,8.350293606519699
3749,2020-02-23 22:00:00,88.59867,59.11425,8.606247216463089
3750,2020-02-23 23:00:00,88.59835,58.84956,8.742267608642578
3751,2020-02-24 00:00:00,88.59777,58.565020000000004,8.902148842811584
3752,2020-02-24 01:00:00,88.59693,58.275180000000006,9.127846330404282
3753,2020-02-24 02:00:00,88.59579,57.97806,9.31753796339035
3754,2020-02-24 03:00:00,88.59496,57.67988,9.494436740875244
3755,2020-02-24 04:00:00,88.59407,57.37943000000001,9.658149614930153
3756,2020-02-24 05:00:00,88.59326,57.05688000000001,9.921241521835327
3757,2020-02-24 06:00:00,88.5927,56.706169999999986,10.292623788118362
3758,2020-02-24 07:00:00,88.59214,56.3374,10.578209206461906
3759,2020-02-24 08:00:00,88.59162,55.95173,10.780030205845833
3760,2020-02-24 09:00:00,88.59107,55.5856,10.917655199766159
3761,2020-02-24 10:00:00,88.59044,55.18267,10.97285383939743
3762,2020-02-24 11:00:00,88.58947,54.79590999999999,11.009413063526154
3763,2020-02-24 12:00:00,88.58853,54.40375,11.071162857115269
3764,2020-02-24 13:00:00,88.58765,54.02453,11.223136499524117
3765,2020-02-24 14:00:00,88.58682,53.65198000000001,11.393464118242264
3766,2020-02-24 15:00:00,88.58604,53.286910000000006,11.525820270180702
3767,2020-02-24 16:00:00,88.58525,52.924120000000016,11.505854099988937
3768,2020-02-24 17:00:00,88.5845,52.557320000000004,11.55642294883728
3769,2020-02-24 18:00:00,88.58367,52.190020000000004,11.639923363924026
3770,2020-02-24 19:00:00,88.5828,51.818730000000016,11.601970449090004
3771,2020-02-24 20:00:00,88.58195,51.44639999999998,11.661440208554268
3772,2020-02-24 21:00:00,88.58107,51.07443000000001,11.828373983502388
3773,2020-02-24 22:00:00,88.58013,50.701160000000016,11.839797765016556
3774,2020-02-24 23:00:00,88.57905,50.32893999999999,11.88834536075592
3775,2020-02-25 00:00:00,88.57793,49.956349999999986,12.252959132194519
3776,2020-02-25 01:00:00,88.57669,49.58565999999999,12.21622896194458
3777,2020-02-25 02:00:00,88.57533,49.21708000000001,12.183388754725456
3778,2020-02-25 03:00:00,88.57404,48.851560000000006,11.249395430088043
3779,2020-02-25 04:00:00,88.5728,48.49601999999999,11.001321867108345
3780,2020-02-25 05:00:00,88.57162,48.14893000000001,10.58438965678215
3781,2020-02-25 06:00:00,88.57045,47.80563999999998,10.502770155668259
3782,2020-02-25 07:00:00,88.56918,47.462879999999984,12.093010172247887
3783,2020-02-25 08:00:00,88.5678,47.11760000000001,12.224864512681961
3784,2020-02-25 09:00:00,88.56629,46.77214000000001,12.028981745243073
3785,2020-02-25 10:00:00,88.56463,46.43090999999998,11.857877850532532
3786,2020-02-25 11:00:00,88.56273,46.09718000000001,11.711162015795708
3787,2020-02-25 12:00:00,88.56073,45.771889999999985,11.51034490764141
3788,2020-02-25 13:00:00,88.55865,45.46245999999999,11.323167100548744
3789,2020-02-25 14:00:00,88.55637,45.17151999999999,11.208527252078056
3790,2020-02-25 15:00:00,88.55401,44.89183,11.182028412818909
3791,2020-02-25 16:00:00,88.55155,44.622990000000016,11.131756886839867
3792,2020-02-25 17:00:00,88.54899,44.36196000000001,11.099587440490723
3793,2020-02-25 18:00:00,88.54626,44.10578000000001,11.078908860683441
3794,2020-02-25 19:00:00,88.54335,43.85162,11.006723195314407
3795,2020-02-25 20:00:00,88.54023,43.59719000000001,10.855876922607422
3796,2020-02-25 21:00:00,88.53696,43.34064000000001,10.721764639019966
3797,2020-02-25 22:00:00,88.53364,43.08098000000001,10.718230992555618
3798,2020-02-25 23:00:00,88.53033,42.819709999999986,10.73337672650814
3799,2020-02-26 00:00:00,88.52705,42.56396000000001,10.671730145812035
3800,2020-02-26 01:00:00,88.52381,42.31655000000001,10.550564512610435
3801,2020-02-26 02:00:00,88.52067,42.08190999999999,10.366181343793869
3802,2020-02-26 03:00:00,88.51753,41.858869999999996,10.133203253149986
3803,2020-02-26 04:00:00,88.51453,41.6429,9.955874502658844
3804,2020-02-26 05:00:00,88.51156,41.435,9.898557633161545
3805,2020-02-26 06:00:00,88.50847,41.23257000000001,9.81865268945694
3806,2020-02-26 07:00:00,88.50531,41.032250000000005,9.686694115400314
3807,2020-02-26 08:00:00,88.50209,40.832040000000006,9.612511202692986
3808,2020-02-26 09:00:00,88.49877,40.63105999999999,9.4954277202487
3809,2020-02-26 10:00:00,88.49547,40.430980000000005,9.225751161575317
3810,2020-02-26 11:00:00,88.49217,40.22892999999999,9.01225708425045
3811,2020-02-26 12:00:00,88.48884,40.03023999999999,8.941005751490593
3812,2020-02-26 13:00:00,88.48545,39.83909,8.748391538858414
3813,2020-02-26 14:00:00,88.48216,39.66395,8.469036489725113
3814,2020-02-26 15:00:00,88.4789,39.502939999999995,8.193810001015663
3815,2020-02-26 16:00:00,88.47557,39.352540000000005,7.955408588051796
3816,2020-02-26 17:00:00,88.47224,39.20796999999999,7.738567113876343
3817,2020-02-26 18:00:00,88.46898,39.06643,7.5779265612363815
3818,2020-02-26 19:00:00,88.46571,38.9247,7.46061010658741
3819,2020-02-26 20:00:00,88.46241,38.77861999999999,7.468457743525505
3820,2020-02-26 21:00:00,88.4591,38.62880999999999,7.570683732628822
3821,2020-02-26 22:00:00,88.4557,38.47766999999999,7.627398490905762
3822,2020-02-26 23:00:00,88.45228,38.325969999999984,7.557071566581726
3823,2020-02-27 00:00:00,88.44892,38.17466999999999,7.413698673248291
3824,2020-02-27 01:00:00,88.44554,38.02866,7.309219017624855
3825,2020-02-27 02:00:00,88.44224,37.89269999999999,7.326648533344269
3826,2020-02-27 03:00:00,88.43902,37.76491999999999,7.425836756825447
3827,2020-02-27 04:00:00,88.43582,37.647850000000005,7.51458577811718
3828,2020-02-27 05:00:00,88.43263,37.53766000000002,7.523938432335854
3829,2020-02-27 06:00:00,88.42943,37.42904999999999,7.414602234959602
3830,2020-02-27 07:00:00,88.42623,37.32064,7.273905083537102
3831,2020-02-27 08:00:00,88.42301,37.206379999999996,7.182676747441292
3832,2020-02-27 09:00:00,88.41984,37.08305999999999,6.642973080277443
3833,2020-02-27 10:00:00,88.41665,36.95534000000001,6.852523952722549
3834,2020-02-27 11:00:00,88.41347,36.82445999999999,7.078704997897148
3835,2020-02-27 12:00:00,88.41034,36.68964,7.235402032732964
3836,2020-02-27 13:00:00,88.40732,36.554100000000005,7.288731336593628
3837,2020-02-27 14:00:00,88.40439,36.419629999999984,7.1690672636032104
3838,2020-02-27 15:00:00,88.40158,36.28854999999999,7.107608333230019
3839,2020-02-27 16:00:00,88.39882,36.16015999999999,6.9781767427921295
3840,2020-02-27 17:00:00,88.39607,36.033349999999984,6.809078186750412
3841,2020-02-27 18:00:00,88.39331,35.907759999999996,6.750420555472374
3842,2020-02-27 19:00:00,88.3905,35.78244999999998,6.791469410061836
3843,2020-02-27 20:00:00,88.38765,35.65697,6.854046449065208
3844,2020-02-27 21:00:00,88.38472,35.529240000000016,6.821341961622238
3845,2020-02-27 22:00:00,88.38168,35.396029999999996,6.752848953008652
3846,2020-02-27 23:00:00,88.37869,35.25853000000001,6.65887126326561
3847,2020-02-28 00:00:00,88.37583,35.12245999999999,6.7837094366550446
3848,2020-02-28 01:00:00,88.37305,34.99252999999999,6.700195714831352
3849,2020-02-28 02:00:00,88.37033,34.86937,6.598163932561874
3850,2020-02-28 03:00:00,88.36765,34.75269,6.516587913036346
3851,2020-02-28 04:00:00,88.36495,34.6438,6.542169347405434
3852,2020-02-28 05:00:00,88.36216,34.54208,6.6251547783613205
3853,2020-02-28 06:00:00,88.35935,34.44449,6.579411134123802
3854,2020-02-28 07:00:00,88.35654,34.34864999999999,6.41253225505352
3855,2020-02-28 08:00:00,88.35371,34.25256000000002,6.238719657063484
3856,2020-02-28 09:00:00,88.35079,34.153819999999996,6.149000704288483
3857,2020-02-28 10:00:00,88.34781,34.049469999999985,6.097600743174553
3858,2020-02-28 11:00:00,88.34492,33.94605999999999,6.11297844350338
3859,2020-02-28 12:00:00,88.34216,33.842899999999986,6.147285968065262
3860,2020-02-28 13:00:00,88.33944,33.745209999999986,6.147683143615723
3861,2020-02-28 14:00:00,88.33681,33.65339,6.076546892523766
3862,2020-02-28 15:00:00,88.33422,33.5686,5.979303985834122
3863,2020-02-28 16:00:00,88.33156,33.49059,5.901342809200287
3864,2020-02-28 17:00:00,88.32883,33.408860000000004,5.886357247829437
3865,2020-02-28 18:00:00,88.32606,33.33260000000001,5.879569590091705
3866,2020-02-28 19:00:00,88.32324,33.252549999999985,5.865342423319817
3867,2020-02-28 20:00:00,88.3204,33.16717,5.8335980623960495
3868,2020-02-28 21:00:00,88.31746,33.08229,5.784760296344757
3869,2020-02-28 22:00:00,88.3145,32.9914,5.762961983680725
3870,2020-02-28 23:00:00,88.31151,32.89699000000002,5.685142815113068
3871,2020-02-29 00:00:00,88.30847,32.803060000000016,5.632292076945305
3872,2020-02-29 01:00:00,88.3055,32.708079999999995,5.566833406686783
3873,2020-02-29 02:00:00,88.30271,32.61401999999998,5.451212227344513
3874,2020-02-29 03:00:00,88.29997,32.521349999999984,5.313886493444443
3875,2020-02-29 04:00:00,88.29723,32.43445,5.217548161745071
3876,2020-02-29 05:00:00,88.29446,32.35351,5.150111645460129
3877,2020-02-29 06:00:00,88.29167,32.28602999999998,5.085917666554451
3878,2020-02-29 07:00:00,88.28894,32.21856,5.065644264221191
3879,2020-02-29 08:00:00,88.28621,32.15129999999999,5.013593375682831
3880,2020-02-29 09:00:00,88.28347,32.08337,4.9520430862903595
3881,2020-02-29 10:00:00,88.28067,32.017409999999984,4.870411798357964
3882,2020-02-29 11:00:00,88.27791,31.94695999999999,4.740173280239105
3883,2020-02-29 12:00:00,88.27517,31.879790000000014,4.591498523950577
3884,2020-02-29 13:00:00,88.27245,31.81635,4.471454158425331
3885,2020-02-29 14:00:00,88.26978,31.758219999999994,4.423178404569626
3886,2020-02-29 15:00:00,88.26709,31.70975999999999,4.338221982121468
3887,2020-02-29 16:00:00,88.26435,31.66964999999999,4.245855763554573
3888,2020-02-29 17:00:00,88.26179,31.637740000000008,4.211620450019836
3889,2020-02-29 18:00:00,88.2593,31.615369999999984,4.163629710674286
3890,2020-02-29 19:00:00,88.25693,31.593220000000002,4.137087732553482
3891,2020-02-29 20:00:00,88.25462,31.573700000000002,4.071841463446617
3892,2020-02-29 21:00:00,88.25226,31.55268000000001,3.926216349005699
3893,2020-02-29 22:00:00,88.24981,31.534069999999986,3.856400787830353
3894,2020-02-29 23:00:00,88.24723,31.515150000000006,3.651662439107895
3895,2020-03-01 00:00:00,88.24459,31.49534,3.5743155479431152
3896,2020-03-01 01:00:00,88.24199,31.470140000000015,3.423038601875305
3897,2020-03-01 02:00:00,88.23949,31.451179999999994,3.299896627664566
3898,2020-03-01 03:00:00,88.23711,31.436800000000005,3.1944431215524673
3899,2020-03-01 04:00:00,88.23498,31.424829999999986,3.135413020849228
3900,2020-03-01 05:00:00,88.23301,31.41928999999999,3.070419520139694
3901,2020-03-01 06:00:00,88.23117,31.417419999999993,3.0026644617319107
3902,2020-03-01 07:00:00,88.22948,31.41717,2.8995654582977295
3903,2020-03-01 08:00:00,88.2279,31.41622000000001,2.7292736172676086
3904,2020-03-01 09:00:00,88.22634,31.412540000000007,2.562529966235161
3905,2020-03-01 10:00:00,88.22473,31.406119999999987,2.40273679792881
3906,2020-03-01 11:00:00,88.22311,31.40356,2.2720089703798294
3907,2020-03-01 12:00:00,88.22147,31.398660000000007,2.1399502605199814
3908,2020-03-01 13:00:00,88.21982,31.393759999999986,1.929248332977295
3909,2020-03-01 14:00:00,88.21826,31.38893999999999,1.8311846852302551
3910,2020-03-01 15:00:00,88.21686,31.38318000000001,1.875787302851677
3911,2020-03-01 16:00:00,88.21565,31.377620000000007,1.9791898727416992
3912,2020-03-01 17:00:00,88.21451,31.375339999999994,1.9759847968816757
3913,2020-03-01 18:00:00,88.21343,31.37594999999999,1.9459404796361923
3914,2020-03-01 19:00:00,88.21237,31.377639999999985,1.897094413638115
3915,2020-03-01 20:00:00,88.21128,31.377669999999995,1.7867180109024048
3916,2020-03-01 21:00:00,88.21007,31.375040000000013,1.7681743204593658
3917,2020-03-01 22:00:00,88.20874,31.367880000000014,1.7490087747573853
3918,2020-03-01 23:00:00,88.20733,31.354649999999992,1.7512659430503845
3919,2020-03-02 00:00:00,88.20588,31.340249999999997,1.7799420952796936
3920,2020-03-02 01:00:00,88.20448,31.31685999999999,1.918809175491333
3921,2020-03-02 02:00:00,88.20306,31.295659999999998,2.0038968175649643
3922,2020-03-02 03:00:00,88.20154,31.282700000000006,2.2053374350070953
3923,2020-03-02 04:00:00,88.20012,31.254670000000004,2.249584898352623
3924,2020-03-02 05:00:00,88.19872,31.223489999999998,2.151766687631607
3925,2020-03-02 06:00:00,88.19718,31.208850000000012,2.1414886116981506
3926,2020-03-02 07:00:00,88.19553,31.185509999999994,2.1760258078575134
3927,2020-03-02 08:00:00,88.19386,31.16192000000001,2.295398861169815
3928,2020-03-02 09:00:00,88.19211,31.140800000000013,2.4666411578655243
3929,2020-03-02 10:00:00,88.19014,31.117379999999997,2.569363370537758
3930,2020-03-02 11:00:00,88.18803,31.09236999999999,2.686460927128792
3931,2020-03-02 12:00:00,88.18581,31.065949999999987,2.6268995106220245
3932,2020-03-02 13:00:00,88.18363,31.036190000000005,2.5344163179397583
3933,2020-03-02 14:00:00,88.18149,31.00209000000001,2.4317805022001266
3934,2020-03-02 15:00:00,88.17948,30.96018000000001,2.48401340842247
3935,2020-03-02 16:00:00,88.1775,30.93249,2.4610142707824707
3936,2020-03-02 17:00:00,88.17541,30.897549999999995,2.347721830010414
3937,2020-03-02 18:00:00,88.1733,30.87173999999999,2.431427463889122
3938,2020-03-02 19:00:00,88.17102,30.852120000000014,2.495440423488617
3939,2020-03-02 20:00:00,88.1687,30.829290000000015,2.495119348168373
3940,2020-03-02 21:00:00,88.16639,30.806809999999984,2.5211515724658966
3941,2020-03-02 22:00:00,88.1641,30.78656000000001,2.5046164244413376
3942,2020-03-02 23:00:00,88.16173,30.76272,2.357599511742592
3943,2020-03-03 00:00:00,88.15933,30.736429999999984,2.037696987390518
3944,2020-03-03 01:00:00,88.15684,30.707060000000013,2.1136717796325684
3945,2020-03-03 02:00:00,88.15452,30.66622000000001,2.5233080089092255
3946,2020-03-03 03:00:00,88.15219,30.635189999999994,2.472006633877754
3947,2020-03-03 04:00:00,88.14991,30.610060000000004,2.1424086540937424
3948,2020-03-03 05:00:00,88.14775,30.589580000000012,2.1647661924362183
3949,2020-03-03 06:00:00,88.14563,30.576070000000016,2.241480439901352
3950,2020-03-03 07:00:00,88.14352,30.562870000000004,2.2414855659008026
3951,2020-03-03 08:00:00,88.1416,30.551479999999998,2.3163748681545258
3952,2020-03-03 09:00:00,88.13972,30.5394,2.425751715898514
3953,2020-03-03 10:00:00,88.1377,30.527629999999988,2.5061300545930862
3954,2020-03-03 11:00:00,88.13553,30.513949999999994,2.607659727334976
3955,2020-03-03 12:00:00,88.13334,30.496160000000003,2.665482223033905
3956,2020-03-03 13:00:00,88.13114,30.47793999999999,2.6009295731782913
3957,2020-03-03 14:00:00,88.12899,30.46215000000001,2.445776730775833
3958,2020-03-03 15:00:00,88.12703,30.446850000000012,2.3403840512037277
3959,2020-03-03 16:00:00,88.12508,30.433639999999997,2.275288537144661
3960,2020-03-03 17:00:00,88.12316,30.423339999999996,2.2338176518678665
3961,2020-03-03 18:00:00,88.12132,30.413039999999995,2.2577430307865143
3962,2020-03-03 19:00:00,88.11956,30.40736000000001,2.3909226655960083
3963,2020-03-03 20:00:00,88.11789,30.40222,2.496409982442856
3964,2020-03-03 21:00:00,88.11627,30.400080000000003,2.509819746017456
3965,2020-03-03 22:00:00,88.11459,30.39546999999999,2.5215073078870773
3966,2020-03-03 23:00:00,88.11304,30.394540000000006,2.569917246699333
3967,2020-03-04 00:00:00,88.11151,30.38995,2.682798594236374
3968,2020-03-04 01:00:00,88.10995,30.389199999999988,2.7962903678417206
3969,2020-03-04 02:00:00,88.10842,30.38497000000001,2.7974173724651337
3970,2020-03-04 03:00:00,88.10699,30.376329999999996,2.850500375032425
3971,2020-03-04 04:00:00,88.10569,30.375409999999988,2.990766689181328
3972,2020-03-04 05:00:00,88.10444,30.381579999999985,3.167357474565506
3973,2020-03-04 06:00:00,88.10316,30.38955999999999,3.346792310476303
3974,2020-03-04 07:00:00,88.10185,30.40764999999999,3.482999950647354
3975,2020-03-04 08:00:00,88.1007,30.43010000000001,3.632988452911377
3976,2020-03-04 09:00:00,88.09939,30.45031,3.7949621826410294
3977,2020-03-04 10:00:00,88.09813,30.470110000000005,3.9767616391181946
3978,2020-03-04 11:00:00,88.09692,30.48764,4.006265088915825
3979,2020-03-04 12:00:00,88.09581,30.501390000000015,3.9909587502479553
3980,2020-03-04 13:00:00,88.09499,30.515809999999988,4.030726373195648
3981,2020-03-04 14:00:00,88.09429,30.532430000000005,4.067859552800655
3982,2020-03-04 15:00:00,88.09375,30.547120000000007,4.113406717777252
3983,2020-03-04 16:00:00,88.09333,30.566159999999996,4.1247023195028305
3984,2020-03-04 17:00:00,88.09287,30.58608000000001,4.122857928276062
3985,2020-03-04 18:00:00,88.09247,30.608360000000005,4.160353422164917
3986,2020-03-04 19:00:00,88.09195,30.632059999999996,4.246824860572815
3987,2020-03-04 20:00:00,88.09153,30.658590000000004,4.321179628372192
3988,2020-03-04 21:00:00,88.09109,30.684439999999995,4.411136671900749
3989,2020-03-04 22:00:00,88.09069,30.708110000000005,4.516192615032196
3990,2020-03-04 23:00:00,88.09036,30.7294,4.4827573001384735
3991,2020-03-05 00:00:00,88.0901,30.747739999999993,4.460122376680374
3992,2020-03-05 01:00:00,88.08998,30.761950000000013,4.389432832598686
3993,2020-03-05 02:00:00,88.08996,30.772850000000005,4.309264093637466
3994,2020-03-05 03:00:00,88.0899,30.779259999999994,4.307857304811478
3995,2020-03-05 04:00:00,88.09005,30.787120000000016,4.486556515097618
3996,2020-03-05 05:00:00,88.09032,30.79352,4.566391408443451
3997,2020-03-05 06:00:00,88.09064,30.80215000000001,4.528681188821793
3998,2020-03-05 07:00:00,88.09098,30.808359999999993,4.415873974561691
3999,2020-03-05 08:00:00,88.09135,30.813639999999992,4.370652049779892
4000,2020-03-05 09:00:00,88.09179,30.816010000000006,4.349026843905449
4001,2020-03-05 10:00:00,88.09222,30.81801999999999,4.380143076181412
4002,2020-03-05 11:00:00,88.09279,30.820490000000007,4.344292312860489
4003,2020-03-05 12:00:00,88.09318,30.81783999999999,4.239333659410477
4004,2020-03-05 13:00:00,88.09364,30.81407999999999,4.156114146113396
4005,2020-03-05 14:00:00,88.09416,30.80626000000001,4.042931601405144
4006,2020-03-05 15:00:00,88.09468,30.795799999999986,4.0051001608371735
4007,2020-03-05 16:00:00,88.09508,30.78179,4.036346524953842
4008,2020-03-05 17:00:00,88.09559,30.767959999999988,4.021251603960991
4009,2020-03-05 18:00:00,88.09604,30.754770000000008,3.990839511156082
4010,2020-03-05 19:00:00,88.09683,30.736819999999994,3.94074022769928
4011,2020-03-05 20:00:00,88.0975,30.71431000000001,3.867252603173256
4012,2020-03-05 21:00:00,88.09818,30.690249999999992,3.784920573234558
4013,2020-03-05 22:00:00,88.09881,30.65768,3.748385787010193
4014,2020-03-05 23:00:00,88.09952,30.621970000000005,3.8307323157787323
4015,2020-03-06 00:00:00,88.09982,30.587559999999996,4.12654572725296
4016,2020-03-06 01:00:00,88.10019,30.53845000000001,4.473436564207077
4017,2020-03-06 02:00:00,88.10045,30.48069000000001,4.8329081535339355
4018,2020-03-06 03:00:00,88.10063,30.427700000000016,5.1642564088106155
4019,2020-03-06 04:00:00,88.10091,30.361230000000006,5.474044233560562
4020,2020-03-06 05:00:00,88.10076,30.29952,5.775164857506752
4021,2020-03-06 06:00:00,88.10077,30.217780000000005,6.060967773199081
4022,2020-03-06 07:00:00,88.1008,30.114210000000014,6.375827640295029
4023,2020-03-06 08:00:00,88.10084,30.00424000000001,6.596153795719147
4024,2020-03-06 09:00:00,88.10078,29.89837,6.719114989042282
4025,2020-03-06 10:00:00,88.10108,29.770669999999996,6.82197767496109
4026,2020-03-06 11:00:00,88.101,29.651099999999985,6.912285536527634
4027,2020-03-06 12:00:00,88.10081,29.52059,7.040502279996872
4028,2020-03-06 13:00:00,88.1002,29.403430000000014,7.18766188621521
4029,2020-03-06 14:00:00,88.09937,29.29310000000001,7.439731925725937
4030,2020-03-06 15:00:00,88.09849,29.16651999999999,7.580662727355957
4031,2020-03-06 16:00:00,88.09768,29.02519000000001,7.673481732606888
4032,2020-03-06 17:00:00,88.09667,28.893720000000002,7.7469754964113235
4033,2020-03-06 18:00:00,88.09557,28.764780000000002,7.7553102523088455
4034,2020-03-06 19:00:00,88.09453,28.63736,7.736752450466156
4035,2020-03-06 20:00:00,88.09336,28.51597000000001,7.716193273663521
4036,2020-03-06 21:00:00,88.09215,28.394859999999994,7.701691716909409
4037,2020-03-06 22:00:00,88.09071,28.279719999999998,7.677898705005646
4038,2020-03-06 23:00:00,88.08912,28.168540000000007,7.743658065795898
4039,2020-03-07 00:00:00,88.08754,28.05426,7.800225332379341
4040,2020-03-07 01:00:00,88.08596,27.935810000000004,7.812739387154579
4041,2020-03-07 02:00:00,88.08443,27.81980999999999,7.755561858415604
4042,2020-03-07 03:00:00,88.08284,27.7038,7.686988115310669
4043,2020-03-07 04:00:00,88.08126,27.585589999999996,7.62164081633091
4044,2020-03-07 05:00:00,88.07971,27.465990000000005,7.600656181573868
4045,2020-03-07 06:00:00,88.07816,27.349770000000007,7.555757090449333
4046,2020-03-07 07:00:00,88.07651,27.238409999999988,7.457103043794632
4047,2020-03-07 08:00:00,88.07481,27.131110000000007,7.332348212599754
4048,2020-03-07 09:00:00,88.07307,27.03021000000001,7.144133165478706
4049,2020-03-07 10:00:00,88.07116,26.93634,6.95830699801445
4050,2020-03-07 11:00:00,88.06919,26.843739999999997,6.725195378065109
4051,2020-03-07 12:00:00,88.06715,26.751949999999994,6.494710326194763
4052,2020-03-07 13:00:00,88.06512,26.661580000000015,6.271027818322182
4053,2020-03-07 14:00:00,88.06318,26.571699999999993,6.07345874607563
4054,2020-03-07 15:00:00,88.06137,26.482130000000012,5.805968254804611
4055,2020-03-07 16:00:00,88.05953,26.395489999999995,5.5645823031663895
4056,2020-03-07 17:00:00,88.05767,26.30726999999999,5.3532423079013824
4057,2020-03-07 18:00:00,88.05581,26.222739999999988,5.209598362445831
4058,2020-03-07 19:00:00,88.05389,26.142110000000002,5.111349046230316
4059,2020-03-07 20:00:00,88.05188,26.064609999999988,4.921984970569611
4060,2020-03-07 21:00:00,88.04977,25.98921999999999,4.5774887800216675
4061,2020-03-07 22:00:00,88.0476,25.915250000000015,4.368248760700226
4062,2020-03-07 23:00:00,88.0454,25.84147999999999,4.29559063911438
4063,2020-03-08 00:00:00,88.04318,25.76822999999999,4.136861026287079
4064,2020-03-08 01:00:00,88.04099,25.69595000000001,3.9020664989948273
4065,2020-03-08 02:00:00,88.0388,25.625550000000004,3.8379337936639786
4066,2020-03-08 03:00:00,88.03652,25.55619999999999,3.814166024327278
4067,2020-03-08 04:00:00,88.0342,25.486699999999985,3.7651161402463913
4068,2020-03-08 05:00:00,88.03181,25.42025000000001,3.6647439152002335
4069,2020-03-08 06:00:00,88.02936,25.355850000000004,3.612504169344902
4070,2020-03-08 07:00:00,88.02692,25.29307,3.664539009332657
4071,2020-03-08 08:00:00,88.02437,25.235720000000015,3.7299367636442184
4072,2020-03-08 09:00:00,88.02177,25.181070000000005,3.802098363637924
4073,2020-03-08 10:00:00,88.01899,25.127049999999997,3.9060937017202377
4074,2020-03-08 11:00:00,88.01618,25.075700000000012,3.9942710399627686
4075,2020-03-08 12:00:00,88.01333,25.024959999999993,4.10473395884037
4076,2020-03-08 13:00:00,88.01034,24.976079999999996,4.282898709177971
4077,2020-03-08 14:00:00,88.00718,24.928079999999994,4.5329045951366425
4078,2020-03-08 15:00:00,88.00384,24.88078999999999,4.737634494900703
4079,2020-03-08 16:00:00,88.00021,24.832300000000004,4.884235039353371
4080,2020-03-08 17:00:00,87.9965,24.780020000000007,5.153975620865822
4081,2020-03-08 18:00:00,87.9926,24.728729999999985,5.424962967634201
4082,2020-03-08 19:00:00,87.98858,24.675960000000003,5.597599416971207
4083,2020-03-08 20:00:00,87.98415,24.62387000000001,5.665231138467789
4084,2020-03-08 21:00:00,87.97937,24.570780000000013,5.975929170846939
4085,2020-03-08 22:00:00,87.97443,24.517449999999997,6.398824021220207
4086,2020-03-08 23:00:00,87.96917,24.46790999999999,6.584492385387421
4087,2020-03-09 00:00:00,87.96356,24.41888,6.793252259492874
4088,2020-03-09 01:00:00,87.95777,24.36894000000001,7.03785052895546
4089,2020-03-09 02:00:00,87.95187,24.3193,7.175847381353378
4090,2020-03-09 03:00:00,87.94586,24.272230000000008,7.339386597275734
4091,2020-03-09 04:00:00,87.93983,24.229899999999986,7.569933623075485
4092,2020-03-09 05:00:00,87.93378,24.19066000000001,7.826493710279465
4093,2020-03-09 06:00:00,87.92765,24.154470000000003,7.9289907813072205
4094,2020-03-09 07:00:00,87.92147,24.121049999999997,8.051223307847977
4095,2020-03-09 08:00:00,87.91509,24.090859999999992,8.13295865058899
4096,2020-03-09 09:00:00,87.90863,24.062990000000013,8.245329350233078
4097,2020-03-09 10:00:00,87.90214,24.04006000000001,8.428275316953659
4098,2020-03-09 11:00:00,87.89545,24.024630000000002,8.63093002140522
4099,2020-03-09 12:00:00,87.88885,24.01230000000001,8.814541384577751
4100,2020-03-09 13:00:00,87.88225,24.003680000000003,8.9039516299963
4101,2020-03-09 14:00:00,87.87577,24.00032999999999,8.957825481891632
4102,2020-03-09 15:00:00,87.86945,23.999570000000006,8.918092772364616
4103,2020-03-09 16:00:00,87.86325,24.00322,8.766175255179405
4104,2020-03-09 17:00:00,87.85709,24.009979999999985,8.676346391439438
4105,2020-03-09 18:00:00,87.85097,24.019749999999988,8.624103337526321
4106,2020-03-09 19:00:00,87.84489,24.03197,8.5802943110466
4107,2020-03-09 20:00:00,87.83873,24.04786999999999,8.481865674257278
4108,2020-03-09 21:00:00,87.83245,24.067980000000006,8.496258437633514
4109,2020-03-09 22:00:00,87.826,24.093250000000012,8.352637827396393
4110,2020-03-09 23:00:00,87.81946,24.12270000000001,8.215353265404701
4111,2020-03-10 00:00:00,87.81292,24.15433999999999,8.10371409356594
4112,2020-03-10 01:00:00,87.8066,24.192059999999998,7.890570163726807
4113,2020-03-10 02:00:00,87.8003,24.231259999999992,7.747694820165634
4114,2020-03-10 03:00:00,87.79419,24.275409999999994,7.634440451860428
4115,2020-03-10 04:00:00,87.78819,24.321879999999993,7.364447206258774
4116,2020-03-10 05:00:00,87.78225,24.36762999999999,7.089644879102707
4117,2020-03-10 06:00:00,87.77631,24.411940000000016,6.812802642583847
4118,2020-03-10 07:00:00,87.77032,24.455579999999998,6.522020295262337
4119,2020-03-10 08:00:00,87.76432,24.49861999999999,6.171554550528526
4120,2020-03-10 09:00:00,87.75818,24.542730000000006,5.981096789240837
4121,2020-03-10 10:00:00,87.75195,24.587639999999993,5.929081976413727
4122,2020-03-10 11:00:00,87.7456,24.63407000000001,5.752974510192871
4123,2020-03-10 12:00:00,87.73939,24.676600000000008,5.634137004613876
4124,2020-03-10 13:00:00,87.73339,24.72120000000001,5.484856441617012
4125,2020-03-10 14:00:00,87.72764,24.769869999999997,5.360715240240097
4126,2020-03-10 15:00:00,87.72223,24.821560000000005,5.158515751361847
4127,2020-03-10 16:00:00,87.71726,24.87021999999999,4.887096554040909
4128,2020-03-10 17:00:00,87.7126,24.916879999999992,4.694084078073502
4129,2020-03-10 18:00:00,87.70825,24.95770999999999,4.635251834988594
4130,2020-03-10 19:00:00,87.70427,24.997299999999996,4.6240765154361725
4131,2020-03-10 20:00:00,87.70054,25.031509999999997,4.575791895389557
4132,2020-03-10 21:00:00,87.69698,25.05914999999999,4.395483270287514
4133,2020-03-10 22:00:00,87.69362,25.07915,4.28426194190979
4134,2020-03-10 23:00:00,87.69032,25.08748,4.17844495177269
4135,2020-03-11 00:00:00,87.68726,25.08775,4.129550009965897
4136,2020-03-11 01:00:00,87.68456,25.07516000000001,4.350230023264885
4137,2020-03-11 02:00:00,87.68251,25.04624000000001,4.690120235085487
4138,2020-03-11 03:00:00,87.68097,25.00501,5.1918676644563675
4139,2020-03-11 04:00:00,87.67973,24.956150000000008,5.5364906042814255
4140,2020-03-11 05:00:00,87.67867,24.901870000000002,5.411605328321457
4141,2020-03-11 06:00:00,87.67777,24.842739999999992,5.556801855564117
4142,2020-03-11 07:00:00,87.67684,24.77713,5.741513133049011
4143,2020-03-11 08:00:00,87.67572,24.704309999999992,5.916477665305138
4144,2020-03-11 09:00:00,87.67412,24.623729999999995,5.6530329287052155
4145,2020-03-11 10:00:00,87.67224,24.540310000000005,5.4624278247356415
4146,2020-03-11 11:00:00,87.6698,24.452910000000003,5.5438733994960785
4147,2020-03-11 12:00:00,87.66688,24.362650000000002,5.907570660114288
4148,2020-03-11 13:00:00,87.66334,24.267869999999988,6.279961436986923
4149,2020-03-11 14:00:00,87.65943,24.17009999999999,6.728721767663956
4150,2020-03-11 15:00:00,87.65572,24.074630000000013,6.978821590542793
4151,2020-03-11 16:00:00,87.65186,23.974789999999985,7.337860599160194
4152,2020-03-11 17:00:00,87.648,23.87673000000001,7.7629325315356255
4153,2020-03-11 18:00:00,87.64393,23.77704,8.032093077898026
4154,2020-03-11 19:00:00,87.63961,23.671459999999996,8.297640591859818
4155,2020-03-11 20:00:00,87.63535,23.562240000000003,8.577656358480453
4156,2020-03-11 21:00:00,87.63054,23.44595000000001,9.038350239396095
4157,2020-03-11 22:00:00,87.62483,23.320300000000003,9.330015659332275
4158,2020-03-11 23:00:00,87.61868,23.18852000000001,9.530063971877098
4159,2020-03-12 00:00:00,87.61225,23.04267999999999,9.557971179485321
4160,2020-03-12 01:00:00,87.60556,22.892120000000006,10.032798036932945
4161,2020-03-12 02:00:00,87.59893,22.746469999999988,10.444667488336563
4162,2020-03-12 03:00:00,87.59242,22.60668000000001,11.006078779697418
4163,2020-03-12 04:00:00,87.58594,22.473240000000004,11.707036674022675
4164,2020-03-12 05:00:00,87.57937,22.345920000000007,12.128869742155075
4165,2020-03-12 06:00:00,87.5725,22.22218000000001,12.195369809865952
4166,2020-03-12 07:00:00,87.56536,22.099799999999988,12.13151191174984
4167,2020-03-12 08:00:00,87.55787,21.974760000000003,12.056817442178726
4168,2020-03-12 09:00:00,87.55006,21.847289999999987,12.115279033780098
4169,2020-03-12 10:00:00,87.54203,21.715129999999988,12.306536197662354
4170,2020-03-12 11:00:00,87.53392,21.578660000000013,12.462775766849518
4171,2020-03-12 12:00:00,87.52584,21.439760000000007,12.577360332012177
4172,2020-03-12 13:00:00,87.51777,21.30207999999999,12.59314689040184
4173,2020-03-12 14:00:00,87.50979,21.163099999999986,12.66494882106781
4174,2020-03-12 15:00:00,87.50183,21.029150000000016,12.734609179198742
4175,2020-03-12 16:00:00,87.49397,20.904259999999994,12.800664991140366
4176,2020-03-12 17:00:00,87.48607,20.78712999999999,12.89125382900238
4177,2020-03-12 18:00:00,87.47818,20.676150000000007,12.940914273262024
4178,2020-03-12 19:00:00,87.47017,20.568960000000004,12.964971840381622
4179,2020-03-12 20:00:00,87.46192,20.46051,12.929516822099686
4180,2020-03-12 21:00:00,87.4535,20.350329999999985,12.119612634181976
4181,2020-03-12 22:00:00,87.44469,20.23872,11.040753662586212
4182,2020-03-12 23:00:00,87.43546,20.1284,10.897375911474228
4183,2020-03-13 00:00:00,87.42581,20.02041,11.022337287664413
4184,2020-03-13 01:00:00,87.4158,19.91377,11.019491955637932
4185,2020-03-13 02:00:00,87.40547,19.803539999999998,11.068094059824944
4186,2020-03-13 03:00:00,87.39484,19.68938,11.24701227247715
4187,2020-03-13 04:00:00,87.38453,19.581169999999986,11.27336448431015
4188,2020-03-13 05:00:00,87.37441,19.484679999999997,10.9635069668293
4189,2020-03-13 06:00:00,87.36449,19.39416,10.661710575222969
4190,2020-03-13 07:00:00,87.35485,19.31092000000001,10.797706887125969
4191,2020-03-13 08:00:00,87.34513,19.22630000000001,10.84655113518238
4192,2020-03-13 09:00:00,87.33542,19.139530000000008,11.381465181708336
4193,2020-03-13 10:00:00,87.32579,19.049800000000005,11.076008141040802
4194,2020-03-13 11:00:00,87.31607,18.952079999999995,10.700776740908623
4195,2020-03-13 12:00:00,87.30631,18.85024999999999,10.912994042038918
4196,2020-03-13 13:00:00,87.29638,18.750069999999994,11.482235535979271
4197,2020-03-13 14:00:00,87.286,18.65127000000001,11.780601501464844
4198,2020-03-13 15:00:00,87.27558,18.556749999999994,12.037847027182579
4199,2020-03-13 16:00:00,87.26519,18.46589,12.527181476354599
4200,2020-03-13 17:00:00,87.25475,18.380020000000002,12.900156393647194
4201,2020-03-13 18:00:00,87.2444,18.302220000000005,12.884405359625816
4202,2020-03-13 19:00:00,87.23438,18.22712999999999,12.572968170046806
4203,2020-03-13 20:00:00,87.22485,18.150710000000004,12.14080160856247
4204,2020-03-13 21:00:00,87.21578,18.07462000000001,11.178719371557236
4205,2020-03-13 22:00:00,87.20697,17.997180000000014,11.29161873459816
4206,2020-03-13 23:00:00,87.1982,17.914860000000004,11.072359472513199
4207,2020-03-14 00:00:00,87.1898,17.834659999999985,10.643384873867035
4208,2020-03-14 01:00:00,87.18185,17.760590000000008,10.30221551656723
4209,2020-03-14 02:00:00,87.17431,17.693690000000004,9.743205472826958
4210,2020-03-14 03:00:00,87.16698,17.63069999999999,9.457511886954308
4211,2020-03-14 04:00:00,87.16092,17.572069999999997,9.38160651922226
4212,2020-03-14 05:00:00,87.15553,17.51921999999999,8.998685091733932
4213,2020-03-14 06:00:00,87.15101,17.468829999999997,8.36730045080185
4214,2020-03-14 07:00:00,87.14755,17.41834,7.857399821281433
4215,2020-03-14 08:00:00,87.14499,17.365189999999984,6.662920638918877
4216,2020-03-14 09:00:00,87.1425,17.313299999999998,5.613053053617477
4217,2020-03-14 10:00:00,87.13979,17.267290000000003,4.672732293605804
4218,2020-03-14 11:00:00,87.13689,17.22072,4.279407292604446
4219,2020-03-14 12:00:00,87.13391,17.168389999999988,4.130603551864624
4220,2020-03-14 13:00:00,87.13103,17.11787000000001,3.7439944446086884
4221,2020-03-14 14:00:00,87.12844,17.072329999999994,3.7167946994304657
4222,2020-03-14 15:00:00,87.12609,17.03363999999999,3.2776129692792892
4223,2020-03-14 16:00:00,87.12397,16.997360000000015,3.0946388095617294
4224,2020-03-14 17:00:00,87.12195,16.96051,2.809502825140953
4225,2020-03-14 18:00:00,87.12014,16.91891000000001,2.733273684978485
4226,2020-03-14 19:00:00,87.11862,16.870260000000002,2.7049828469753265
4227,2020-03-14 20:00:00,87.11714,16.81729999999999,2.6817438900470734
4228,2020-03-14 21:00:00,87.11578,16.767320000000012,2.4427637457847595
4229,2020-03-14 22:00:00,87.11431,16.715370000000007,2.2255456894636154
4230,2020-03-14 23:00:00,87.11279,16.65692999999999,2.028207391500473
4231,2020-03-15 00:00:00,87.11123,16.594210000000004,2.81408628821373
4232,2020-03-15 01:00:00,87.10935,16.52662000000001,2.5463197827339172
4233,2020-03-15 02:00:00,87.1072,16.45616000000001,2.0581207871437073
4234,2020-03-15 03:00:00,87.10497,16.38614000000001,1.0951424539089203
4235,2020-03-15 04:00:00,87.10234,16.316750000000013,1.749974101781845
4236,2020-03-15 05:00:00,87.09948,16.250959999999992,2.03907074034214
4237,2020-03-15 06:00:00,87.09631,16.181730000000016,2.7026573717594147
4238,2020-03-15 07:00:00,87.09236,16.086160000000007,4.454640284180641
4239,2020-03-15 08:00:00,87.08733,15.944439999999986,7.647962331771851
4240,2020-03-15 09:00:00,87.08201,15.785770000000014,10.507519453763962
4241,2020-03-15 10:00:00,87.07658,15.61882,11.947541117668152
4242,2020-03-15 11:00:00,87.07109,15.442409999999995,12.674152374267578
4243,2020-03-15 12:00:00,87.06543,15.258479999999992,12.991470113396645
4244,2020-03-15 13:00:00,87.05955,15.073610000000002,13.160038694739342
4245,2020-03-15 14:00:00,87.05372,14.885789999999986,13.247762560844421
4246,2020-03-15 15:00:00,87.04788,14.703869999999995,13.33684766292572
4247,2020-03-15 16:00:00,87.04202,14.538090000000011,13.452072411775589
4248,2020-03-15 17:00:00,87.03582,14.391940000000005,13.480896323919296
4249,2020-03-15 18:00:00,87.02918,14.272140000000007,13.496528297662735
4250,2020-03-15 19:00:00,87.02188,14.163970000000006,13.225684702396393
4251,2020-03-15 20:00:00,87.01412,14.056010000000015,13.00313587486744
4252,2020-03-15 21:00:00,87.00595,13.946339999999992,13.03146630525589
4253,2020-03-15 22:00:00,86.99787,13.829170000000005,12.43842026591301
4254,2020-03-15 23:00:00,86.98971,13.704419999999999,12.274543642997742
4255,2020-03-16 00:00:00,86.98177,13.584059999999994,12.030886068940163
4256,2020-03-16 01:00:00,86.97409,13.473209999999995,11.849930062890053
4257,2020-03-16 02:00:00,86.96674,13.371139999999997,11.489471316337585
4258,2020-03-16 03:00:00,86.95972,13.284609999999986,11.295818284153938
4259,2020-03-16 04:00:00,86.95297,13.206029999999998,11.152356669306755
4260,2020-03-16 05:00:00,86.946,13.147459999999995,10.914078012108803
4261,2020-03-16 06:00:00,86.93885,13.102260000000001,10.531382113695145
4262,2020-03-16 07:00:00,86.93159,13.061199999999985,10.320756763219833
4263,2020-03-16 08:00:00,86.92422,13.020550000000014,10.17123930156231
4264,2020-03-16 09:00:00,86.91675,12.978839999999991,10.115928962826729
4265,2020-03-16 10:00:00,86.90933,12.935129999999987,10.167187795042992
4266,2020-03-16 11:00:00,86.90208,12.889119999999991,10.167932540178299
4267,2020-03-16 12:00:00,86.89523,12.842399999999998,10.306558445096016
4268,2020-03-16 13:00:00,86.88869,12.794330000000002,10.363847404718399
4269,2020-03-16 14:00:00,86.88267,12.75182000000001,10.149048864841461
4270,2020-03-16 15:00:00,86.8765,12.715699999999998,9.79981081187725
4271,2020-03-16 16:00:00,86.87056,12.686859999999996,9.722752422094345
4272,2020-03-16 17:00:00,86.86485,12.66606999999999,9.625136241316795
4273,2020-03-16 18:00:00,86.85927,12.653120000000001,9.337795048952103
4274,2020-03-16 19:00:00,86.85379,12.64264,9.34615983068943
4275,2020-03-16 20:00:00,86.84839,12.63302999999999,9.23514710366726
4276,2020-03-16 21:00:00,86.84315,12.620170000000002,9.293297499418259
4277,2020-03-16 22:00:00,86.83799,12.601969999999994,9.046900779008865
4278,2020-03-16 23:00:00,86.83289,12.57956999999999,9.088966608047485
4279,2020-03-17 00:00:00,86.8279,12.552359999999993,8.977252751588821
4280,2020-03-17 01:00:00,86.82306,12.521719999999988,8.604226902127266
4281,2020-03-17 02:00:00,86.81853,12.490710000000007,8.196585327386856
4282,2020-03-17 03:00:00,86.81444,12.462619999999987,7.856812134385109
4283,2020-03-17 04:00:00,86.81067,12.439420000000013,7.611606597900391
4284,2020-03-17 05:00:00,86.80701,12.420909999999992,7.3328185975551605
4285,2020-03-17 06:00:00,86.80343,12.407049999999998,7.000040635466576
4286,2020-03-17 07:00:00,86.79979,12.396620000000013,6.66836516559124
4287,2020-03-17 08:00:00,86.79599,12.385780000000011,6.301220148801804
4288,2020-03-17 09:00:00,86.79213,12.372950000000003,5.967116683721542
4289,2020-03-17 10:00:00,86.78822,12.357319999999987,5.599161580204964
4290,2020-03-17 11:00:00,86.78427,12.336990000000014,5.273942291736603
4291,2020-03-17 12:00:00,86.7803,12.31205,5.006328821182251
4292,2020-03-17 13:00:00,86.77641,12.28524999999999,4.837296396493912
4293,2020-03-17 14:00:00,86.77274,12.258160000000004,4.800842523574829
4294,2020-03-17 15:00:00,86.76938,12.235379999999992,4.670267552137375
4295,2020-03-17 16:00:00,86.76623,12.2192,4.490787386894226
4296,2020-03-17 17:00:00,86.7631,12.208130000000011,4.356441780924797
4297,2020-03-17 18:00:00,86.75976,12.200320000000005,4.229372009634972
4298,2020-03-17 19:00:00,86.75614,12.195400000000006,4.250253155827522
4299,2020-03-17 20:00:00,86.75222,12.190850000000012,4.345999479293823
4300,2020-03-17 21:00:00,86.74823,12.184750000000008,4.42084014415741
4301,2020-03-17 22:00:00,86.74419,12.176590000000004,4.5815631449222565
4302,2020-03-17 23:00:00,86.74017,12.165590000000009,4.643880099058151
4303,2020-03-18 00:00:00,86.73615,12.153739999999999,4.723560675978661
4304,2020-03-18 01:00:00,86.7322,12.142410000000012,4.5504875630140305
4305,2020-03-18 02:00:00,86.72834,12.129940000000005,4.574924170970917
4306,2020-03-18 03:00:00,86.72469,12.11963,4.5168468952178955
4307,2020-03-18 04:00:00,86.72108,12.113529999999997,4.475435882806778
4308,2020-03-18 05:00:00,86.71745,12.112020000000001,4.564926490187645
4309,2020-03-18 06:00:00,86.71374,12.11314999999999,4.555499002337456
4310,2020-03-18 07:00:00,86.70986,12.117860000000007,4.440922886133194
4311,2020-03-18 08:00:00,86.70577,12.12424999999999,4.34691821038723
4312,2020-03-18 09:00:00,86.70167,12.130449999999996,4.469570368528366
4313,2020-03-18 10:00:00,86.69755,12.135179999999991,4.619323119521141
4314,2020-03-18 11:00:00,86.69351,12.137220000000013,4.587977170944214
4315,2020-03-18 12:00:00,86.68959,12.135619999999989,4.501077115535736
4316,2020-03-18 13:00:00,86.68574,12.131740000000008,4.573974132537842
4317,2020-03-18 14:00:00,86.68197,12.127960000000002,4.5768585205078125
4318,2020-03-18 15:00:00,86.67829,12.124650000000003,4.575824871659279
4319,2020-03-18 16:00:00,86.67463,12.120499999999993,4.851194992661476
4320,2020-03-18 17:00:00,86.67073,12.122129999999999,5.358418181538582
4321,2020-03-18 18:00:00,86.66654,12.130210000000005,6.058900356292725
4322,2020-03-18 19:00:00,86.66169,12.148660000000007,6.61700601875782
4323,2020-03-18 20:00:00,86.65628,12.177729999999997,7.122657269239426
4324,2020-03-18 21:00:00,86.65063,12.213609999999989,7.531638532876968
4325,2020-03-18 22:00:00,86.64474,12.253539999999987,7.93720842897892
4326,2020-03-18 23:00:00,86.63872,12.296279999999996,8.438208520412445
4327,2020-03-19 00:00:00,86.63264,12.346329999999995,8.95235612988472
4328,2020-03-19 01:00:00,86.62632,12.412489999999991,9.578525930643082
4329,2020-03-19 02:00:00,86.61963,12.488550000000004,10.48031160235405
4330,2020-03-19 03:00:00,86.61268,12.57566,11.211073905229568
4331,2020-03-19 04:00:00,86.60559,12.66615999999999,11.810425743460655
4332,2020-03-19 05:00:00,86.59769,12.760199999999998,12.084926649928093
4333,2020-03-19 06:00:00,86.58957,12.851740000000007,12.141537979245186
4334,2020-03-19 07:00:00,86.58129,12.938970000000012,12.304004475474358
4335,2020-03-19 08:00:00,86.57287,13.021019999999993,12.379656061530113
4336,2020-03-19 09:00:00,86.56431,13.098770000000002,12.463527232408524
4337,2020-03-19 10:00:00,86.55585,13.17170999999999,12.725823000073433
4338,2020-03-19 11:00:00,86.54734,13.242739999999998,12.724595129489899
4339,2020-03-19 12:00:00,86.53866,13.31232,12.545507058501244
4340,2020-03-19 13:00:00,86.52969,13.384299999999996,12.301350235939026
4341,2020-03-19 14:00:00,86.5205,13.461610000000007,11.844893664121628
4342,2020-03-19 15:00:00,86.51117,13.54500999999999,11.518014088273048
4343,2020-03-19 16:00:00,86.50162,13.631609999999995,11.399232298135757
4344,2020-03-19 17:00:00,86.49195,13.71987999999999,11.459152936935425
4345,2020-03-19 18:00:00,86.4821,13.808230000000009,11.895658656954765
4346,2020-03-19 19:00:00,86.47212,13.893540000000002,12.62415261566639
4347,2020-03-19 20:00:00,86.46212,13.975689999999986,13.009162530303001
4348,2020-03-19 21:00:00,86.4524,14.057289999999995,12.822691157460213
4349,2020-03-19 22:00:00,86.44291,14.13667000000001,12.041205048561096
4350,2020-03-19 23:00:00,86.43367,14.210180000000008,13.169286966323853
4351,2020-03-20 00:00:00,86.42465,14.278109999999998,13.478488951921463
4352,2020-03-20 01:00:00,86.41587,14.344400000000007,12.922974526882172
4353,2020-03-20 02:00:00,86.40735,14.409780000000012,12.535680130124092
4354,2020-03-20 03:00:00,86.39899,14.47238999999999,12.049757152795792
4355,2020-03-20 04:00:00,86.39061,14.5308,11.601455003023148
4356,2020-03-20 05:00:00,86.38206,14.582740000000001,11.216299995779991
4357,2020-03-20 06:00:00,86.37359,14.628410000000002,10.784084796905518
4358,2020-03-20 07:00:00,86.36539,14.670469999999995,10.587558463215828
4359,2020-03-20 08:00:00,86.35751,14.707979999999992,10.387077495455742
4360,2020-03-20 09:00:00,86.34992,14.73827,10.090517401695251
4361,2020-03-20 10:00:00,86.34264,14.762889999999999,9.655385553836823
4362,2020-03-20 11:00:00,86.33583,14.780339999999995,9.149565249681473
4363,2020-03-20 12:00:00,86.32966,14.791730000000001,8.57330022752285
4364,2020-03-20 13:00:00,86.32429,14.799869999999999,8.115759208798409
4365,2020-03-20 14:00:00,86.31944,14.80789999999999,7.794862687587738
4366,2020-03-20 15:00:00,86.31488,14.81674000000001,7.61378812789917
4367,2020-03-20 16:00:00,86.31066,14.825029999999998,7.50769978761673
4368,2020-03-20 17:00:00,86.3064,14.836839999999995,7.2410039603710175
4369,2020-03-20 18:00:00,86.30203,14.852550000000008,6.771274656057358
4370,2020-03-20 19:00:00,86.29771,14.871640000000014,6.476296812295914
4371,2020-03-20 20:00:00,86.29338,14.893370000000004,6.140918806195259
4372,2020-03-20 21:00:00,86.28916,14.915320000000008,5.877417549490929
4373,2020-03-20 22:00:00,86.28541,14.949849999999998,5.6591280698776245
4374,2020-03-20 23:00:00,86.28175,14.973839999999996,5.506631225347519
4375,2020-03-21 00:00:00,86.27881,14.995900000000006,5.416782200336456
4376,2020-03-21 01:00:00,86.27641,15.017950000000013,5.13850049674511
4377,2020-03-21 02:00:00,86.27451,15.037779999999998,5.098128765821457
4378,2020-03-21 03:00:00,86.27283,15.055790000000002,5.317786559462547
4379,2020-03-21 04:00:00,86.27103,15.07489000000001,5.3416231870651245
4380,2020-03-21 05:00:00,86.26924,15.09738999999999,5.189607128500938
4381,2020-03-21 06:00:00,86.26729,15.119789999999995,5.244277656078339
4382,2020-03-21 07:00:00,86.26518,15.141340000000014,5.444461569190025
4383,2020-03-21 08:00:00,86.26297,15.161159999999995,5.701318606734276
4384,2020-03-21 09:00:00,86.26114,15.185810000000004,5.786103799939156
4385,2020-03-21 10:00:00,86.25952,15.210250000000002,5.767099857330322
4386,2020-03-21 11:00:00,86.25795,15.232049999999987,5.802277907729149
4387,2020-03-21 12:00:00,86.25653,15.253150000000005,5.758866369724274
4388,2020-03-21 13:00:00,86.25534,15.27709999999999,5.841086104512215
4389,2020-03-21 14:00:00,86.25427,15.30279999999999,5.845418497920036
4390,2020-03-21 15:00:00,86.25308,15.330420000000004,5.729528918862343
4391,2020-03-21 16:00:00,86.25167,15.357889999999998,5.606062173843384
4392,2020-03-21 17:00:00,86.25001,15.384680000000003,5.440375000238419
4393,2020-03-21 18:00:00,86.24823,15.410059999999987,5.577191323041916
4394,2020-03-21 19:00:00,86.24638,15.434850000000012,5.538029730319977
4395,2020-03-21 20:00:00,86.24455,15.458390000000009,5.2533053904771805
4396,2020-03-21 21:00:00,86.2428,15.480619999999988,5.1055848598480225
4397,2020-03-21 22:00:00,86.24114,15.503039999999999,5.363484963774681
4398,2020-03-21 23:00:00,86.23962,15.524879999999996,5.187762200832367
4399,2020-03-22 00:00:00,86.23823,15.545770000000005,5.303404346108437
4400,2020-03-22 01:00:00,86.23691,15.565570000000008,5.480422273278236
4401,2020-03-22 02:00:00,86.23566,15.584980000000002,5.28283953666687
4402,2020-03-22 03:00:00,86.23451,15.604070000000007,4.919288456439972
4403,2020-03-22 04:00:00,86.23348,15.62333000000001,4.738875895738602
4404,2020-03-22 05:00:00,86.23256,15.64282,4.819138824939728
4405,2020-03-22 06:00:00,86.23154,15.658230000000003,5.057512059807777
4406,2020-03-22 07:00:00,86.23052,15.671729999999997,5.175338506698608
4407,2020-03-22 08:00:00,86.22958,15.683390000000003,5.110642448067665
4408,2020-03-22 09:00:00,86.22873,15.693489999999997,4.855065271258354
4409,2020-03-22 10:00:00,86.22804,15.70344,4.655914142727852
4410,2020-03-22 11:00:00,86.22747,15.71332000000001,4.391787484288216
4411,2020-03-22 12:00:00,86.227,15.723369999999989,4.180168658494949
4412,2020-03-22 13:00:00,86.22661,15.734579999999994,4.252159893512726
4413,2020-03-22 14:00:00,86.22628,15.747340000000008,4.300741419196129
4414,2020-03-22 15:00:00,86.22597,15.760539999999992,3.938561588525772
4415,2020-03-22 16:00:00,86.22566,15.775990000000007,3.586628645658493
4416,2020-03-22 17:00:00,86.22527,15.79167000000001,3.7866877615451813
4417,2020-03-22 18:00:00,86.22492,15.803329999999988,3.7511019706726074
4418,2020-03-22 19:00:00,86.22448,15.813080000000014,3.1566750407218933
4419,2020-03-22 20:00:00,86.22387,15.820490000000007,3.23703333735466
4420,2020-03-22 21:00:00,86.2232,15.826099999999997,3.134583443403244
4421,2020-03-22 22:00:00,86.22245,15.82811000000001,2.7257875353097916
4422,2020-03-22 23:00:00,86.22151,15.830129999999997,2.512629896402359
4423,2020-03-23 00:00:00,86.22061,15.831420000000008,1.9900973588228226
4424,2020-03-23 01:00:00,86.2198,15.830330000000004,1.463688775897026
4425,2020-03-23 02:00:00,86.21906,15.82811000000001,1.3986280411481857
4426,2020-03-23 03:00:00,86.21832,15.826519999999988,1.4171512722969055
4427,2020-03-23 04:00:00,86.21755,15.826120000000003,1.2511427700519562
4428,2020-03-23 05:00:00,86.21662,15.82408000000001,1.0815370678901672
4429,2020-03-23 06:00:00,86.21595,15.817000000000007,1.4176692217588425
4430,2020-03-23 07:00:00,86.21514,15.81774999999999,1.403255544602871
4431,2020-03-23 08:00:00,86.21426,15.815709999999996,1.0786263942718506
4432,2020-03-23 09:00:00,86.21342,15.812600000000003,0.9460225850343704
4433,2020-03-23 10:00:00,86.21259,15.81271000000001,1.520366594195366
4434,2020-03-23 11:00:00,86.21178,15.812260000000009,1.7935972064733505
4435,2020-03-23 12:00:00,86.21111,15.80968999999999,1.9482822865247726
4436,2020-03-23 13:00:00,86.21051,15.808339999999987,1.933131754398346
4437,2020-03-23 14:00:00,86.21,15.807469999999995,1.7588389217853546
4438,2020-03-23 15:00:00,86.20953,15.80417,1.7262330800294876
4439,2020-03-23 16:00:00,86.20904,15.801119999999997,2.2280539870262146
4440,2020-03-23 17:00:00,86.2085,15.798169999999999,2.3888975232839584
4441,2020-03-23 18:00:00,86.20778,15.79222999999999,2.0382108986377716
4442,2020-03-23 19:00:00,86.20696,15.78540000000001,2.1597442626953125
4443,2020-03-23 20:00:00,86.20599,15.774850000000015,2.6629346907138824
4444,2020-03-23 21:00:00,86.20501,15.76316,2.5137285590171814
4445,2020-03-23 22:00:00,86.20409,15.750100000000003,2.160400405526161
4446,2020-03-23 23:00:00,86.20322,15.737940000000009,2.076965808868408
4447,2020-03-24 00:00:00,86.20236,15.727039999999988,2.1707569360733032
4448,2020-03-24 01:00:00,86.20156,15.718500000000006,2.290203645825386
4449,2020-03-24 02:00:00,86.20089,15.711510000000004,2.2939943373203278
4450,2020-03-24 03:00:00,86.20022,15.705849999999998,2.5900227427482605
4451,2020-03-24 04:00:00,86.19952,15.698399999999992,2.971260279417038
4452,2020-03-24 05:00:00,86.19873,15.690319999999986,3.3950332701206207
4453,2020-03-24 06:00:00,86.19799,15.679360000000003,3.7355769723653793
4454,2020-03-24 07:00:00,86.19725,15.66601,3.9919289350509644
4455,2020-03-24 08:00:00,86.19655,15.646569999999997,4.101785495877266
4456,2020-03-24 09:00:00,86.19549,15.624059999999986,4.092059105634689
4457,2020-03-24 10:00:00,86.19436,15.598990000000015,4.372045710682869
4458,2020-03-24 11:00:00,86.19306,15.57274000000001,4.802189886569977
4459,2020-03-24 12:00:00,86.19169,15.540500000000009,4.963510483503342
4460,2020-03-24 13:00:00,86.19049,15.503170000000011,5.089588686823845
4461,2020-03-24 14:00:00,86.18937,15.467430000000007,5.332861945033073
4462,2020-03-24 15:00:00,86.1881,15.428079999999994,5.538813874125481
4463,2020-03-24 16:00:00,86.18644,15.389499999999998,5.921278208494186
4464,2020-03-24 17:00:00,86.18435,15.347080000000005,6.348373219370842
4465,2020-03-24 18:00:00,86.18203,15.30098000000001,6.810517311096191
4466,2020-03-24 19:00:00,86.17966,15.251769999999993,7.353712677955627
4467,2020-03-24 20:00:00,86.17686,15.200510000000008,7.708645343780518
4468,2020-03-24 21:00:00,86.17371,15.13864000000001,7.836732029914856
4469,2020-03-24 22:00:00,86.1702,15.071930000000009,8.015050664544106
4470,2020-03-24 23:00:00,86.16624,15.00242,8.437179863452911
4471,2020-03-25 00:00:00,86.16222,14.928930000000008,8.397868737578392
4472,2020-03-25 01:00:00,86.15833,14.855310000000003,8.655072063207626
4473,2020-03-25 02:00:00,86.15444,14.780280000000005,8.954026967287064
4474,2020-03-25 03:00:00,86.1503,14.70702,9.206313163042068
4475,2020-03-25 04:00:00,86.14629,14.627880000000005,9.32671931385994
4476,2020-03-25 05:00:00,86.14219,14.545860000000005,9.382750406861305
4477,2020-03-25 06:00:00,86.13787,14.459609999999998,9.44776926934719
4478,2020-03-25 07:00:00,86.13346,14.374799999999993,9.608921006321907
4479,2020-03-25 08:00:00,86.12911,14.28533999999999,9.77415981888771
4480,2020-03-25 09:00:00,86.12474,14.196120000000008,9.90745024383068
4481,2020-03-25 10:00:00,86.12022,14.108270000000005,9.787370055913925
4482,2020-03-25 11:00:00,86.11579,14.019569999999987,9.523773118853569
4483,2020-03-25 12:00:00,86.11141,13.934179999999998,9.423232913017273
4484,2020-03-25 13:00:00,86.10711,13.855240000000009,9.454897105693817
4485,2020-03-25 14:00:00,86.1028,13.784199999999998,9.492749243974686
4486,2020-03-25 15:00:00,86.09835,13.72108,9.131080105900764
4487,2020-03-25 16:00:00,86.09386,13.660889999999995,8.915401592850685
4488,2020-03-25 17:00:00,86.08945,13.606120000000004,8.848866581916809
4489,2020-03-25 18:00:00,86.08512,13.554069999999996,8.8432078063488
4490,2020-03-25 19:00:00,86.0807,13.502559999999988,8.629849314689636
4491,2020-03-25 20:00:00,86.0761,13.454059999999998,8.353522151708603
4492,2020-03-25 21:00:00,86.07138,13.40934999999999,8.043546006083488
4493,2020-03-25 22:00:00,86.06669,13.366710000000012,7.890111535787582
4494,2020-03-25 23:00:00,86.06202,13.327589999999987,7.896507233381271
4495,2020-03-26 00:00:00,86.05731,13.29301000000001,7.845607593655586
4496,2020-03-26 01:00:00,86.05265,13.262850000000014,7.741566494107246
4497,2020-03-26 02:00:00,86.04818,13.236950000000007,7.657767593860626
4498,2020-03-26 03:00:00,86.04372,13.214619999999996,7.6629533767700195
4499,2020-03-26 04:00:00,86.03929,13.194369999999992,7.762762278318405
4500,2020-03-26 05:00:00,86.03482,13.175870000000003,7.695124089717865
4501,2020-03-26 06:00:00,86.03024,13.157669999999996,7.5795193910598755
4502,2020-03-26 07:00:00,86.02533,13.141490000000005,7.51013457775116
4503,2020-03-26 08:00:00,86.02022,13.12666999999999,7.595271706581116
4504,2020-03-26 09:00:00,86.01499,13.114689999999996,7.674661710858345
4505,2020-03-26 10:00:00,86.00958,13.103270000000009,7.720555275678635
4506,2020-03-26 11:00:00,86.00404,13.094060000000013,7.854982674121857
4507,2020-03-26 12:00:00,85.99838,13.088429999999988,8.029397740960121
4508,2020-03-26 13:00:00,85.99278,13.086659999999995,8.2784358933568
4509,2020-03-26 14:00:00,85.98721,13.086569999999995,8.469266533851624
4510,2020-03-26 15:00:00,85.98158,13.089079999999996,8.553099945187569
4511,2020-03-26 16:00:00,85.97576,13.093169999999986,8.662928879261017
4512,2020-03-26 17:00:00,85.96996,13.098479999999995,8.737672165036201
4513,2020-03-26 18:00:00,85.96417,13.104629999999986,8.75807797908783
4514,2020-03-26 19:00:00,85.95817,13.111019999999996,8.88973918557167
4515,2020-03-26 20:00:00,85.95192,13.1173,9.01859137415886
4516,2020-03-26 21:00:00,85.94543,13.12539000000001,9.133050113916397
4517,2020-03-26 22:00:00,85.93853,13.136230000000012,9.247135758399963
4518,2020-03-26 23:00:00,85.93128,13.146979999999985,9.372780472040176
4519,2020-03-27 00:00:00,85.92384,13.15952999999999,9.027703166007996
4520,2020-03-27 01:00:00,85.91633,13.172120000000007,8.624745517969131
4521,2020-03-27 02:00:00,85.90893,13.18477999999999,8.544474691152573
4522,2020-03-27 03:00:00,85.90175,13.198430000000002,8.179789364337921
4523,2020-03-27 04:00:00,85.89463,13.212940000000003,8.056919261813164
4524,2020-03-27 05:00:00,85.88788,13.228800000000007,7.89695742726326
4525,2020-03-27 06:00:00,85.88134,13.248340000000013,7.853961527347565
4526,2020-03-27 07:00:00,85.87449,13.271960000000007,7.748835816979408
4527,2020-03-27 08:00:00,85.86702,13.29874000000001,7.8866296261549
4528,2020-03-27 09:00:00,85.85881,13.325510000000008,8.003545343875885
4529,2020-03-27 10:00:00,85.84981,13.347849999999994,7.904622301459312
4530,2020-03-27 11:00:00,85.84022,13.36515,7.89742411673069
4531,2020-03-27 12:00:00,85.83021,13.378350000000012,7.586406201124191
4532,2020-03-27 13:00:00,85.82006,13.388329999999996,7.4155140072107315
4533,2020-03-27 14:00:00,85.80994,13.396780000000007,7.225489497184753
4534,2020-03-27 15:00:00,85.79982,13.406360000000006,7.515265241265297
4535,2020-03-27 16:00:00,85.78973,13.420410000000004,7.809465438127518
4536,2020-03-27 17:00:00,85.77935,13.434969999999993,8.019090175628662
4537,2020-03-27 18:00:00,85.76865,13.448139999999995,8.318030893802643
4538,2020-03-27 19:00:00,85.75777,13.458370000000002,8.706115007400513
4539,2020-03-27 20:00:00,85.74697,13.463770000000011,9.051881402730942
4540,2020-03-27 21:00:00,85.73602,13.464619999999996,9.320603340864182
4541,2020-03-27 22:00:00,85.72488,13.460489999999993,9.487900480628014
4542,2020-03-27 23:00:00,85.71374,13.455029999999994,9.577888771891594
4543,2020-03-28 00:00:00,85.70282,13.44713999999999,9.866945207118988
4544,2020-03-28 01:00:00,85.69226,13.437299999999993,9.707380965352058
4545,2020-03-28 02:00:00,85.68252,13.42949999999999,9.67190833389759
4546,2020-03-28 03:00:00,85.67346,13.420950000000005,9.629507094621658
4547,2020-03-28 04:00:00,85.66483,13.411310000000014,9.807033702731133
4548,2020-03-28 05:00:00,85.65597,13.398169999999993,9.698284238576889
4549,2020-03-28 06:00:00,85.6471,13.381920000000008,8.979078322649002
4550,2020-03-28 07:00:00,85.63796,13.364229999999992,9.206839054822922
4551,2020-03-28 08:00:00,85.62858,13.346299999999985,9.39204914867878
4552,2020-03-28 09:00:00,85.61911,13.325819999999993,9.46025064587593
4553,2020-03-28 10:00:00,85.60952,13.303660000000008,9.451994895935059
4554,2020-03-28 11:00:00,85.59972,13.280930000000012,9.372000575065613
4555,2020-03-28 12:00:00,85.59021,13.259019999999992,9.285436823964119
4556,2020-03-28 13:00:00,85.58118,13.240000000000009,8.961688622832298
4557,2020-03-28 14:00:00,85.57245,13.227069999999998,8.860071048140526
4558,2020-03-28 15:00:00,85.56413,13.221120000000013,8.725488841533661
4559,2020-03-28 16:00:00,85.55635,13.221859999999992,8.673911601305008
4560,2020-03-28 17:00:00,85.54883,13.224770000000007,8.597103327512741
4561,2020-03-28 18:00:00,85.54146,13.228460000000013,8.392578393220901
4562,2020-03-28 19:00:00,85.53415,13.231210000000004,8.134904652833939
4563,2020-03-28 20:00:00,85.52673,13.231989999999996,8.12753215432167
4564,2020-03-28 21:00:00,85.51909,13.23311000000001,7.959090501070023
4565,2020-03-28 22:00:00,85.51147,13.233910000000009,8.167911693453789
4566,2020-03-28 23:00:00,85.50408,13.23218,8.595527157187462
4567,2020-03-29 00:00:00,85.4971,13.23160999999999,8.64331516623497
4568,2020-03-29 01:00:00,85.49042,13.231009999999998,8.555752962827682
4569,2020-03-29 02:00:00,85.48395,13.22994,8.593232363462448
4570,2020-03-29 03:00:00,85.47781,13.231249999999989,8.683086931705475
4571,2020-03-29 04:00:00,85.47167,13.23463000000001,8.536922127008438
4572,2020-03-29 05:00:00,85.4654,13.236060000000009,8.472611457109451
4573,2020-03-29 06:00:00,85.45924,13.239900000000006,8.37190143764019
4574,2020-03-29 07:00:00,85.45327,13.239540000000005,8.430926322937012
4575,2020-03-29 08:00:00,85.44736,13.23599999999999,8.35241149365902
4576,2020-03-29 09:00:00,85.44165,13.229019999999991,8.244788154959679
4577,2020-03-29 10:00:00,85.43608,13.22086999999999,7.97284509241581
4578,2020-03-29 11:00:00,85.43063,13.216049999999996,7.683488428592682
4579,2020-03-29 12:00:00,85.42513,13.20850999999999,7.612795054912567
4580,2020-03-29 13:00:00,85.41971,13.202049999999986,7.505816265940666
4581,2020-03-29 14:00:00,85.41454,13.195130000000006,7.685995936393738
4582,2020-03-29 15:00:00,85.40985,13.188369999999992,7.500436246395111
4583,2020-03-29 16:00:00,85.40566,13.184380000000004,7.377629488706589
4584,2020-03-29 17:00:00,85.40169,13.178449999999998,7.38695602118969
4585,2020-03-29 18:00:00,85.39776,13.173059999999992,7.359478205442429
4586,2020-03-29 19:00:00,85.39442,13.170150000000007,7.1587178111076355
4587,2020-03-29 20:00:00,85.39151,13.167640000000006,6.733688622713089
4588,2020-03-29 21:00:00,85.38905,13.165340000000015,6.424077063798904
4589,2020-03-29 22:00:00,85.38705,13.16243,6.231261789798737
4590,2020-03-29 23:00:00,85.38541,13.161059999999992,6.078930526971817
4591,2020-03-30 00:00:00,85.38411,13.160020000000003,5.820842653512955
4592,2020-03-30 01:00:00,85.38287,13.159359999999992,5.565207585692406
4593,2020-03-30 02:00:00,85.38162,13.15961999999999,5.290401637554169
4594,2020-03-30 03:00:00,85.38065,13.159539999999993,5.022608712315559
4595,2020-03-30 04:00:00,85.38014,13.16049000000001,5.146172925829887
4596,2020-03-30 05:00:00,85.37962,13.163630000000012,5.099802747368813
4597,2020-03-30 06:00:00,85.37933,13.167239999999993,4.931944370269775
4598,2020-03-30 07:00:00,85.37905,13.171629999999993,4.8805046528577805
4599,2020-03-30 08:00:00,85.37869,13.17625000000001,5.021565288305283
4600,2020-03-30 09:00:00,85.37816,13.183320000000009,5.05571486055851
4601,2020-03-30 10:00:00,85.37751,13.190709999999996,5.08637161552906
4602,2020-03-30 11:00:00,85.37677,13.19908000000001,5.258451372385025
4603,2020-03-30 12:00:00,85.37579,13.207120000000003,5.488282948732376
4604,2020-03-30 13:00:00,85.37482,13.217719999999986,5.641785621643066
4605,2020-03-30 14:00:00,85.37391,13.232169999999996,5.921081572771072
4606,2020-03-30 15:00:00,85.37274,13.248400000000004,6.3488942831754684
4607,2020-03-30 16:00:00,85.37125,13.269020000000012,6.656819388270378
4608,2020-03-30 17:00:00,85.36987,13.290269999999992,6.9355109333992
4609,2020-03-30 18:00:00,85.36848,13.314210000000003,7.150407031178474
4610,2020-03-30 19:00:00,85.36674,13.340219999999988,7.390364021062851
4611,2020-03-30 20:00:00,85.36484,13.366960000000006,7.68600669503212
4612,2020-03-30 21:00:00,85.36231,13.392750000000007,7.978279605507851
4613,2020-03-30 22:00:00,85.3591,13.41622000000001,8.19158673286438
4614,2020-03-30 23:00:00,85.35586,13.440480000000008,8.471405670046806
4615,2020-03-31 00:00:00,85.35236,13.470120000000009,8.152731984853745
4616,2020-03-31 01:00:00,85.34872,13.501839999999987,8.419914066791534
4617,2020-03-31 02:00:00,85.34487,13.537319999999994,8.167962834239006
4618,2020-03-31 03:00:00,85.3409,13.576989999999995,8.098534673452377
4619,2020-03-31 04:00:00,85.33676,13.617220000000003,8.213955283164978
4620,2020-03-31 05:00:00,85.33277,13.65970999999999,8.340698942542076
4621,2020-03-31 06:00:00,85.32887,13.709229999999991,8.204807937145233
4622,2020-03-31 07:00:00,85.32475,13.764250000000004,8.700247034430504
4623,2020-03-31 08:00:00,85.32037,13.821550000000002,9.00723098218441
4624,2020-03-31 09:00:00,85.31556,13.88203999999999,9.109513983130455
4625,2020-03-31 10:00:00,85.31005,13.942000000000007,9.368699699640274
4626,2020-03-31 11:00:00,85.30379,13.999439999999993,10.129521012306213
4627,2020-03-31 12:00:00,85.29713,14.05868000000001,11.04987969994545
4628,2020-03-31 13:00:00,85.28979,14.117379999999997,11.720283314585686
4629,2020-03-31 14:00:00,85.2825,14.177930000000003,12.163005858659744
4630,2020-03-31 15:00:00,85.27538,14.239560000000012,12.358810424804688
4631,2020-03-31 16:00:00,85.26839,14.30435,12.48657475411892
4632,2020-03-31 17:00:00,85.26135,14.373449999999991,12.670499429106712
4633,2020-03-31 18:00:00,85.25444,14.446179999999998,12.954417914152145
4634,2020-03-31 19:00:00,85.24759,14.523989999999998,13.324950471520424
4635,2020-03-31 20:00:00,85.23999,14.606220000000008,13.813828691840172
4636,2020-03-31 21:00:00,85.23244,14.692129999999992,14.065560773015022
4637,2020-03-31 22:00:00,85.22458,14.780489999999986,14.16323235630989
4638,2020-03-31 23:00:00,85.21642,14.867520000000013,13.788409247994423
4639,2020-04-01 00:00:00,85.20805,14.949600000000004,12.539164289832115
4640,2020-04-01 01:00:00,85.1997,15.025380000000013,12.050680086016655
4641,2020-04-01 02:00:00,85.19145,15.093950000000007,13.404049083590508
4642,2020-04-01 03:00:00,85.1834,15.15888000000001,13.140886008739471
4643,2020-04-01 04:00:00,85.17554,15.221710000000002,12.223063260316849
4644,2020-04-01 05:00:00,85.16788,15.28125,11.583244249224663
4645,2020-04-01 06:00:00,85.16031,15.33626000000001,11.428505718708038
4646,2020-04-01 07:00:00,85.15281,15.384029999999996,11.486344933509827
4647,2020-04-01 08:00:00,85.14521,15.425099999999986,11.70398062467575
4648,2020-04-01 09:00:00,85.13759,15.460029999999989,11.831202670931816
4649,2020-04-01 10:00:00,85.1297,15.486369999999994,11.893688067793846
4650,2020-04-01 11:00:00,85.12158,15.50542999999999,11.814042165875435
4651,2020-04-01 12:00:00,85.11309,15.51760999999999,11.783477082848549
4652,2020-04-01 13:00:00,85.10444,15.52333999999999,11.607839941978455
4653,2020-04-01 14:00:00,85.09597,15.52519000000001,11.280813336372375
4654,2020-04-01 15:00:00,85.0881,15.522369999999995,10.912641793489456
4655,2020-04-01 16:00:00,85.08092,15.518930000000012,10.736835151910782
4656,2020-04-01 17:00:00,85.0743,15.516850000000005,10.69697941839695
4657,2020-04-01 18:00:00,85.06796,15.514029999999991,10.683885008096695
4658,2020-04-01 19:00:00,85.0619,15.510699999999986,10.748112678527832
4659,2020-04-01 20:00:00,85.05622,15.511799999999994,11.077028691768646
4660,2020-04-01 21:00:00,85.05058,15.511349999999993,11.584700405597687
4661,2020-04-01 22:00:00,85.04439,15.503800000000012,11.685963749885559
4662,2020-04-01 23:00:00,85.03741,15.484919999999988,11.124699607491493
4663,2020-04-02 00:00:00,85.03013,15.453059999999994,10.623187869787216
4664,2020-04-02 01:00:00,85.02292,15.415230000000008,10.441719383001328
4665,2020-04-02 02:00:00,85.01589,15.37369000000001,10.538313388824463
4666,2020-04-02 03:00:00,85.00905,15.33017000000001,10.733967915177345
4667,2020-04-02 04:00:00,85.00243,15.28716,10.923341453075409
4668,2020-04-02 05:00:00,84.99589,15.246780000000001,11.071000009775162
4669,2020-04-02 06:00:00,84.98929,15.209839999999986,10.916820213198662
4670,2020-04-02 07:00:00,84.98242,15.177339999999987,10.180088207125664
4671,2020-04-02 08:00:00,84.97533,15.145350000000008,10.362218961119652
4672,2020-04-02 09:00:00,84.96814,15.111639999999994,9.934913992881775
4673,2020-04-02 10:00:00,84.96078,15.074099999999987,9.316486865282059
4674,2020-04-02 11:00:00,84.95339,15.031810000000007,8.460485950112343
4675,2020-04-02 12:00:00,84.94595,14.983779999999996,9.004028648138046
4676,2020-04-02 13:00:00,84.93843,14.927320000000009,10.514764472842216
4677,2020-04-02 14:00:00,84.93099,14.864319999999992,11.236743479967117
4678,2020-04-02 15:00:00,84.92375,14.798660000000012,11.340556517243385
4679,2020-04-02 16:00:00,84.91665,14.732310000000012,11.348321169614792
4680,2020-04-02 17:00:00,84.9096,14.664960000000008,11.582031458616257
4681,2020-04-02 18:00:00,84.90256,14.596499999999992,11.953812316060066
4682,2020-04-02 19:00:00,84.89549,14.529799999999994,12.101724222302437
4683,2020-04-02 20:00:00,84.88826,14.46529000000001,12.208804473280907
4684,2020-04-02 21:00:00,84.88076,14.40227999999999,12.21973916888237
4685,2020-04-02 22:00:00,84.87325,14.343989999999991,12.210376530885696
4686,2020-04-02 23:00:00,84.86564,14.28707,12.105655014514923
4687,2020-04-03 00:00:00,84.85795,14.227630000000005,11.971826314926147
4688,2020-04-03 01:00:00,84.8503,14.163700000000006,11.941199988126755
4689,2020-04-03 02:00:00,84.84275,14.096569999999986,11.753522083163261
4690,2020-04-03 03:00:00,84.8353,14.024740000000008,11.579090803861618
4691,2020-04-03 04:00:00,84.82833,13.94989000000001,11.366744875907898
4692,2020-04-03 05:00:00,84.82191,13.874830000000003,10.989475756883621
4693,2020-04-03 06:00:00,84.81602,13.803229999999985,10.223658055067062
4694,2020-04-03 07:00:00,84.8107,13.738969999999995,9.53697270154953
4695,2020-04-03 08:00:00,84.80578,13.681960000000004,9.052419826388359
4696,2020-04-03 09:00:00,84.80115,13.631370000000004,8.596280470490456
4697,2020-04-03 10:00:00,84.7969,13.583069999999992,8.573499262332916
4698,2020-04-03 11:00:00,84.79287,13.534840000000003,8.557552814483643
4699,2020-04-03 12:00:00,84.78868,13.481889999999993,8.518498867750168
4700,2020-04-03 13:00:00,84.78443,13.4255,8.845158740878105
4701,2020-04-03 14:00:00,84.78018,13.367250000000013,8.816403418779373
4702,2020-04-03 15:00:00,84.77588,13.310460000000006,8.546638160943985
4703,2020-04-03 16:00:00,84.77138,13.254719999999992,8.163505047559738
4704,2020-04-03 17:00:00,84.76694,13.20854,7.990121737122536
4705,2020-04-03 18:00:00,84.76212,13.168990000000008,8.088741272687912
4706,2020-04-03 19:00:00,84.75685,13.134520000000009,8.405322551727295
4707,2020-04-03 20:00:00,84.75122,13.105289999999997,8.436497837305069
4708,2020-04-03 21:00:00,84.74533,13.081400000000002,8.584164291620255
4709,2020-04-03 22:00:00,84.73924,13.061720000000008,9.146605551242828
4710,2020-04-03 23:00:00,84.73302,13.046719999999993,9.513858631253242
4711,2020-04-04 00:00:00,84.72672,13.03336999999999,9.561280831694603
4712,2020-04-04 01:00:00,84.72038,13.01670999999999,9.793288201093674
4713,2020-04-04 02:00:00,84.71405,12.997119999999995,9.6013393253088
4714,2020-04-04 03:00:00,84.70773,12.974989999999991,9.218208968639374
4715,2020-04-04 04:00:00,84.70156,12.949579999999997,9.143307611346245
4716,2020-04-04 05:00:00,84.69592,12.92634000000001,8.181423053145409
4717,2020-04-04 06:00:00,84.69061,12.909019999999998,7.673373892903328
4718,2020-04-04 07:00:00,84.68532,12.896179999999987,7.893822491168976
4719,2020-04-04 08:00:00,84.68012,12.88875999999999,7.4082749634981155
4720,2020-04-04 09:00:00,84.67513,12.889729999999986,7.2731799483299255
4721,2020-04-04 10:00:00,84.67028,12.892660000000006,6.8521924912929535
4722,2020-04-04 11:00:00,84.66536,12.89833999999999,6.970575645565987
4723,2020-04-04 12:00:00,84.66018,12.906360000000006,7.170584365725517
4724,2020-04-04 13:00:00,84.65505,12.916030000000006,7.137597873806953
4725,2020-04-04 14:00:00,84.65005,12.927030000000002,6.796167440712452
4726,2020-04-04 15:00:00,84.64521,12.939969999999988,7.300840452313423
4727,2020-04-04 16:00:00,84.64011,12.952709999999996,8.170964047312737
4728,2020-04-04 17:00:00,84.63491,12.963879999999989,8.120474517345428
4729,2020-04-04 18:00:00,84.62954,12.973219999999998,7.8262490183115005
4730,2020-04-04 19:00:00,84.62434,12.984370000000013,7.371895104646683
4731,2020-04-04 20:00:00,84.6196,12.998559999999998,7.304226815700531
4732,2020-04-04 21:00:00,84.61515,13.015829999999994,7.109200477600098
4733,2020-04-04 22:00:00,84.61096,13.032530000000008,6.868777960538864
4734,2020-04-04 23:00:00,84.6072,13.049890000000005,6.738298177719116
4735,2020-04-05 00:00:00,84.60377,13.068639999999988,6.646280482411385
4736,2020-04-05 01:00:00,84.60038,13.085970000000003,6.682174161076546
4737,2020-04-05 02:00:00,84.59726,13.102000000000004,6.463874042034149
4738,2020-04-05 03:00:00,84.59436,13.119779999999992,6.325395196676254
4739,2020-04-05 04:00:00,84.59172,13.140690000000006,6.25328628718853
4740,2020-04-05 05:00:00,84.58946,13.165140000000008,5.948384687304497
4741,2020-04-05 06:00:00,84.58732,13.191210000000012,5.909435540437698
4742,2020-04-05 07:00:00,84.58537,13.221090000000004,5.944528788328171
4743,2020-04-05 08:00:00,84.5838,13.25591,6.040667116641998
4744,2020-04-05 09:00:00,84.58222,13.293869999999998,6.072889819741249
4745,2020-04-05 10:00:00,84.58062,13.33447000000001,6.0575093775987625
4746,2020-04-05 11:00:00,84.57929,13.3784,6.200141176581383
4747,2020-04-05 12:00:00,84.57808,13.424749999999989,6.213572800159454
4748,2020-04-05 13:00:00,84.57713,13.473459999999989,6.216076493263245
4749,2020-04-05 14:00:00,84.57626,13.524259999999998,6.431094124913216
4750,2020-04-05 15:00:00,84.57519,13.574479999999994,6.210162729024887
4751,2020-04-05 16:00:00,84.57385,13.623359999999991,6.276096805930138
4752,2020-04-05 17:00:00,84.57222,13.669749999999993,6.857853949069977
4753,2020-04-05 18:00:00,84.57029,13.713169999999991,6.839363932609558
4754,2020-04-05 19:00:00,84.56813,13.752309999999994,6.886273384094238
4755,2020-04-05 20:00:00,84.566,13.788620000000009,6.883910953998566
4756,2020-04-05 21:00:00,84.56388,13.825269999999989,6.966919437050819
4757,2020-04-05 22:00:00,84.56173,13.862490000000008,6.996317356824875
4758,2020-04-05 23:00:00,84.55946,13.900229999999993,7.026665180921555
4759,2020-04-06 00:00:00,84.55726,13.939969999999988,7.64782090485096
4760,2020-04-06 01:00:00,84.5551,13.980259999999987,7.4177849143743515
4761,2020-04-06 02:00:00,84.55291,14.019980000000004,7.022882461547852
4762,2020-04-06 03:00:00,84.55075,14.056100000000015,6.514951050281525
4763,2020-04-06 04:00:00,84.54866,14.087080000000014,6.0299583077430725
4764,2020-04-06 05:00:00,84.5467,14.11411000000001,5.6658500880002975
4765,2020-04-06 06:00:00,84.54484,14.138030000000015,5.40223890542984
4766,2020-04-06 07:00:00,84.54296,14.161329999999992,5.190299823880196
4767,2020-04-06 08:00:00,84.54109,14.186730000000011,5.08801905810833
4768,2020-04-06 09:00:00,84.53914,14.216039999999992,4.940008744597435
4769,2020-04-06 10:00:00,84.53725,14.24758,5.063302204012871
4770,2020-04-06 11:00:00,84.53547,14.280560000000008,5.2242754101753235
4771,2020-04-06 12:00:00,84.53377,14.312960000000004,5.180356815457344
4772,2020-04-06 13:00:00,84.53214,14.34378000000001,5.076081395149231
4773,2020-04-06 14:00:00,84.53051,14.372180000000014,5.092905268073082
4774,2020-04-06 15:00:00,84.52881,14.398079999999993,5.092806831002235
4775,2020-04-06 16:00:00,84.52689,14.418970000000002,5.0623073279857635
4776,2020-04-06 17:00:00,84.52479,14.43361999999999,4.788202986121178
4777,2020-04-06 18:00:00,84.52248,14.444060000000007,4.548559918999672
4778,2020-04-06 19:00:00,84.52005,14.45105000000001,4.325487345457077
4779,2020-04-06 20:00:00,84.51774,14.455099999999987,4.174805551767349
4780,2020-04-06 21:00:00,84.51543,14.458179999999999,4.083828538656235
4781,2020-04-06 22:00:00,84.51324,14.46083999999999,4.0887133330106735
4782,2020-04-06 23:00:00,84.51118,14.46647999999999,4.1141393929719925
4783,2020-04-07 00:00:00,84.50935,14.476519999999994,3.942877411842346
4784,2020-04-07 01:00:00,84.50793,14.488920000000007,3.7242792695760727
4785,2020-04-07 02:00:00,84.50692,14.50184999999999,3.6420630514621735
4786,2020-04-07 03:00:00,84.50623,14.515019999999993,3.515470325946808
4787,2020-04-07 04:00:00,84.50564,14.526579999999996,3.2342538088560104
4788,2020-04-07 05:00:00,84.50508,14.533590000000004,3.037788525223732
4789,2020-04-07 06:00:00,84.5043,14.535650000000004,3.0611882507801056
4790,2020-04-07 07:00:00,84.5034,14.535539999999997,3.213071621954441
4791,2020-04-07 08:00:00,84.50245,14.534259999999989,3.434872955083847
4792,2020-04-07 09:00:00,84.50142,14.533179999999987,3.539065033197403
4793,2020-04-07 10:00:00,84.50044,14.533760000000001,3.5587289184331894
4794,2020-04-07 11:00:00,84.49963,14.536370000000005,3.693265452980995
4795,2020-04-07 12:00:00,84.49882,14.539739999999995,3.7911334484815598
4796,2020-04-07 13:00:00,84.49803,14.543540000000007,3.7920923233032227
4797,2020-04-07 14:00:00,84.49733,14.546750000000003,3.735277272760868
4798,2020-04-07 15:00:00,84.49688,14.54907,3.741396978497505
4799,2020-04-07 16:00:00,84.49662,14.550260000000009,3.8206918090581894
4800,2020-04-07 17:00:00,84.49635,14.55055999999999,3.831209495663643
4801,2020-04-07 18:00:00,84.49577,14.55001999999999,3.95046503841877
4802,2020-04-07 19:00:00,84.49477,14.547329999999988,3.9561439901590347
4803,2020-04-07 20:00:00,84.49342,14.543779999999998,3.6892074197530746
4804,2020-04-07 21:00:00,84.49188,14.540750000000003,3.4084056615829468
4805,2020-04-07 22:00:00,84.4904,14.53931,3.2565516233444214
4806,2020-04-07 23:00:00,84.48899,14.541089999999997,3.2573489248752594
4807,2020-04-08 00:00:00,84.48774,14.546459999999996,3.422323375940323
4808,2020-04-08 01:00:00,84.48669,14.554129999999986,3.1382922530174255
4809,2020-04-08 02:00:00,84.48593,14.563500000000005,2.889080062508583
4810,2020-04-08 03:00:00,84.48539,14.574610000000007,2.772463947534561
4811,2020-04-08 04:00:00,84.48499,14.586759999999998,2.5378293991088867
4812,2020-04-08 05:00:00,84.48463,14.598610000000008,2.70599465072155
4813,2020-04-08 06:00:00,84.48417,14.610250000000008,2.7344180196523666
4814,2020-04-08 07:00:00,84.48351,14.621190000000013,2.9113094359636307
4815,2020-04-08 08:00:00,84.48269,14.632689999999997,3.1998230516910553
4816,2020-04-08 09:00:00,84.48177,14.64573999999999,3.58039653301239
4817,2020-04-08 10:00:00,84.48075,14.65952999999999,3.81796070933342
4818,2020-04-08 11:00:00,84.47969,14.676420000000007,3.9447951316833496
4819,2020-04-08 12:00:00,84.47844,14.696140000000014,4.045588850975037
4820,2020-04-08 13:00:00,84.47708,14.718029999999999,4.4284228682518005
4821,2020-04-08 14:00:00,84.47566,14.739959999999996,5.488614603877068
4822,2020-04-08 15:00:00,84.47428,14.76060000000001,6.262651860713959
4823,2020-04-08 16:00:00,84.47284,14.779689999999988,6.157746434211731
4824,2020-04-08 17:00:00,84.47132,14.796639999999996,5.908916413784027
4825,2020-04-08 18:00:00,84.46961,14.810910000000007,5.318980172276497
4826,2020-04-08 19:00:00,84.4677,14.821629999999999,4.782312259078026
4827,2020-04-08 20:00:00,84.46557,14.829260000000005,4.374947085976601
4828,2020-04-08 21:00:00,84.46324,14.834180000000003,4.144426718354225
4829,2020-04-08 22:00:00,84.46078,14.837340000000012,4.048362702131271
4830,2020-04-08 23:00:00,84.45827,14.840210000000013,4.100091934204102
4831,2020-04-09 00:00:00,84.45596,14.842590000000001,4.172119900584221
4832,2020-04-09 01:00:00,84.45385,14.846129999999988,4.308132648468018
4833,2020-04-09 02:00:00,84.4519,14.849909999999994,4.2185374945402145
4834,2020-04-09 03:00:00,84.44993,14.853350000000006,3.9531525373458862
4835,2020-04-09 04:00:00,84.44803,14.856680000000011,3.7540364414453506
4836,2020-04-09 05:00:00,84.44616,14.857959999999991,3.689404919743538
4837,2020-04-09 06:00:00,84.44422,14.856510000000014,3.6932512819767
4838,2020-04-09 07:00:00,84.44199,14.851249999999993,3.6230529099702835
4839,2020-04-09 08:00:00,84.4395,14.842539999999985,3.645906940102577
4840,2020-04-09 09:00:00,84.43672,14.831490000000002,3.64797243475914
4841,2020-04-09 10:00:00,84.43373,14.818569999999994,3.584973558783531
4842,2020-04-09 11:00:00,84.43079,14.805090000000007,3.3395597636699677
4843,2020-04-09 12:00:00,84.42813,14.7928,3.1651864647865295
4844,2020-04-09 13:00:00,84.42565,14.78316000000001,3.1378470361232758
4845,2020-04-09 14:00:00,84.42359,14.775450000000006,3.2098533511161804
4846,2020-04-09 15:00:00,84.42199,14.770720000000011,3.2294673770666122
4847,2020-04-09 16:00:00,84.42069,14.766520000000014,3.2405123710632324
4848,2020-04-09 17:00:00,84.41956,14.762280000000004,3.4446543008089066
4849,2020-04-09 18:00:00,84.41798,14.75596999999999,3.7813496440649033
4850,2020-04-09 19:00:00,84.41605,14.747199999999992,4.145522400736809
4851,2020-04-09 20:00:00,84.41367,14.735209999999995,4.434135094285011
4852,2020-04-09 21:00:00,84.41089,14.72036,4.602969691157341
4853,2020-04-09 22:00:00,84.40788,14.703460000000007,4.726646333932877
4854,2020-04-09 23:00:00,84.40484,14.68714,4.79088294506073
4855,2020-04-10 00:00:00,84.40187,14.672599999999989,4.787019610404968
4856,2020-04-10 01:00:00,84.3994,14.662170000000003,4.726949229836464
4857,2020-04-10 02:00:00,84.39787,14.655489999999986,4.631497725844383
4858,2020-04-10 03:00:00,84.397,14.652410000000003,4.560289561748505
4859,2020-04-10 04:00:00,84.39638,14.652440000000013,4.446563348174095
4860,2020-04-10 05:00:00,84.39567,14.653790000000015,4.3617948442697525
4861,2020-04-10 06:00:00,84.39459,14.654699999999991,4.213075488805771
4862,2020-04-10 07:00:00,84.39307,14.654110000000003,4.144371025264263
4863,2020-04-10 08:00:00,84.39084,14.651309999999995,4.064608424901962
4864,2020-04-10 09:00:00,84.38807,14.645859999999999,3.8976012468338013
4865,2020-04-10 10:00:00,84.38508,14.638679999999994,3.7686362266540527
4866,2020-04-10 11:00:00,84.38195,14.63073,3.648111656308174
4867,2020-04-10 12:00:00,84.37891,14.624130000000008,3.5139215290546417
4868,2020-04-10 13:00:00,84.37612,14.620460000000008,3.473806917667389
4869,2020-04-10 14:00:00,84.37354,14.620959999999997,3.5320167541503906
4870,2020-04-10 15:00:00,84.37126,14.625079999999997,3.784070685505867
4871,2020-04-10 16:00:00,84.36934,14.632090000000005,4.197748750448227
4872,2020-04-10 17:00:00,84.3676,14.640710000000013,4.572379112243652
4873,2020-04-10 18:00:00,84.36573,14.649580000000014,4.886053144931793
4874,2020-04-10 19:00:00,84.36344,14.658330000000007,5.113783806562424
4875,2020-04-10 20:00:00,84.3608,14.665750000000003,5.129598572850227
4876,2020-04-10 21:00:00,84.358,14.670459999999991,5.139182418584824
4877,2020-04-10 22:00:00,84.35518,14.67295999999999,5.0791241228580475
4878,2020-04-10 23:00:00,84.35276,14.674000000000007,5.074236065149307
4879,2020-04-11 00:00:00,84.3505,14.675870000000003,4.927001029253006
4880,2020-04-11 01:00:00,84.34805,14.680180000000007,4.725256055593491
4881,2020-04-11 02:00:00,84.34563,14.688230000000004,4.596184879541397
4882,2020-04-11 03:00:00,84.34312,14.699189999999987,4.5571626871824265
4883,2020-04-11 04:00:00,84.34072,14.711900000000014,4.56117171049118
4884,2020-04-11 05:00:00,84.3384,14.724430000000012,4.540290296077728
4885,2020-04-11 06:00:00,84.33621,14.736439999999988,4.4578607976436615
4886,2020-04-11 07:00:00,84.33417,14.74548999999999,4.388691619038582
4887,2020-04-11 08:00:00,84.33183,14.748809999999992,4.302779123187065
4888,2020-04-11 09:00:00,84.3297,14.749760000000009,4.283465892076492
4889,2020-04-11 10:00:00,84.32742,14.749830000000003,4.242711037397385
4890,2020-04-11 11:00:00,84.32513,14.747289999999992,4.126031205058098
4891,2020-04-11 12:00:00,84.32257,14.74167,4.1690001636743546
4892,2020-04-11 13:00:00,84.32002,14.73666,4.296460255980492
4893,2020-04-11 14:00:00,84.31755,14.733749999999986,4.372437819838524
4894,2020-04-11 15:00:00,84.31502,14.732990000000001,4.2482639998197556
4895,2020-04-11 16:00:00,84.31249,14.732609999999994,3.9946589916944504
4896,2020-04-11 17:00:00,84.31014,14.732,3.8657854348421097
4897,2020-04-11 18:00:00,84.30809,14.731429999999989,3.802260249853134
4898,2020-04-11 19:00:00,84.30629,14.72972999999999,3.738182082772255
4899,2020-04-11 20:00:00,84.30461,14.726429999999993,3.677488088607788
4900,2020-04-11 21:00:00,84.30283,14.722350000000006,3.616734653711319
4901,2020-04-11 22:00:00,84.30095,14.717359999999985,3.561773255467415
4902,2020-04-11 23:00:00,84.29899,14.711739999999992,3.384742572903633
4903,2020-04-12 00:00:00,84.29705,14.707339999999988,3.293335273861885
4904,2020-04-12 01:00:00,84.29556,14.706389999999999,3.128530979156494
4905,2020-04-12 02:00:00,84.29439,14.707830000000001,2.9046508073806763
4906,2020-04-12 03:00:00,84.29386,14.710289999999986,2.725757747888565
4907,2020-04-12 04:00:00,84.29367,14.714920000000006,2.564960390329361
4908,2020-04-12 05:00:00,84.29375,14.72041999999999,2.442136123776436
4909,2020-04-12 06:00:00,84.29379,14.72541000000001,2.3497770726680756
4910,2020-04-12 07:00:00,84.29377,14.729479999999995,2.2242579460144043
4911,2020-04-12 08:00:00,84.29377,14.732290000000006,2.073873668909073
4912,2020-04-12 09:00:00,84.29368,14.73415,1.8497606962919235
4913,2020-04-12 10:00:00,84.29294,14.737689999999986,1.530482441186905
4914,2020-04-12 11:00:00,84.2921,14.742320000000007,1.5301238149404526
4915,2020-04-12 12:00:00,84.29128,14.74767,1.856358379125595
4916,2020-04-12 13:00:00,84.2905,14.754130000000004,1.8827057033777237
4917,2020-04-12 14:00:00,84.28981,14.761599999999987,1.7825390845537186
4918,2020-04-12 15:00:00,84.28917,14.770109999999988,1.7987850159406662
4919,2020-04-12 16:00:00,84.28888,14.778469999999999,2.0115582793951035
4920,2020-04-12 17:00:00,84.28893,14.785410000000013,2.3207878917455673
4921,2020-04-12 18:00:00,84.289,14.791709999999995,2.5354387015104294
4922,2020-04-12 19:00:00,84.28903,14.797539999999998,2.4317392706871033
4923,2020-04-12 20:00:00,84.2891,14.802330000000012,2.492845505475998
4924,2020-04-12 21:00:00,84.28916,14.805689999999998,2.7832149863243103
4925,2020-04-12 22:00:00,84.28917,14.808989999999994,3.023931637406349
4926,2020-04-12 23:00:00,84.28922,14.812939999999998,3.307469442486763
4927,2020-04-13 00:00:00,84.28931,14.818819999999988,3.3514287918806076
4928,2020-04-13 01:00:00,84.28941,14.826159999999987,3.336509943008423
4929,2020-04-13 02:00:00,84.28952,14.835190000000011,3.6412173211574554
4930,2020-04-13 03:00:00,84.28964,14.84617,3.9907451421022415
4931,2020-04-13 04:00:00,84.28982,14.858630000000005,4.297501012682915
4932,2020-04-13 05:00:00,84.29007,14.872180000000014,4.523960530757904
4933,2020-04-13 06:00:00,84.2904,14.886009999999999,4.717182740569115
4934,2020-04-13 07:00:00,84.29087,14.900779999999997,5.050383061170578
4935,2020-04-13 08:00:00,84.29137,14.915279999999996,5.385781317949295
4936,2020-04-13 09:00:00,84.29191,14.928920000000005,5.597842797636986
4937,2020-04-13 10:00:00,84.29243,14.940879999999993,5.704537928104401
4938,2020-04-13 11:00:00,84.29291,14.95241999999999,5.841350048780441
4939,2020-04-13 12:00:00,84.29334,14.961180000000013,5.892788410186768
4940,2020-04-13 13:00:00,84.29383,14.967739999999992,6.048133045434952
4941,2020-04-13 14:00:00,84.29441,14.973389999999995,6.228731989860535
4942,2020-04-13 15:00:00,84.29514,14.979060000000004,6.101739317178726
4943,2020-04-13 16:00:00,84.29604,14.984800000000007,6.076229095458984
4944,2020-04-13 17:00:00,84.29713,14.989509999999996,5.988993138074875
4945,2020-04-13 18:00:00,84.2985,14.992349999999988,6.086784273386002
4946,2020-04-13 19:00:00,84.30015,14.993779999999987,6.430341213941574
4947,2020-04-13 20:00:00,84.30203,14.993529999999993,6.553726598620415
4948,2020-04-13 21:00:00,84.30412,14.991649999999993,6.614669650793076
4949,2020-04-13 22:00:00,84.30614,14.987920000000003,6.900554105639458
4950,2020-04-13 23:00:00,84.30817,14.982799999999997,7.073950082063675
4951,2020-04-14 00:00:00,84.31024,14.974310000000003,7.140426754951477
4952,2020-04-14 01:00:00,84.31246,14.963490000000007,7.01113985478878
4953,2020-04-14 02:00:00,84.31487,14.950170000000014,6.9266534596681595
4954,2020-04-14 03:00:00,84.31737,14.934879999999993,6.741943791508675
4955,2020-04-14 04:00:00,84.31993,14.917200000000008,6.684727519750595
4956,2020-04-14 05:00:00,84.32252,14.89618999999999,6.168206065893173
4957,2020-04-14 06:00:00,84.3251,14.872000000000014,5.686529919505119
4958,2020-04-14 07:00:00,84.3278,14.846219999999988,5.776807934045792
4959,2020-04-14 08:00:00,84.33042,14.817170000000004,5.9275932386517525
4960,2020-04-14 09:00:00,84.33311,14.783889999999985,6.093725755810738
4961,2020-04-14 10:00:00,84.33562,14.746399999999994,5.93555361032486
4962,2020-04-14 11:00:00,84.33775,14.700710000000015,5.7542803436517715
4963,2020-04-14 12:00:00,84.33944,14.653459999999995,5.894588828086853
4964,2020-04-14 13:00:00,84.3407,14.607640000000004,6.0397883504629135
4965,2020-04-14 14:00:00,84.34118,14.56504000000001,6.371693789958954
4966,2020-04-14 15:00:00,84.34092,14.525900000000007,6.462832540273666
4967,2020-04-14 16:00:00,84.34035,14.487979999999993,6.363635748624802
4968,2020-04-14 17:00:00,84.33962,14.451580000000007,6.245783135294914
4969,2020-04-14 18:00:00,84.33875,14.416050000000013,6.1065137684345245
4970,2020-04-14 19:00:00,84.3379,14.383070000000004,5.77004174888134
4971,2020-04-14 20:00:00,84.33674,14.351470000000006,5.302017942070961
4972,2020-04-14 21:00:00,84.33576,14.322399999999988,4.886116728186607
4973,2020-04-14 22:00:00,84.33448,14.29455999999999,4.621801286935806
4974,2020-04-14 23:00:00,84.33328,14.268010000000004,4.52985692024231
4975,2020-04-15 00:00:00,84.33202,14.239280000000008,4.472750782966614
4976,2020-04-15 01:00:00,84.33074,14.20845,4.617955952882767
4977,2020-04-15 02:00:00,84.32956,14.176719999999989,4.716042324900627
4978,2020-04-15 03:00:00,84.32863,14.14482000000001,4.6226005256175995
4979,2020-04-15 04:00:00,84.32792,14.11339000000001,4.487657234072685
4980,2020-04-15 05:00:00,84.32719,14.087739999999997,4.706587493419647
4981,2020-04-15 06:00:00,84.32681,14.061790000000002,5.050536647439003
4982,2020-04-15 07:00:00,84.32651,14.034449999999993,5.467693522572517
4983,2020-04-15 08:00:00,84.32641,14.006979999999999,5.566651567816734
4984,2020-04-15 09:00:00,84.32648,13.97851,5.642258003354073
4985,2020-04-15 10:00:00,84.32657,13.950479999999999,5.922855690121651
4986,2020-04-15 11:00:00,84.32651,13.920590000000004,5.99665704369545
4987,2020-04-15 12:00:00,84.32643,13.890039999999999,6.383586540818214
4988,2020-04-15 13:00:00,84.3258,13.855790000000013,6.598607279360294
4989,2020-04-15 14:00:00,84.32484,13.81855999999999,6.52744847536087
4990,2020-04-15 15:00:00,84.32353,13.782070000000004,6.613607615232468
4991,2020-04-15 16:00:00,84.32227,13.745980000000003,6.599973827600479
4992,2020-04-15 17:00:00,84.32078,13.709699999999998,6.271678119897842
4993,2020-04-15 18:00:00,84.31891,13.67537999999999,6.369525521993637
4994,2020-04-15 19:00:00,84.31699,13.64260999999999,6.47995999455452
4995,2020-04-15 20:00:00,84.31501,13.61103,6.7861328125
4996,2020-04-15 21:00:00,84.31279,13.57992999999999,7.131026059389114
4997,2020-04-15 22:00:00,84.31049,13.548550000000006,7.557808592915535
4998,2020-04-15 23:00:00,84.30805,13.513659999999987,7.969260007143021
4999,2020-04-16 00:00:00,84.30547,13.473939999999999,8.18419024348259
5000,2020-04-16 01:00:00,84.30327,13.429290000000009,8.094909682869911
5001,2020-04-16 02:00:00,84.30223,13.37906000000001,8.073613688349724
5002,2020-04-16 03:00:00,84.30259,13.327179999999998,8.17736804485321
5003,2020-04-16 04:00:00,84.30342,13.27534,8.637258663773537
5004,2020-04-16 05:00:00,84.30543,13.230529999999987,9.504686117172241
5005,2020-04-16 06:00:00,84.30826,13.19326000000001,9.759307533502579
5006,2020-04-16 07:00:00,84.31166,13.16228000000001,9.706367790699005
5007,2020-04-16 08:00:00,84.31543,13.138260000000002,9.926381200551987
5008,2020-04-16 09:00:00,84.31984,13.120519999999999,10.057170629501343
5009,2020-04-16 10:00:00,84.32486,13.106510000000014,10.611674576997757
5010,2020-04-16 11:00:00,84.33017,13.096779999999995,11.245103925466537
5011,2020-04-16 12:00:00,84.33552,13.091730000000013,11.920171037316322
5012,2020-04-16 13:00:00,84.34059,13.090280000000007,12.18248301744461
5013,2020-04-16 14:00:00,84.34554,13.090429999999998,11.868169590830803
5014,2020-04-16 15:00:00,84.35033,13.090759999999989,11.223231077194214
5015,2020-04-16 16:00:00,84.35511,13.093079999999986,10.987177342176437
5016,2020-04-16 17:00:00,84.36047,13.100059999999985,11.245437443256378
5017,2020-04-16 18:00:00,84.36627,13.116919999999993,11.262459188699722
5018,2020-04-16 19:00:00,84.37198,13.140569999999997,11.196929588913918
5019,2020-04-16 20:00:00,84.37801,13.175009999999986,11.668889343738556
5020,2020-04-16 21:00:00,84.38383,13.214049999999986,12.132251292467117
5021,2020-04-16 22:00:00,84.38932,13.25618,12.714294999837875
5022,2020-04-16 23:00:00,84.39459,13.301850000000002,12.639922723174095
5023,2020-04-17 00:00:00,84.39951,13.347399999999993,12.546616181731224
5024,2020-04-17 01:00:00,84.40396,13.395849999999996,12.15893730521202
5025,2020-04-17 02:00:00,84.40733,13.452110000000005,11.579901278018951
5026,2020-04-17 03:00:00,84.40997,13.507479999999987,10.798361837863922
5027,2020-04-17 04:00:00,84.41151,13.555309999999992,9.885383039712906
5028,2020-04-17 05:00:00,84.41219,13.594150000000013,9.081953465938568
5029,2020-04-17 06:00:00,84.41228,13.627190000000013,8.295288667082787
5030,2020-04-17 07:00:00,84.41197,13.651620000000008,7.622823357582092
5031,2020-04-17 08:00:00,84.41185,13.66812999999999,6.43397119641304
5032,2020-04-17 09:00:00,84.41229,13.678089999999997,5.098447233438492
5033,2020-04-17 10:00:00,84.41338,13.682799999999986,4.679718807339668
5034,2020-04-17 11:00:00,84.41501,13.68574000000001,5.165932983160019
5035,2020-04-17 12:00:00,84.41686,13.69031000000001,5.333447158336639
5036,2020-04-17 13:00:00,84.4194,13.706189999999992,5.396102279424667
5037,2020-04-17 14:00:00,84.42198,13.726339999999993,5.314070448279381
5038,2020-04-17 15:00:00,84.4243,13.743009999999998,5.16908922791481
5039,2020-04-17 16:00:00,84.42593,13.752530000000007,5.207288920879364
5040,2020-04-17 17:00:00,84.42683,13.755279999999999,5.35329070687294
5041,2020-04-17 18:00:00,84.42737,13.758980000000008,5.477758228778839
5042,2020-04-17 19:00:00,84.42804,13.761560000000003,5.559761703014374
5043,2020-04-17 20:00:00,84.42875,13.764070000000004,5.490915775299072
5044,2020-04-17 21:00:00,84.4296,13.765690000000006,5.378906071186066
5045,2020-04-17 22:00:00,84.43072,13.765899999999988,5.264794945716858
5046,2020-04-17 23:00:00,84.43228,13.767830000000004,5.019123017787933
5047,2020-04-18 00:00:00,84.43428,13.76957999999999,4.8623500764369965
5048,2020-04-18 01:00:00,84.4366,13.772690000000011,4.991548448801041
5049,2020-04-18 02:00:00,84.43903,13.777359999999987,5.278177157044411
5050,2020-04-18 03:00:00,84.44151,13.783320000000003,5.4503244906663895
5051,2020-04-18 04:00:00,84.44403,13.790320000000008,5.515464887022972
5052,2020-04-18 05:00:00,84.44655,13.79822999999999,5.594086572527885
5053,2020-04-18 06:00:00,84.44908,13.80653000000001,6.023580998182297
5054,2020-04-18 07:00:00,84.4516,13.81393,6.358921200037003
5055,2020-04-18 08:00:00,84.45435,13.819819999999993,6.9694197326898575
5056,2020-04-18 09:00:00,84.45789,13.825490000000002,7.93444262444973
5057,2020-04-18 10:00:00,84.46245,13.832889999999992,8.674317046999931
5058,2020-04-18 11:00:00,84.46781,13.843079999999986,9.494794353842735
5059,2020-04-18 12:00:00,84.4739,13.858779999999996,10.161864563822746
5060,2020-04-18 13:00:00,84.48021,13.880470000000003,10.757516875863075
5061,2020-04-18 14:00:00,84.48636,13.908179999999987,10.643689751625061
5062,2020-04-18 15:00:00,84.49181,13.944799999999987,10.84610265493393
5063,2020-04-18 16:00:00,84.49686,13.984070000000003,10.986442372202873
5064,2020-04-18 17:00:00,84.5016,14.024180000000001,11.048305749893188
5065,2020-04-18 18:00:00,84.5055,14.060290000000009,11.112534895539284
5066,2020-04-18 19:00:00,84.50957,14.096699999999998,11.31912100315094
5067,2020-04-18 20:00:00,84.51435,14.135590000000008,12.008036941289902
5068,2020-04-18 21:00:00,84.51953,14.178059999999988,12.533144608139992
5069,2020-04-18 22:00:00,84.52488,14.218610000000012,12.772876873612404
5070,2020-04-18 23:00:00,84.53139,14.264430000000004,13.181945264339447
5071,2020-04-19 00:00:00,84.53792,14.315460000000002,13.194219574332237
5072,2020-04-19 01:00:00,84.54384,14.36936,12.769889518618584
5073,2020-04-19 02:00:00,84.54917,14.423169999999999,12.568892776966095
5074,2020-04-19 03:00:00,84.55381,14.471309999999988,12.24301192164421
5075,2020-04-19 04:00:00,84.55804,14.51155,12.208762034773827
5076,2020-04-19 05:00:00,84.56206,14.545970000000011,12.400766506791115
5077,2020-04-19 06:00:00,84.56599,14.574240000000003,12.022834062576294
5078,2020-04-19 07:00:00,84.56995,14.599850000000004,11.997818931937218
5079,2020-04-19 08:00:00,84.5738,14.626090000000005,12.013454735279083
5080,2020-04-19 09:00:00,84.5781,14.652749999999997,11.615987658500671
5081,2020-04-19 10:00:00,84.58238,14.67922999999999,11.866164833307266
5082,2020-04-19 11:00:00,84.5864,14.703570000000013,11.698195204138756
5083,2020-04-19 12:00:00,84.59001,14.727890000000002,11.670651495456696
5084,2020-04-19 13:00:00,84.59326,14.749539999999996,11.343429401516914
5085,2020-04-19 14:00:00,84.59613,14.765109999999993,10.701971173286438
5086,2020-04-19 15:00:00,84.59864,14.7757,10.198761388659477
5087,2020-04-19 16:00:00,84.60072,14.779079999999993,10.237994700670242
5088,2020-04-19 17:00:00,84.60238,14.775180000000006,10.148370116949081
5089,2020-04-19 18:00:00,84.60393,14.766700000000014,9.217488497495651
5090,2020-04-19 19:00:00,84.60518,14.755179999999996,8.179686158895493
5091,2020-04-19 20:00:00,84.60604,14.742629999999991,7.228473126888275
5092,2020-04-19 21:00:00,84.60654,14.732290000000006,6.596685484051704
5093,2020-04-19 22:00:00,84.60663,14.724250000000012,6.197124928236008
5094,2020-04-19 23:00:00,84.60614,14.71835999999999,5.979906111955643
5095,2020-04-20 00:00:00,84.60492,14.715139999999991,4.8383581936359406
5096,2020-04-20 01:00:00,84.60302,14.711379999999991,4.381565034389496
5097,2020-04-20 02:00:00,84.6006,14.703100000000006,4.067533358931541
5098,2020-04-20 03:00:00,84.59748,14.693309999999997,3.410379394888878
5099,2020-04-20 04:00:00,84.5939,14.682379999999995,3.009127125144005
5100,2020-04-20 05:00:00,84.58943,14.669900000000013,4.1057659685611725
5101,2020-04-20 06:00:00,84.58353,14.656620000000004,5.299940675497055
5102,2020-04-20 07:00:00,84.57707,14.641770000000008,6.096206367015839
5103,2020-04-20 08:00:00,84.57038,14.624979999999994,6.724057212471962
5104,2020-04-20 09:00:00,84.56306,14.608749999999986,6.997389271855354
5105,2020-04-20 10:00:00,84.55489,14.593529999999987,7.277517005801201
5106,2020-04-20 11:00:00,84.54586,14.582660000000004,7.65412575006485
5107,2020-04-20 12:00:00,84.53649,14.578409999999991,7.846256852149963
5108,2020-04-20 13:00:00,84.52689,14.577269999999999,8.226922884583473
5109,2020-04-20 14:00:00,84.51688,14.578599999999994,9.233032748103142
5110,2020-04-20 15:00:00,84.5066,14.58456000000001,10.512382328510284
5111,2020-04-20 16:00:00,84.4959,14.595709999999997,11.64314404129982
5112,2020-04-20 17:00:00,84.48489,14.610389999999995,12.735041201114655
5113,2020-04-20 18:00:00,84.47371,14.627980000000008,13.522454336285591
5114,2020-04-20 19:00:00,84.46257,14.648300000000006,14.170456781983376
5115,2020-04-20 20:00:00,84.4515,14.67116999999999,14.855997279286385
5116,2020-04-20 21:00:00,84.44076,14.696879999999993,15.01932355761528
5117,2020-04-20 22:00:00,84.43041,14.726079999999996,14.94132712483406
5118,2020-04-20 23:00:00,84.42053,14.763290000000012,14.98935230076313
5119,2020-04-21 00:00:00,84.41065,14.80286000000001,15.337863326072693
5120,2020-04-21 01:00:00,84.4008,14.843320000000006,15.132699117064476
5121,2020-04-21 02:00:00,84.39128,14.885310000000004,15.083383619785309
5122,2020-04-21 03:00:00,84.38198,14.932099999999991,15.396884366869926
5123,2020-04-21 04:00:00,84.37235,14.977599999999995,15.864068791270256
5124,2020-04-21 05:00:00,84.36227,15.017979999999994,16.11698393523693
5125,2020-04-21 06:00:00,84.35192,15.052930000000003,16.224818274378777
5126,2020-04-21 07:00:00,84.34181,15.084159999999997,16.297613829374313
5127,2020-04-21 08:00:00,84.33179,15.113689999999991,16.91709975898266
5128,2020-04-21 09:00:00,84.32162,15.142840000000007,16.503278896212578
5129,2020-04-21 10:00:00,84.3114,15.172850000000011,16.922582909464836
5130,2020-04-21 11:00:00,84.30137,15.204489999999993,17.42490741610527
5131,2020-04-21 12:00:00,84.29164,15.239309999999989,17.5235887914896
5132,2020-04-21 13:00:00,84.28178,15.276759999999996,17.55346840620041
5133,2020-04-21 14:00:00,84.27205,15.316309999999987,17.323396295309067
5134,2020-04-21 15:00:00,84.2626,15.357139999999987,17.093130096793175
5135,2020-04-21 16:00:00,84.25344,15.398470000000003,16.332870170474052
5136,2020-04-21 17:00:00,84.24472,15.44171,15.931741148233414
5137,2020-04-21 18:00:00,84.23562,15.481429999999989,15.37902781367302
5138,2020-04-21 19:00:00,84.22656,15.51388,14.77321681380272
5139,2020-04-21 20:00:00,84.21776,15.537829999999985,14.251933991909027
5140,2020-04-21 21:00:00,84.20915,15.559419999999989,14.016671404242516
5141,2020-04-21 22:00:00,84.20086,15.582729999999998,13.673939019441605
5142,2020-04-21 23:00:00,84.19337,15.60936000000001,13.482161402702332
5143,2020-04-22 00:00:00,84.18652,15.641359999999992,13.632295399904251
5144,2020-04-22 01:00:00,84.18032,15.67761999999999,13.385830670595169
5145,2020-04-22 02:00:00,84.17456,15.71701999999999,13.372286021709442
5146,2020-04-22 03:00:00,84.16867,15.755259999999993,13.176377579569817
5147,2020-04-22 04:00:00,84.16271,15.789170000000013,12.784857273101807
5148,2020-04-22 05:00:00,84.15667,15.819189999999992,12.364916697144508
5149,2020-04-22 06:00:00,84.15071,15.846489999999989,11.98930974304676
5150,2020-04-22 07:00:00,84.14461,15.868369999999999,11.684730038046837
5151,2020-04-22 08:00:00,84.13872,15.885930000000002,11.311140075325966
5152,2020-04-22 09:00:00,84.13351,15.898320000000012,10.669385001063347
5153,2020-04-22 10:00:00,84.12861,15.909840000000003,10.335215285420418
5154,2020-04-22 11:00:00,84.12404,15.923010000000005,10.195749640464783
5155,2020-04-22 12:00:00,84.11992,15.940300000000008,10.027280062437057
5156,2020-04-22 13:00:00,84.1161,15.961970000000008,9.716380529105663
5157,2020-04-22 14:00:00,84.1125,15.983560000000011,9.26286343485117
5158,2020-04-22 15:00:00,84.10901,16.003719999999987,8.917076766490936
5159,2020-04-22 16:00:00,84.10549,16.019299999999987,8.579312056303024
5160,2020-04-22 17:00:00,84.10205,16.031419999999997,8.140146747231483
5161,2020-04-22 18:00:00,84.09912,16.037299999999988,7.71613846719265
5162,2020-04-22 19:00:00,84.09671,16.038630000000012,7.26001800596714
5163,2020-04-22 20:00:00,84.09433,16.037779999999998,6.855698272585869
5164,2020-04-22 21:00:00,84.09221,16.034850000000006,6.5263528525829315
5165,2020-04-22 22:00:00,84.09039,16.031180000000006,6.251795768737793
5166,2020-04-22 23:00:00,84.08883,16.02937,6.038994833827019
5167,2020-04-23 00:00:00,84.08746,16.029719999999998,5.827586829662323
5168,2020-04-23 01:00:00,84.08621,16.033889999999985,5.631500661373138
5169,2020-04-23 02:00:00,84.08508,16.04041000000001,5.42125990986824
5170,2020-04-23 03:00:00,84.08382,16.047950000000014,5.174403682351112
5171,2020-04-23 04:00:00,84.08252,16.055560000000014,4.937247544527054
5172,2020-04-23 05:00:00,84.0811,16.06143,4.824015378952026
5173,2020-04-23 06:00:00,84.07956,16.06366,4.872794151306152
5174,2020-04-23 07:00:00,84.07817,16.061970000000002,4.909985229372978
5175,2020-04-23 08:00:00,84.07697,16.056579999999997,4.948142498731613
5176,2020-04-23 09:00:00,84.07571,16.047770000000014,4.804467499256134
5177,2020-04-23 10:00:00,84.07446,16.03909999999999,4.596244007349014
5178,2020-04-23 11:00:00,84.07334,16.03289000000001,4.3583406656980515
5179,2020-04-23 12:00:00,84.07238,16.029470000000003,4.151159465312958
5180,2020-04-23 13:00:00,84.0715,16.027950000000004,4.023832127451897
5181,2020-04-23 14:00:00,84.07096,16.030069999999995,3.9829086661338806
5182,2020-04-23 15:00:00,84.07055,16.033449999999988,3.8782389163970947
5183,2020-04-23 16:00:00,84.07021,16.03564,3.8429359644651413
5184,2020-04-23 17:00:00,84.06973,16.036450000000002,3.804195761680603
5185,2020-04-23 18:00:00,84.06897,16.03451000000001,3.8529272228479385
5186,2020-04-23 19:00:00,84.06803,16.029120000000006,3.939362406730652
5187,2020-04-23 20:00:00,84.06704,16.019949999999994,4.007108718156815
5188,2020-04-23 21:00:00,84.06604,16.008640000000014,4.056579947471619
5189,2020-04-23 22:00:00,84.06504,15.99763999999999,4.056545361876488
5190,2020-04-23 23:00:00,84.06414,15.987729999999999,4.0077930092811584
5191,2020-04-24 00:00:00,84.0634,15.981040000000007,4.060828074812889
5192,2020-04-24 01:00:00,84.06292,15.978090000000009,4.099399447441101
5193,2020-04-24 02:00:00,84.0627,15.978340000000003,4.135716199874878
5194,2020-04-24 03:00:00,84.06268,15.981099999999998,4.1897633373737335
5195,2020-04-24 04:00:00,84.06272,15.983720000000005,4.39829708635807
5196,2020-04-24 05:00:00,84.06263,15.985700000000008,4.601336747407913
5197,2020-04-24 06:00:00,84.06223,15.983010000000007,4.829334452748299
5198,2020-04-24 07:00:00,84.06122,15.974739999999997,5.060678720474243
5199,2020-04-24 08:00:00,84.05988,15.961510000000004,5.310558028519154
5200,2020-04-24 09:00:00,84.05845,15.945300000000003,5.469549596309662
5201,2020-04-24 10:00:00,84.05669,15.927359999999993,5.607111752033234
5202,2020-04-24 11:00:00,84.0549,15.910830000000004,5.712440699338913
5203,2020-04-24 12:00:00,84.05303,15.897429999999986,5.803330942988396
5204,2020-04-24 13:00:00,84.05116,15.885559999999998,6.125829562544823
5205,2020-04-24 14:00:00,84.04944,15.876640000000009,6.242068335413933
5206,2020-04-24 15:00:00,84.04799,15.869949999999989,6.104564920067787
5207,2020-04-24 16:00:00,84.04672,15.862169999999992,6.145066320896149
5208,2020-04-24 17:00:00,84.04552,15.85551000000001,6.289359703660011
5209,2020-04-24 18:00:00,84.04399,15.845699999999994,6.261432617902756
5210,2020-04-24 19:00:00,84.04214,15.83232000000001,6.236544340848923
5211,2020-04-24 20:00:00,84.04049,15.816190000000006,6.360275596380234
5212,2020-04-24 21:00:00,84.03878,15.797329999999988,6.229503184556961
5213,2020-04-24 22:00:00,84.037,15.776790000000005,6.130188196897507
5214,2020-04-24 23:00:00,84.03516,15.756969999999995,6.115609779953957
5215,2020-04-25 00:00:00,84.03334,15.737899999999996,6.075128689408302
5216,2020-04-25 01:00:00,84.03163,15.719369999999998,6.061202555894852
5217,2020-04-25 02:00:00,84.03007,15.703010000000006,6.2069680988788605
5218,2020-04-25 03:00:00,84.0286,15.689629999999994,6.345414727926254
5219,2020-04-25 04:00:00,84.02691,15.679419999999993,6.256793364882469
5220,2020-04-25 05:00:00,84.025,15.671179999999993,6.06682750582695
5221,2020-04-25 06:00:00,84.0228,15.662329999999997,5.75751668214798
5222,2020-04-25 07:00:00,84.02011,15.65245999999999,5.822973549365997
5223,2020-04-25 08:00:00,84.01683,15.641099999999994,5.942953512072563
5224,2020-04-25 09:00:00,84.013,15.62818999999999,6.0598476976156235
5225,2020-04-25 10:00:00,84.00885,15.614480000000015,6.053677812218666
5226,2020-04-25 11:00:00,84.00454,15.599529999999987,6.047239512205124
5227,2020-04-25 12:00:00,84.00022,15.589079999999996,6.021038860082626
5228,2020-04-25 13:00:00,83.99592,15.581330000000008,6.175725594162941
5229,2020-04-25 14:00:00,83.99166,15.575739999999996,6.417672485113144
5230,2020-04-25 15:00:00,83.98767,15.573229999999995,6.773185461759567
5231,2020-04-25 16:00:00,83.98387,15.571560000000005,7.121711373329163
5232,2020-04-25 17:00:00,83.98022,15.569709999999986,7.356014311313629
5233,2020-04-25 18:00:00,83.97676,15.56608,7.424290254712105
5234,2020-04-25 19:00:00,83.97344,15.560840000000013,7.516117438673973
5235,2020-04-25 20:00:00,83.97001,15.554030000000012,7.620645195245743
5236,2020-04-25 21:00:00,83.96648,15.54441,7.6746127009391785
5237,2020-04-25 22:00:00,83.96288,15.533469999999994,7.755739599466324
5238,2020-04-25 23:00:00,83.95945,15.52185,7.976017713546753
5239,2020-04-26 00:00:00,83.95628,15.512139999999988,7.919102370738983
5240,2020-04-26 01:00:00,83.9535,15.506499999999988,7.5691637098789215
5241,2020-04-26 02:00:00,83.95094,15.503269999999986,7.1092720329761505
5242,2020-04-26 03:00:00,83.94863,15.50582,6.891304701566696
5243,2020-04-26 04:00:00,83.94634,15.509039999999999,6.9365222454071045
5244,2020-04-26 05:00:00,83.94403,15.513229999999993,7.079941600561142
5245,2020-04-26 06:00:00,83.94149,15.515449999999987,7.255643978714943
5246,2020-04-26 07:00:00,83.93946,15.518489999999986,7.378009676933289
5247,2020-04-26 08:00:00,83.93691,15.518759999999986,7.255962923169136
5248,2020-04-26 09:00:00,83.93437,15.51758000000001,6.9508956372737885
5249,2020-04-26 10:00:00,83.93159,15.51500999999999,6.653820678591728
5250,2020-04-26 11:00:00,83.92876,15.51128,6.380131766200066
5251,2020-04-26 12:00:00,83.92605,15.50797,5.541639178991318
5252,2020-04-26 13:00:00,83.9236,15.506319999999988,4.76114709675312
5253,2020-04-26 14:00:00,83.92156,15.507090000000005,4.565144032239914
5254,2020-04-26 15:00:00,83.91992,15.510220000000004,4.508403658866882
5255,2020-04-26 16:00:00,83.91865,15.514790000000005,4.301970303058624
5256,2020-04-26 17:00:00,83.91776,15.520190000000014,4.055471658706665
5257,2020-04-26 18:00:00,83.91704,15.525290000000012,3.7563957273960114
5258,2020-04-26 19:00:00,83.91643,15.529599999999988,3.618849501013756
5259,2020-04-26 20:00:00,83.91588,15.533350000000013,3.4564653635025024
5260,2020-04-26 21:00:00,83.91525,15.535680000000013,3.1298820823431015
5261,2020-04-26 22:00:00,83.91453,15.536830000000009,2.8397748172283173
5262,2020-04-26 23:00:00,83.91395,15.53737000000001,2.4992889165878296
5263,2020-04-27 00:00:00,83.91362,15.539590000000004,2.3934370577335358
5264,2020-04-27 01:00:00,83.91341,15.542190000000005,2.5489643961191177
5265,2020-04-27 02:00:00,83.91345,15.547920000000005,2.7309978753328323
5266,2020-04-27 03:00:00,83.91437,15.561270000000007,2.9936861991882324
5267,2020-04-27 04:00:00,83.91595,15.575040000000001,3.2798688858747482
5268,2020-04-27 05:00:00,83.91788,15.589699999999993,3.5327903479337692
5269,2020-04-27 06:00:00,83.9198,15.604089999999985,3.5579439103603363
5270,2020-04-27 07:00:00,83.92206,15.617829999999998,3.7415260672569275
5271,2020-04-27 08:00:00,83.92431,15.628209999999996,4.003702402114868
5272,2020-04-27 09:00:00,83.92653,15.633610000000004,4.382027670741081
5273,2020-04-27 10:00:00,83.92868,15.63422,4.611225187778473
5274,2020-04-27 11:00:00,83.93093,15.632059999999996,4.548721119761467
5275,2020-04-27 12:00:00,83.93358,15.634350000000012,4.901015043258667
5276,2020-04-27 13:00:00,83.93647,15.64309,5.0281465500593185
5277,2020-04-27 14:00:00,83.94007,15.655429999999996,5.846247225999832
5278,2020-04-27 15:00:00,83.94407,15.671840000000003,6.429471045732498
5279,2020-04-27 16:00:00,83.94837,15.695969999999988,7.3259371519088745
5280,2020-04-27 17:00:00,83.95271,15.720799999999997,8.234190613031387
5281,2020-04-27 18:00:00,83.95689,15.744100000000003,8.442762553691864
5282,2020-04-27 19:00:00,83.96097,15.765989999999988,8.497798219323158
5283,2020-04-27 20:00:00,83.9658,15.792149999999992,8.592353641986847
5284,2020-04-27 21:00:00,83.97072,15.820570000000004,8.986836314201355
5285,2020-04-27 22:00:00,83.97554,15.854700000000008,9.205638632178307
5286,2020-04-27 23:00:00,83.98032,15.889119999999991,9.374191105365753
5287,2020-04-28 00:00:00,83.98524,15.926860000000005,9.806415781378746
5288,2020-04-28 01:00:00,83.99021,15.96878000000001,10.12149003148079
5289,2020-04-28 02:00:00,83.99531,16.01391000000001,10.34369233250618
5290,2020-04-28 03:00:00,84.00044,16.062399999999997,10.810507506132126
5291,2020-04-28 04:00:00,84.00517,16.11339000000001,11.147313579916954
5292,2020-04-28 05:00:00,84.00969,16.165750000000003,11.342796206474304
5293,2020-04-28 06:00:00,84.01414,16.216939999999994,11.731521561741829
5294,2020-04-28 07:00:00,84.0185,16.268489999999986,11.513972833752632
5295,2020-04-28 08:00:00,84.02283,16.31808000000001,11.746520444750786
5296,2020-04-28 09:00:00,84.02697,16.366060000000004,11.963017165660858
5297,2020-04-28 10:00:00,84.0305,16.416390000000007,11.583012133836746
5298,2020-04-28 11:00:00,84.03369,16.464380000000006,11.2421193420887
5299,2020-04-28 12:00:00,84.03635,16.511860000000013,10.745010152459145
5300,2020-04-28 13:00:00,84.03835,16.562180000000012,10.278442561626434
5301,2020-04-28 14:00:00,84.03999,16.61251999999999,10.27852912247181
5302,2020-04-28 15:00:00,84.04111,16.662589999999994,10.296587854623795
5303,2020-04-28 16:00:00,84.04182,16.713750000000005,9.722509980201721
5304,2020-04-28 17:00:00,84.04211,16.76635999999999,9.384293019771576
5305,2020-04-28 18:00:00,84.04187,16.81953999999999,8.830408841371536
5306,2020-04-28 19:00:00,84.04133,16.870119999999986,8.511449873447418
5307,2020-04-28 20:00:00,84.04063,16.915989999999994,7.544724255800247
5308,2020-04-28 21:00:00,84.03962,16.956189999999992,6.7981231063604355
5309,2020-04-28 22:00:00,84.03839,16.98939999999999,6.015982240438461
5310,2020-04-28 23:00:00,84.03704,17.015860000000004,5.3363164365291595
5311,2020-04-29 00:00:00,84.03566,17.038340000000005,5.056970506906509
5312,2020-04-29 01:00:00,84.03448,17.06065000000001,5.041399329900742
5313,2020-04-29 02:00:00,84.03329,17.084299999999985,5.075389042496681
5314,2020-04-29 03:00:00,84.03195,17.10508999999999,5.093996614217758
5315,2020-04-29 04:00:00,84.03068,17.127469999999988,4.973039150238037
5316,2020-04-29 05:00:00,84.02943,17.15548000000001,4.932628631591797
5317,2020-04-29 06:00:00,84.02797,17.18356,5.011232689023018
5318,2020-04-29 07:00:00,84.02618,17.207850000000008,4.771371394395828
5319,2020-04-29 08:00:00,84.0238,17.227810000000005,4.920498177409172
5320,2020-04-29 09:00:00,84.02092,17.239660000000015,5.3435754626989365
5321,2020-04-29 10:00:00,84.01743,17.24432999999999,5.935180604457855
5322,2020-04-29 11:00:00,84.01342,17.243210000000005,6.611652046442032
5323,2020-04-29 12:00:00,84.00871,17.241060000000004,7.260802447795868
5324,2020-04-29 13:00:00,84.00355,17.234910000000013,7.581106618046761
5325,2020-04-29 14:00:00,83.99842,17.22407000000001,7.748837918043137
5326,2020-04-29 15:00:00,83.9934,17.214409999999987,8.003492757678032
5327,2020-04-29 16:00:00,83.98906,17.207870000000014,7.918802559375763
5328,2020-04-29 17:00:00,83.98499,17.209519999999998,7.8171291053295135
5329,2020-04-29 18:00:00,83.98083,17.221149999999994,7.963277161121368
5330,2020-04-29 19:00:00,83.97663,17.236009999999993,7.8586976528167725
5331,2020-04-29 20:00:00,83.9726,17.24942999999999,7.909346967935562
5332,2020-04-29 21:00:00,83.96906,17.261200000000002,7.888870120048523
5333,2020-04-29 22:00:00,83.96578,17.27458999999999,7.831023320555687
5334,2020-04-29 23:00:00,83.96233,17.287720000000007,7.920057654380798
5335,2020-04-30 00:00:00,83.95894,17.298689999999993,7.904622793197632
5336,2020-04-30 01:00:00,83.9558,17.308750000000003,7.946149259805679
5337,2020-04-30 02:00:00,83.95284,17.319590000000005,7.728877425193787
5338,2020-04-30 03:00:00,83.95014,17.329710000000006,7.390223264694214
5339,2020-04-30 04:00:00,83.94775,17.342700000000008,7.5237599313259125
5340,2020-04-30 05:00:00,83.94577,17.35781,7.534247696399689
5341,2020-04-30 06:00:00,83.94403,17.375319999999988,7.904073402285576
5342,2020-04-30 07:00:00,83.94221,17.395970000000005,8.19855184853077
5343,2020-04-30 08:00:00,83.94042,17.41637,8.54053145647049
5344,2020-04-30 09:00:00,83.93859,17.436890000000005,9.198395699262619
5345,2020-04-30 10:00:00,83.93672,17.456829999999997,9.786951631307602
5346,2020-04-30 11:00:00,83.93477,17.474860000000007,10.013784170150757
5347,2020-04-30 12:00:00,83.93272,17.49072000000001,9.160955876111984
5348,2020-04-30 13:00:00,83.93071,17.502909999999986,7.75692754983902
5349,2020-04-30 14:00:00,83.92873,17.512040000000013,6.816354870796204
5350,2020-04-30 15:00:00,83.92683,17.520550000000014,6.504072919487953
5351,2020-04-30 16:00:00,83.92509,17.53092000000001,6.262423947453499
5352,2020-04-30 17:00:00,83.92362,17.543270000000007,5.959427163004875
5353,2020-04-30 18:00:00,83.92232,17.557299999999998,5.438725501298904
5354,2020-04-30 19:00:00,83.92123,17.574430000000007,5.28537979722023
5355,2020-04-30 20:00:00,83.92011,17.590210000000013,5.369147628545761
5356,2020-04-30 21:00:00,83.91901,17.603280000000012,5.191364914178848
5357,2020-04-30 22:00:00,83.918,17.613740000000007,4.5942689180374146
5358,2020-04-30 23:00:00,83.91708,17.62174999999999,4.17194028198719
5359,2020-05-01 00:00:00,83.91639,17.627819999999986,3.9978180676698685
5360,2020-05-01 01:00:00,83.91581,17.632530000000003,3.784374475479126
5361,2020-05-01 02:00:00,83.91542,17.637040000000013,3.6183040142059326
5362,2020-05-01 03:00:00,83.9152,17.641909999999996,3.6860630214214325
5363,2020-05-01 04:00:00,83.91528,17.64783,3.805491492152214
5364,2020-05-01 05:00:00,83.91545,17.65491,3.9936555325984955
5365,2020-05-01 06:00:00,83.91583,17.663129999999995,4.023008078336716
5366,2020-05-01 07:00:00,83.9165,17.672059999999988,3.981260731816292
5367,2020-05-01 08:00:00,83.91731,17.681899999999985,4.3689043670892715
5368,2020-05-01 09:00:00,83.91804,17.68880999999999,5.051833853125572
5369,2020-05-01 10:00:00,83.9188,17.69229999999999,5.561039417982101
5370,2020-05-01 11:00:00,83.91954,17.69081,5.636869549751282
5371,2020-05-01 12:00:00,83.9201,17.682600000000008,5.689764842391014
5372,2020-05-01 13:00:00,83.92087,17.67007000000001,5.693567156791687
5373,2020-05-01 14:00:00,83.92146,17.654240000000016,5.520572781562805
5374,2020-05-01 15:00:00,83.92212,17.63673,5.316480740904808
5375,2020-05-01 16:00:00,83.92257,17.624040000000008,5.139757439494133
5376,2020-05-01 17:00:00,83.92269,17.61703,5.276477664709091
5377,2020-05-01 18:00:00,83.92234,17.614229999999992,5.358169585466385
5378,2020-05-01 19:00:00,83.92156,17.613529999999997,5.367755860090256
5379,2020-05-01 20:00:00,83.92053,17.61151000000001,5.180756062269211
5380,2020-05-01 21:00:00,83.91942,17.607380000000006,4.847401797771454
5381,2020-05-01 22:00:00,83.91858,17.602779999999996,4.401421785354614
5382,2020-05-01 23:00:00,83.91786,17.59620000000001,4.003419131040573
5383,2020-05-02 00:00:00,83.9173,17.587819999999994,3.6946354806423187
5384,2020-05-02 01:00:00,83.91677,17.57876999999999,3.4731872975826263
5385,2020-05-02 02:00:00,83.91642,17.57095000000001,3.3918024003505707
5386,2020-05-02 03:00:00,83.91587,17.56396000000001,3.3566345870494843
5387,2020-05-02 04:00:00,83.91487,17.558279999999996,3.3617518544197083
5388,2020-05-02 05:00:00,83.91358,17.55583999999999,3.364415794610977
5389,2020-05-02 06:00:00,83.91212,17.556309999999996,3.317005380988121
5390,2020-05-02 07:00:00,83.91057,17.558750000000003,3.202026814222336
5391,2020-05-02 08:00:00,83.90896,17.561980000000005,3.1148236989974976
5392,2020-05-02 09:00:00,83.90733,17.56501,3.3083529621362686
5393,2020-05-02 10:00:00,83.90573,17.567350000000005,4.227912649512291
5394,2020-05-02 11:00:00,83.9042,17.56877,5.32763135433197
5395,2020-05-02 12:00:00,83.90273,17.569709999999986,6.024604991078377
5396,2020-05-02 13:00:00,83.90124,17.570179999999993,6.129737555980682
5397,2020-05-02 14:00:00,83.89989,17.569790000000012,5.865363761782646
5398,2020-05-02 15:00:00,83.89847,17.57204999999999,5.717252105474472
5399,2020-05-02 16:00:00,83.89711,17.57566,5.560616701841354
5400,2020-05-02 17:00:00,83.89558,17.57999000000001,5.560839399695396
5401,2020-05-02 18:00:00,83.89405,17.586060000000003,5.684542596340179
5402,2020-05-02 19:00:00,83.89236,17.597370000000012,5.908957809209824
5403,2020-05-02 20:00:00,83.89058,17.611379999999997,6.060910612344742
5404,2020-05-02 21:00:00,83.88907,17.625249999999994,5.987375497817993
5405,2020-05-02 22:00:00,83.8878,17.64009999999999,5.770803272724152
5406,2020-05-02 23:00:00,83.88686,17.655910000000006,5.5560977309942245
5407,2020-05-03 00:00:00,83.88631,17.67201,5.365103214979172
5408,2020-05-03 01:00:00,83.88591,17.68893,5.573307484388351
5409,2020-05-03 02:00:00,83.88559,17.705070000000006,5.986335337162018
5410,2020-05-03 03:00:00,83.88458,17.716880000000003,6.261734515428543
5411,2020-05-03 04:00:00,83.88383,17.73053999999999,6.3897004425525665
5412,2020-05-03 05:00:00,83.88396,17.74817999999999,6.473209857940674
5413,2020-05-03 06:00:00,83.88402,17.767390000000006,6.561629474163055
5414,2020-05-03 07:00:00,83.88396,17.78909999999999,6.740728735923767
5415,2020-05-03 08:00:00,83.88381,17.81264999999999,6.741003751754761
5416,2020-05-03 09:00:00,83.8838,17.84011000000001,6.788951903581619
5417,2020-05-03 10:00:00,83.88403,17.871880000000004,6.652892202138901
5418,2020-05-03 11:00:00,83.88457,17.906319999999994,6.51268108189106
5419,2020-05-03 12:00:00,83.88526,17.942139999999995,6.422613307833672
5420,2020-05-03 13:00:00,83.88585,17.976789999999994,6.389837816357613
5421,2020-05-03 14:00:00,83.88628,18.00899000000001,6.218829974532127
5422,2020-05-03 15:00:00,83.88668,18.037149999999997,6.023356541991234
5423,2020-05-03 16:00:00,83.88705,18.062549999999987,5.771877363324165
5424,2020-05-03 17:00:00,83.88725,18.084550000000007,5.438151314854622
5425,2020-05-03 18:00:00,83.88734,18.10479000000001,5.054549053311348
5426,2020-05-03 19:00:00,83.88727,18.123879999999986,4.752630054950714
5427,2020-05-03 20:00:00,83.88719,18.142959999999988,4.479441657662392
5428,2020-05-03 21:00:00,83.88716,18.162890000000004,4.2405402809381485
5429,2020-05-03 22:00:00,83.88723,18.183789999999988,3.9872213006019592
5430,2020-05-03 23:00:00,83.88745,18.20474999999999,3.691044509410858
5431,2020-05-04 00:00:00,83.88782,18.22484,3.3337187469005585
5432,2020-05-04 01:00:00,83.8884,18.243330000000014,2.975896269083023
5433,2020-05-04 02:00:00,83.88928,18.260099999999994,2.839948743581772
5434,2020-05-04 03:00:00,83.89047,18.27501000000001,3.2016566395759583
5435,2020-05-04 04:00:00,83.89179,18.28698,4.059035629034042
5436,2020-05-04 05:00:00,83.8932,18.296879999999987,4.880350083112717
5437,2020-05-04 06:00:00,83.89466,18.30476999999999,5.014192245900631
5438,2020-05-04 07:00:00,83.89623,18.31183999999999,5.052904330193996
5439,2020-05-04 08:00:00,83.89792,18.318240000000003,5.187871813774109
5440,2020-05-04 09:00:00,83.8998,18.32517999999999,5.338051810860634
5441,2020-05-04 10:00:00,83.90191,18.33287999999999,5.4622645527124405
5442,2020-05-04 11:00:00,83.90411,18.340689999999995,5.688274294137955
5443,2020-05-04 12:00:00,83.90635,18.34783999999999,5.757771253585815
5444,2020-05-04 13:00:00,83.90857,18.35315,5.738881602883339
5445,2020-05-04 14:00:00,83.91061,18.35408000000001,5.623277917504311
5446,2020-05-04 15:00:00,83.91269,18.351049999999987,5.384761691093445
5447,2020-05-04 16:00:00,83.91456,18.345100000000002,5.19113364815712
5448,2020-05-04 17:00:00,83.91619,18.336690000000004,5.099810466170311
5449,2020-05-04 18:00:00,83.9177,18.326210000000003,5.071853697299957
5450,2020-05-04 19:00:00,83.91876,18.315179999999998,4.807374119758606
5451,2020-05-04 20:00:00,83.9195,18.30539999999999,4.467395037412643
5452,2020-05-04 21:00:00,83.92018,18.297239999999988,4.074945285916328
5453,2020-05-04 22:00:00,83.92055,18.29307,3.810702621936798
5454,2020-05-04 23:00:00,83.92079,18.289410000000004,3.653643876314163
5455,2020-05-05 00:00:00,83.92113,18.286249999999995,3.5587396025657654
5456,2020-05-05 01:00:00,83.92157,18.28128000000001,3.4468602389097214
5457,2020-05-05 02:00:00,83.92204,18.274310000000014,3.3639937937259674
5458,2020-05-05 03:00:00,83.92242,18.265440000000012,3.2320088148117065
5459,2020-05-05 04:00:00,83.92283,18.25202999999999,3.0153034925460815
5460,2020-05-05 05:00:00,83.92322,18.234409999999997,2.9208296090364456
5461,2020-05-05 06:00:00,83.92351,18.214889999999997,3.1817134767770767
5462,2020-05-05 07:00:00,83.92367,18.19514000000001,3.4554742574691772
5463,2020-05-05 08:00:00,83.92366,18.17643000000001,3.649662956595421
5464,2020-05-05 09:00:00,83.92364,18.15458000000001,3.607065111398697
5465,2020-05-05 10:00:00,83.92328,18.13452000000001,3.619886949658394
5466,2020-05-05 11:00:00,83.92252,18.11464000000001,3.4677704870700836
5467,2020-05-05 12:00:00,83.92157,18.09907000000001,3.6789863407611847
5468,2020-05-05 13:00:00,83.9205,18.083730000000003,3.9828580170869827
5469,2020-05-05 14:00:00,83.91933,18.066730000000007,4.049362003803253
5470,2020-05-05 15:00:00,83.91817,18.047979999999995,3.728854164481163
5471,2020-05-05 16:00:00,83.91702,18.02636000000001,3.309340223670006
5472,2020-05-05 17:00:00,83.91601,18.00184999999999,2.921359956264496
5473,2020-05-05 18:00:00,83.91515,17.975689999999986,2.9723736345767975
5474,2020-05-05 19:00:00,83.91433,17.94971000000001,2.9681818187236786
5475,2020-05-05 20:00:00,83.91348,17.926080000000013,2.9000578224658966
5476,2020-05-05 21:00:00,83.91256,17.90565000000001,2.825036585330963
5477,2020-05-05 22:00:00,83.91182,17.887910000000005,2.6780453473329544
5478,2020-05-05 23:00:00,83.91108,17.874959999999987,2.567937970161438
5479,2020-05-06 00:00:00,83.91029,17.86518000000001,2.435417801141739
5480,2020-05-06 01:00:00,83.90948,17.856300000000005,2.3178545981645584
5481,2020-05-06 02:00:00,83.90873,17.84630999999999,2.575874015688896
5482,2020-05-06 03:00:00,83.90833,17.83536000000001,3.1531506180763245
5483,2020-05-06 04:00:00,83.9088,17.823309999999992,3.800707995891571
5484,2020-05-06 05:00:00,83.90975,17.80805000000001,4.374583065509796
5485,2020-05-06 06:00:00,83.91093,17.788939999999997,4.599330261349678
5486,2020-05-06 07:00:00,83.91249,17.76988,4.6548463851213455
5487,2020-05-06 08:00:00,83.91434,17.750339999999994,4.6033875942230225
5488,2020-05-06 09:00:00,83.91646,17.731279999999998,4.5706308633089066
5489,2020-05-06 10:00:00,83.91829,17.71208999999999,4.585830315947533
5490,2020-05-06 11:00:00,83.91939,17.695490000000007,4.505834445357323
5491,2020-05-06 12:00:00,83.92085,17.679609999999997,4.438460476696491
5492,2020-05-06 13:00:00,83.92235,17.663029999999992,4.599191293120384
5493,2020-05-06 14:00:00,83.92385,17.644659999999988,4.904262915253639
5494,2020-05-06 15:00:00,83.92567,17.62353999999999,5.022377550601959
5495,2020-05-06 16:00:00,83.92782,17.59727000000001,5.3176136165857315
5496,2020-05-06 17:00:00,83.93022,17.567450000000008,5.493725419044495
5497,2020-05-06 18:00:00,83.93245,17.53513000000001,5.547757640480995
5498,2020-05-06 19:00:00,83.93438,17.50146000000001,5.519184231758118
5499,2020-05-06 20:00:00,83.93596,17.465480000000014,5.947255060076714
5500,2020-05-06 21:00:00,83.93731,17.42756,6.453356564044952
5501,2020-05-06 22:00:00,83.93836,17.389080000000007,6.588887691497803
5502,2020-05-06 23:00:00,83.93903,17.353859999999997,6.742874205112457
5503,2020-05-07 00:00:00,83.93927,17.319739999999996,7.172267571091652
5504,2020-05-07 01:00:00,83.93927,17.283649999999994,7.562252312898636
5505,2020-05-07 02:00:00,83.93901,17.24436,8.01341350376606
5506,2020-05-07 03:00:00,83.93876,17.201519999999988,8.408446431159973
5507,2020-05-07 04:00:00,83.93857,17.154020000000003,8.716367244720459
5508,2020-05-07 05:00:00,83.93837,17.10181,9.00190545618534
5509,2020-05-07 06:00:00,83.93815,17.04495,9.373141542077065
5510,2020-05-07 07:00:00,83.93787,16.9846,9.581066310405731
5511,2020-05-07 08:00:00,83.93743,16.921609999999987,9.703744769096375
5512,2020-05-07 09:00:00,83.93678,16.85766000000001,9.94918017089367
5513,2020-05-07 10:00:00,83.93589,16.79428999999999,10.27010428905487
5514,2020-05-07 11:00:00,83.93473,16.73263,10.312552243471146
5515,2020-05-07 12:00:00,83.93337,16.67132000000001,10.31055262684822
5516,2020-05-07 13:00:00,83.9318,16.610929999999996,10.333461046218872
5517,2020-05-07 14:00:00,83.93024,16.55149,10.326109930872917
5518,2020-05-07 15:00:00,83.92874,16.492019999999997,10.294199883937836
5519,2020-05-07 16:00:00,83.92694,16.432420000000008,10.267323017120361
5520,2020-05-07 17:00:00,83.9249,16.372070000000008,10.179990872740746
5521,2020-05-07 18:00:00,83.92263,16.31071,10.246479585766792
5522,2020-05-07 19:00:00,83.92,16.24879999999999,10.515002459287643
5523,2020-05-07 20:00:00,83.91692,16.18665999999999,10.863739341497421
5524,2020-05-07 21:00:00,83.91354,16.125869999999992,11.081294596195221
5525,2020-05-07 22:00:00,83.90995,16.06787,11.119666144251823
5526,2020-05-07 23:00:00,83.90621,16.012940000000015,11.10922884941101
5527,2020-05-08 00:00:00,83.90242,15.960620000000006,11.001608684659004
5528,2020-05-08 01:00:00,83.89867,15.910020000000003,11.035808056592941
5529,2020-05-08 02:00:00,83.89473,15.859309999999994,11.237729087471962
5530,2020-05-08 03:00:00,83.89059,15.80646999999999,11.231197997927666
5531,2020-05-08 04:00:00,83.88616,15.750940000000014,11.027197241783142
5532,2020-05-08 05:00:00,83.88183,15.69341,10.870251879096031
5533,2020-05-08 06:00:00,83.87729,15.631,10.81038412451744
5534,2020-05-08 07:00:00,83.87259,15.563379999999995,10.678138315677643
5535,2020-05-08 08:00:00,83.86787,15.49287000000001,10.45627635717392
5536,2020-05-08 09:00:00,83.86319,15.420760000000001,10.213433757424355
5537,2020-05-08 10:00:00,83.85882,15.348189999999988,10.190990224480629
5538,2020-05-08 11:00:00,83.85501,15.276769999999999,10.368412896990776
5539,2020-05-08 12:00:00,83.8518,15.205610000000007,10.300197765231133
5540,2020-05-08 13:00:00,83.84891,15.138260000000002,10.133330762386322
5541,2020-05-08 14:00:00,83.84627,15.073039999999992,9.902603164315224
5542,2020-05-08 15:00:00,83.84401,15.00981999999999,9.573303014039993
5543,2020-05-08 16:00:00,83.84191,14.948090000000008,9.515050411224365
5544,2020-05-08 17:00:00,83.83985,14.886130000000009,9.734299570322037
5545,2020-05-08 18:00:00,83.83784,14.823370000000011,10.12236151099205
5546,2020-05-08 19:00:00,83.83555,14.7594,10.25534924864769
5547,2020-05-08 20:00:00,83.833,14.694320000000005,10.215615540742874
5548,2020-05-08 21:00:00,83.83014,14.632460000000009,9.95228135585785
5549,2020-05-08 22:00:00,83.82691,14.573370000000011,9.885846942663193
5550,2020-05-08 23:00:00,83.82339,14.513710000000003,9.885322898626328
5551,2020-05-09 00:00:00,83.81954,14.457539999999995,9.861397847533226
5552,2020-05-09 01:00:00,83.8155,14.407199999999989,9.714610069990158
5553,2020-05-09 02:00:00,83.8114,14.360800000000012,9.628276765346527
5554,2020-05-09 03:00:00,83.80749,14.31620000000001,9.63369706273079
5555,2020-05-09 04:00:00,83.80385,14.272879999999986,9.516020208597183
5556,2020-05-09 05:00:00,83.80027,14.231719999999996,9.32614380121231
5557,2020-05-09 06:00:00,83.7967,14.19292999999999,9.001806452870369
5558,2020-05-09 07:00:00,83.79299,14.151589999999999,8.817055583000183
5559,2020-05-09 08:00:00,83.78906,14.111809999999991,8.660521611571312
5560,2020-05-09 09:00:00,83.78485,14.074340000000007,8.547181874513626
5561,2020-05-09 10:00:00,83.78051,14.037209999999988,8.566304683685303
5562,2020-05-09 11:00:00,83.77574,13.997209999999995,8.547218665480614
5563,2020-05-09 12:00:00,83.77083,13.96681000000001,8.55030483007431
5564,2020-05-09 13:00:00,83.76596,13.943720000000013,8.470148175954819
5565,2020-05-09 14:00:00,83.76125,13.92376999999999,8.468602418899536
5566,2020-05-09 15:00:00,83.75657,13.909909999999996,8.37951885163784
5567,2020-05-09 16:00:00,83.75218,13.895129999999995,8.278260305523872
5568,2020-05-09 17:00:00,83.74796,13.87849,8.338820666074753
5569,2020-05-09 18:00:00,83.74384,13.859379999999987,8.390107184648514
5570,2020-05-09 19:00:00,83.73965,13.83789999999999,8.463269531726837
5571,2020-05-09 20:00:00,83.73516,13.813449999999989,8.573159217834473
5572,2020-05-09 21:00:00,83.73055,13.78603000000001,8.605119928717613
5573,2020-05-09 22:00:00,83.72605,13.757509999999996,8.847893625497818
5574,2020-05-09 23:00:00,83.72166,13.730940000000004,9.025202184915543
5575,2020-05-10 00:00:00,83.71739,13.710460000000012,9.1917245388031
5576,2020-05-10 01:00:00,83.71334,13.693739999999991,9.226014137268066
5577,2020-05-10 02:00:00,83.70944,13.681360000000012,9.381429836153984
5578,2020-05-10 03:00:00,83.70557,13.67152999999999,9.61236196756363
5579,2020-05-10 04:00:00,83.70157,13.660439999999994,9.699065372347832
5580,2020-05-10 05:00:00,83.69775,13.649079999999998,9.65856346487999
5581,2020-05-10 06:00:00,83.69367,13.634359999999987,9.705711871385574
5582,2020-05-10 07:00:00,83.68907,13.61393000000001,9.713342681527138
5583,2020-05-10 08:00:00,83.68389,13.588060000000013,9.71137173473835
5584,2020-05-10 09:00:00,83.67821,13.558670000000006,9.819841921329498
5585,2020-05-10 10:00:00,83.67212,13.52727999999999,10.083512619137764
5586,2020-05-10 11:00:00,83.6657,13.495650000000012,10.41288896650076
5587,2020-05-10 12:00:00,83.65907,13.464589999999987,10.611815765500069
5588,2020-05-10 13:00:00,83.65237,13.43540999999999,10.659244000911713
5589,2020-05-10 14:00:00,83.64557,13.40888000000001,10.71579885482788
5590,2020-05-10 15:00:00,83.63881,13.385580000000004,10.656310349702835
5591,2020-05-10 16:00:00,83.63226,13.36581000000001,10.545805469155312
5592,2020-05-10 17:00:00,83.62587,13.346990000000005,10.812139570713043
5593,2020-05-10 18:00:00,83.61954,13.328039999999987,10.92877259850502
5594,2020-05-10 19:00:00,83.61317,13.307600000000008,10.92377170920372
5595,2020-05-10 20:00:00,83.60673,13.285269999999997,10.93758112192154
5596,2020-05-10 21:00:00,83.60028,13.261359999999996,11.175889745354652
5597,2020-05-10 22:00:00,83.59376,13.236500000000007,11.081550002098083
5598,2020-05-10 23:00:00,83.58715,13.212320000000005,11.1796153485775
5599,2020-05-11 00:00:00,83.58058,13.190049999999985,11.310768187046051
5600,2020-05-11 01:00:00,83.57411,13.17147,11.28276751935482
5601,2020-05-11 02:00:00,83.56775,13.15791999999999,10.892039507627487
5602,2020-05-11 03:00:00,83.56144,13.14994999999999,10.147517338395119
5603,2020-05-11 04:00:00,83.55503,13.146320000000003,10.319810539484024
5604,2020-05-11 05:00:00,83.54848,13.145810000000012,10.459034532308578
5605,2020-05-11 06:00:00,83.54174,13.144990000000007,11.016703993082047
5606,2020-05-11 07:00:00,83.5347,13.143750000000011,11.50582030415535
5607,2020-05-11 08:00:00,83.52738,13.141790000000015,11.360318899154663
5608,2020-05-11 09:00:00,83.5198,13.138080000000002,10.973836317658424
5609,2020-05-11 10:00:00,83.51208,13.131640000000004,10.800269775092602
5610,2020-05-11 11:00:00,83.50439,13.122590000000002,10.565156787633896
5611,2020-05-11 12:00:00,83.49678,13.111979999999988,9.946998730301857
5612,2020-05-11 13:00:00,83.48936,13.102249999999998,9.405886694788933
5613,2020-05-11 14:00:00,83.48215,13.094780000000014,8.855236932635307
5614,2020-05-11 15:00:00,83.47522,13.089859999999987,8.50321002304554
5615,2020-05-11 16:00:00,83.46852,13.085820000000012,8.16795814037323
5616,2020-05-11 17:00:00,83.46226,13.080989999999986,7.943627059459686
5617,2020-05-11 18:00:00,83.45658,13.074000000000012,8.128666430711746
5618,2020-05-11 19:00:00,83.45145,13.064750000000004,8.347612112760544
5619,2020-05-11 20:00:00,83.44679,13.054180000000002,8.06694495677948
5620,2020-05-11 21:00:00,83.44262,13.041230000000013,8.003706589341164
5621,2020-05-11 22:00:00,83.43891,13.026299999999992,6.615560740232468
5622,2020-05-11 23:00:00,83.4356,13.010539999999992,6.128485530614853
5623,2020-05-12 00:00:00,83.43262,12.994769999999988,5.8382492661476135
5624,2020-05-12 01:00:00,83.42995,12.98026999999999,5.660365328192711
5625,2020-05-12 02:00:00,83.42749,12.966829999999987,5.837532937526703
5626,2020-05-12 03:00:00,83.42532,12.954119999999989,5.585108205676079
5627,2020-05-12 04:00:00,83.42348,12.942219999999992,5.853100776672363
5628,2020-05-12 05:00:00,83.42199,12.928290000000004,6.439935356378555
5629,2020-05-12 06:00:00,83.42095,12.910050000000012,7.226864203810692
5630,2020-05-12 07:00:00,83.42038,12.8853,7.959570467472076
5631,2020-05-12 08:00:00,83.42024,12.852910000000008,8.612294003367424
5632,2020-05-12 09:00:00,83.42046,12.813690000000008,9.064478024840355
5633,2020-05-12 10:00:00,83.42135,12.768840000000012,9.87183903157711
5634,2020-05-12 11:00:00,83.42247,12.721129999999988,10.551341354846954
5635,2020-05-12 12:00:00,83.4235,12.673910000000006,10.721947893500328
5636,2020-05-12 13:00:00,83.42372,12.628680000000003,10.366725444793701
5637,2020-05-12 14:00:00,83.4232,12.581410000000005,8.984873622655869
5638,2020-05-12 15:00:00,83.42201,12.532010000000014,9.812691330909729
5639,2020-05-12 16:00:00,83.42008,12.477509999999995,10.645985841751099
5640,2020-05-12 17:00:00,83.41761,12.418710000000004,11.384102523326874
5641,2020-05-12 18:00:00,83.41453,12.350819999999999,12.83776393532753
5642,2020-05-12 19:00:00,83.41067,12.28121999999999,13.812791138887405
5643,2020-05-12 20:00:00,83.40658,12.197030000000012,14.525951862335205
5644,2020-05-12 21:00:00,83.40201,12.108609999999999,15.524736762046814
5645,2020-05-12 22:00:00,83.39732,12.021389999999997,16.873820275068283
5646,2020-05-12 23:00:00,83.39166,11.934449999999998,18.150614798069
5647,2020-05-13 00:00:00,83.38534,11.833490000000012,19.101113080978394
5648,2020-05-13 01:00:00,83.37974,11.720760000000013,19.060563504695892
5649,2020-05-13 02:00:00,83.37598,11.588169999999991,19.067806467413902
5650,2020-05-13 03:00:00,83.37325,11.45881,19.18574084341526
5651,2020-05-13 04:00:00,83.37161,11.334329999999994,18.940462961792946
5652,2020-05-13 05:00:00,83.37117,11.219330000000014,18.277522310614586
5653,2020-05-13 06:00:00,83.37125,11.110829999999993,17.538019225001335
5654,2020-05-13 07:00:00,83.37148,11.005740000000003,16.72208233177662
5655,2020-05-13 08:00:00,83.37155,10.905110000000008,15.729353040456772
5656,2020-05-13 09:00:00,83.37105,10.810480000000013,14.543587312102318
5657,2020-05-13 10:00:00,83.3706,10.717109999999991,14.75064654648304
5658,2020-05-13 11:00:00,83.37024,10.627749999999992,14.10145115852356
5659,2020-05-13 12:00:00,83.36956,10.5394,13.343051373958588
5660,2020-05-13 13:00:00,83.36863,10.459800000000001,13.178813382983208
5661,2020-05-13 14:00:00,83.36793,10.383350000000007,13.362419798970222
5662,2020-05-13 15:00:00,83.36753,10.315539999999999,13.259516298770905
5663,2020-05-13 16:00:00,83.36732,10.262709999999998,12.986001670360565
5664,2020-05-13 17:00:00,83.36755,10.221910000000008,12.393530666828156
5665,2020-05-13 18:00:00,83.36809,10.191630000000004,11.61591786146164
5666,2020-05-13 19:00:00,83.36885,10.169370000000015,10.867293879389763
5667,2020-05-13 20:00:00,83.37001,10.158940000000001,10.381775990128517
5668,2020-05-13 21:00:00,83.37176,10.145309999999995,10.355704367160797
5669,2020-05-13 22:00:00,83.37401,10.125110000000006,10.007971316576004
5670,2020-05-13 23:00:00,83.37648,10.101030000000009,9.590532273054123
5671,2020-05-14 00:00:00,83.37905,10.07383999999999,9.610263958573341
5672,2020-05-14 01:00:00,83.3812,10.047650000000004,9.402165070176125
5673,2020-05-14 02:00:00,83.38312,10.022050000000007,9.02204267680645
5674,2020-05-14 03:00:00,83.38492,10.000859999999989,8.7798021286726
5675,2020-05-14 04:00:00,83.38676,9.98375999999999,8.31187242269516
5676,2020-05-14 05:00:00,83.38876,9.970940000000013,7.684363976120949
5677,2020-05-14 06:00:00,83.3906,9.959039999999987,7.121592342853546
5678,2020-05-14 07:00:00,83.39206,9.945819999999998,6.582912474870682
5679,2020-05-14 08:00:00,83.39313,9.93189000000001,6.231953263282776
5680,2020-05-14 09:00:00,83.39372,9.917460000000005,5.507290452718735
5681,2020-05-14 10:00:00,83.39376,9.906409999999994,5.036131262779236
5682,2020-05-14 11:00:00,83.39333,9.89527000000001,4.93107508122921
5683,2020-05-14 12:00:00,83.39213,9.883829999999989,5.346956849098206
5684,2020-05-14 13:00:00,83.3912,9.878179999999986,5.7166184931993484
5685,2020-05-14 14:00:00,83.3901,9.881290000000007,6.616296648979187
5686,2020-05-14 15:00:00,83.38798,9.875550000000004,7.08991152048111
5687,2020-05-14 16:00:00,83.38546,9.862560000000002,7.8642581552267075
5688,2020-05-14 17:00:00,83.38246,9.846509999999995,8.14041182398796
5689,2020-05-14 18:00:00,83.38009,9.826629999999994,8.13438992202282
5690,2020-05-14 19:00:00,83.37764,9.79531,7.8848088681697845
5691,2020-05-14 20:00:00,83.37607,9.776129999999995,7.758909285068512
5692,2020-05-14 21:00:00,83.37477,9.757740000000013,7.7300912737846375
5693,2020-05-14 22:00:00,83.374,9.732910000000004,7.832843750715256
5694,2020-05-14 23:00:00,83.37375,9.704430000000002,8.027333050966263
5695,2020-05-15 00:00:00,83.37413,9.672179999999997,8.283310383558273
5696,2020-05-15 01:00:00,83.37464,9.6447,8.50791221857071
5697,2020-05-15 02:00:00,83.37563,9.617500000000007,8.666808307170868
5698,2020-05-15 03:00:00,83.37704,9.585700000000003,8.711641997098923
5699,2020-05-15 04:00:00,83.37859,9.552390000000003,8.622667416930199
5700,2020-05-15 05:00:00,83.38021,9.519530000000003,8.370902433991432
5701,2020-05-15 06:00:00,83.38182,9.488069999999993,8.07247544825077
5702,2020-05-15 07:00:00,83.38341,9.45854,7.7926105707883835
5703,2020-05-15 08:00:00,83.38485,9.429840000000013,7.636447995901108
5704,2020-05-15 09:00:00,83.38624,9.40213,7.518329441547394
5705,2020-05-15 10:00:00,83.38752,9.373879999999986,7.5174767673015594
5706,2020-05-15 11:00:00,83.38864,9.344490000000008,7.547211855649948
5707,2020-05-15 12:00:00,83.3896,9.30628999999999,7.596471145749092
5708,2020-05-15 13:00:00,83.3904,9.273799999999994,7.733472630381584
5709,2020-05-15 14:00:00,83.39114,9.242109999999997,7.640482872724533
5710,2020-05-15 15:00:00,83.39182,9.211890000000011,7.411190643906593
5711,2020-05-15 16:00:00,83.39224,9.191110000000009,7.1563436686992645
5712,2020-05-15 17:00:00,83.39254,9.164479999999998,6.9466114938259125
5713,2020-05-15 18:00:00,83.39279,9.149840000000012,6.934544458985329
5714,2020-05-15 19:00:00,83.39243,9.148959999999988,7.039605110883713
5715,2020-05-15 20:00:00,83.39221,9.145299999999992,7.009617879986763
5716,2020-05-15 21:00:00,83.39251,9.13024999999999,6.83941949903965
5717,2020-05-15 22:00:00,83.39271,9.119900000000001,6.39175420999527
5718,2020-05-15 23:00:00,83.39256,9.119490000000013,6.044208437204361
5719,2020-05-16 00:00:00,83.39237,9.114210000000014,5.82007509469986
5720,2020-05-16 01:00:00,83.39224,9.113040000000012,5.75932452082634
5721,2020-05-16 02:00:00,83.39222,9.112449999999995,5.530783593654633
5722,2020-05-16 03:00:00,83.39218,9.111969999999985,4.924092054367065
5723,2020-05-16 04:00:00,83.39224,9.11166,4.509065628051758
5724,2020-05-16 05:00:00,83.3922,9.11151000000001,4.322295576334
5725,2020-05-16 06:00:00,83.39215,9.111549999999994,4.169050946831703
5726,2020-05-16 07:00:00,83.39211,9.111639999999994,4.041435077786446
5727,2020-05-16 08:00:00,83.39208,9.111739999999998,3.856948107481003
5728,2020-05-16 09:00:00,83.39205,9.111760000000004,3.4032009541988373
5729,2020-05-16 10:00:00,83.39194,9.109499999999997,3.018077775835991
5730,2020-05-16 11:00:00,83.39178,9.111529999999988,3.173621192574501
5731,2020-05-16 12:00:00,83.39152,9.111430000000013,3.4505146145820618
5732,2020-05-16 13:00:00,83.39118,9.110839999999996,3.6597085297107697
5733,2020-05-16 14:00:00,83.39071,9.109839999999991,3.7028023302555084
5734,2020-05-16 15:00:00,83.39014,9.108329999999995,3.3623282313346863
5735,2020-05-16 16:00:00,83.38951,9.107110000000006,2.927393674850464
5736,2020-05-16 17:00:00,83.38888,9.106410000000011,2.771536946296692
5737,2020-05-16 18:00:00,83.38833,9.106680000000011,2.64591908454895
5738,2020-05-16 19:00:00,83.38782,9.107169999999996,2.5902780890464783
5739,2020-05-16 20:00:00,83.38735,9.107460000000003,2.7315833568573
5740,2020-05-16 21:00:00,83.38702,9.09826000000001,2.8655329048633575
5741,2020-05-16 22:00:00,83.38736,9.083529999999996,2.8734257221221924
5742,2020-05-16 23:00:00,83.3872,9.061759999999992,2.83021941781044
5743,2020-05-17 00:00:00,83.38698,9.06098,2.618130251765251
5744,2020-05-17 01:00:00,83.38677,9.060129999999987,2.51083642244339
5745,2020-05-17 02:00:00,83.38648,9.059419999999989,2.544011741876602
5746,2020-05-17 03:00:00,83.38613,9.05850000000001,2.56270495057106
5747,2020-05-17 04:00:00,83.38564,9.05677,2.664567843079567
5748,2020-05-17 05:00:00,83.38461,9.048550000000006,2.840275764465332
5749,2020-05-17 06:00:00,83.38498,9.055820000000011,3.0842189490795135
5750,2020-05-17 07:00:00,83.38418,9.04840999999999,3.395426705479622
5751,2020-05-17 08:00:00,83.38252,9.041249999999991,3.6395720541477203
5752,2020-05-17 09:00:00,83.38191,9.03958,3.728741079568863
5753,2020-05-17 10:00:00,83.37315,9.025350000000003,3.6343874037265778
5754,2020-05-17 11:00:00,83.37226,9.02161000000001,3.5949173271656036
5755,2020-05-17 12:00:00,83.37054,9.012229999999988,3.6994356364011765
5756,2020-05-17 13:00:00,83.3689,9.006849999999986,3.606930062174797
5757,2020-05-17 14:00:00,83.36132,9.09926999999999,3.4837246239185333
5758,2020-05-17 15:00:00,83.35608,9.133759999999995,3.3905204832553864
5759,2020-05-17 16:00:00,83.34615,9.083619999999996,3.3223537504673004
5760,2020-05-17 17:00:00,83.34389,9.04262,3.366228461265564
5761,2020-05-17 18:00:00,83.34278,9.035300000000007,3.488378018140793
5762,2020-05-17 19:00:00,83.34387,8.995479999999986,3.560320019721985
5763,2020-05-17 20:00:00,83.34387,8.96884,3.475739747285843
5764,2020-05-17 21:00:00,83.34408,8.924059999999997,3.2917394638061523
5765,2020-05-17 22:00:00,83.35239,8.82086000000001,3.1972300708293915
5766,2020-05-17 23:00:00,83.35213,8.805509999999998,3.271070271730423
5767,2020-05-18 00:00:00,83.35066,8.798310000000015,3.43679615855217
5768,2020-05-18 01:00:00,83.34892,8.789549999999991,3.4840859174728394
5769,2020-05-18 02:00:00,83.34771,8.780300000000011,3.3800531774759293
5770,2020-05-18 03:00:00,83.34664,8.769939999999991,3.5583414137363434
5771,2020-05-18 04:00:00,83.34509,8.766230000000007,3.9809885919094086
5772,2020-05-18 05:00:00,83.34345,8.757959999999997,4.252295434474945
5773,2020-05-18 06:00:00,83.3422,8.748289999999997,4.675582781434059
5774,2020-05-18 07:00:00,83.33798,8.698119999999989,5.045702502131462
5775,2020-05-18 08:00:00,83.33421,8.686669999999992,5.097365915775299
5776,2020-05-18 09:00:00,83.33197,8.68589,5.139810487627983
5777,2020-05-18 10:00:00,83.32959,8.686329999999998,5.113533362746239
5778,2020-05-18 11:00:00,83.3271,8.687360000000012,5.009280264377594
5779,2020-05-18 12:00:00,83.32452,8.688580000000002,5.002123937010765
5780,2020-05-18 13:00:00,83.32189,8.689879999999988,5.131209000945091
5781,2020-05-18 14:00:00,83.31919,8.690370000000001,5.335517719388008
5782,2020-05-18 15:00:00,83.31636,8.690889999999996,5.384839773178101
5783,2020-05-18 16:00:00,83.31347,8.692740000000015,5.383241564035416
5784,2020-05-18 17:00:00,83.31058,8.69525999999999,5.25845867395401
5785,2020-05-18 18:00:00,83.30767,8.698990000000009,5.172919109463692
5786,2020-05-18 19:00:00,83.30474,8.703489999999988,5.076901078224182
5787,2020-05-18 20:00:00,83.30182,8.709599999999995,5.1362738609313965
5788,2020-05-18 21:00:00,83.29897,8.716820000000013,5.218584448099136
5789,2020-05-18 22:00:00,83.29622,8.725560000000002,5.232550635933876
5790,2020-05-18 23:00:00,83.2936,8.735500000000002,5.205411106348038
5791,2020-05-19 00:00:00,83.29117,8.74620999999999,5.006348207592964
5792,2020-05-19 01:00:00,83.28897,8.756669999999986,4.894832566380501
5793,2020-05-19 02:00:00,83.28692,8.765649999999994,4.85856494307518
5794,2020-05-19 03:00:00,83.28499,8.772649999999999,4.707490190863609
5795,2020-05-19 04:00:00,83.28307,8.77942999999999,4.486178532242775
5796,2020-05-19 05:00:00,83.28111,8.78692000000001,4.305560946464539
5797,2020-05-19 06:00:00,83.27916,8.794319999999999,4.275262892246246
5798,2020-05-19 07:00:00,83.277,8.804180000000002,4.33025486767292
5799,2020-05-19 08:00:00,83.2747,8.815400000000011,4.421270728111267
5800,2020-05-19 09:00:00,83.27245,8.827879999999993,4.506421387195587
5801,2020-05-19 10:00:00,83.27016,8.842659999999995,4.483969539403915
5802,2020-05-19 11:00:00,83.26788,8.858309999999989,4.385463535785675
5803,2020-05-19 12:00:00,83.26477,8.873140000000006,4.285246305167675
5804,2020-05-19 13:00:00,83.26302,8.889209999999991,4.155839078128338
5805,2020-05-19 14:00:00,83.25909,8.902909999999991,4.072967693209648
5806,2020-05-19 15:00:00,83.25559,8.921060000000011,3.9525353014469147
5807,2020-05-19 16:00:00,83.25099,8.944549999999992,3.8069987148046494
5808,2020-05-19 17:00:00,83.24844,8.96341000000001,3.6044822335243225
5809,2020-05-19 18:00:00,83.24006,9.06128000000001,3.4584945738315582
5810,2020-05-19 19:00:00,83.23231,9.125460000000004,3.616747796535492
5811,2020-05-19 20:00:00,83.22763,9.29468,3.719023883342743
5812,2020-05-19 21:00:00,83.22529,9.318340000000006,4.203615605831146
5813,2020-05-19 22:00:00,83.21802,9.30847,4.441942900419235
5814,2020-05-19 23:00:00,83.21266,9.338220000000007,4.4399994015693665
5815,2020-05-20 00:00:00,83.204,9.475390000000004,4.285348534584045
5816,2020-05-20 01:00:00,83.20023,9.566519999999997,4.262385293841362
5817,2020-05-20 02:00:00,83.1984,9.606619999999992,3.9839538484811783
5818,2020-05-20 03:00:00,83.19892,9.612850000000009,3.677151009440422
5819,2020-05-20 04:00:00,83.19989,9.62867,3.6623577922582626
5820,2020-05-20 05:00:00,83.20047,9.639129999999994,3.589775577187538
5821,2020-05-20 06:00:00,83.20109,9.643,3.859317898750305
5822,2020-05-20 07:00:00,83.19366,9.769450000000006,4.079315707087517
5823,2020-05-20 08:00:00,83.19247,9.812399999999997,4.401726767420769
5824,2020-05-20 09:00:00,83.18774,9.842160000000007,4.9721699655056
5825,2020-05-20 10:00:00,83.17845,9.900599999999997,5.01165297627449
5826,2020-05-20 11:00:00,83.17535,9.93744000000001,5.04148605465889
5827,2020-05-20 12:00:00,83.16824,10.002710000000008,5.097947910428047
5828,2020-05-20 13:00:00,83.1403,10.075909999999993,5.833639770746231
5829,2020-05-20 14:00:00,83.13145,10.106069999999988,6.368795067071915
5830,2020-05-20 15:00:00,83.11934,10.13409999999999,6.244777828454971
5831,2020-05-20 16:00:00,83.09706,10.227980000000002,6.18088886141777
5832,2020-05-20 17:00:00,83.0898,10.289870000000008,6.173134863376617
5833,2020-05-20 18:00:00,83.08535,10.336569999999995,5.626717269420624
5834,2020-05-20 19:00:00,83.08557,10.364260000000002,5.611224204301834
5835,2020-05-20 20:00:00,83.08229,10.407289999999989,6.069448620080948
5836,2020-05-20 21:00:00,83.07836,10.455189999999988,5.4766193479299545
5837,2020-05-20 22:00:00,83.0712,10.561810000000008,4.9560540318489075
5838,2020-05-20 23:00:00,83.06785,10.630259999999993,5.036891877651215
5839,2020-05-21 00:00:00,83.05786,10.801559999999995,6.725441932678223
5840,2020-05-21 01:00:00,83.05355,10.933140000000009,6.1744736433029175
5841,2020-05-21 02:00:00,83.05541,10.953100000000006,5.900548532605171
5842,2020-05-21 03:00:00,83.05796,10.969699999999989,5.934450209140778
5843,2020-05-21 04:00:00,83.06028,10.98284000000001,5.831406503915787
5844,2020-05-21 05:00:00,83.06228,10.992909999999995,5.695124715566635
5845,2020-05-21 06:00:00,83.06456,10.996870000000001,5.308731555938721
5846,2020-05-21 07:00:00,83.04678,11.104399999999998,5.062577739357948
5847,2020-05-21 08:00:00,83.03754,11.13033999999999,5.037196531891823
5848,2020-05-21 09:00:00,83.02107,11.10463999999999,5.158560663461685
5849,2020-05-21 10:00:00,83.00916,11.06241,5.175896733999252
5850,2020-05-21 11:00:00,82.98446,11.036660000000012,5.128701150417328
5851,2020-05-21 12:00:00,82.97703,11.06483,4.932583801448345
5852,2020-05-21 13:00:00,82.97601,11.060219999999987,4.82031112909317
5853,2020-05-21 14:00:00,82.96739,11.032270000000011,4.897977039217949
5854,2020-05-21 15:00:00,82.96183,11.028860000000009,5.0186246782541275
5855,2020-05-21 16:00:00,82.964,11.226100000000002,4.876176044344902
5856,2020-05-21 17:00:00,82.96383,11.388630000000006,4.92736154794693
5857,2020-05-21 18:00:00,82.97201,11.41964999999999,4.878424495458603
5858,2020-05-21 19:00:00,82.97231,11.476940000000013,4.666691988706589
5859,2020-05-21 20:00:00,82.96588,11.532690000000002,4.335974156856537
5860,2020-05-21 21:00:00,82.96042,11.572769999999991,4.171903669834137
5861,2020-05-21 22:00:00,82.95671,11.59581,4.1557008028030396
5862,2020-05-21 23:00:00,82.95385,11.656859999999995,3.965180680155754
5863,2020-05-22 00:00:00,82.95449,11.656880000000001,3.562002569437027
5864,2020-05-22 01:00:00,82.95505,11.659040000000005,3.3857180923223495
5865,2020-05-22 02:00:00,82.95628,11.658119999999997,3.330588459968567
5866,2020-05-22 03:00:00,82.95731,11.656569999999988,2.9439667463302612
5867,2020-05-22 04:00:00,82.95818,11.650810000000007,2.5889135152101517
5868,2020-05-22 05:00:00,82.957,11.650499999999994,2.3952397406101227
5869,2020-05-22 06:00:00,82.95438,11.65034,2.2201481759548187
5870,2020-05-22 07:00:00,82.94855,11.634559999999993,1.9974181801080704
5871,2020-05-22 08:00:00,82.9422,11.635860000000008,1.8256529867649078
5872,2020-05-22 09:00:00,82.93988,11.620560000000012,1.6247177720069885
5873,2020-05-22 10:00:00,82.93904,11.603379999999987,1.4323585331439972
5874,2020-05-22 11:00:00,82.93829,11.587340000000012,1.2953586131334305
5875,2020-05-22 12:00:00,82.93026,11.611310000000003,1.23263680934906
5876,2020-05-22 13:00:00,82.92624,11.618470000000002,1.3501540571451187
5877,2020-05-22 14:00:00,82.92479,11.661670000000015,1.5589452236890793
5878,2020-05-22 15:00:00,82.92047,11.672509999999988,1.7256314754486084
5879,2020-05-22 16:00:00,82.91759,11.590100000000007,1.9463383108377457
5880,2020-05-22 17:00:00,82.91405,11.449399999999997,2.214207172393799
5881,2020-05-22 18:00:00,82.90727,11.375990000000002,2.4322398006916046
5882,2020-05-22 19:00:00,82.89536,11.255410000000012,2.5594365000724792
5883,2020-05-22 20:00:00,82.89409,11.158860000000004,2.5853315889835358
5884,2020-05-22 21:00:00,82.89126,11.10521,2.514405533671379
5885,2020-05-22 22:00:00,82.88679,11.090270000000004,2.4337244629859924
5886,2020-05-22 23:00:00,82.88414,11.083560000000006,2.4303126335144043
5887,2020-05-23 00:00:00,82.87791,11.095010000000002,2.413407802581787
5888,2020-05-23 01:00:00,82.87448,11.09711999999999,2.4038433134555817
5889,2020-05-23 02:00:00,82.87071,11.099340000000012,2.4173384457826614
5890,2020-05-23 03:00:00,82.86325,11.10920999999999,2.250551238656044
5891,2020-05-23 04:00:00,82.85013,11.118979999999993,2.034097746014595
5892,2020-05-23 05:00:00,82.83831,11.0899,2.037148639559746
5893,2020-05-23 06:00:00,82.82867,11.00349,1.995693564414978
5894,2020-05-23 07:00:00,82.82562,10.935129999999987,1.824815571308136
5895,2020-05-23 08:00:00,82.82211,10.87482,1.7508673667907715
5896,2020-05-23 09:00:00,82.81277,10.794610000000006,1.7386726289987564
5897,2020-05-23 10:00:00,82.80604,10.734139999999996,1.593708112835884
5898,2020-05-23 11:00:00,82.79289,10.612169999999992,1.7484416216611862
5899,2020-05-23 12:00:00,82.7926,10.514710000000008,1.973726972937584
5900,2020-05-23 13:00:00,82.79021,10.42340999999999,2.228336676955223
5901,2020-05-23 14:00:00,82.79002,10.416769999999985,2.5328145623207092
5902,2020-05-23 15:00:00,82.78594,10.40155999999999,2.6653896123170853
5903,2020-05-23 16:00:00,82.78211,10.404619999999994,2.7589543610811234
5904,2020-05-23 17:00:00,82.78013,10.40619000000001,2.822607100009918
5905,2020-05-23 18:00:00,82.77872,10.408500000000004,2.9978232085704803
5906,2020-05-23 19:00:00,82.7777,10.392239999999987,3.251401796936989
5907,2020-05-23 20:00:00,82.77558,10.376949999999994,3.438688099384308
5908,2020-05-23 21:00:00,82.77364,10.367860000000007,3.6214334666728973
5909,2020-05-23 22:00:00,82.76749,10.36135999999999,3.832117944955826
5910,2020-05-23 23:00:00,82.76269,10.333480000000009,3.963218405842781
5911,2020-05-24 00:00:00,82.75923,10.286740000000009,4.012875244021416
5912,2020-05-24 01:00:00,82.75372,10.30698000000001,4.104172348976135
5913,2020-05-24 02:00:00,82.7554,10.380709999999993,4.178998231887817
5914,2020-05-24 03:00:00,82.75241,10.38503,4.388415262103081
5915,2020-05-24 04:00:00,82.74249,10.434619999999995,4.7043154537677765
5916,2020-05-24 05:00:00,82.73627,10.454180000000008,4.920643121004105
5917,2020-05-24 06:00:00,82.73054,10.388650000000013,5.106637895107269
5918,2020-05-24 07:00:00,82.72678,10.298159999999996,5.324695035815239
5919,2020-05-24 08:00:00,82.72601,10.283690000000007,5.606353998184204
5920,2020-05-24 09:00:00,82.72476,10.268360000000001,5.877795726060867
5921,2020-05-24 10:00:00,82.72343,10.253870000000006,6.0153277069330215
5922,2020-05-24 11:00:00,82.72219,10.240080000000006,6.229694366455078
5923,2020-05-24 12:00:00,82.72107,10.226879999999994,6.377529442310333
5924,2020-05-24 13:00:00,82.72018,10.214069999999992,6.395531326532364
5925,2020-05-24 14:00:00,82.71959,10.201120000000003,6.339736253023148
5926,2020-05-24 15:00:00,82.71914,10.187600000000003,6.297743201255798
5927,2020-05-24 16:00:00,82.71883,10.173090000000002,6.138800621032715
5928,2020-05-24 17:00:00,82.71867,10.157589999999999,6.190623044967651
5929,2020-05-24 18:00:00,82.71855,10.14142000000001,6.3354088962078094
5930,2020-05-24 19:00:00,82.71842,10.124230000000011,6.442972034215927
5931,2020-05-24 20:00:00,82.71424,10.091020000000015,6.7393748462200165
5932,2020-05-24 21:00:00,82.71363,10.06701000000001,6.735116630792618
5933,2020-05-24 22:00:00,82.71363,10.049759999999992,6.2161817997694016
5934,2020-05-24 23:00:00,82.71381,10.034089999999992,6.189499869942665
5935,2020-05-25 00:00:00,82.71424,10.020119999999991,6.269401729106903
5936,2020-05-25 01:00:00,82.71495,10.007740000000013,6.304858669638634
5937,2020-05-25 02:00:00,82.71595,9.996919999999989,6.230597048997879
5938,2020-05-25 03:00:00,82.71732,9.987950000000012,6.098501577973366
5939,2020-05-25 04:00:00,82.7189,9.980739999999997,6.036625042557716
5940,2020-05-25 05:00:00,82.72049,9.971139999999991,6.262206166982651
5941,2020-05-25 06:00:00,82.72009,9.899499999999989,6.1105421632528305
5942,2020-05-25 07:00:00,82.72254,9.848780000000005,5.833797991275787
5943,2020-05-25 08:00:00,82.73022,9.70899,5.741946637630463
5944,2020-05-25 09:00:00,82.67649,9.298000000000002,5.872317284345627
5945,2020-05-25 10:00:00,82.66138,9.167020000000008,5.882470920681953
5946,2020-05-25 11:00:00,82.66137,9.161190000000005,5.804367333650589
5947,2020-05-25 12:00:00,82.65343,8.845079999999996,5.669150218367577
5948,2020-05-25 13:00:00,82.62624,8.323019999999985,5.366984874010086
5949,2020-05-25 14:00:00,82.56262,8.050389999999993,5.254474431276321
5950,2020-05-25 15:00:00,82.52012,7.980079999999987,5.210820779204369
5951,2020-05-25 16:00:00,82.48386,8.052109999999999,5.661421075463295
5952,2020-05-25 17:00:00,82.44151,8.278760000000005,6.092286720871925
5953,2020-05-25 18:00:00,82.42544,8.257560000000012,6.150496497750282
5954,2020-05-25 19:00:00,82.39932,8.156800000000004,6.149296581745148
5955,2020-05-25 20:00:00,82.40172,8.13655,6.272262543439865
5956,2020-05-25 21:00:00,82.40505,8.131450000000001,6.368264839053154
5957,2020-05-25 22:00:00,82.408,8.130359999999996,6.699475914239883
5958,2020-05-25 23:00:00,82.41133,8.131079999999997,7.2996886521577835
5959,2020-05-26 00:00:00,82.4146,8.13615999999999,7.433765426278114
5960,2020-05-26 01:00:00,82.41799,8.146299999999997,7.009436279535294
5961,2020-05-26 02:00:00,82.42155,8.162779999999998,6.456605300307274
5962,2020-05-26 03:00:00,82.42493,8.183040000000005,6.181742370128632
5963,2020-05-26 04:00:00,82.42568,8.184390000000008,5.9334936290979385
5964,2020-05-26 05:00:00,82.41091,8.185779999999994,5.729272127151489
5965,2020-05-26 06:00:00,82.40389,8.126319999999993,5.983514979481697
5966,2020-05-26 07:00:00,82.37399,8.158230000000003,6.431627601385117
5967,2020-05-26 08:00:00,82.34575,8.377530000000007,6.095963969826698
5968,2020-05-26 09:00:00,82.35179,8.232470000000006,5.399305522441864
5969,2020-05-26 10:00:00,82.32176,8.19523000000001,5.0683693289756775
5970,2020-05-26 11:00:00,82.31767,8.187450000000013,5.2801637053489685
5971,2020-05-26 12:00:00,82.31342,8.17016000000001,5.484182983636856
5972,2020-05-26 13:00:00,82.3122,8.15055000000001,6.072721987962723
5973,2020-05-26 14:00:00,82.30959,8.121659999999991,6.73714417219162
5974,2020-05-26 15:00:00,82.30111,8.190480000000008,6.178680807352066
5975,2020-05-26 16:00:00,82.30578,8.179090000000002,6.301848143339157
5976,2020-05-26 17:00:00,82.31056,8.18180000000001,6.330253519117832
5977,2020-05-26 18:00:00,82.31326,8.168139999999994,5.998872801661491
5978,2020-05-26 19:00:00,82.31627,8.15655000000001,5.753420859575272
5979,2020-05-26 20:00:00,82.31907,8.146179999999987,6.367008864879608
5980,2020-05-26 21:00:00,82.32241,8.139330000000001,8.287027329206467
5981,2020-05-26 22:00:00,82.32809,8.143489999999986,10.433016777038574
5982,2020-05-26 23:00:00,82.33447,8.152389999999997,9.843998193740845
5983,2020-05-27 00:00:00,82.34155,8.167789999999997,8.704379871487617
5984,2020-05-27 01:00:00,82.34809,8.18714,8.500533178448677
5985,2020-05-27 02:00:00,82.35335,8.202030000000008,8.133730500936508
5986,2020-05-27 03:00:00,82.3581,8.217649999999992,7.613033100962639
5987,2020-05-27 04:00:00,82.36561,8.237369999999999,6.860530972480774
5988,2020-05-27 05:00:00,82.3727,8.259029999999996,6.97228179872036
5989,2020-05-27 06:00:00,82.3787,8.28379000000001,7.644585818052292
5990,2020-05-27 07:00:00,82.38347,8.308750000000003,8.29492712020874
5991,2020-05-27 08:00:00,82.38706,8.326150000000013,9.319797441363335
5992,2020-05-27 09:00:00,82.38949,8.336669999999998,9.807913586497307
5993,2020-05-27 10:00:00,82.39116,8.341180000000008,9.48851116001606
5994,2020-05-27 11:00:00,82.39257,8.34056000000001,8.969534754753113
5995,2020-05-27 12:00:00,82.39322,8.340849999999989,8.783898174762726
5996,2020-05-27 13:00:00,82.39369,8.341100000000012,8.783555075526237
5997,2020-05-27 14:00:00,82.39404,8.340039999999988,8.53455026447773
5998,2020-05-27 15:00:00,82.39432,8.339290000000005,8.246455311775208
5999,2020-05-27 16:00:00,82.3944,8.340460000000007,7.8244160413742065
6000,2020-05-27 17:00:00,82.39417,8.338940000000008,7.2987649738788605
6001,2020-05-27 18:00:00,82.3939,8.33542,6.914765730500221
6002,2020-05-27 19:00:00,82.39337,8.327300000000008,6.528960108757019
6003,2020-05-27 20:00:00,82.39286,8.32014000000001,6.309247851371765
6004,2020-05-27 21:00:00,82.39231,8.310900000000004,6.265861511230469
6005,2020-05-27 22:00:00,82.39165,8.302099999999996,5.913393259048462
6006,2020-05-27 23:00:00,82.3912,8.292020000000008,5.66133788228035
6007,2020-05-28 00:00:00,82.39056,8.284590000000009,4.897430911660194
6008,2020-05-28 01:00:00,82.38998,8.280360000000002,4.20782807469368
6009,2020-05-28 02:00:00,82.38963,8.280090000000001,3.7315295040607452
6010,2020-05-28 03:00:00,82.38941,8.283590000000004,3.4580126106739044
6011,2020-05-28 04:00:00,82.38916,8.288880000000006,3.232128754258156
6012,2020-05-28 05:00:00,82.38892,8.294749999999993,3.2501793056726456
6013,2020-05-28 06:00:00,82.38864,8.299849999999992,3.3597304970026016
6014,2020-05-28 07:00:00,82.38808,8.302819999999997,3.310359001159668
6015,2020-05-28 08:00:00,82.38721,8.303359999999998,3.0249346643686295
6016,2020-05-28 09:00:00,82.38569,8.296670000000006,3.0165182650089264
6017,2020-05-28 10:00:00,82.38464,8.30259000000001,2.9966161400079727
6018,2020-05-28 11:00:00,82.38318,8.299440000000004,3.0453157871961594
6019,2020-05-28 12:00:00,82.37585,8.354230000000001,3.0541389733552933
6020,2020-05-28 13:00:00,82.36435,8.380470000000003,2.9900825172662735
6021,2020-05-28 14:00:00,82.34681,8.672529999999995,2.992045059800148
6022,2020-05-28 15:00:00,82.33379,8.706289999999996,3.0614381283521652
6023,2020-05-28 16:00:00,82.33139,8.716450000000009,3.035134270787239
6024,2020-05-28 17:00:00,82.31558,8.821640000000002,3.2074583619832993
6025,2020-05-28 18:00:00,82.30619,8.94296,3.077182948589325
6026,2020-05-28 19:00:00,82.2987,9.038260000000008,2.645685777068138
6027,2020-05-28 20:00:00,82.29197,9.044600000000003,2.8729167729616165
6028,2020-05-28 21:00:00,82.29002,9.064240000000012,3.028529331088066
6029,2020-05-28 22:00:00,82.28971,9.096720000000005,3.1690096259117126
6030,2020-05-28 23:00:00,82.28748,9.088629999999995,3.455632984638214
6031,2020-05-29 00:00:00,82.28367,9.095280000000002,3.60379421710968
6032,2020-05-29 01:00:00,82.28201,9.08807999999999,3.666193574666977
6033,2020-05-29 02:00:00,82.26991,9.129760000000005,3.9204620122909546
6034,2020-05-29 03:00:00,82.26387,9.14076,3.929369956254959
6035,2020-05-29 04:00:00,82.26233,9.165809999999993,4.135405033826828
6036,2020-05-29 05:00:00,82.2619,9.176719999999989,4.349227085709572
6037,2020-05-29 06:00:00,82.26172,9.211559999999992,4.609956845641136
6038,2020-05-29 07:00:00,82.24943,9.250259999999997,4.5373257249593735
6039,2020-05-29 08:00:00,82.24666,9.242189999999994,4.591726094484329
6040,2020-05-29 09:00:00,82.23498,9.211970000000008,4.48289331048727
6041,2020-05-29 10:00:00,82.2269,9.221650000000011,4.322551429271698
6042,2020-05-29 11:00:00,82.21313,9.196249999999992,4.012059181928635
6043,2020-05-29 12:00:00,82.20239,9.127960000000002,3.4444674402475357
6044,2020-05-29 13:00:00,82.19187,9.113609999999994,2.785577178001404
6045,2020-05-29 14:00:00,82.16241,9.17858000000001,2.116285979747772
6046,2020-05-29 15:00:00,82.15079,9.162599999999998,1.5569765269756317
6047,2020-05-29 16:00:00,82.14323,9.200610000000012,1.0606222078204155
6048,2020-05-29 17:00:00,82.13639,9.184280000000001,0.659787192940712
6049,2020-05-29 18:00:00,82.11653,9.15440000000001,0.5741659104824066
6050,2020-05-29 19:00:00,82.10119,9.171140000000008,0.7278853952884674
6051,2020-05-29 20:00:00,82.08369,9.134039999999999,0.9703093469142914
6052,2020-05-29 21:00:00,82.06281,9.094480000000004,1.1118545830249786
6053,2020-05-29 22:00:00,82.04491,9.142269999999996,1.2972709238529205
6054,2020-05-29 23:00:00,82.04064,9.145810000000012,1.6712751984596252
6055,2020-05-30 00:00:00,82.03961,9.137699999999995,2.268470346927643
6056,2020-05-30 01:00:00,82.02928,9.16422,2.6919989585876465
6057,2020-05-30 02:00:00,82.0134,9.221800000000002,3.319780260324478
6058,2020-05-30 03:00:00,81.98795,9.339820000000003,3.9819665253162384
6059,2020-05-30 04:00:00,81.98433,9.369920000000008,4.538202285766602
6060,2020-05-30 05:00:00,81.97738,9.329509999999999,5.126454919576645
6061,2020-05-30 06:00:00,81.96625,9.323440000000005,5.703550770878792
6062,2020-05-30 07:00:00,81.94549,9.33547999999999,5.866542741656303
6063,2020-05-30 08:00:00,81.94515,9.36733000000001,5.396419033408165
6064,2020-05-30 09:00:00,81.94366,9.39054999999999,5.3018903732299805
6065,2020-05-30 10:00:00,81.94184,9.412569999999988,5.608499988913536
6066,2020-05-30 11:00:00,81.93938,9.43092999999999,5.859050899744034
6067,2020-05-30 12:00:00,81.93645,9.448049999999995,6.290307566523552
6068,2020-05-30 13:00:00,81.93347,9.46350000000001,6.857487574219704
6069,2020-05-30 14:00:00,81.93087,9.476200000000006,7.093396723270416
6070,2020-05-30 15:00:00,81.92716,9.483370000000008,7.101946756243706
6071,2020-05-30 16:00:00,81.92308,9.484039999999993,6.91642864048481
6072,2020-05-30 17:00:00,81.91916,9.48084,6.691350936889648
6073,2020-05-30 18:00:00,81.92886,9.531389999999988,6.08748397231102
6074,2020-05-30 19:00:00,81.92767,9.531149999999997,4.94035267829895
6075,2020-05-30 20:00:00,81.92808,9.529570000000007,4.3111293613910675
6076,2020-05-30 21:00:00,81.9146,9.60494,4.123258724808693
6077,2020-05-30 22:00:00,81.90248,9.69228000000001,3.8226026594638824
6078,2020-05-30 23:00:00,81.86858,9.758929999999992,4.47186541557312
6079,2020-05-31 00:00:00,81.84377,9.794129999999996,5.542105317115784
6080,2020-05-31 01:00:00,81.83668,9.808899999999994,5.916941478848457
6081,2020-05-31 02:00:00,81.82745,9.809730000000002,5.558815211057663
6082,2020-05-31 03:00:00,81.80841,9.865000000000009,4.940924286842346
6083,2020-05-31 04:00:00,81.80883,9.870620000000002,4.86470103263855
6084,2020-05-31 05:00:00,81.80912,9.862179999999995,4.942678019404411
6085,2020-05-31 06:00:00,81.80878,9.853350000000006,5.001872897148132
6086,2020-05-31 07:00:00,81.80116,9.855559999999997,4.633881792426109
6087,2020-05-31 08:00:00,81.79962,9.85705999999999,4.166836902499199
6088,2020-05-31 09:00:00,81.79329,9.868349999999992,4.28478516638279
6089,2020-05-31 10:00:00,81.77892,9.88481999999999,4.958991557359695
6090,2020-05-31 11:00:00,81.73637,9.89661000000001,5.972297742962837
6091,2020-05-31 12:00:00,81.72478,9.916589999999985,6.209293961524963
6092,2020-05-31 13:00:00,81.7163,9.878710000000012,5.945329487323761
6093,2020-05-31 14:00:00,81.70018,9.773500000000013,5.521810233592987
6094,2020-05-31 15:00:00,81.69269,9.745039999999989,5.3600006848573685
6095,2020-05-31 16:00:00,81.67507,9.747039999999998,5.219702675938606
6096,2020-05-31 17:00:00,81.65484,9.691730000000007,5.350577875971794
6097,2020-05-31 18:00:00,81.63459,9.702149999999989,5.3485143929719925
6098,2020-05-31 19:00:00,81.58515,9.820459999999997,5.2445482313632965
6099,2020-05-31 20:00:00,81.55067,9.839040000000011,5.695339024066925
6100,2020-05-31 21:00:00,81.50959,9.866629999999986,5.8754967749118805
6101,2020-05-31 22:00:00,81.4795,9.807799999999986,5.861773028969765
6102,2020-05-31 23:00:00,81.45918,9.719439999999992,6.121104806661606
6103,2020-06-01 00:00:00,81.39513,9.87978000000001,6.430094450712204
6104,2020-06-01 01:00:00,81.39253,9.89049,6.802169844508171
6105,2020-06-01 02:00:00,81.37446,9.856740000000002,6.83893209695816
6106,2020-06-01 03:00:00,81.36824,9.847440000000006,6.7910523265600204
6107,2020-06-01 04:00:00,81.35922,9.848610000000008,6.869259983301163
6108,2020-06-01 05:00:00,81.3581,9.865229999999997,7.1839345023036
6109,2020-06-01 06:00:00,81.35868,9.87088,6.583036467432976
6110,2020-06-01 07:00:00,81.35902,9.878179999999986,6.515538588166237
6111,2020-06-01 08:00:00,81.35924,9.886539999999997,5.98985281586647
6112,2020-06-01 09:00:00,81.35918,9.896659999999997,6.113562822341919
6113,2020-06-01 10:00:00,81.35866,9.904529999999994,6.302632227540016
6114,2020-06-01 11:00:00,81.3577,9.90961999999999,6.437644638121128
6115,2020-06-01 12:00:00,81.35642,9.911020000000008,5.78633888810873
6116,2020-06-01 13:00:00,81.35488,9.90637000000001,5.2599664479494095
6117,2020-06-01 14:00:00,81.34372,9.9435,4.79524989426136
6118,2020-06-01 15:00:00,81.33429,9.940750000000008,4.185183562338352
6119,2020-06-01 16:00:00,81.30972,9.879099999999994,3.540504053235054
6120,2020-06-01 17:00:00,81.30372,9.848099999999988,2.9425318390130997
6121,2020-06-01 18:00:00,81.29242,9.803110000000004,2.4555151611566544
6122,2020-06-01 19:00:00,81.28295,9.7791,2.164594203233719
6123,2020-06-01 20:00:00,81.27983,9.78470999999999,2.065948963165283
6124,2020-06-01 21:00:00,81.27015,9.764990000000012,2.146047994494438
6125,2020-06-01 22:00:00,81.24774,9.678239999999988,2.565519705414772
6126,2020-06-01 23:00:00,81.23132,9.688420000000008,3.179912030696869
6127,2020-06-02 00:00:00,81.20832,9.669119999999992,3.7141663283109665
6128,2020-06-02 01:00:00,81.15597,9.714259999999996,4.185854911804199
6129,2020-06-02 02:00:00,81.12207,9.751059999999995,4.898231267929077
6130,2020-06-02 03:00:00,81.10734,9.738169999999997,5.75329677760601
6131,2020-06-02 04:00:00,81.08291,9.637760000000014,6.110211029648781
6132,2020-06-02 05:00:00,81.05442,9.709980000000002,8.489712789654732
6133,2020-06-02 06:00:00,81.03855,9.637239999999991,8.497738227248192
6134,2020-06-02 07:00:00,80.98517,9.665500000000009,8.506257489323616
6135,2020-06-02 08:00:00,80.96001,9.725179999999995,8.349601849913597
6136,2020-06-02 09:00:00,80.93171,9.70589000000001,8.262760043144226
6137,2020-06-02 10:00:00,80.92066,9.703669999999988,7.829302206635475
6138,2020-06-02 11:00:00,80.90358,9.607699999999994,7.477945551276207
6139,2020-06-02 12:00:00,80.89718,9.582789999999989,7.228504419326782
6140,2020-06-02 13:00:00,80.87657,9.47663,6.6187447011470795
6141,2020-06-02 14:00:00,80.83931,9.480289999999997,6.8062678426504135
6142,2020-06-02 15:00:00,80.77025,9.47994,7.155823037028313
6143,2020-06-02 16:00:00,80.70305,9.565619999999996,7.031444311141968
6144,2020-06-02 17:00:00,80.67492,9.566939999999988,7.1264262944459915
6145,2020-06-02 18:00:00,80.65247,9.618660000000006,7.378304213285446
6146,2020-06-02 19:00:00,80.57347,9.79504,7.570634692907333
6147,2020-06-02 20:00:00,80.48929,9.983029999999985,7.684818744659424
6148,2020-06-02 21:00:00,80.39899,10.223890000000011,7.790347188711166
6149,2020-06-02 22:00:00,80.27986,10.618770000000012,7.580579042434692
6150,2020-06-02 23:00:00,80.17757,10.46484000000001,7.481494292616844
6151,2020-06-03 00:00:00,80.0817,10.177429999999987,7.114740788936615
6152,2020-06-03 01:00:00,79.99602,9.923000000000002,7.2845480144023895
6153,2020-06-03 02:00:00,79.90069,9.608180000000004,5.975233018398285
6154,2020-06-03 03:00:00,79.79999,9.348770000000002,6.077495783567429
6155,2020-06-03 04:00:00,79.69293,9.331619999999987,6.200576156377792
6156,2020-06-03 05:00:00,79.58664,9.313459999999992,4.38527238368988
6157,2020-06-03 06:00:00,79.47377,9.294870000000003,4.6049142479896545
6158,2020-06-03 07:00:00,79.36965,9.278079999999989,4.857626795768738
6159,2020-06-03 08:00:00,79.2734,9.261719999999997,4.799587786197662
6160,2020-06-03 09:00:00,79.17111,9.24606,5.3345241248607635
6161,2020-06-03 10:00:00,79.06871,9.228649999999988,5.175321474671364
6162,2020-06-03 11:00:00,78.9631,9.212099999999992,4.919059187173843
6163,2020-06-03 12:00:00,78.85978,9.241539999999986,6.267589449882507
6164,2020-06-03 13:00:00,78.76004,9.419150000000002,5.924333289265633
6165,2020-06-03 14:00:00,78.65218,9.609440000000006,5.60457119345665
6166,2020-06-03 15:00:00,78.54898,9.789500000000004,5.567889496684074
6167,2020-06-03 16:00:00,78.44827,9.963899999999995,5.503431186079979
6168,2020-06-03 17:00:00,78.34712,10.137490000000014,5.52651746571064
6169,2020-06-03 18:00:00,78.24667,10.308760000000007,5.333722561597824
6170,2020-06-03 19:00:00,78.16681,10.443090000000012,4.050357937812805
6171,2020-06-03 20:00:00,78.13163,10.731060000000014,4.029207527637482
6172,2020-06-03 21:00:00,78.12831,11.196370000000002,4.0731672793626785
6173,2020-06-03 22:00:00,78.12461,11.659480000000002,4.187042906880379
6174,2020-06-03 23:00:00,78.12058,12.17849000000001,4.283045738935471
6175,2020-06-04 00:00:00,78.11707,12.627759999999995,4.359752401709557
6176,2020-06-04 01:00:00,78.11355,13.068430000000006,4.380320131778717
6177,2020-06-04 02:00:00,78.12975,13.546429999999987,4.087117165327072
6178,2020-06-04 03:00:00,78.17274,14.094449999999995,1.32839697599411
6179,2020-06-04 04:00:00,78.21494,14.639129999999994,1.282855212688446
6180,2020-06-04 05:00:00,78.25411,15.139819999999986,1.2282058000564575
6181,2020-06-04 06:00:00,78.24675,15.600490000000008,1.1247597932815552
6182,2020-06-04 07:00:00,78.23395,15.62482,1.0447828322649002
6183,2020-06-04 08:00:00,78.23453,15.62285,0.9627205729484558
6184,2020-06-04 09:00:00,78.23448,15.623130000000003,0.8328352719545364
6185,2020-06-04 10:00:00,78.2341,15.624400000000009,0.8447275608778
6186,2020-06-04 11:00:00,78.23382,15.626499999999993,0.9296035617589951
6187,2020-06-04 12:00:00,78.23377,15.628119999999996,0.9298945814371109
6188,2020-06-04 13:00:00,78.23381,15.628359999999986,0.8930190056562424
6189,2020-06-04 14:00:00,78.23327,15.630200000000002,0.8918388336896896
6190,2020-06-04 15:00:00,78.23335,15.63024999999999,0.9384200721979141
6191,2020-06-04 16:00:00,78.23331,15.629970000000014,0.9607549011707306
6192,2020-06-04 17:00:00,78.23406,15.630089999999996,0.9978484660387039
6193,2020-06-04 18:00:00,78.23307,15.628340000000009,1.0486119538545609
6194,2020-06-04 19:00:00,78.23317,15.628690000000006,1.0071120262145996
6195,2020-06-04 20:00:00,78.2331,15.62809999999999,0.9367572367191315
6196,2020-06-04 21:00:00,78.23319,15.629009999999994,0.8588762432336807
6197,2020-06-04 22:00:00,78.23311,15.628160000000008,0.7772422283887863
6198,2020-06-04 23:00:00,78.23314,15.62706,0.7424923032522202
6199,2020-06-05 00:00:00,78.23315,15.627569999999992,1.3756079226732254
6200,2020-06-05 01:00:00,78.23305,15.626800000000003,1.3836392760276794
6201,2020-06-05 02:00:00,78.23333,15.627800000000008,1.4118420481681824
6202,2020-06-05 03:00:00,78.23379,15.629770000000008,1.3814559280872345
6203,2020-06-05 04:00:00,78.23405,15.629870000000011,1.319615125656128
6204,2020-06-05 05:00:00,78.23415,15.62845999999999,1.2482791990041733
6205,2020-06-05 06:00:00,78.23446,15.623680000000007,1.229123279452324
6206,2020-06-05 07:00:00,78.23463,15.623919999999998,1.1345419138669968
6207,2020-06-05 08:00:00,78.23442,15.622809999999987,1.0115098357200623
6208,2020-06-05 09:00:00,78.23425,15.623079999999987,0.9045335352420807
6209,2020-06-05 10:00:00,78.23421,15.62285,0.7958133220672607
6210,2020-06-05 11:00:00,78.23396,15.62317999999999,0.7472864091396332
6211,2020-06-05 12:00:00,78.23384,15.624279999999999,0.6904923170804977
6212,2020-06-05 13:00:00,78.23384,15.62536,0.6994734853506088
6213,2020-06-05 14:00:00,78.23373,15.626929999999987,0.7494014352560043
6214,2020-06-05 15:00:00,78.23354,15.627299999999991,0.765723243355751
6215,2020-06-05 16:00:00,78.23366,15.627690000000001,0.7818864583969116
6216,2020-06-05 17:00:00,78.2337,15.625949999999989,0.895984560251236
6217,2020-06-05 18:00:00,78.23424,15.625079999999997,1.03310889005661
6218,2020-06-05 19:00:00,78.23455,15.626679999999993,1.1462578773498535
6219,2020-06-05 20:00:00,78.23435,15.627340000000004,1.2385411113500595
6220,2020-06-05 21:00:00,78.23435,15.625439999999998,1.3130442798137665
6221,2020-06-05 22:00:00,78.23432,15.622719999999987,1.3872026354074478
6222,2020-06-05 23:00:00,78.23443,15.62254999999999,1.4473661333322525
6223,2020-06-06 00:00:00,78.2345,15.622569999999996,1.4570250362157822
6224,2020-06-06 01:00:00,78.23457,15.622320000000002,1.358727902173996
6225,2020-06-06 02:00:00,78.23463,15.622450000000015,1.28961743414402
6226,2020-06-06 03:00:00,78.23459,15.622320000000002,1.29432912170887
6227,2020-06-06 04:00:00,78.23462,15.62236999999999,1.4142391979694366
6228,2020-06-06 05:00:00,78.23479,15.622989999999987,1.5860844105482101
6229,2020-06-06 06:00:00,78.23488,15.623699999999985,1.6314409524202347
6230,2020-06-06 07:00:00,78.23484,15.622000000000014,1.694035068154335
6231,2020-06-06 08:00:00,78.23499,15.622379999999993,1.7102679461240768
6232,2020-06-06 09:00:00,78.23488,15.621759999999995,1.929283246397972
6233,2020-06-06 10:00:00,78.23437,15.620519999999999,2.293216437101364
6234,2020-06-06 11:00:00,78.23457,15.620389999999986,2.5869845002889633
6235,2020-06-06 12:00:00,78.23476,15.620460000000008,2.8098015934228897
6236,2020-06-06 13:00:00,78.23414,15.61993000000001,2.6697115153074265
6237,2020-06-06 14:00:00,78.23432,15.619949999999989,2.8303321450948715
6238,2020-06-06 15:00:00,78.2347,15.62039999999999,3.25391548871994
6239,2020-06-06 16:00:00,78.23486,15.620830000000012,3.8639609962701797
6240,2020-06-06 17:00:00,78.2349,15.620599999999996,4.172980949282646
6241,2020-06-06 18:00:00,78.23487,15.62111999999999,4.004268795251846
6242,2020-06-06 19:00:00,78.23503,15.621260000000007,4.036104500293732
6243,2020-06-06 20:00:00,78.23453,15.619619999999998,4.006518095731735
6244,2020-06-06 21:00:00,78.23477,15.619889999999998,3.907826006412506
6245,2020-06-06 22:00:00,78.23446,15.61975000000001,3.904200479388237
6246,2020-06-06 23:00:00,78.23496,15.6207,4.120280921459198
6247,2020-06-07 00:00:00,78.2354,15.623189999999994,4.187735736370087
6248,2020-06-07 01:00:00,78.23567,15.625560000000007,4.131331384181976
6249,2020-06-07 02:00:00,78.23557,15.624359999999996,4.1891829669475555
6250,2020-06-07 03:00:00,78.23549,15.623349999999988,4.395527243614197
6251,2020-06-07 04:00:00,78.23571,15.62315000000001,4.71201790869236
6252,2020-06-07 05:00:00,78.23523,15.620689999999996,5.114626988768578
6253,2020-06-07 06:00:00,78.23497,15.618989999999997,5.498651072382927
6254,2020-06-07 07:00:00,78.23522,15.619439999999997,5.393024191260338
6255,2020-06-07 08:00:00,78.23553,15.616489999999999,5.332898661494255
6256,2020-06-07 09:00:00,78.23535,15.615819999999985,5.068527489900589
6257,2020-06-07 10:00:00,78.23594,15.618889999999993,4.477965474128723
6258,2020-06-07 11:00:00,78.23613,15.61864,4.171674817800522
6259,2020-06-07 12:00:00,78.2359,15.617899999999992,4.116108320653439
6260,2020-06-07 13:00:00,78.23644,15.622000000000014,4.005393147468567
6261,2020-06-07 14:00:00,78.23612,15.620059999999995,3.9190741032361984
6262,2020-06-07 15:00:00,78.23626,15.619439999999997,3.8469825983047485
6263,2020-06-07 16:00:00,78.236,15.61796000000001,3.75182843208313
6264,2020-06-07 17:00:00,78.23618,15.61957000000001,3.8090009689331055
6265,2020-06-07 18:00:00,78.23561,15.616209999999995,3.763857290148735
6266,2020-06-07 19:00:00,78.23591,15.616449999999986,3.6517934799194336
6267,2020-06-07 20:00:00,78.23655,15.620589999999993,3.7066080421209335
6268,2020-06-07 21:00:00,78.23638,15.618930000000006,3.989220678806305
6269,2020-06-07 22:00:00,78.23626,15.618420000000015,3.718916952610016
6270,2020-06-07 23:00:00,78.23663,15.620869999999996,3.8124209344387054
6271,2020-06-08 00:00:00,78.23567,15.616389999999996,3.609459236264229
6272,2020-06-08 01:00:00,78.23629,15.618459999999999,3.31914122402668
6273,2020-06-08 02:00:00,78.23594,15.620499999999993,2.939608007669449
6274,2020-06-08 03:00:00,78.23575,15.619220000000013,2.7579659074544907
6275,2020-06-08 04:00:00,78.23532,15.618189999999998,2.3967430889606476
6276,2020-06-08 05:00:00,78.23502,15.619910000000004,2.062834784388542
6277,2020-06-08 06:00:00,78.23499,15.621939999999995,1.5419856011867523
6278,2020-06-08 07:00:00,78.2353,15.622430000000008,1.1424334049224854
6279,2020-06-08 08:00:00,78.23444,15.621589999999998,0.9631301611661911
6280,2020-06-08 09:00:00,78.23434,15.620589999999993,1.1231178045272827
6281,2020-06-08 10:00:00,78.23557,15.627530000000007,1.301350712776184
6282,2020-06-08 11:00:00,78.23603,15.628019999999992,1.5863688439130783
6283,2020-06-08 12:00:00,78.23629,15.627479999999991,1.9017804861068726
6284,2020-06-08 13:00:00,78.23456,15.630110000000002,2.50476785749197
6285,2020-06-08 14:00:00,78.23622,15.629269999999991,3.1001817137002945
6286,2020-06-08 15:00:00,78.26724,15.342299999999994,4.091648086905479
6287,2020-06-08 16:00:00,78.20075,14.51427000000001,4.696802169084549
6288,2020-06-08 17:00:00,78.14085,13.686579999999992,7.656927391886711
6289,2020-06-08 18:00:00,78.11554,12.829430000000002,8.14340652525425
6290,2020-06-08 19:00:00,78.12277,11.918319999999994,8.31693610548973
6291,2020-06-08 20:00:00,78.12998,10.999310000000008,8.49908073246479
6292,2020-06-08 21:00:00,78.19406,10.39797999999999,4.775170117616653
6293,2020-06-08 22:00:00,78.35596,10.12326999999999,4.438227325677872
6294,2020-06-08 23:00:00,78.51955,9.841280000000012,4.224668949842453
6295,2020-06-09 00:00:00,78.6868,9.548990000000003,3.870704099535942
6296,2020-06-09 01:00:00,78.85383,9.253309999999999,3.8542507886886597
6297,2020-06-09 02:00:00,79.02826,9.188050000000004,3.701123461127281
6298,2020-06-09 03:00:00,79.20867,9.171870000000013,3.378360018134117
6299,2020-06-09 04:00:00,79.39128,9.155959999999993,1.3939782679080963
6300,2020-06-09 05:00:00,79.57215,9.139369999999985,1.3821301460266113
6301,2020-06-09 06:00:00,79.74576,9.123649999999998,2.263765901327133
6302,2020-06-09 07:00:00,79.91884,9.107200000000006,1.8681117296218872
6303,2020-06-09 08:00:00,80.09201,9.090730000000008,4.245398297905922
6304,2020-06-09 09:00:00,80.27077,9.072069999999997,5.1250317841768265
6305,2020-06-09 10:00:00,80.35251,9.568909999999988,5.359322682023048
6306,2020-06-09 11:00:00,80.37199,10.031149999999997,5.599527791142464
6307,2020-06-09 12:00:00,80.42868,10.498709999999988,5.717973291873932
6308,2020-06-09 13:00:00,80.49199,10.85575,5.847539380192757
6309,2020-06-09 14:00:00,80.55873,10.766989999999993,6.104157820343971
6310,2020-06-09 15:00:00,80.61413,10.721360000000004,6.413288429379463
6311,2020-06-09 16:00:00,80.63934,10.736369999999994,6.571517169475555
6312,2020-06-09 17:00:00,80.66949,10.834149999999994,6.751900628209114
6313,2020-06-09 18:00:00,80.69262,10.791200000000003,7.019609421491623
6314,2020-06-09 19:00:00,80.71436,10.769319999999993,7.108881428837776
6315,2020-06-09 20:00:00,80.74624,10.958480000000009,7.808559358119965
6316,2020-06-09 21:00:00,80.78975,10.952269999999999,7.833538621664047
6317,2020-06-09 22:00:00,80.80342,10.88830999999999,7.746996849775314
6318,2020-06-09 23:00:00,80.85673,10.928940000000011,7.726240292191505
6319,2020-06-10 00:00:00,80.90057,10.903330000000011,7.58028145134449
6320,2020-06-10 01:00:00,80.93662,10.956819999999993,7.3167146891355515
6321,2020-06-10 02:00:00,80.93487,10.93735000000001,7.297095417976379
6322,2020-06-10 03:00:00,80.94073,10.92801,7.238257959485054
6323,2020-06-10 04:00:00,80.9545,11.033170000000013,7.353283196687698
6324,2020-06-10 05:00:00,80.9696,10.941100000000006,7.12219101190567
6325,2020-06-10 06:00:00,80.98084,10.920379999999994,6.818385452032089
6326,2020-06-10 07:00:00,80.98054,10.921130000000005,6.248210400342941
6327,2020-06-10 08:00:00,80.97953,10.918170000000003,5.588591679930687
6328,2020-06-10 09:00:00,80.9887,10.988740000000007,4.999174162745476
6329,2020-06-10 10:00:00,81.01186,10.931510000000003,4.432047262787819
6330,2020-06-10 11:00:00,81.0584,10.97990999999999,3.826954662799835
6331,2020-06-10 12:00:00,81.05492,10.966010000000011,3.1087986528873444
6332,2020-06-10 13:00:00,81.05127,10.952300000000008,2.3695108853280544
6333,2020-06-10 14:00:00,81.0645,10.975220000000007,1.6419015005230904
6334,2020-06-10 15:00:00,81.08302,10.894509999999997,1.0559174865484238
6335,2020-06-10 16:00:00,81.11089,10.73893000000001,1.1026365160942078
6336,2020-06-10 17:00:00,81.16665,10.540539999999993,1.726640596985817
6337,2020-06-10 18:00:00,81.19813,10.59745000000001,2.3086890131235123
6338,2020-06-10 19:00:00,81.19768,10.590149999999994,2.7012610882520676
6339,2020-06-10 20:00:00,81.19833,10.584869999999995,3.3335267901420593
6340,2020-06-10 21:00:00,81.21738,10.560609999999997,3.894064784049988
6341,2020-06-10 22:00:00,81.24641,10.480719999999991,4.137915670871735
6342,2020-06-10 23:00:00,81.26394,10.368760000000009,4.2263326942920685
6343,2020-06-11 00:00:00,81.33049,10.15473,4.546751022338867
6344,2020-06-11 01:00:00,81.38301,10.000049999999987,5.026340559124947
6345,2020-06-11 02:00:00,81.41651,9.76330999999999,5.597590461373329
6346,2020-06-11 03:00:00,81.44117,9.65428,6.094415530562401
6347,2020-06-11 04:00:00,81.50625,9.50197,6.685439616441727
6348,2020-06-11 05:00:00,81.5095,9.49645000000001,7.328899517655373
6349,2020-06-11 06:00:00,81.54559,9.36966000000001,7.492649704217911
6350,2020-06-11 07:00:00,81.56306,9.392500000000013,7.01652404665947
6351,2020-06-11 08:00:00,81.59841,9.286820000000006,7.276148959994316
6352,2020-06-11 09:00:00,81.61012,9.310759999999988,7.657925307750702
6353,2020-06-11 10:00:00,81.63621,9.458949999999987,7.837540984153748
6354,2020-06-11 11:00:00,81.63987,9.398789999999991,7.53881274163723
6355,2020-06-11 12:00:00,81.66611,9.009690000000006,7.445633590221405
6356,2020-06-11 13:00:00,81.67075,8.953660000000013,7.520696505904198
6357,2020-06-11 14:00:00,81.69869,8.921570000000003,7.38911671936512
6358,2020-06-11 15:00:00,81.70457,8.937540000000013,7.144303888082504
6359,2020-06-11 16:00:00,81.73053,8.935239999999993,6.885547503829002
6360,2020-06-11 17:00:00,81.75263,9.008790000000005,6.599790126085281
6361,2020-06-11 18:00:00,81.76368,8.798720000000003,6.3881544172763824
6362,2020-06-11 19:00:00,81.78366,8.742500000000007,5.877458542585373
6363,2020-06-11 20:00:00,81.79721,8.762979999999999,4.845607116818428
6364,2020-06-11 21:00:00,81.82917,8.629130000000004,3.218575030565262
6365,2020-06-11 22:00:00,81.85144,8.496649999999988,2.8331875801086426
6366,2020-06-11 23:00:00,81.8624,8.542730000000006,2.39147812128067
6367,2020-06-12 00:00:00,81.8827,8.562569999999994,2.1140025556087494
6368,2020-06-12 01:00:00,81.93453,8.427719999999994,1.901330292224884
6369,2020-06-12 02:00:00,81.95928,8.338740000000001,1.350578486919403
6370,2020-06-12 03:00:00,81.98306,8.284359999999992,0.8889323174953461
6371,2020-06-12 04:00:00,82.00206,8.273860000000013,0.7550655454397202
6372,2020-06-12 05:00:00,82.01915,8.258440000000007,1.1385162323713303
6373,2020-06-12 06:00:00,82.0375,8.271170000000012,1.696673184633255
6374,2020-06-12 07:00:00,82.04122,8.28934000000001,1.8714805096387863
6375,2020-06-12 08:00:00,82.07005,8.249140000000011,1.8940585255622864
6376,2020-06-12 09:00:00,82.0891,8.322839999999985,2.225943401455879
6377,2020-06-12 10:00:00,82.09252,8.318099999999987,2.7843150198459625
6378,2020-06-12 11:00:00,82.09637,8.273349999999994,2.547011077404022
6379,2020-06-12 12:00:00,82.12407,8.107799999999997,2.584778279066086
6380,2020-06-12 13:00:00,82.14197,7.915729999999996,2.355285868048668
6381,2020-06-12 14:00:00,82.18306,7.83005,2.7657080739736557
6382,2020-06-12 15:00:00,82.18732,7.810540000000003,2.4304016828536987
6383,2020-06-12 16:00:00,82.19199,7.788330000000002,1.6557631939649582
6384,2020-06-12 17:00:00,82.20572,7.793900000000008,2.1409529000520706
6385,2020-06-12 18:00:00,82.20814,7.748860000000008,3.402434781193733
6386,2020-06-12 19:00:00,82.20588,7.727640000000008,4.464175179600716
6387,2020-06-12 20:00:00,82.20316,7.710730000000012,3.76940456032753
6388,2020-06-12 21:00:00,82.20447,7.732049999999987,4.703113064169884
6389,2020-06-12 22:00:00,82.20586,7.674209999999988,4.572174847126007
6390,2020-06-12 23:00:00,82.21964,7.599889999999988,4.360042870044708
6391,2020-06-13 00:00:00,82.21809,7.577679999999987,4.846301034092903
6392,2020-06-13 01:00:00,82.2175,7.560730000000007,5.779269516468048
6393,2020-06-13 02:00:00,82.21235,7.546590000000009,6.757055759429932
6394,2020-06-13 03:00:00,82.20736,7.5370200000000125,6.906410753726959
6395,2020-06-13 04:00:00,82.20193,7.533060000000006,7.117521196603775
6396,2020-06-13 05:00:00,82.19582,7.538540000000012,7.173026442527771
6397,2020-06-13 06:00:00,82.19024,7.5484500000000025,7.854384571313858
6398,2020-06-13 07:00:00,82.18473,7.566879999999998,8.925770848989487
6399,2020-06-13 08:00:00,82.1794,7.589940000000013,9.230465218424797
6400,2020-06-13 09:00:00,82.17412,7.6152700000000095,9.407244071364403
6401,2020-06-13 10:00:00,82.16861,7.640899999999988,10.595462307333946
6402,2020-06-13 11:00:00,82.16251,7.664629999999988,11.583712995052338
6403,2020-06-13 12:00:00,82.15551,7.6830699999999865,11.677474483847618
6404,2020-06-13 13:00:00,82.1479,7.696339999999992,12.101804837584496
6405,2020-06-13 14:00:00,82.13958,7.7034400000000005,11.798858374357224
6406,2020-06-13 15:00:00,82.13075,7.70277999999999,11.41988417506218
6407,2020-06-13 16:00:00,82.12169,7.693810000000013,10.76745592057705
6408,2020-06-13 17:00:00,82.11327,7.678020000000004,10.195305228233337
6409,2020-06-13 18:00:00,82.10622,7.656839999999988,10.042804330587387
6410,2020-06-13 19:00:00,82.10018,7.637810000000002,9.96504607796669
6411,2020-06-13 20:00:00,82.09537,7.623199999999997,9.864897549152374
6412,2020-06-13 21:00:00,82.09183,7.616230000000002,9.614198178052902
6413,2020-06-13 22:00:00,82.08906,7.618860000000012,9.000986978411674
6414,2020-06-13 23:00:00,82.08658,7.632170000000002,8.289473563432693
6415,2020-06-14 00:00:00,82.08418,7.65222,7.599885419011116
6416,2020-06-14 01:00:00,82.0815,7.674749999999989,6.532564356923103
6417,2020-06-14 02:00:00,82.0785,7.7004599999999925,6.613678157329559
6418,2020-06-14 03:00:00,82.07531,7.7270599999999945,6.387384980916977
6419,2020-06-14 04:00:00,82.07208,7.752469999999988,6.44501069188118
6420,2020-06-14 05:00:00,82.06877,7.7761099999999885,6.192762196063995
6421,2020-06-14 06:00:00,82.06561,7.7973499999999945,5.909082338213921
6422,2020-06-14 07:00:00,82.06282,7.812240000000003,6.030009403824806
6423,2020-06-14 08:00:00,82.05958,7.818929999999995,5.945926636457443
6424,2020-06-14 09:00:00,82.05645,7.819760000000002,6.157528877258301
6425,2020-06-14 10:00:00,82.05281,7.8195499999999925,5.878241956233978
6426,2020-06-14 11:00:00,82.04858,7.819709999999986,5.9696641862392426
6427,2020-06-14 12:00:00,82.04361,7.816820000000007,5.881781339645386
6428,2020-06-14 13:00:00,82.03776,7.810200000000009,5.831285759806633
6429,2020-06-14 14:00:00,82.03091,7.7991600000000005,5.644080623984337
6430,2020-06-14 15:00:00,82.02321,7.779380000000003,5.52349928021431
6431,2020-06-14 16:00:00,82.01483,7.751170000000002,5.64245767891407
6432,2020-06-14 17:00:00,82.02285,7.7682100000000105,5.918783634901047
6433,2020-06-14 18:00:00,82.02018,7.747590000000002,6.409051492810249
6434,2020-06-14 19:00:00,82.01637,7.719840000000005,6.693575143814087
6435,2020-06-14 20:00:00,82.01184,7.698309999999992,6.834932893514633
6436,2020-06-14 21:00:00,82.00953,7.685769999999991,6.726920902729034
6437,2020-06-14 22:00:00,82.01104,7.737650000000002,6.836869344115257
6438,2020-06-14 23:00:00,82.01117,7.758780000000002,7.0869480073452
6439,2020-06-15 00:00:00,82.01063,7.831799999999987,7.489523857831955
6440,2020-06-15 01:00:00,82.00734,7.911319999999989,7.948842883110046
6441,2020-06-15 02:00:00,82.00279,7.965990000000005,8.397297233343124
6442,2020-06-15 03:00:00,81.99827,8.005840000000006,8.752148002386093
6443,2020-06-15 04:00:00,81.99479,8.032730000000015,9.086182281374931
6444,2020-06-15 05:00:00,81.99406,8.054090000000002,9.567262053489685
6445,2020-06-15 06:00:00,81.99392,8.03313,9.417571753263474
6446,2020-06-15 07:00:00,81.99616,8.019290000000012,9.382761746644974
6447,2020-06-15 08:00:00,81.99385,8.024799999999999,9.771708488464355
6448,2020-06-15 09:00:00,81.99855,8.08617000000001,11.036772415041924
6449,2020-06-15 10:00:00,82.00088,8.164230000000003,10.947103142738342
6450,2020-06-15 11:00:00,81.99949,8.17743999999999,11.241788148880005
6451,2020-06-15 12:00:00,82.01327,8.229989999999987,11.248166725039482
6452,2020-06-15 13:00:00,82.06309,8.179930000000013,11.364409998059273
6453,2020-06-15 14:00:00,82.10283,8.14685,11.142751887440681
6454,2020-06-15 15:00:00,82.11849,8.257769999999994,10.602327451109886
6455,2020-06-15 16:00:00,82.16809,8.417079999999999,10.452264353632927
6456,2020-06-15 17:00:00,82.17867,8.519499999999994,10.280869871377945
6457,2020-06-15 18:00:00,82.20635,8.413710000000009,10.45588368177414
6458,2020-06-15 19:00:00,82.21986,8.212979999999988,10.850874423980713
6459,2020-06-15 20:00:00,82.21443,8.188269999999989,11.129492461681366
6460,2020-06-15 21:00:00,82.20841,8.184329999999989,11.304105788469315
6461,2020-06-15 22:00:00,82.20766,8.20156,11.6381276845932
6462,2020-06-15 23:00:00,82.20166,8.213099999999997,11.978119477629662
6463,2020-06-16 00:00:00,82.19567,8.230150000000009,11.947809547185898
6464,2020-06-16 01:00:00,82.18919,8.242850000000004,12.25267368555069
6465,2020-06-16 02:00:00,82.18236,8.25403,11.911217868328094
6466,2020-06-16 03:00:00,82.17558,8.304630000000003,11.80884337425232
6467,2020-06-16 04:00:00,82.19562,8.247309999999999,11.16004005074501
6468,2020-06-16 05:00:00,82.22065,8.180020000000013,10.792744249105453
6469,2020-06-16 06:00:00,82.22656,8.294299999999993,10.529067039489746
6470,2020-06-16 07:00:00,82.2273,8.288229999999999,10.01060575246811
6471,2020-06-16 08:00:00,82.22039,8.300569999999993,9.378438517451286
6472,2020-06-16 09:00:00,82.21501,8.311360000000008,9.52066071331501
6473,2020-06-16 10:00:00,82.20843,8.31971999999999,8.942952051758766
6474,2020-06-16 11:00:00,82.20165,8.317550000000011,8.705689400434494
6475,2020-06-16 12:00:00,82.19438,8.313940000000002,8.374404415488243
6476,2020-06-16 13:00:00,82.18663,8.306780000000003,7.776274725794792
6477,2020-06-16 14:00:00,82.1857,8.287880000000001,7.182448104023933
6478,2020-06-16 15:00:00,82.19069,8.347309999999993,6.2403320372104645
6479,2020-06-16 16:00:00,82.18464,8.324630000000013,5.928594842553139
6480,2020-06-16 17:00:00,82.17918,8.297159999999991,6.0154915153980255
6481,2020-06-16 18:00:00,82.17417,8.272279999999995,6.111592143774033
6482,2020-06-16 19:00:00,82.16972,8.248670000000004,6.114367783069611
6483,2020-06-16 20:00:00,82.16675,8.231169999999992,5.89028200507164
6484,2020-06-16 21:00:00,82.16454,8.227069999999998,5.586181432008743
6485,2020-06-16 22:00:00,82.16311,8.233489999999989,5.181125536561012
6486,2020-06-16 23:00:00,82.16214,8.247680000000003,5.4012700766325
6487,2020-06-17 00:00:00,82.16134,8.267150000000015,5.789758637547493
6488,2020-06-17 01:00:00,82.16033,8.289659999999998,6.283701330423355
6489,2020-06-17 02:00:00,82.15887,8.314580000000007,6.476674854755402
6490,2020-06-17 03:00:00,82.15695,8.34226000000001,6.615793958306313
6491,2020-06-17 04:00:00,82.15438,8.372109999999992,6.939051911234856
6492,2020-06-17 05:00:00,82.15143,8.406080000000003,7.386701539158821
6493,2020-06-17 06:00:00,82.17188,8.402539999999988,7.842408657073975
6494,2020-06-17 07:00:00,82.16829,8.440329999999989,7.770236283540726
6495,2020-06-17 08:00:00,82.16357,8.469699999999989,7.491447180509567
6496,2020-06-17 09:00:00,82.15873,8.493140000000011,7.463155850768089
6497,2020-06-17 10:00:00,82.15412,8.509860000000003,6.924913853406906
6498,2020-06-17 11:00:00,82.14939,8.519260000000003,6.977341443300247
6499,2020-06-17 12:00:00,82.14436,8.521029999999996,6.471102610230446
6500,2020-06-17 13:00:00,82.13911,8.515999999999991,6.22265151143074
6501,2020-06-17 14:00:00,82.13446,8.505539999999996,5.840114697813988
6502,2020-06-17 15:00:00,82.12988,8.489329999999995,5.752938017249107
6503,2020-06-17 16:00:00,82.12565,8.468430000000012,5.814205214381218
6504,2020-06-17 17:00:00,82.12249,8.448579999999993,5.757015258073807
6505,2020-06-17 18:00:00,82.1198,8.426880000000011,5.541129142045975
6506,2020-06-17 19:00:00,82.11734,8.411139999999989,5.237662702798843
6507,2020-06-17 20:00:00,82.11499,8.401970000000006,5.060679465532303
6508,2020-06-17 21:00:00,82.11325,8.399730000000005,4.926726818084717
6509,2020-06-17 22:00:00,82.11211,8.403580000000005,4.740189284086227
6510,2020-06-17 23:00:00,82.11133,8.413790000000006,4.577433332800865
6511,2020-06-18 00:00:00,82.11076,8.42931999999999,4.515349641442299
6512,2020-06-18 01:00:00,82.11004,8.447839999999985,4.519307181239128
6513,2020-06-18 02:00:00,82.10895,8.469390000000004,4.663736075162888
6514,2020-06-18 03:00:00,82.10732,8.491980000000012,4.922078341245651
6515,2020-06-18 04:00:00,82.10462,8.512650000000008,5.12462916970253
6516,2020-06-18 05:00:00,82.10105,8.52716000000001,5.4571196883916855
6517,2020-06-18 06:00:00,82.09725,8.532759999999996,5.886159583926201
6518,2020-06-18 07:00:00,82.09312,8.53555,6.429232329130173
6519,2020-06-18 08:00:00,82.08901,8.536509999999993,6.488091245293617
6520,2020-06-18 09:00:00,82.08491,8.537059999999997,5.940240442752838
6521,2020-06-18 10:00:00,82.08072,8.538170000000008,5.736775055527687
6522,2020-06-18 11:00:00,82.07658,8.539569999999998,5.636084750294685
6523,2020-06-18 12:00:00,82.07207,8.539379999999994,5.721662148833275
6524,2020-06-18 13:00:00,82.0671,8.53331,6.335369989275932
6525,2020-06-18 14:00:00,82.0617,8.519990000000007,6.580121248960495
6526,2020-06-18 15:00:00,82.05608,8.499089999999995,6.025518491864204
6527,2020-06-18 16:00:00,82.05149,8.432119999999998,6.019186049699783
6528,2020-06-18 17:00:00,82.04447,8.506519999999995,5.65473672747612
6529,2020-06-18 18:00:00,82.04129,8.47641999999999,5.549781411886215
6530,2020-06-18 19:00:00,82.03876,8.457549999999998,5.462143242359161
6531,2020-06-18 20:00:00,82.03715,8.444169999999986,5.333222270011902
6532,2020-06-18 21:00:00,82.03581,8.441339999999997,5.3328515738248825
6533,2020-06-18 22:00:00,82.035,8.447969999999998,5.362487748265266
6534,2020-06-18 23:00:00,82.0351,8.460070000000002,5.231756165623665
6535,2020-06-19 00:00:00,82.03584,8.477630000000005,5.094784289598465
6536,2020-06-19 01:00:00,82.03686,8.499030000000005,5.233085587620735
6537,2020-06-19 02:00:00,82.03781,8.522950000000009,5.731542468070984
6538,2020-06-19 03:00:00,82.0384,8.54853,6.193337216973305
6539,2020-06-19 04:00:00,82.03844,8.576760000000007,6.583063870668411
6540,2020-06-19 05:00:00,82.03779,8.606539999999995,6.815116763114929
6541,2020-06-19 06:00:00,82.03654,8.63785999999999,6.861218944191933
6542,2020-06-19 07:00:00,82.0346,8.665250000000015,6.724824234843254
6543,2020-06-19 08:00:00,82.03135,8.673220000000015,6.727273792028427
6544,2020-06-19 09:00:00,82.02881,8.688269999999989,7.026039287447929
6545,2020-06-19 10:00:00,82.02713,8.700040000000001,7.542692005634308
6546,2020-06-19 11:00:00,82.02725,8.718220000000002,7.681588739156723
6547,2020-06-19 12:00:00,82.02769,8.74251000000001,7.203861400485039
6548,2020-06-19 13:00:00,82.02782,8.76767000000001,7.086996227502823
6549,2020-06-19 14:00:00,82.02769,8.788630000000012,6.872157260775566
6550,2020-06-19 15:00:00,82.02711,8.805350000000004,6.089713394641876
6551,2020-06-19 16:00:00,82.02684,8.812219999999996,6.038048133254051
6552,2020-06-19 17:00:00,82.02695,8.811350000000004,6.018254950642586
6553,2020-06-19 18:00:00,82.02738,8.807410000000004,5.922298491001129
6554,2020-06-19 19:00:00,82.02818,8.803750000000008,5.953566834330559
6555,2020-06-19 20:00:00,82.02915,8.80682999999999,5.880048409104347
6556,2020-06-19 21:00:00,82.03057,8.81841,5.454074740409851
6557,2020-06-19 22:00:00,82.03222,8.842399999999998,5.413913041353226
6558,2020-06-19 23:00:00,82.03433,8.870769999999993,5.291735917329788
6559,2020-06-20 00:00:00,82.03671,8.903169999999989,4.795121431350708
6560,2020-06-20 01:00:00,82.03906,8.939009999999996,3.820515990257263
6561,2020-06-20 02:00:00,82.04108,8.975609999999989,3.342260390520096
6562,2020-06-20 03:00:00,82.04264,9.010899999999992,2.820862352848053
6563,2020-06-20 04:00:00,82.04366,9.042930000000013,1.9674120396375656
6564,2020-06-20 05:00:00,82.04387,9.072429999999997,1.4758399277925491
6565,2020-06-20 06:00:00,82.04334,9.09912,1.575197920203209
6566,2020-06-20 07:00:00,82.04206,9.120679999999993,1.802238181233406
6567,2020-06-20 08:00:00,82.04006,9.136629999999997,1.9928762912750244
6568,2020-06-20 09:00:00,82.03734,9.147369999999995,2.091807559132576
6569,2020-06-20 10:00:00,82.03407,9.154269999999997,2.0706901997327805
6570,2020-06-20 11:00:00,82.03044,9.155640000000005,2.081144228577614
6571,2020-06-20 12:00:00,82.02692,9.151240000000001,2.10616634786129
6572,2020-06-20 13:00:00,82.02362,9.140160000000009,2.1607371121644974
6573,2020-06-20 14:00:00,82.02029,9.123750000000001,2.237922176718712
6574,2020-06-20 15:00:00,82.01707,9.100719999999995,2.2914800941944122
6575,2020-06-20 16:00:00,82.01419,9.070609999999988,2.3752965927124023
6576,2020-06-20 17:00:00,82.01197,9.036090000000002,2.4284592866897583
6577,2020-06-20 18:00:00,82.0106,9.005030000000005,2.4511546790599823
6578,2020-06-20 19:00:00,82.00992,8.980279999999993,2.398901730775833
6579,2020-06-20 20:00:00,82.00961,8.963470000000001,2.303106591105461
6580,2020-06-20 21:00:00,82.00965,8.957390000000004,2.199186146259308
6581,2020-06-20 22:00:00,82.01004,8.96359000000001,2.1490242183208466
6582,2020-06-20 23:00:00,82.01075,8.978730000000013,2.2362804859876633
6583,2020-06-21 00:00:00,82.01169,8.999509999999987,2.3825999945402145
6584,2020-06-21 01:00:00,82.01272,9.02582000000001,2.488569140434265
6585,2020-06-21 02:00:00,82.01368,9.054990000000004,2.4783903062343597
6586,2020-06-21 03:00:00,82.01431,9.08644000000001,2.5399612486362457
6587,2020-06-21 04:00:00,82.01424,9.116690000000006,2.742241322994232
6588,2020-06-21 05:00:00,82.01318,9.144080000000002,3.045390799641609
6589,2020-06-21 06:00:00,82.01094,9.167429999999996,3.311331421136856
6590,2020-06-21 07:00:00,82.00748,9.185550000000006,3.44531586766243
6591,2020-06-21 08:00:00,82.00318,9.197910000000007,3.5911333560943604
6592,2020-06-21 09:00:00,81.99834,9.204669999999993,3.7595818042755127
6593,2020-06-21 10:00:00,81.99314,9.205719999999985,3.922294020652771
6594,2020-06-21 11:00:00,81.98748,9.201899999999995,4.005724027752876
6595,2020-06-21 12:00:00,81.98196,9.187579999999997,4.032975941896439
6596,2020-06-21 13:00:00,81.97743,9.162759999999992,4.1111642718315125
6597,2020-06-21 14:00:00,81.97374,9.135919999999999,4.1655948013067245
6598,2020-06-21 15:00:00,81.97093,9.10918000000001,4.031600683927536
6599,2020-06-21 16:00:00,81.96916,9.08393000000001,3.7483999729156494
6600,2020-06-21 17:00:00,81.96843,9.059249999999992,3.5276962220668793
6601,2020-06-21 18:00:00,81.96848,9.038849999999996,3.5890322625637054
6602,2020-06-21 19:00:00,81.96891,9.02552,3.9394851326942444
6603,2020-06-21 20:00:00,81.96931,9.017860000000013,4.158405810594559
6604,2020-06-21 21:00:00,81.96979,9.017230000000012,4.350008308887482
6605,2020-06-21 22:00:00,81.97061,9.023719999999997,4.4256749749183655
6606,2020-06-21 23:00:00,81.97185,9.04047,4.3509241938591
6607,2020-06-22 00:00:00,81.97366,9.06608,4.212462842464447
6608,2020-06-22 01:00:00,81.97591,9.095200000000006,4.095218136906624
6609,2020-06-22 02:00:00,81.97859,9.127749999999992,4.032971680164337
6610,2020-06-22 03:00:00,81.98136,9.164549999999991,4.064701825380325
6611,2020-06-22 04:00:00,81.98392,9.202490000000012,4.234668970108032
6612,2020-06-22 05:00:00,81.98589,9.241199999999992,4.329316467046738
6613,2020-06-22 06:00:00,81.98674,9.278549999999996,4.427381619811058
6614,2020-06-22 07:00:00,81.98594,9.311630000000008,4.573888227343559
6615,2020-06-22 08:00:00,81.98393,9.335919999999987,4.810608774423599
6616,2020-06-22 09:00:00,81.98063,9.34921,4.95625838637352
6617,2020-06-22 10:00:00,81.97619,9.352840000000015,4.856691747903824
6618,2020-06-22 11:00:00,81.9717,9.343500000000006,4.911185070872307
6619,2020-06-22 12:00:00,81.96777,9.325569999999999,4.895362727344036
6620,2020-06-22 13:00:00,81.965,9.303850000000011,5.183178350329399
6621,2020-06-22 14:00:00,81.96321,9.280339999999995,5.321586981415749
6622,2020-06-22 15:00:00,81.9627,9.256220000000013,4.948782838881016
6623,2020-06-22 16:00:00,81.9635,9.234219999999993,4.960747003555298
6624,2020-06-22 17:00:00,81.96521,9.218040000000002,5.186067372560501
6625,2020-06-22 18:00:00,81.9673,9.203980000000001,5.199068069458008
6626,2020-06-22 19:00:00,81.96998,9.192430000000002,5.295567572116852
6627,2020-06-22 20:00:00,81.97309,9.192370000000011,5.074650287628174
6628,2020-06-22 21:00:00,81.97632,9.199970000000008,5.253577649593353
6629,2020-06-22 22:00:00,81.97968,9.2166,5.800550490617752
6630,2020-06-22 23:00:00,81.98347,9.242040000000003,6.064885973930359
6631,2020-06-23 00:00:00,81.98781,9.275659999999988,6.197970390319824
6632,2020-06-23 01:00:00,81.99282,9.319299999999998,6.227774113416672
6633,2020-06-23 02:00:00,81.99793,9.370550000000009,6.402555882930756
6634,2020-06-23 03:00:00,82.00282,9.427960000000013,6.465426549315453
6635,2020-06-23 04:00:00,82.007,9.486169999999987,6.522905737161636
6636,2020-06-23 05:00:00,82.01027,9.542259999999999,6.9360019117593765
6637,2020-06-23 06:00:00,82.01241,9.592060000000004,7.158779606223106
6638,2020-06-23 07:00:00,82.01291,9.63449,7.330220282077789
6639,2020-06-23 08:00:00,82.01173,9.666930000000008,7.4072093814611435
6640,2020-06-23 09:00:00,82.0095,9.688870000000009,7.508207082748413
6641,2020-06-23 10:00:00,82.0062,9.699819999999988,7.664051055908203
6642,2020-06-23 11:00:00,82.00249,9.70105000000001,7.894822686910629
6643,2020-06-23 12:00:00,81.99867,9.696580000000012,7.897626534104347
6644,2020-06-23 13:00:00,81.99595,9.68995000000001,7.928307503461838
6645,2020-06-23 14:00:00,81.99445,9.682559999999995,8.026092797517776
6646,2020-06-23 15:00:00,81.99359,9.673609999999996,8.253621235489845
6647,2020-06-23 16:00:00,81.99367,9.658760000000001,8.402847796678543
6648,2020-06-23 17:00:00,81.99479,9.63757000000001,8.578442484140396
6649,2020-06-23 18:00:00,81.99733,9.61518000000001,8.530104219913483
6650,2020-06-23 19:00:00,82.00089,9.598690000000005,8.178712278604507
6651,2020-06-23 20:00:00,82.00535,9.590149999999994,8.188992887735367
6652,2020-06-23 21:00:00,82.01028,9.58753999999999,7.759526193141937
6653,2020-06-23 22:00:00,82.01551,9.592180000000013,7.439091205596924
6654,2020-06-23 23:00:00,82.02067,9.60623000000001,7.018480211496353
6655,2020-06-24 00:00:00,82.0258,9.63024999999999,6.271233841776848
6656,2020-06-24 01:00:00,82.03115,9.667779999999993,6.293747663497925
6657,2020-06-24 02:00:00,82.0365,9.715769999999992,6.4504412561655045
6658,2020-06-24 03:00:00,82.04167,9.769389999999987,6.492867171764374
6659,2020-06-24 04:00:00,82.04604,9.826660000000004,6.509624600410461
6660,2020-06-24 05:00:00,82.04924,9.88239999999999,6.6921902149915695
6661,2020-06-24 06:00:00,82.0509,9.929480000000012,6.368256762623787
6662,2020-06-24 07:00:00,82.05133,9.965219999999988,6.3662072122097015
6663,2020-06-24 08:00:00,82.04989,9.988580000000013,6.321506142616272
6664,2020-06-24 09:00:00,82.04759,10.002319999999997,6.425573527812958
6665,2020-06-24 10:00:00,82.04415,10.004889999999989,6.474330574274063
6666,2020-06-24 11:00:00,82.04019,10.001139999999992,6.273810908198357
6667,2020-06-24 12:00:00,82.03634,9.990080000000006,6.00919109582901
6668,2020-06-24 13:00:00,82.03264,9.974040000000002,5.737340331077576
6669,2020-06-24 14:00:00,82.02934,9.954800000000006,5.319068178534508
6670,2020-06-24 15:00:00,82.02706,9.932449999999989,5.669614940881729
6671,2020-06-24 16:00:00,82.02576,9.904480000000007,5.9076406210660934
6672,2020-06-24 17:00:00,82.02563,9.87321,5.790307998657227
6673,2020-06-24 18:00:00,82.02679,9.841700000000003,5.201752543449402
6674,2020-06-24 19:00:00,82.02881,9.81689,4.5588721334934235
6675,2020-06-24 20:00:00,82.03171,9.800929999999994,4.33412179350853
6676,2020-06-24 21:00:00,82.03546,9.792300000000012,4.477375492453575
6677,2020-06-24 22:00:00,82.03954,9.79149000000001,4.6969572603702545
6678,2020-06-24 23:00:00,82.04369,9.801919999999996,4.850471422076225
6679,2020-06-25 00:00:00,82.048,9.82611,5.030233308672905
6680,2020-06-25 01:00:00,82.05258,9.86124000000001,5.249098539352417
6681,2020-06-25 02:00:00,82.05699,9.906830000000014,5.265090391039848
6682,2020-06-25 03:00:00,82.0608,9.960329999999999,5.157084614038467
6683,2020-06-25 04:00:00,82.06385,10.01581999999999,5.10028164088726
6684,2020-06-25 05:00:00,82.0659,10.070040000000006,4.982398092746735
6685,2020-06-25 06:00:00,82.06667,10.118529999999993,4.717960342764854
6686,2020-06-25 07:00:00,82.06662,10.157700000000006,4.532867640256882
6687,2020-06-25 08:00:00,82.06562,10.184830000000005,4.498891666531563
6688,2020-06-25 09:00:00,82.06363,10.198370000000011,4.707713112235069
6689,2020-06-25 10:00:00,82.06064,10.201189999999997,4.9391233921051025
6690,2020-06-25 11:00:00,82.05696,10.194799999999987,5.042799219489098
6691,2020-06-25 12:00:00,82.05297,10.180200000000013,5.19853575527668
6692,2020-06-25 13:00:00,82.04832,10.159420000000011,4.311517387628555
6693,2020-06-25 14:00:00,82.04366,10.135690000000011,4.108209475874901
6694,2020-06-25 15:00:00,82.03969,10.108149999999995,3.7241575717926025
6695,2020-06-25 16:00:00,82.03606,10.076899999999995,3.462040603160858
6696,2020-06-25 17:00:00,82.03309,10.045199999999994,3.346537798643112
6697,2020-06-25 18:00:00,82.03142,10.00721999999999,3.244303286075592
6698,2020-06-25 19:00:00,82.03079,9.966849999999994,3.1782660484313965
6699,2020-06-25 20:00:00,82.03151,9.930679999999995,3.2513178288936615
6700,2020-06-25 21:00:00,82.0336,9.90182999999999,3.310749739408493
6701,2020-06-25 22:00:00,82.03649,9.882170000000002,3.293524518609047
6702,2020-06-25 23:00:00,82.03977,9.874120000000005,3.3889385610818863
6703,2020-06-26 00:00:00,82.04326,9.879040000000003,3.4515892267227173
6704,2020-06-26 01:00:00,82.04685,9.895659999999992,3.474155694246292
6705,2020-06-26 02:00:00,82.05018,9.922680000000014,3.449197381734848
6706,2020-06-26 03:00:00,82.05273,9.959090000000003,3.4411542117595673
6707,2020-06-26 04:00:00,82.0544,10.00263000000001,3.530620276927948
6708,2020-06-26 05:00:00,82.05448,10.053629999999998,3.631031945347786
6709,2020-06-26 06:00:00,82.05331,10.103070000000002,3.6208000630140305
6710,2020-06-26 07:00:00,82.05094,10.14670000000001,3.555937185883522
6711,2020-06-26 08:00:00,82.04742,10.182179999999988,3.5221499502658844
6712,2020-06-26 09:00:00,82.04325,10.20832999999999,3.5413187593221664
6713,2020-06-26 10:00:00,82.03838,10.220850000000013,4.1042624562978745
6714,2020-06-26 11:00:00,82.03266,10.221769999999992,4.90985469520092
6715,2020-06-26 12:00:00,82.02612,10.213539999999995,5.593438193202019
6716,2020-06-26 13:00:00,82.01919,10.19174000000001,5.713666558265686
6717,2020-06-26 14:00:00,82.01221,10.16040000000001,5.521626695990562
6718,2020-06-26 15:00:00,82.00521,10.126339999999999,5.040397793054581
6719,2020-06-26 16:00:00,81.998,10.089439999999996,4.73529839515686
6720,2020-06-26 17:00:00,81.99123,10.04740000000001,4.849239155650139
6721,2020-06-26 18:00:00,81.9855,10.002350000000007,6.449887156486511
6722,2020-06-26 19:00:00,81.98081,9.956490000000002,7.2033980786800385
6723,2020-06-26 20:00:00,81.97777,9.91413,7.004545271396637
6724,2020-06-26 21:00:00,81.97589,9.869689999999991,6.780177295207977
6725,2020-06-26 22:00:00,81.97556,9.831739999999996,6.04690320789814
6726,2020-06-26 23:00:00,81.97634,9.804540000000003,5.873350188136101
6727,2020-06-27 00:00:00,81.97756,9.789970000000011,5.676683276891708
6728,2020-06-27 01:00:00,81.97844,9.78555,6.284092456102371
6729,2020-06-27 02:00:00,81.97952,9.79128,6.772404581308365
6730,2020-06-27 03:00:00,81.98025,9.804939999999988,6.988427311182022
6731,2020-06-27 04:00:00,81.98008,9.82580999999999,7.114762827754021
6732,2020-06-27 05:00:00,81.97864,9.850279999999998,7.136620074510574
6733,2020-06-27 06:00:00,81.97666,9.873709999999988,6.962910145521164
6734,2020-06-27 07:00:00,81.97372,9.897729999999996,6.733754351735115
6735,2020-06-27 08:00:00,81.96903,9.907759999999996,6.843598157167435
6736,2020-06-27 09:00:00,81.96397,9.911789999999996,7.040130570530891
6737,2020-06-27 10:00:00,81.95856,9.908850000000001,7.071125850081444
6738,2020-06-27 11:00:00,81.95331,9.897850000000005,6.85308238863945
6739,2020-06-27 12:00:00,81.94782,9.881959999999992,6.399475008249283
6740,2020-06-27 13:00:00,81.94172,9.86330000000001,5.91215518116951
6741,2020-06-27 14:00:00,81.93513,9.842070000000007,5.3730971440672874
6742,2020-06-27 15:00:00,81.92826,9.816750000000013,5.012778952717781
6743,2020-06-27 16:00:00,81.92173,9.787229999999994,5.1278087347745895
6744,2020-06-27 17:00:00,81.91587,9.754220000000004,5.2644679099321365
6745,2020-06-27 18:00:00,81.91083,9.714570000000009,5.089139610528946
6746,2020-06-27 19:00:00,81.90718,9.668959999999998,4.9716677069664
6747,2020-06-27 20:00:00,81.90541,9.623789999999985,5.045489013195038
6748,2020-06-27 21:00:00,81.90498,9.580189999999988,5.251819342374802
6749,2020-06-27 22:00:00,81.90554,9.540289999999999,5.535953477025032
6750,2020-06-27 23:00:00,81.90662,9.507920000000013,5.698839172720909
6751,2020-06-28 00:00:00,81.90779,9.486549999999994,5.823424756526947
6752,2020-06-28 01:00:00,81.90864,9.476030000000009,5.818998292088509
6753,2020-06-28 02:00:00,81.90903,9.476310000000012,5.941129699349403
6754,2020-06-28 03:00:00,81.9084,9.483339999999998,6.134525030851364
6755,2020-06-28 04:00:00,81.90704,9.491829999999993,6.217632532119751
6756,2020-06-28 05:00:00,81.90523,9.501710000000003,6.5305658876895905
6757,2020-06-28 06:00:00,81.90235,9.511709999999994,6.877219408750534
6758,2020-06-28 07:00:00,81.89917,9.516379999999998,7.377094060182571
6759,2020-06-28 08:00:00,81.89583,9.515870000000007,7.587943583726883
6760,2020-06-28 09:00:00,81.89209,9.513090000000005,7.628224864602089
6761,2020-06-28 10:00:00,81.88738,9.506779999999992,7.26011697947979
6762,2020-06-28 11:00:00,81.88164,9.495460000000008,6.797560378909111
6763,2020-06-28 12:00:00,81.8752,9.478710000000007,6.626019060611725
6764,2020-06-28 13:00:00,81.8684,9.45689999999999,6.388547390699387
6765,2020-06-28 14:00:00,81.86134,9.430659999999989,6.138787865638733
6766,2020-06-28 15:00:00,81.85412,9.401139999999998,5.711426213383675
6767,2020-06-28 16:00:00,81.84701,9.369370000000004,5.502343729138374
6768,2020-06-28 17:00:00,81.84043,9.335620000000006,5.184111326932907
6769,2020-06-28 18:00:00,81.83472,9.301109999999994,5.309045910835266
6770,2020-06-28 19:00:00,81.83041,9.265590000000003,5.10465881228447
6771,2020-06-28 20:00:00,81.82814,9.23218,4.95483934879303
6772,2020-06-28 21:00:00,81.82764,9.203599999999994,4.716372013092041
6773,2020-06-28 22:00:00,81.8281,9.181610000000006,4.3505749106407166
6774,2020-06-28 23:00:00,81.82925,9.16516999999999,4.238316625356674
6775,2020-06-29 00:00:00,81.83084,9.155100000000004,4.269240632653236
6776,2020-06-29 01:00:00,81.83253,9.15213,4.179685994982719
6777,2020-06-29 02:00:00,81.83377,9.153860000000009,4.1474495977163315
6778,2020-06-29 03:00:00,81.83379,9.158510000000007,4.439925163984299
6779,2020-06-29 04:00:00,81.83304,9.165780000000012,4.571874216198921
6780,2020-06-29 05:00:00,81.83207,9.17258000000001,4.578974828124046
6781,2020-06-29 06:00:00,81.83082,9.179609999999997,4.767947182059288
6782,2020-06-29 07:00:00,81.82937,9.181600000000003,5.025351971387863
6783,2020-06-29 08:00:00,81.82822,9.180560000000014,4.748703137040138
6784,2020-06-29 09:00:00,81.8272,9.175080000000008,4.576332703232765
6785,2020-06-29 10:00:00,81.82642,9.165809999999993,4.428797647356987
6786,2020-06-29 11:00:00,81.82542,9.155599999999993,4.082964450120926
6787,2020-06-29 12:00:00,81.82392,9.143579999999986,3.8609405010938644
6788,2020-06-29 13:00:00,81.82152,9.127489999999995,3.704856291413307
6789,2020-06-29 14:00:00,81.81821,9.107959999999991,3.5302630960941315
6790,2020-06-29 15:00:00,81.8143,9.08511999999999,3.1822666823863983
6791,2020-06-29 16:00:00,81.81009,9.058969999999988,3.0114814788103104
6792,2020-06-29 17:00:00,81.80592,9.030519999999996,3.0672291666269302
6793,2020-06-29 18:00:00,81.80226,8.999310000000008,3.31059592962265
6794,2020-06-29 19:00:00,81.79983,8.969690000000014,3.5729364305734634
6795,2020-06-29 20:00:00,81.79874,8.944009999999992,3.7330038249492645
6796,2020-06-29 21:00:00,81.79905,8.922599999999989,3.7395394146442413
6797,2020-06-29 22:00:00,81.80039,8.909559999999999,3.5433738231658936
6798,2020-06-29 23:00:00,81.80238,8.904779999999988,3.1200616359710693
6799,2020-06-30 00:00:00,81.80459,8.90816000000001,2.800135388970375
6800,2020-06-30 01:00:00,81.80626,8.918920000000014,2.769374042749405
6801,2020-06-30 02:00:00,81.80706,8.932819999999992,3.1510964035987854
6802,2020-06-30 03:00:00,81.80681,8.947929999999985,3.305306762456894
6803,2020-06-30 04:00:00,81.8058,8.960289999999986,3.66577610373497
6804,2020-06-30 05:00:00,81.80408,8.970979999999997,4.3250317722558975
6805,2020-06-30 06:00:00,81.80192,8.978129999999993,4.660543531179428
6806,2020-06-30 07:00:00,81.8,8.980430000000013,4.83922703564167
6807,2020-06-30 08:00:00,81.79832,8.980150000000009,4.846233785152435
6808,2020-06-30 09:00:00,81.7971,8.979389999999995,4.865273743867874
6809,2020-06-30 10:00:00,81.79579,8.97905,5.056365355849266
6810,2020-06-30 11:00:00,81.79441,8.977480000000014,5.058778375387192
6811,2020-06-30 12:00:00,81.79257,8.975169999999991,4.845814436674118
6812,2020-06-30 13:00:00,81.79011,8.969719999999995,4.753241911530495
6813,2020-06-30 14:00:00,81.787,8.960100000000011,4.881044611334801
6814,2020-06-30 15:00:00,81.78332,8.945670000000007,5.036128714680672
6815,2020-06-30 16:00:00,81.77925,8.926729999999992,4.866184756159782
6816,2020-06-30 17:00:00,81.77523,8.904930000000007,4.537842720746994
6817,2020-06-30 18:00:00,81.77186,8.882409999999993,4.450549304485321
6818,2020-06-30 19:00:00,81.76948,8.859090000000009,4.317789226770401
6819,2020-06-30 20:00:00,81.76837,8.836849999999998,4.158484250307083
6820,2020-06-30 21:00:00,81.76883,8.819760000000002,3.8286089450120926
6821,2020-06-30 22:00:00,81.77057,8.810810000000004,3.6312771439552307
6822,2020-06-30 23:00:00,81.77284,8.810859999999991,3.467382103204727
6823,2020-07-01 00:00:00,81.77536,8.81944999999999,3.2141233384609222
6824,2020-07-01 01:00:00,81.77736,8.832870000000014,3.1200802326202393
6825,2020-07-01 02:00:00,81.77835,8.849109999999996,2.8894959688186646
6826,2020-07-01 03:00:00,81.77821,8.865010000000012,2.5857309252023697
6827,2020-07-01 04:00:00,81.77702,8.878199999999993,2.235884264111519
6828,2020-07-01 05:00:00,81.77506,8.887290000000007,1.9861253052949905
6829,2020-07-01 06:00:00,81.77251,8.891629999999992,1.845697894692421
6830,2020-07-01 07:00:00,81.77003,8.89009999999999,1.804662063717842
6831,2020-07-01 08:00:00,81.76826,8.885590000000008,1.6341843903064728
6832,2020-07-01 09:00:00,81.76716,8.880480000000006,1.4430081993341446
6833,2020-07-01 10:00:00,81.76655,8.876100000000008,1.351003184914589
6834,2020-07-01 11:00:00,81.7661,8.872180000000014,1.289069041609764
6835,2020-07-01 12:00:00,81.76562,8.868290000000002,1.2568306475877762
6836,2020-07-01 13:00:00,81.76476,8.86393000000001,1.3516262620687485
6837,2020-07-01 14:00:00,81.76338,8.857200000000006,1.609762117266655
6838,2020-07-01 15:00:00,81.76138,8.844680000000011,1.8868322521448135
6839,2020-07-01 16:00:00,81.75902,8.826429999999988,2.120980352163315
6840,2020-07-01 17:00:00,81.75661,8.804159999999996,2.450457885861397
6841,2020-07-01 18:00:00,81.75457,8.77973,2.7299024760723114
6842,2020-07-01 19:00:00,81.75331,8.756110000000007,2.827333688735962
6843,2020-07-01 20:00:00,81.75307,8.735299999999995,3.049549877643585
6844,2020-07-01 21:00:00,81.75398,8.718760000000003,3.2871026396751404
6845,2020-07-01 22:00:00,81.75549,8.707510000000013,3.41160848736763
6846,2020-07-01 23:00:00,81.75724,8.700260000000014,3.5863102972507477
6847,2020-07-02 00:00:00,81.75907,8.69529,3.8361734747886658
6848,2020-07-02 01:00:00,81.76059,8.691699999999997,4.258091017603874
6849,2020-07-02 02:00:00,81.76123,8.689940000000007,4.563298285007477
6850,2020-07-02 03:00:00,81.76081,8.68422000000001,4.89349240064621
6851,2020-07-02 04:00:00,81.75895,8.673169999999999,5.253031611442566
6852,2020-07-02 05:00:00,81.7557,8.657800000000009,6.016947045922279
6853,2020-07-02 06:00:00,81.75146,8.636860000000013,6.920161351561546
6854,2020-07-02 07:00:00,81.74642,8.612599999999986,7.639819830656052
6855,2020-07-02 08:00:00,81.74075,8.585250000000002,7.984131932258606
6856,2020-07-02 09:00:00,81.73494,8.55447000000001,7.812466651201248
6857,2020-07-02 10:00:00,81.7297,8.521919999999994,7.687566950917244
6858,2020-07-02 11:00:00,81.72498,8.489920000000012,7.462686270475388
6859,2020-07-02 12:00:00,81.72045,8.459429999999998,7.740760579705238
6860,2020-07-02 13:00:00,81.7162,8.427899999999994,7.826518222689629
6861,2020-07-02 14:00:00,81.71168,8.395780000000002,7.930669084191322
6862,2020-07-02 15:00:00,81.70666,8.362729999999999,8.017638191580772
6863,2020-07-02 16:00:00,81.70121,8.326699999999988,8.071167543530464
6864,2020-07-02 17:00:00,81.69557,8.285470000000004,8.045034363865852
6865,2020-07-02 18:00:00,81.69071,8.239650000000012,8.022805735468864
6866,2020-07-02 19:00:00,81.68709,8.190660000000008,8.146444767713547
6867,2020-07-02 20:00:00,81.68529,8.139399999999995,8.22981384396553
6868,2020-07-02 21:00:00,81.68605,8.09411,8.235908940434456
6869,2020-07-02 22:00:00,81.68854,8.05519000000001,8.219690322875977
6870,2020-07-02 23:00:00,81.69223,8.025389999999987,8.015076518058777
6871,2020-07-03 00:00:00,81.69558,8.005529999999993,7.803559362888336
6872,2020-07-03 01:00:00,81.698,7.992379999999997,7.4935028702020645
6873,2020-07-03 02:00:00,81.6992,7.98078000000001,7.3267015516757965
6874,2020-07-03 03:00:00,81.69927,7.967880000000008,7.408649429678917
6875,2020-07-03 04:00:00,81.69776,7.952220000000011,7.808035328984261
6876,2020-07-03 05:00:00,81.6946,7.928370000000001,8.412074536085129
6877,2020-07-03 06:00:00,81.6902,7.892040000000009,8.957306697964668
6878,2020-07-03 07:00:00,81.68506,7.84523999999999,9.362128481268883
6879,2020-07-03 08:00:00,81.67978,7.789449999999988,9.53378313779831
6880,2020-07-03 09:00:00,81.67557,7.723129999999998,9.359426841139793
6881,2020-07-03 10:00:00,81.67263,7.652839999999998,8.980326756834984
6882,2020-07-03 11:00:00,81.67125,7.581520000000012,9.144213065505028
6883,2020-07-03 12:00:00,81.67165,7.515209999999996,9.404152527451515
6884,2020-07-03 13:00:00,81.67317,7.455999999999989,9.610559225082397
6885,2020-07-03 14:00:00,81.6755,7.40209999999999,10.021882697939873
6886,2020-07-03 15:00:00,81.67798,7.357789999999994,10.429438516497612
6887,2020-07-03 16:00:00,81.67896,7.316869999999994,10.434769526124
6888,2020-07-03 17:00:00,81.67974,7.2722499999999854,10.095275521278381
6889,2020-07-03 18:00:00,81.68079,7.2243799999999965,9.999923527240753
6890,2020-07-03 19:00:00,81.68188,7.1792700000000025,10.020668357610703
6891,2020-07-03 20:00:00,81.68341,7.137969999999996,9.826127246022224
6892,2020-07-03 21:00:00,81.68595,7.09738999999999,9.651278167963028
6893,2020-07-03 22:00:00,81.68953,7.056549999999987,9.3662468791008
6894,2020-07-03 23:00:00,81.69451,7.022580000000005,9.254277020692825
6895,2020-07-04 00:00:00,81.69968,6.99978999999999,8.97291350364685
6896,2020-07-04 01:00:00,81.70505,6.98590999999999,8.708030194044113
6897,2020-07-04 02:00:00,81.70914,6.977589999999992,8.877406373620033
6898,2020-07-04 03:00:00,81.71144,6.974050000000005,9.014915555715561
6899,2020-07-04 04:00:00,81.71248,6.969560000000001,9.043871879577637
6900,2020-07-04 05:00:00,81.71248,6.9611500000000035,9.811537235975266
6901,2020-07-04 06:00:00,81.71112,6.944199999999995,10.025494426488876
6902,2020-07-04 07:00:00,81.70894,6.916850000000011,9.44983845949173
6903,2020-07-04 08:00:00,81.70703,6.8796199999999885,9.339144706726074
6904,2020-07-04 09:00:00,81.70576,6.834640000000007,8.895913243293762
6905,2020-07-04 10:00:00,81.70558,6.7856800000000135,8.528568163514137
6906,2020-07-04 11:00:00,81.70646,6.73993999999999,8.20061993598938
6907,2020-07-04 12:00:00,81.70845,6.704530000000005,7.706281930208206
6908,2020-07-04 13:00:00,81.71095,6.682899999999989,6.765948414802551
6909,2020-07-04 14:00:00,81.713,6.669309999999996,5.741601064801216
6910,2020-07-04 15:00:00,81.71442,6.657999999999987,4.7897074073553085
6911,2020-07-04 16:00:00,81.71546,6.645160000000004,3.8811589777469635
6912,2020-07-04 17:00:00,81.7159,6.629449999999991,2.9810124039649963
6913,2020-07-04 18:00:00,81.71579,6.610839999999996,2.6004135459661484
6914,2020-07-04 19:00:00,81.71558,6.589709999999997,2.9639533907175064
6915,2020-07-04 20:00:00,81.71573,6.567180000000008,3.2294179499149323
6916,2020-07-04 21:00:00,81.71686,6.5466399999999965,3.3730350732803345
6917,2020-07-04 22:00:00,81.71941,6.529869999999988,3.5238789319992065
6918,2020-07-04 23:00:00,81.72264,6.522120000000001,3.726580262184143
6919,2020-07-05 00:00:00,81.7259,6.525810000000007,3.2573632895946503
6920,2020-07-05 01:00:00,81.72854,6.537319999999994,3.7906538546085358
6921,2020-07-05 02:00:00,81.73026,6.549839999999989,4.610276311635971
6922,2020-07-05 03:00:00,81.73085,6.559809999999999,5.241910591721535
6923,2020-07-05 04:00:00,81.72988,6.56271000000001,5.7104111313819885
6924,2020-07-05 05:00:00,81.72715,6.551880000000011,5.959351599216461
6925,2020-07-05 06:00:00,81.72313,6.526420000000002,6.40721008181572
6926,2020-07-05 07:00:00,81.71847,6.487819999999999,6.4320550709962845
6927,2020-07-05 08:00:00,81.7137,6.439040000000006,6.5940405279397964
6928,2020-07-05 09:00:00,81.70947,6.38873000000001,6.984940856695175
6929,2020-07-05 10:00:00,81.70596,6.341319999999996,7.084009721875191
6930,2020-07-05 11:00:00,81.70211,6.295479999999998,7.15803536772728
6931,2020-07-05 12:00:00,81.69782,6.249779999999987,7.224582612514496
6932,2020-07-05 13:00:00,81.69381,6.206610000000012,7.415708437561989
6933,2020-07-05 14:00:00,81.69024,6.161869999999993,7.721557945013046
6934,2020-07-05 15:00:00,81.68763,6.114210000000014,8.038772612810135
6935,2020-07-05 16:00:00,81.68556,6.06465,8.1133673787117
6936,2020-07-05 17:00:00,81.68372,6.0124700000000075,8.011976480484009
6937,2020-07-05 18:00:00,81.68232,5.95729,8.023855820298195
6938,2020-07-05 19:00:00,81.68161,5.901540000000011,8.007448881864548
6939,2020-07-05 20:00:00,81.68217,5.8463999999999885,7.927667886018753
6940,2020-07-05 21:00:00,81.68345,5.797069999999991,7.785441875457764
6941,2020-07-05 22:00:00,81.68558,5.756249999999994,7.607785791158676
6942,2020-07-05 23:00:00,81.68979,5.723099999999988,7.613692447543144
6943,2020-07-06 00:00:00,81.69459,5.700909999999993,7.7255392372608185
6944,2020-07-06 01:00:00,81.69894,5.688580000000002,7.888230592012405
6945,2020-07-06 02:00:00,81.70248,5.683619999999991,7.8834434896707535
6946,2020-07-06 03:00:00,81.70527,5.684110000000004,7.852197632193565
6947,2020-07-06 04:00:00,81.70669,5.682709999999986,7.7709915190935135
6948,2020-07-06 05:00:00,81.70656,5.675009999999986,7.549376964569092
6949,2020-07-06 06:00:00,81.70508,5.659780000000012,7.4489322900772095
6950,2020-07-06 07:00:00,81.70232,5.636879999999991,7.13894647359848
6951,2020-07-06 08:00:00,81.69844,5.60338999999999,6.960897848010063
6952,2020-07-06 09:00:00,81.69411,5.560789999999997,6.8225356340408325
6953,2020-07-06 10:00:00,81.68965,5.513540000000006,6.877661257982254
6954,2020-07-06 11:00:00,81.68536,5.462469999999996,7.089282378554344
6955,2020-07-06 12:00:00,81.68166,5.408970000000011,7.209441766142845
6956,2020-07-06 13:00:00,81.67886,5.355739999999997,7.212640605866909
6957,2020-07-06 14:00:00,81.67714,5.307819999999992,7.165029078722
6958,2020-07-06 15:00:00,81.67602,5.2640499999999975,7.251436918973923
6959,2020-07-06 16:00:00,81.67506,5.222669999999994,7.346126779913902
6960,2020-07-06 17:00:00,81.67371,5.179090000000002,7.467256769537926
6961,2020-07-06 18:00:00,81.67206,5.132730000000009,7.688555359840393
6962,2020-07-06 19:00:00,81.67032,5.082310000000007,7.809394970536232
6963,2020-07-06 20:00:00,81.66884,5.029410000000013,7.800833851099014
6964,2020-07-06 21:00:00,81.66788,4.976529999999997,7.8343575745821
6965,2020-07-06 22:00:00,81.66737,4.925459999999987,8.000988453626633
6966,2020-07-06 23:00:00,81.66747,4.879660000000001,8.179842352867126
6967,2020-07-07 00:00:00,81.66903,4.844950000000011,8.305639430880547
6968,2020-07-07 01:00:00,81.67115,4.817489999999992,8.327233642339706
6969,2020-07-07 02:00:00,81.67358,4.796840000000003,8.301792353391647
6970,2020-07-07 03:00:00,81.67557,4.784150000000011,8.394867047667503
6971,2020-07-07 04:00:00,81.67664,4.780110000000008,8.532249599695206
6972,2020-07-07 05:00:00,81.67623,4.77919,8.847395926713943
6973,2020-07-07 06:00:00,81.67392,4.770620000000008,9.158819824457169
6974,2020-07-07 07:00:00,81.66996,4.755159999999989,10.121561169624329
6975,2020-07-07 08:00:00,81.66439,4.727669999999989,10.678712710738182
6976,2020-07-07 09:00:00,81.65797,4.688060000000007,10.907673493027687
6977,2020-07-07 10:00:00,81.65129,4.639949999999999,10.021698147058487
6978,2020-07-07 11:00:00,81.64495,4.580520000000007,9.419090449810028
6979,2020-07-07 12:00:00,81.6398,4.5133399999999995,9.673254981637001
6980,2020-07-07 13:00:00,81.6359,4.442350000000005,10.274384319782257
6981,2020-07-07 14:00:00,81.63311,4.373259999999988,10.372273415327072
6982,2020-07-07 15:00:00,81.6313,4.309269999999998,10.314399719238281
6983,2020-07-07 16:00:00,81.62976,4.249300000000005,10.138781115412712
6984,2020-07-07 17:00:00,81.6283,4.190380000000005,10.0112564265728
6985,2020-07-07 18:00:00,81.62659,4.132170000000002,10.137251317501068
6986,2020-07-07 19:00:00,81.62409,4.071329999999989,10.319608822464943
6987,2020-07-07 20:00:00,81.62136,4.008659999999992,10.554787576198578
6988,2020-07-07 21:00:00,81.61902,3.9429599999999994,10.592941030859947
6989,2020-07-07 22:00:00,81.61723,3.877190000000013,10.691001385450363
6990,2020-07-07 23:00:00,81.61664,3.8116400000000112,10.821100652217865
6991,2020-07-08 00:00:00,81.61746,3.750409999999988,10.82729896903038
6992,2020-07-08 01:00:00,81.61944,3.6950899999999933,11.044998109340668
6993,2020-07-08 02:00:00,81.6217,3.6509499999999946,11.286393389105797
6994,2020-07-08 03:00:00,81.62371,3.61712,11.145174980163574
6995,2020-07-08 04:00:00,81.62483,3.5880500000000097,10.895297080278397
6996,2020-07-08 05:00:00,81.62462,3.560540000000003,10.56412686407566
6997,2020-07-08 06:00:00,81.62357,3.531720000000007,10.361323297023773
6998,2020-07-08 07:00:00,81.62138,3.4999799999999937,10.290074571967125
6999,2020-07-08 08:00:00,81.61794,3.463930000000005,10.180049329996109
7000,2020-07-08 09:00:00,81.61313,3.4230499999999893,10.087394401431084
7001,2020-07-08 10:00:00,81.60739,3.372530000000012,10.015607684850693
7002,2020-07-08 11:00:00,81.60173,3.311939999999993,10.059295386075974
7003,2020-07-08 12:00:00,81.59656,3.2503399999999942,9.898961707949638
7004,2020-07-08 13:00:00,81.59247,3.188260000000014,9.917864635586739
7005,2020-07-08 14:00:00,81.5899,3.1251000000000033,9.645065441727638
7006,2020-07-08 15:00:00,81.58824,3.065899999999999,9.409975096583366
7007,2020-07-08 16:00:00,81.58657,3.018339999999995,9.109011337161064
7008,2020-07-08 17:00:00,81.58491,2.975760000000008,8.848213136196136
7009,2020-07-08 18:00:00,81.58268,2.936080000000004,8.549436211585999
7010,2020-07-08 19:00:00,81.58,2.8947900000000004,8.233825832605362
7011,2020-07-08 20:00:00,81.57636,2.8540000000000134,7.92192879319191
7012,2020-07-08 21:00:00,81.57237,2.80865,7.578774660825729
7013,2020-07-08 22:00:00,81.56837,2.7594100000000026,7.334591314196587
7014,2020-07-08 23:00:00,81.56521,2.709630000000004,7.41482999920845
7015,2020-07-09 00:00:00,81.56213,2.6678599999999904,7.491636425256729
7016,2020-07-09 01:00:00,81.56078,2.6320399999999893,7.528498589992523
7017,2020-07-09 02:00:00,81.56044,2.6092099999999903,7.480888232588768
7018,2020-07-09 03:00:00,81.56031,2.6011000000000024,7.4622200429439545
7019,2020-07-09 04:00:00,81.56046,2.600760000000008,7.419001266360283
7020,2020-07-09 05:00:00,81.56052,2.602749999999986,7.170138388872147
7021,2020-07-09 06:00:00,81.5602,2.604929999999996,6.71659742295742
7022,2020-07-09 07:00:00,81.55923,2.6060799999999915,5.930022224783897
7023,2020-07-09 08:00:00,81.55747,2.605770000000007,4.846473395824432
7024,2020-07-09 09:00:00,81.55462,2.6035300000000063,4.084053188562393
7025,2020-07-09 10:00:00,81.55082,2.598639999999989,3.46000275015831
7026,2020-07-09 11:00:00,81.54644,2.5909599999999955,3.204348787665367
7027,2020-07-09 12:00:00,81.54248,2.5823900000000037,2.9214096814393997
7028,2020-07-09 13:00:00,81.53897,2.573919999999987,2.8838389813899994
7029,2020-07-09 14:00:00,81.53595,2.567200000000014,2.4986229985952377
7030,2020-07-09 15:00:00,81.53318,2.561489999999992,2.192846044898033
7031,2020-07-09 16:00:00,81.53054,2.5573200000000043,2.206636369228363
7032,2020-07-09 17:00:00,81.52805,2.5488200000000063,2.2023122310638428
7033,2020-07-09 18:00:00,81.52603,2.5338199999999915,1.598278746008873
7034,2020-07-09 19:00:00,81.52469,2.5121499999999912,1.8124004155397415
7035,2020-07-09 20:00:00,81.52366,2.4874499999999955,2.2965289056301117
7036,2020-07-09 21:00:00,81.52254,2.4622500000000116,2.2716807425022125
7037,2020-07-09 22:00:00,81.5214,2.438060000000007,2.4405704736709595
7038,2020-07-09 23:00:00,81.5205,2.415169999999989,2.637325257062912
7039,2020-07-10 00:00:00,81.51997,2.3962300000000027,2.3043680489063263
7040,2020-07-10 01:00:00,81.51988,2.3833999999999946,2.6927782595157623
7041,2020-07-10 02:00:00,81.52051,2.3780500000000018,2.9920256435871124
7042,2020-07-10 03:00:00,81.52153,2.3789999999999907,3.0888156592845917
7043,2020-07-10 04:00:00,81.5228,2.3847100000000125,3.1534880995750427
7044,2020-07-10 05:00:00,81.52349,2.392560000000003,3.925914540886879
7045,2020-07-10 06:00:00,81.52348,2.400499999999994,4.475997656583786
7046,2020-07-10 07:00:00,81.52266,2.4066799999999944,4.761636823415756
7047,2020-07-10 08:00:00,81.52103,2.409339999999986,4.422798603773117
7048,2020-07-10 09:00:00,81.51841,2.407759999999996,4.781871527433395
7049,2020-07-10 10:00:00,81.51474,2.4003199999999936,5.073442459106445
7050,2020-07-10 11:00:00,81.51054,2.3873299999999915,4.82183238863945
7051,2020-07-10 12:00:00,81.50622,2.368850000000009,5.144674152135849
7052,2020-07-10 13:00:00,81.50191,2.3462499999999977,5.136577636003494
7053,2020-07-10 14:00:00,81.49786,2.320619999999991,5.01707150042057
7054,2020-07-10 15:00:00,81.49401,2.293219999999991,4.645535297691822
7055,2020-07-10 16:00:00,81.49056,2.2657900000000097,5.21896918118
7056,2020-07-10 17:00:00,81.48753,2.238030000000009,5.073066830635071
7057,2020-07-10 18:00:00,81.48511,2.203460000000007,5.195882737636566
7058,2020-07-10 19:00:00,81.48319,2.166930000000008,5.41260889172554
7059,2020-07-10 20:00:00,81.4816,2.1290500000000065,5.291421979665756
7060,2020-07-10 21:00:00,81.47972,2.0912999999999897,5.403851479291916
7061,2020-07-10 22:00:00,81.4779,2.0457999999999856,5.23759052157402
7062,2020-07-10 23:00:00,81.47604,1.998899999999992,5.666806995868683
7063,2020-07-11 00:00:00,81.47443,1.9565200000000118,6.1823610961437225
7064,2020-07-11 01:00:00,81.47285,1.915629999999993,6.5728005319833755
7065,2020-07-11 02:00:00,81.47099,1.8814999999999884,7.331358104944229
7066,2020-07-11 03:00:00,81.46901,1.85193000000001,7.712230369448662
7067,2020-07-11 04:00:00,81.46728,1.8259600000000091,8.106154009699821
7068,2020-07-11 05:00:00,81.46558,1.8037999999999954,8.616952538490295
7069,2020-07-11 06:00:00,81.46333,1.7815300000000036,8.991706684231758
7070,2020-07-11 07:00:00,81.46051,1.7554800000000057,9.02147987484932
7071,2020-07-11 08:00:00,81.45726,1.7232899999999916,9.39427000284195
7072,2020-07-11 09:00:00,81.45363,1.6854199999999935,10.143392980098724
7073,2020-07-11 10:00:00,81.44993,1.6409999999999911,10.575188517570496
7074,2020-07-11 11:00:00,81.44711,1.5898200000000031,10.748026639223099
7075,2020-07-11 12:00:00,81.4458,1.5367799999999932,10.986890196800232
7076,2020-07-11 13:00:00,81.44538,1.483000000000004,11.363114565610886
7077,2020-07-11 14:00:00,81.44516,1.4258000000000095,11.576501488685608
7078,2020-07-11 15:00:00,81.44561,1.3677800000000104,11.790497973561287
7079,2020-07-11 16:00:00,81.44693,1.3102199999999868,11.870431765913963
7080,2020-07-11 17:00:00,81.44873,1.2563000000000102,11.871118545532227
7081,2020-07-11 18:00:00,81.45049,1.207950000000011,11.872086077928543
7082,2020-07-11 19:00:00,81.45131,1.163000000000011,11.696656107902527
7083,2020-07-11 20:00:00,81.4514,1.111459999999994,11.352734118700027
7084,2020-07-11 21:00:00,81.45086,1.0578399999999988,11.115724295377731
7085,2020-07-11 22:00:00,81.44946,0.9949300000000108,10.70767194032669
7086,2020-07-11 23:00:00,81.44711,0.9251199999999926,10.325014591217041
7087,2020-07-12 00:00:00,81.44543,0.8464500000000044,9.946762800216675
7088,2020-07-12 01:00:00,81.44491,0.7696699999999908,9.686019241809845
7089,2020-07-12 02:00:00,81.44606,0.7055599999999913,9.528974696993828
7090,2020-07-12 03:00:00,81.44837,0.6557799999999929,9.272640570998192
7091,2020-07-12 04:00:00,81.45106,0.6245700000000056,8.93571925163269
7092,2020-07-12 05:00:00,81.45315,0.6089900000000057,8.6580511033535
7093,2020-07-12 06:00:00,81.4542,0.6028100000000052,8.3556557148695
7094,2020-07-12 07:00:00,81.45412,0.5975300000000061,8.145770385861397
7095,2020-07-12 08:00:00,81.45272,0.5892399999999895,8.087855443358421
7096,2020-07-12 09:00:00,81.45041,0.5741700000000094,8.16890263557434
7097,2020-07-12 10:00:00,81.44779,0.5509700000000066,7.888946577906609
7098,2020-07-12 11:00:00,81.44535,0.521649999999994,7.910240978002548
7099,2020-07-12 12:00:00,81.44365,0.4906599999999912,7.011893063783646
7100,2020-07-12 13:00:00,81.44272,0.4617100000000107,6.376143902540207
7101,2020-07-12 14:00:00,81.44048,0.43197000000000685,6.086829960346222
7102,2020-07-12 15:00:00,81.44466,0.45235999999999876,5.70153035223484
7103,2020-07-12 16:00:00,81.44323,0.42250000000001364,5.428576111793518
7104,2020-07-12 17:00:00,81.44283,0.41301999999998884,5.172910168766975
7105,2020-07-12 18:00:00,81.44247,0.41040000000000987,4.93485301733017
7106,2020-07-12 19:00:00,81.44164,0.40668999999999755,4.64518541097641
7107,2020-07-12 20:00:00,81.43996,0.39732000000000767,4.266372412443161
7108,2020-07-12 21:00:00,81.43802,0.3828900000000033,3.799112915992737
7109,2020-07-12 22:00:00,81.4356,0.362480000000005,3.2948629409074783
7110,2020-07-12 23:00:00,81.43364,0.3413799999999867,2.828744500875473
7111,2020-07-13 00:00:00,81.4319,0.321629999999999,2.4112318083643913
7112,2020-07-13 01:00:00,81.43062,0.30359999999998877,2.0974696278572083
7113,2020-07-13 02:00:00,81.42967,0.2892999999999972,1.8144707828760147
7114,2020-07-13 03:00:00,81.42913,0.28097999999999956,1.719560444355011
7115,2020-07-13 04:00:00,81.42881,0.28034999999999854,1.6008180528879166
7116,2020-07-13 05:00:00,81.42842,0.287620000000004,1.3917061239480972
7117,2020-07-13 06:00:00,81.4277,0.2991100000000131,1.2664057165384293
7118,2020-07-13 07:00:00,81.42636,0.3107599999999877,1.3311572074890137
7119,2020-07-13 08:00:00,81.42442,0.31827999999998724,1.4028085321187973
7120,2020-07-13 09:00:00,81.42211,0.31970000000001164,1.443105012178421
7121,2020-07-13 10:00:00,81.4198,0.31569999999999254,1.4781958758831024
7122,2020-07-13 11:00:00,81.41768,0.3080400000000054,1.5201326310634613
7123,2020-07-13 12:00:00,81.41587,0.29879999999999995,1.6061883866786957
7124,2020-07-13 13:00:00,81.41441,0.28998999999998887,1.704171359539032
7125,2020-07-13 14:00:00,81.41326,0.2829099999999869,1.7717244327068329
7126,2020-07-13 15:00:00,81.41236,0.2786999999999864,1.8627294152975082
7127,2020-07-13 16:00:00,81.41155,0.27744999999998754,1.7038818448781967
7128,2020-07-13 17:00:00,81.41082,0.2777900000000102,1.1169658452272415
7129,2020-07-13 18:00:00,81.40995,0.2778199999999913,0.8643138855695724
7130,2020-07-13 19:00:00,81.40898,0.27595999999999776,1.1341679394245148
7131,2020-07-13 20:00:00,81.40779,0.26885999999998944,1.4897730946540833
7132,2020-07-13 21:00:00,81.40669,0.2583500000000072,1.73977929353714
7133,2020-07-13 22:00:00,81.40581,0.24616000000000327,1.8773923069238663
7134,2020-07-13 23:00:00,81.40506,0.2347300000000132,1.844985544681549
7135,2020-07-14 00:00:00,81.40436,0.2236300000000142,1.738925889134407
7136,2020-07-14 01:00:00,81.40336,0.21055999999998676,1.6622901856899261
7137,2020-07-14 02:00:00,81.40252,0.2029799999999966,1.6679237633943558
7138,2020-07-14 03:00:00,81.40174,0.20194000000000756,1.7706113159656525
7139,2020-07-14 04:00:00,81.40068,0.2082200000000114,1.8937756419181824
7140,2020-07-14 05:00:00,81.39905,0.21858000000000288,1.9164908826351166
7141,2020-07-14 06:00:00,81.3968,0.23060000000000969,1.9847145527601242
7142,2020-07-14 07:00:00,81.3939,0.240949999999998,2.180794581770897
7143,2020-07-14 08:00:00,81.39079,0.2487299999999948,2.396357923746109
7144,2020-07-14 09:00:00,81.38754,0.2529399999999953,2.5881121456623077
7145,2020-07-14 10:00:00,81.38427,0.25430000000000064,2.80446495115757
7146,2020-07-14 11:00:00,81.38101,0.25415000000000987,2.9657776057720184
7147,2020-07-14 12:00:00,81.37765,0.25371999999998707,3.0548615008592606
7148,2020-07-14 13:00:00,81.37425,0.25481999999999516,3.044866770505905
7149,2020-07-14 14:00:00,81.37082,0.25820999999999117,3.0754204094409943
7150,2020-07-14 15:00:00,81.36719,0.263859999999994,3.1028521955013275
7151,2020-07-14 16:00:00,81.36341,0.2720199999999977,3.002584584057331
7152,2020-07-14 17:00:00,81.3596,0.28152000000000044,2.910132050514221
7153,2020-07-14 18:00:00,81.35564,0.28944000000001324,2.8483298122882843
7154,2020-07-14 19:00:00,81.35153,0.29308000000000334,2.8549173176288605
7155,2020-07-14 20:00:00,81.34758,0.29201000000000477,2.8904068022966385
7156,2020-07-14 21:00:00,81.34399,0.2859500000000139,2.996597245335579
7157,2020-07-14 22:00:00,81.3412,0.2795900000000131,3.1606611013412476
7158,2020-07-14 23:00:00,81.33895,0.275180000000006,3.3403579741716385
7159,2020-07-15 00:00:00,81.33697,0.2744899999999859,3.5523702800273895
7160,2020-07-15 01:00:00,81.3349,0.27759000000000356,3.834557816386223
7161,2020-07-15 02:00:00,81.33268,0.28535999999999717,4.217281341552734
7162,2020-07-15 03:00:00,81.32994,0.29642999999998665,4.481461197137833
7163,2020-07-15 04:00:00,81.3265,0.30897999999999115,4.299820974469185
7164,2020-07-15 05:00:00,81.32236,0.3208500000000072,4.224756494164467
7165,2020-07-15 06:00:00,81.31774,0.3300800000000095,3.980935975909233
7166,2020-07-15 07:00:00,81.31303,0.33556999999998993,3.551992431282997
7167,2020-07-15 08:00:00,81.30856,0.33741000000000554,3.2422301173210144
7168,2020-07-15 09:00:00,81.30471,0.3361099999999908,2.969771221280098
7169,2020-07-15 10:00:00,81.30158,0.33202,2.6546508371829987
7170,2020-07-15 11:00:00,81.29922,0.32608999999999355,2.481876090168953
7171,2020-07-15 12:00:00,81.29746,0.3203399999999874,2.335035651922226
7172,2020-07-15 13:00:00,81.29596,0.3164600000000064,2.1615279614925385
7173,2020-07-15 14:00:00,81.29446,0.3147899999999879,2.0513953119516373
7174,2020-07-15 15:00:00,81.29257,0.3160399999999868,2.098086029291153
7175,2020-07-15 16:00:00,81.29009,0.3192099999999982,2.1372106224298477
7176,2020-07-15 17:00:00,81.28713,0.32352000000000203,2.0772268176078796
7177,2020-07-15 18:00:00,81.2838,0.32824999999999704,2.0849833488464355
7178,2020-07-15 19:00:00,81.28018,0.3316499999999962,1.9260427951812744
7179,2020-07-15 20:00:00,81.27665,0.3315499999999929,1.892845332622528
7180,2020-07-15 21:00:00,81.27352,0.32793000000000916,2.1374593377113342
7181,2020-07-15 22:00:00,81.27095,0.32227000000000317,2.5483082979917526
7182,2020-07-15 23:00:00,81.26894,0.3154700000000048,2.9560623466968536
7183,2020-07-16 00:00:00,81.26729,0.3090400000000102,3.069477364420891
7184,2020-07-16 01:00:00,81.26562,0.30416999999999916,3.4511024951934814
7185,2020-07-16 02:00:00,81.2635,0.30207999999998947,3.6846515983343124
7186,2020-07-16 03:00:00,81.26079,0.30258000000000607,4.222779333591461
7187,2020-07-16 04:00:00,81.25742,0.30471000000000004,4.4081797152757645
7188,2020-07-16 05:00:00,81.25358,0.30714000000000397,4.380523070693016
7189,2020-07-16 06:00:00,81.24939,0.30920000000000414,4.309595063328743
7190,2020-07-16 07:00:00,81.24506,0.3108400000000131,4.3726587146520615
7191,2020-07-16 08:00:00,81.24075,0.3107400000000098,4.297181010246277
7192,2020-07-16 09:00:00,81.2367,0.30826999999999316,4.150093525648117
7193,2020-07-16 10:00:00,81.23315,0.30317999999999756,3.9660142213106155
7194,2020-07-16 11:00:00,81.23022,0.29623000000000843,3.866103857755661
7195,2020-07-16 12:00:00,81.22752,0.28858999999999924,3.8891761004924774
7196,2020-07-16 13:00:00,81.22488,0.28197000000000116,3.8938445448875427
7197,2020-07-16 14:00:00,81.22228,0.27753000000001293,3.84206086397171
7198,2020-07-16 15:00:00,81.21919,0.2755999999999972,3.769192710518837
7199,2020-07-16 16:00:00,81.21565,0.27637999999998897,3.577093243598938
7200,2020-07-16 17:00:00,81.21157,0.27914999999998713,3.558540865778923
7201,2020-07-16 18:00:00,81.20713,0.2830600000000061,3.698409214615822
7202,2020-07-16 19:00:00,81.20262,0.2858099999999979,3.6178878247737885
7203,2020-07-16 20:00:00,81.1983,0.28664000000000556,3.4534693360328674
7204,2020-07-16 21:00:00,81.19458,0.28654000000000224,3.3580593168735504
7205,2020-07-16 22:00:00,81.19154,0.28607999999999834,3.2823223173618317
7206,2020-07-16 23:00:00,81.18921,0.28665000000000873,3.1872831284999847
7207,2020-07-17 00:00:00,81.18747,0.28951000000000704,3.2501092851161957
7208,2020-07-17 01:00:00,81.18591,0.2948599999999999,3.440756380558014
7209,2020-07-17 02:00:00,81.18427,0.3041499999999928,3.633518099784851
7210,2020-07-17 03:00:00,81.18187,0.31622999999999024,3.594800442457199
7211,2020-07-17 04:00:00,81.17866,0.3305000000000007,3.755056247115135
7212,2020-07-17 05:00:00,81.17481,0.34253000000001066,3.799639567732811
7213,2020-07-17 06:00:00,81.17042,0.3527400000000114,3.774735063314438
7214,2020-07-17 07:00:00,81.16526,0.35768999999999096,3.845124304294586
7215,2020-07-17 08:00:00,81.16082,0.36346000000000345,3.919921115040779
7216,2020-07-17 09:00:00,81.15645,0.36522999999999683,3.746963709592819
7217,2020-07-17 10:00:00,81.15225,0.3621400000000108,3.6308686584234238
7218,2020-07-17 11:00:00,81.14896,0.35971000000000686,3.9171212464571
7219,2020-07-17 12:00:00,81.14603,0.35670999999999253,3.9179561734199524
7220,2020-07-17 13:00:00,81.14359,0.3546000000000049,3.5521954521536827
7221,2020-07-17 14:00:00,81.14138,0.3526200000000017,3.166226089000702
7222,2020-07-17 15:00:00,81.13889,0.35464999999999236,2.5680310875177383
7223,2020-07-17 16:00:00,81.13538,0.3581800000000044,2.0440103858709335
7224,2020-07-17 17:00:00,81.13116,0.3623200000000111,1.8137789964675903
7225,2020-07-17 18:00:00,81.12634,0.3670500000000061,1.5870765000581741
7226,2020-07-17 19:00:00,81.12167,0.36936000000000035,1.4945718199014664
7227,2020-07-17 20:00:00,81.1175,0.3698500000000138,1.5394983887672424
7228,2020-07-17 21:00:00,81.11395,0.36957000000001017,1.694225549697876
7229,2020-07-17 22:00:00,81.11099,0.3711399999999969,1.849527269601822
7230,2020-07-17 23:00:00,81.10863,0.373880000000014,1.885809302330017
7231,2020-07-18 00:00:00,81.1066,0.3805499999999995,1.8904354274272919
7232,2020-07-18 01:00:00,81.10516,0.39173999999999864,1.8249515891075134
7233,2020-07-18 02:00:00,81.103,0.40366000000000213,1.666424959897995
7234,2020-07-18 03:00:00,81.09982,0.4141400000000033,1.3567534685134888
7235,2020-07-18 04:00:00,81.09585,0.4244199999999978,1.2191820740699768
7236,2020-07-18 05:00:00,81.09058,0.43610000000001037,1.3359699100255966
7237,2020-07-18 06:00:00,81.08408,0.44155000000000655,1.4715925753116608
7238,2020-07-18 07:00:00,81.07741,0.4422399999999982,1.538165643811226
7239,2020-07-18 08:00:00,81.07039,0.4404999999999859,1.719862625002861
7240,2020-07-18 09:00:00,81.06339,0.43834000000001083,2.129641279578209
7241,2020-07-18 10:00:00,81.05629,0.43628000000001066,2.510196939110756
7242,2020-07-18 11:00:00,81.04877,0.43494000000001165,2.7446476966142654
7243,2020-07-18 12:00:00,81.04119,0.43045000000000755,3.0767794251441956
7244,2020-07-18 13:00:00,81.03365,0.4215199999999868,3.5265713334083557
7245,2020-07-18 14:00:00,81.02565,0.40378999999998655,4.095905557274818
7246,2020-07-18 15:00:00,81.01714,0.3797800000000109,4.628637582063675
7247,2020-07-18 16:00:00,81.00794,0.3520200000000102,4.662555396556854
7248,2020-07-18 17:00:00,80.99908,0.32364999999998645,4.735673516988754
7249,2020-07-18 18:00:00,80.99078,0.29868999999999346,4.806071773171425
7250,2020-07-18 19:00:00,80.98355,0.27287999999998647,4.855102449655533
7251,2020-07-18 20:00:00,80.97701,0.2512399999999957,4.822686538100243
7252,2020-07-18 21:00:00,80.97043,0.23054999999999382,4.82170332968235
7253,2020-07-18 22:00:00,80.96414,0.21323000000001002,4.812996983528137
7254,2020-07-18 23:00:00,80.958,0.1972199999999873,4.849234193563461
7255,2020-07-19 00:00:00,80.95233,0.179159999999996,4.975749641656876
7256,2020-07-19 01:00:00,80.94735,0.1563199999999938,5.107207119464874
7257,2020-07-19 02:00:00,80.94291,0.12954999999999472,5.231198340654373
7258,2020-07-19 03:00:00,80.93899,0.10104000000001179,5.27644219994545
7259,2020-07-19 04:00:00,80.93521,0.07372000000000867,5.176993787288666
7260,2020-07-19 05:00:00,80.93078,0.04601999999999862,5.114715442061424
7261,2020-07-19 06:00:00,80.92538,0.01675000000000182,5.083064332604408
7262,2020-07-19 07:00:00,80.91941,-0.010259999999988167,5.234066113829613
7263,2020-07-19 08:00:00,80.91322,-0.03945999999999117,5.12287038564682
7264,2020-07-19 09:00:00,80.90641,-0.0704499999999939,5.349037818610668
7265,2020-07-19 10:00:00,80.89972,-0.10078999999998928,5.182843625545502
7266,2020-07-19 11:00:00,80.89349,-0.13452000000000908,5.131762355566025
7267,2020-07-19 12:00:00,80.88729,-0.17385999999999058,4.768709719181061
7268,2020-07-19 13:00:00,80.88126,-0.21037000000001171,4.5904905796051025
7269,2020-07-19 14:00:00,80.876,-0.24221000000000004,4.261302903294563
7270,2020-07-19 15:00:00,80.87173,-0.27088000000000534,3.7320226281881332
7271,2020-07-19 16:00:00,80.86755,-0.2945799999999963,3.370769292116165
7272,2020-07-19 17:00:00,80.86276,-0.3125,3.344467058777809
7273,2020-07-19 18:00:00,80.85673,-0.3272800000000018,3.3887526392936707
7274,2020-07-19 19:00:00,80.84953,-0.34111999999998943,3.3348835110664368
7275,2020-07-19 20:00:00,80.84156,-0.3540999999999883,3.2750186920166016
7276,2020-07-19 21:00:00,80.83343,-0.3658900000000074,3.316234678030014
7277,2020-07-19 22:00:00,80.82566,-0.3771500000000003,3.5144069492816925
7278,2020-07-19 23:00:00,80.81874,-0.38841999999999643,3.5326316207647324
7279,2020-07-20 00:00:00,80.81291,-0.39932999999999197,3.386130601167679
7280,2020-07-20 01:00:00,80.80845,-0.40889000000001374,3.362450420856476
7281,2020-07-20 02:00:00,80.80504,-0.4175999999999931,3.437836781144142
7282,2020-07-20 03:00:00,80.80235,-0.4249900000000082,3.6879521757364273
7283,2020-07-20 04:00:00,80.79935,-0.4294399999999996,3.8775653541088104
7284,2020-07-20 05:00:00,80.79564,-0.43190000000001305,3.8823145031929016
7285,2020-07-20 06:00:00,80.79102,-0.43366000000000327,3.738216608762741
7286,2020-07-20 07:00:00,80.7855,-0.43754999999998745,3.798307329416275
7287,2020-07-20 08:00:00,80.77905,-0.4447800000000086,3.838276743888855
7288,2020-07-20 09:00:00,80.77225,-0.45617999999998915,4.119056463241577
7289,2020-07-20 10:00:00,80.76551,-0.4707699999999875,4.008277744054794
7290,2020-07-20 11:00:00,80.75926,-0.4870899999999949,3.779049038887024
7291,2020-07-20 12:00:00,80.75365,-0.5036000000000058,3.4492845684289932
7292,2020-07-20 13:00:00,80.74894,-0.5192000000000121,3.147141493856907
7293,2020-07-20 14:00:00,80.74491,-0.5327299999999866,2.9912319630384445
7294,2020-07-20 15:00:00,80.7411,-0.5435999999999979,2.7276453375816345
7295,2020-07-20 16:00:00,80.73684,-0.5496599999999887,2.874390125274658
7296,2020-07-20 17:00:00,80.7316,-0.5510299999999972,3.068629652261734
7297,2020-07-20 18:00:00,80.72514,-0.5500999999999863,2.96159066259861
7298,2020-07-20 19:00:00,80.71742,-0.5471200000000067,3.1316114515066147
7299,2020-07-20 20:00:00,80.70886,-0.5432500000000005,3.314732551574707
7300,2020-07-20 21:00:00,80.70002,-0.5381999999999891,3.42852383852005
7301,2020-07-20 22:00:00,80.69151,-0.531659999999988,3.5191324651241302
7302,2020-07-20 23:00:00,80.68354,-0.5263199999999983,3.5697502195835114
7303,2020-07-21 00:00:00,80.67636,-0.5242800000000045,3.480885535478592
7304,2020-07-21 01:00:00,80.67019,-0.5244399999999985,3.2666450440883636
7305,2020-07-21 02:00:00,80.66466,-0.5240499999999884,3.0649518966674805
7306,2020-07-21 03:00:00,80.65949,-0.5245899999999892,2.808507114648819
7307,2020-07-21 04:00:00,80.65485,-0.524470000000008,2.6786610186100006
7308,2020-07-21 05:00:00,80.65001,-0.5261500000000012,2.6853972375392914
7309,2020-07-21 06:00:00,80.64504,-0.5268000000000086,2.7890142500400543
7310,2020-07-21 07:00:00,80.63953,-0.5296199999999942,2.962653771042824
7311,2020-07-21 08:00:00,80.63361,-0.531029999999987,3.16263484954834
7312,2020-07-21 09:00:00,80.62674,-0.5344000000000051,3.2499320656061172
7313,2020-07-21 10:00:00,80.61916,-0.5416299999999978,3.335330367088318
7314,2020-07-21 11:00:00,80.6114,-0.5549800000000005,3.5267816334962845
7315,2020-07-21 12:00:00,80.60545,-0.572969999999998,3.7135648876428604
7316,2020-07-21 13:00:00,80.60068,-0.5941100000000006,3.969132497906685
7317,2020-07-21 14:00:00,80.59619,-0.6100000000000136,4.223035886883736
7318,2020-07-21 15:00:00,80.59124,-0.6210399999999936,4.4779404029250145
7319,2020-07-21 16:00:00,80.58588,-0.6273300000000006,4.651734858751297
7320,2020-07-21 17:00:00,80.58033,-0.6218599999999981,4.531692802906036
7321,2020-07-21 18:00:00,80.57393,-0.6074399999999969,4.330354958772659
7322,2020-07-21 19:00:00,80.56597,-0.5934599999999932,3.965798392891884
7323,2020-07-21 20:00:00,80.55683,-0.5838999999999999,3.93391552567482
7324,2020-07-21 21:00:00,80.54749,-0.5803899999999942,4.0196108520030975
7325,2020-07-21 22:00:00,80.53827,-0.582429999999988,4.038946658372879
7326,2020-07-21 23:00:00,80.53078,-0.5838400000000092,4.0305507481098175
7327,2020-07-22 00:00:00,80.52435,-0.5838899999999967,3.860007643699646
7328,2020-07-22 01:00:00,80.52034,-0.5832699999999988,3.973739743232727
7329,2020-07-22 02:00:00,80.5182,-0.5777400000000057,4.09614771604538
7330,2020-07-22 03:00:00,80.51781,-0.5663499999999999,4.23125422000885
7331,2020-07-22 04:00:00,80.51777,-0.5524699999999996,4.397890090942383
7332,2020-07-22 05:00:00,80.5173,-0.5387000000000057,4.134221404790878
7333,2020-07-22 06:00:00,80.51511,-0.5264799999999923,4.083675861358643
7334,2020-07-22 07:00:00,80.51106,-0.5170699999999897,4.094451889395714
7335,2020-07-22 08:00:00,80.50527,-0.5126899999999921,4.325233146548271
7336,2020-07-22 09:00:00,80.49817,-0.5172000000000025,4.2163568288087845
7337,2020-07-22 10:00:00,80.49061,-0.5290999999999997,4.168054595589638
7338,2020-07-22 11:00:00,80.48357,-0.5437200000000075,4.446992680430412
7339,2020-07-22 12:00:00,80.47801,-0.5567800000000034,4.51761882007122
7340,2020-07-22 13:00:00,80.47349,-0.567450000000008,4.676611945033073
7341,2020-07-22 14:00:00,80.4699,-0.5737200000000087,4.738625854253769
7342,2020-07-22 15:00:00,80.46727,-0.5714600000000019,4.477443367242813
7343,2020-07-22 16:00:00,80.4645,-0.5621700000000089,4.396184459328651
7344,2020-07-22 17:00:00,80.46076,-0.5440099999999859,4.063886493444443
7345,2020-07-22 18:00:00,80.45504,-0.5236500000000035,3.9247951805591583
7346,2020-07-22 19:00:00,80.44699,-0.5060300000000097,4.077653765678406
7347,2020-07-22 20:00:00,80.43715,-0.493140000000011,4.315596163272858
7348,2020-07-22 21:00:00,80.42614,-0.4864300000000128,4.311177313327789
7349,2020-07-22 22:00:00,80.41492,-0.48753999999999564,4.234208330512047
7350,2020-07-22 23:00:00,80.40534,-0.4969499999999982,4.210401102900505
7351,2020-07-23 00:00:00,80.39749,-0.5101200000000006,4.213143467903137
7352,2020-07-23 01:00:00,80.39213,-0.526600000000002,4.24837851524353
7353,2020-07-23 02:00:00,80.38937,-0.5440000000000111,4.252508223056793
7354,2020-07-23 03:00:00,80.38914,-0.5599599999999896,4.3295213878154755
7355,2020-07-23 04:00:00,80.38993,-0.5679000000000087,4.3366855680942535
7356,2020-07-23 05:00:00,80.39076,-0.5654700000000048,4.336131185293198
7357,2020-07-23 06:00:00,80.39018,-0.5573400000000106,4.300317928195
7358,2020-07-23 07:00:00,80.38719,-0.5505100000000027,4.366937831044197
7359,2020-07-23 08:00:00,80.38132,-0.547789999999992,4.3567129373550415
7360,2020-07-23 09:00:00,80.37301,-0.5549000000000035,4.594427287578583
7361,2020-07-23 10:00:00,80.36371,-0.5753200000000049,4.959704801440239
7362,2020-07-23 11:00:00,80.35457,-0.6062499999999886,5.307252898812294
7363,2020-07-23 12:00:00,80.34638,-0.6428699999999878,5.427793905138969
7364,2020-07-23 13:00:00,80.34055,-0.682850000000002,5.296667501330376
7365,2020-07-23 14:00:00,80.33727,-0.7133399999999881,5.378556102514267
7366,2020-07-23 15:00:00,80.33582,-0.7333299999999952,5.165820866823196
7367,2020-07-23 16:00:00,80.33485,-0.7410800000000108,5.0902619659900665
7368,2020-07-23 17:00:00,80.33329,-0.7328799999999944,5.134102642536163
7369,2020-07-23 18:00:00,80.33025,-0.7130400000000066,5.17055082321167
7370,2020-07-23 19:00:00,80.32489,-0.6980700000000013,5.203411474823952
7371,2020-07-23 20:00:00,80.31661,-0.6855899999999906,5.215296149253845
7372,2020-07-23 21:00:00,80.30601,-0.6793999999999869,5.246546000242233
7373,2020-07-23 22:00:00,80.29469,-0.6808399999999892,5.158767938613892
7374,2020-07-23 23:00:00,80.28357,-0.691190000000006,5.106875270605087
7375,2020-07-24 00:00:00,80.27369,-0.7070500000000095,4.602258026599884
7376,2020-07-24 01:00:00,80.26659,-0.7231800000000135,4.46379454433918
7377,2020-07-24 02:00:00,80.26285,-0.7330699999999979,4.40211483836174
7378,2020-07-24 03:00:00,80.26077,-0.7295599999999922,4.272982567548752
7379,2020-07-24 04:00:00,80.25938,-0.7149499999999875,4.211418628692627
7380,2020-07-24 05:00:00,80.25807,-0.6906700000000114,4.144818663597107
7381,2020-07-24 06:00:00,80.25518,-0.6595000000000084,4.1984506249427795
7382,2020-07-24 07:00:00,80.24998,-0.6265099999999961,4.499787330627441
7383,2020-07-24 08:00:00,80.24165,-0.5995699999999999,4.470033869147301
7384,2020-07-24 09:00:00,80.23069,-0.5779100000000028,4.39511176943779
7385,2020-07-24 10:00:00,80.21803,-0.5697299999999927,4.313593611121178
7386,2020-07-24 11:00:00,80.20514,-0.5707700000000102,4.521080315113068
7387,2020-07-24 12:00:00,80.19291,-0.581799999999987,4.6870981603860855
7388,2020-07-24 13:00:00,80.18235,-0.5996499999999969,4.646599695086479
7389,2020-07-24 14:00:00,80.17497,-0.6130100000000027,4.426317662000656
7390,2020-07-24 15:00:00,80.16965,-0.621610000000004,4.342118084430695
7391,2020-07-24 16:00:00,80.16545,-0.6160999999999888,4.219463407993317
7392,2020-07-24 17:00:00,80.16169,-0.5913199999999961,4.284334182739258
7393,2020-07-24 18:00:00,80.15621,-0.5437599999999918,4.396457999944687
7394,2020-07-24 19:00:00,80.14672,-0.4852999999999952,4.3876951932907104
7395,2020-07-24 20:00:00,80.13278,-0.43585999999999103,4.440609246492386
7396,2020-07-24 21:00:00,80.11574,-0.39692999999999756,4.74257992208004
7397,2020-07-24 22:00:00,80.09468,-0.37127000000000976,4.80702406167984
7398,2020-07-24 23:00:00,80.0721,-0.3693499999999972,4.697507858276367
7399,2020-07-25 00:00:00,80.05084,-0.3982000000000028,4.749027520418167
7400,2020-07-25 01:00:00,80.03364,-0.4460500000000138,4.834298655390739
7401,2020-07-25 02:00:00,80.0213,-0.49857000000000085,4.949539661407471
7402,2020-07-25 03:00:00,80.01256,-0.5524699999999996,4.842479422688484
7403,2020-07-25 04:00:00,80.00789,-0.5911000000000115,4.744136810302734
7404,2020-07-25 05:00:00,80.0051,-0.614910000000009,4.7623535096645355
7405,2020-07-25 06:00:00,80.00198,-0.6314299999999946,4.989911451935768
7406,2020-07-25 07:00:00,79.99719,-0.6455400000000111,5.057383790612221
7407,2020-07-25 08:00:00,79.98965,-0.6596600000000024,4.906163290143013
7408,2020-07-25 09:00:00,79.98037,-0.6758800000000065,5.252556025981903
7409,2020-07-25 10:00:00,79.96945,-0.6969400000000121,5.330060988664627
7410,2020-07-25 11:00:00,79.95622,-0.7272299999999916,5.409532494843006
7411,2020-07-25 12:00:00,79.94176,-0.7777100000000132,5.296848967671394
7412,2020-07-25 13:00:00,79.92817,-0.8395999999999901,5.2082993015646935
7413,2020-07-25 14:00:00,79.91678,-0.907039999999995,5.220491908490658
7414,2020-07-25 15:00:00,79.90839,-0.9762000000000057,5.395705342292786
7415,2020-07-25 16:00:00,79.90238,-1.0404399999999896,5.290754213929176
7416,2020-07-25 17:00:00,79.89863,-1.0933899999999994,5.211021319031715
7417,2020-07-25 18:00:00,79.89437,-1.1274099999999976,5.222911894321442
7418,2020-07-25 19:00:00,79.88837,-1.151900000000012,5.241980165243149
7419,2020-07-25 20:00:00,79.88037,-1.1770099999999957,5.182056397199631
7420,2020-07-25 21:00:00,79.87125,-1.2056900000000041,5.135420054197311
7421,2020-07-25 22:00:00,79.86151,-1.2415399999999863,5.043418735265732
7422,2020-07-25 23:00:00,79.85084,-1.2903300000000115,4.862680941820145
7423,2020-07-26 00:00:00,79.84157,-1.3479499999999973,5.239665985107422
7424,2020-07-26 01:00:00,79.83432,-1.4105199999999911,5.197100728750229
7425,2020-07-26 02:00:00,79.82971,-1.4732999999999947,5.076830819249153
7426,2020-07-26 03:00:00,79.82812,-1.5352900000000034,4.9597465842962265
7427,2020-07-26 04:00:00,79.82848,-1.5899300000000096,4.733885183930397
7428,2020-07-26 05:00:00,79.83016,-1.626170000000002,4.4474901258945465
7429,2020-07-26 06:00:00,79.83165,-1.6488099999999974,4.251787513494492
7430,2020-07-26 07:00:00,79.83163,-1.6616699999999867,3.971872106194496
7431,2020-07-26 08:00:00,79.82877,-1.6710099999999954,3.692052334547043
7432,2020-07-26 09:00:00,79.82282,-1.6801900000000103,3.576958402991295
7433,2020-07-26 10:00:00,79.81397,-1.697339999999997,3.474892497062683
7434,2020-07-26 11:00:00,79.80296,-1.7229499999999973,3.298136755824089
7435,2020-07-26 12:00:00,79.79126,-1.7609699999999862,3.0402568727731705
7436,2020-07-26 13:00:00,79.78022,-1.8076399999999921,2.6824199706315994
7437,2020-07-26 14:00:00,79.77152,-1.8536900000000003,2.452517256140709
7438,2020-07-26 15:00:00,79.76446,-1.8952800000000138,2.4340580999851227
7439,2020-07-26 16:00:00,79.75844,-1.9313899999999933,2.6736133843660355
7440,2020-07-26 17:00:00,79.75331,-1.9585700000000088,2.9208562672138214
7441,2020-07-26 18:00:00,79.74866,-1.9726599999999905,3.015280067920685
7442,2020-07-26 19:00:00,79.74347,-1.975120000000004,2.9911413490772247
7443,2020-07-26 20:00:00,79.73671,-1.974019999999996,2.795952469110489
7444,2020-07-26 21:00:00,79.72785,-1.9735799999999983,2.5133423507213593
7445,2020-07-26 22:00:00,79.71754,-1.979379999999992,2.362720012664795
7446,2020-07-26 23:00:00,79.70584,-1.9990599999999858,2.4783232659101486
7447,2020-07-27 00:00:00,79.69355,-2.029200000000003,2.4212115854024887
7448,2020-07-27 01:00:00,79.68141,-2.067939999999993,2.3474622070789337
7449,2020-07-27 02:00:00,79.67079,-2.11090999999999,2.317512810230255
7450,2020-07-27 03:00:00,79.66213,-2.151289999999989,2.179534077644348
7451,2020-07-27 04:00:00,79.65538,-2.185910000000007,2.00049489736557
7452,2020-07-27 05:00:00,79.65011,-2.2135700000000043,1.9488475620746613
7453,2020-07-27 06:00:00,79.64565,-2.2332999999999856,1.887020230293274
7454,2020-07-27 07:00:00,79.64058,-2.2457100000000025,1.8217229694128036
7455,2020-07-27 08:00:00,79.63388,-2.24772999999999,2.031194746494293
7456,2020-07-27 09:00:00,79.62553,-2.250130000000013,2.344721868634224
7457,2020-07-27 10:00:00,79.61507,-2.255449999999996,2.674864947795868
7458,2020-07-27 11:00:00,79.60266,-2.2702700000000107,3.0366756319999695
7459,2020-07-27 12:00:00,79.5889,-2.2949900000000127,3.415939599275589
7460,2020-07-27 13:00:00,79.57499,-2.331240000000008,3.661548934876919
7461,2020-07-27 14:00:00,79.56214,-2.37885,4.000967502593994
7462,2020-07-27 15:00:00,79.55138,-2.4306899999999985,4.349243566393852
7463,2020-07-27 16:00:00,79.54272,-2.480410000000006,4.523872911930084
7464,2020-07-27 17:00:00,79.53619,-2.517419999999987,4.507865160703659
7465,2020-07-27 18:00:00,79.53047,-2.5388399999999933,4.579894810914993
7466,2020-07-27 19:00:00,79.52439,-2.5518299999999954,4.761213198304176
7467,2020-07-27 20:00:00,79.51751,-2.554949999999991,5.151607096195221
7468,2020-07-27 21:00:00,79.50909,-2.551089999999988,5.465494871139526
7469,2020-07-27 22:00:00,79.49866,-2.547680000000014,5.702256560325623
7470,2020-07-27 23:00:00,79.48647,-2.5502400000000023,5.948955774307251
7471,2020-07-28 00:00:00,79.47282,-2.561550000000011,6.213823586702347
7472,2020-07-28 01:00:00,79.45864,-2.5834600000000023,6.170103058218956
7473,2020-07-28 02:00:00,79.44539,-2.614929999999987,6.124399825930595
7474,2020-07-28 03:00:00,79.43369,-2.653160000000014,6.062876269221306
7475,2020-07-28 04:00:00,79.42369,-2.688680000000005,6.0564271211624146
7476,2020-07-28 05:00:00,79.41644,-2.7178900000000112,6.18084816634655
7477,2020-07-28 06:00:00,79.41081,-2.734649999999988,6.451311752200127
7478,2020-07-28 07:00:00,79.40575,-2.7393500000000017,6.6181157529354095
7479,2020-07-28 08:00:00,79.40014,-2.735129999999998,6.604065477848053
7480,2020-07-28 09:00:00,79.39314,-2.7219499999999925,6.450947344303131
7481,2020-07-28 10:00:00,79.38395,-2.7072000000000003,6.253600150346756
7482,2020-07-28 11:00:00,79.3726,-2.6961499999999887,6.155783012509346
7483,2020-07-28 12:00:00,79.35989,-2.688590000000005,6.118032395839691
7484,2020-07-28 13:00:00,79.34647,-2.6878600000000006,6.051397264003754
7485,2020-07-28 14:00:00,79.33277,-2.695830000000001,5.999730445444584
7486,2020-07-28 15:00:00,79.31966,-2.707740000000001,5.935740627348423
7487,2020-07-28 16:00:00,79.30819,-2.7189400000000035,5.877626225352287
7488,2020-07-28 17:00:00,79.29863,-2.7294799999999952,5.802738219499588
7489,2020-07-28 18:00:00,79.29053,-2.7337200000000053,5.670127555727959
7490,2020-07-28 19:00:00,79.28401,-2.7299700000000087,5.567938461899757
7491,2020-07-28 20:00:00,79.2781,-2.7174699999999916,5.532522767782211
7492,2020-07-28 21:00:00,79.27179,-2.69932,5.507004410028458
7493,2020-07-28 22:00:00,79.26464,-2.678290000000004,5.588051974773407
7494,2020-07-28 23:00:00,79.25632,-2.656560000000013,5.63806414604187
7495,2020-07-29 00:00:00,79.24658,-2.639880000000005,5.645510032773018
7496,2020-07-29 01:00:00,79.23639,-2.633100000000013,5.521281838417053
7497,2020-07-29 02:00:00,79.2269,-2.6379599999999925,5.487008556723595
7498,2020-07-29 03:00:00,79.21908,-2.650100000000009,5.677589595317841
7499,2020-07-29 04:00:00,79.21342,-2.6608799999999917,5.418941706418991
7500,2020-07-29 05:00:00,79.20961,-2.666179999999997,5.149654775857925
7501,2020-07-29 06:00:00,79.20681,-2.6637599999999964,4.970934584736824
7502,2020-07-29 07:00:00,79.20439,-2.653649999999999,4.973916113376617
7503,2020-07-29 08:00:00,79.20162,-2.63821999999999,4.93945699930191
7504,2020-07-29 09:00:00,79.1982,-2.6197500000000105,4.814785420894623
7505,2020-07-29 10:00:00,79.19411,-2.6025400000000047,4.793513774871826
7506,2020-07-29 11:00:00,79.18988,-2.59217000000001,5.102234750986099
7507,2020-07-29 12:00:00,79.18616,-2.5904899999999884,5.445728786289692
7508,2020-07-29 13:00:00,79.18286,-2.5973299999999995,5.580253727734089
7509,2020-07-29 14:00:00,79.17992,-2.6033899999999903,5.541677340865135
7510,2020-07-29 15:00:00,79.17745,-2.60942,5.480626076459885
7511,2020-07-29 16:00:00,79.17609,-2.6159100000000137,5.468039944767952
7512,2020-07-29 17:00:00,79.17639,-2.6156100000000038,5.39559331536293
7513,2020-07-29 18:00:00,79.17671,-2.6096900000000005,5.390498369932175
7514,2020-07-29 19:00:00,79.17481,-2.5958300000000065,5.297810643911362
7515,2020-07-29 20:00:00,79.17218,-2.574780000000004,5.007328152656555
7516,2020-07-29 21:00:00,79.16814,-2.551320000000004,4.734755307435989
7517,2020-07-29 22:00:00,79.16269,-2.5264099999999985,4.535139590501785
7518,2020-07-29 23:00:00,79.1555,-2.5069799999999987,4.522605583071709
7519,2020-07-30 00:00:00,79.14784,-2.4961299999999937,4.495467230677605
7520,2020-07-30 01:00:00,79.13935,-2.4935299999999927,4.312470078468323
7521,2020-07-30 02:00:00,79.13123,-2.500630000000001,4.112354218959808
7522,2020-07-30 03:00:00,79.12492,-2.5144300000000044,3.825427383184433
7523,2020-07-30 04:00:00,79.12084,-2.5316200000000038,3.4977784603834152
7524,2020-07-30 05:00:00,79.11829,-2.542730000000006,3.1488830149173737
7525,2020-07-30 06:00:00,79.11674,-2.5436400000000106,3.0054704546928406
7526,2020-07-30 07:00:00,79.11578,-2.5316200000000038,2.992231175303459
7527,2020-07-30 08:00:00,79.11505,-2.509060000000005,2.864004373550415
7528,2020-07-30 09:00:00,79.1129,-2.483479999999986,3.1727024018764496
7529,2020-07-30 10:00:00,79.10956,-2.4609000000000094,3.1828491240739822
7530,2020-07-30 11:00:00,79.10449,-2.4420900000000074,3.0144291073083878
7531,2020-07-30 12:00:00,79.09809,-2.433480000000003,2.7840619534254074
7532,2020-07-30 13:00:00,79.09169,-2.4396600000000035,2.7538885548710823
7533,2020-07-30 14:00:00,79.08623,-2.457400000000007,2.6799336373806
7534,2020-07-30 15:00:00,79.08173,-2.4824299999999937,3.026958331465721
7535,2020-07-30 16:00:00,79.07893,-2.5089399999999955,3.1458631604909897
7536,2020-07-30 17:00:00,79.07754,-2.5339899999999886,3.627439424395561
7537,2020-07-30 18:00:00,79.07751,-2.554149999999993,3.866682320833206
7538,2020-07-30 19:00:00,79.07846,-2.5664700000000096,3.9349192678928375
7539,2020-07-30 20:00:00,79.07972,-2.5691500000000076,4.146705433726311
7540,2020-07-30 21:00:00,79.08048,-2.5602499999999964,4.479496419429779
7541,2020-07-30 22:00:00,79.07993,-2.549219999999991,4.788509547710419
7542,2020-07-30 23:00:00,79.07816,-2.5450099999999907,4.994850277900696
7543,2020-07-31 00:00:00,79.07561,-2.5501600000000053,5.708556801080704
7544,2020-07-31 01:00:00,79.07293,-2.568450000000013,5.973493799567223
7545,2020-07-31 02:00:00,79.07056,-2.5997500000000002,6.208440810441971
7546,2020-07-31 03:00:00,79.06925,-2.6400600000000054,6.433588072657585
7547,2020-07-31 04:00:00,79.06876,-2.685030000000012,6.535284206271172
7548,2020-07-31 05:00:00,79.06886,-2.7296499999999924,6.582826018333435
7549,2020-07-31 06:00:00,79.06893,-2.7753999999999905,6.622330069541931
7550,2020-07-31 07:00:00,79.0701,-2.8075900000000047,6.628537967801094
7551,2020-07-31 08:00:00,79.08153,-2.760690000000011,6.60538786649704
7552,2020-07-31 09:00:00,79.07148,-2.824610000000007,6.488859474658966
7553,2020-07-31 10:00:00,79.0696,-2.835970000000003,6.472501039505005
7554,2020-07-31 11:00:00,79.06647,-2.856030000000004,6.333085834980011
7555,2020-07-31 12:00:00,79.04947,-3.023750000000007,6.285655811429024
7556,2020-07-31 13:00:00,78.95748,-2.697339999999997,6.199872240424156
7557,2020-07-31 14:00:00,78.8838,-2.179090000000002,6.1044435650110245
7558,2020-07-31 15:00:00,78.84665,-1.969629999999995,6.011730909347534
7559,2020-07-31 16:00:00,78.84247,-1.9879799999999932,5.850196555256844
7560,2020-07-31 17:00:00,78.84549,-2.035349999999994,5.794208005070686
7561,2020-07-31 18:00:00,78.84871,-2.0739700000000028,5.760425448417664
7562,2020-07-31 19:00:00,78.81305,-2.057050000000004,5.6410395205020905
7563,2020-07-31 20:00:00,78.7944,-2.0505100000000027,5.553804337978363
7564,2020-07-31 21:00:00,78.8021,-2.109880000000004,5.454717546701431
7565,2020-07-31 22:00:00,78.80789,-2.141549999999995,5.218306809663773
7566,2020-07-31 23:00:00,78.81471,-2.1672100000000114,4.979137480258942
7567,2020-08-01 00:00:00,78.81785,-2.1818199999999877,4.7747341096401215
7568,2020-08-01 01:00:00,78.81897,-2.1849599999999896,4.636630326509476
7569,2020-08-01 02:00:00,78.82138,-2.1984899999999925,4.671029090881348
7570,2020-08-01 03:00:00,78.82497,-2.2103600000000085,4.706009060144424
7571,2020-08-01 04:00:00,78.82788,-2.224099999999993,4.7653894275426865
7572,2020-08-01 05:00:00,78.82999,-2.2410899999999856,4.767970398068428
7573,2020-08-01 06:00:00,78.8327,-2.2598199999999906,4.77027490735054
7574,2020-08-01 07:00:00,78.79482,-2.2894699999999943,4.788436323404312
7575,2020-08-01 08:00:00,78.78906,-2.3334199999999896,4.724800616502762
7576,2020-08-01 09:00:00,78.79654,-2.363889999999998,4.803938984870911
7577,2020-08-01 10:00:00,78.80245,-2.393969999999996,5.036405056715012
7578,2020-08-01 11:00:00,78.80981,-2.41592,5.127707555890083
7579,2020-08-01 12:00:00,78.81819,-2.4234399999999994,5.296120509505272
7580,2020-08-01 13:00:00,78.82442,-2.411750000000012,5.49648480117321
7581,2020-08-01 14:00:00,78.83086,-2.4027399999999943,5.704862371087074
7582,2020-08-01 15:00:00,78.81106,-2.3666399999999896,6.049564436078072
7583,2020-08-01 16:00:00,78.81718,-2.404059999999987,6.235704883933067
7584,2020-08-01 17:00:00,78.86836,-2.4335199999999872,6.414104253053665
7585,2020-08-01 18:00:00,78.92293,-2.473540000000014,6.616489917039871
7586,2020-08-01 19:00:00,78.92933,-2.4885500000000036,6.805714339017868
7587,2020-08-01 20:00:00,78.93777,-2.5022299999999973,6.988674730062485
7588,2020-08-01 21:00:00,78.94782,-2.5142899999999884,7.032149523496628
7589,2020-08-01 22:00:00,78.96111,-2.5282300000000077,6.959177792072296
7590,2020-08-01 23:00:00,78.97496,-2.542139999999989,6.989880740642548
7591,2020-08-02 00:00:00,78.9841,-2.54446999999999,7.024333119392395
7592,2020-08-02 01:00:00,78.99314,-2.5490700000000004,6.992513865232468
7593,2020-08-02 02:00:00,79.00227,-2.5566300000000126,6.885405093431473
7594,2020-08-02 03:00:00,79.00952,-2.5671299999999917,6.894941806793213
7595,2020-08-02 04:00:00,79.0147,-2.58053000000001,7.077554389834404
7596,2020-08-02 05:00:00,79.01929,-2.598410000000001,7.1233354061841965
7597,2020-08-02 06:00:00,79.02435,-2.6200900000000047,7.105830490589142
7598,2020-08-02 07:00:00,79.02877,-2.637609999999995,7.075414791703224
7599,2020-08-02 08:00:00,79.03394,-2.74597,6.993187338113785
7600,2020-08-02 09:00:00,79.03603,-2.7431200000000047,6.99305759370327
7601,2020-08-02 10:00:00,79.03636,-2.7344500000000096,6.711837098002434
7602,2020-08-02 11:00:00,79.03691,-2.72308000000001,6.204639315605164
7603,2020-08-02 12:00:00,79.03978,-2.7214899999999886,5.897198259830475
7604,2020-08-02 13:00:00,79.11452,-2.5620999999999867,6.131516873836517
7605,2020-08-02 14:00:00,79.11377,-2.5673400000000015,6.610409885644913
7606,2020-08-02 15:00:00,79.11128,-2.575940000000003,7.281635195016861
7607,2020-08-02 16:00:00,79.11054,-2.5794400000000053,7.455248847603798
7608,2020-08-02 17:00:00,79.11304,-2.607760000000013,7.3392830193042755
7609,2020-08-02 18:00:00,79.06559,-2.7988599999999906,7.2173318564891815
7610,2020-08-02 19:00:00,78.98507,-3.1068400000000054,7.045809894800186
7611,2020-08-02 20:00:00,78.91197,-3.547789999999992,7.217009663581848
7612,2020-08-02 21:00:00,78.84157,-3.943070000000006,7.292128711938858
7613,2020-08-02 22:00:00,78.77283,-4.302750000000003,7.24959722161293
7614,2020-08-02 23:00:00,78.71689,-4.58972,7.214619815349579
7615,2020-08-03 00:00:00,78.66631,-4.893390000000011,7.11176361143589
7616,2020-08-03 01:00:00,78.66348,-4.934519999999992,7.112042158842087
7617,2020-08-03 02:00:00,78.66125,-4.9674400000000105,7.108693316578865
7618,2020-08-03 03:00:00,78.66025,-4.997600000000006,7.120564818382263
7619,2020-08-03 04:00:00,78.65804,-5.0230200000000025,7.254151552915573
7620,2020-08-03 05:00:00,78.65524,-5.047460000000001,7.401654481887817
7621,2020-08-03 06:00:00,78.65196,-5.074070000000006,7.504698812961578
7622,2020-08-03 07:00:00,78.62437,-5.1295399999999916,7.584128051996231
7623,2020-08-03 08:00:00,78.61974,-5.158659999999998,7.690874084830284
7624,2020-08-03 09:00:00,78.63588,-5.041179999999997,7.801395460963249
7625,2020-08-03 10:00:00,78.66008,-4.603659999999991,7.898645952343941
7626,2020-08-03 11:00:00,78.64448,-4.310599999999994,7.95904241502285
7627,2020-08-03 12:00:00,78.63636,-4.342090000000013,7.931204855442047
7628,2020-08-03 13:00:00,78.62275,-4.360639999999989,7.837496906518936
7629,2020-08-03 14:00:00,78.61325,-4.3783599999999865,7.644752383232117
7630,2020-08-03 15:00:00,78.60534,-4.393579999999986,7.343664035201073
7631,2020-08-03 16:00:00,78.59896,-4.414729999999992,7.034756168723106
7632,2020-08-03 17:00:00,78.66999,-4.167609999999996,6.789378002285957
7633,2020-08-03 18:00:00,78.76745,-3.816120000000012,6.6326868534088135
7634,2020-08-03 19:00:00,78.85987,-3.4937400000000025,6.710725396871567
7635,2020-08-03 20:00:00,78.94694,-3.187630000000013,6.552667558193207
7636,2020-08-03 21:00:00,79.0177,-2.911030000000011,6.012145519256592
7637,2020-08-03 22:00:00,79.01801,-2.94765000000001,5.849677234888077
7638,2020-08-03 23:00:00,79.02458,-2.979530000000011,5.682203888893127
7639,2020-08-04 00:00:00,79.02851,-3.021109999999993,5.465207993984222
7640,2020-08-04 01:00:00,79.03246,-3.0750500000000045,5.227439746260643
7641,2020-08-04 02:00:00,79.03524,-3.1392999999999915,5.0651275515556335
7642,2020-08-04 03:00:00,79.03956,-3.205299999999994,5.090397953987122
7643,2020-08-04 04:00:00,79.04535,-3.2657800000000066,5.060504645109177
7644,2020-08-04 05:00:00,79.04727,-3.3205700000000036,4.890741914510727
7645,2020-08-04 06:00:00,79.04616,-3.3697799999999916,4.709544152021408
7646,2020-08-04 07:00:00,79.03965,-3.089190000000002,4.459151774644852
7647,2020-08-04 08:00:00,79.04067,-3.120679999999993,4.1195662915706635
7648,2020-08-04 09:00:00,79.03431,-3.159940000000006,3.9048047065734863
7649,2020-08-04 10:00:00,79.02863,-3.202300000000008,3.7603395879268646
7650,2020-08-04 11:00:00,79.02509,-3.225439999999992,3.6304252445697784
7651,2020-08-04 12:00:00,79.03181,-3.1754099999999994,3.605798527598381
7652,2020-08-04 13:00:00,79.01929,-3.186569999999989,3.5124045312404633
7653,2020-08-04 14:00:00,79.01672,-3.2747799999999927,3.396125838160515
7654,2020-08-04 15:00:00,79.01656,-3.3567600000000084,3.3846103250980377
7655,2020-08-04 16:00:00,79.01779,-3.419729999999987,3.402961805462837
7656,2020-08-04 17:00:00,79.01868,-3.4647699999999872,3.4573922157287598
7657,2020-08-04 18:00:00,79.01716,-3.5019399999999905,3.5314408242702484
7658,2020-08-04 19:00:00,79.00312,-3.4998199999999997,3.6036152839660645
7659,2020-08-04 20:00:00,78.95865,-3.1424299999999903,3.6316244900226593
7660,2020-08-04 21:00:00,78.906,-2.62324000000001,3.5741282254457474
7661,2020-08-04 22:00:00,78.8543,-2.1151000000000124,3.5577507466077805
7662,2020-08-04 23:00:00,78.80927,-1.6499000000000024,3.6918129920959473
7663,2020-08-05 00:00:00,78.7577,-1.1835000000000093,4.182825475931168
7664,2020-08-05 01:00:00,78.74173,-1.0530200000000036,4.419489741325378
7665,2020-08-05 02:00:00,78.73286,-1.0841000000000065,4.565999403595924
7666,2020-08-05 03:00:00,78.72488,-1.1163699999999892,4.625380769371986
7667,2020-08-05 04:00:00,78.71742,-1.145610000000005,4.63308846950531
7668,2020-08-05 05:00:00,78.70999,-1.171069999999986,4.586138546466827
7669,2020-08-05 06:00:00,78.70226,-1.192229999999995,4.535465985536575
7670,2020-08-05 07:00:00,78.6944,-1.2124100000000055,4.43978950381279
7671,2020-08-05 08:00:00,78.64495,-1.354379999999992,4.3500756919384
7672,2020-08-05 09:00:00,78.59999,-1.4808700000000101,4.312515303492546
7673,2020-08-05 10:00:00,78.59299,-1.54131000000001,4.480490744113922
7674,2020-08-05 11:00:00,78.58849,-1.6020599999999945,4.5889779180288315
7675,2020-08-05 12:00:00,78.5814,-1.649329999999992,4.553465113043785
7676,2020-08-05 13:00:00,78.57156,-1.6805999999999983,4.551036760210991
7677,2020-08-05 14:00:00,78.56182,-1.7145399999999995,4.391608491539955
7678,2020-08-05 15:00:00,78.55004,-2.0376799999999946,4.327823713421822
7679,2020-08-05 16:00:00,78.53821,-2.521500000000003,4.257844775915146
7680,2020-08-05 17:00:00,78.52121,-3.05068,3.964090973138809
7681,2020-08-05 18:00:00,78.50411,-3.6042400000000043,3.901261880993843
7682,2020-08-05 19:00:00,78.48738,-4.151769999999999,3.788391798734665
7683,2020-08-05 20:00:00,78.47161,-4.6724100000000135,3.6419570446014404
7684,2020-08-05 21:00:00,78.45275,-5.161689999999993,3.4911156594753265
7685,2020-08-05 22:00:00,78.43589,-5.62906000000001,3.357807755470276
7686,2020-08-05 23:00:00,78.41824,-6.0916,3.2713496685028076
7687,2020-08-06 00:00:00,78.40399,-6.507589999999993,2.3913148790597916
7688,2020-08-06 01:00:00,78.39066,-6.905190000000005,2.127141445875168
7689,2020-08-06 02:00:00,78.38924,-7.005860000000013,1.8170672953128815
7690,2020-08-06 03:00:00,78.38794,-7.021320000000003,1.6874117404222488
7691,2020-08-06 04:00:00,78.38686,-7.034140000000008,1.617272511124611
7692,2020-08-06 05:00:00,78.38525,-7.044620000000009,1.510427013039589
7693,2020-08-06 06:00:00,78.37519,-7.136079999999993,1.4839412569999695
7694,2020-08-06 07:00:00,78.3649,-7.196179999999998,1.2527229189872742
7695,2020-08-06 08:00:00,78.36024,-7.211340000000007,0.9311560392379761
7696,2020-08-06 09:00:00,78.35564,-7.228820000000013,0.6706274151802063
7697,2020-08-06 10:00:00,78.34969,-7.247669999999999,0.846082329750061
7698,2020-08-06 11:00:00,78.35483,-7.249249999999989,1.0965628325939178
7699,2020-08-06 12:00:00,78.35134,-7.264150000000001,1.2854389250278473
7700,2020-08-06 13:00:00,78.34751,-7.2872099999999875,1.3806840926408768
7701,2020-08-06 14:00:00,78.3442,-7.311630000000008,1.346507415175438
7702,2020-08-06 15:00:00,78.34133,-7.332879999999989,1.3394787013530731
7703,2020-08-06 16:00:00,78.3391,-7.351589999999987,1.3722229450941086
7704,2020-08-06 17:00:00,78.36076,-7.329710000000006,1.682247281074524
7705,2020-08-06 18:00:00,78.39885,-7.264319999999998,2.3674220144748688
7706,2020-08-06 19:00:00,78.47617,-7.138509999999997,2.8228530287742615
7707,2020-08-06 20:00:00,78.56624,-6.974050000000005,3.073470190167427
7708,2020-08-06 21:00:00,78.65347,-6.7598700000000065,3.221176952123642
7709,2020-08-06 22:00:00,78.75754,-6.649969999999996,3.192894458770752
7710,2020-08-06 23:00:00,78.85652,-6.514929999999993,3.313192218542099
7711,2020-08-07 00:00:00,78.96261,-6.376479999999987,3.378296419978142
7712,2020-08-07 01:00:00,79.07125,-6.235880000000009,3.130256235599518
7713,2020-08-07 02:00:00,79.17571,-6.033870000000007,3.0944459438323975
7714,2020-08-07 03:00:00,79.27889,-5.945850000000007,3.850247487425804
7715,2020-08-07 04:00:00,79.35166,-5.830219999999997,3.93342924118042
7716,2020-08-07 05:00:00,79.44549,-5.6354399999999885,3.6867634654045105
7717,2020-08-07 06:00:00,79.53948,-5.446809999999999,3.5622488409280777
7718,2020-08-07 07:00:00,79.56145,-5.372929999999997,4.7214556485414505
7719,2020-08-07 08:00:00,79.58304,-5.2571900000000085,4.678949907422066
7720,2020-08-07 09:00:00,79.63848,-5.148110000000003,4.739066377282143
7721,2020-08-07 10:00:00,79.71412,-5.252819999999986,4.590123772621155
7722,2020-08-07 11:00:00,79.75254,-5.1464599999999905,4.291676223278046
7723,2020-08-07 12:00:00,79.76036,-4.955549999999988,4.423672899603844
7724,2020-08-07 13:00:00,79.75943,-4.9556300000000135,4.559359937906265
7725,2020-08-07 14:00:00,79.76045,-4.9602199999999925,4.545908838510513
7726,2020-08-07 15:00:00,79.76277,-4.959229999999991,4.200445830821991
7727,2020-08-07 16:00:00,79.77858,-4.784789999999987,4.8713109493255615
7728,2020-08-07 17:00:00,79.80931,-4.436849999999993,5.251553878188133
7729,2020-08-07 18:00:00,79.87357,-4.11466999999999,5.084089040756226
7730,2020-08-07 19:00:00,79.93583,-3.7169700000000034,4.919231057167053
7731,2020-08-07 20:00:00,79.92539,-3.600210000000004,4.785052239894867
7732,2020-08-07 21:00:00,79.91686,-3.5815800000000024,5.035476118326187
7733,2020-08-07 22:00:00,79.90973,-3.5630899999999883,5.265492022037506
7734,2020-08-07 23:00:00,79.90357,-3.5555200000000013,5.480262994766235
7735,2020-08-08 00:00:00,79.9008,-3.5578800000000115,5.8582498878240585
7736,2020-08-08 01:00:00,79.89216,-3.5502400000000023,6.0930724292993546
7737,2020-08-08 02:00:00,79.88535,-3.548930000000013,6.266797304153442
7738,2020-08-08 03:00:00,79.88382,-3.5505100000000027,6.398405909538269
7739,2020-08-08 04:00:00,79.88321,-3.5430299999999875,6.544857323169708
7740,2020-08-08 05:00:00,79.88156,-3.526379999999989,6.691705018281937
7741,2020-08-08 06:00:00,79.88478,-3.5145899999999983,6.640496224164963
7742,2020-08-08 07:00:00,79.88653,-3.5000599999999906,6.522161737084389
7743,2020-08-08 08:00:00,79.88736,-3.478219999999993,6.607535421848297
7744,2020-08-08 09:00:00,79.90425,-3.7805199999999957,6.671479552984238
7745,2020-08-08 10:00:00,79.90033,-3.7680400000000134,6.841265648603439
7746,2020-08-08 11:00:00,79.89637,-3.771899999999988,7.027300924062729
7747,2020-08-08 12:00:00,79.88789,-3.762859999999989,6.797617867588997
7748,2020-08-08 13:00:00,79.87853,-3.73621,6.518982470035553
7749,2020-08-08 14:00:00,79.89455,-3.8347300000000075,6.455938369035721
7750,2020-08-08 15:00:00,79.89029,-3.8288499999999885,6.739244073629379
7751,2020-08-08 16:00:00,79.8913,-3.8568799999999896,6.7303458750247955
7752,2020-08-08 17:00:00,79.89217,-3.8801599999999894,6.322459891438484
7753,2020-08-08 18:00:00,79.89285,-3.8884999999999934,6.28205680847168
7754,2020-08-08 19:00:00,79.90682,-3.8677999999999884,6.386673122644424
7755,2020-08-08 20:00:00,79.92908,-4.013479999999987,6.711953863501549
7756,2020-08-08 21:00:00,79.92583,-4.034140000000008,6.73217386007309
7757,2020-08-08 22:00:00,79.91931,-4.050099999999986,7.104480534791946
7758,2020-08-08 23:00:00,79.91287,-4.069439999999986,7.258718639612198
7759,2020-08-09 00:00:00,79.90526,-4.083949999999987,6.937477260828018
7760,2020-08-09 01:00:00,79.89753,-4.099130000000002,7.018654242157936
7761,2020-08-09 02:00:00,79.8901,-4.111259999999987,7.194612726569176
7762,2020-08-09 03:00:00,79.88534,-4.134230000000002,7.578801855444908
7763,2020-08-09 04:00:00,79.88407,-4.172149999999988,7.880277082324028
7764,2020-08-09 05:00:00,79.88294,-4.175999999999988,8.470040187239647
7765,2020-08-09 06:00:00,79.88329,-4.217420000000004,8.837777063250542
7766,2020-08-09 07:00:00,79.8815,-4.231120000000004,9.251506730914116
7767,2020-08-09 08:00:00,79.88059,-4.266879999999986,9.52305394411087
7768,2020-08-09 09:00:00,79.88763,-4.587170000000015,9.398286834359169
7769,2020-08-09 10:00:00,79.88509,-4.6222899999999925,9.33468097448349
7770,2020-08-09 11:00:00,79.88145,-4.635609999999986,9.203548237681389
7771,2020-08-09 12:00:00,79.88058,-4.657540000000012,8.912497565150261
7772,2020-08-09 13:00:00,79.88337,-4.72596999999999,8.651059165596962
7773,2020-08-09 14:00:00,79.88118,-4.756959999999992,8.349390223622322
7774,2020-08-09 15:00:00,79.88069,-4.803660000000008,7.910639226436615
7775,2020-08-09 16:00:00,79.87937,-4.834280000000007,7.595651030540466
7776,2020-08-09 17:00:00,79.87848,-4.8730600000000095,7.486363008618355
7777,2020-08-09 18:00:00,79.87792,-4.903629999999993,7.401443883776665
7778,2020-08-09 19:00:00,79.87665,-4.966229999999996,7.181802079081535
7779,2020-08-09 20:00:00,79.87798,-5.062520000000006,7.116916626691818
7780,2020-08-09 21:00:00,79.87846,-5.117529999999988,7.0172288864851
7781,2020-08-09 22:00:00,79.87918,-5.204530000000005,7.080695495009422
7782,2020-08-09 23:00:00,79.87867,-5.267889999999994,7.117263197898865
7783,2020-08-10 00:00:00,79.88121,-5.279339999999991,7.273005306720734
7784,2020-08-10 01:00:00,79.88564,-5.286759999999987,7.2771366238594055
7785,2020-08-10 02:00:00,79.89228,-5.299229999999994,7.214593529701233
7786,2020-08-10 03:00:00,79.90288,-5.3071700000000135,6.9825903326272964
7787,2020-08-10 04:00:00,79.90694,-5.303859999999986,6.50658106803894
7788,2020-08-10 05:00:00,79.90862,-5.30865,5.844095781445503
7789,2020-08-10 06:00:00,79.90733,-5.309599999999989,5.118782341480255
7790,2020-08-10 07:00:00,79.90508,-5.313829999999996,4.448755383491516
7791,2020-08-10 08:00:00,79.90176,-5.416410000000013,4.197858452796936
7792,2020-08-10 09:00:00,79.90183,-5.437739999999991,4.739267274737358
7793,2020-08-10 10:00:00,79.9013,-5.464149999999989,4.714484304189682
7794,2020-08-10 11:00:00,79.90253,-5.4898000000000025,4.721498757600784
7795,2020-08-10 12:00:00,79.90477,-5.5105000000000075,4.6668431013822556
7796,2020-08-10 13:00:00,79.90792,-5.525190000000009,4.641868487000465
7797,2020-08-10 14:00:00,79.91026,-5.536030000000011,4.955764710903168
7798,2020-08-10 15:00:00,79.9129,-5.539119999999997,5.002467393875122
7799,2020-08-10 16:00:00,79.91682,-5.540259999999989,3.973809137940407
7800,2020-08-10 17:00:00,79.92011,-5.536920000000009,3.2342607378959656
7801,2020-08-10 18:00:00,79.91998,-5.524709999999999,3.2994282245635986
7802,2020-08-10 19:00:00,79.91924,-5.522559999999999,3.516787216067314
7803,2020-08-10 20:00:00,79.91947,-5.516529999999989,3.7714291512966156
7804,2020-08-10 21:00:00,79.91954,-5.5243600000000015,3.7892675548791885
7805,2020-08-10 22:00:00,79.92036,-5.532250000000005,3.7276168316602707
7806,2020-08-10 23:00:00,79.92217,-5.544549999999987,3.645917132496834
7807,2020-08-11 00:00:00,79.92466,-5.564420000000013,3.510878100991249
7808,2020-08-11 01:00:00,79.92718,-5.580950000000001,3.27403062582016
7809,2020-08-11 02:00:00,79.93112,-5.604440000000011,3.0471516251564026
7810,2020-08-11 03:00:00,79.93692,-5.624779999999987,2.9193200170993805
7811,2020-08-11 04:00:00,79.94318,-5.630390000000006,2.832533210515976
7812,2020-08-11 05:00:00,79.94715,-5.637730000000005,2.8789815306663513
7813,2020-08-11 06:00:00,79.95079,-5.646899999999988,3.2015282064676285
7814,2020-08-11 07:00:00,79.95344,-5.657010000000014,3.3305836021900177
7815,2020-08-11 08:00:00,79.95485,-5.663260000000008,3.5498873442411423
7816,2020-08-11 09:00:00,79.95506,-5.6776299999999935,3.966186985373497
7817,2020-08-11 10:00:00,79.95482,-5.7187800000000095,4.403962090611458
7818,2020-08-11 11:00:00,79.95608,-5.763249999999999,4.675354853272438
7819,2020-08-11 12:00:00,79.96011,-5.807829999999996,4.897276908159256
7820,2020-08-11 13:00:00,79.96563,-5.843520000000012,4.883758574724197
7821,2020-08-11 14:00:00,79.97255,-5.878330000000005,4.878589034080505
7822,2020-08-11 15:00:00,79.9795,-5.894270000000006,4.844013750553131
7823,2020-08-11 16:00:00,79.98533,-5.894100000000009,5.057266175746918
7824,2020-08-11 17:00:00,79.99022,-5.885879999999986,5.137117177248001
7825,2020-08-11 18:00:00,79.99351,-5.874050000000011,5.292466580867767
7826,2020-08-11 19:00:00,79.99506,-5.876440000000002,5.646132409572601
7827,2020-08-11 20:00:00,79.99674,-5.875419999999991,6.040399342775345
7828,2020-08-11 21:00:00,79.99726,-5.900800000000004,6.254270404577255
7829,2020-08-11 22:00:00,79.99951,-5.929470000000009,6.263555228710175
7830,2020-08-11 23:00:00,80.00382,-5.960910000000013,6.307386606931686
7831,2020-08-12 00:00:00,80.00922,-5.996460000000013,6.442159354686737
7832,2020-08-12 01:00:00,80.01592,-6.025720000000007,6.473730951547623
7833,2020-08-12 02:00:00,80.02228,-6.040559999999999,6.556247532367706
7834,2020-08-12 03:00:00,80.02525,-6.03916000000001,6.623404294252396
7835,2020-08-12 04:00:00,80.0286,-6.039199999999994,6.623271614313126
7836,2020-08-12 05:00:00,80.03186,-6.04674,6.64541532099247
7837,2020-08-12 06:00:00,80.0357,-6.0525499999999965,6.666496604681015
7838,2020-08-12 07:00:00,80.03948,-6.068150000000003,6.660256192088127
7839,2020-08-12 08:00:00,80.04608,-6.098240000000004,6.835965126752853
7840,2020-08-12 09:00:00,80.05359,-6.1168499999999995,6.9530351758003235
7841,2020-08-12 10:00:00,80.06292,-6.126249999999999,7.049929648637772
7842,2020-08-12 11:00:00,80.07119,-6.145929999999993,7.33240270614624
7843,2020-08-12 12:00:00,80.07895,-6.162689999999998,7.702411264181137
7844,2020-08-12 13:00:00,80.08755,-6.172089999999997,8.036336168646812
7845,2020-08-12 14:00:00,80.09435,-6.179689999999994,8.498589530587196
7846,2020-08-12 15:00:00,80.102,-6.197480000000013,9.032718852162361
7847,2020-08-12 16:00:00,80.11066,-6.214650000000006,9.294435873627663
7848,2020-08-12 17:00:00,80.12083,-6.227170000000001,9.08858135342598
7849,2020-08-12 18:00:00,80.1317,-6.232249999999993,8.89593231678009
7850,2020-08-12 19:00:00,80.14558,-6.229590000000002,9.0060316324234
7851,2020-08-12 20:00:00,80.15919,-6.22681,9.05970886349678
7852,2020-08-12 21:00:00,80.16864,-6.225470000000001,9.482869356870651
7853,2020-08-12 22:00:00,80.17653,-6.216370000000012,9.845964819192886
7854,2020-08-12 23:00:00,80.18604,-6.190010000000001,10.23063288629055
7855,2020-08-13 00:00:00,80.19465,-6.166079999999994,10.390619918704033
7856,2020-08-13 01:00:00,80.20003,-6.150830000000013,10.602681666612625
7857,2020-08-13 02:00:00,80.20561,-6.1374700000000075,11.11046539247036
7858,2020-08-13 03:00:00,80.21329,-6.129099999999994,11.526831358671188
7859,2020-08-13 04:00:00,80.22423,-6.118619999999993,11.600456297397614
7860,2020-08-13 05:00:00,80.23819,-6.092960000000005,11.134679704904556
7861,2020-08-13 06:00:00,80.25398,-6.0429499999999905,10.608901292085648
7862,2020-08-13 07:00:00,80.27052,-5.967129999999997,9.82672905921936
7863,2020-08-13 08:00:00,80.33164,-5.873930000000001,8.920758828520775
7864,2020-08-13 09:00:00,80.42034,-5.950970000000012,8.334199965000153
7865,2020-08-13 10:00:00,80.5196,-6.065079999999995,7.841157555580139
7866,2020-08-13 11:00:00,80.60269,-6.413340000000005,8.129698246717453
7867,2020-08-13 12:00:00,80.68746,-6.658260000000013,7.86748580634594
7868,2020-08-13 13:00:00,80.73822,-7.030740000000009,7.804779350757599
7869,2020-08-13 14:00:00,80.83746,-7.154200000000003,7.596340999007225
7870,2020-08-13 15:00:00,80.94916,-7.12285,7.108572363853455
7871,2020-08-13 16:00:00,81.02894,-7.024249999999995,6.486889988183975
7872,2020-08-13 17:00:00,81.08708,-7.029930000000007,5.978720396757126
7873,2020-08-13 18:00:00,81.13427,-6.8339599999999905,5.42991042137146
7874,2020-08-13 19:00:00,81.20865,-6.495499999999993,4.905422627925873
7875,2020-08-13 20:00:00,81.31651,-6.413479999999993,4.394284933805466
7876,2020-08-13 21:00:00,81.42277,-6.1437799999999925,4.469629287719727
7877,2020-08-13 22:00:00,81.53609,-6.055920000000015,4.281727820634842
7878,2020-08-13 23:00:00,81.64786,-6.165339999999986,4.364417120814323
7879,2020-08-14 00:00:00,81.77588,-6.233569999999986,4.913610026240349
7880,2020-08-14 01:00:00,81.90582,-6.258049999999997,4.844331860542297
7881,2020-08-14 02:00:00,82.03341,-6.404300000000006,4.749559581279755
7882,2020-08-14 03:00:00,82.17149,-6.540809999999993,5.360175669193268
7883,2020-08-14 04:00:00,82.31753,-6.598270000000014,5.6132019609212875
7884,2020-08-14 05:00:00,82.46484,-6.568639999999988,5.829936638474464
7885,2020-08-14 06:00:00,82.60586,-6.577120000000008,6.517436429858208
7886,2020-08-14 07:00:00,82.6661,-7.170230000000004,6.159795194864273
7887,2020-08-14 08:00:00,82.71009,-7.492520000000013,5.602550968527794
7888,2020-08-14 09:00:00,82.76307,-7.581919999999997,5.692442610859871
7889,2020-08-14 10:00:00,82.86242,-7.77367000000001,6.1581781804561615
7890,2020-08-14 11:00:00,82.96631,-8.130320000000012,6.197074666619301
7891,2020-08-14 12:00:00,83.03559,-8.680689999999998,6.6525770872831345
7892,2020-08-14 13:00:00,83.10799,-9.352339999999998,6.465119436383247
7893,2020-08-14 14:00:00,83.19296,-10.01758000000001,6.532985150814056
7894,2020-08-14 15:00:00,83.28629,-10.970670000000013,6.55677630007267
7895,2020-08-14 16:00:00,83.339,-11.551359999999988,6.443344920873642
7896,2020-08-14 17:00:00,83.44032,-12.043080000000003,6.565860092639923
7897,2020-08-14 18:00:00,83.54194,-12.236919999999998,6.982278659939766
7898,2020-08-14 19:00:00,83.63495,-12.34787,7.1287650763988495
7899,2020-08-14 20:00:00,83.70755,-12.970490000000012,6.993812561035156
7900,2020-08-14 21:00:00,83.8122,-13.229680000000002,6.600151792168617
7901,2020-08-14 22:00:00,83.90217,-13.115739999999988,6.372407853603363
7902,2020-08-14 23:00:00,84.0075,-13.491800000000012,7.053703606128693
7903,2020-08-15 00:00:00,84.10359,-13.521680000000003,7.42067015171051
7904,2020-08-15 01:00:00,84.19715,-13.490960000000001,7.893020257353783
7905,2020-08-15 02:00:00,84.30486,-13.336909999999989,8.463509529829025
7906,2020-08-15 03:00:00,84.41064,-13.731850000000009,8.77915146946907
7907,2020-08-15 04:00:00,84.51187,-13.849559999999997,8.755479320883751
7908,2020-08-15 05:00:00,84.60422,-14.456240000000008,8.647038534283638
7909,2020-08-15 06:00:00,84.69067,-14.46405999999999,8.06587429344654
7910,2020-08-15 07:00:00,84.78302,-14.378289999999993,7.800087779760361
7911,2020-08-15 08:00:00,84.88538,-14.359530000000007,7.681517511606216
7912,2020-08-15 09:00:00,84.97824,-15.003980000000013,7.54850709438324
7913,2020-08-15 10:00:00,85.07469,-15.331109999999995,7.094038635492325
7914,2020-08-15 11:00:00,85.14391,-15.610029999999995,7.018694758415222
7915,2020-08-15 12:00:00,85.19999,-15.716769999999997,6.936662405729294
7916,2020-08-15 13:00:00,85.26337,-15.931190000000015,6.962717771530151
7917,2020-08-15 14:00:00,85.33173,-16.16305,7.18659245967865
7918,2020-08-15 15:00:00,85.40991,-16.141469999999998,7.221189320087433
7919,2020-08-15 16:00:00,85.45852,-16.387900000000002,7.596212416887283
7920,2020-08-15 17:00:00,85.50062,-16.605050000000006,7.975812345743179
7921,2020-08-15 18:00:00,85.54122,-16.180470000000014,8.283440053462982
7922,2020-08-15 19:00:00,85.59518,-16.467649999999992,8.508429020643234
7923,2020-08-15 20:00:00,85.63983,-16.402230000000003,8.882254928350449
7924,2020-08-15 21:00:00,85.71591,-16.907849999999996,9.392519026994705
7925,2020-08-15 22:00:00,85.79484,-17.50782000000001,9.38600242137909
7926,2020-08-15 23:00:00,85.88909,-17.781869999999998,9.348385587334633
7927,2020-08-16 00:00:00,85.98796,-18.439789999999988,9.395965933799744
7928,2020-08-16 01:00:00,86.05782,-19.353170000000006,9.365301221609116
7929,2020-08-16 02:00:00,86.13791,-20.06917999999999,9.39273877441883
7930,2020-08-16 03:00:00,86.23128,-20.055270000000007,9.0719024091959
7931,2020-08-16 04:00:00,86.28622,-20.151610000000005,8.787292018532753
7932,2020-08-16 05:00:00,86.37598,-20.274220000000014,8.486122474074364
7933,2020-08-16 06:00:00,86.43882,-21.51231999999999,7.7664719223976135
7934,2020-08-16 07:00:00,86.52649,-22.540269999999992,7.7140626311302185
7935,2020-08-16 08:00:00,86.57953,-23.97036,7.511373966932297
7936,2020-08-16 09:00:00,86.60066,-25.693100000000015,7.161059334874153
7937,2020-08-16 10:00:00,86.66169,-27.252250000000004,6.844951748847961
7938,2020-08-16 11:00:00,86.68199,-28.59208000000001,6.623123332858086
7939,2020-08-16 12:00:00,86.70256,-29.348839999999996,6.120928153395653
7940,2020-08-16 13:00:00,86.75603,-30.727980000000002,5.354023680090904
7941,2020-08-16 14:00:00,86.81648,-32.06666999999999,5.052893549203873
7942,2020-08-16 15:00:00,86.87278,-33.59395000000001,4.185376673936844
7943,2020-08-16 16:00:00,86.93877,-34.964879999999994,3.610872656106949
7944,2020-08-16 17:00:00,86.96608,-36.22577000000001,3.296003684401512
7945,2020-08-16 18:00:00,87.06435,-36.59103999999999,3.1773010790348053
7946,2020-08-16 19:00:00,87.13335,-37.216170000000005,4.005754083395004
7947,2020-08-16 20:00:00,87.22138,-37.97024999999999,4.180582493543625
7948,2020-08-16 21:00:00,87.30776,-38.31614999999999,4.017243683338165
7949,2020-08-16 22:00:00,87.37974,-38.74933999999999,3.835580140352249
7950,2020-08-16 23:00:00,87.44722,-39.25663,3.660729482769966
7951,2020-08-17 00:00:00,87.44639,-40.14004,3.8291681557893753
7952,2020-08-17 01:00:00,87.5125,-40.924589999999995,3.7211850434541702
7953,2020-08-17 02:00:00,87.60078,-40.02779000000001,3.8329871147871017
7954,2020-08-17 03:00:00,87.66896,-39.53734,3.864450618624687
7955,2020-08-17 04:00:00,87.72717,-40.385639999999995,3.7559936493635178
7956,2020-08-17 05:00:00,87.81364,-40.46947,3.894226610660553
7957,2020-08-17 06:00:00,87.89025,-40.27026999999998,4.232681855559349
7958,2020-08-17 07:00:00,87.96525,-39.39968999999999,4.4902904480695724
7959,2020-08-17 08:00:00,88.01407,-38.74838,4.7901680916547775
7960,2020-08-17 09:00:00,88.05055,-37.86959000000002,4.974978804588318
7961,2020-08-17 10:00:00,88.09208,-38.11113,5.001229345798492
7962,2020-08-17 11:00:00,88.13337,-37.43813,5.020132556557655
7963,2020-08-17 12:00:00,88.18223,-36.060280000000006,4.800626367330551
7964,2020-08-17 13:00:00,88.25707,-34.482230000000015,4.739326298236847
7965,2020-08-17 14:00:00,88.29853,-34.61348000000001,4.680266931653023
7966,2020-08-17 15:00:00,88.29831,-34.667429999999996,4.507687568664551
7967,2020-08-17 16:00:00,88.29685,-34.69906,4.2789629846811295
7968,2020-08-17 17:00:00,88.29536,-34.737390000000005,3.9629769772291183
7969,2020-08-17 18:00:00,88.29386,-34.78387000000001,3.6820777356624603
7970,2020-08-17 19:00:00,88.32139,-34.645610000000005,3.3885524719953537
7971,2020-08-17 20:00:00,88.39686,-33.99409,3.3841961324214935
7972,2020-08-17 21:00:00,88.4224,-33.603229999999996,3.4625229984521866
7973,2020-08-17 22:00:00,88.45908,-33.41067000000001,3.540803462266922
7974,2020-08-17 23:00:00,88.50482,-32.61034000000001,3.674634411931038
7975,2020-08-18 00:00:00,88.57095,-32.51847000000001,3.7574087381362915
7976,2020-08-18 01:00:00,88.62886,-32.44470000000001,3.6790514439344406
7977,2020-08-18 02:00:00,88.70091,-32.68520000000001,3.7661531269550323
7978,2020-08-18 03:00:00,88.7835,-33.48993999999999,3.684009835124016
7979,2020-08-18 04:00:00,88.85487,-34.47137000000001,3.3884850293397903
7980,2020-08-18 05:00:00,88.92059,-35.355850000000004,3.4021847546100616
7981,2020-08-18 06:00:00,88.93896,-35.6344,3.4771495014429092
7982,2020-08-18 07:00:00,88.93731,-35.733450000000005,3.6843514442443848
7983,2020-08-18 08:00:00,88.93633,-35.80506,3.796436682343483
7984,2020-08-18 09:00:00,88.93552,-35.871790000000004,3.9051903635263443
7985,2020-08-18 10:00:00,88.93483,-35.944230000000005,4.065246507525444
7986,2020-08-18 11:00:00,88.93647,-35.732410000000016,4.242132529616356
7987,2020-08-18 12:00:00,88.99798,-35.86339000000001,3.9138252437114716
7988,2020-08-18 13:00:00,89.04352,-35.97959,3.8783785700798035
7989,2020-08-18 14:00:00,89.08591,-36.15030999999999,3.8988602980971336
7990,2020-08-18 15:00:00,89.10041,-35.57069000000001,4.191160470247269
7991,2020-08-18 16:00:00,89.10534,-35.65436,4.476653411984444
7992,2020-08-18 17:00:00,89.11732,-35.37911,4.704305469989777
7993,2020-08-18 18:00:00,89.15798,-34.68736000000001,5.006234988570213
7994,2020-08-18 19:00:00,89.1955,-34.13419999999999,4.945348843932152
7995,2020-08-18 20:00:00,89.2471,-35.23893000000001,4.87144148349762
7996,2020-08-18 21:00:00,89.30318,-36.70662999999999,4.927629888057709
7997,2020-08-18 22:00:00,89.31909,-36.94675000000001,5.015740543603897
7998,2020-08-18 23:00:00,89.37033,-37.12678,4.987488329410553
7999,2020-08-19 00:00:00,89.40234,-36.13938000000002,4.741522520780563
8000,2020-08-19 01:00:00,89.48657,-35.43619000000001,4.997480317950249
8001,2020-08-19 02:00:00,89.55741,-34.529240000000016,5.263641878962517
8002,2020-08-19 03:00:00,89.61818,-32.70102,5.163768902420998
8003,2020-08-19 04:00:00,89.63934,-33.121910000000014,4.802398011088371
8004,2020-08-19 05:00:00,89.67602,-31.90451999999999,4.649633482098579
8005,2020-08-19 06:00:00,89.70893,-35.407550000000015,4.698791429400444
8006,2020-08-19 07:00:00,89.79988,-39.47377,4.781455725431442
8007,2020-08-19 08:00:00,89.8251,-35.97202999999999,4.954863578081131
8008,2020-08-19 09:00:00,89.92307,-34.39013,4.981099709868431
8009,2020-08-19 10:00:00,89.98396,-19.969539999999995,4.991437196731567
8010,2020-08-19 11:00:00,89.99955,117.20799999999997,4.857223555445671
8011,2020-08-19 12:00:00,89.99572,147.66906,4.742307558655739
8012,2020-08-19 13:00:00,89.9947,141.88927999999999,4.908330619335175
8013,2020-08-19 14:00:00,89.99366,135.64076,4.979366339743137
8014,2020-08-19 15:00:00,89.99294,132.22632999999996,4.8810854852199554
8015,2020-08-19 16:00:00,89.99266,131.65339,4.838846385478973
8016,2020-08-19 17:00:00,89.9926,131.47064,4.727652668952942
8017,2020-08-19 18:00:00,89.99275,133.91102999999998,4.356483101844788
8018,2020-08-19 19:00:00,89.99299,139.13144999999997,4.258218973875046
8019,2020-08-19 20:00:00,89.99462,-145.02182,4.600739493966103
8020,2020-08-19 21:00:00,89.934,106.33888000000002,3.9971404373645782
8021,2020-08-19 22:00:00,89.86382,106.15672,3.8605093955993652
8022,2020-08-19 23:00:00,89.81652,105.19058000000001,3.73824180662632
8023,2020-08-20 00:00:00,89.75287,108.23937999999998,3.5738548040390015
8024,2020-08-20 01:00:00,89.67473,109.16863999999998,3.4177723675966263
8025,2020-08-20 02:00:00,89.60507,110.6651,3.2120645493268967
8026,2020-08-20 03:00:00,89.52829,107.58607999999998,3.1288497149944305
8027,2020-08-20 04:00:00,89.45923,107.01628,2.7438877522945404
8028,2020-08-20 05:00:00,89.4116,106.29233999999997,2.681719869375229
8029,2020-08-20 06:00:00,89.35414,107.48897,2.5528038442134857
8030,2020-08-20 07:00:00,89.25732,107.34372000000002,2.2879612892866135
8031,2020-08-20 08:00:00,89.17097,105.95765,1.949972540140152
8032,2020-08-20 09:00:00,89.07907,104.78820999999999,1.6218910068273544
8033,2020-08-20 10:00:00,89.00614,104.01192000000003,1.6233374774456024
8034,2020-08-20 11:00:00,88.98375,104.07738,1.6524609327316284
8035,2020-08-20 12:00:00,88.91417,104.71355,1.7313100397586823
8036,2020-08-20 13:00:00,88.81864,105.46206000000001,1.777318000793457
8037,2020-08-20 14:00:00,88.74292,106.10005999999998,1.8335110247135162
8038,2020-08-20 15:00:00,88.69467,105.02058999999997,1.9442994743585587
8039,2020-08-20 16:00:00,88.63395,104.36622999999997,2.0081836581230164
8040,2020-08-20 17:00:00,88.56313,103.48568,2.1426837742328644
8041,2020-08-20 18:00:00,88.51078,103.70420000000001,2.558500424027443
8042,2020-08-20 19:00:00,88.45067,104.33910000000003,2.852691948413849
8043,2020-08-20 20:00:00,88.39899,104.21821,3.014241397380829
8044,2020-08-20 21:00:00,88.29715,104.1044,2.880911663174629
8045,2020-08-20 22:00:00,88.19618,104.07524999999998,2.7844882011413574
8046,2020-08-20 23:00:00,88.11451,104.2733,2.7283417135477066
8047,2020-08-21 00:00:00,88.02829,104.3825,2.4625547528266907
8048,2020-08-21 01:00:00,87.99457,104.36097999999998,2.480189621448517
8049,2020-08-21 02:00:00,87.94598,104.31047999999998,2.475640043616295
8050,2020-08-21 03:00:00,87.86181,104.21474,2.5180935710668564
8051,2020-08-21 04:00:00,87.78735,104.55025999999998,2.621915280818939
8052,2020-08-21 05:00:00,87.71428,104.62207000000001,2.7600644528865814
8053,2020-08-21 06:00:00,87.71439,104.53391999999997,2.9177394956350327
8054,2020-08-21 07:00:00,87.71529,104.50878999999998,3.0230029225349426
8055,2020-08-21 08:00:00,87.71622,104.48926,3.0473876297473907
8056,2020-08-21 09:00:00,87.717,104.47285,3.0039641708135605
8057,2020-08-21 10:00:00,87.71778,104.50178,3.2168055176734924
8058,2020-08-21 11:00:00,87.71809,104.48187999999999,3.30611415207386
8059,2020-08-21 12:00:00,87.73935,104.25655999999998,3.3205715715885162
8060,2020-08-21 13:00:00,87.71683,104.34066000000001,3.2651897966861725
8061,2020-08-21 14:00:00,87.71668,104.31378999999998,3.3565672636032104
8062,2020-08-21 15:00:00,87.71664,104.28665999999998,3.6296541541814804
8063,2020-08-21 16:00:00,87.71685,104.26150999999999,3.703170031309128
8064,2020-08-21 17:00:00,87.71732,104.24164000000002,3.698534294962883
8065,2020-08-21 18:00:00,87.71802,104.22775000000001,3.844629094004631
8066,2020-08-21 19:00:00,87.71888,104.22048999999998,3.95238596200943
8067,2020-08-21 20:00:00,87.7198,104.21949000000001,4.062597498297691
8068,2020-08-21 21:00:00,87.7207,104.22318999999999,4.129921987652779
8069,2020-08-21 22:00:00,87.72152,104.22865000000002,4.321378096938133
8070,2020-08-21 23:00:00,87.72227,104.23306000000002,4.437643527984619
8071,2020-08-22 00:00:00,87.723,104.23549000000003,4.542987689375877
8072,2020-08-22 01:00:00,87.72377,104.23658,4.7841216921806335
8073,2020-08-22 02:00:00,87.72472,104.23730999999998,5.073614701628685
8074,2020-08-22 03:00:00,87.72598,104.24044000000004,5.153453439474106
8075,2020-08-22 04:00:00,87.72764,104.24757999999997,5.261068299412727
8076,2020-08-22 05:00:00,87.72974,104.26321000000002,5.287665456533432
8077,2020-08-22 06:00:00,87.73247,104.28820000000002,5.2928009033203125
8078,2020-08-22 07:00:00,87.7357,104.32006000000001,5.083610340952873
8079,2020-08-22 08:00:00,87.73929,104.36554999999998,4.76678404211998
8080,2020-08-22 09:00:00,87.7433,104.41269,4.833744287490845
8081,2020-08-22 10:00:00,87.74712,104.46278999999998,5.21924614906311
8082,2020-08-22 11:00:00,87.75044,104.51585999999998,5.197278305888176
8083,2020-08-22 12:00:00,87.75327,104.57537000000002,5.258656293153763
8084,2020-08-22 13:00:00,87.7553,104.64143000000001,5.706091076135635
8085,2020-08-22 14:00:00,87.75641,104.71242000000001,6.003133207559586
8086,2020-08-22 15:00:00,87.75675,104.78728999999998,6.118002638220787
8087,2020-08-22 16:00:00,87.75637,104.86239,5.939965635538101
8088,2020-08-22 17:00:00,87.75545,104.93903999999998,6.110749900341034
8089,2020-08-22 18:00:00,87.75413,105.01315999999997,6.476808696985245
8090,2020-08-22 19:00:00,87.75246,105.08589,6.802384212613106
8091,2020-08-22 20:00:00,87.7504,105.16003,7.089316546916962
8092,2020-08-22 21:00:00,87.74785,105.22707000000003,7.559486508369446
8093,2020-08-22 22:00:00,87.74529,105.28654,7.987467646598816
8094,2020-08-22 23:00:00,87.74339,105.34005000000002,7.636759132146835
8095,2020-08-23 00:00:00,87.74232,105.39076999999997,6.757700100541115
8096,2020-08-23 01:00:00,87.74197,105.4339,6.0141880959272385
8097,2020-08-23 02:00:00,87.74207,105.47041000000002,5.922869980335236
8098,2020-08-23 03:00:00,87.74278,105.51206000000002,5.600928694009781
8099,2020-08-23 04:00:00,87.74394,105.55685,5.121879741549492
8100,2020-08-23 05:00:00,87.74544,105.6089,4.853805735707283
8101,2020-08-23 06:00:00,87.74709,105.66953999999998,4.3234454691410065
8102,2020-08-23 07:00:00,87.74902,105.73698999999999,4.322464480996132
8103,2020-08-23 08:00:00,87.75121,105.80701999999997,4.542902618646622
8104,2020-08-23 09:00:00,87.75361,105.8741,4.537662535905838
8105,2020-08-23 10:00:00,87.75606,105.94238000000001,4.2895505130290985
8106,2020-08-23 11:00:00,87.75845,106.00468000000001,4.30918662250042
8107,2020-08-23 12:00:00,87.76077,106.05750999999998,4.203897371888161
8108,2020-08-23 13:00:00,87.76301,106.10215,3.7798685133457184
8109,2020-08-23 14:00:00,87.76535,106.13709,3.6434290409088135
8110,2020-08-23 15:00:00,87.76785,106.16372000000001,4.0604297667741776
8111,2020-08-23 16:00:00,87.77044,106.18308000000002,4.657490998506546
8112,2020-08-23 17:00:00,87.77314,106.19900999999999,4.522286519408226
8113,2020-08-23 18:00:00,87.77586,106.21323000000001,4.037056475877762
8114,2020-08-23 19:00:00,87.77871,106.22543999999999,4.491235002875328
8115,2020-08-23 20:00:00,87.78177,106.23381999999998,5.273260474205017
8116,2020-08-23 21:00:00,87.78505,106.23837000000003,5.7324952483177185
8117,2020-08-23 22:00:00,87.78861,106.24131,5.749295592308044
8118,2020-08-23 23:00:00,87.79242,106.23624999999998,5.645477741956711
8119,2020-08-24 00:00:00,87.79657,106.20965999999999,5.994334012269974
8120,2020-08-24 01:00:00,87.79969,106.16697999999997,5.63343520462513
8121,2020-08-24 02:00:00,87.80111,106.12670000000003,4.463574290275574
8122,2020-08-24 03:00:00,87.80114,106.08686999999998,3.514638438820839
8123,2020-08-24 04:00:00,87.79979,106.04904999999997,2.940778136253357
8124,2020-08-24 05:00:00,87.79684,106.00731999999999,3.219926655292511
8125,2020-08-24 06:00:00,87.79329,105.96203000000003,4.006309628486633
8126,2020-08-24 07:00:00,87.78897,105.91847000000001,5.295598924160004
8127,2020-08-24 08:00:00,87.78436,105.86419999999998,6.280558854341507
8128,2020-08-24 09:00:00,87.78022,105.79718000000003,6.065920993685722
8129,2020-08-24 10:00:00,87.77627,105.76231000000001,6.329762160778046
8130,2020-08-24 11:00:00,87.773,105.70024000000001,6.507216110825539
8131,2020-08-24 12:00:00,87.77037,105.63362000000001,6.4058040380477905
8132,2020-08-24 13:00:00,87.76816,105.55860999999999,6.080899752676487
8133,2020-08-24 14:00:00,87.76606,105.48685,5.450470298528671
8134,2020-08-24 15:00:00,87.76437,105.41809999999998,4.64265176653862
8135,2020-08-24 16:00:00,87.76319,105.35052000000002,3.7814831733703613
8136,2020-08-24 17:00:00,87.76252,105.29826000000003,2.922403559088707
8137,2020-08-24 18:00:00,87.76251,105.25832000000003,2.246971920132637
8138,2020-08-24 19:00:00,87.76307,105.22523999999999,1.8523928970098495
8139,2020-08-24 20:00:00,87.76403,105.19858999999997,1.6088060140609741
8140,2020-08-24 21:00:00,87.76515,105.17822000000001,1.615974947810173
8141,2020-08-24 22:00:00,87.76624,105.15990999999997,1.9242468476295471
8142,2020-08-24 23:00:00,87.76754,105.14210000000003,2.4233004450798035
8143,2020-08-25 00:00:00,87.76919,105.12547999999998,3.0579696148633957
8144,2020-08-25 01:00:00,87.77115,105.10246999999998,3.574082911014557
8145,2020-08-25 02:00:00,87.77285,105.06774000000001,3.83536633849144
8146,2020-08-25 03:00:00,87.77415,105.02089999999998,3.8271626830101013
8147,2020-08-25 04:00:00,87.77507,104.96042,3.665336102247238
8148,2020-08-25 05:00:00,87.77595,104.88909000000001,3.5169999599456787
8149,2020-08-25 06:00:00,87.77673,104.81144,3.30386283993721
8150,2020-08-25 07:00:00,87.77752,104.73676,3.0252730399370193
8151,2020-08-25 08:00:00,87.77824,104.67939999999999,2.8458119481801987
8152,2020-08-25 09:00:00,87.77869,104.62943999999999,3.123674765229225
8153,2020-08-25 10:00:00,87.77945,104.58611000000002,3.102102056145668
8154,2020-08-25 11:00:00,87.7804,104.54899999999998,2.9607731997966766
8155,2020-08-25 12:00:00,87.78127,104.51128,2.7961423248052597
8156,2020-08-25 13:00:00,87.78187,104.46716000000004,2.4780243635177612
8157,2020-08-25 14:00:00,87.78229,104.41521,2.370102047920227
8158,2020-08-25 15:00:00,87.78274,104.35798999999997,2.0389051288366318
8159,2020-08-25 16:00:00,87.78347,104.29991000000001,1.775098368525505
8160,2020-08-25 17:00:00,87.78463,104.24643000000003,2.055997133255005
8161,2020-08-25 18:00:00,87.78624,104.20258999999999,2.6752050668001175
8162,2020-08-25 19:00:00,87.78827,104.1696,2.849138081073761
8163,2020-08-25 20:00:00,87.79096,104.15213,3.0729497373104095
8164,2020-08-25 21:00:00,87.79437,104.15260999999998,3.433479517698288
8165,2020-08-25 22:00:00,87.79813,104.15936999999997,3.9385421723127365
8166,2020-08-25 23:00:00,87.80238,104.17831000000001,4.66722971200943
8167,2020-08-26 00:00:00,87.80734,104.21650999999997,4.757178008556366
8168,2020-08-26 01:00:00,87.81223,104.26776999999998,5.654165431857109
8169,2020-08-26 02:00:00,87.81675,104.33086000000003,6.372472956776619
8170,2020-08-26 03:00:00,87.82116,104.40960999999999,7.079592064023018
8171,2020-08-26 04:00:00,87.82496,104.50162,7.88260617852211
8172,2020-08-26 05:00:00,87.82823,104.60219999999998,8.520122960209846
8173,2020-08-26 06:00:00,87.83072,104.71109000000001,9.263334602117538
8174,2020-08-26 07:00:00,87.83236,104.81835999999998,10.498599737882614
8175,2020-08-26 08:00:00,87.83404,104.90908999999999,10.726412519812584
8176,2020-08-26 09:00:00,87.83655,104.98086,10.921145588159561
8177,2020-08-26 10:00:00,87.8405,105.04262,8.838109761476517
8178,2020-08-26 11:00:00,87.84582,105.10451999999998,8.744978606700897
8179,2020-08-26 12:00:00,87.85246,105.18268,9.27299678325653
8180,2020-08-26 13:00:00,87.86,105.29548999999997,9.829950824379921
8181,2020-08-26 14:00:00,87.8672,105.41820999999999,10.040695622563362
8182,2020-08-26 15:00:00,87.87347,105.54622999999998,10.033741816878319
8183,2020-08-26 16:00:00,87.87838,105.6762,9.920638054609299
8184,2020-08-26 17:00:00,87.88193,105.79910999999998,9.707516983151436
8185,2020-08-26 18:00:00,87.88531,105.91014999999999,9.474671050906181
8186,2020-08-26 19:00:00,87.88865,106.01234999999997,9.251514837145805
8187,2020-08-26 20:00:00,87.89225,106.11047000000002,9.283937335014343
8188,2020-08-26 21:00:00,87.89656,106.207,9.503033146262169
8189,2020-08-26 22:00:00,87.90161,106.30700000000002,9.57450795173645
8190,2020-08-26 23:00:00,87.90761,106.40841999999998,9.672620087862015
8191,2020-08-27 00:00:00,87.91408,106.51198,9.709776863455772
8192,2020-08-27 01:00:00,87.92056,106.61658999999997,9.634785369038582
8193,2020-08-27 02:00:00,87.92666,106.72384999999997,9.531300574541092
8194,2020-08-27 03:00:00,87.93197,106.84183999999999,9.358181044459343
8195,2020-08-27 04:00:00,87.93624,106.97487000000001,9.121120288968086
8196,2020-08-27 05:00:00,87.93949,107.11185999999998,8.910172924399376
8197,2020-08-27 06:00:00,87.94165,107.24333000000001,8.74691678583622
8198,2020-08-27 07:00:00,87.94322,107.35897999999997,8.634666293859482
8199,2020-08-27 08:00:00,87.94458,107.45414,8.439395159482956
8200,2020-08-27 09:00:00,87.94617,107.52780000000001,8.115782275795937
8201,2020-08-27 10:00:00,87.9484,107.58523000000002,7.792911872267723
8202,2020-08-27 11:00:00,87.95182,107.64902999999998,7.513598665595055
8203,2020-08-27 12:00:00,87.95639,107.71856000000002,7.284018114209175
8204,2020-08-27 13:00:00,87.96174,107.79550999999998,7.141145333647728
8205,2020-08-27 14:00:00,87.96726,107.87784999999997,6.906392589211464
8206,2020-08-27 15:00:00,87.97272,107.96217000000001,6.725055426359177
8207,2020-08-27 16:00:00,87.97766,108.05989999999997,6.553082078695297
8208,2020-08-27 17:00:00,87.98159,108.16863999999998,6.46994324028492
8209,2020-08-27 18:00:00,87.98432,108.27661,6.437551528215408
8210,2020-08-27 19:00:00,87.98613,108.35730999999998,6.459970533847809
8211,2020-08-27 20:00:00,87.98768,108.39629000000002,6.520645499229431
8212,2020-08-27 21:00:00,87.98966,108.39978000000002,6.47981995344162
8213,2020-08-27 22:00:00,87.99294,108.40386999999998,6.43458765745163
8214,2020-08-27 23:00:00,87.99748,108.41305999999997,6.332591161131859
8215,2020-08-28 00:00:00,88.00277,108.43034,6.4562071561813354
8216,2020-08-28 01:00:00,88.00825,108.45841999999999,6.394715800881386
8217,2020-08-28 02:00:00,88.01362,108.50061,6.138215601444244
8218,2020-08-28 03:00:00,88.01852,108.55444,5.811653941869736
8219,2020-08-28 04:00:00,88.02265,108.62065000000001,5.623967930674553
8220,2020-08-28 05:00:00,88.02579,108.69430999999997,5.338860139250755
8221,2020-08-28 06:00:00,88.0282,108.76134000000002,5.114746689796448
8222,2020-08-28 07:00:00,88.03013,108.81344000000001,4.930386394262314
8223,2020-08-28 08:00:00,88.03164,108.84995000000004,4.576388850808144
8224,2020-08-28 09:00:00,88.03346,108.87014999999997,4.331916585564613
8225,2020-08-28 10:00:00,88.03592,108.88288,4.188168063759804
8226,2020-08-28 11:00:00,88.03888,108.89315999999997,3.919417843222618
8227,2020-08-28 12:00:00,88.04221,108.90667000000002,3.794084742665291
8228,2020-08-28 13:00:00,88.04601,108.92120999999997,3.8499045372009277
8229,2020-08-28 14:00:00,88.04988,108.94109000000003,3.9212570190429688
8230,2020-08-28 15:00:00,88.05341,108.97627,3.8211604803800583
8231,2020-08-28 16:00:00,88.05624,109.01538,3.7415626496076584
8232,2020-08-28 17:00:00,88.05845,109.05478,3.752711996436119
8233,2020-08-28 18:00:00,88.06002,109.08745999999996,3.99413138628006
8234,2020-08-28 19:00:00,88.06137,109.10856000000001,4.070442169904709
8235,2020-08-28 20:00:00,88.06253,109.11577,4.089261084794998
8236,2020-08-28 21:00:00,88.0642,109.11288000000002,4.277938812971115
8237,2020-08-28 22:00:00,88.06643,109.10849000000002,4.503029227256775
8238,2020-08-28 23:00:00,88.06944,109.10323,4.929471850395203
8239,2020-08-29 00:00:00,88.07319,109.10163999999997,5.383424699306488
8240,2020-08-29 01:00:00,88.0775,109.10591,5.691767632961273
8241,2020-08-29 02:00:00,88.082,109.12329,5.844245925545692
8242,2020-08-29 03:00:00,88.08639,109.15795000000003,6.098968595266342
8243,2020-08-29 04:00:00,88.09043,109.20919000000004,6.123946338891983
8244,2020-08-29 05:00:00,88.09394,109.27091999999999,5.992330580949783
8245,2020-08-29 06:00:00,88.09706,109.33258999999998,6.0383836179971695
8246,2020-08-29 07:00:00,88.09989,109.38855000000001,6.078552931547165
8247,2020-08-29 08:00:00,88.1027,109.43344000000002,6.0168632715940475
8248,2020-08-29 09:00:00,88.1057,109.46425999999997,5.911533981561661
8249,2020-08-29 10:00:00,88.10929,109.48536999999999,5.987127065658569
8250,2020-08-29 11:00:00,88.11375,109.49770999999998,6.151147127151489
8251,2020-08-29 12:00:00,88.11901,109.51107000000002,6.386137247085571
8252,2020-08-29 13:00:00,88.12482,109.53478999999999,6.738411635160446
8253,2020-08-29 14:00:00,88.13083,109.57788,7.120891869068146
8254,2020-08-29 15:00:00,88.13679,109.64625000000001,7.3770754635334015
8255,2020-08-29 16:00:00,88.14241,109.74133999999998,7.660605490207672
8256,2020-08-29 17:00:00,88.14713,109.85660000000001,7.916913166642189
8257,2020-08-29 18:00:00,88.15093,109.97504000000004,7.939325124025345
8258,2020-08-29 19:00:00,88.15426,110.09174999999999,8.02593831717968
8259,2020-08-29 20:00:00,88.15737,110.20184,7.9586361944675446
8260,2020-08-29 21:00:00,88.16067,110.29750999999999,8.002381756901741
8261,2020-08-29 22:00:00,88.1643,110.38495,7.952883750200272
8262,2020-08-29 23:00:00,88.16866,110.47195999999997,8.075503647327423
8263,2020-08-30 00:00:00,88.17377,110.5711,7.876468449831009
8264,2020-08-30 01:00:00,88.17966,110.67854999999997,8.475209712982178
8265,2020-08-30 02:00:00,88.18622,110.79084,8.990573525428772
8266,2020-08-30 03:00:00,88.19315,110.91447,8.852929964661598
8267,2020-08-30 04:00:00,88.19986,111.06642,8.78964039683342
8268,2020-08-30 05:00:00,88.20609,111.24723,8.945879146456718
8269,2020-08-30 06:00:00,88.21156,111.44779,9.097459390759468
8270,2020-08-30 07:00:00,88.21599,111.64940000000001,9.243428975343704
8271,2020-08-30 08:00:00,88.21972,111.83119999999997,9.068580523133278
8272,2020-08-30 09:00:00,88.22307,111.99432999999999,8.797179996967316
8273,2020-08-30 10:00:00,88.22624,112.13256000000001,8.685251981019974
8274,2020-08-30 11:00:00,88.22946,112.24232999999998,8.466842249035835
8275,2020-08-30 12:00:00,88.23308,112.34962999999999,8.521001920104027
8276,2020-08-30 13:00:00,88.23716,112.46068000000002,8.447690144181252
8277,2020-08-30 14:00:00,88.24148,112.57406000000003,8.169461190700531
8278,2020-08-30 15:00:00,88.24608,112.67758000000003,8.121861815452576
8279,2020-08-30 16:00:00,88.25047,112.79266000000001,7.683633163571358
8280,2020-08-30 17:00:00,88.25421,112.92644999999999,7.301929920911789
8281,2020-08-30 18:00:00,88.2573,113.0686,7.370890900492668
8282,2020-08-30 19:00:00,88.25988,113.20400999999998,7.661002963781357
8283,2020-08-30 20:00:00,88.26202,113.31734,7.4990928173065186
8284,2020-08-30 21:00:00,88.26376,113.41050999999999,7.260407492518425
8285,2020-08-30 22:00:00,88.26529,113.48004000000003,7.218674793839455
8286,2020-08-30 23:00:00,88.26705,113.52332999999999,7.166476219892502
8287,2020-08-31 00:00:00,88.26913,113.55122,7.209179848432541
8288,2020-08-31 01:00:00,88.27186,113.57119999999998,7.241567850112915
8289,2020-08-31 02:00:00,88.27526,113.59676999999999,7.051679104566574
8290,2020-08-31 03:00:00,88.27876,113.63806999999997,6.568232864141464
8291,2020-08-31 04:00:00,88.28206,113.69969000000003,6.368310987949371
8292,2020-08-31 05:00:00,88.28489,113.77751,6.12535659968853
8293,2020-08-31 06:00:00,88.28717,113.86685,6.082041800022125
8294,2020-08-31 07:00:00,88.28885,113.95202,6.315432667732239
8295,2020-08-31 08:00:00,88.29019,114.02375,6.293774485588074
8296,2020-08-31 09:00:00,88.29145,114.07918999999998,6.330085754394531
8297,2020-08-31 10:00:00,88.29284,114.11329999999998,5.988448411226273
8298,2020-08-31 11:00:00,88.29445,114.12997999999999,5.548479735851288
8299,2020-08-31 12:00:00,88.29667,114.13886000000002,5.21394470334053
8300,2020-08-31 13:00:00,88.29953,114.14805000000001,5.038390412926674
8301,2020-08-31 14:00:00,88.30297,114.15993000000003,4.966861873865128
8302,2020-08-31 15:00:00,88.30672,114.18606,4.848047912120819
8303,2020-08-31 16:00:00,88.31032,114.2328,4.823289573192596
8304,2020-08-31 17:00:00,88.31358,114.29579000000001,4.656119138002396
8305,2020-08-31 18:00:00,88.31646,114.36745000000002,4.436091795563698
8306,2020-08-31 19:00:00,88.31886,114.44049000000001,4.284300535917282
8307,2020-08-31 20:00:00,88.32091,114.50565,4.464228272438049
8308,2020-08-31 21:00:00,88.32281,114.5618,5.03042009472847
8309,2020-08-31 22:00:00,88.32465,114.60870999999997,4.880230233073235
8310,2020-08-31 23:00:00,88.32663,114.64803,4.994747370481491
8311,2020-09-01 00:00:00,88.32875,114.67739,5.190113976597786
8312,2020-09-01 01:00:00,88.33132,114.71228000000002,5.361862033605576
8313,2020-09-01 02:00:00,88.33369,114.76436999999999,5.472123086452484
8314,2020-09-01 03:00:00,88.33619,114.82049999999998,5.458774045109749
8315,2020-09-01 04:00:00,88.33868,114.88522,5.405092880129814
8316,2020-09-01 05:00:00,88.34108,114.96253000000002,5.282535023987293
8317,2020-09-01 06:00:00,88.34345,115.06079999999997,5.101678773760796
8318,2020-09-01 07:00:00,88.34582,115.19272000000001,4.8823800683021545
8319,2020-09-01 08:00:00,88.34819,115.32961999999998,4.509459629654884
8320,2020-09-01 09:00:00,88.35039,115.46622000000002,4.226758673787117
8321,2020-09-01 10:00:00,88.35257,115.58419000000004,4.092440292239189
8322,2020-09-01 11:00:00,88.3553,115.69459999999998,3.7867302298545837
8323,2020-09-01 12:00:00,88.35826,115.81083000000001,3.28945854306221
8324,2020-09-01 13:00:00,88.36155,115.91665999999998,3.4381913244724274
8325,2020-09-01 14:00:00,88.36497,116.01164,3.657621383666992
8326,2020-09-01 15:00:00,88.36887,116.11685999999997,3.5219898223876953
8327,2020-09-01 16:00:00,88.37221,116.20879000000002,4.051476001739502
8328,2020-09-01 17:00:00,88.37608,116.32826,4.726988583803177
8329,2020-09-01 18:00:00,88.37955,116.46383000000003,4.648354768753052
8330,2020-09-01 19:00:00,88.3826,116.59546999999998,4.927185237407684
8331,2020-09-01 20:00:00,88.38525,116.71100000000001,5.227548956871033
8332,2020-09-01 21:00:00,88.38768,116.81100000000004,4.961508721113205
8333,2020-09-01 22:00:00,88.3901,116.88243,4.770691931247711
8334,2020-09-01 23:00:00,88.39286,116.93543,4.392779067158699
8335,2020-09-02 00:00:00,88.39591,116.97491000000002,4.139090612530708
8336,2020-09-02 01:00:00,88.39946,117.00684999999999,4.30524143576622
8337,2020-09-02 02:00:00,88.40353,117.03976,4.495815500617027
8338,2020-09-02 03:00:00,88.40808,117.08235000000002,4.5275250896811485
8339,2020-09-02 04:00:00,88.41296,117.14283999999998,4.9152538031339645
8340,2020-09-02 05:00:00,88.41786,117.22145999999998,5.220770061016083
8341,2020-09-02 06:00:00,88.42256,117.31322999999998,5.649802401661873
8342,2020-09-02 07:00:00,88.42696,117.40929,6.082355216145515
8343,2020-09-02 08:00:00,88.43108,117.50359000000003,5.945716023445129
8344,2020-09-02 09:00:00,88.43502,117.59305999999998,6.246485486626625
8345,2020-09-02 10:00:00,88.43886,117.67142999999999,6.309209108352661
8346,2020-09-02 11:00:00,88.44293,117.73969,7.067400485277176
8347,2020-09-02 12:00:00,88.44752,117.80079999999998,7.368604674935341
8348,2020-09-02 13:00:00,88.45275,117.86522000000002,7.213991671800613
8349,2020-09-02 14:00:00,88.45858,117.94427999999999,7.174512267112732
8350,2020-09-02 15:00:00,88.46467,118.04604999999998,7.194835364818573
8351,2020-09-02 16:00:00,88.47083,118.17295000000001,6.922593370079994
8352,2020-09-02 17:00:00,88.47666,118.31385,6.858334302902222
8353,2020-09-02 18:00:00,88.48246,118.45893000000001,6.860643714666367
8354,2020-09-02 19:00:00,88.488,118.59595000000002,7.074794366955757
8355,2020-09-02 20:00:00,88.49352,118.70781999999997,8.156918570399284
8356,2020-09-02 21:00:00,88.4991,118.78836000000001,8.56578004360199
8357,2020-09-02 22:00:00,88.50524,118.85039999999998,7.891100168228149
8358,2020-09-02 23:00:00,88.51183,118.91047000000003,7.976063370704651
8359,2020-09-03 00:00:00,88.51871,118.96694000000002,7.905958369374275
8360,2020-09-03 01:00:00,88.52593,119.03267,8.565904885530472
8361,2020-09-03 02:00:00,88.53332,119.11743000000001,9.44439622759819
8362,2020-09-03 03:00:00,88.54084,119.22132999999997,9.578063428401947
8363,2020-09-03 04:00:00,88.54827,119.35072000000002,9.609069123864174
8364,2020-09-03 05:00:00,88.55549,119.49653999999998,10.019437670707703
8365,2020-09-03 06:00:00,88.5623,119.64078,9.351793497800827
8366,2020-09-03 07:00:00,88.56887,119.77715,8.896289348602295
8367,2020-09-03 08:00:00,88.5751,119.89148,9.085108429193497
8368,2020-09-03 09:00:00,88.58102,119.98113999999998,9.314273864030838
8369,2020-09-03 10:00:00,88.58709,120.03913,8.753032848238945
8370,2020-09-03 11:00:00,88.59342,120.07267000000002,8.661197632551193
8371,2020-09-03 12:00:00,88.60015,120.09706,8.836373060941696
8372,2020-09-03 13:00:00,88.60721,120.12365,9.199643790721893
8373,2020-09-03 14:00:00,88.61453,120.14477999999997,8.909797340631485
8374,2020-09-03 15:00:00,88.62188,120.17533000000003,9.366587102413177
8375,2020-09-03 16:00:00,88.62937,120.22248000000002,9.446622803807259
8376,2020-09-03 17:00:00,88.63706,120.29779000000002,9.44123837351799
8377,2020-09-03 18:00:00,88.64451,120.39776,9.3510123193264
8378,2020-09-03 19:00:00,88.6513,120.49760000000003,9.410582512617111
8379,2020-09-03 20:00:00,88.65734,120.58100000000002,9.142292886972427
8380,2020-09-03 21:00:00,88.66272,120.63866000000002,8.950737982988358
8381,2020-09-03 22:00:00,88.66749,120.67201999999997,8.689043909311295
8382,2020-09-03 23:00:00,88.67175,120.66916000000003,8.387082606554031
8383,2020-09-04 00:00:00,88.67609,120.6329,8.21443259716034
8384,2020-09-04 01:00:00,88.68066,120.59244000000001,8.054326802492142
8385,2020-09-04 02:00:00,88.68549,120.57173999999998,7.807884752750397
8386,2020-09-04 03:00:00,88.69084,120.58388000000002,7.689973846077919
8387,2020-09-04 04:00:00,88.69605,120.62946,7.617407947778702
8388,2020-09-04 05:00:00,88.7008,120.70137,7.688029542565346
8389,2020-09-04 06:00:00,88.70449,120.77078,7.628574073314667
8390,2020-09-04 07:00:00,88.70789,120.82083,7.558123350143433
8391,2020-09-04 08:00:00,88.7113,120.83582999999999,7.208533763885498
8392,2020-09-04 09:00:00,88.71454,120.82607999999999,6.781223714351654
8393,2020-09-04 10:00:00,88.71806,120.77854000000002,6.7102968990802765
8394,2020-09-04 11:00:00,88.72157,120.70589000000001,6.041540652513504
8395,2020-09-04 12:00:00,88.72504,120.62056000000001,5.3385273814201355
8396,2020-09-04 13:00:00,88.72873,120.52317,6.257598713040352
8397,2020-09-04 14:00:00,88.73262,120.43176,7.745102174580097
8398,2020-09-04 15:00:00,88.73651,120.35541999999998,7.435789778828621
8399,2020-09-04 16:00:00,88.74022,120.28359999999998,6.842316091060638
8400,2020-09-04 17:00:00,88.74353,120.22091999999998,6.842620104551315
8401,2020-09-04 18:00:00,88.74603,120.16865000000001,6.8109517097473145
8402,2020-09-04 19:00:00,88.74761,120.10280999999998,6.657641232013702
8403,2020-09-04 20:00:00,88.74853,120.02408000000003,6.125164270401001
8404,2020-09-04 21:00:00,88.74891,119.93581,5.117357924580574
8405,2020-09-04 22:00:00,88.74901,119.84273000000002,3.813721850514412
8406,2020-09-04 23:00:00,88.74899,119.74270999999999,3.090648114681244
8407,2020-09-05 00:00:00,88.74902,119.64677,2.875230997800827
8408,2020-09-05 01:00:00,88.74925,119.56513000000001,2.9435597956180573
8409,2020-09-05 02:00:00,88.74962,119.50722000000002,3.1359403133392334
8410,2020-09-05 03:00:00,88.75,119.47028999999998,3.411063104867935
8411,2020-09-05 04:00:00,88.75025,119.45657,3.525686964392662
8412,2020-09-05 05:00:00,88.75029,119.46868,3.5339652001857758
8413,2020-09-05 06:00:00,88.74989,119.48719,3.3946708887815475
8414,2020-09-05 07:00:00,88.74913,119.50341000000003,3.2819299697875977
8415,2020-09-05 08:00:00,88.74815,119.49793,3.185778170824051
8416,2020-09-05 09:00:00,88.74719,119.46129000000002,3.061619445681572
8417,2020-09-05 10:00:00,88.74657,119.40391,2.976981282234192
8418,2020-09-05 11:00:00,88.74638,119.33690999999999,3.073731616139412
8419,2020-09-05 12:00:00,88.7463,119.27233999999999,3.173713907599449
8420,2020-09-05 13:00:00,88.74596,119.26027999999997,3.151919335126877
8421,2020-09-05 14:00:00,88.74518,119.25742000000002,3.073505327105522
8422,2020-09-05 15:00:00,88.74404,119.26058,3.0988358855247498
8423,2020-09-05 16:00:00,88.74267,119.27168,3.1036912500858307
8424,2020-09-05 17:00:00,88.74117,119.28336000000002,3.0015968680381775
8425,2020-09-05 18:00:00,88.73948,119.27926000000002,3.1799634993076324
8426,2020-09-05 19:00:00,88.7378,119.26445000000001,3.5135940611362457
8427,2020-09-05 20:00:00,88.73605,119.23378000000002,3.505560129880905
8428,2020-09-05 21:00:00,88.73433,119.19589000000002,3.513321578502655
8429,2020-09-05 22:00:00,88.73309,119.16577999999998,3.715032994747162
8430,2020-09-05 23:00:00,88.73256,119.12278000000003,3.678457200527191
8431,2020-09-06 00:00:00,88.73269,119.05578000000003,3.2441848516464233
8432,2020-09-06 01:00:00,88.7333,118.97789,2.90091472864151
8433,2020-09-06 02:00:00,88.73434,118.89522,2.5997427105903625
8434,2020-09-06 03:00:00,88.73552,118.82457,2.433136895298958
8435,2020-09-06 04:00:00,88.73677,118.77954999999997,2.117913782596588
8436,2020-09-06 05:00:00,88.73807,118.73795000000001,1.8521368652582169
8437,2020-09-06 06:00:00,88.73917,118.68923000000001,1.9575246572494507
8438,2020-09-06 07:00:00,88.73999,118.62058000000002,2.380565121769905
8439,2020-09-06 08:00:00,88.74044,118.50526000000002,2.96669739484787
8440,2020-09-06 09:00:00,88.741,118.34836999999999,3.5497080832719803
8441,2020-09-06 10:00:00,88.74219,118.14116000000001,4.014024779200554
8442,2020-09-06 11:00:00,88.74386,117.89387999999997,4.65017369389534
8443,2020-09-06 12:00:00,88.74627,117.62439999999998,5.49627523124218
8444,2020-09-06 13:00:00,88.74967,117.34253000000001,6.282953992486
8445,2020-09-06 14:00:00,88.75328,117.00405999999998,7.044089928269386
8446,2020-09-06 15:00:00,88.75654,116.63590999999997,7.558845683932304
8447,2020-09-06 16:00:00,88.75933,116.25876,7.923798844218254
8448,2020-09-06 17:00:00,88.76127,115.88828000000001,8.212073810398579
8449,2020-09-06 18:00:00,88.76159,115.52843999999999,8.544589161872864
8450,2020-09-06 19:00:00,88.76019,115.15807000000001,8.830162972211838
8451,2020-09-06 20:00:00,88.75734,114.77109999999999,9.05525553226471
8452,2020-09-06 21:00:00,88.75351,114.36811,9.388111233711243
8453,2020-09-06 22:00:00,88.74891,113.93772000000001,10.00138932466507
8454,2020-09-06 23:00:00,88.74443,113.50512000000003,10.857981711626053
8455,2020-09-07 00:00:00,88.74055,113.11873000000003,11.277721121907234
8456,2020-09-07 01:00:00,88.73669,112.75893000000002,11.420046925544739
8457,2020-09-07 02:00:00,88.73367,112.47755000000001,11.146128073334694
8458,2020-09-07 03:00:00,88.73107,112.29071999999996,10.1993508040905
8459,2020-09-07 04:00:00,88.72803,112.15908000000002,9.65562453866005
8460,2020-09-07 05:00:00,88.72466,112.08622000000003,9.4242804646492
8461,2020-09-07 06:00:00,88.72049,112.04368,8.911673247814178
8462,2020-09-07 07:00:00,88.71564,112.02269999999999,8.491409376263618
8463,2020-09-07 08:00:00,88.71015,112.00423999999998,8.343063682317734
8464,2020-09-07 09:00:00,88.70444,111.97048000000001,7.72078962624073
8465,2020-09-07 10:00:00,88.69899,111.90466000000004,7.065651401877403
8466,2020-09-07 11:00:00,88.69437,111.81225999999998,6.670821934938431
8467,2020-09-07 12:00:00,88.691,111.70619999999997,6.711701408028603
8468,2020-09-07 13:00:00,88.68883,111.60471000000001,6.709321990609169
8469,2020-09-07 14:00:00,88.68749,111.53544999999997,6.002994641661644
8470,2020-09-07 15:00:00,88.68659,111.53208999999998,5.9010312259197235
8471,2020-09-07 16:00:00,88.68591,111.57506000000001,5.840297520160675
8472,2020-09-07 17:00:00,88.68494,111.63707999999997,5.876466304063797
8473,2020-09-07 18:00:00,88.68384,111.72309000000001,5.598416522145271
8474,2020-09-07 19:00:00,88.68232,111.82541000000003,5.222986489534378
8475,2020-09-07 20:00:00,88.68034,111.92329000000001,5.327657163143158
8476,2020-09-07 21:00:00,88.67809,112.00188000000003,5.282194256782532
8477,2020-09-07 22:00:00,88.67589,112.05183999999997,4.994657397270203
8478,2020-09-07 23:00:00,88.67407,112.06981999999999,4.689482003450394
8479,2020-09-08 00:00:00,88.67302,112.07157000000001,4.526626795530319
8480,2020-09-08 01:00:00,88.67273,112.08260000000001,4.546834766864777
8481,2020-09-08 02:00:00,88.67322,112.11005999999998,4.683726370334625
8482,2020-09-08 03:00:00,88.67413,112.16665,4.92941689491272
8483,2020-09-08 04:00:00,88.6752,112.23914000000002,5.15156777203083
8484,2020-09-08 05:00:00,88.67612,112.34950000000003,5.522282153367996
8485,2020-09-08 06:00:00,88.67634,112.49680000000001,5.734128713607788
8486,2020-09-08 07:00:00,88.67612,112.64551,5.846219941973686
8487,2020-09-08 08:00:00,88.6757,112.77585999999997,5.882962793111801
8488,2020-09-08 09:00:00,88.67533,112.87063,5.624862939119339
8489,2020-09-08 10:00:00,88.67574,112.92286999999999,5.540388152003288
8490,2020-09-08 11:00:00,88.67734,112.94780000000003,5.443817064166069
8491,2020-09-08 12:00:00,88.67969,112.95564999999999,5.27423694729805
8492,2020-09-08 13:00:00,88.68296,112.96012999999999,5.1579921543598175
8493,2020-09-08 14:00:00,88.68671,112.98876000000001,5.078962415456772
8494,2020-09-08 15:00:00,88.69101,113.05469,4.996316477656364
8495,2020-09-08 16:00:00,88.69511,113.17102999999997,4.755470916628838
8496,2020-09-08 17:00:00,88.69908,113.32008000000002,4.388113796710968
8497,2020-09-08 18:00:00,88.70228,113.48199,4.010847434401512
8498,2020-09-08 19:00:00,88.70449,113.61930999999998,3.6154015958309174
8499,2020-09-08 20:00:00,88.70627,113.69824,3.362366706132889
8500,2020-09-08 21:00:00,88.70775,113.72104000000002,3.1508052945137024
8501,2020-09-08 22:00:00,88.70922,113.68813,2.84902785718441
8502,2020-09-08 23:00:00,88.71103,113.59980999999999,2.6769909262657166
8503,2020-09-09 00:00:00,88.71345,113.47244,2.8029724061489105
8504,2020-09-09 01:00:00,88.71675,113.33164999999997,3.0062683820724487
8505,2020-09-09 02:00:00,88.72067,113.19247000000001,3.219922751188278
8506,2020-09-09 03:00:00,88.7246,113.05959999999999,3.380426272749901
8507,2020-09-09 04:00:00,88.72783,112.93329,3.894133538007736
8508,2020-09-09 05:00:00,88.73034,112.81268,4.498734302818775
8509,2020-09-09 06:00:00,88.7314,112.67698999999999,5.106430336833
8510,2020-09-09 07:00:00,88.731,112.50993,5.380608454346657
8511,2020-09-09 08:00:00,88.7295,112.29921999999999,5.798745721578598
8512,2020-09-09 09:00:00,88.72759,112.04674999999997,6.207151398062706
8513,2020-09-09 10:00:00,88.72582,111.73779000000002,5.7038664519786835
8514,2020-09-09 11:00:00,88.72439,111.37977000000001,4.947943091392517
8515,2020-09-09 12:00:00,88.72351,111.01222000000001,4.8254411071538925
8516,2020-09-09 13:00:00,88.72346,110.65503999999999,5.096178486943245
8517,2020-09-09 14:00:00,88.72389,110.34942999999998,5.185963645577431
8518,2020-09-09 15:00:00,88.72434,110.12110999999999,5.423434749245644
8519,2020-09-09 16:00:00,88.72407,109.98034999999999,5.986782014369965
8520,2020-09-09 17:00:00,88.72303,109.94130000000001,5.940771281719208
8521,2020-09-09 18:00:00,88.72139,109.90426000000002,5.283617690205574
8522,2020-09-09 19:00:00,88.71913,109.82589999999999,5.207310914993286
8523,2020-09-09 20:00:00,88.71642,109.69259999999997,5.321415424346924
8524,2020-09-09 21:00:00,88.7137,109.48770000000002,5.306036248803139
8525,2020-09-09 22:00:00,88.71155,109.23124999999999,4.795066386461258
8526,2020-09-09 23:00:00,88.71015,108.93592000000001,4.2932043969631195
8527,2020-09-10 00:00:00,88.70964,108.61243999999999,3.8746062219142914
8528,2020-09-10 01:00:00,88.70975,108.30488000000003,3.215105563402176
8529,2020-09-10 02:00:00,88.71039,108.05727999999999,2.9275748282670975
8530,2020-09-10 03:00:00,88.71149,107.86433999999997,3.4010339975357056
8531,2020-09-10 04:00:00,88.71258,107.71668,3.810941383242607
8532,2020-09-10 05:00:00,88.71309,107.61624,3.877652645111084
8533,2020-09-10 06:00:00,88.71294,107.52933000000002,3.821218252182007
8534,2020-09-10 07:00:00,88.7121,107.44038,3.6894056499004364
8535,2020-09-10 08:00:00,88.71078,107.34487999999999,3.4931199848651886
8536,2020-09-10 09:00:00,88.70923,107.23430000000002,3.2724974155426025
8537,2020-09-10 10:00:00,88.70795,107.10585000000003,3.11870139837265
8538,2020-09-10 11:00:00,88.70723,106.96179000000001,3.1392124742269516
8539,2020-09-10 12:00:00,88.70723,106.81034,3.2568672448396683
8540,2020-09-10 13:00:00,88.70788,106.66579999999999,3.4354008734226227
8541,2020-09-10 14:00:00,88.7091,106.52422999999999,3.6359496116638184
8542,2020-09-10 15:00:00,88.71075,106.42290000000003,3.8874175250530243
8543,2020-09-10 16:00:00,88.71253,106.34717,4.200475677847862
8544,2020-09-10 17:00:00,88.71402,106.28994,4.400087222456932
8545,2020-09-10 18:00:00,88.71511,106.23702000000003,4.298242270946503
8546,2020-09-10 19:00:00,88.71546,106.17485999999997,4.212837055325508
8547,2020-09-10 20:00:00,88.71539,106.09057999999999,4.527885213494301
8548,2020-09-10 21:00:00,88.71534,105.97041999999999,4.529930233955383
8549,2020-09-10 22:00:00,88.71567,105.80367999999999,4.586524128913879
8550,2020-09-10 23:00:00,88.71669,105.60726,4.656807452440262
8551,2020-09-11 00:00:00,88.71853,105.40096,6.005613461136818
8552,2020-09-11 01:00:00,88.72141,105.19276000000002,6.074021279811859
8553,2020-09-11 02:00:00,88.72516,105.00155999999998,6.159467428922653
8554,2020-09-11 03:00:00,88.72919,104.84870999999998,6.222787588834763
8555,2020-09-11 04:00:00,88.73287,104.74905000000001,6.187924712896347
8556,2020-09-11 05:00:00,88.73594,104.67633999999998,5.961128786206245
8557,2020-09-11 06:00:00,88.73829,104.61446000000001,5.69336599111557
8558,2020-09-11 07:00:00,88.7399,104.54721999999998,5.502683401107788
8559,2020-09-11 08:00:00,88.74083,104.45551999999998,5.5860113352537155
8560,2020-09-11 09:00:00,88.74146,104.32339000000002,5.5474082082509995
8561,2020-09-11 10:00:00,88.74235,104.1506,5.287910833954811
8562,2020-09-11 11:00:00,88.74389,103.95269000000002,4.8187249302864075
8563,2020-09-11 12:00:00,88.74623,103.75139000000001,4.390299379825592
8564,2020-09-11 13:00:00,88.7492,103.56565999999998,4.333496853709221
8565,2020-09-11 14:00:00,88.75253,103.40708999999998,4.487504243850708
8566,2020-09-11 15:00:00,88.75588,103.28276,4.480788350105286
8567,2020-09-11 16:00:00,88.75879,103.19738999999998,4.5041633695364
8568,2020-09-11 17:00:00,88.7608,103.14130999999998,4.313551217317581
8569,2020-09-11 18:00:00,88.76177,103.09708,4.3199750036001205
8570,2020-09-11 19:00:00,88.76182,103.04480000000001,4.3908848613500595
8571,2020-09-11 20:00:00,88.76119,102.96488,4.413914263248444
8572,2020-09-11 21:00:00,88.76037,102.84685000000002,4.415862739086151
8573,2020-09-11 22:00:00,88.75978,102.6891,4.272000342607498
8574,2020-09-11 23:00:00,88.75986,102.50027,4.067568883299828
8575,2020-09-12 00:00:00,88.76078,102.29439000000002,3.8920373916625977
8576,2020-09-12 01:00:00,88.76253,102.09271999999999,3.7437175065279007
8577,2020-09-12 02:00:00,88.76477,101.91552999999999,3.587394028902054
8578,2020-09-12 03:00:00,88.76704,101.78005000000002,3.5488571524620056
8579,2020-09-12 04:00:00,88.76922,101.68830000000003,3.6572485268115997
8580,2020-09-12 05:00:00,88.77089,101.62718999999998,3.7175541520118713
8581,2020-09-12 06:00:00,88.77188,101.57952,3.6994417011737823
8582,2020-09-12 07:00:00,88.77218,101.52654999999999,3.5854959785938263
8583,2020-09-12 08:00:00,88.77196,101.45218999999997,3.5390976667404175
8584,2020-09-12 09:00:00,88.77154,101.34653000000003,3.6272571086883545
8585,2020-09-12 10:00:00,88.77137,101.20772,3.7931558191776276
8586,2020-09-12 11:00:00,88.77184,101.04305999999997,3.849341481924057
8587,2020-09-12 12:00:00,88.77324,100.86106999999998,3.8553109019994736
8588,2020-09-12 13:00:00,88.7755,100.68209999999999,3.913212940096855
8589,2020-09-12 14:00:00,88.77852,100.53280999999998,3.9243413656949997
8590,2020-09-12 15:00:00,88.78185,100.42182000000003,3.873406022787094
8591,2020-09-12 16:00:00,88.78509,100.35253,4.024266600608826
8592,2020-09-12 17:00:00,88.78797,100.31785000000002,4.346981182694435
8593,2020-09-12 18:00:00,88.79028,100.30129,4.748179316520691
8594,2020-09-12 19:00:00,88.79195,100.27600000000001,4.863806366920471
8595,2020-09-12 20:00:00,88.79318,100.21870000000001,4.85728594660759
8596,2020-09-12 21:00:00,88.79434,100.11427000000003,4.821484938263893
8597,2020-09-12 22:00:00,88.79588,99.95938000000001,4.936763659119606
8598,2020-09-12 23:00:00,88.79823,99.75913000000003,5.1754980981349945
8599,2020-09-13 00:00:00,88.80173,99.52109999999999,5.354867160320282
8600,2020-09-13 01:00:00,88.80672,99.26782000000003,5.555640876293182
8601,2020-09-13 02:00:00,88.81291,99.02661,5.671619608998299
8602,2020-09-13 03:00:00,88.81976,98.80439999999999,6.25696362555027
8603,2020-09-13 04:00:00,88.82684,98.60822999999999,7.270773708820343
8604,2020-09-13 05:00:00,88.83396,98.41832999999997,7.712296321988106
8605,2020-09-13 06:00:00,88.84101,98.22692,8.28659251332283
8606,2020-09-13 07:00:00,88.84757,97.99829999999997,8.993508085608482
8607,2020-09-13 08:00:00,88.85362,97.70772,9.916253194212914
8608,2020-09-13 09:00:00,88.85959,97.33596,10.78025758266449
8609,2020-09-13 10:00:00,88.866,96.88977,11.900499999523163
8610,2020-09-13 11:00:00,88.87504,96.42631,12.884175583720207
8611,2020-09-13 12:00:00,88.88692,96.06687999999997,13.355691719800234
8612,2020-09-13 13:00:00,88.89938,95.84024,13.218424156308174
8613,2020-09-13 14:00:00,88.91137,95.75513999999998,12.892236649990082
8614,2020-09-13 15:00:00,88.92211,95.80020999999999,11.966225139796734
8615,2020-09-13 16:00:00,88.9308,95.95861000000002,10.951074406504631
8616,2020-09-13 17:00:00,88.93702,96.17052000000001,9.914822176098824
8617,2020-09-13 18:00:00,88.94043,96.35084999999998,8.85610818862915
8618,2020-09-13 19:00:00,88.94273,96.44146999999998,8.119585633277893
8619,2020-09-13 20:00:00,88.94574,96.45958999999999,8.468354433774948
8620,2020-09-13 21:00:00,88.95009,96.41730999999999,9.567530333995819
8621,2020-09-13 22:00:00,88.95559,96.33338000000003,10.376534819602966
8622,2020-09-13 23:00:00,88.96334,96.32614000000001,10.863749951124191
8623,2020-09-14 00:00:00,88.9724,96.47865000000002,10.302588418126106
8624,2020-09-14 01:00:00,88.98152,96.79434000000003,10.382815167307854
8625,2020-09-14 02:00:00,88.99006,97.26414999999997,10.606453657150269
8626,2020-09-14 03:00:00,88.99751,97.91457000000003,10.620425522327423
8627,2020-09-14 04:00:00,89.00255,98.66583000000003,10.900687888264656
8628,2020-09-14 05:00:00,89.00534,99.45211999999998,10.921351224184036
8629,2020-09-14 06:00:00,89.00555,100.18651,11.572439759969711
8630,2020-09-14 07:00:00,89.00431,100.79286000000002,12.323091566562653
8631,2020-09-14 08:00:00,89.00294,101.22255000000001,12.497470542788506
8632,2020-09-14 09:00:00,89.00318,101.48761999999999,12.48276998102665
8633,2020-09-14 10:00:00,89.00615,101.6515,12.26487548649311
8634,2020-09-14 11:00:00,89.01243,101.83733000000001,11.935938835144043
8635,2020-09-14 12:00:00,89.02068,102.16748000000001,11.59744806587696
8636,2020-09-14 13:00:00,89.02945,102.57004999999998,11.405137449502945
8637,2020-09-14 14:00:00,89.03792,103.06150000000002,11.550377264618874
8638,2020-09-14 15:00:00,89.04548,103.67451,11.750849410891533
8639,2020-09-14 16:00:00,89.05189,104.36914999999999,11.784160271286964
8640,2020-09-14 17:00:00,89.0566,105.06567000000001,11.643518134951591
8641,2020-09-14 18:00:00,89.05751,105.75225999999998,11.496387124061584
8642,2020-09-14 19:00:00,89.05569,106.39853,11.329993978142738
8643,2020-09-14 20:00:00,89.05217,106.86113999999998,11.026258409023285
8644,2020-09-14 21:00:00,89.04892,107.08961999999997,10.680558890104294
8645,2020-09-14 22:00:00,89.04744,107.13263999999998,10.159767925739288
8646,2020-09-14 23:00:00,89.04796,107.07814000000002,9.246432453393936
8647,2020-09-15 00:00:00,89.05099,106.97116,8.646371185779572
8648,2020-09-15 01:00:00,89.05582,106.90627,7.916892662644386
8649,2020-09-15 02:00:00,89.06138,106.93662,6.989939585328102
8650,2020-09-15 03:00:00,89.06671,107.06698,6.139959067106247
8651,2020-09-15 04:00:00,89.07084,107.28467999999998,4.6316892728209496
8652,2020-09-15 05:00:00,89.07297,107.53283999999996,3.332015246152878
8653,2020-09-15 06:00:00,89.07299,107.75266999999997,2.513014033436775
8654,2020-09-15 07:00:00,89.07114,107.89902999999998,1.7055177837610245
8655,2020-09-15 08:00:00,89.06813,107.92068,1.1646409183740616
8656,2020-09-15 09:00:00,89.06515,107.81187999999997,1.5047727227210999
8657,2020-09-15 10:00:00,89.06308,107.59532000000002,2.2010515481233597
8658,2020-09-15 11:00:00,89.06267,107.33904000000001,2.558158904314041
8659,2020-09-15 12:00:00,89.06432,107.12004999999999,2.6776088923215866
8660,2020-09-15 13:00:00,89.06769,106.99592999999999,3.1734551191329956
8661,2020-09-15 14:00:00,89.07174,107.00164999999998,3.030783846974373
8662,2020-09-15 15:00:00,89.0755,107.13330000000002,2.9287973046302795
8663,2020-09-15 16:00:00,89.07816,107.36083000000002,2.7254786044359207
8664,2020-09-15 17:00:00,89.07914,107.6413,2.5069702565670013
8665,2020-09-15 18:00:00,89.07843,107.91816,2.4372310042381287
8666,2020-09-15 19:00:00,89.07641,108.14310999999998,2.3763841092586517
8667,2020-09-15 20:00:00,89.07357,108.25659999999999,2.309468924999237
8668,2020-09-15 21:00:00,89.07095,108.23930999999999,2.1987019777297974
8669,2020-09-15 22:00:00,89.06974,108.13716,2.1828210055828094
8670,2020-09-15 23:00:00,89.07005,107.99898999999999,2.4305392652750015
8671,2020-09-16 00:00:00,89.07214,107.88218999999998,2.6728902757167816
8672,2020-09-16 01:00:00,89.07601,107.85372000000001,2.8225883841514587
8673,2020-09-16 02:00:00,89.08083,107.95722999999998,3.0590680986642838
8674,2020-09-16 03:00:00,89.08512,108.16446000000002,3.432543009519577
8675,2020-09-16 04:00:00,89.08851,108.46526,3.8882207572460175
8676,2020-09-16 05:00:00,89.09052,108.83742000000001,4.479628682136536
8677,2020-09-16 06:00:00,89.09087,109.19826,4.65893492102623
8678,2020-09-16 07:00:00,89.08971,109.45598000000001,4.730117425322533
8679,2020-09-16 08:00:00,89.08655,109.52188999999998,4.682171791791916
8680,2020-09-16 09:00:00,89.08229,109.44731999999999,4.543787956237793
8681,2020-09-16 10:00:00,89.07825,109.25009,4.518272429704666
8682,2020-09-16 11:00:00,89.07523,109.00738999999999,4.453235074877739
8683,2020-09-16 12:00:00,89.07366,108.76655,4.155828908085823
8684,2020-09-16 13:00:00,89.07319,108.61545000000001,4.120655789971352
8685,2020-09-16 14:00:00,89.07331,108.60372999999998,4.295321196317673
8686,2020-09-16 15:00:00,89.07328,108.72334000000001,4.386409372091293
8687,2020-09-16 16:00:00,89.07211,108.95693,4.608919590711594
8688,2020-09-16 17:00:00,89.06888,109.25858,4.995516508817673
8689,2020-09-16 18:00:00,89.06365,109.52013,5.21284943819046
8690,2020-09-16 19:00:00,89.05696,109.69038,5.392765864729881
8691,2020-09-16 20:00:00,89.04979,109.7113,5.694867432117462
8692,2020-09-16 21:00:00,89.04251,109.57758999999999,6.326778054237366
8693,2020-09-16 22:00:00,89.03643,109.32337000000001,6.741791725158691
8694,2020-09-16 23:00:00,89.03231,109.02828,6.596618741750717
8695,2020-09-17 00:00:00,89.02982,108.74122999999997,6.735325485467911
8696,2020-09-17 01:00:00,89.0288,108.48766,6.8250884264707565
8697,2020-09-17 02:00:00,89.02868,108.30532,6.944275811314583
8698,2020-09-17 03:00:00,89.02893,108.21366999999998,6.762850403785706
8699,2020-09-17 04:00:00,89.0288,108.17491000000001,6.57568359375
8700,2020-09-17 05:00:00,89.02781,108.16709000000003,6.113633811473846
8701,2020-09-17 06:00:00,89.02589,108.17309,5.654025182127953
8702,2020-09-17 07:00:00,89.02325,108.13869,5.172407925128937
8703,2020-09-17 08:00:00,89.02041,108.02945999999997,4.816665917634964
8704,2020-09-17 09:00:00,89.01791,107.83607,4.529832646250725
8705,2020-09-17 10:00:00,89.01626,107.58604000000003,4.196159392595291
8706,2020-09-17 11:00:00,89.01596,107.32925,3.733788639307022
8707,2020-09-17 12:00:00,89.01709,107.11768999999998,3.1592433750629425
8708,2020-09-17 13:00:00,89.01946,106.98070999999999,2.5530249029397964
8709,2020-09-17 14:00:00,89.0228,106.93295,2.066108360886574
8710,2020-09-17 15:00:00,89.02633,106.96093000000002,2.044066905975342
8711,2020-09-17 16:00:00,89.02964,107.06426999999996,2.3642403036355972
8712,2020-09-17 17:00:00,89.03238,107.21260999999998,2.5320732444524765
8713,2020-09-17 18:00:00,89.03423,107.36879999999996,2.532784476876259
8714,2020-09-17 19:00:00,89.03541,107.48009000000002,2.557577282190323
8715,2020-09-17 20:00:00,89.03605,107.53061000000002,2.6296363174915314
8716,2020-09-17 21:00:00,89.03676,107.50547,2.6952290683984756
8717,2020-09-17 22:00:00,89.03815,107.41687999999999,2.743206039071083
8718,2020-09-17 23:00:00,89.04049,107.29120999999998,2.677574336528778
8719,2020-09-18 00:00:00,89.04386,107.15948000000003,2.504625767469406
8720,2020-09-18 01:00:00,89.04825,107.06200000000001,2.3203199952840805
8721,2020-09-18 02:00:00,89.05306,107.02648999999997,2.0958945900201797
8722,2020-09-18 03:00:00,89.05784,107.05113,1.9376927316188812
8723,2020-09-18 04:00:00,89.06219,107.12212,2.0177855491638184
8724,2020-09-18 05:00:00,89.06563,107.22816,2.1020156145095825
8725,2020-09-18 06:00:00,89.06787,107.32988999999998,2.068856105208397
8726,2020-09-18 07:00:00,89.06934,107.38902999999999,1.895651951432228
8727,2020-09-18 08:00:00,89.07025,107.37454000000002,1.9166902750730515
8728,2020-09-18 09:00:00,89.07113,107.27391,1.984388291835785
8729,2020-09-18 10:00:00,89.07299,107.11553000000004,2.002556622028351
8730,2020-09-18 11:00:00,89.07603,106.94184000000001,1.9844231307506561
8731,2020-09-18 12:00:00,89.08012,106.79696000000001,1.946492686867714
8732,2020-09-18 13:00:00,89.08498,106.71438999999998,1.8057505190372467
8733,2020-09-18 14:00:00,89.09042,106.72577000000001,1.7554971873760223
8734,2020-09-18 15:00:00,89.09567,106.82711999999998,1.554934024810791
8735,2020-09-18 16:00:00,89.10025,106.99435,1.3728735148906708
8736,2020-09-18 17:00:00,89.10356,107.18214,1.305542305111885
8737,2020-09-18 18:00:00,89.10527,107.35716000000002,1.4073939621448517
8738,2020-09-18 19:00:00,89.10646,107.50347999999997,1.5822497606277466
8739,2020-09-18 20:00:00,89.10821,107.58472999999998,1.9875717759132385
8740,2020-09-18 21:00:00,89.1105,107.59417000000002,2.5390403866767883
8741,2020-09-18 22:00:00,89.11428,107.55889000000002,2.970388174057007
8742,2020-09-18 23:00:00,89.11955,107.54921000000002,3.3247396051883698
8743,2020-09-19 00:00:00,89.12594,107.63434999999998,3.6829258501529694
8744,2020-09-19 01:00:00,89.133,107.79151999999999,4.026165202260017
8745,2020-09-19 02:00:00,89.14017,108.03532999999999,4.311373919248581
8746,2020-09-19 03:00:00,89.14633,108.39346999999998,4.549778565764427
8747,2020-09-19 04:00:00,89.15117,108.86779000000001,4.893518224358559
8748,2020-09-19 05:00:00,89.15377,109.40205000000003,5.357018142938614
8749,2020-09-19 06:00:00,89.15449,109.94785000000002,5.886990576982498
8750,2020-09-19 07:00:00,89.15253,110.41430000000003,6.507652536034584
8751,2020-09-19 08:00:00,89.14847,110.74805000000003,7.092200472950935
8752,2020-09-19 09:00:00,89.14387,110.82846,7.626773089170456
8753,2020-09-19 10:00:00,89.14027,110.70747,8.26905445754528
8754,2020-09-19 11:00:00,89.13887,110.46305000000001,8.680450737476349
8755,2020-09-19 12:00:00,89.13984,110.19686999999999,8.360184952616692
8756,2020-09-19 13:00:00,89.14281,109.99063000000001,7.560592845082283
8757,2020-09-19 14:00:00,89.14716,110.00907999999998,6.69218684732914
8758,2020-09-19 15:00:00,89.15113,110.28766000000002,5.825921103358269
8759,2020-09-19 16:00:00,89.15312,110.71042999999997,4.962391555309296
8760,2020-09-19 17:00:00,89.15271,111.16568000000001,4.319900646805763
8761,2020-09-19 18:00:00,89.15042,111.56817999999998,3.7231810837984085
8762,2020-09-19 19:00:00,89.14706,111.83195,3.444399446249008
8763,2020-09-19 20:00:00,89.14283,111.96122000000003,3.297146499156952
8764,2020-09-19 21:00:00,89.13866,111.93146999999999,3.2926540076732635
8765,2020-09-19 22:00:00,89.1357,111.71789000000001,3.723929837346077
8766,2020-09-19 23:00:00,89.13503,111.42208,4.161575421690941
8767,2020-09-20 00:00:00,89.13663,111.14423999999997,4.132013618946075
8768,2020-09-20 01:00:00,89.13954,110.92421999999999,4.033985078334808
8769,2020-09-20 02:00:00,89.14262,110.82211000000001,3.7772966027259827
8770,2020-09-20 03:00:00,89.1449,110.87450999999999,3.495842531323433
8771,2020-09-20 04:00:00,89.14573,111.03985999999998,3.424751788377762
8772,2020-09-20 05:00:00,89.14513,111.21933000000001,3.619530066847801
8773,2020-09-20 06:00:00,89.14329,111.36477000000002,3.7188048660755157
8774,2020-09-20 07:00:00,89.1404,111.41453999999999,3.791513502597809
8775,2020-09-20 08:00:00,89.13713,111.34807,3.8135050535202026
8776,2020-09-20 09:00:00,89.13424,111.16757000000001,3.762794017791748
8777,2020-09-20 10:00:00,89.13256,110.90521999999999,3.61700177192688
8778,2020-09-20 11:00:00,89.13241,110.61869999999999,3.374885708093643
8779,2020-09-20 12:00:00,89.13353,110.3655,3.225698083639145
8780,2020-09-20 13:00:00,89.13567,110.17871000000002,3.074598342180252
8781,2020-09-20 14:00:00,89.12059,110.27724999999998,2.983701467514038
8782,2020-09-20 15:00:00,89.07125,110.48419000000001,2.8059181571006775
8783,2020-09-20 16:00:00,89.02149,110.27442000000002,2.5765929222106934
8784,2020-09-20 17:00:00,88.98359,109.34683000000001,2.259075850248337
8785,2020-09-20 18:00:00,88.93382,108.11759,1.9063634276390076
8786,2020-09-20 19:00:00,88.91739,106.3852,1.5797419250011444
8787,2020-09-20 20:00:00,88.88122,105.65677,1.217426598072052
8788,2020-09-20 21:00:00,88.85027,107.11187999999999,0.968893975019455
8789,2020-09-20 22:00:00,88.80195,107.88123999999999,0.9541578888893127
8790,2020-09-20 23:00:00,88.76466,108.87095999999997,1.0539304912090302
8791,2020-09-21 00:00:00,88.73682,108.48449,1.3441139906644821
8792,2020-09-21 01:00:00,88.69126,107.97453999999999,1.4094629287719727
8793,2020-09-21 02:00:00,88.65455,107.67322000000001,1.4592853784561157
8794,2020-09-21 03:00:00,88.62175,106.98223000000002,1.631186157464981
8795,2020-09-21 04:00:00,88.60214,106.43738000000002,1.817135140299797
8796,2020-09-21 05:00:00,88.59385,105.33416,1.829186961054802
8797,2020-09-21 06:00:00,88.56667,105.25106,1.9943734556436539
8798,2020-09-21 07:00:00,88.54618,106.39726000000002,2.307834103703499
8799,2020-09-21 08:00:00,88.51987,106.34343999999999,2.459664076566696
8800,2020-09-21 09:00:00,88.51442,106.17869999999999,2.5583438873291016
8801,2020-09-21 10:00:00,88.50953,105.64998000000003,2.6497102081775665
8802,2020-09-21 11:00:00,88.50783,105.41724999999997,2.6753752529621124
8803,2020-09-21 12:00:00,88.50642,105.15669000000003,2.600967675447464
8804,2020-09-21 13:00:00,88.4677,104.88878999999997,2.495640218257904
8805,2020-09-21 14:00:00,88.42636,104.99160999999998,2.3897793143987656
8806,2020-09-21 15:00:00,88.37673,106.01165000000003,2.2325924783945084
8807,2020-09-21 16:00:00,88.32754,105.58401000000003,2.0076295733451843
8808,2020-09-21 17:00:00,88.29927,103.76972999999998,1.8985163867473602
8809,2020-09-21 18:00:00,88.26351,103.07888000000003,2.034543916583061
8810,2020-09-21 19:00:00,88.22024,102.24813,2.151122197508812
8811,2020-09-21 20:00:00,88.16077,100.57247000000001,2.105121374130249
8812,2020-09-21 21:00:00,88.07798,100.87482,1.953529417514801
8813,2020-09-21 22:00:00,87.97815,100.31822,1.8249523341655731
8814,2020-09-21 23:00:00,87.88672,99.55189999999999,1.7479385137557983
8815,2020-09-22 00:00:00,87.79964,100.16151000000002,4.22887746989727
8816,2020-09-22 01:00:00,87.73535,100.63743,4.155295342206955
8817,2020-09-22 02:00:00,87.6594,100.76663000000002,4.09769207239151
8818,2020-09-22 03:00:00,87.5778,100.77141,5.429416090250015
8819,2020-09-22 04:00:00,87.50031,99.66706999999997,5.514559909701347
8820,2020-09-22 05:00:00,87.49806,99.43468000000001,5.784607619047165
8821,2020-09-22 06:00:00,87.44544,98.71884,6.168368458747864
8822,2020-09-22 07:00:00,87.34878,98.7622,6.443252846598625
8823,2020-09-22 08:00:00,87.25034,98.36660999999998,6.533837378025055
8824,2020-09-22 09:00:00,87.1466,98.71112,7.265823885798454
8825,2020-09-22 10:00:00,87.05001,98.08134999999999,7.588759571313858
8826,2020-09-22 11:00:00,86.97877,97.97023999999999,7.90060019493103
8827,2020-09-22 12:00:00,86.9051,97.99203999999997,8.036218911409378
8828,2020-09-22 13:00:00,86.8507,98.31072,9.364045947790146
8829,2020-09-22 14:00:00,86.77097,97.59731999999997,10.066715210676193
8830,2020-09-22 15:00:00,86.70312,97.12981000000002,10.45306558907032
8831,2020-09-22 16:00:00,86.60989,96.58098000000001,10.798419803380966
8832,2020-09-22 17:00:00,86.54811,95.69522999999998,11.28027854859829
8833,2020-09-22 18:00:00,86.46938,94.64170999999999,11.367612361907959
8834,2020-09-22 19:00:00,86.38705,93.51893999999999,11.727234989404678
8835,2020-09-22 20:00:00,86.32822,92.16415999999998,12.159670740365982
8836,2020-09-22 21:00:00,86.26919,90.95765,12.126999631524086
8837,2020-09-22 22:00:00,86.22048,89.61194999999998,13.58855727314949
8838,2020-09-22 23:00:00,86.17662,88.57600000000002,14.937015920877457
8839,2020-09-23 00:00:00,86.10976,87.96728000000002,16.66817943751812
8840,2020-09-23 01:00:00,86.03062,87.32283999999999,16.460130751132965
8841,2020-09-23 02:00:00,86.02788,86.53520000000003,16.045515149831772
8842,2020-09-23 03:00:00,86.03128,85.78346999999997,15.172409251332283
8843,2020-09-23 04:00:00,86.03631,85.33767999999998,13.507574647665024
8844,2020-09-23 05:00:00,86.03153,84.83019999999999,11.328383296728134
8845,2020-09-23 06:00:00,86.03187,84.71190999999999,9.233541443943977
8846,2020-09-23 07:00:00,86.01558,83.75114000000002,7.666404902935028
8847,2020-09-23 08:00:00,85.97393,82.54322000000002,6.536541223526001
8848,2020-09-23 09:00:00,85.94982,81.13411000000002,5.887617856264114
8849,2020-09-23 10:00:00,85.9504,79.64091000000002,6.364835023880005
8850,2020-09-23 11:00:00,85.95831,78.87254999999999,5.947385475039482
8851,2020-09-23 12:00:00,85.95299,77.78241000000003,6.1197598576545715
8852,2020-09-23 13:00:00,85.95521,76.31876,7.011843308806419
8853,2020-09-23 14:00:00,85.96096,74.86013,6.745712965726852
8854,2020-09-23 15:00:00,85.99005,73.76153,6.948885276913643
8855,2020-09-23 16:00:00,85.95857,72.82884000000001,7.580009236931801
8856,2020-09-23 17:00:00,85.97606,71.73101,7.664174109697342
8857,2020-09-23 18:00:00,85.98927,70.38184999999999,7.399202883243561
8858,2020-09-23 19:00:00,85.98025,69.38810999999998,7.254261642694473
8859,2020-09-23 20:00:00,85.98253,68.78820999999999,7.120225891470909
8860,2020-09-23 21:00:00,85.97922,67.65102999999999,6.750520199537277
8861,2020-09-23 22:00:00,85.95822,66.73991999999998,6.366020321846008
8862,2020-09-23 23:00:00,85.96284,65.65375,5.86552195250988
8863,2020-09-24 00:00:00,85.96535,64.26808,7.262560948729515
8864,2020-09-24 01:00:00,85.98227,62.73541,6.569298401474953
8865,2020-09-24 02:00:00,85.98703,61.41462000000001,6.370842903852463
8866,2020-09-24 03:00:00,85.98383,60.208200000000005,6.536176770925522
8867,2020-09-24 04:00:00,85.99262,59.52948000000001,7.027440011501312
8868,2020-09-24 05:00:00,85.9995,59.49495000000002,7.306942999362946
8869,2020-09-24 06:00:00,86.00492,59.48935,7.288492530584335
8870,2020-09-24 07:00:00,86.00848,59.49576999999999,7.257072731852531
8871,2020-09-24 08:00:00,86.01021,59.50099,7.470289409160614
8872,2020-09-24 09:00:00,86.01072,59.492760000000004,7.560236275196075
8873,2020-09-24 10:00:00,86.01104,59.466049999999996,8.086794644594193
8874,2020-09-24 11:00:00,86.01208,59.434,8.140304759144783
8875,2020-09-24 12:00:00,86.01407,59.39385999999999,8.040395133197308
8876,2020-09-24 13:00:00,86.03129,59.58462,8.588099747896194
8877,2020-09-24 14:00:00,86.03278,59.54149000000001,8.59386020898819
8878,2020-09-24 15:00:00,86.0362,59.57733999999999,8.620814025402069
8879,2020-09-24 16:00:00,86.04139,59.59975,8.655256494879723
8880,2020-09-24 17:00:00,86.04835,59.65191999999999,9.194385051727295
8881,2020-09-24 18:00:00,86.05423,59.743690000000015,10.577022477984428
8882,2020-09-24 19:00:00,86.04779,59.654300000000006,11.072660848498344
8883,2020-09-24 20:00:00,85.97115,58.86953,11.352168053388596
8884,2020-09-24 21:00:00,85.9735,57.56206,11.317445665597916
8885,2020-09-24 22:00:00,85.96916,57.04442,11.179108783602715
8886,2020-09-24 23:00:00,85.94654,55.73292000000001,10.533611819148064
8887,2020-09-25 00:00:00,85.93867,54.61287999999999,10.528291746973991
8888,2020-09-25 01:00:00,85.95736,53.42388,9.465039238333702
8889,2020-09-25 02:00:00,85.99446,52.553979999999996,8.293525516986847
8890,2020-09-25 03:00:00,85.98563,51.27199000000002,7.2252741158008575
8891,2020-09-25 04:00:00,85.99761,50.44499999999999,6.137391924858093
8892,2020-09-25 05:00:00,86.00236,50.16612000000001,5.938405230641365
8893,2020-09-25 06:00:00,86.0046,49.626739999999984,6.500855818390846
8894,2020-09-25 07:00:00,85.99379,49.16532999999998,7.156133368611336
8895,2020-09-25 08:00:00,85.97592,48.69207,3.978382870554924
8896,2020-09-25 09:00:00,85.96007,48.45284000000001,3.5735278129577637
8897,2020-09-25 10:00:00,85.95903,48.45737,3.354000210762024
8898,2020-09-25 11:00:00,85.957,48.44758999999999,3.1664072573184967
8899,2020-09-25 12:00:00,85.95607,48.41550000000001,2.9774795472621918
8900,2020-09-25 13:00:00,85.95516,48.377219999999994,3.0110058188438416
8901,2020-09-25 14:00:00,85.95526,48.34779,2.8669162169098854
8902,2020-09-25 15:00:00,85.956,48.34012999999999,2.9617130905389786
8903,2020-09-25 16:00:00,85.95828,47.90941000000001,3.0481694042682648
8904,2020-09-25 17:00:00,85.96278,46.67922999999999,2.918349876999855
8905,2020-09-25 18:00:00,85.99146,45.530519999999996,3.04462106525898
8906,2020-09-25 19:00:00,85.95692,44.38156000000001,3.368813633918762
8907,2020-09-25 20:00:00,85.98303,43.67738,3.863526940345764
8908,2020-09-25 21:00:00,85.97907,42.44055,3.98843415081501
8909,2020-09-25 22:00:00,85.9889,41.147729999999996,3.879227191209793
8910,2020-09-25 23:00:00,85.98109,40.17228,4.278629869222641
8911,2020-09-26 00:00:00,85.9841,39.03126,4.722467839717865
8912,2020-09-26 01:00:00,85.94821,38.023889999999994,4.524109423160553
8913,2020-09-26 02:00:00,85.96467,36.922439999999995,4.134779155254364
8914,2020-09-26 03:00:00,85.99211,35.934590000000014,3.4772689193487167
8915,2020-09-26 04:00:00,86.02902,35.68884,2.93513023853302
8916,2020-09-26 05:00:00,86.03011,35.596509999999995,2.855649620294571
8917,2020-09-26 06:00:00,86.02914,35.56369999999998,3.426843613386154
8918,2020-09-26 07:00:00,86.02967,35.527060000000006,4.184744983911514
8919,2020-09-26 08:00:00,86.03108,35.502430000000004,4.770702913403511
8920,2020-09-26 09:00:00,86.03225,35.49334999999999,5.357531040906906
8921,2020-09-26 10:00:00,86.03269,35.49686,5.913832664489746
8922,2020-09-26 11:00:00,86.03203,35.510130000000004,6.2084300965070724
8923,2020-09-26 12:00:00,86.03001,35.53323,6.471928775310516
8924,2020-09-26 13:00:00,85.9979,35.09339,6.279029078781605
8925,2020-09-26 14:00:00,85.99141,35.00157999999999,5.801675960421562
8926,2020-09-26 15:00:00,86.01796,33.97300999999999,5.575929746031761
8927,2020-09-26 16:00:00,86.00334,32.59428,5.136985540390015
8928,2020-09-26 17:00:00,85.93035,31.973510000000005,7.604052230715752
8929,2020-09-26 18:00:00,85.84904,31.479209999999995,7.393462181091309
8930,2020-09-26 19:00:00,85.75142,31.708,7.1531305611133575
8931,2020-09-26 20:00:00,85.65564,32.03405000000001,7.4264286160469055
8932,2020-09-26 21:00:00,85.5673,32.08091000000002,7.693236514925957
8933,2020-09-26 22:00:00,85.48224,31.66046,8.01632159948349
8934,2020-09-26 23:00:00,85.36969,31.882270000000005,8.092523336410522
8935,2020-09-27 00:00:00,85.25568,32.05169999999998,8.266616150736809
8936,2020-09-27 01:00:00,85.14628,31.787869999999998,10.427409917116165
8937,2020-09-27 02:00:00,85.02981,31.620990000000006,10.302181720733643
8938,2020-09-27 03:00:00,84.92023,31.485250000000008,10.28971828520298
8939,2020-09-27 04:00:00,84.81413,31.67625000000001,10.71246837079525
8940,2020-09-27 05:00:00,84.71987,31.694909999999993,10.788020759820938
8941,2020-09-27 06:00:00,84.61484,31.622749999999996,10.70801129937172
8942,2020-09-27 07:00:00,84.59832,31.787260000000003,10.718477487564087
8943,2020-09-27 08:00:00,84.48344,31.739190000000008,10.904350534081459
8944,2020-09-27 09:00:00,84.38045,31.914420000000007,11.01434177160263
8945,2020-09-27 10:00:00,84.26976,32.161040000000014,11.123695760965347
8946,2020-09-27 11:00:00,84.15483,32.20783,11.255540981888771
8947,2020-09-27 12:00:00,84.03889,32.20683,10.862315088510513
8948,2020-09-27 13:00:00,83.92419,32.176980000000015,10.704800143837929
8949,2020-09-27 14:00:00,83.80862,32.141490000000005,10.481754004955292
8950,2020-09-27 15:00:00,83.69156,32.1027,10.175570219755173
8951,2020-09-27 16:00:00,83.57245,32.061800000000005,9.070627942681313
8952,2020-09-27 17:00:00,83.45186,32.072100000000006,8.753670394420624
8953,2020-09-27 18:00:00,83.3329,32.07209,8.081926077604294
8954,2020-09-27 19:00:00,83.21415,32.07029,7.545831322669983
8955,2020-09-27 20:00:00,83.25137,31.975799999999992,7.527508407831192
8956,2020-09-27 21:00:00,83.25309,32.05017000000001,7.191848933696747
8957,2020-09-27 22:00:00,83.25453,32.09765999999999,6.814939886331558
8958,2020-09-27 23:00:00,83.25513,32.13445999999999,6.432939857244492
8959,2020-09-28 00:00:00,83.29717,31.565640000000002,6.070250928401947
8960,2020-09-28 01:00:00,83.35894,30.724860000000007,5.707723870873451
8961,2020-09-28 02:00:00,83.36961,29.682410000000004,5.045283168554306
8962,2020-09-28 03:00:00,83.35726,28.556520000000006,5.102067664265633
8963,2020-09-28 04:00:00,83.32556,27.51639,5.193610891699791
8964,2020-09-28 05:00:00,83.29306,26.51504,5.398163095116615
8965,2020-09-28 06:00:00,83.22846,25.655079999999998,4.652394667267799
8966,2020-09-28 07:00:00,83.16182,24.981960000000015,4.705784365534782
8967,2020-09-28 08:00:00,83.16253,25.01858999999999,4.797731980681419
8968,2020-09-28 09:00:00,83.16154,25.06352000000001,4.90240541100502
8969,2020-09-28 10:00:00,83.15906,25.11497,4.953727260231972
8970,2020-09-28 11:00:00,83.15484,25.165780000000012,4.863202914595604
8971,2020-09-28 12:00:00,83.14943,25.209659999999985,4.959969237446785
8972,2020-09-28 13:00:00,83.14364,25.24284,5.282992005348206
8973,2020-09-28 14:00:00,83.11875,24.68029999999999,5.67006716132164
8974,2020-09-28 15:00:00,83.0669,23.878629999999987,6.21408049762249
8975,2020-09-28 16:00:00,83.01116,23.092649999999992,5.743915781378746
8976,2020-09-28 17:00:00,82.95463,22.970190000000002,6.01905070245266
8977,2020-09-28 18:00:00,82.89393,22.621700000000004,6.085358425974846
8978,2020-09-28 19:00:00,82.80261,22.118740000000003,4.660376816987991
8979,2020-09-28 20:00:00,82.72978,21.39958999999999,4.614881008863449
8980,2020-09-28 21:00:00,82.66382,20.688420000000008,4.662794262170792
8981,2020-09-28 22:00:00,82.59712,19.97731999999999,4.682364970445633
8982,2020-09-28 23:00:00,82.53605,19.250069999999994,4.526217877864838
8983,2020-09-29 00:00:00,82.46974,18.57285999999999,2.461449757218361
8984,2020-09-29 01:00:00,82.42139,17.849760000000003,2.2796808928251266
8985,2020-09-29 02:00:00,82.3679,17.05144999999999,1.7842932343482971
8986,2020-09-29 03:00:00,82.34037,16.155419999999992,1.42998106777668
8987,2020-09-29 04:00:00,82.27803,15.643730000000005,1.4303152412176132
8988,2020-09-29 05:00:00,82.20596,15.047230000000013,1.2313729673624039
8989,2020-09-29 06:00:00,82.1213,14.505830000000003,3.2310381680727005
8990,2020-09-29 07:00:00,82.02607,14.001450000000006,3.7874108254909515
8991,2020-09-29 08:00:00,81.93578,13.52489,4.363953053951263
8992,2020-09-29 09:00:00,81.83968,13.005560000000003,5.017253890633583
8993,2020-09-29 10:00:00,81.74193,12.494040000000012,7.939550369977951
8994,2020-09-29 11:00:00,81.64609,11.99011999999999,8.247796170413494
8995,2020-09-29 12:00:00,81.60249,11.776980000000009,8.640019059181213
8996,2020-09-29 13:00:00,81.59933,11.653510000000011,8.832839906215668
8997,2020-09-29 14:00:00,81.55981,11.591250000000002,9.001746371388435
8998,2020-09-29 15:00:00,81.57888,10.913240000000002,7.094093635678291
8999,2020-09-29 16:00:00,81.59029,10.118850000000009,7.3026281744241714
9000,2020-09-29 17:00:00,81.59069,9.331880000000012,7.663421392440796
9001,2020-09-29 18:00:00,81.60092,8.621280000000013,7.68464133143425
9002,2020-09-29 19:00:00,81.6039,7.799739999999986,8.217619970440865
9003,2020-09-29 20:00:00,81.61104,7.025929999999988,9.505822479724884
9004,2020-09-29 21:00:00,81.61922,6.212060000000008,10.199323862791061
9005,2020-09-29 22:00:00,81.62221,5.465920000000011,11.024838954210281
9006,2020-09-29 23:00:00,81.62981,4.821470000000005,11.72915032505989
9007,2020-09-30 00:00:00,81.64866,4.264450000000011,13.26960252225399
9008,2020-09-30 01:00:00,81.6557,3.8519900000000007,12.516484260559082
9009,2020-09-30 02:00:00,81.7434,3.4037199999999928,12.149923905730247
9010,2020-09-30 03:00:00,81.78301,2.8579599999999914,9.72155112028122
9011,2020-09-30 04:00:00,81.77783,2.4589599999999905,9.659796610474586
9012,2020-09-30 05:00:00,81.77481,2.330209999999994,9.648050308227539
9013,2020-09-30 06:00:00,81.74858,2.155630000000002,10.721847400069237
9014,2020-09-30 07:00:00,81.73418,1.7469000000000108,10.232119247317314
9015,2020-09-30 08:00:00,81.73037,1.6367600000000095,10.291183397173882
9016,2020-09-30 09:00:00,81.72207,1.5857300000000123,10.676469534635544
9017,2020-09-30 10:00:00,81.71377,1.5346199999999897,10.782047152519226
9018,2020-09-30 11:00:00,81.70591,1.4839800000000025,10.154410779476166
9019,2020-09-30 12:00:00,81.69852,1.4358200000000068,9.551538527011871
9020,2020-09-30 13:00:00,81.69148,1.3889900000000068,9.117257416248322
9021,2020-09-30 14:00:00,81.68449,1.346350000000001,8.671770438551903
9022,2020-09-30 15:00:00,81.67722,1.3103600000000029,8.076457723975182
9023,2020-09-30 16:00:00,81.58226,1.676790000000011,7.419319033622742
9024,2020-09-30 17:00:00,81.49097,1.9668399999999906,6.957345977425575
9025,2020-09-30 18:00:00,81.4,2.42016000000001,6.771054431796074
9026,2020-09-30 19:00:00,81.29934,2.7935400000000072,6.484932720661163
9027,2020-09-30 20:00:00,81.19986,3.169389999999993,7.197023540735245
9028,2020-09-30 21:00:00,81.10111,3.5841399999999908,6.595680892467499
9029,2020-09-30 22:00:00,81.00594,3.97842,6.021156758069992
9030,2020-09-30 23:00:00,80.96369,4.1607600000000105,5.403449922800064
9031,2020-10-01 00:00:00,80.95677,4.1667500000000075,6.809575200080872
9032,2020-10-01 01:00:00,80.91202,4.340010000000007,6.03327488899231
9033,2020-10-01 02:00:00,80.81709,4.684280000000001,5.3508085906505585
9034,2020-10-01 03:00:00,80.72261,5.030409999999989,4.898853436112404
9035,2020-10-01 04:00:00,80.6288,5.372669999999999,4.7219060361385345
9036,2020-10-01 05:00:00,80.53562,5.710149999999999,4.550041921436787
9037,2020-10-01 06:00:00,80.44368,6.039590000000004,4.298709452152252
9038,2020-10-01 07:00:00,80.41493,6.105349999999987,4.393194764852524
9039,2020-10-01 08:00:00,80.39877,6.060429999999997,3.8748816549777985
9040,2020-10-01 09:00:00,80.3453,6.177030000000002,4.980547338724136
9041,2020-10-01 10:00:00,80.2378,6.448219999999992,4.59532904624939
9042,2020-10-01 11:00:00,80.13365,6.721280000000007,4.246598422527313
9043,2020-10-01 12:00:00,80.02585,6.94380000000001,3.7067838460206985
9044,2020-10-01 13:00:00,79.9178,7.1647800000000075,6.346409887075424
9045,2020-10-01 14:00:00,79.80747,7.387990000000002,5.979356616735458
9046,2020-10-01 15:00:00,79.70199,7.59935999999999,6.062310606241226
9047,2020-10-01 16:00:00,79.59233,7.816800000000001,5.8099038153886795
9048,2020-10-01 17:00:00,79.46082,8.074279999999987,5.8733315616846085
9049,2020-10-01 18:00:00,79.32717,8.333349999999996,5.727506339550018
9050,2020-10-01 19:00:00,79.19519,8.584800000000001,1.5507237017154694
9051,2020-10-01 20:00:00,79.06389,8.830610000000007,1.321444720029831
9052,2020-10-01 21:00:00,78.93016,9.08286000000001,1.4048645794391632
9053,2020-10-01 22:00:00,78.79823,9.318270000000012,1.9581848829984665
9054,2020-10-01 23:00:00,78.66527,9.559809999999999,2.4996196627616882
9055,2020-10-02 00:00:00,78.53251,9.797850000000011,3.9433401823043823
9056,2020-10-02 01:00:00,78.40841,10.018939999999986,4.609293207526207
9057,2020-10-02 02:00:00,78.27766,10.249059999999986,4.935525611042976
9058,2020-10-02 03:00:00,78.13305,10.53191000000001,2.0799669325351715
9059,2020-10-02 04:00:00,78.12984,11.006450000000001,1.781672865152359
9060,2020-10-02 05:00:00,78.12354,11.792609999999996,2.044966071844101
9061,2020-10-02 06:00:00,78.11744,12.567059999999998,2.43891042470932
9062,2020-10-02 07:00:00,78.11241,13.327359999999999,2.734266124665737
9063,2020-10-02 08:00:00,78.17432,14.12339,1.3201914876699448
9064,2020-10-02 09:00:00,78.23276,14.862259999999992,1.1040243357419968
9065,2020-10-02 10:00:00,78.26488,15.253610000000009,1.1512461155653
9066,2020-10-02 11:00:00,78.26523,15.254729999999995,1.1124072521924973
9067,2020-10-02 12:00:00,78.26464,15.253620000000012,1.1006871312856674
9068,2020-10-02 13:00:00,78.266,15.25263000000001,1.1288976669311523
9069,2020-10-02 14:00:00,78.25954,15.232990000000001,1.2204496562480927
9070,2020-10-02 15:00:00,78.19991,14.453239999999994,1.4020668417215347
9071,2020-10-02 16:00:00,78.14967,13.804660000000013,3.379005789756775
9072,2020-10-02 17:00:00,78.11185,13.291679999999985,3.346745803952217
9073,2020-10-02 18:00:00,78.11843,12.465669999999989,3.3902423083782196
9074,2020-10-02 19:00:00,78.12596,11.605729999999994,3.3878723978996277
9075,2020-10-02 20:00:00,78.13102,10.978090000000009,3.5101740658283234
9076,2020-10-02 21:00:00,78.20738,10.37487999999999,7.971518725156784
9077,2020-10-02 22:00:00,78.36096,10.106390000000005,8.041420325636864
9078,2020-10-02 23:00:00,78.48853,9.881979999999999,8.120480731129646
9079,2020-10-03 00:00:00,78.61188,9.66273000000001,8.169267520308495
9080,2020-10-03 01:00:00,78.73883,9.434390000000008,8.106060802936554
9081,2020-10-03 02:00:00,78.86876,9.362509999999986,6.72983492910862
9082,2020-10-03 03:00:00,78.9829,9.50773000000001,6.81219120323658
9083,2020-10-03 04:00:00,79.02097,10.221499999999992,6.65506012737751
9084,2020-10-03 05:00:00,79.03251,11.119640000000004,6.425404727458954
9085,2020-10-03 06:00:00,78.94971,11.919129999999996,6.183873385190964
9086,2020-10-03 07:00:00,78.93584,11.93440000000001,5.899895057082176
9087,2020-10-03 08:00:00,78.93574,11.932690000000008,5.619538217782974
9088,2020-10-03 09:00:00,78.93602,11.93789000000001,5.656041741371155
9089,2020-10-03 10:00:00,78.93589,11.938600000000008,5.563507631421089
9090,2020-10-03 11:00:00,78.93611,11.934359999999998,5.392516046762466
9091,2020-10-03 12:00:00,78.93617,11.937810000000013,5.250358372926712
9092,2020-10-03 13:00:00,78.93593,11.94219000000001,5.150358498096466
9093,2020-10-03 14:00:00,78.9355,11.938909999999993,5.0086482763290405
9094,2020-10-03 15:00:00,78.93549,11.936399999999992,4.796162158250809
9095,2020-10-03 16:00:00,78.93596,11.93583000000001,4.5198532193899155
9096,2020-10-03 17:00:00,78.9361,11.933969999999988,4.228324443101883
9097,2020-10-03 18:00:00,78.93576,11.938530000000014,3.929695874452591
9098,2020-10-03 19:00:00,78.93565,11.934920000000005,3.657854914665222
9099,2020-10-03 20:00:00,78.93623,11.938199999999995,3.5451589822769165
9100,2020-10-03 21:00:00,78.93638,11.939179999999993,3.524259328842163
9101,2020-10-03 22:00:00,78.93649,11.937219999999996,3.48492094874382
9102,2020-10-03 23:00:00,78.93633,11.939210000000003,3.412645384669304
9103,2020-10-04 00:00:00,78.93591,11.942990000000009,3.417522042989731
9104,2020-10-04 01:00:00,78.93603,11.941460000000006,3.396260917186737
9105,2020-10-04 02:00:00,78.93559,11.940679999999986,3.3738759607076645
9106,2020-10-04 03:00:00,78.93557,11.945909999999998,3.2719786465168
9107,2020-10-04 04:00:00,78.93564,11.9418,3.111691027879715
9108,2020-10-04 05:00:00,78.9359,11.941980000000001,2.8996200561523438
9109,2020-10-04 06:00:00,78.93623,11.937340000000006,2.590181514620781
9110,2020-10-04 07:00:00,78.93581,11.939089999999993,2.3382725939154625
9111,2020-10-04 08:00:00,78.93566,11.940120000000007,2.164780870079994
9112,2020-10-04 09:00:00,78.93557,11.940239999999989,1.8980225175619125
9113,2020-10-04 10:00:00,78.93538,11.939639999999997,1.6808255165815353
9114,2020-10-04 11:00:00,78.93537,11.938760000000002,1.5821588933467865
9115,2020-10-04 12:00:00,78.93493,11.93834000000001,1.5165651440620422
9116,2020-10-04 13:00:00,78.93576,11.937209999999993,1.4142673015594482
9117,2020-10-04 14:00:00,78.93614,11.939639999999997,1.2571788132190704
9118,2020-10-04 15:00:00,79.02252,11.320870000000014,1.1898055374622345
9119,2020-10-04 16:00:00,79.02848,10.452850000000012,1.1980392038822174
9120,2020-10-04 17:00:00,78.99672,9.557539999999989,1.3822554498910904
9121,2020-10-04 18:00:00,78.83692,9.270849999999996,1.4367883503437042
9122,2020-10-04 19:00:00,78.66659,9.141459999999995,1.8402133584022522
9123,2020-10-04 20:00:00,78.50401,9.020209999999992,1.8186054229736328
9124,2020-10-04 21:00:00,78.34409,8.90218999999999,2.4580740928649902
9125,2020-10-04 22:00:00,78.1866,8.787139999999994,2.273420363664627
9126,2020-10-04 23:00:00,78.0218,8.668859999999995,1.8671203553676605
9127,2020-10-05 00:00:00,77.85336,8.549209999999988,3.5670055001974106
9128,2020-10-05 01:00:00,77.68336,8.43055000000001,2.672954946756363
9129,2020-10-05 02:00:00,77.51376,8.313549999999992,3.1613226532936096
9130,2020-10-05 03:00:00,77.3448,8.198379999999986,2.4415124654769897
9131,2020-10-05 04:00:00,77.17539,8.084360000000004,2.73075407743454
9132,2020-10-05 05:00:00,77.00067,7.968970000000013,3.072556644678116
9133,2020-10-05 06:00:00,76.82493,7.853880000000004,3.8711991161108017
9134,2020-10-05 07:00:00,76.66007,7.747219999999999,4.780343160033226
9135,2020-10-05 08:00:00,76.51679,7.655869999999993,5.530418440699577
9136,2020-10-05 09:00:00,76.37798,7.568039999999996,6.006933361291885
9137,2020-10-05 10:00:00,76.23764,7.480559999999997,4.848226770758629
9138,2020-10-05 11:00:00,76.10075,7.395479999999992,6.1035119742155075
9139,2020-10-05 12:00:00,75.96436,7.311569999999989,7.155766412615776
9140,2020-10-05 13:00:00,75.82248,7.225240000000014,7.756523013114929
9141,2020-10-05 14:00:00,75.68233,7.141070000000013,8.34084403514862
9142,2020-10-05 15:00:00,75.53672,7.053899999999999,8.632699370384216
9143,2020-10-05 16:00:00,75.36767,6.954599999999999,9.14166896045208
9144,2020-10-05 17:00:00,75.22523,6.871379999999988,9.71286404132843
9145,2020-10-05 18:00:00,75.08875,6.792519999999996,10.39056122303009
9146,2020-10-05 19:00:00,74.95121,6.713719999999995,10.500838190317154
9147,2020-10-05 20:00:00,74.81158,6.634449999999987,10.971783965826035
9148,2020-10-05 21:00:00,74.67123,6.555360000000007,11.326119869947433
9149,2020-10-05 22:00:00,74.5306,6.476990000000001,11.531918421387672
9150,2020-10-05 23:00:00,74.38936,6.398699999999991,11.286375135183334
9151,2020-10-06 00:00:00,74.25068,6.3227799999999945,10.557029008865356
9152,2020-10-06 01:00:00,74.11215,6.247690000000006,10.413212537765503
9153,2020-10-06 02:00:00,73.96901,6.170690000000008,9.33224231004715
9154,2020-10-06 03:00:00,73.82623,6.094470000000001,9.011197239160538
9155,2020-10-06 04:00:00,73.68452,6.019440000000003,9.360687375068665
9156,2020-10-06 05:00:00,73.53902,5.9432700000000125,8.984077334403992
9157,2020-10-06 06:00:00,73.39388,5.867619999999988,9.072423085570335
9158,2020-10-06 07:00:00,73.25317,5.795400000000001,8.069723457098007
9159,2020-10-06 08:00:00,73.11104,5.722730000000013,7.829517409205437
9160,2020-10-06 09:00:00,72.9738,5.65822,6.21079084277153
9161,2020-10-06 10:00:00,72.83353,5.615890000000007,6.020751446485519
9162,2020-10-06 11:00:00,72.68827,5.572399999999988,5.820015877485275
9163,2020-10-06 12:00:00,72.5492,5.545790000000011,4.692663803696632
9164,2020-10-06 13:00:00,72.42856,5.514039999999994,4.418487466871738
9165,2020-10-06 14:00:00,72.28886,5.477740000000011,4.337290674448013
9166,2020-10-06 15:00:00,72.16489,5.44144,3.801630273461342
9167,2020-10-06 16:00:00,72.02308,5.39894000000001,3.6200790852308273
9168,2020-10-06 17:00:00,71.87969,5.356439999999992,3.513834908604622
9169,2020-10-06 18:00:00,71.73537,5.31389999999999,3.063884362578392
9170,2020-10-06 19:00:00,71.59451,5.273050000000012,3.4372103959321976
9171,2020-10-06 20:00:00,71.45366,5.23227,3.555489882826805
9172,2020-10-06 21:00:00,71.31239,5.191720000000004,3.299075424671173
9173,2020-10-06 22:00:00,71.17055,5.151129999999995,3.4298003911972046
9174,2020-10-06 23:00:00,71.02696,5.110659999999996,3.710476726293564
9175,2020-10-07 00:00:00,70.88544,5.070699999999988,4.65388497710228
9176,2020-10-07 01:00:00,70.74792,5.032340000000005,5.274731010198593
9177,2020-10-07 02:00:00,70.60493,4.992819999999995,5.14723040163517
9178,2020-10-07 03:00:00,70.46213,4.95338000000001,4.973004877567291
9179,2020-10-07 04:00:00,70.31934,4.914490000000001,5.239490374922752
9180,2020-10-07 05:00:00,70.17981,4.876640000000009,5.333267629146576
9181,2020-10-07 06:00:00,70.03213,4.836579999999998,5.535974442958832
9182,2020-10-07 07:00:00,69.88851,4.798360000000002,6.147513061761856
9183,2020-10-07 08:00:00,69.7455,4.760349999999988,6.477865532040596
9184,2020-10-07 09:00:00,69.60549,4.723450000000014,6.333681493997574
9185,2020-10-07 10:00:00,69.46273,4.686319999999995,6.029337033629417
9186,2020-10-07 11:00:00,69.32104,4.6501499999999965,5.987618342041969
9187,2020-10-07 12:00:00,69.18012,4.6148000000000025,6.039754211902618
9188,2020-10-07 13:00:00,69.04074,4.579550000000012,5.843912422657013
9189,2020-10-07 14:00:00,68.90255,4.54482999999999,5.57866758108139
9190,2020-10-07 15:00:00,68.76132,4.509700000000009,5.473379522562027
9191,2020-10-07 16:00:00,68.61547,4.473659999999995,5.231436252593994
9192,2020-10-07 17:00:00,68.47396,4.438909999999993,4.605103775858879
9193,2020-10-07 18:00:00,68.33507,4.405419999999992,4.245786070823669
9194,2020-10-07 19:00:00,68.1948,4.37118000000001,3.820558547973633
9195,2020-10-07 20:00:00,68.05573,4.337400000000002,3.4715086817741394
9196,2020-10-07 21:00:00,67.91745,4.304480000000012,3.0784152895212173
9197,2020-10-07 22:00:00,67.77665,4.27091999999999,3.089329406619072
9198,2020-10-07 23:00:00,67.63155,4.23660000000001,3.741809129714966
9199,2020-10-08 00:00:00,67.48486,4.202069999999992,3.618843287229538
9200,2020-10-08 01:00:00,67.34301,4.1688800000000015,4.074214458465576
9201,2020-10-08 02:00:00,67.20052,4.135789999999986,5.386562407016754
9202,2020-10-08 03:00:00,67.05738,4.1028300000000115,6.3463572561740875
9203,2020-10-08 04:00:00,66.92013,4.071159999999992,8.886937439441681
9204,2020-10-08 05:00:00,66.78171,4.039670000000001,9.341354310512543
9205,2020-10-08 06:00:00,66.64523,4.008759999999995,10.380606561899185
9206,2020-10-08 07:00:00,66.50825,3.9779000000000053,10.093407675623894
9207,2020-10-08 08:00:00,66.36839,3.946310000000011,10.418392583727837
9208,2020-10-08 09:00:00,66.22373,3.913890000000009,10.821405932307243
9209,2020-10-08 10:00:00,66.08105,3.8822700000000054,10.719882264733315
9210,2020-10-08 11:00:00,65.9421,3.851670000000013,10.60679942369461
9211,2020-10-08 12:00:00,65.8039,3.821380000000005,9.485379248857498
9212,2020-10-08 13:00:00,65.66874,3.7916600000000074,9.032674357295036
9213,2020-10-08 14:00:00,65.52835,3.76142999999999,8.218042954802513
9214,2020-10-08 15:00:00,65.39078,3.7315100000000143,8.088053092360497
9215,2020-10-08 16:00:00,65.25465,3.702220000000011,7.8840149492025375
9216,2020-10-08 17:00:00,65.1143,3.6723399999999913,6.515290826559067
9217,2020-10-08 18:00:00,64.97087,3.6417999999999893,6.4660936295986176
9218,2020-10-08 19:00:00,64.82689,3.6113599999999906,6.41511532664299
9219,2020-10-08 20:00:00,64.68231,3.5807299999999884,4.636450082063675
9220,2020-10-08 21:00:00,64.53907,3.550839999999994,4.144930422306061
9221,2020-10-08 22:00:00,64.3991,3.5217199999999877,4.190814957022667
9222,2020-10-08 23:00:00,64.25964,3.4927299999999946,4.776688128709793
9223,2020-10-09 00:00:00,64.11882,3.463719999999995,5.790609031915665
9224,2020-10-09 01:00:00,63.97809,3.434889999999996,6.396844193339348
9225,2020-10-09 02:00:00,63.84017,3.4067599999999914,6.912473618984222
9226,2020-10-09 03:00:00,63.69751,3.3777399999999886,5.540701627731323
9227,2020-10-09 04:00:00,63.54877,3.3477100000000064,6.843499511480331
9228,2020-10-09 05:00:00,63.40327,3.318399999999997,7.201333105564117
9229,2020-10-09 06:00:00,63.26505,3.2908899999999903,7.609060063958168
9230,2020-10-09 07:00:00,63.12137,3.2623299999999915,7.532733336091042
9231,2020-10-09 08:00:00,62.97998,3.234170000000006,7.18871982395649
9232,2020-10-09 09:00:00,62.83888,3.2064599999999928,5.677393823862076
9233,2020-10-09 10:00:00,62.69514,3.1835399999999936,4.493444591760635
9234,2020-10-09 11:00:00,62.54975,3.1816599999999937,3.452932044863701
9235,2020-10-09 12:00:00,62.40798,3.1799900000000036,1.3375996351242065
9236,2020-10-09 13:00:00,62.26353,3.1779699999999877,0.8992627859115601
9237,2020-10-09 14:00:00,62.11913,3.1762600000000134,0.9194656908512115
9238,2020-10-09 15:00:00,61.97174,3.1744700000000137,1.8187971264123917
9239,2020-10-09 16:00:00,61.82346,3.17410000000001,3.019902914762497
9240,2020-10-09 17:00:00,61.67948,3.173650000000009,4.3312075436115265
9241,2020-10-09 18:00:00,61.5388,3.1732399999999927,5.210223138332367
9242,2020-10-09 19:00:00,61.39613,3.172770000000014,5.759415850043297
9243,2020-10-09 20:00:00,61.25358,3.172290000000004,5.431876480579376
9244,2020-10-09 21:00:00,61.10948,3.1719600000000128,5.197937548160553
9245,2020-10-09 22:00:00,60.96456,3.1715700000000027,5.077090382575989
9246,2020-10-09 23:00:00,60.82117,3.190509999999989,5.045068770647049
9247,2020-10-10 00:00:00,60.6782,3.2461000000000126,4.210103198885918
9248,2020-10-10 01:00:00,60.54292,3.298180000000002,3.7550612092018127
9249,2020-10-10 02:00:00,60.40792,3.3502200000000073,4.446630015969276
9250,2020-10-10 03:00:00,60.27191,3.4025000000000034,5.541886925697327
9251,2020-10-10 04:00:00,60.13065,3.456520000000012,5.006238207221031
9252,2020-10-10 05:00:00,59.99733,3.5071299999999894,5.1380064487457275
9253,2020-10-10 06:00:00,59.86301,3.5578199999999924,5.118576198816299
9254,2020-10-10 07:00:00,59.71938,3.6119500000000073,4.99012665450573
9255,2020-10-10 08:00:00,59.58228,3.663540000000012,5.1105867177248
9256,2020-10-10 09:00:00,59.44161,3.716239999999999,5.006195992231369
9257,2020-10-10 10:00:00,59.29876,3.7692499999999995,5.116598725318909
9258,2020-10-10 11:00:00,59.16246,3.8190899999999885,6.273183777928352
9259,2020-10-10 12:00:00,59.02245,3.8716300000000103,6.394697837531567
9260,2020-10-10 13:00:00,58.88658,3.9474899999999877,4.680901721119881
9261,2020-10-10 14:00:00,58.758,4.053650000000005,5.771264523267746
9262,2020-10-10 15:00:00,58.62844,4.160619999999994,5.7697064727544785
9263,2020-10-10 16:00:00,58.49788,4.26764,6.131472647190094
9264,2020-10-10 17:00:00,58.36998,4.372109999999992,6.365680143237114
9265,2020-10-10 18:00:00,58.23885,4.479039999999998,7.6527631133794785
9266,2020-10-10 19:00:00,58.10605,4.5867800000000045,7.478604763746262
9267,2020-10-10 20:00:00,57.97496,4.692730000000012,6.980373531579971
9268,2020-10-10 21:00:00,57.844,4.798300000000012,6.622400939464569
9269,2020-10-10 22:00:00,57.71321,4.903210000000001,6.189215213060379
9270,2020-10-10 23:00:00,57.58058,5.009209999999996,5.422734409570694
9271,2020-10-11 00:00:00,57.44949,5.113670000000013,7.123011693358421
9272,2020-10-11 01:00:00,57.31946,5.21696,6.635797828435898
9273,2020-10-11 02:00:00,57.18794,5.321059999999989,7.73408180475235
9274,2020-10-11 03:00:00,57.05346,5.426980000000015,8.096360102295876
9275,2020-10-11 04:00:00,56.91916,5.532530000000008,8.44148200750351
9276,2020-10-11 05:00:00,56.78127,5.599469999999997,8.443165048956871
9277,2020-10-11 06:00:00,56.65208,5.715190000000007,8.098486229777336
9278,2020-10-11 07:00:00,56.51793,5.792990000000003,6.843945890665054
9279,2020-10-11 08:00:00,56.38952,5.867040000000003,7.48388497531414
9280,2020-10-11 09:00:00,56.25481,5.944569999999999,7.357957109808922
9281,2020-10-11 10:00:00,56.12097,6.021199999999993,7.294917359948158
9282,2020-10-11 11:00:00,55.98419,6.099289999999996,7.937104269862175
9283,2020-10-11 12:00:00,55.84704,6.177379999999999,7.807448424398899
9284,2020-10-11 13:00:00,55.71075,6.254729999999995,6.990807488560677
9285,2020-10-11 14:00:00,55.57456,6.331760000000003,6.2558314353227615
9286,2020-10-11 15:00:00,55.43863,6.408299999999997,6.182845987379551
9287,2020-10-11 16:00:00,55.30821,6.502219999999994,8.670677170157433
9288,2020-10-11 17:00:00,55.18307,6.606369999999998,8.08911208808422
9289,2020-10-11 18:00:00,55.06012,6.708400000000012,7.331306844949722
9290,2020-10-11 19:00:00,54.93458,6.8123099999999965,7.175692707300186
9291,2020-10-11 20:00:00,54.80612,6.918209999999988,6.393291860818863
9292,2020-10-11 21:00:00,54.67317,7.027500000000003,5.7779543697834015
9293,2020-10-11 22:00:00,54.54132,7.135510000000011,5.542981028556824
9294,2020-10-11 23:00:00,54.40906,7.243590000000012,5.647761434316635
9295,2020-10-12 00:00:00,54.2804,7.348230000000001,3.3119944036006927
9296,2020-10-12 01:00:00,54.15229,7.451619999999991,3.613342523574829
9297,2020-10-12 02:00:00,54.03084,7.56407999999999,3.6381894797086716
9298,2020-10-12 03:00:00,53.90926,7.686430000000001,3.3984634280204773
9299,2020-10-12 04:00:00,53.83636,8.06298000000001,3.291712060570717
9300,2020-10-12 05:00:00,53.66124,8.386889999999994,1.5489552319049835
