,time,lat,lon,10si
0,2019-09-20 17:00:00,69.67955,18.996640000000014,2.159043610095978
1,2019-09-20 18:00:00,69.67955,18.99664999999999,2.886102110147476
2,2019-09-20 19:00:00,69.68378,19.025270000000006,3.541448563337326
3,2019-09-20 20:00:00,69.80262,19.411339999999996,1.5288782864809036
4,2019-09-20 21:00:00,69.91434,19.895190000000014,1.69202122092247
5,2019-09-20 22:00:00,70.09253,20.230729999999994,2.3550649881362915
6,2019-09-20 23:00:00,70.28971,20.439639999999997,2.475793272256851
7,2019-09-21 00:00:00,70.46332,20.80802,2.519291430711746
8,2019-09-21 01:00:00,70.63522,21.17132000000001,2.779915153980255
9,2019-09-21 02:00:00,70.81119,21.542360000000002,4.585336446762085
10,2019-09-21 03:00:00,70.9619,22.01044999999999,5.504492253065109
11,2019-09-21 04:00:00,71.1125,22.52036000000001,2.4125640839338303
12,2019-09-21 05:00:00,71.26079,23.03522000000001,3.0545874387025833
13,2019-09-21 06:00:00,71.40394,23.544450000000012,3.2399933338165283
14,2019-09-21 07:00:00,71.54404,24.055209999999988,3.770216315984726
15,2019-09-21 08:00:00,71.67923,24.55958000000001,3.5941101908683777
16,2019-09-21 09:00:00,71.81303,25.072120000000012,4.981171652674675
17,2019-09-21 10:00:00,71.94108,25.57423,5.989163160324097
18,2019-09-21 11:00:00,72.06317,26.06438,3.4300821870565414
19,2019-09-21 12:00:00,72.14798,26.41001,3.441445842385292
20,2019-09-21 13:00:00,72.28545,26.85750999999999,3.96518312394619
21,2019-09-21 14:00:00,72.43329,27.34232,4.41410967707634
22,2019-09-21 15:00:00,72.58152,27.894110000000012,6.69893516600132
23,2019-09-21 16:00:00,72.74398,28.39975000000001,6.9823998510837555
24,2019-09-21 17:00:00,72.89066,28.92401000000001,6.4607637375593185
25,2019-09-21 18:00:00,73.03655,29.449810000000014,6.791255429387093
26,2019-09-21 19:00:00,73.17963,29.983389999999986,7.055065140128136
27,2019-09-21 20:00:00,73.32211,30.52913000000001,7.271357327699661
28,2019-09-21 21:00:00,73.46276,31.08256,7.365484714508057
29,2019-09-21 22:00:00,73.60168,31.643879999999996,7.59084889292717
30,2019-09-21 23:00:00,73.73809,32.209360000000004,7.296547740697861
31,2019-09-22 00:00:00,73.87609,32.79930000000002,5.947330474853516
32,2019-09-22 01:00:00,74.01256,33.399,5.821091502904892
33,2019-09-22 02:00:00,74.14396,33.99297999999999,5.841993451118469
34,2019-09-22 03:00:00,74.27761,34.614660000000015,5.939067646861076
35,2019-09-22 04:00:00,74.41307,35.26567,4.9230256378650665
36,2019-09-22 05:00:00,74.54602,35.923550000000006,4.8442031145095825
37,2019-09-22 06:00:00,74.67485,36.58058,3.085007533431053
38,2019-09-22 07:00:00,74.80356,37.2603,3.2675934731960297
39,2019-09-22 08:00:00,74.93098,37.95429999999999,4.8271626979112625
40,2019-09-22 09:00:00,75.05481,38.65163000000001,5.1121866106987
41,2019-09-22 10:00:00,75.17563,39.35640999999998,6.352142080664635
42,2019-09-22 11:00:00,75.29393,40.068839999999994,6.8439575135707855
43,2019-09-22 12:00:00,75.40777,40.777739999999994,7.943482622504234
44,2019-09-22 13:00:00,75.51823,41.490999999999985,7.914271280169487
45,2019-09-22 14:00:00,75.62692,42.21767,7.141594484448433
46,2019-09-22 15:00:00,75.73465,42.96285,7.2563845962285995
47,2019-09-22 16:00:00,75.84079,43.72071,7.793982967734337
48,2019-09-22 17:00:00,75.9433,44.49020999999999,7.943981915712357
49,2019-09-22 18:00:00,76.04395,45.269499999999994,7.6591833382844925
50,2019-09-22 19:00:00,76.13942,46.037859999999995,7.48891207575798
51,2019-09-22 20:00:00,76.23201,46.81399999999999,7.746271044015884
52,2019-09-22 21:00:00,76.3219,47.59904,8.392921790480614
53,2019-09-22 22:00:00,76.40849,48.38479000000001,8.413284569978714
54,2019-09-22 23:00:00,76.49318,49.18536,9.168910026550293
55,2019-09-23 00:00:00,76.57606,50.00448,9.67969062924385
56,2019-09-23 01:00:00,76.65608,50.83391,9.864949956536293
57,2019-09-23 02:00:00,76.73172,51.65111000000002,9.789256289601326
58,2019-09-23 03:00:00,76.80469,52.47719000000001,9.802437126636505
59,2019-09-23 04:00:00,76.87523,53.315889999999996,9.421866089105606
60,2019-09-23 05:00:00,76.94114,54.141520000000014,9.460915341973305
61,2019-09-23 06:00:00,77.03841,54.896270000000015,8.662802584469318
62,2019-09-23 07:00:00,77.16918,55.54668000000001,8.60314117372036
63,2019-09-23 08:00:00,77.29086,56.22830999999999,8.69759976863861
64,2019-09-23 09:00:00,77.39976,56.920950000000005,8.818963259458542
65,2019-09-23 10:00:00,77.51162,57.638149999999996,8.772485300898552
66,2019-09-23 11:00:00,77.62489,58.371340000000004,9.816074043512344
67,2019-09-23 12:00:00,77.73794,59.10919999999999,9.327235236763954
68,2019-09-23 13:00:00,77.84994,59.84746999999999,9.326255545020103
69,2019-09-23 14:00:00,77.96086,60.584599999999995,9.740970253944397
70,2019-09-23 15:00:00,78.07137,61.326040000000006,10.049200907349586
71,2019-09-23 16:00:00,78.1826,62.079679999999996,10.531297966837883
72,2019-09-23 17:00:00,78.29466,62.845489999999984,10.753846317529678
73,2019-09-23 18:00:00,78.40738,63.62313,11.03393466770649
74,2019-09-23 19:00:00,78.51854,64.39726000000002,10.957213789224625
75,2019-09-23 20:00:00,78.62929,65.17649,11.342775672674179
76,2019-09-23 21:00:00,78.73835,65.95028000000002,11.649101972579956
77,2019-09-23 22:00:00,78.84445,66.71087,11.578029572963715
78,2019-09-23 23:00:00,78.95201,67.48928000000001,11.635159373283386
79,2019-09-24 00:00:00,79.06006,68.27802,11.384596467018127
80,2019-09-24 01:00:00,79.16161,69.09532000000002,11.561595469713211
81,2019-09-24 02:00:00,79.26247,69.95997,11.685136139392853
82,2019-09-24 03:00:00,79.36694,70.86238,11.802300423383713
83,2019-09-24 04:00:00,79.4722,71.78125,11.857107996940613
84,2019-09-24 05:00:00,79.57664,72.70287000000002,10.710853040218353
85,2019-09-24 06:00:00,79.68288,73.64987000000002,10.7425047904253
86,2019-09-24 07:00:00,79.7929,74.63958,10.64278957247734
87,2019-09-24 08:00:00,79.92189,75.38209,10.60691723227501
88,2019-09-24 09:00:00,79.99599,76.42097000000001,10.242596760392189
89,2019-09-24 10:00:00,80.09275,77.35789999999997,9.650862008333206
90,2019-09-24 11:00:00,80.14151,78.40026999999998,9.485661193728447
91,2019-09-24 12:00:00,80.22707,79.29926,9.317060962319374
92,2019-09-24 13:00:00,80.37942,80.02594999999997,8.103450864553452
93,2019-09-24 14:00:00,80.49153,81.02305000000001,8.03840908408165
94,2019-09-24 15:00:00,80.61974,82.01835,8.129580929875374
95,2019-09-24 16:00:00,80.75415,83.07706999999999,6.6575393080711365
96,2019-09-24 17:00:00,80.89116,84.17090000000002,6.54779577255249
97,2019-09-24 18:00:00,81.02819,85.28127,6.432155355811119
98,2019-09-24 19:00:00,81.15928,86.35933,8.525028437376022
99,2019-09-24 20:00:00,81.29232,87.47012999999998,7.651315733790398
100,2019-09-24 21:00:00,81.42716,88.59996999999998,9.185720145702362
101,2019-09-24 22:00:00,81.56421,89.74151999999998,8.50122007727623
102,2019-09-24 23:00:00,81.65582,90.92428999999998,9.072608038783073
103,2019-09-25 00:00:00,81.60735,92.35090000000002,9.604630902409554
104,2019-09-25 01:00:00,81.55955,93.74592999999999,9.236582458019257
105,2019-09-25 02:00:00,81.51263,95.11095,8.915763184428215
106,2019-09-25 03:00:00,81.46448,96.50275999999997,8.786000102758408
107,2019-09-25 04:00:00,81.34058,97.59019999999998,9.313712611794472
108,2019-09-25 05:00:00,81.18693,98.51285999999999,9.287421002984047
109,2019-09-25 06:00:00,81.03714,99.14895999999999,9.241874247789383
110,2019-09-25 07:00:00,80.89872,99.92093999999997,9.102199703454971
111,2019-09-25 08:00:00,80.86184,100.99824999999998,9.738024190068245
112,2019-09-25 09:00:00,80.84129,101.80878000000001,9.809242159128189
113,2019-09-25 10:00:00,80.84415,102.63689999999997,9.979602739214897
114,2019-09-25 11:00:00,80.85939,103.30623000000003,10.233211606740952
115,2019-09-25 12:00:00,80.84614,104.00747000000001,10.352612495422363
116,2019-09-25 13:00:00,80.87118,104.66588999999999,9.965830191969872
117,2019-09-25 14:00:00,80.93967,105.17797999999999,10.048494532704353
118,2019-09-25 15:00:00,81.02236,105.69472999999999,9.957686483860016
119,2019-09-25 16:00:00,81.06482,106.32364999999999,9.18724673986435
120,2019-09-25 17:00:00,81.06429,106.99130000000002,8.937307819724083
121,2019-09-25 18:00:00,81.03127,107.62092999999999,8.695202067494392
122,2019-09-25 19:00:00,81.05327,108.30513000000002,8.583335936069489
123,2019-09-25 20:00:00,81.0714,109.00704999999999,8.429605394601822
124,2019-09-25 21:00:00,81.12989,109.70206999999999,7.915338456630707
125,2019-09-25 22:00:00,81.21015,110.15007000000003,8.299388140439987
126,2019-09-25 23:00:00,81.26152,110.74399,8.336482390761375
127,2019-09-26 00:00:00,81.32203,111.44020999999998,7.565512642264366
128,2019-09-26 01:00:00,81.40883,112.03379000000001,7.408474192023277
129,2019-09-26 02:00:00,81.39206,112.63868000000002,7.216563582420349
130,2019-09-26 03:00:00,81.39535,112.63304,7.055319100618362
131,2019-09-26 04:00:00,81.39891,112.65649000000002,6.973185151815414
132,2019-09-26 05:00:00,81.407,113.07905,6.904847741127014
133,2019-09-26 06:00:00,81.4683,113.79572000000002,6.880499362945557
134,2019-09-26 07:00:00,81.55975,114.52177,6.541507363319397
135,2019-09-26 08:00:00,81.59384,115.44355000000002,6.722404420375824
136,2019-09-26 09:00:00,81.67498,116.48714000000001,7.1500891745090485
137,2019-09-26 10:00:00,81.74633,117.11172999999997,7.0902785658836365
138,2019-09-26 11:00:00,81.82274,117.71012999999999,6.824663087725639
139,2019-09-26 12:00:00,81.85928,118.36106999999998,6.531640782952309
140,2019-09-26 13:00:00,81.90313,119.07646999999997,5.233778238296509
141,2019-09-26 14:00:00,81.94088,119.47120999999999,5.412849128246307
142,2019-09-26 15:00:00,82.04427,119.77082999999999,5.921878412365913
143,2019-09-26 16:00:00,82.0626,119.43119000000002,6.216244637966156
144,2019-09-26 17:00:00,82.06467,119.27985000000001,6.1457546055316925
145,2019-09-26 18:00:00,82.06656,119.29773999999998,5.885392174124718
146,2019-09-26 19:00:00,82.06302,119.28547000000003,5.666352540254593
147,2019-09-26 20:00:00,82.06351,119.28481999999997,5.516335904598236
148,2019-09-26 21:00:00,82.06454,119.27863000000002,5.49532313644886
149,2019-09-26 22:00:00,82.06282,119.27123,5.508575946092606
150,2019-09-26 23:00:00,82.06528,119.28361000000001,5.569948986172676
151,2019-09-27 00:00:00,82.07193,119.28395,5.311538547277451
152,2019-09-27 01:00:00,82.07839,119.28834,5.574377626180649
153,2019-09-27 02:00:00,82.08447,119.30709999999999,5.669450998306274
154,2019-09-27 03:00:00,82.09003,119.34863000000001,5.754673421382904
155,2019-09-27 04:00:00,82.01358,119.36002000000002,6.202777251601219
156,2019-09-27 05:00:00,81.9587,119.30763999999999,6.387945756316185
157,2019-09-27 06:00:00,81.95872,119.3123,6.519311368465424
158,2019-09-27 07:00:00,81.95675,119.30016999999998,6.513930067420006
159,2019-09-27 08:00:00,81.95734,119.76761999999997,6.461675018072128
160,2019-09-27 09:00:00,81.9556,119.77735000000001,6.4266016483306885
161,2019-09-27 10:00:00,81.95898,119.73320999999999,6.312670201063156
162,2019-09-27 11:00:00,82.02665,119.91070000000002,5.527958065271378
163,2019-09-27 12:00:00,82.04598,120.22059000000002,5.043184340000153
164,2019-09-27 13:00:00,82.1482,120.04335000000003,5.128255069255829
165,2019-09-27 14:00:00,82.24383,119.85106000000002,5.485468178987503
166,2019-09-27 15:00:00,82.29635,119.43929000000003,5.27525669336319
167,2019-09-27 16:00:00,82.2624,118.88231999999999,5.74878753721714
168,2019-09-27 17:00:00,82.15183,119.15708000000001,4.231536760926247
169,2019-09-27 18:00:00,82.07592,119.55644999999998,5.068810880184174
170,2019-09-27 19:00:00,82.07022,119.76301000000001,5.842084646224976
171,2019-09-27 20:00:00,82.06915,119.7656,5.3991465121507645
172,2019-09-27 21:00:00,82.06873,119.75468000000001,5.400643303990364
173,2019-09-27 22:00:00,82.07665,119.71614,5.6303626000881195
174,2019-09-27 23:00:00,82.07191,119.64632,4.934059277176857
175,2019-09-28 00:00:00,82.07815,119.55565999999999,5.283745735883713
176,2019-09-28 01:00:00,82.09035,119.49727999999999,5.548447400331497
177,2019-09-28 02:00:00,82.09822,119.55947000000003,5.596070557832718
178,2019-09-28 03:00:00,82.10883,119.57391999999999,4.986510455608368
179,2019-09-28 04:00:00,82.15014,119.67779000000002,4.772607177495956
180,2019-09-28 05:00:00,82.23077,120.07479999999998,5.2445869743824005
181,2019-09-28 06:00:00,82.33015,120.47023999999999,5.150027737021446
182,2019-09-28 07:00:00,82.45597,120.52585999999997,4.871535137295723
183,2019-09-28 08:00:00,82.56787,121.21147000000002,4.957609534263611
184,2019-09-28 09:00:00,82.65732,121.74149,4.421433240175247
185,2019-09-28 10:00:00,82.76724,122.03267,4.682827442884445
186,2019-09-28 11:00:00,82.85898,122.39533,4.577373951673508
187,2019-09-28 12:00:00,82.90819,122.93839000000003,4.259887918829918
188,2019-09-28 13:00:00,83.01568,123.43371000000002,4.147734880447388
189,2019-09-28 14:00:00,83.08311,124.04678000000001,3.9064449816942215
190,2019-09-28 15:00:00,83.18634,124.62814000000003,3.837599277496338
191,2019-09-28 16:00:00,83.27913,125.34735999999998,3.9328219443559647
192,2019-09-28 17:00:00,83.36799,125.85118999999997,4.13004133105278
193,2019-09-28 18:00:00,83.47084,126.00416000000001,4.273713633418083
194,2019-09-28 19:00:00,83.56778,126.40431000000001,4.417873725295067
195,2019-09-28 20:00:00,83.66563,126.79383999999999,4.513202413916588
196,2019-09-28 21:00:00,83.76252,127.17302000000001,4.205126971006393
197,2019-09-28 22:00:00,83.85358,127.71647000000002,4.14804470539093
198,2019-09-28 23:00:00,83.94145,128.31987000000004,4.099428623914719
199,2019-09-29 00:00:00,84.04065,128.54404,3.0310955345630646
200,2019-09-29 01:00:00,84.15035,129.00275999999997,2.8926661014556885
201,2019-09-29 02:00:00,84.18624,129.13993,2.826227903366089
202,2019-09-29 03:00:00,84.27307,129.81330000000003,3.1946164071559906
203,2019-09-29 04:00:00,84.38129,129.19663000000003,3.2742253839969635
204,2019-09-29 05:00:00,84.46889,128.82501000000002,3.1848984956741333
205,2019-09-29 06:00:00,84.54231,128.60257000000001,3.026967093348503
206,2019-09-29 07:00:00,84.54212,128.57869,2.9394977390766144
207,2019-09-29 08:00:00,84.54194,128.54467,2.8179297149181366
208,2019-09-29 09:00:00,84.54153,128.57606999999996,2.6492152214050293
209,2019-09-29 10:00:00,84.56433,129.42659000000003,2.5559466779232025
210,2019-09-29 11:00:00,84.64691,129.88347999999996,2.5102819204330444
211,2019-09-29 12:00:00,84.69726,130.64989000000003,2.5106112509965897
212,2019-09-29 13:00:00,84.7516,131.75887,2.538530722260475
213,2019-09-29 14:00:00,84.81248,132.88005999999996,2.637782648205757
214,2019-09-29 15:00:00,84.85457,134.10231,2.919851779937744
215,2019-09-29 16:00:00,84.89847,135.02484000000004,4.66313074529171
216,2019-09-29 17:00:00,84.95945,135.90913,4.809498444199562
217,2019-09-29 18:00:00,84.99068,136.86883,4.940232843160629
218,2019-09-29 19:00:00,85.06901,137.47298999999998,5.024183347821236
219,2019-09-29 20:00:00,85.12095,138.12873000000002,5.195147335529327
220,2019-09-29 21:00:00,85.11921,138.07856000000004,5.33108913898468
221,2019-09-29 22:00:00,85.11775,138.01511,5.456592753529549
222,2019-09-29 23:00:00,85.12397,138.03845,5.4575615376234055
223,2019-09-30 00:00:00,85.12441,137.98648000000003,5.310196861624718
224,2019-09-30 01:00:00,85.12389,137.93745,5.406949877738953
225,2019-09-30 02:00:00,85.12301,137.89761,5.631742373108864
226,2019-09-30 03:00:00,85.12141,137.86352,5.6961315125226974
227,2019-09-30 04:00:00,85.11902,137.83090000000004,5.74318453669548
228,2019-09-30 05:00:00,85.11599,137.79485999999997,5.76967465877533
229,2019-09-30 06:00:00,85.11249,137.75000999999997,5.877901628613472
230,2019-09-30 07:00:00,85.10904,137.69561,5.917793184518814
231,2019-09-30 08:00:00,85.10606,137.63396999999998,5.9000688046216965
232,2019-09-30 09:00:00,85.10376,137.56843000000003,6.099604249000549
233,2019-09-30 10:00:00,85.10199,137.50477999999998,6.273037299513817
234,2019-09-30 11:00:00,85.10073,137.4468,6.2983086705207825
235,2019-09-30 12:00:00,85.09931,137.39965,6.1771315932273865
236,2019-09-30 13:00:00,85.09669,137.36571000000004,5.9139199405908585
237,2019-09-30 14:00:00,85.09328,137.33839,5.591522082686424
238,2019-09-30 15:00:00,85.08916,137.31367,5.28403639793396
239,2019-09-30 16:00:00,85.08431,137.28808000000004,4.853444188833237
240,2019-09-30 17:00:00,85.07904,137.25707999999997,4.32985582947731
241,2019-09-30 18:00:00,85.07394,137.22141999999997,3.8818376511335373
242,2019-09-30 19:00:00,85.06938,137.17949999999996,3.517560824751854
243,2019-09-30 20:00:00,85.06568,137.13248,3.3232956528663635
244,2019-09-30 21:00:00,85.06311,137.08482000000004,3.23881758749485
245,2019-09-30 22:00:00,85.06171,137.03894000000003,3.2489612847566605
246,2019-09-30 23:00:00,85.06115,136.99905,3.3080206215381622
247,2019-10-01 00:00:00,85.06107,136.96708999999998,3.622080847620964
248,2019-10-01 01:00:00,85.06076,136.94462999999996,3.404807463288307
249,2019-10-01 02:00:00,85.06013,136.92835000000002,3.210203617811203
250,2019-10-01 03:00:00,85.05899,136.9169,3.064754754304886
251,2019-10-01 04:00:00,85.05725,136.90697,2.965844601392746
252,2019-10-01 05:00:00,85.05509,136.89400999999998,2.7617882639169693
253,2019-10-01 06:00:00,85.05271,136.8766,2.3529319912195206
254,2019-10-01 07:00:00,85.05054,136.85455000000002,1.8788709491491318
255,2019-10-01 08:00:00,85.04901,136.82475,1.4329757392406464
256,2019-10-01 09:00:00,85.04831,136.79309999999998,1.3373743146657944
257,2019-10-01 10:00:00,85.04876,136.75887,1.5280670821666718
258,2019-10-01 11:00:00,85.05005,136.72531000000004,1.6350097507238388
259,2019-10-01 12:00:00,85.05188,136.69874,1.7838006764650345
260,2019-10-01 13:00:00,85.05373,136.68084,1.9583257287740707
261,2019-10-01 14:00:00,85.05525,136.66841,2.024100884795189
262,2019-10-01 15:00:00,85.05623,136.66041,1.9634288847446442
263,2019-10-01 16:00:00,85.05675,136.654,1.72499480843544
264,2019-10-01 17:00:00,85.05684,136.64547,1.451075628399849
265,2019-10-01 18:00:00,85.05681,136.63072999999997,1.3121807873249054
266,2019-10-01 19:00:00,85.05694,136.60992999999996,1.3334278166294098
267,2019-10-01 20:00:00,85.05752,136.58324,1.2977484613656998
268,2019-10-01 21:00:00,85.06228,136.30239,1.4000221192836761
269,2019-10-01 22:00:00,85.12386,135.17714,1.6526840925216675
270,2019-10-01 23:00:00,85.11998,134.54922,1.813723236322403
271,2019-10-02 00:00:00,85.12265,134.52706999999998,1.7904391586780548
272,2019-10-02 01:00:00,85.16646,134.41296,1.56697615981102
273,2019-10-02 02:00:00,85.16506,134.47377,1.4223065674304962
274,2019-10-02 03:00:00,85.16672,134.47229,1.3447791934013367
275,2019-10-02 04:00:00,85.1638,134.49252,1.3077746033668518
276,2019-10-02 05:00:00,85.17085,134.40924,1.2975614964962006
277,2019-10-02 06:00:00,85.16752,134.46452999999997,1.2925087064504623
278,2019-10-02 07:00:00,85.16746,134.45119999999997,1.3068153858184814
279,2019-10-02 08:00:00,85.16777,134.43306,1.277199149131775
280,2019-10-02 09:00:00,85.16875,134.40656,1.339336559176445
281,2019-10-02 10:00:00,85.16958,134.38349,1.4060187488794327
282,2019-10-02 11:00:00,85.17145,134.35942999999997,1.4824350029230118
283,2019-10-02 12:00:00,85.17341,134.34171000000003,1.538718581199646
284,2019-10-02 13:00:00,85.17614,134.3265,1.5970196276903152
285,2019-10-02 14:00:00,85.17788,134.32151,1.6573387533426285
286,2019-10-02 15:00:00,85.17921,134.31993,1.5302823930978775
287,2019-10-02 16:00:00,85.18,134.31854999999996,1.2809371799230576
288,2019-10-02 17:00:00,85.18016,134.31477,1.2141525000333786
289,2019-10-02 18:00:00,85.18006,134.30622,1.336017295718193
290,2019-10-02 19:00:00,85.18003,134.2912,1.4186564832925797
291,2019-10-02 20:00:00,85.18023,134.27070000000003,1.5893657207489014
292,2019-10-02 21:00:00,85.18098,134.24450000000002,1.960270881652832
293,2019-10-02 22:00:00,85.18182,134.21799,2.461902618408203
294,2019-10-02 23:00:00,85.18284,134.19397000000004,2.7438183426856995
295,2019-10-03 00:00:00,85.18421,134.17348000000004,2.699796587228775
296,2019-10-03 01:00:00,85.1856,134.15436999999997,2.6617039144039154
297,2019-10-03 02:00:00,85.18676,134.13653,2.892757833003998
298,2019-10-03 03:00:00,85.18701,134.12018999999998,3.185910865664482
299,2019-10-03 04:00:00,85.18604,134.11338999999998,3.587076961994171
300,2019-10-03 05:00:00,85.15413,134.07517,3.9495988339185715
301,2019-10-03 06:00:00,85.14625,134.00008000000003,4.337045729160309
302,2019-10-03 07:00:00,85.14507,133.97204999999997,4.641333848237991
303,2019-10-03 08:00:00,85.14355,133.94322999999997,5.20086145401001
304,2019-10-03 09:00:00,85.14203,133.91305,5.686485275626183
305,2019-10-03 10:00:00,85.14084,133.87553000000003,5.942091017961502
306,2019-10-03 11:00:00,85.13623,133.89783,6.084260910749435
307,2019-10-03 12:00:00,85.13583,133.85095,6.23252534866333
308,2019-10-03 13:00:00,85.13579,133.80523,6.346380800008774
309,2019-10-03 14:00:00,85.13559,133.76117999999997,6.365250177681446
310,2019-10-03 15:00:00,85.13515,133.72033,6.53336076438427
311,2019-10-03 16:00:00,85.13404,133.68352,6.521852567791939
312,2019-10-03 17:00:00,85.13244,133.64204,6.6044313460588455
313,2019-10-03 18:00:00,85.13074,133.59348,6.729926452040672
314,2019-10-03 19:00:00,85.12908,133.53818,6.679480791091919
315,2019-10-03 20:00:00,85.12753,133.47693000000004,6.736080139875412
316,2019-10-03 21:00:00,85.12631,133.40562999999997,6.950463369488716
317,2019-10-03 22:00:00,85.12541,133.32155,6.874541699886322
318,2019-10-03 23:00:00,85.12502,133.23712,6.792411774396896
319,2019-10-04 00:00:00,85.12514,133.15913999999998,6.564737975597382
320,2019-10-04 01:00:00,85.12736,133.07569,6.431174635887146
321,2019-10-04 02:00:00,85.12776,132.99400000000003,6.300244495272636
322,2019-10-04 03:00:00,85.12676,132.90677,6.099275201559067
323,2019-10-04 04:00:00,85.12674,132.84519,6.04261702299118
324,2019-10-04 05:00:00,85.1261,132.78461,5.9458542466163635
325,2019-10-04 06:00:00,85.12532,132.71819,5.764827460050583
326,2019-10-04 07:00:00,85.12474,132.66823999999997,5.73178468644619
327,2019-10-04 08:00:00,85.1256,132.61518999999998,5.72918239235878
328,2019-10-04 09:00:00,85.12768,132.51877000000002,5.707152932882309
329,2019-10-04 10:00:00,85.1267,132.5704,5.670345291495323
330,2019-10-04 11:00:00,85.13365,133.28922,5.574243426322937
331,2019-10-04 12:00:00,85.12304,134.47389999999996,5.527446702122688
332,2019-10-04 13:00:00,85.10471,134.98885,5.515060529112816
333,2019-10-04 14:00:00,85.07638,134.40418,5.492505237460136
334,2019-10-04 15:00:00,85.07669,134.35127999999997,5.470392018556595
335,2019-10-04 16:00:00,85.07703,134.29845999999998,5.296310067176819
336,2019-10-04 17:00:00,85.07717,134.25239,5.058593839406967
337,2019-10-04 18:00:00,85.07721,134.20725,4.771565228700638
338,2019-10-04 19:00:00,85.07721,134.16321,4.515105217695236
339,2019-10-04 20:00:00,85.07743,134.1191,4.331499055027962
340,2019-10-04 21:00:00,85.07797,134.07452,4.2707898914813995
341,2019-10-04 22:00:00,85.07909,134.03137000000004,4.249978214502335
342,2019-10-04 23:00:00,85.08069,133.99049000000002,4.107701599597931
343,2019-10-05 00:00:00,85.0828,133.95245999999997,3.852463185787201
344,2019-10-05 01:00:00,85.08521,133.91827,3.541443258523941
345,2019-10-05 02:00:00,85.08761,133.89094999999998,3.2320609241724014
346,2019-10-05 03:00:00,85.08962,133.87144999999998,2.991855502128601
347,2019-10-05 04:00:00,85.09124,133.85546,2.7702142000198364
348,2019-10-05 05:00:00,85.09228,133.84342000000004,2.610520824790001
349,2019-10-05 06:00:00,85.09294,133.83157,2.3765133172273636
350,2019-10-05 07:00:00,85.09355,133.81642,2.0530101880431175
351,2019-10-05 08:00:00,85.09408,133.79911000000004,1.764833852648735
352,2019-10-05 09:00:00,85.09485,133.78070000000002,1.5619309544563293
353,2019-10-05 10:00:00,85.0959,133.76336000000003,1.325203150510788
354,2019-10-05 11:00:00,85.09732,133.74827,1.088281661272049
355,2019-10-05 12:00:00,85.09912,133.73699999999997,0.8485452085733414
356,2019-10-05 13:00:00,85.10115,133.73005999999998,1.1768401563167572
357,2019-10-05 14:00:00,85.10326,133.72731999999996,1.7344607412815094
358,2019-10-05 15:00:00,85.10534,133.73003,2.092829257249832
359,2019-10-05 16:00:00,85.10708,133.73782,2.1755386739969254
360,2019-10-05 17:00:00,85.10837,133.74738000000002,2.1314879953861237
361,2019-10-05 18:00:00,85.1089,133.75694999999996,2.1001408100128174
362,2019-10-05 19:00:00,85.10925,133.7636,2.1134135127067566
363,2019-10-05 20:00:00,85.10929,133.76437999999996,2.214311510324478
364,2019-10-05 21:00:00,85.10928,133.76296000000002,2.540271818637848
365,2019-10-05 22:00:00,85.10929,133.76261,2.956926092505455
366,2019-10-05 23:00:00,85.10942,133.76432999999997,3.3336440920829773
367,2019-10-06 00:00:00,85.10954,133.76641,3.452812135219574
368,2019-10-06 01:00:00,85.10955,133.77084000000002,3.3537026792764664
369,2019-10-06 02:00:00,85.10957,133.78065000000004,3.2632682621479034
370,2019-10-06 03:00:00,85.10949,133.79471999999998,3.1291064769029617
371,2019-10-06 04:00:00,85.1092,133.80872,2.870935708284378
372,2019-10-06 05:00:00,85.10855,133.82034,2.7362533807754517
373,2019-10-06 06:00:00,85.10768,133.82813,2.781686455011368
374,2019-10-06 07:00:00,85.10659,133.83294999999998,2.7749341428279877
375,2019-10-06 08:00:00,85.10537,133.83466999999996,2.75906240940094
376,2019-10-06 09:00:00,85.10426,133.83691999999996,2.7503762543201447
377,2019-10-06 10:00:00,85.10342,133.84127,2.8231528401374817
378,2019-10-06 11:00:00,85.10289,133.84783,2.881581872701645
379,2019-10-06 12:00:00,85.1025,133.85638,3.0375227257609367
380,2019-10-06 13:00:00,85.10238,133.8671,3.2395504862070084
381,2019-10-06 14:00:00,85.10234,133.88156000000004,3.5367419123649597
382,2019-10-06 15:00:00,85.10227,133.89948000000004,3.769518330693245
383,2019-10-06 16:00:00,85.10209,133.92037,3.9697519540786743
384,2019-10-06 17:00:00,85.10171,133.94471999999996,4.299154028296471
385,2019-10-06 18:00:00,85.10101,133.97171000000003,4.6936472952365875
386,2019-10-06 19:00:00,85.09978,134.00131999999996,4.766980767250061
387,2019-10-06 20:00:00,85.09815,134.03053999999997,4.82905575633049
388,2019-10-06 21:00:00,85.09647,134.05420000000004,4.957900568842888
389,2019-10-06 22:00:00,85.09483,134.07491,5.353203326463699
390,2019-10-06 23:00:00,85.0933,134.09551999999996,5.61317852139473
391,2019-10-07 00:00:00,85.092,134.12032,5.750425145030022
392,2019-10-07 01:00:00,85.09101,134.14913,5.932795956730843
393,2019-10-07 02:00:00,85.09024,134.18183999999997,6.141005843877792
394,2019-10-07 03:00:00,85.08922,134.21825,6.42711366713047
395,2019-10-07 04:00:00,85.08784,134.25626,6.666058108210564
396,2019-10-07 05:00:00,85.08614,134.29676,6.951788634061813
397,2019-10-07 06:00:00,85.08402,134.33844,7.076209381222725
398,2019-10-07 07:00:00,85.08177,134.37826,7.701856687664986
399,2019-10-07 08:00:00,85.07924,134.41526,8.106387510895729
400,2019-10-07 09:00:00,85.07678,134.45082000000002,8.367668256163597
401,2019-10-07 10:00:00,85.07442,134.48828000000003,8.550241619348526
402,2019-10-07 11:00:00,85.07196,134.53425,8.960423931479454
403,2019-10-07 12:00:00,85.06937,134.59095000000002,9.203699260950089
404,2019-10-07 13:00:00,85.06647,134.65443,9.35577218234539
405,2019-10-07 14:00:00,85.06359,134.72001999999998,9.443509593605995
406,2019-10-07 15:00:00,85.0603,134.78880000000004,9.536969348788261
407,2019-10-07 16:00:00,85.05677,134.85404,9.677195221185684
408,2019-10-07 17:00:00,85.0529,134.91744,9.940045714378357
409,2019-10-07 18:00:00,85.04894,134.97992,10.103277266025543
410,2019-10-07 19:00:00,85.04492,135.04275,10.338966369628906
411,2019-10-07 20:00:00,85.04124,135.10512,10.492690578103065
412,2019-10-07 21:00:00,85.03797,135.17231000000004,10.577444359660149
413,2019-10-07 22:00:00,85.03489,135.25062000000003,10.78948275744915
414,2019-10-07 23:00:00,85.03112,135.34996999999998,11.120390728116035
415,2019-10-08 00:00:00,85.02707,135.4531,11.22594690322876
416,2019-10-08 01:00:00,85.02302,135.5568,11.398517727851868
417,2019-10-08 02:00:00,85.01872,135.66083000000003,11.525914743542671
418,2019-10-08 03:00:00,85.01393,135.76428999999996,11.496496856212616
419,2019-10-08 04:00:00,85.00873,135.86106,11.356183260679245
420,2019-10-08 05:00:00,85.00318,135.95175,11.059098482131958
421,2019-10-08 06:00:00,84.99728,136.03332999999998,10.545783072710037
422,2019-10-08 07:00:00,84.99113,136.10063000000002,9.884601578116417
423,2019-10-08 08:00:00,84.98482,136.15565000000004,9.051248788833618
424,2019-10-08 09:00:00,84.97849,136.19628999999998,8.276176437735558
425,2019-10-08 10:00:00,84.97228,136.21766000000002,7.690966412425041
426,2019-10-08 11:00:00,84.96587,136.22623999999996,7.165858969092369
427,2019-10-08 12:00:00,84.95957,136.22656,6.68025815486908
428,2019-10-08 13:00:00,84.95397,136.22085000000004,6.042352586984634
429,2019-10-08 14:00:00,84.94885,136.21491000000003,5.741173684597015
430,2019-10-08 15:00:00,84.9445,136.20838000000003,5.622317343950272
431,2019-10-08 16:00:00,84.9408,136.20387,5.193202257156372
432,2019-10-08 17:00:00,84.93744,136.20133999999996,5.442065849900246
433,2019-10-08 18:00:00,84.93415,136.20121,5.818032473325729
434,2019-10-08 19:00:00,84.93041,136.19852000000003,5.700374215841293
435,2019-10-08 20:00:00,84.92638,136.19078000000002,5.240490764379501
436,2019-10-08 21:00:00,84.9226,136.17651,4.887517690658569
437,2019-10-08 22:00:00,84.91906,136.15799000000004,4.666704222559929
438,2019-10-08 23:00:00,84.91588,136.13241,4.288160592317581
439,2019-10-09 00:00:00,84.91365,136.10305,4.240751624107361
440,2019-10-09 01:00:00,84.91195,136.07331999999997,4.160492718219757
441,2019-10-09 02:00:00,84.9107,136.04524000000004,4.099827319383621
442,2019-10-09 03:00:00,84.91018,136.02096,4.073588192462921
443,2019-10-09 04:00:00,84.91026,136.00269000000003,3.7664801478385925
444,2019-10-09 05:00:00,84.91014,135.99003,3.4812171012163162
445,2019-10-09 06:00:00,84.91002,135.98194,3.142723008990288
446,2019-10-09 07:00:00,84.90944,135.97558000000004,2.926980808377266
447,2019-10-09 08:00:00,84.90833,135.96794999999997,2.7776816934347153
448,2019-10-09 09:00:00,84.90681,135.95691999999997,2.6257744282484055
449,2019-10-09 10:00:00,84.90548,135.94221,2.4881852865219116
450,2019-10-09 11:00:00,84.90452,135.92521999999997,2.353029280900955
451,2019-10-09 12:00:00,84.90386,135.90962000000002,2.2845611423254013
452,2019-10-09 13:00:00,84.90342,135.8947,2.3035763949155807
453,2019-10-09 14:00:00,84.90331,135.88206000000002,2.548725947737694
454,2019-10-09 15:00:00,84.90374,135.8725,2.9193271547555923
455,2019-10-09 16:00:00,84.90459,135.86465999999996,3.1012840270996094
456,2019-10-09 17:00:00,84.90574,135.85722999999996,3.228147178888321
457,2019-10-09 18:00:00,84.90701,135.84839999999997,3.4841660857200623
458,2019-10-09 19:00:00,84.90835,135.83691,3.709912419319153
459,2019-10-09 20:00:00,84.90946,135.81951000000004,3.7205082178115845
460,2019-10-09 21:00:00,84.91043,135.79430000000002,3.6108504086732864
461,2019-10-09 22:00:00,84.91127,135.76168,3.5210720002651215
462,2019-10-09 23:00:00,84.91205,135.72194000000002,3.6241055130958557
463,2019-10-10 00:00:00,84.91302,135.67641000000003,4.007107466459274
464,2019-10-10 01:00:00,84.91429,135.62791000000004,4.350384399294853
465,2019-10-10 02:00:00,84.91577,135.57798000000003,4.3906072825193405
466,2019-10-10 03:00:00,84.91749,135.52772,4.319131433963776
467,2019-10-10 04:00:00,84.9194,135.48031000000003,4.050110280513763
468,2019-10-10 05:00:00,84.92108,135.43880000000001,3.728276804089546
469,2019-10-10 06:00:00,84.92204,135.40369999999996,3.4234513640403748
470,2019-10-10 07:00:00,84.92231,135.37541999999996,3.310739144682884
471,2019-10-10 08:00:00,84.92186,135.35402999999997,3.4617173075675964
472,2019-10-10 09:00:00,84.92085,135.32982000000004,3.2531434446573257
473,2019-10-10 10:00:00,84.91952,135.30543,2.9381108582019806
474,2019-10-10 11:00:00,84.91791,135.27835,2.729851894080639
475,2019-10-10 12:00:00,84.91639,135.25180999999998,2.5047205984592438
476,2019-10-10 13:00:00,84.91506,135.22869000000003,2.7573789209127426
477,2019-10-10 14:00:00,84.91389,135.21103,3.142529845237732
478,2019-10-10 15:00:00,84.91298,135.20256,3.5772795379161835
479,2019-10-10 16:00:00,84.9122,135.20351,4.259062588214874
480,2019-10-10 17:00:00,84.91135,135.2135,5.142883986234665
481,2019-10-10 18:00:00,84.91027,135.23613,6.2570924162864685
482,2019-10-10 19:00:00,84.90858,135.26756,6.8486572206020355
483,2019-10-10 20:00:00,84.90624,135.30200000000002,7.218374162912369
484,2019-10-10 21:00:00,84.9032,135.34026,7.767656058073044
485,2019-10-10 22:00:00,84.89956,135.37928,8.050201207399368
486,2019-10-10 23:00:00,84.89513,135.41596000000004,8.232514530420303
487,2019-10-11 00:00:00,84.8904,135.44668000000001,8.622562795877457
488,2019-10-11 01:00:00,84.88567,135.47118999999998,8.752176582813263
489,2019-10-11 02:00:00,84.88099,135.49041,8.484136909246445
490,2019-10-11 03:00:00,84.87687,135.50523999999996,8.63719630241394
491,2019-10-11 04:00:00,84.87344,135.52107999999998,8.693623423576355
492,2019-10-11 05:00:00,84.87073,135.54044,8.69278959929943
493,2019-10-11 06:00:00,84.86803,135.56583999999998,8.992423743009567
494,2019-10-11 07:00:00,84.86365,135.60118,9.085469365119934
495,2019-10-11 08:00:00,84.85842,135.63115,8.98647055029869
496,2019-10-11 09:00:00,84.85335,135.65038000000004,8.682602763175964
497,2019-10-11 10:00:00,84.84873,135.66011000000003,8.342184633016586
498,2019-10-11 11:00:00,84.84488,135.66445999999996,8.291901841759682
499,2019-10-11 12:00:00,84.8417,135.66647,8.106115132570267
500,2019-10-11 13:00:00,84.83919,135.671,7.7065834403038025
501,2019-10-11 14:00:00,84.83728,135.68117,7.230042666196823
502,2019-10-11 15:00:00,84.83576,135.69983000000002,6.840737208724022
503,2019-10-11 16:00:00,84.8346,135.72354,6.489518120884895
504,2019-10-11 17:00:00,84.83366,135.75126999999998,6.406793400645256
505,2019-10-11 18:00:00,84.83232,135.78213,6.231539338827133
506,2019-10-11 19:00:00,84.83078,135.80880000000002,5.884492337703705
507,2019-10-11 20:00:00,84.82918,135.82961,5.5584059953689575
508,2019-10-11 21:00:00,84.82792,135.84388,5.285815462470055
509,2019-10-11 22:00:00,84.82723,135.8496,4.630449324846268
510,2019-10-11 23:00:00,84.8274,135.84721000000002,4.107907265424728
511,2019-10-12 00:00:00,84.82892,135.84010999999998,3.769120827317238
512,2019-10-12 01:00:00,84.83155,135.83463,3.2052899450063705
513,2019-10-12 02:00:00,84.83514,135.83439999999996,2.720786452293396
514,2019-10-12 03:00:00,84.83927,135.83841,2.4893208891153336
515,2019-10-12 04:00:00,84.84333,135.84265,2.6939536780118942
516,2019-10-12 05:00:00,84.84704,135.8422,3.0213740915060043
517,2019-10-12 06:00:00,84.85014,135.83774,3.499931439757347
518,2019-10-12 07:00:00,84.85251,135.82855,3.8264067322015762
519,2019-10-12 08:00:00,84.85413,135.81286,3.7857716381549835
520,2019-10-12 09:00:00,84.85513,135.78877,3.993471473455429
521,2019-10-12 10:00:00,84.85592,135.75538,4.272107779979706
522,2019-10-12 11:00:00,84.85679,135.71227,4.524644702672958
523,2019-10-12 12:00:00,84.8579,135.66241000000002,4.927390158176422
524,2019-10-12 13:00:00,84.85929,135.61127999999997,5.551976904273033
525,2019-10-12 14:00:00,84.86091,135.5639,5.990866094827652
526,2019-10-12 15:00:00,84.86246,135.52504999999996,6.094377771019936
527,2019-10-12 16:00:00,84.86375,135.49469,6.050813749432564
528,2019-10-12 17:00:00,84.8645,135.4708,5.8964392095804214
529,2019-10-12 18:00:00,84.86456,135.44921,5.654100149869919
530,2019-10-12 19:00:00,84.86396,135.42637000000002,5.310775354504585
531,2019-10-12 20:00:00,84.86294,135.39778,4.909651100635529
532,2019-10-12 21:00:00,84.86185,135.36018,4.852228865027428
533,2019-10-12 22:00:00,84.86091,135.3134,4.863133415579796
534,2019-10-12 23:00:00,84.86029,135.26309000000003,4.970870241522789
535,2019-10-13 00:00:00,84.86,135.21200999999996,4.946686685085297
536,2019-10-13 01:00:00,84.86013,135.16226,4.874832034111023
537,2019-10-13 02:00:00,84.86031,135.11804,5.030926734209061
538,2019-10-13 03:00:00,84.86019,135.08126,5.098533570766449
539,2019-10-13 04:00:00,84.85963,135.05106999999998,4.961369961500168
540,2019-10-13 05:00:00,84.85858,135.02475000000004,4.670410796999931
541,2019-10-13 06:00:00,84.8571,134.99973999999997,4.349342837929726
542,2019-10-13 07:00:00,84.85534,134.97319,4.059620574116707
543,2019-10-13 08:00:00,84.85344,134.94448999999997,3.930551663041115
544,2019-10-13 09:00:00,84.85147,134.91253,3.865039959549904
545,2019-10-13 10:00:00,84.84946,134.87937,3.9807611256837845
546,2019-10-13 11:00:00,84.84762,134.84875,4.126152396202087
547,2019-10-13 12:00:00,84.84593,134.82486,4.300667613744736
548,2019-10-13 13:00:00,84.84401,134.80941,4.421399235725403
549,2019-10-13 14:00:00,84.84185,134.80135,4.585863888263702
550,2019-10-13 15:00:00,84.83948,134.80425000000002,4.808144614100456
551,2019-10-13 16:00:00,84.83661,134.81554,4.9980799704790115
552,2019-10-13 17:00:00,84.83266,134.83050000000003,5.429846346378326
553,2019-10-13 18:00:00,84.82743,134.84143,5.736508816480637
554,2019-10-13 19:00:00,84.82181,134.84281999999996,5.859531000256538
555,2019-10-13 20:00:00,84.81655,134.83008,5.880670830607414
556,2019-10-13 21:00:00,84.81179,134.80588999999998,6.002135455608368
557,2019-10-13 22:00:00,84.80704,134.77376000000004,6.21717956662178
558,2019-10-13 23:00:00,84.80275,134.73343999999997,6.449445009231567
559,2019-10-14 00:00:00,84.79903,134.69284,6.606367766857147
560,2019-10-14 01:00:00,84.7958,134.65701,6.698013037443161
561,2019-10-14 02:00:00,84.79276,134.62805000000003,6.724982023239136
562,2019-10-14 03:00:00,84.78975,134.60324000000003,6.797965228557587
563,2019-10-14 04:00:00,84.78703,134.58312999999998,6.97576168179512
564,2019-10-14 05:00:00,84.78428,134.56669999999997,7.145391404628754
565,2019-10-14 06:00:00,84.78149,134.55372,7.242904990911484
566,2019-10-14 07:00:00,84.77853,134.54143,7.205244109034538
567,2019-10-14 08:00:00,84.7753,134.52832999999998,6.972666680812836
568,2019-10-14 09:00:00,84.77185,134.51108,6.710910320281982
569,2019-10-14 10:00:00,84.76869,134.48828000000003,6.518430113792419
570,2019-10-14 11:00:00,84.76615,134.46195,6.414624810218811
571,2019-10-14 12:00:00,84.76422,134.43408999999997,6.198806434869766
572,2019-10-14 13:00:00,84.76292,134.40862000000004,5.898728936910629
573,2019-10-14 14:00:00,84.76207,134.38926000000004,5.442558661103249
574,2019-10-14 15:00:00,84.76151,134.37782000000004,5.049247324466705
575,2019-10-14 16:00:00,84.76104,134.37548000000004,4.641970098018646
576,2019-10-14 17:00:00,84.76049,134.38117999999997,4.098152548074722
577,2019-10-14 18:00:00,84.75975,134.39201000000003,3.65649351477623
578,2019-10-14 19:00:00,84.7588,134.40394000000003,3.398862212896347
579,2019-10-14 20:00:00,84.75775,134.41323999999997,3.299794241786003
580,2019-10-14 21:00:00,84.75679,134.41686000000004,3.1178340762853622
581,2019-10-14 22:00:00,84.75611,134.41318,2.933317244052887
582,2019-10-14 23:00:00,84.75584,134.40215,2.725294277071953
583,2019-10-15 00:00:00,84.7561,134.38764000000003,2.4620173573493958
584,2019-10-15 01:00:00,84.75685,134.37297,1.94719859957695
585,2019-10-15 02:00:00,84.75796,134.36140999999998,1.456874519586563
586,2019-10-15 03:00:00,84.75923,134.35483,1.4415003061294556
587,2019-10-15 04:00:00,84.76043,134.35467,1.6618772894144058
588,2019-10-15 05:00:00,84.76139,134.35860000000002,1.7589199841022491
589,2019-10-15 06:00:00,84.76194,134.36289,1.8260977268218994
590,2019-10-15 07:00:00,84.76207,134.36595,1.9873838424682617
591,2019-10-15 08:00:00,84.76188,134.36356,2.1695412397384644
592,2019-10-15 09:00:00,84.76158,134.35360000000003,2.469848722219467
593,2019-10-15 10:00:00,84.76132,134.33616,2.765606865286827
594,2019-10-15 11:00:00,84.76132,134.31268,2.9622158259153366
595,2019-10-15 12:00:00,84.76169,134.28578,3.0237904489040375
596,2019-10-15 13:00:00,84.76244,134.2591,2.9847234040498734
597,2019-10-15 14:00:00,84.76342,134.23609999999996,2.8601223528385162
598,2019-10-15 15:00:00,84.76448,134.21871999999996,2.7034846246242523
599,2019-10-15 16:00:00,84.76534,134.20727,2.5660504698753357
600,2019-10-15 17:00:00,84.7659,134.19937,2.484968051314354
601,2019-10-15 18:00:00,84.76594,134.18921,2.53074911236763
602,2019-10-15 19:00:00,84.7655,134.17059,2.5308705121278763
603,2019-10-15 20:00:00,84.76444,134.14351999999997,2.5582224875688553
604,2019-10-15 21:00:00,84.7639,134.10877,2.6859590113162994
605,2019-10-15 22:00:00,84.76317,134.05885999999998,2.9612673074007034
606,2019-10-15 23:00:00,84.76266,133.99864000000002,3.1958312690258026
607,2019-10-16 00:00:00,84.76269,133.93808,3.206310272216797
608,2019-10-16 01:00:00,84.76322,133.88174000000004,3.127729743719101
609,2019-10-16 02:00:00,84.76405,133.83181000000002,3.0924259275197983
610,2019-10-16 03:00:00,84.76498,133.79118,3.1762202978134155
611,2019-10-16 04:00:00,84.76559,133.76033,3.2867521196603775
612,2019-10-16 05:00:00,84.76574,133.73552,3.300043433904648
613,2019-10-16 06:00:00,84.76519,133.71341,3.210639253258705
614,2019-10-16 07:00:00,84.76433,133.68869,3.0833702385425568
615,2019-10-16 08:00:00,84.76298,133.66066,3.091805100440979
616,2019-10-16 09:00:00,84.76161,133.62563,3.1822359412908554
617,2019-10-16 10:00:00,84.76055,133.5836,3.2852940410375595
618,2019-10-16 11:00:00,84.75987,133.53686,3.454900674521923
619,2019-10-16 12:00:00,84.75979,133.48856999999998,3.5525221154093742
620,2019-10-16 13:00:00,84.76013,133.44104,3.534136950969696
621,2019-10-16 14:00:00,84.76094,133.39831000000004,3.50596059858799
622,2019-10-16 15:00:00,84.76193,133.36264,3.6358437538146973
623,2019-10-16 16:00:00,84.76274,133.33483999999999,3.9949485659599304
624,2019-10-16 17:00:00,84.76332,133.31354,4.2069709450006485
625,2019-10-16 18:00:00,84.7632,133.29613,4.120718404650688
626,2019-10-16 19:00:00,84.76256,133.28069,3.939826935529709
627,2019-10-16 20:00:00,84.76133,133.26324,3.8602470606565475
628,2019-10-16 21:00:00,84.76,133.23929999999996,3.9851990342140198
629,2019-10-16 22:00:00,84.75885,133.20828,4.180088207125664
630,2019-10-16 23:00:00,84.75785,133.16823,4.217623546719551
631,2019-10-17 00:00:00,84.75712,133.12121000000002,4.195119485259056
632,2019-10-17 01:00:00,84.75672,133.07614999999998,4.218082964420319
633,2019-10-17 02:00:00,84.75652,133.03817000000004,4.166257590055466
634,2019-10-17 03:00:00,84.75654,133.00547,4.072250604629517
635,2019-10-17 04:00:00,84.75676,132.98073,3.878132000565529
636,2019-10-17 05:00:00,84.75695,132.9681,3.729793295264244
637,2019-10-17 06:00:00,84.75693,132.96537,3.807219624519348
638,2019-10-17 07:00:00,84.75651,132.96613000000002,3.900968998670578
639,2019-10-17 08:00:00,84.75559,132.96582,3.8658611327409744
640,2019-10-17 09:00:00,84.75444,132.96119,3.6811767518520355
641,2019-10-17 10:00:00,84.75331,132.95268999999996,3.4545274674892426
642,2019-10-17 11:00:00,84.75234,132.94002,3.304960213601589
643,2019-10-17 12:00:00,84.75179,132.92744,3.1508048623800278
644,2019-10-17 13:00:00,84.75166,132.91753,2.881827875971794
645,2019-10-17 14:00:00,84.7519,132.91332,2.7439854443073273
646,2019-10-17 15:00:00,84.75259,132.91696000000002,2.7539116591215134
647,2019-10-17 16:00:00,84.75339,132.92858,2.558958664536476
648,2019-10-17 17:00:00,84.75428,132.94795999999997,2.303422451019287
649,2019-10-17 18:00:00,84.75516,132.97282,2.108023062348366
650,2019-10-17 19:00:00,84.75592,132.99760000000003,1.7959260493516922
651,2019-10-17 20:00:00,84.75662,133.01918999999998,1.617761179804802
652,2019-10-17 21:00:00,84.75747,133.03418,1.74796462059021
653,2019-10-17 22:00:00,84.75876,133.04191000000003,2.0762521773576736
654,2019-10-17 23:00:00,84.76082,133.04287,2.381619155406952
655,2019-10-18 00:00:00,84.76385,133.03974,2.4878636598587036
656,2019-10-18 01:00:00,84.76763,133.03882,2.5016870200634003
657,2019-10-18 02:00:00,84.77204,133.04185,2.785846844315529
658,2019-10-18 03:00:00,84.77684,133.04863999999998,3.1303666830062866
659,2019-10-18 04:00:00,84.78162,133.06171,3.3495093435049057
660,2019-10-18 05:00:00,84.78643,133.07934,3.457607939839363
661,2019-10-18 06:00:00,84.79103,133.09983999999997,3.5113111585378647
662,2019-10-18 07:00:00,84.79525,133.11919,3.5295360684394836
663,2019-10-18 08:00:00,84.79915,133.13413000000003,3.514829784631729
664,2019-10-18 09:00:00,84.80315,133.14273000000003,3.59396031498909
665,2019-10-18 10:00:00,84.80744,133.1447,3.6673347502946854
666,2019-10-18 11:00:00,84.81229,133.14098,3.712986409664154
667,2019-10-18 12:00:00,84.81806,133.13320999999996,4.947902709245682
668,2019-10-18 13:00:00,84.8245,133.1273,4.949983812868595
669,2019-10-18 14:00:00,84.83136,133.12493,4.992456033825874
670,2019-10-18 15:00:00,84.83893,133.12917,4.914811313152313
671,2019-10-18 16:00:00,84.84652,133.13864999999998,4.89835412800312
672,2019-10-18 17:00:00,84.85358,133.15794,4.870972290635109
673,2019-10-18 18:00:00,84.85997,133.17832999999996,4.94539101421833
674,2019-10-18 19:00:00,84.86554,133.20241,5.041237831115723
675,2019-10-18 20:00:00,84.87067,133.22078999999997,5.164433777332306
676,2019-10-18 21:00:00,84.87568,133.23397999999997,5.264874368906021
677,2019-10-18 22:00:00,84.881,133.23720000000003,5.190351530909538
678,2019-10-18 23:00:00,84.88684,133.23203999999998,5.058999016880989
679,2019-10-19 00:00:00,84.89314,133.22116,5.033898964524269
680,2019-10-19 01:00:00,84.89959,133.20585,5.029317617416382
681,2019-10-19 02:00:00,84.90586,133.1938,4.74982625246048
682,2019-10-19 03:00:00,84.91179,133.19250999999997,4.619264170527458
683,2019-10-19 04:00:00,84.91661,133.19279,4.612747982144356
684,2019-10-19 05:00:00,84.9203,133.19261,4.306178316473961
685,2019-10-19 06:00:00,84.92317,133.18980999999997,4.118828982114792
686,2019-10-19 07:00:00,84.9253,133.18286999999998,4.097906142473221
687,2019-10-19 08:00:00,84.92723,133.17253,3.917826309800148
688,2019-10-19 09:00:00,84.92926,133.15720999999996,3.796006292104721
689,2019-10-19 10:00:00,84.93165,133.13666999999998,3.6655618399381638
690,2019-10-19 11:00:00,84.93453,133.11145999999997,3.5888859778642654
691,2019-10-19 12:00:00,84.93798,133.08312999999998,3.579943537712097
692,2019-10-19 13:00:00,84.94181,133.05368999999996,3.630238711833954
693,2019-10-19 14:00:00,84.9458,133.02857,3.7317261397838593
694,2019-10-19 15:00:00,84.94963,133.00858,3.942671090364456
695,2019-10-19 16:00:00,84.95301,132.99433,4.084889933466911
696,2019-10-19 17:00:00,84.95563,132.9837,4.166542857885361
697,2019-10-19 18:00:00,84.95741,132.97276999999997,4.165660038590431
698,2019-10-19 19:00:00,84.95866,132.95973000000004,4.0487080514431
699,2019-10-19 20:00:00,84.95952,132.94281,4.037059262394905
700,2019-10-19 21:00:00,84.9603,132.91931,4.196036398410797
701,2019-10-19 22:00:00,84.96115,132.89286000000004,4.307831287384033
702,2019-10-19 23:00:00,84.96246,132.86489,4.248667404055595
703,2019-10-20 00:00:00,84.96443,132.83661,4.12480616569519
704,2019-10-20 01:00:00,84.96688,132.81003999999996,3.99726265668869
705,2019-10-20 02:00:00,84.96967,132.788,3.9311307072639465
706,2019-10-20 03:00:00,84.97268,132.77096,3.943886935710907
707,2019-10-20 04:00:00,84.97565,132.75883999999996,4.029544323682785
708,2019-10-20 05:00:00,84.97829,132.75101,4.1603468507528305
709,2019-10-20 06:00:00,84.98052,132.74559999999997,4.325526833534241
710,2019-10-20 07:00:00,84.98247,132.73995000000002,4.509404182434082
711,2019-10-20 08:00:00,84.98431,132.73221999999998,4.801811873912811
712,2019-10-20 09:00:00,84.98617,132.72103000000004,5.156017974019051
713,2019-10-20 10:00:00,84.98834,132.70699000000002,5.506877422332764
714,2019-10-20 11:00:00,84.99106,132.69187999999997,5.745434671640396
715,2019-10-20 12:00:00,84.99434,132.67696,5.993157282471657
716,2019-10-20 13:00:00,84.99825,132.66494,6.14506570994854
717,2019-10-20 14:00:00,85.00269,132.65798,6.205919057130814
718,2019-10-20 15:00:00,85.00756,132.65904,6.320688366889954
719,2019-10-20 16:00:00,85.01255,132.66994999999997,6.415220454335213
720,2019-10-20 17:00:00,85.01757,132.69443,6.349499762058258
721,2019-10-20 18:00:00,85.02235,132.72582999999997,6.254465579986572
722,2019-10-20 19:00:00,85.02672,132.75955999999996,6.388040438294411
723,2019-10-20 20:00:00,85.0302,132.78813000000002,6.555201023817062
724,2019-10-20 21:00:00,85.0331,132.80502,6.711071401834488
725,2019-10-20 22:00:00,85.03627,132.80458999999996,6.746638938784599
726,2019-10-20 23:00:00,85.04049,132.79254000000003,6.733742401003838
727,2019-10-21 00:00:00,85.04684,132.77864999999997,6.839051812887192
728,2019-10-21 01:00:00,85.05402,132.76306999999997,7.022717475891113
729,2019-10-21 02:00:00,85.06189,132.75011,7.323653608560562
730,2019-10-21 03:00:00,85.0698,132.74262,7.50403904914856
731,2019-10-21 04:00:00,85.07757,132.73883,7.637454465031624
732,2019-10-21 05:00:00,85.0849,132.73505999999998,7.597415164113045
733,2019-10-21 06:00:00,85.09105,132.72766000000001,7.404642753303051
734,2019-10-21 07:00:00,85.09604,132.71479,7.396732106804848
735,2019-10-21 08:00:00,85.10068,132.69167,7.4733477383852005
736,2019-10-21 09:00:00,85.10538,132.65807,7.505919277667999
737,2019-10-21 10:00:00,85.11068,132.61510999999996,7.6580095291137695
738,2019-10-21 11:00:00,85.11675,132.56549,7.998592793941498
739,2019-10-21 12:00:00,85.12362,132.51328,8.15455049276352
740,2019-10-21 13:00:00,85.13094,132.46137999999996,8.265934586524963
741,2019-10-21 14:00:00,85.1385,132.41235,8.272321164608002
742,2019-10-21 15:00:00,85.14597,132.36696,8.127820298075676
743,2019-10-21 16:00:00,85.153,132.32491,8.093432560563087
744,2019-10-21 17:00:00,85.15938,132.28462000000002,8.057615026831627
745,2019-10-21 18:00:00,85.16515,132.24397,8.041696414351463
746,2019-10-21 19:00:00,85.17043,132.20187999999996,8.209318146109581
747,2019-10-21 20:00:00,85.17557,132.1553,8.384192392230034
748,2019-10-21 21:00:00,85.181,132.10226999999998,8.429971098899841
749,2019-10-21 22:00:00,85.18699,132.04345,8.538761600852013
750,2019-10-21 23:00:00,85.19367,131.98041999999998,8.579516142606735
751,2019-10-22 00:00:00,85.20113,131.91706999999997,8.472805231809616
752,2019-10-22 01:00:00,85.20889,131.85579,8.41101336479187
753,2019-10-22 02:00:00,85.21705,131.79728,8.345044285058975
754,2019-10-22 03:00:00,85.22526,131.74265000000003,8.165901273488998
755,2019-10-22 04:00:00,85.23309,131.69194,8.060109838843346
756,2019-10-22 05:00:00,85.24025,131.64243,7.982607379555702
757,2019-10-22 06:00:00,85.2468,131.59024999999997,7.9708917289972305
758,2019-10-22 07:00:00,85.25262,131.53341,7.847714990377426
759,2019-10-22 08:00:00,85.25785,131.47087999999997,7.721752971410751
760,2019-10-22 09:00:00,85.26262,131.40447,7.647265702486038
761,2019-10-22 10:00:00,85.26716,131.33508,7.585067123174667
762,2019-10-22 11:00:00,85.27155,131.26159,7.484723970293999
763,2019-10-22 12:00:00,85.27595,131.18696999999997,7.297944590449333
764,2019-10-22 13:00:00,85.28036,131.11314,7.184652090072632
765,2019-10-22 14:00:00,85.28462,131.04107,7.101851761341095
766,2019-10-22 15:00:00,85.28906,130.97360000000003,6.9954367727041245
767,2019-10-22 16:00:00,85.29341,130.91095,6.8970620185136795
768,2019-10-22 17:00:00,85.29755,130.85104,6.788688749074936
769,2019-10-22 18:00:00,85.3015,130.79746999999998,6.685778975486755
770,2019-10-22 19:00:00,85.30523,130.74472000000003,6.502947926521301
771,2019-10-22 20:00:00,85.30827,130.69303000000002,6.416053593158722
772,2019-10-22 21:00:00,85.31124,130.63755000000003,6.40629306435585
773,2019-10-22 22:00:00,85.31414,130.57963,6.418024018406868
774,2019-10-22 23:00:00,85.31735,130.51863000000003,6.350769028067589
775,2019-10-23 00:00:00,85.32074,130.45650999999998,6.263880476355553
776,2019-10-23 01:00:00,85.32421,130.39435000000003,6.331630259752274
777,2019-10-23 02:00:00,85.3278,130.33218999999997,6.2821206003427505
778,2019-10-23 03:00:00,85.33128,130.27368,6.058491617441177
779,2019-10-23 04:00:00,85.33448,130.2201,5.748760417103767
780,2019-10-23 05:00:00,85.33725,130.16827,5.483212009072304
781,2019-10-23 06:00:00,85.33946,130.11948,5.391253560781479
782,2019-10-23 07:00:00,85.34133,130.07222000000002,5.2483260333538055
783,2019-10-23 08:00:00,85.34285,130.02398,4.998965710401535
784,2019-10-23 09:00:00,85.34424,129.97407999999996,4.787133291363716
785,2019-10-23 10:00:00,85.34566,129.92561999999998,4.685125172138214
786,2019-10-23 11:00:00,85.34717,129.88017000000002,4.5577292293310165
787,2019-10-23 12:00:00,85.34886,129.84028999999998,4.2966242134571075
788,2019-10-23 13:00:00,85.35068,129.80492000000004,4.027849420905113
789,2019-10-23 14:00:00,85.35268,129.76965,3.879846528172493
790,2019-10-23 15:00:00,85.3548,129.73867,3.7368150502443314
791,2019-10-23 16:00:00,85.35683,129.70912999999996,3.5046693980693817
792,2019-10-23 17:00:00,85.35871,129.67915,3.3131958097219467
793,2019-10-23 18:00:00,85.36039,129.64965,3.3165757060050964
794,2019-10-23 19:00:00,85.36188,129.61995000000002,3.4454816430807114
795,2019-10-23 20:00:00,85.36331,129.58951000000002,3.5024858713150024
796,2019-10-23 21:00:00,85.36478,129.55650000000003,3.427794933319092
797,2019-10-23 22:00:00,85.36647,129.51872000000003,3.2867105901241302
798,2019-10-23 23:00:00,85.3685,129.4792,3.1792373210191727
799,2019-10-24 00:00:00,85.37078,129.43986,3.1894625574350357
800,2019-10-24 01:00:00,85.37376,129.39770999999996,3.1870823204517365
801,2019-10-24 02:00:00,85.37719,129.35766,3.231265664100647
802,2019-10-24 03:00:00,85.38089,129.3234,3.3505904972553253
803,2019-10-24 04:00:00,85.38453,129.29120999999998,3.4544650465250015
804,2019-10-24 05:00:00,85.38783,129.25856999999996,3.4718247652053833
805,2019-10-24 06:00:00,85.39099,129.22392000000002,3.4392198622226715
806,2019-10-24 07:00:00,85.39376,129.18461000000002,3.510897681117058
807,2019-10-24 08:00:00,85.39659,129.14427,3.737810790538788
808,2019-10-24 09:00:00,85.39908,129.09742,3.9238913655281067
809,2019-10-24 10:00:00,85.40121,129.04575,4.046002224087715
810,2019-10-24 11:00:00,85.40377,128.99023999999997,4.188064515590668
811,2019-10-24 12:00:00,85.40637,128.92926,4.3231451362371445
812,2019-10-24 13:00:00,85.40927,128.86724000000004,4.350700877606869
813,2019-10-24 14:00:00,85.41215,128.80574000000001,4.321456924080849
814,2019-10-24 15:00:00,85.4151,128.74428999999998,4.347778931260109
815,2019-10-24 16:00:00,85.41853,128.68516999999997,4.332676917314529
816,2019-10-24 17:00:00,85.42167,128.63194,4.340892732143402
817,2019-10-24 18:00:00,85.42456,128.57991000000004,4.410668641328812
818,2019-10-24 19:00:00,85.42693,128.52845000000002,4.383778274059296
819,2019-10-24 20:00:00,85.42882,128.47611,4.22572635114193
820,2019-10-24 21:00:00,85.43026,128.42281000000003,4.162650883197784
821,2019-10-24 22:00:00,85.43165,128.36819000000003,4.226666420698166
822,2019-10-24 23:00:00,85.43315,128.31375000000003,4.237701177597046
823,2019-10-25 00:00:00,85.43496,128.26025000000004,4.034361705183983
824,2019-10-25 01:00:00,85.43685,128.21078999999997,3.7373887300491333
825,2019-10-25 02:00:00,85.43883,128.16350999999997,3.5602008402347565
826,2019-10-25 03:00:00,85.44076,128.12302,3.4979953318834305
827,2019-10-25 04:00:00,85.44244,128.0892,3.435839056968689
828,2019-10-25 05:00:00,85.44375,128.06219999999996,3.4016586542129517
829,2019-10-25 06:00:00,85.44459,128.04017,3.384193331003189
830,2019-10-25 07:00:00,85.44511,128.01917000000003,3.3026325553655624
831,2019-10-25 08:00:00,85.44543,127.99486000000002,3.2223801612854004
832,2019-10-25 09:00:00,85.4457,127.96699000000001,3.1026317477226257
833,2019-10-25 10:00:00,85.44601,127.93637999999999,3.0275665521621704
834,2019-10-25 11:00:00,85.44636,127.90526,2.9933579117059708
835,2019-10-25 12:00:00,85.44671,127.87511,2.8949384689331055
836,2019-10-25 13:00:00,85.44724,127.84607,2.750499799847603
837,2019-10-25 14:00:00,85.44793,127.81934999999999,2.6469119787216187
838,2019-10-25 15:00:00,85.44869,127.79602,2.6570338755846024
839,2019-10-25 16:00:00,85.44946,127.77690000000001,2.6537013351917267
840,2019-10-25 17:00:00,85.45011,127.76006999999998,2.4924090951681137
841,2019-10-25 18:00:00,85.45052,127.74184000000002,2.3573348224163055
842,2019-10-25 19:00:00,85.4506,127.72537,2.2765015363693237
843,2019-10-25 20:00:00,85.45051,127.70693,2.167460486292839
844,2019-10-25 21:00:00,85.45028,127.68833000000001,2.18840891122818
845,2019-10-25 22:00:00,85.45006,127.66604000000001,2.4280633628368378
846,2019-10-25 23:00:00,85.44997,127.64161000000001,2.563426211476326
847,2019-10-26 00:00:00,85.45007,127.61648000000002,2.582340329885483
848,2019-10-26 01:00:00,85.4504,127.59216000000004,2.5732167661190033
849,2019-10-26 02:00:00,85.45093,127.57033000000001,2.4644695818424225
850,2019-10-26 03:00:00,85.4516,127.55267000000003,2.16509148478508
851,2019-10-26 04:00:00,85.45226,127.53868,1.9331621676683426
852,2019-10-26 05:00:00,85.45285,127.52665000000002,1.9977677762508392
853,2019-10-26 06:00:00,85.4533,127.51499000000001,2.290795862674713
854,2019-10-26 07:00:00,85.4536,127.50200999999998,2.60090908408165
855,2019-10-26 08:00:00,85.45382,127.48588000000001,2.702636167407036
856,2019-10-26 09:00:00,85.45403,127.46602999999999,2.6365526914596558
857,2019-10-26 10:00:00,85.45434,127.44214999999997,2.490685984492302
858,2019-10-26 11:00:00,85.45479,127.41589999999997,2.4082606732845306
859,2019-10-26 12:00:00,85.45546,127.38835,2.447353295981884
860,2019-10-26 13:00:00,85.45639,127.36198999999999,2.6123959869146347
861,2019-10-26 14:00:00,85.45751,127.33803,2.820600762963295
862,2019-10-26 15:00:00,85.45873,127.31743,2.8792997747659683
863,2019-10-26 16:00:00,85.45998,127.30020000000002,2.8716615736484528
864,2019-10-26 17:00:00,85.46118,127.28525000000002,2.8343500196933746
865,2019-10-26 18:00:00,85.46233,127.27121,2.9428601413965225
866,2019-10-26 19:00:00,85.4634,127.25644,3.115144371986389
867,2019-10-26 20:00:00,85.46444,127.23909000000003,3.2786209285259247
868,2019-10-26 21:00:00,85.46555,127.21870999999999,3.352025583386421
869,2019-10-26 22:00:00,85.46678,127.19400999999999,3.4059158116579056
870,2019-10-26 23:00:00,85.46823,127.16633000000002,3.466800734400749
871,2019-10-27 00:00:00,85.46986,127.13797999999997,3.485066130757332
872,2019-10-27 01:00:00,85.47175,127.11000999999999,3.492827519774437
873,2019-10-27 02:00:00,85.47391,127.08312999999998,3.5371569395065308
874,2019-10-27 03:00:00,85.47629,127.05926999999997,3.6423810720443726
875,2019-10-27 04:00:00,85.47878,127.03933,3.729378417134285
876,2019-10-27 05:00:00,85.48122,127.02235000000002,3.8163128197193146
877,2019-10-27 06:00:00,85.48359,127.00526000000002,3.8987064212560654
878,2019-10-27 07:00:00,85.4858,126.98729000000003,4.047391712665558
879,2019-10-27 08:00:00,85.48792,126.96650999999997,4.200886964797974
880,2019-10-27 09:00:00,85.49002,126.94272000000001,4.35099121928215
881,2019-10-27 10:00:00,85.49224,126.91673000000003,4.49200114607811
882,2019-10-27 11:00:00,85.49462,126.88992000000002,4.587548315525055
883,2019-10-27 12:00:00,85.49727,126.86343,4.687572754919529
884,2019-10-27 13:00:00,85.50007,126.83758999999998,4.781254559755325
885,2019-10-27 14:00:00,85.50301,126.81295,4.857614263892174
886,2019-10-27 15:00:00,85.50615,126.78983,4.88297176361084
887,2019-10-27 16:00:00,85.50939,126.76986,4.906712025403976
888,2019-10-27 17:00:00,85.51266,126.75085000000001,4.993627965450287
889,2019-10-27 18:00:00,85.51597,126.73194999999998,5.102234601974487
890,2019-10-27 19:00:00,85.51919,126.70956000000001,5.21369069814682
891,2019-10-27 20:00:00,85.5224,126.68195000000003,5.296218633651733
892,2019-10-27 21:00:00,85.52568,126.65062,5.363996535539627
893,2019-10-27 22:00:00,85.52915,126.61392999999998,5.450948476791382
894,2019-10-27 23:00:00,85.5329,126.5709,5.5077808648347855
895,2019-10-28 00:00:00,85.53687,126.52665000000002,5.514638587832451
896,2019-10-28 01:00:00,85.54106,126.48365999999999,5.568238258361816
897,2019-10-28 02:00:00,85.54548,126.44319000000002,5.607000693678856
898,2019-10-28 03:00:00,85.55001,126.40777000000003,5.517663538455963
899,2019-10-28 04:00:00,85.5546,126.37689,5.45635449886322
900,2019-10-28 05:00:00,85.55919,126.35012,5.480433985590935
901,2019-10-28 06:00:00,85.56367,126.32463000000001,5.509654760360718
902,2019-10-28 07:00:00,85.56798,126.29858000000002,5.630579382181168
903,2019-10-28 08:00:00,85.57221,126.27093000000002,5.686573818325996
904,2019-10-28 09:00:00,85.57651,126.24124999999998,5.634367227554321
905,2019-10-28 10:00:00,85.58079,126.20954999999998,5.445468306541443
906,2019-10-28 11:00:00,85.58506,126.17687000000001,5.195424437522888
907,2019-10-28 12:00:00,85.58931,126.14485000000002,5.478086739778519
908,2019-10-28 13:00:00,85.59328,126.11436000000003,5.408401131629944
909,2019-10-28 14:00:00,85.59717,126.08467000000002,5.460961431264877
910,2019-10-28 15:00:00,85.60111,126.05586,5.468867555260658
911,2019-10-28 16:00:00,85.60498,126.03140000000002,5.503501892089844
912,2019-10-28 17:00:00,85.60857,126.00629000000004,5.593211397528648
913,2019-10-28 18:00:00,85.6118,125.97741000000002,5.556878909468651
914,2019-10-28 19:00:00,85.61487,125.94330000000002,5.570454984903336
915,2019-10-28 20:00:00,85.61789,125.90492,5.637092754244804
916,2019-10-28 21:00:00,85.62095,125.86216000000002,5.730127796530724
917,2019-10-28 22:00:00,85.62409,125.81637999999998,5.82384218275547
918,2019-10-28 23:00:00,85.62734,125.76737000000003,5.895257219672203
919,2019-10-29 00:00:00,85.63065,125.71530000000001,5.900647893548012
920,2019-10-29 01:00:00,85.63408,125.66467999999998,5.868951067328453
921,2019-10-29 02:00:00,85.63751,125.61984000000001,5.832125216722488
922,2019-10-29 03:00:00,85.64078,125.58098999999999,5.778034791350365
923,2019-10-29 04:00:00,85.64377,125.54550999999998,5.685319006443024
924,2019-10-29 05:00:00,85.64655,125.51173,5.604567229747772
925,2019-10-29 06:00:00,85.64917,125.47703000000001,5.601839542388916
926,2019-10-29 07:00:00,85.65165,125.43819000000002,5.619240447878838
927,2019-10-29 08:00:00,85.65415,125.39459,5.609937071800232
928,2019-10-29 09:00:00,85.65679,125.34744,5.624092265963554
929,2019-10-29 10:00:00,85.65962,125.29716000000002,5.621535062789917
930,2019-10-29 11:00:00,85.66269,125.24400000000003,5.60690376162529
931,2019-10-29 12:00:00,85.66602,125.19186000000002,5.622130200266838
932,2019-10-29 13:00:00,85.66939,125.14395000000002,5.588034175336361
933,2019-10-29 14:00:00,85.67268,125.10178000000002,5.503329798579216
934,2019-10-29 15:00:00,85.67572,125.06423999999998,5.334228038787842
935,2019-10-29 16:00:00,85.67846,125.03061000000002,5.144662916660309
936,2019-10-29 17:00:00,85.68096,124.99862000000002,4.980248004198074
937,2019-10-29 18:00:00,85.6833,124.96632,4.877330511808395
938,2019-10-29 19:00:00,85.68556,124.93137999999999,4.924055576324463
939,2019-10-29 20:00:00,85.68785,124.8929,4.913556665182114
940,2019-10-29 21:00:00,85.69017,124.85190999999998,4.8821191638708115
941,2019-10-29 22:00:00,85.69262,124.80831999999998,4.803412526845932
942,2019-10-29 23:00:00,85.69531,124.76292000000001,4.757161900401115
943,2019-10-30 00:00:00,85.69828,124.71658000000002,4.6760818511247635
944,2019-10-30 01:00:00,85.70132,124.67320999999998,4.461753562092781
945,2019-10-30 02:00:00,85.70428,124.63342999999998,4.367297738790512
946,2019-10-30 03:00:00,85.70702,124.59852000000001,4.378181844949722
947,2019-10-30 04:00:00,85.70949,124.5666,4.270438611507416
948,2019-10-30 05:00:00,85.71176,124.53624000000002,4.138649508357048
949,2019-10-30 06:00:00,85.7138,124.50459000000001,4.005306452512741
950,2019-10-30 07:00:00,85.71579,124.47021999999998,3.8547109961509705
951,2019-10-30 08:00:00,85.7178,124.43000999999998,3.8624503165483475
952,2019-10-30 09:00:00,85.71989,124.38580000000002,3.894700273871422
953,2019-10-30 10:00:00,85.72222,124.33924999999999,3.880575731396675
954,2019-10-30 11:00:00,85.72476,124.2935,3.95243076980114
955,2019-10-30 12:00:00,85.72746,124.25092000000001,4.077701300382614
956,2019-10-30 13:00:00,85.73012,124.21206999999998,4.082925841212273
957,2019-10-30 14:00:00,85.73259,124.17701999999997,4.107876971364021
958,2019-10-30 15:00:00,85.73474,124.14549999999997,4.160797581076622
959,2019-10-30 16:00:00,85.73652,124.11594000000002,4.2210221737623215
960,2019-10-30 17:00:00,85.738,124.08681999999999,4.236763924360275
961,2019-10-30 18:00:00,85.73938,124.05552,4.157600179314613
962,2019-10-30 19:00:00,85.74075,124.02091000000001,4.027501493692398
963,2019-10-30 20:00:00,85.74228,123.98300999999998,3.910035103559494
964,2019-10-30 21:00:00,85.74405,123.94082000000003,3.8267951607704163
965,2019-10-30 22:00:00,85.74614,123.89609999999999,3.790668696165085
966,2019-10-30 23:00:00,85.74852,123.85086000000001,3.747840791940689
967,2019-10-31 00:00:00,85.7511,123.80664000000002,3.679648697376251
968,2019-10-31 01:00:00,85.7537,123.76601,3.696990340948105
969,2019-10-31 02:00:00,85.7561,123.73043000000001,3.704184427857399
970,2019-10-31 03:00:00,85.75822,123.69884000000002,3.7005955278873444
971,2019-10-31 04:00:00,85.76001,123.6705,3.6713473349809647
972,2019-10-31 05:00:00,85.76162,123.64348999999999,3.649007424712181
973,2019-10-31 06:00:00,85.7631,123.61588999999998,3.6437719464302063
974,2019-10-31 07:00:00,85.76456,123.58665000000002,3.5580055117607117
975,2019-10-31 08:00:00,85.76615,123.55488000000003,3.4598518311977386
976,2019-10-31 09:00:00,85.76795,123.52013,3.3841840475797653
977,2019-10-31 10:00:00,85.77002,123.48397999999997,3.3388875275850296
978,2019-10-31 11:00:00,85.77231,123.44779,3.3534720838069916
979,2019-10-31 12:00:00,85.77474,123.41320999999999,3.3686886578798294
980,2019-10-31 13:00:00,85.77713,123.38134000000002,3.406997300684452
981,2019-10-31 14:00:00,85.77938,123.35320999999999,3.373876169323921
982,2019-10-31 15:00:00,85.78134,123.3286,3.2835906744003296
983,2019-10-31 16:00:00,85.783,123.30570999999998,3.1875972151756287
984,2019-10-31 17:00:00,85.78444,123.28313000000003,3.1196014434099197
985,2019-10-31 18:00:00,85.78576,123.25967000000003,3.130037561058998
986,2019-10-31 19:00:00,85.78711,123.23388999999997,3.177645981311798
987,2019-10-31 20:00:00,85.78859,123.20517000000001,3.188019409775734
988,2019-10-31 21:00:00,85.79029,123.17341999999996,3.118040084838867
989,2019-10-31 22:00:00,85.79228,123.13965999999999,3.0258699506521225
990,2019-10-31 23:00:00,85.79457,123.10525999999999,2.9420484006404877
991,2019-11-01 00:00:00,85.79707,123.07276000000002,2.892866238951683
992,2019-11-01 01:00:00,85.79964,123.04437000000001,2.889410600066185
993,2019-11-01 02:00:00,85.80213,123.01922000000002,2.87771737575531
994,2019-11-01 03:00:00,85.80441,122.99896000000001,2.8038937896490097
995,2019-11-01 04:00:00,85.80643,122.98124000000001,2.7108516097068787
996,2019-11-01 05:00:00,85.80815,122.96492,2.6201774924993515
997,2019-11-01 06:00:00,85.80971,122.9479,2.530689999461174
998,2019-11-01 07:00:00,85.81125,122.92863999999997,2.4763641953468323
999,2019-11-01 08:00:00,85.81289,122.90791000000002,2.4073290526866913
1000,2019-11-01 09:00:00,85.81479,122.88504999999998,2.32649764418602
1001,2019-11-01 10:00:00,85.81693,122.86118999999997,2.237041249871254
1002,2019-11-01 11:00:00,85.81924,122.83825000000002,2.0610102713108063
1003,2019-11-01 12:00:00,85.82174,122.81747999999999,1.9156582802534103
1004,2019-11-01 13:00:00,85.82421,122.80108000000001,1.908415600657463
1005,2019-11-01 14:00:00,85.82647,122.78888999999998,1.9581362009048462
1006,2019-11-01 15:00:00,85.82846,122.78098,1.9816127568483353
1007,2019-11-01 16:00:00,85.82999,122.77454,1.934422567486763
1008,2019-11-01 17:00:00,85.83115,122.769,1.8320372104644775
1009,2019-11-01 18:00:00,85.83206,122.76171,1.7896022349596024
1010,2019-11-01 19:00:00,85.83294,122.75085999999999,1.8983759731054306
1011,2019-11-01 20:00:00,85.83384,122.73599999999999,2.092082217335701
1012,2019-11-01 21:00:00,85.83489,122.71861000000001,2.220809683203697
1013,2019-11-01 22:00:00,85.83619,122.70006000000001,2.0878340005874634
1014,2019-11-01 23:00:00,85.83797,122.67925000000002,1.8250823020935059
1015,2019-11-02 00:00:00,85.84,122.65924000000001,1.58095782995224
1016,2019-11-02 01:00:00,85.84212,122.64204000000001,1.4653907120227814
1017,2019-11-02 02:00:00,85.8442,122.62772999999999,1.6227271109819412
1018,2019-11-02 03:00:00,85.84601,122.61648000000002,1.9763167798519135
1019,2019-11-02 04:00:00,85.84746,122.60644000000002,2.3109570294618607
1020,2019-11-02 05:00:00,85.84859,122.59521999999998,2.5295774340629578
1021,2019-11-02 06:00:00,85.84944,122.58139,2.663532629609108
1022,2019-11-02 07:00:00,85.85019,122.56295,2.865377128124237
1023,2019-11-02 08:00:00,85.85107,122.53969999999998,3.04361692070961
1024,2019-11-02 09:00:00,85.85224,122.51420000000002,3.0821096003055573
1025,2019-11-02 10:00:00,85.85372,122.48462999999998,3.0045141130685806
1026,2019-11-02 11:00:00,85.85565,122.45254999999997,2.971511945128441
1027,2019-11-02 12:00:00,85.85784,122.42282,3.0530126988887787
1028,2019-11-02 13:00:00,85.86017,122.39449000000002,3.203277602791786
1029,2019-11-02 14:00:00,85.86245,122.36799000000002,3.4482974261045456
1030,2019-11-02 15:00:00,85.86456,122.34235999999999,3.6691356897354126
1031,2019-11-02 16:00:00,85.86629,122.31711000000001,3.8488562405109406
1032,2019-11-02 17:00:00,85.86786,122.28987999999998,3.981380194425583
1033,2019-11-02 18:00:00,85.8692,122.25995999999998,4.063447535037994
1034,2019-11-02 19:00:00,85.87046,122.22683999999998,4.119531586766243
1035,2019-11-02 20:00:00,85.87181,122.18925999999999,4.160970151424408
1036,2019-11-02 21:00:00,85.87342,122.14642000000003,4.261204466223717
1037,2019-11-02 22:00:00,85.87531,122.09942000000001,4.375281631946564
1038,2019-11-02 23:00:00,85.87757,122.05090000000001,4.458650693297386
1039,2019-11-03 00:00:00,85.88003,122.00421,4.53982213139534
1040,2019-11-03 01:00:00,85.88267,121.95974000000001,4.620958790183067
1041,2019-11-03 02:00:00,85.88526,121.91805999999997,4.690733805298805
1042,2019-11-03 03:00:00,85.88763,121.87763999999999,4.827819794416428
1043,2019-11-03 04:00:00,85.89004,121.83767999999998,5.02678257226944
1044,2019-11-03 05:00:00,85.89229,121.79484000000002,5.184113219380379
1045,2019-11-03 06:00:00,85.89402,121.74067000000002,5.229425668716431
1046,2019-11-03 07:00:00,85.89526,121.67012999999997,5.341041281819344
1047,2019-11-03 08:00:00,85.89652,121.58699999999999,5.523401081562042
1048,2019-11-03 09:00:00,85.89782,121.50121000000001,5.728237524628639
1049,2019-11-03 10:00:00,85.89947,121.41334999999998,5.913932427763939
1050,2019-11-03 11:00:00,85.90169,121.32549,6.0584909319877625
1051,2019-11-03 12:00:00,85.9043,121.24189999999999,6.164121508598328
1052,2019-11-03 13:00:00,85.90713,121.16782,6.273998856544495
1053,2019-11-03 14:00:00,85.91008,121.0985,6.357791647315025
1054,2019-11-03 15:00:00,85.91265,121.03861999999998,6.393581569194794
1055,2019-11-03 16:00:00,85.9148,120.98293999999999,6.45305310189724
1056,2019-11-03 17:00:00,85.91672,120.92689999999999,6.579079285264015
1057,2019-11-03 18:00:00,85.91841,120.87173000000001,6.620821967720985
1058,2019-11-03 19:00:00,85.91986,120.81155000000001,6.331747278571129
1059,2019-11-03 20:00:00,85.92138,120.75227000000001,6.274459481239319
1060,2019-11-03 21:00:00,85.92304,120.68833999999998,6.230714991688728
1061,2019-11-03 22:00:00,85.9249,120.62092000000001,6.219707205891609
1062,2019-11-03 23:00:00,85.92707,120.55036999999999,6.212077021598816
1063,2019-11-04 00:00:00,85.9294,120.48176999999998,6.14665512740612
1064,2019-11-04 01:00:00,85.93186,120.41634999999997,6.105276182293892
1065,2019-11-04 02:00:00,85.93444,120.35025000000002,6.104915827512741
1066,2019-11-04 03:00:00,85.93671,120.293,6.0838577300310135
1067,2019-11-04 04:00:00,85.93855,120.23984999999999,6.022840619087219
1068,2019-11-04 05:00:00,85.93997,120.18757,5.9314421862363815
1069,2019-11-04 06:00:00,85.94103,120.13526000000002,5.8503560572862625
1070,2019-11-04 07:00:00,85.94198,120.07837999999998,5.799935281276703
1071,2019-11-04 08:00:00,85.94306,120.01069999999999,5.734892874956131
1072,2019-11-04 09:00:00,85.94418,119.94063,5.6264099925756454
1073,2019-11-04 10:00:00,85.94547,119.87038000000001,5.579254597425461
1074,2019-11-04 11:00:00,85.94696,119.80182000000002,5.5854941084980965
1075,2019-11-04 12:00:00,85.94857,119.73558000000003,5.563961371779442
1076,2019-11-04 13:00:00,85.95016,119.67340999999999,5.49751903116703
1077,2019-11-04 14:00:00,85.95157,119.61464999999998,5.466079518198967
1078,2019-11-04 15:00:00,85.9527,119.55881,5.530295163393021
1079,2019-11-04 16:00:00,85.95343,119.50512000000003,5.568233236670494
1080,2019-11-04 17:00:00,85.95375,119.45263999999997,5.520163476467133
1081,2019-11-04 18:00:00,85.95377,119.40001000000001,5.523836076259613
1082,2019-11-04 19:00:00,85.95358,119.34658999999999,5.557518362998962
1083,2019-11-04 20:00:00,85.95334,119.29223000000002,5.595916420221329
1084,2019-11-04 21:00:00,85.95307,119.23633000000001,5.598996788263321
1085,2019-11-04 22:00:00,85.95292,119.18115999999998,5.4795902371406555
1086,2019-11-04 23:00:00,85.95285,119.12707,5.338362485170364
1087,2019-11-05 00:00:00,85.95293,119.07515000000001,5.362344026565552
1088,2019-11-05 01:00:00,85.95299,119.02539000000002,5.273869186639786
1089,2019-11-05 02:00:00,85.95272,118.97827000000001,5.270176351070404
1090,2019-11-05 03:00:00,85.95205,118.93142,5.302661135792732
1091,2019-11-05 04:00:00,85.95135,118.87748999999997,5.3167994171381
1092,2019-11-05 05:00:00,85.95034,118.82499000000001,5.311012148857117
1093,2019-11-05 06:00:00,85.94899,118.77357,5.2573713809251785
1094,2019-11-05 07:00:00,85.94735,118.71947999999998,5.158329471945763
1095,2019-11-05 08:00:00,85.94557,118.66438,5.0387964099645615
1096,2019-11-05 09:00:00,85.9437,118.60991000000001,4.958896577358246
1097,2019-11-05 10:00:00,85.94191,118.55419999999998,4.964846953749657
1098,2019-11-05 11:00:00,85.94026,118.49577999999997,5.019660949707031
1099,2019-11-05 12:00:00,85.93894,118.44001000000003,5.04990354180336
1100,2019-11-05 13:00:00,85.9378,118.38842,5.042926445603371
1101,2019-11-05 14:00:00,85.93667,118.34186999999997,5.012929737567902
1102,2019-11-05 15:00:00,85.93538,118.29737999999998,4.975236594676971
1103,2019-11-05 16:00:00,85.93384,118.25477999999998,4.939885675907135
1104,2019-11-05 17:00:00,85.9321,118.21467999999999,4.942890256643295
1105,2019-11-05 18:00:00,85.93023,118.1755,4.942830935120583
1106,2019-11-05 19:00:00,85.92833,118.13569999999999,4.980351984500885
1107,2019-11-05 20:00:00,85.9266,118.09401000000003,4.975683718919754
1108,2019-11-05 21:00:00,85.92507,118.05068,4.861372008919716
1109,2019-11-05 22:00:00,85.92388,118.00664999999998,4.694903269410133
1110,2019-11-05 23:00:00,85.92305,117.96296999999998,4.491712301969528
1111,2019-11-06 00:00:00,85.92249,117.92120999999997,4.394676387310028
1112,2019-11-06 01:00:00,85.92209,117.88241,4.465059071779251
1113,2019-11-06 02:00:00,85.92171,117.84649999999999,4.525294214487076
1114,2019-11-06 03:00:00,85.92128,117.81252999999998,4.5294413566589355
1115,2019-11-06 04:00:00,85.92069,117.77864999999997,4.500917479395866
1116,2019-11-06 05:00:00,85.91997,117.74356,4.398750215768814
1117,2019-11-06 06:00:00,85.91916,117.70688999999999,4.3603702038526535
1118,2019-11-06 07:00:00,85.91831,117.66663,4.361914485692978
1119,2019-11-06 08:00:00,85.91757,117.62351999999998,4.24777065217495
1120,2019-11-06 09:00:00,85.91698,117.57882999999998,4.058325499296188
1121,2019-11-06 10:00:00,85.91671,117.53235999999998,3.908823698759079
1122,2019-11-06 11:00:00,85.91675,117.48435999999998,3.834435373544693
1123,2019-11-06 12:00:00,85.91706,117.43806000000001,3.8322474658489227
1124,2019-11-06 13:00:00,85.91755,117.39579000000003,3.814703457057476
1125,2019-11-06 14:00:00,85.91813,117.35773,3.759224757552147
1126,2019-11-06 15:00:00,85.91864,117.32358999999997,3.7569433003664017
1127,2019-11-06 16:00:00,85.91892,117.29219,3.879655286669731
1128,2019-11-06 17:00:00,85.91893,117.26105999999999,4.065402179956436
1129,2019-11-06 18:00:00,85.91877,117.22830999999996,4.194415271282196
1130,2019-11-06 19:00:00,85.91849,117.19326000000001,4.223376229405403
1131,2019-11-06 20:00:00,85.91824,117.15541000000002,4.24608388543129
1132,2019-11-06 21:00:00,85.91806,117.11583999999999,4.272092565894127
1133,2019-11-06 22:00:00,85.91807,117.07533999999998,4.249595209956169
1134,2019-11-06 23:00:00,85.91834,117.03523000000001,4.166379898786545
1135,2019-11-07 00:00:00,85.91882,116.99725000000001,4.079430639743805
1136,2019-11-07 01:00:00,85.91945,116.96247,4.040158003568649
1137,2019-11-07 02:00:00,85.92005,116.93124,4.11979378759861
1138,2019-11-07 03:00:00,85.9205,116.90350999999998,4.258212402462959
1139,2019-11-07 04:00:00,85.92075,116.87754000000001,4.288632273674011
1140,2019-11-07 05:00:00,85.92076,116.85153000000003,4.333445698022842
1141,2019-11-07 06:00:00,85.9205,116.82477,4.3502097725868225
1142,2019-11-07 07:00:00,85.92001,116.79532,4.323916241526604
1143,2019-11-07 08:00:00,85.91944,116.76184999999998,4.236647129058838
1144,2019-11-07 09:00:00,85.91885,116.72606999999999,4.131424278020859
1145,2019-11-07 10:00:00,85.91835,116.68821000000003,4.08471517264843
1146,2019-11-07 11:00:00,85.91802,116.65178000000003,4.001366034150124
1147,2019-11-07 12:00:00,85.91785,116.61865,3.9389865696430206
1148,2019-11-07 13:00:00,85.91777,116.58875999999998,3.8637986183166504
1149,2019-11-07 14:00:00,85.91769,116.56225999999998,3.7947919368743896
1150,2019-11-07 15:00:00,85.91753,116.53987000000001,3.77375091612339
1151,2019-11-07 16:00:00,85.91735,116.52024,3.767483577132225
1152,2019-11-07 17:00:00,85.91695,116.50216,3.7804185152053833
1153,2019-11-07 18:00:00,85.91636,116.48315000000002,3.6286430954933167
1154,2019-11-07 19:00:00,85.9156,116.46194000000003,3.447995603084564
1155,2019-11-07 20:00:00,85.9148,116.43882000000002,3.3865821957588196
1156,2019-11-07 21:00:00,85.91397,116.41131000000001,3.2572857439517975
1157,2019-11-07 22:00:00,85.91325,116.38200999999998,3.139349102973938
1158,2019-11-07 23:00:00,85.91274,116.35232000000002,3.095635235309601
1159,2019-11-08 00:00:00,85.91238,116.32497000000001,3.0830791294574738
1160,2019-11-08 01:00:00,85.91209,116.30020000000002,3.0642904490232468
1161,2019-11-08 02:00:00,85.91181,116.27890000000002,3.076860338449478
1162,2019-11-08 03:00:00,85.9114,116.25995999999998,3.0891250371932983
1163,2019-11-08 04:00:00,85.91076,116.24264,3.199378862977028
1164,2019-11-08 05:00:00,85.90983,116.22505000000001,3.3291414976119995
1165,2019-11-08 06:00:00,85.90858,116.20468,3.494515061378479
1166,2019-11-08 07:00:00,85.90704,116.18135000000001,3.6808493584394455
1167,2019-11-08 08:00:00,85.90529,116.15683000000001,3.8613272607326508
1168,2019-11-08 09:00:00,85.90338,116.132,4.048259600996971
1169,2019-11-08 10:00:00,85.90146,116.10230000000001,4.237560763955116
1170,2019-11-08 11:00:00,85.89957,116.07258000000002,4.467119500041008
1171,2019-11-08 12:00:00,85.89771,116.04254000000003,4.708971917629242
1172,2019-11-08 13:00:00,85.89581,116.01327000000003,4.902101904153824
1173,2019-11-08 14:00:00,85.8938,115.98473999999999,5.0694567412137985
1174,2019-11-08 15:00:00,85.89168,115.95871999999997,5.212221801280975
1175,2019-11-08 16:00:00,85.88937,115.93520000000001,5.34746153652668
1176,2019-11-08 17:00:00,85.88688,115.91271999999998,5.505523175001144
1177,2019-11-08 18:00:00,85.88415,115.89137,5.634825095534325
1178,2019-11-08 19:00:00,85.88119,115.87113,5.7340788543224335
1179,2019-11-08 20:00:00,85.87814,115.85045000000002,5.826040700078011
1180,2019-11-08 21:00:00,85.87498,115.82891000000001,5.79147070646286
1181,2019-11-08 22:00:00,85.87195,115.81004000000001,5.701411917805672
1182,2019-11-08 23:00:00,85.86903,115.79392999999999,5.702095568180084
1183,2019-11-09 00:00:00,85.86611,115.78050999999999,5.746406093239784
1184,2019-11-09 01:00:00,85.86346,115.77244999999999,5.77105525135994
1185,2019-11-09 02:00:00,85.86089,115.76904000000002,5.737632244825363
1186,2019-11-09 03:00:00,85.85833,115.77031999999997,5.758403494954109
1187,2019-11-09 04:00:00,85.85584,115.77418999999998,5.841948494315147
1188,2019-11-09 05:00:00,85.85321,115.77975000000004,5.943236157298088
1189,2019-11-09 06:00:00,85.85051,115.78439000000003,5.9838705360889435
1190,2019-11-09 07:00:00,85.84791,115.78607999999997,5.994533464312553
1191,2019-11-09 08:00:00,85.84549,115.78544,5.92350272834301
1192,2019-11-09 09:00:00,85.84323,115.78332999999998,5.749955669045448
1193,2019-11-09 10:00:00,85.84115,115.7808,5.569744512438774
1194,2019-11-09 11:00:00,85.83923,115.77945,5.45149290561676
1195,2019-11-09 12:00:00,85.83742,115.78204,5.417611479759216
1196,2019-11-09 13:00:00,85.83578,115.78958999999998,5.41757196187973
1197,2019-11-09 14:00:00,85.83423,115.80164000000002,5.392027646303177
1198,2019-11-09 15:00:00,85.8327,115.81738000000001,5.391113325953484
1199,2019-11-09 16:00:00,85.83115,115.83443,5.373985469341278
1200,2019-11-09 17:00:00,85.82962,115.85153000000003,5.254741504788399
1201,2019-11-09 18:00:00,85.82817,115.86755,5.040890589356422
1202,2019-11-09 19:00:00,85.82682,115.88150999999999,4.795026779174805
1203,2019-11-09 20:00:00,85.82564,115.89390000000003,4.629671096801758
1204,2019-11-09 21:00:00,85.82463,115.90553999999997,4.4217148423194885
1205,2019-11-09 22:00:00,85.82383,115.91700000000003,4.218734875321388
1206,2019-11-09 23:00:00,85.82326,115.92966999999999,4.143085807561874
1207,2019-11-10 00:00:00,85.82288,115.94412,4.1339819729328156
1208,2019-11-10 01:00:00,85.82265,115.96026999999998,3.9713628590106964
1209,2019-11-10 02:00:00,85.82253,115.97841,3.7469359934329987
1210,2019-11-10 03:00:00,85.82252,115.99855000000002,3.524450719356537
1211,2019-11-10 04:00:00,85.82253,116.01992000000001,3.3107016682624817
1212,2019-11-10 05:00:00,85.82254,116.04127,3.139710694551468
1213,2019-11-10 06:00:00,85.82253,116.06126,3.012329548597336
1214,2019-11-10 07:00:00,85.82261,116.07896,2.9150548726320267
1215,2019-11-10 08:00:00,85.82287,116.09415999999999,2.831651121377945
1216,2019-11-10 09:00:00,85.82335,116.10683,2.754011020064354
1217,2019-11-10 10:00:00,85.8241,116.11784999999998,2.5678486078977585
1218,2019-11-10 11:00:00,85.8251,116.12887999999998,2.2275708615779877
1219,2019-11-10 12:00:00,85.82635,116.14147000000003,2.026306487619877
1220,2019-11-10 13:00:00,85.82781,116.15717000000001,2.0661320984363556
1221,2019-11-10 14:00:00,85.82934,116.17615999999998,2.4152590185403824
1222,2019-11-10 15:00:00,85.83084,116.19740000000002,2.6585311889648438
1223,2019-11-10 16:00:00,85.83228,116.21974,2.7011697590351105
1224,2019-11-10 17:00:00,85.83368,116.24169999999998,2.796173393726349
1225,2019-11-10 18:00:00,85.83519,116.26180999999997,3.0571635961532593
1226,2019-11-10 19:00:00,85.83692,116.27927,3.3613776564598083
1227,2019-11-10 20:00:00,85.83895,116.29302000000001,3.654897704720497
1228,2019-11-10 21:00:00,85.84134,116.30381999999997,3.9272631406784058
1229,2019-11-10 22:00:00,85.8441,116.31347,4.2083615362644196
1230,2019-11-10 23:00:00,85.84723,116.32382000000001,4.467510208487511
1231,2019-11-11 00:00:00,85.85062,116.33568000000002,4.6806870847940445
1232,2019-11-11 01:00:00,85.85426,116.35122000000001,4.810767829418182
1233,2019-11-11 02:00:00,85.85803,116.37031000000002,4.889370813965797
1234,2019-11-11 03:00:00,85.86197,116.39267000000001,4.967542886734009
1235,2019-11-11 04:00:00,85.86619,116.41611999999998,5.246976390480995
1236,2019-11-11 05:00:00,85.87073,116.43846000000002,5.602443888783455
1237,2019-11-11 06:00:00,85.87576,116.45978000000002,5.903468206524849
1238,2019-11-11 07:00:00,85.88127,116.48070000000001,6.283647835254669
1239,2019-11-11 08:00:00,85.88715,116.49970000000002,6.7926144897937775
1240,2019-11-11 09:00:00,85.89365,116.52037000000001,7.270025327801704
1241,2019-11-11 10:00:00,85.90061,116.54242999999997,7.55843910574913
1242,2019-11-11 11:00:00,85.90779,116.56749000000002,7.712772905826569
1243,2019-11-11 12:00:00,85.91509,116.5969,7.842790998518467
1244,2019-11-11 13:00:00,85.92235,116.63085999999998,7.982395693659782
1245,2019-11-11 14:00:00,85.92939,116.66939000000002,8.12283930182457
1246,2019-11-11 15:00:00,85.93606,116.71186999999998,8.261786341667175
1247,2019-11-11 16:00:00,85.94225,116.75781999999998,8.321478143334389
1248,2019-11-11 17:00:00,85.9479,116.80554000000001,8.30173709988594
1249,2019-11-11 18:00:00,85.95301,116.85289999999998,8.221987903118134
1250,2019-11-11 19:00:00,85.95779,116.90057999999999,8.120849430561066
1251,2019-11-11 20:00:00,85.96237,116.94826999999998,7.9916940331459045
1252,2019-11-11 21:00:00,85.96694,116.99499000000003,7.813467234373093
1253,2019-11-11 22:00:00,85.97147,117.04230000000001,7.6222041845321655
1254,2019-11-11 23:00:00,85.97606,117.09032000000002,7.535281240940094
1255,2019-11-12 00:00:00,85.98075,117.14168999999998,7.684561133384705
1256,2019-11-12 01:00:00,85.98538,117.19542999999999,7.613948628306389
1257,2019-11-12 02:00:00,85.98987,117.24928999999997,7.509130910038948
1258,2019-11-12 03:00:00,85.99425,117.30189000000001,7.33280985057354
1259,2019-11-12 04:00:00,85.99843,117.34959000000003,7.176792696118355
1260,2019-11-12 05:00:00,86.00255,117.39357000000001,7.108608692884445
1261,2019-11-12 06:00:00,86.00682,117.43324999999999,7.18729892373085
1262,2019-11-12 07:00:00,86.01099,117.46330999999998,7.232167288661003
1263,2019-11-12 08:00:00,86.01539,117.48581000000001,7.197225898504257
1264,2019-11-12 09:00:00,86.01998,117.50353999999999,7.208599627017975
1265,2019-11-12 10:00:00,86.02493,117.52025000000003,7.311486676335335
1266,2019-11-12 11:00:00,86.03011,117.53908999999999,7.409818813204765
1267,2019-11-12 12:00:00,86.03533,117.56182000000001,7.292262315750122
1268,2019-11-12 13:00:00,86.04036,117.58735000000001,7.2163234651088715
1269,2019-11-12 14:00:00,86.04525,117.61712,7.14632348716259
1270,2019-11-12 15:00:00,86.04992,117.64952,7.14880245923996
1271,2019-11-12 16:00:00,86.05432,117.68158,7.057048171758652
1272,2019-11-12 17:00:00,86.05847,117.71195999999998,6.791537970304489
1273,2019-11-12 18:00:00,86.0623,117.73752999999999,6.534866809844971
1274,2019-11-12 19:00:00,86.06601,117.75959999999998,6.477073162794113
1275,2019-11-12 20:00:00,86.06963,117.77796000000001,6.367504954338074
1276,2019-11-12 21:00:00,86.07326,117.79147,6.278273046016693
1277,2019-11-12 22:00:00,86.07714,117.80398000000002,6.202566519379616
1278,2019-11-12 23:00:00,86.08129,117.81857000000002,6.075887203216553
1279,2019-11-13 00:00:00,86.08551,117.83783,5.8524196445941925
1280,2019-11-13 01:00:00,86.0896,117.86181999999997,5.519539058208466
1281,2019-11-13 02:00:00,86.09321,117.89103,5.323734521865845
1282,2019-11-13 03:00:00,86.09614,117.92122,5.235914826393127
1283,2019-11-13 04:00:00,86.09848,117.94702000000001,4.929423406720161
1284,2019-11-13 05:00:00,86.10057,117.96497999999997,4.657979443669319
1285,2019-11-13 06:00:00,86.10266,117.97679,4.609322607517242
1286,2019-11-13 07:00:00,86.10479,117.98417,4.527575612068176
1287,2019-11-13 08:00:00,86.10671,117.98419999999999,4.418811157345772
1288,2019-11-13 09:00:00,86.10877,117.97852999999998,4.4115694761276245
1289,2019-11-13 10:00:00,86.11108,117.97309000000001,4.367168441414833
1290,2019-11-13 11:00:00,86.1136,117.96846,4.224854439496994
1291,2019-11-13 12:00:00,86.11622,117.96640000000002,4.091453179717064
1292,2019-11-13 13:00:00,86.11879,117.96551,3.9091372787952423
1293,2019-11-13 14:00:00,86.12109,117.96668,3.835064098238945
1294,2019-11-13 15:00:00,86.12311,117.97060999999997,3.965155601501465
1295,2019-11-13 16:00:00,86.12502,117.98136,4.021912798285484
1296,2019-11-13 17:00:00,86.1266,117.99412000000001,3.844965860247612
1297,2019-11-13 18:00:00,86.12825,118.00132000000002,3.6791966557502747
1298,2019-11-13 19:00:00,86.13009,118.01715999999999,3.555742010474205
1299,2019-11-13 20:00:00,86.13231,118.03088000000002,3.537942558526993
1300,2019-11-13 21:00:00,86.1353,118.04218000000003,3.5338970124721527
1301,2019-11-13 22:00:00,86.13894,118.05351000000002,3.526675596833229
1302,2019-11-13 23:00:00,86.14279,118.06414999999998,3.56931734085083
1303,2019-11-14 00:00:00,86.1466,118.07668999999999,3.6050019711256027
1304,2019-11-14 01:00:00,86.15023,118.09302000000002,3.6493057757616043
1305,2019-11-14 02:00:00,86.15363,118.11336,3.635683611035347
1306,2019-11-14 03:00:00,86.15672,118.13650000000001,3.6263890266418457
1307,2019-11-14 04:00:00,86.15924,118.16102000000001,3.7693400532007217
1308,2019-11-14 05:00:00,86.16119,118.18394999999998,3.8895125836133957
1309,2019-11-14 06:00:00,86.16283,118.20364000000001,3.847081646323204
1310,2019-11-14 07:00:00,86.16441,118.21829000000002,3.8006504625082016
1311,2019-11-14 08:00:00,86.16615,118.22755999999998,3.793489784002304
1312,2019-11-14 09:00:00,86.16789,118.23450000000003,3.796783819794655
1313,2019-11-14 10:00:00,86.16989,118.23768999999999,3.6732258200645447
1314,2019-11-14 11:00:00,86.17207,118.24083000000002,3.509550079703331
1315,2019-11-14 12:00:00,86.17425,118.24529000000001,3.42597858607769
1316,2019-11-14 13:00:00,86.17632,118.25299000000001,3.4135806560516357
1317,2019-11-14 14:00:00,86.17814,118.26440000000002,3.3044869005680084
1318,2019-11-14 15:00:00,86.17961,118.27713,3.2286954522132874
1319,2019-11-14 16:00:00,86.18082,118.29101000000003,3.215001031756401
1320,2019-11-14 17:00:00,86.18168,118.30464999999998,3.2325427383184433
1321,2019-11-14 18:00:00,86.18216,118.31567000000001,3.2808988243341446
1322,2019-11-14 19:00:00,86.18246,118.32196999999996,3.3329117000102997
1323,2019-11-14 20:00:00,86.18274,118.32303000000002,3.3839103877544403
1324,2019-11-14 21:00:00,86.18325,118.31943000000001,3.4569925665855408
1325,2019-11-14 22:00:00,86.18414,118.31306999999998,3.5383444130420685
1326,2019-11-14 23:00:00,86.18531,118.30723,3.5964297354221344
1327,2019-11-15 00:00:00,86.18665,118.30552,3.591406613588333
1328,2019-11-15 01:00:00,86.18805,118.30858999999998,3.489171102643013
1329,2019-11-15 02:00:00,86.18916,118.31677000000002,3.5353875160217285
1330,2019-11-15 03:00:00,86.18986,118.3297,3.599266216158867
1331,2019-11-15 04:00:00,86.19006,118.3449,3.737138018012047
1332,2019-11-15 05:00:00,86.18991,118.36216000000002,4.004219427704811
1333,2019-11-15 06:00:00,86.1895,118.37905,4.162628352642059
1334,2019-11-15 07:00:00,86.18896,118.39490999999998,4.218804016709328
1335,2019-11-15 08:00:00,86.18849,118.40967999999998,4.372008293867111
1336,2019-11-15 09:00:00,86.18827,118.42325,4.534910663962364
1337,2019-11-15 10:00:00,86.18876,118.43899999999996,4.613590285181999
1338,2019-11-15 11:00:00,86.18997,118.46062999999998,4.758332550525665
1339,2019-11-15 12:00:00,86.19158,118.48547000000002,4.946123540401459
1340,2019-11-15 13:00:00,86.19317,118.52395000000001,5.1246858686208725
1341,2019-11-15 14:00:00,86.19456,118.57598000000002,5.417677015066147
1342,2019-11-15 15:00:00,86.19535,118.64299,5.805359348654747
1343,2019-11-15 16:00:00,86.19557,118.71042,6.225822433829308
1344,2019-11-15 17:00:00,86.19496,118.78095000000002,6.509205549955368
1345,2019-11-15 18:00:00,86.19445,118.85021,6.781721711158752
1346,2019-11-15 19:00:00,86.19408,118.91964000000002,7.1490825563669205
1347,2019-11-15 20:00:00,86.19358,118.99212999999997,7.596696048974991
1348,2019-11-15 21:00:00,86.19279,119.06642999999997,7.943057164549828
1349,2019-11-15 22:00:00,86.19169,119.14423999999997,8.282711192965508
1350,2019-11-15 23:00:00,86.19073,119.22339999999997,8.556019082665443
1351,2019-11-16 00:00:00,86.19003,119.31443999999999,8.586036324501038
1352,2019-11-16 01:00:00,86.18877,119.42043999999999,8.785500809550285
1353,2019-11-16 02:00:00,86.18727,119.52629000000002,9.236834555864334
1354,2019-11-16 03:00:00,86.18559,119.63506000000001,9.635215893387794
1355,2019-11-16 04:00:00,86.18378,119.75024000000002,9.947793632745743
1356,2019-11-16 05:00:00,86.18195,119.86723,10.352642476558685
1357,2019-11-16 06:00:00,86.17999,119.99310000000003,10.757589727640152
1358,2019-11-16 07:00:00,86.17757,120.13238000000001,10.788718566298485
1359,2019-11-16 08:00:00,86.17436,120.28147000000001,11.340205386281013
1360,2019-11-16 09:00:00,86.17062,120.44477999999998,12.013189896941185
1361,2019-11-16 10:00:00,86.16673,120.60816999999997,12.831130683422089
1362,2019-11-16 11:00:00,86.16299,120.77328999999997,13.352895006537437
1363,2019-11-16 12:00:00,86.15975,120.93213000000003,13.178111344575882
1364,2019-11-16 13:00:00,86.15718,121.09989000000002,13.097735211253166
1365,2019-11-16 14:00:00,86.15492,121.27611000000002,13.413026720285416
1366,2019-11-16 15:00:00,86.15289,121.45850000000002,13.765159130096436
1367,2019-11-16 16:00:00,86.15052,121.64048000000003,13.966064214706421
1368,2019-11-16 17:00:00,86.14727,121.81979000000001,14.24899896979332
1369,2019-11-16 18:00:00,86.14319,121.99164999999999,14.384071826934814
1370,2019-11-16 19:00:00,86.1372,122.13569000000001,14.461862176656723
1371,2019-11-16 20:00:00,86.12945,122.25009999999997,14.291665345430374
1372,2019-11-16 21:00:00,86.12143,122.33042999999998,13.62929318845272
1373,2019-11-16 22:00:00,86.11302,122.38448,12.64784885942936
1374,2019-11-16 23:00:00,86.10411,122.41993000000002,11.938827484846115
1375,2019-11-17 00:00:00,86.09464,122.44344000000001,11.119292929768562
1376,2019-11-17 01:00:00,86.08474,122.44436000000002,11.213290214538574
1377,2019-11-17 02:00:00,86.07516,122.43345,12.325567528605461
1378,2019-11-17 03:00:00,86.06683,122.42187000000001,12.155155822634697
1379,2019-11-17 04:00:00,86.05985,122.43988999999999,11.049377039074898
1380,2019-11-17 05:00:00,86.05213,122.47379000000001,9.88319793343544
1381,2019-11-17 06:00:00,86.04374,122.51641000000001,10.318520948290825
1382,2019-11-17 07:00:00,86.0355,122.55131,10.42110025882721
1383,2019-11-17 08:00:00,86.02747,122.58401000000003,9.9483123421669
1384,2019-11-17 09:00:00,86.01967,122.60689000000002,9.931582167744637
1385,2019-11-17 10:00:00,86.01197,122.60793999999999,9.796207323670387
1386,2019-11-17 11:00:00,86.00408,122.57731999999999,9.235907956957817
1387,2019-11-17 12:00:00,85.99615,122.50650999999999,9.252232536673546
1388,2019-11-17 13:00:00,85.9886,122.41282999999999,9.339097902178764
1389,2019-11-17 14:00:00,85.9819,122.31600000000003,9.399723842740059
1390,2019-11-17 15:00:00,85.97749,122.23829,9.37727352976799
1391,2019-11-17 16:00:00,85.97264,122.18273999999997,9.515028357505798
1392,2019-11-17 17:00:00,85.96549,122.11059,10.199373185634613
1393,2019-11-17 18:00:00,85.95603,122.04885000000002,11.080716416239738
1394,2019-11-17 19:00:00,85.94693,121.97145999999998,11.99968507885933
1395,2019-11-17 20:00:00,85.93855,121.89251999999999,12.674247235059738
1396,2019-11-17 21:00:00,85.92877,121.80902000000003,12.933666333556175
1397,2019-11-17 22:00:00,85.9183,121.71294999999998,13.022618934512138
1398,2019-11-17 23:00:00,85.90755,121.59875999999997,12.957852229475975
1399,2019-11-18 00:00:00,85.89753,121.47030000000001,12.648411452770233
1400,2019-11-18 01:00:00,85.8884,121.33546000000001,12.303683876991272
1401,2019-11-18 02:00:00,85.88025,121.20325000000003,11.84428521990776
1402,2019-11-18 03:00:00,85.8728,121.07538,11.281163960695267
1403,2019-11-18 04:00:00,85.86579,120.97419000000002,10.630786001682281
1404,2019-11-18 05:00:00,85.85951,120.88148999999999,10.016681015491486
1405,2019-11-18 06:00:00,85.85326,120.80435,9.490789487957954
1406,2019-11-18 07:00:00,85.84728,120.74905999999999,9.027387201786041
1407,2019-11-18 08:00:00,85.84125,120.70418000000001,8.592246279120445
1408,2019-11-18 09:00:00,85.83518,120.65877999999998,8.031596168875694
1409,2019-11-18 10:00:00,85.82925,120.6121,7.402392268180847
1410,2019-11-18 11:00:00,85.8235,120.56076000000002,6.763312980532646
1411,2019-11-18 12:00:00,85.81815,120.5007,5.991675600409508
1412,2019-11-18 13:00:00,85.81375,120.43648000000002,5.4308329075574875
1413,2019-11-18 14:00:00,85.81073,120.37763999999999,4.858699142932892
1414,2019-11-18 15:00:00,85.80887,120.33110999999997,4.372948706150055
1415,2019-11-18 16:00:00,85.80758,120.30142000000001,3.8078244030475616
1416,2019-11-18 17:00:00,85.80663,120.29430000000002,3.575347200036049
1417,2019-11-18 18:00:00,85.80549,120.31115,3.347172513604164
1418,2019-11-18 19:00:00,85.80413,120.34629999999999,2.9821097254753113
1419,2019-11-18 20:00:00,85.80267,120.38936999999999,3.004108816385269
1420,2019-11-18 21:00:00,85.8012,120.43106999999998,3.4355296790599823
1421,2019-11-18 22:00:00,85.79998,120.46046000000001,3.8092843294143677
1422,2019-11-18 23:00:00,85.79896,120.47261000000003,4.078705966472626
1423,2019-11-19 00:00:00,85.79829,120.47035,4.264043688774109
1424,2019-11-19 01:00:00,85.79809,120.46215000000001,4.411162123084068
1425,2019-11-19 02:00:00,85.79888,120.45105000000001,4.336590215563774
1426,2019-11-19 03:00:00,85.8004,120.44432,4.215296104550362
1427,2019-11-19 04:00:00,85.80163,120.45488,4.282072603702545
1428,2019-11-19 05:00:00,85.80249,120.48088999999999,4.411248177289963
1429,2019-11-19 06:00:00,85.80251,120.52267,4.653016969561577
1430,2019-11-19 07:00:00,85.80142,120.57749999999999,4.761689186096191
1431,2019-11-19 08:00:00,85.79998,120.63278000000003,4.689722061157227
1432,2019-11-19 09:00:00,85.79792,120.68646000000001,4.769728913903236
1433,2019-11-19 10:00:00,85.79578,120.72426000000002,5.1014804393053055
1434,2019-11-19 11:00:00,85.7939,120.75018999999998,5.413460701704025
1435,2019-11-19 12:00:00,85.79244,120.77026999999998,5.664993658661842
1436,2019-11-19 13:00:00,85.7912,120.79093999999998,5.955810606479645
1437,2019-11-19 14:00:00,85.78988,120.81954000000002,5.982068568468094
1438,2019-11-19 15:00:00,85.78827,120.85549000000003,5.854701831936836
1439,2019-11-19 16:00:00,85.78601,120.89774,5.994036167860031
1440,2019-11-19 17:00:00,85.78315,120.95493999999997,6.085864901542664
1441,2019-11-19 18:00:00,85.77984,121.02395999999999,6.003284260630608
1442,2019-11-19 19:00:00,85.77614,121.0994,5.872900143265724
1443,2019-11-19 20:00:00,85.77244,121.17003,6.029726102948189
1444,2019-11-19 21:00:00,85.76898,121.23061999999999,6.131509900093079
1445,2019-11-19 22:00:00,85.76598,121.27978999999999,6.02817565202713
1446,2019-11-19 23:00:00,85.76367,121.31849999999997,5.954762741923332
1447,2019-11-20 00:00:00,85.76226,121.35131999999999,6.054512679576874
1448,2019-11-20 01:00:00,85.76157,121.38400999999999,6.178538471460342
1449,2019-11-20 02:00:00,85.76189,121.41847000000001,6.156642884016037
1450,2019-11-20 03:00:00,85.76301,121.45969000000002,6.013465642929077
1451,2019-11-20 04:00:00,85.76432,121.50826,5.88134703040123
1452,2019-11-20 05:00:00,85.7654,121.55808999999999,5.681382164359093
1453,2019-11-20 06:00:00,85.76598,121.60131000000001,5.250032663345337
1454,2019-11-20 07:00:00,85.76565,121.62894,4.818958967924118
1455,2019-11-20 08:00:00,85.76478,121.63940000000002,4.498845174908638
1456,2019-11-20 09:00:00,85.76347,121.63475,4.13253091275692
1457,2019-11-20 10:00:00,85.76182,121.61104999999998,3.682574048638344
1458,2019-11-20 11:00:00,85.76026,121.56664999999998,3.405235156416893
1459,2019-11-20 12:00:00,85.75921,121.51589000000001,3.085328832268715
1460,2019-11-20 13:00:00,85.75888,121.46787999999998,2.749561980366707
1461,2019-11-20 14:00:00,85.75889,121.4291,2.3994527757167816
1462,2019-11-20 15:00:00,85.75903,121.39661000000001,2.045234516263008
1463,2019-11-20 16:00:00,85.7589,121.36991999999998,1.7821002155542374
1464,2019-11-20 17:00:00,85.75837,121.34632999999997,1.8590363562107086
1465,2019-11-20 18:00:00,85.75761,121.32772999999997,1.9798034131526947
1466,2019-11-20 19:00:00,85.75611,121.30754999999999,1.9830888211727142
1467,2019-11-20 20:00:00,85.75399,121.28359,1.9646148085594177
1468,2019-11-20 21:00:00,85.75167,121.25256999999999,1.8647623807191849
1469,2019-11-20 22:00:00,85.74928,121.21262999999999,1.84210804104805
1470,2019-11-20 23:00:00,85.74739,121.16574000000003,1.977466180920601
1471,2019-11-21 00:00:00,85.74609,121.11311999999998,2.0749585032463074
1472,2019-11-21 01:00:00,85.74555,121.06666999999999,2.1901582926511765
1473,2019-11-21 02:00:00,85.7453,121.02582999999998,2.4386210292577744
1474,2019-11-21 03:00:00,85.74513,120.99268000000001,2.5813233107328415
1475,2019-11-21 04:00:00,85.745,120.97021999999998,2.3854993134737015
1476,2019-11-21 05:00:00,85.74466,120.95706000000001,2.010761022567749
1477,2019-11-21 06:00:00,85.74396,120.94979999999998,1.830028548836708
1478,2019-11-21 07:00:00,85.74297,120.94536,1.9654656648635864
1479,2019-11-21 08:00:00,85.74189,120.93923000000001,2.2283302694559097
1480,2019-11-21 09:00:00,85.74082,120.93020000000001,2.3827737271785736
1481,2019-11-21 10:00:00,85.74003,120.91898000000003,2.380561411380768
1482,2019-11-21 11:00:00,85.73959,120.90651000000003,2.2919637709856033
1483,2019-11-21 12:00:00,85.73931,120.89168999999998,2.117156356573105
1484,2019-11-21 13:00:00,85.73929,120.87724000000003,1.8184873163700104
1485,2019-11-21 14:00:00,85.73962,120.86737,1.3155397176742554
1486,2019-11-21 15:00:00,85.74011,120.86198000000002,0.9063389077782631
1487,2019-11-21 16:00:00,85.74044,120.86063999999999,0.7555751502513885
1488,2019-11-21 17:00:00,85.74047,120.86289,0.6579560786485672
1489,2019-11-21 18:00:00,85.73997,120.86662000000001,0.6415694355964661
1490,2019-11-21 19:00:00,85.73901,120.86755,0.8377844244241714
1491,2019-11-21 20:00:00,85.73794,120.86642999999998,1.4281299412250519
1492,2019-11-21 21:00:00,85.73699,120.86175000000003,2.1354083716869354
1493,2019-11-21 22:00:00,85.73613,120.85423000000003,2.359476625919342
1494,2019-11-21 23:00:00,85.73534,120.84418,2.577291578054428
1495,2019-11-22 00:00:00,85.73493,120.83170999999999,3.027076780796051
1496,2019-11-22 01:00:00,85.73493,120.82186999999999,3.6782950460910797
1497,2019-11-22 02:00:00,85.73525,120.81690000000003,4.1376257836818695
1498,2019-11-22 03:00:00,85.73564,120.81319000000002,4.390345185995102
1499,2019-11-22 04:00:00,85.73575,120.81173999999999,4.520814448595047
1500,2019-11-22 05:00:00,85.73522,120.81232,4.589773237705231
1501,2019-11-22 06:00:00,85.73424,120.80917999999997,4.568954214453697
1502,2019-11-22 07:00:00,85.73284,120.79953,4.544830650091171
1503,2019-11-22 08:00:00,85.73135,120.78181000000001,4.520277842879295
1504,2019-11-22 09:00:00,85.73039,120.75151,4.542775377631187
1505,2019-11-22 10:00:00,85.73004,120.71156000000002,4.565432071685791
1506,2019-11-22 11:00:00,85.73014,120.66750000000002,4.463915660977364
1507,2019-11-22 12:00:00,85.73082,120.62025,4.329287573695183
1508,2019-11-22 13:00:00,85.73191,120.57177000000001,4.078437969088554
1509,2019-11-22 14:00:00,85.73328,120.52884,4.0165809988975525
1510,2019-11-22 15:00:00,85.73443,120.49565999999999,3.9944070130586624
1511,2019-11-22 16:00:00,85.73525,120.46821999999997,3.811643108725548
1512,2019-11-22 17:00:00,85.73557,120.44529,3.585613787174225
1513,2019-11-22 18:00:00,85.73539,120.42650000000003,3.294590711593628
1514,2019-11-22 19:00:00,85.73482,120.40999999999997,3.0710926353931427
1515,2019-11-22 20:00:00,85.73403,120.39395000000002,2.7487935721874237
1516,2019-11-22 21:00:00,85.73319,120.37849,2.396612972021103
1517,2019-11-22 22:00:00,85.73269,120.35955999999999,2.0079963505268097
1518,2019-11-22 23:00:00,85.73271,120.33938999999998,2.122214049100876
1519,2019-11-23 00:00:00,85.73314,120.32082000000003,2.2754323184490204
1520,2019-11-23 01:00:00,85.73384,120.30527000000001,2.5585940927267075
1521,2019-11-23 02:00:00,85.73465,120.29488000000003,2.5448494255542755
1522,2019-11-23 03:00:00,85.73539,120.29286000000002,2.526886999607086
1523,2019-11-23 04:00:00,85.73597,120.29993000000002,2.483429953455925
1524,2019-11-23 05:00:00,85.73616,120.31633,2.646616503596306
1525,2019-11-23 06:00:00,85.73626,120.33587,3.10244981944561
1526,2019-11-23 07:00:00,85.73638,120.35957000000002,3.5418757498264313
1527,2019-11-23 08:00:00,85.73669,120.38513999999998,3.880096524953842
1528,2019-11-23 09:00:00,85.73734,120.41318999999999,4.028871536254883
1529,2019-11-23 10:00:00,85.73863,120.44289000000003,4.112087368965149
1530,2019-11-23 11:00:00,85.74074,120.47063000000003,4.399484738707542
1531,2019-11-23 12:00:00,85.74387,120.50283999999999,4.756426513195038
1532,2019-11-23 13:00:00,85.74775,120.53827999999999,5.053745344281197
1533,2019-11-23 14:00:00,85.75222,120.58449000000002,5.537977606058121
1534,2019-11-23 15:00:00,85.75675,120.64350999999999,6.359243482351303
1535,2019-11-23 16:00:00,85.76118,120.70847000000003,6.802668958902359
1536,2019-11-23 17:00:00,85.76543,120.77569,7.065161302685738
1537,2019-11-23 18:00:00,85.76966,120.83783,7.221068277955055
1538,2019-11-23 19:00:00,85.77396,120.89467000000002,7.370306432247162
1539,2019-11-23 20:00:00,85.7786,120.94209000000001,7.5577095448970795
1540,2019-11-23 21:00:00,85.78401,120.98270000000002,7.675963968038559
1541,2019-11-23 22:00:00,85.79095,121.02067,7.712999880313873
1542,2019-11-23 23:00:00,85.79879,121.05692999999997,7.822290897369385
1543,2019-11-24 00:00:00,85.80754,121.09456999999998,8.305370092391968
1544,2019-11-24 01:00:00,85.81677,121.13580999999999,8.81344784796238
1545,2019-11-24 02:00:00,85.82612,121.18191000000002,9.227828443050385
1546,2019-11-24 03:00:00,85.83557,121.22922,9.645878866314888
1547,2019-11-24 04:00:00,85.84456,121.27548000000002,9.998636648058891
1548,2019-11-24 05:00:00,85.85274,121.3168,10.084391504526138
1549,2019-11-24 06:00:00,85.86031,121.34987999999998,9.948501884937286
1550,2019-11-24 07:00:00,85.8675,121.37189000000001,9.949656039476395
1551,2019-11-24 08:00:00,85.87441,121.38267000000002,9.963520780205727
1552,2019-11-24 09:00:00,85.88112,121.38182,10.027134656906128
1553,2019-11-24 10:00:00,85.88771,121.37310000000002,10.012184083461761
1554,2019-11-24 11:00:00,85.89379,121.35881999999998,10.035399734973907
1555,2019-11-24 12:00:00,85.89885,121.34291000000002,9.899151340126991
1556,2019-11-24 13:00:00,85.90297,121.32767000000001,9.668612822890282
1557,2019-11-24 14:00:00,85.90746,121.31464,9.420364931225777
1558,2019-11-24 15:00:00,85.91296,121.30450000000002,9.064961463212967
1559,2019-11-24 16:00:00,85.91915,121.29660000000001,8.769394278526306
1560,2019-11-24 17:00:00,85.92563,121.28620000000001,8.534406125545502
1561,2019-11-24 18:00:00,85.93218,121.26998000000003,8.40699027478695
1562,2019-11-24 19:00:00,85.93875,121.24597,8.560913398861885
1563,2019-11-24 20:00:00,85.94536,121.21320000000003,8.717479437589645
1564,2019-11-24 21:00:00,85.9524,121.17437000000001,8.486688882112503
1565,2019-11-24 22:00:00,85.95953,121.13227999999998,8.510728284716606
1566,2019-11-24 23:00:00,85.96638,121.08965999999998,8.425475776195526
1567,2019-11-25 00:00:00,85.973,121.04865999999998,8.427522271871567
1568,2019-11-25 01:00:00,85.97987,121.00967000000003,8.739318624138832
1569,2019-11-25 02:00:00,85.98714,120.97375999999997,9.05807814002037
1570,2019-11-25 03:00:00,85.99429,120.94031999999999,9.011441186070442
1571,2019-11-25 04:00:00,86.00116,120.90620999999999,8.974014937877655
1572,2019-11-25 05:00:00,86.00808,120.86777999999998,8.928429439663887
1573,2019-11-25 06:00:00,86.01532,120.82457999999997,8.71996594965458
1574,2019-11-25 07:00:00,86.0225,120.77744000000001,8.708853989839554
1575,2019-11-25 08:00:00,86.02928,120.72647,8.665858343243599
1576,2019-11-25 09:00:00,86.0356,120.67401999999998,8.398177728056908
1577,2019-11-25 10:00:00,86.04159,120.61788000000001,8.16436131298542
1578,2019-11-25 11:00:00,86.04731,120.56193000000002,7.961619779467583
1579,2019-11-25 12:00:00,86.05276,120.50808999999998,7.776123195886612
1580,2019-11-25 13:00:00,86.05796,120.45677999999998,7.618673756718636
1581,2019-11-25 14:00:00,86.06303,120.40750000000003,7.479721166193485
1582,2019-11-25 15:00:00,86.06791,120.35939000000002,7.349525671452284
1583,2019-11-25 16:00:00,86.07262,120.31198999999998,7.169773556292057
1584,2019-11-25 17:00:00,86.07716,120.26301999999998,6.88455668091774
1585,2019-11-25 18:00:00,86.08153,120.21181000000001,6.594763547182083
1586,2019-11-25 19:00:00,86.08563,120.15759000000003,6.367090582847595
1587,2019-11-25 20:00:00,86.08947,120.10019,6.279231876134872
1588,2019-11-25 21:00:00,86.09316,120.04011000000003,6.213332638144493
1589,2019-11-25 22:00:00,86.0968,119.97863000000001,5.995290040969849
1590,2019-11-25 23:00:00,86.10027,119.91624999999999,5.677631437778473
1591,2019-11-26 00:00:00,86.10358,119.85507000000001,5.447405681014061
1592,2019-11-26 01:00:00,86.10651,119.79289,5.30708347260952
1593,2019-11-26 02:00:00,86.10948,119.73094000000003,5.325163260102272
1594,2019-11-26 03:00:00,86.11217,119.66966000000002,5.2596606612205505
1595,2019-11-26 04:00:00,86.11472,119.60985,5.219105765223503
1596,2019-11-26 05:00:00,86.11686,119.54799000000003,5.276664972305298
1597,2019-11-26 06:00:00,86.11889,119.48477000000003,5.344896152615547
1598,2019-11-26 07:00:00,86.12067,119.42006000000003,5.440260231494904
1599,2019-11-26 08:00:00,86.12246,119.35567000000003,5.48451130092144
1600,2019-11-26 09:00:00,86.12388,119.29041999999998,5.536690667271614
1601,2019-11-26 10:00:00,86.12536,119.22552999999999,5.562997102737427
1602,2019-11-26 11:00:00,86.12697,119.16134,5.590884745121002
1603,2019-11-26 12:00:00,86.12844,119.09794,5.5982451140880585
1604,2019-11-26 13:00:00,86.12976,119.03652,5.618933975696564
1605,2019-11-26 14:00:00,86.13116,118.97757000000001,5.461399242281914
1606,2019-11-26 15:00:00,86.13236,118.91831000000002,5.421051234006882
1607,2019-11-26 16:00:00,86.13344,118.86002000000002,5.466107070446014
1608,2019-11-26 17:00:00,86.13458,118.80367999999999,5.4397182315588
1609,2019-11-26 18:00:00,86.13587,118.75358,5.165811210870743
1610,2019-11-26 19:00:00,86.13738,118.70544000000001,4.868886202573776
1611,2019-11-26 20:00:00,86.13878,118.65596,4.723130285739899
1612,2019-11-26 21:00:00,86.14026,118.60549000000003,4.547990322113037
1613,2019-11-26 22:00:00,86.14175,118.55437999999998,4.245688691735268
1614,2019-11-26 23:00:00,86.14322,118.50301000000002,3.954189896583557
1615,2019-11-27 00:00:00,86.14472,118.45213000000001,3.7183524072170258
1616,2019-11-27 01:00:00,86.14618,118.40355999999997,3.4858935326337814
1617,2019-11-27 02:00:00,86.14752,118.35759999999999,3.362175762653351
1618,2019-11-27 03:00:00,86.14876,118.31441999999998,3.5454151332378387
1619,2019-11-27 04:00:00,86.15,118.27242999999999,3.674044370651245
1620,2019-11-27 05:00:00,86.15119,118.23149000000001,3.947157561779022
1621,2019-11-27 06:00:00,86.15237,118.19106,4.3898665606975555
1622,2019-11-27 07:00:00,86.15355,118.14985000000001,4.5772969126701355
1623,2019-11-27 08:00:00,86.15468,118.10720000000003,4.434041738510132
1624,2019-11-27 09:00:00,86.15598,118.06144999999998,4.465113610029221
1625,2019-11-27 10:00:00,86.15734,118.01310999999998,4.494480013847351
1626,2019-11-27 11:00:00,86.15854,117.96265,4.786983251571655
1627,2019-11-27 12:00:00,86.1597,117.91023999999999,5.130200892686844
1628,2019-11-27 13:00:00,86.1608,117.85595999999998,5.404844045639038
1629,2019-11-27 14:00:00,86.16185,117.80090000000001,5.447737887501717
1630,2019-11-27 15:00:00,86.16267,117.74991999999997,5.478245943784714
1631,2019-11-27 16:00:00,86.16337,117.70384000000001,5.61177596449852
1632,2019-11-27 17:00:00,86.16404,117.6601,5.7126226127147675
1633,2019-11-27 18:00:00,86.16462,117.61923000000002,5.67616668343544
1634,2019-11-27 19:00:00,86.16517,117.57533000000001,5.718124866485596
1635,2019-11-27 20:00:00,86.16576,117.52837,5.767467737197876
1636,2019-11-27 21:00:00,86.16658,117.47782999999998,5.690611630678177
1637,2019-11-27 22:00:00,86.16728,117.42489,5.740463376045227
1638,2019-11-27 23:00:00,86.16784,117.37182999999999,5.721417844295502
1639,2019-11-28 00:00:00,86.16818,117.31765000000001,5.635896533727646
1640,2019-11-28 01:00:00,86.16818,117.26243999999997,5.686940163373947
1641,2019-11-28 02:00:00,86.16793,117.20738,5.6588157415390015
1642,2019-11-28 03:00:00,86.16753,117.15391999999997,5.7355752140283585
1643,2019-11-28 04:00:00,86.167,117.10097999999999,5.750997379422188
1644,2019-11-28 05:00:00,86.16631,117.04775999999998,5.899706780910492
1645,2019-11-28 06:00:00,86.16537,116.99405999999999,5.854077339172363
1646,2019-11-28 07:00:00,86.16421,116.93875000000003,5.826360762119293
1647,2019-11-28 08:00:00,86.1629,116.88056,6.003047093749046
1648,2019-11-28 09:00:00,86.16154,116.81677000000002,5.696367844939232
1649,2019-11-28 10:00:00,86.16037,116.75297,5.630877688527107
1650,2019-11-28 11:00:00,86.15918,116.68718000000001,6.267491593956947
1651,2019-11-28 12:00:00,86.15788,116.61325,7.026126369833946
1652,2019-11-28 13:00:00,86.15634,116.53163999999998,7.235030069947243
1653,2019-11-28 14:00:00,86.15454,116.44677999999999,7.526058316230774
1654,2019-11-28 15:00:00,86.15258,116.35624999999999,7.795842453837395
1655,2019-11-28 16:00:00,86.15027,116.26809000000003,8.0024703592062
1656,2019-11-28 17:00:00,86.14778,116.18138999999996,8.274682074785233
1657,2019-11-28 18:00:00,86.14527,116.08166,8.729565918445587
1658,2019-11-28 19:00:00,86.14279,115.9796,9.118852898478508
1659,2019-11-28 20:00:00,86.14053,115.87718000000001,9.409961640834808
1660,2019-11-28 21:00:00,86.13833,115.77195,9.586204752326012
1661,2019-11-28 22:00:00,86.13625,115.66566999999998,9.648619711399078
1662,2019-11-28 23:00:00,86.1342,115.55971999999997,9.670892983675003
1663,2019-11-29 00:00:00,86.13207,115.45524,9.674555033445358
1664,2019-11-29 01:00:00,86.12982,115.35138999999998,9.659207373857498
1665,2019-11-29 02:00:00,86.12743,115.24777,9.673759281635284
1666,2019-11-29 03:00:00,86.12493,115.14420000000001,9.686471670866013
1667,2019-11-29 04:00:00,86.12237,115.03904999999997,9.664343193173409
1668,2019-11-29 05:00:00,86.11988,114.93263000000002,9.609398648142815
1669,2019-11-29 06:00:00,86.11751,114.82643999999999,9.534813567996025
1670,2019-11-29 07:00:00,86.11542,114.72037999999998,9.479961276054382
1671,2019-11-29 08:00:00,86.1137,114.61493000000002,9.43327510356903
1672,2019-11-29 09:00:00,86.11229,114.51204999999999,9.340224355459213
1673,2019-11-29 10:00:00,86.11101,114.41091,9.134696751832962
1674,2019-11-29 11:00:00,86.10982,114.31164000000001,8.857117086648941
1675,2019-11-29 12:00:00,86.10872,114.21361000000002,8.590870216488838
1676,2019-11-29 13:00:00,86.10751,114.11990000000003,8.441419184207916
1677,2019-11-29 14:00:00,86.10588,114.03476999999998,8.366504892706871
1678,2019-11-29 15:00:00,86.10369,113.95866999999998,8.269403740763664
1679,2019-11-29 16:00:00,86.10116,113.88718,8.128406047821045
1680,2019-11-29 17:00:00,86.09841,113.81810000000002,8.012186780571938
1681,2019-11-29 18:00:00,86.0955,113.75047999999998,7.914756640791893
1682,2019-11-29 19:00:00,86.09265,113.68198000000001,7.85816353559494
1683,2019-11-29 20:00:00,86.08993,113.61121000000003,7.79699932038784
1684,2019-11-29 21:00:00,86.08734,113.54059999999998,7.845102787017822
1685,2019-11-29 22:00:00,86.08493,113.47255000000001,7.8300787806510925
1686,2019-11-29 23:00:00,86.08258,113.40676000000002,7.899481296539307
1687,2019-11-30 00:00:00,86.08017,113.34428000000003,7.897068560123444
1688,2019-11-30 01:00:00,86.07757,113.28557,7.720947116613388
1689,2019-11-30 02:00:00,86.07467,113.22892999999999,7.426487237215042
1690,2019-11-30 03:00:00,86.07151,113.17406,7.187274307012558
1691,2019-11-30 04:00:00,86.06815,113.12293,7.079142093658447
1692,2019-11-30 05:00:00,86.06459,113.07612,7.009835168719292
1693,2019-11-30 06:00:00,86.06095,113.03637000000003,6.938546255230904
1694,2019-11-30 07:00:00,86.05735,112.99891000000002,6.855216428637505
1695,2019-11-30 08:00:00,86.05389,112.96380999999997,6.7717704474925995
1696,2019-11-30 09:00:00,86.05055,112.93132000000003,6.720315679907799
1697,2019-11-30 10:00:00,86.04732,112.90147999999999,6.651748508214951
1698,2019-11-30 11:00:00,86.044,112.87624,6.570394858717918
1699,2019-11-30 12:00:00,86.04058,112.85237000000001,6.501296848058701
1700,2019-11-30 13:00:00,86.03704,112.83221000000003,6.418700531125069
1701,2019-11-30 14:00:00,86.03316,112.81669,6.2767340540885925
1702,2019-11-30 15:00:00,86.02904,112.80479000000003,6.097988501191139
1703,2019-11-30 16:00:00,86.02495,112.79543999999999,5.961328819394112
1704,2019-11-30 17:00:00,86.02072,112.78832,5.9641682505607605
1705,2019-11-30 18:00:00,86.01656,112.78248000000002,5.94463475048542
1706,2019-11-30 19:00:00,86.01258,112.77807000000001,6.045287474989891
1707,2019-11-30 20:00:00,86.00872,112.77625999999998,6.0722455233335495
1708,2019-11-30 21:00:00,86.00501,112.77645999999999,6.113431140780449
1709,2019-11-30 22:00:00,86.00138,112.77996000000002,6.1309147626161575
1710,2019-11-30 23:00:00,85.99782,112.78706,6.172037795186043
1711,2019-12-01 00:00:00,85.99412,112.80165999999997,5.799607872962952
1712,2019-12-01 01:00:00,85.9906,112.82326,5.905842036008835
1713,2019-12-01 02:00:00,85.98711,112.84920999999997,6.070530012249947
1714,2019-12-01 03:00:00,85.98337,112.87977999999998,6.218604415655136
1715,2019-12-01 04:00:00,85.97958,112.91227000000003,6.40571004152298
1716,2019-12-01 05:00:00,85.97596,112.94515000000001,6.600412309169769
1717,2019-12-01 06:00:00,85.97256,112.97947999999997,6.72397255897522
1718,2019-12-01 07:00:00,85.96927,113.01616000000001,6.814928248524666
1719,2019-12-01 08:00:00,85.96606,113.05335000000002,6.803931713104248
1720,2019-12-01 09:00:00,85.9629,113.09109999999998,6.708439573645592
1721,2019-12-01 10:00:00,85.95969,113.12760000000003,6.56701086461544
1722,2019-12-01 11:00:00,85.95638,113.16230999999999,6.473047316074371
1723,2019-12-01 12:00:00,85.95292,113.19380000000001,6.446707367897034
1724,2019-12-01 13:00:00,85.9493,113.22181999999998,6.445514276623726
1725,2019-12-01 14:00:00,85.94558,113.24581999999998,6.369706392288208
1726,2019-12-01 15:00:00,85.94186,113.26749000000001,6.27868315577507
1727,2019-12-01 16:00:00,85.93815,113.28784000000002,6.153386294841766
1728,2019-12-01 17:00:00,85.93464,113.30768,6.035353288054466
1729,2019-12-01 18:00:00,85.93153,113.32893000000001,5.962793320417404
1730,2019-12-01 19:00:00,85.92886,113.35253,5.897890418767929
1731,2019-12-01 20:00:00,85.92678,113.37882000000002,5.716769680380821
1732,2019-12-01 21:00:00,85.92528,113.40782999999999,5.42512209713459
1733,2019-12-01 22:00:00,85.92433,113.43975,5.205076485872269
1734,2019-12-01 23:00:00,85.92375,113.47388000000001,5.036361962556839
1735,2019-12-02 00:00:00,85.9234,113.50934999999998,4.921365335583687
1736,2019-12-02 01:00:00,85.92315,113.54541999999998,5.0100869834423065
1737,2019-12-02 02:00:00,85.92298,113.58121,5.171604827046394
1738,2019-12-02 03:00:00,85.92284,113.61709000000002,5.352481693029404
1739,2019-12-02 04:00:00,85.92271,113.65352999999999,5.538412824273109
1740,2019-12-02 05:00:00,85.92258,113.69110999999998,5.6095240861177444
1741,2019-12-02 06:00:00,85.92247,113.72917000000001,5.674836099147797
1742,2019-12-02 07:00:00,85.92248,113.76818000000003,5.674996182322502
1743,2019-12-02 08:00:00,85.92276,113.80856,5.773071587085724
1744,2019-12-02 09:00:00,85.92338,113.85016000000002,5.846267342567444
1745,2019-12-02 10:00:00,85.92434,113.89276000000001,6.0015789270401
1746,2019-12-02 11:00:00,85.92564,113.93551000000002,6.250784382224083
1747,2019-12-02 12:00:00,85.92735,113.98034000000001,6.515693083405495
1748,2019-12-02 13:00:00,85.92938,114.02857,6.784975111484528
1749,2019-12-02 14:00:00,85.93144,114.08193,7.056638643145561
1750,2019-12-02 15:00:00,85.93381,114.14150999999998,7.340240463614464
1751,2019-12-02 16:00:00,85.93638,114.20571999999999,7.763941586017609
1752,2019-12-02 17:00:00,85.93917,114.27467999999999,8.319833606481552
1753,2019-12-02 18:00:00,85.9422,114.34931,8.90457534790039
1754,2019-12-02 19:00:00,85.9455,114.43117000000001,9.382163763046265
1755,2019-12-02 20:00:00,85.9491,114.52118000000002,9.88207733631134
1756,2019-12-02 21:00:00,85.95329,114.61144000000002,10.376730769872665
1757,2019-12-02 22:00:00,85.95797,114.70925999999997,11.036195114254951
1758,2019-12-02 23:00:00,85.96302,114.81148000000002,11.624126240611076
1759,2019-12-03 00:00:00,85.96837,114.91766000000001,11.935133010149002
1760,2019-12-03 01:00:00,85.97366,115.02629000000002,12.148896127939224
1761,2019-12-03 02:00:00,85.9789,115.13731999999999,12.212991893291473
1762,2019-12-03 03:00:00,85.98402,115.24885999999998,12.234607830643654
1763,2019-12-03 04:00:00,85.98905,115.36048,12.234981521964073
1764,2019-12-03 05:00:00,85.99394,115.47271999999998,12.308303073048592
1765,2019-12-03 06:00:00,85.99872,115.58406000000002,12.33053582906723
1766,2019-12-03 07:00:00,86.00344,115.69623000000001,12.098510295152664
1767,2019-12-03 08:00:00,86.00802,115.81040999999999,11.851806119084358
1768,2019-12-03 09:00:00,86.01265,115.92482999999999,11.803570851683617
1769,2019-12-03 10:00:00,86.01712,116.04000000000002,12.012882128357887
1770,2019-12-03 11:00:00,86.02156,116.15298999999999,12.126180499792099
1771,2019-12-03 12:00:00,86.02578,116.26490999999999,12.056648567318916
1772,2019-12-03 13:00:00,86.03006,116.37284,11.954802542924881
1773,2019-12-03 14:00:00,86.03427,116.47899000000001,11.786909833550453
1774,2019-12-03 15:00:00,86.03856,116.58285000000001,11.63309919834137
1775,2019-12-03 16:00:00,86.04315,116.68605000000002,11.42358347773552
1776,2019-12-03 17:00:00,86.04767,116.79101000000003,11.196603074669838
1777,2019-12-03 18:00:00,86.05219,116.89516000000003,10.797982722520828
1778,2019-12-03 19:00:00,86.05637,117.00061,10.36669060587883
1779,2019-12-03 20:00:00,86.06023,117.10522000000003,10.088909178972244
1780,2019-12-03 21:00:00,86.06424,117.20862999999997,10.069442451000214
1781,2019-12-03 22:00:00,86.06805,117.31074000000001,9.980586349964142
1782,2019-12-03 23:00:00,86.07187,117.4099,9.702953204512596
1783,2019-12-04 00:00:00,86.07548,117.50887,9.95662446320057
1784,2019-12-04 01:00:00,86.07896,117.60894000000002,9.880283504724503
1785,2019-12-04 02:00:00,86.08246,117.70974000000001,9.849123656749725
1786,2019-12-04 03:00:00,86.08587,117.81133,9.917712345719337
1787,2019-12-04 04:00:00,86.08909,117.91482000000002,9.963713631033897
1788,2019-12-04 05:00:00,86.09202,118.02058,9.942178502678871
1789,2019-12-04 06:00:00,86.09471,118.12949000000003,9.960000917315483
1790,2019-12-04 07:00:00,86.09715,118.24038999999999,9.994314193725586
1791,2019-12-04 08:00:00,86.09904,118.35314,10.273575350642204
1792,2019-12-04 09:00:00,86.10075,118.46488999999997,10.479966796934605
1793,2019-12-04 10:00:00,86.10258,118.57056,10.516413807868958
1794,2019-12-04 11:00:00,86.10472,118.66993000000002,10.421370461583138
1795,2019-12-04 12:00:00,86.10707,118.76522999999997,10.665095522999763
1796,2019-12-04 13:00:00,86.10961,118.85991999999999,10.868559658527374
1797,2019-12-04 14:00:00,86.11234,118.95562000000001,10.971148878335953
1798,2019-12-04 15:00:00,86.11504,119.05606,11.04459348320961
1799,2019-12-04 16:00:00,86.11736,119.16421000000003,11.2776168435812
1800,2019-12-04 17:00:00,86.11913,119.27980000000002,11.20788224041462
1801,2019-12-04 18:00:00,86.12061,119.39643999999998,11.07432872056961
1802,2019-12-04 19:00:00,86.12173,119.51321999999999,10.988224238157272
1803,2019-12-04 20:00:00,86.12273,119.62585999999999,10.716192960739136
1804,2019-12-04 21:00:00,86.12371,119.72739999999999,10.425579279661179
1805,2019-12-04 22:00:00,86.12489,119.81983000000002,10.161379039287567
1806,2019-12-04 23:00:00,86.12643,119.90798000000001,9.844824939966202
1807,2019-12-05 00:00:00,86.12837,119.99608,9.745734572410583
1808,2019-12-05 01:00:00,86.13065,120.08528000000001,9.835686042904854
1809,2019-12-05 02:00:00,86.13306,120.17786999999998,9.800849840044975
1810,2019-12-05 03:00:00,86.1353,120.27701000000002,9.736180201172829
1811,2019-12-05 04:00:00,86.13725,120.38123000000002,9.674391269683838
1812,2019-12-05 05:00:00,86.13877,120.48726999999997,9.532257735729218
1813,2019-12-05 06:00:00,86.13993,120.59257000000002,9.44736522436142
1814,2019-12-05 07:00:00,86.14076,120.69747000000001,9.322056531906128
1815,2019-12-05 08:00:00,86.14133,120.79802999999998,9.23108021914959
1816,2019-12-05 09:00:00,86.14174,120.89227,9.15883357822895
1817,2019-12-05 10:00:00,86.14217,120.98118,9.095252767205238
1818,2019-12-05 11:00:00,86.14248,121.06522000000001,8.928412407636642
1819,2019-12-05 12:00:00,86.14305,121.14555000000001,8.917615085840225
1820,2019-12-05 13:00:00,86.14372,121.22582999999997,8.876458659768105
1821,2019-12-05 14:00:00,86.14442,121.30754999999999,8.96859659254551
1822,2019-12-05 15:00:00,86.1451,121.39182,8.997505471110344
1823,2019-12-05 16:00:00,86.14547,121.47830999999996,9.014690399169922
1824,2019-12-05 17:00:00,86.1455,121.56392,8.99539215862751
1825,2019-12-05 18:00:00,86.14523,121.64749,8.79673545062542
1826,2019-12-05 19:00:00,86.1445,121.72519,8.62186548113823
1827,2019-12-05 20:00:00,86.14347,121.79782,8.671977236866951
1828,2019-12-05 21:00:00,86.14242,121.86259999999999,8.306343883275986
1829,2019-12-05 22:00:00,86.14146,121.91862000000003,7.968099474906921
1830,2019-12-05 23:00:00,86.1409,121.96528999999998,7.656750753521919
1831,2019-12-06 00:00:00,86.14068,122.00650999999999,7.645767346024513
1832,2019-12-06 01:00:00,86.14069,122.04536999999999,7.392103970050812
1833,2019-12-06 02:00:00,86.14077,122.08266000000003,7.41726441681385
1834,2019-12-06 03:00:00,86.14083,122.11944,7.117313534021378
1835,2019-12-06 04:00:00,86.14083,122.15688999999998,6.993456721305847
1836,2019-12-06 05:00:00,86.14059,122.19326999999998,6.667075872421265
1837,2019-12-06 06:00:00,86.14026,122.22516000000002,6.33932201564312
1838,2019-12-06 07:00:00,86.13978,122.25117,6.134929358959198
1839,2019-12-06 08:00:00,86.13942,122.27088000000003,5.849570855498314
1840,2019-12-06 09:00:00,86.13906,122.28403000000003,5.607332482933998
1841,2019-12-06 10:00:00,86.1388,122.29143999999997,5.395787671208382
1842,2019-12-06 11:00:00,86.13882,122.29425000000003,5.087809279561043
1843,2019-12-06 12:00:00,86.13912,122.29356000000001,4.707739233970642
1844,2019-12-06 13:00:00,86.1398,122.29147999999998,4.468790709972382
1845,2019-12-06 14:00:00,86.14064,122.29009000000002,4.093879505991936
1846,2019-12-06 15:00:00,86.14167,122.28877999999997,3.729074716567993
1847,2019-12-06 16:00:00,86.14282,122.28764999999999,3.4448935985565186
1848,2019-12-06 17:00:00,86.14384,122.28849000000002,3.1590846180915833
1849,2019-12-06 18:00:00,86.14469,122.28910000000002,2.977692022919655
1850,2019-12-06 19:00:00,86.14529,122.28875,2.8977546393871307
1851,2019-12-06 20:00:00,86.14571,122.28562,2.7736971378326416
1852,2019-12-06 21:00:00,86.14605,122.27877000000001,2.690120220184326
1853,2019-12-06 22:00:00,86.14647,122.26832000000002,2.521560937166214
1854,2019-12-06 23:00:00,86.14708,122.25362000000001,2.2579356729984283
1855,2019-12-07 00:00:00,86.148,122.23786999999999,2.1260515451431274
1856,2019-12-07 01:00:00,86.14918,122.22071,2.0641774237155914
1857,2019-12-07 02:00:00,86.1506,122.20526999999998,2.015678122639656
1858,2019-12-07 03:00:00,86.15218,122.19211000000001,2.3253952711820602
1859,2019-12-07 04:00:00,86.15377,122.18339000000003,2.23800390958786
1860,2019-12-07 05:00:00,86.15517,122.17716000000001,2.027367189526558
1861,2019-12-07 06:00:00,86.15655,122.17257999999998,1.9757773876190186
1862,2019-12-07 07:00:00,86.15782,122.16682000000003,2.187618851661682
1863,2019-12-07 08:00:00,86.15909,122.16021,2.441025659441948
1864,2019-12-07 09:00:00,86.16036,122.15223000000003,2.578488677740097
1865,2019-12-07 10:00:00,86.16165,122.14105999999998,2.6173646599054337
1866,2019-12-07 11:00:00,86.16304,122.12553000000003,2.8009320199489594
1867,2019-12-07 12:00:00,86.16475,122.10694000000001,3.05660929530859
1868,2019-12-07 13:00:00,86.16692,122.08774,3.2768755704164505
1869,2019-12-07 14:00:00,86.16931,122.06833,3.516074299812317
1870,2019-12-07 15:00:00,86.17196,122.04836999999998,3.7415565252304077
1871,2019-12-07 16:00:00,86.17516,122.02679,4.010117396712303
1872,2019-12-07 17:00:00,86.17859,122.00223,4.316313683986664
1873,2019-12-07 18:00:00,86.18224,121.97388000000001,4.749723553657532
1874,2019-12-07 19:00:00,86.18602,121.93689999999998,5.257156997919083
1875,2019-12-07 20:00:00,86.19021,121.89382,5.800900161266327
1876,2019-12-07 21:00:00,86.19534,121.84476999999998,6.329769283533096
1877,2019-12-07 22:00:00,86.20132,121.78836999999999,6.743360072374344
1878,2019-12-07 23:00:00,86.20843,121.72593999999998,7.168798416852951
1879,2019-12-08 00:00:00,86.21597,121.65810999999997,8.94847996532917
1880,2019-12-08 01:00:00,86.22363,121.59627,9.288245677947998
1881,2019-12-08 02:00:00,86.23113,121.54493000000002,9.5983125269413
1882,2019-12-08 03:00:00,86.23844,121.50387999999998,9.70112407207489
1883,2019-12-08 04:00:00,86.24554,121.47168999999997,9.721722736954689
1884,2019-12-08 05:00:00,86.25236,121.44632000000001,9.668698281049728
1885,2019-12-08 06:00:00,86.25885,121.42518000000001,9.598487466573715
1886,2019-12-08 07:00:00,86.26501,121.40481,9.423528790473938
1887,2019-12-08 08:00:00,86.27092,121.38348000000002,9.518866509199142
1888,2019-12-08 09:00:00,86.27662,121.36005,9.105179741978645
1889,2019-12-08 10:00:00,86.28222,121.33472,8.807250380516052
1890,2019-12-08 11:00:00,86.28794,121.30813,8.558494701981544
1891,2019-12-08 12:00:00,86.29388,121.28159,8.476515427231789
1892,2019-12-08 13:00:00,86.30008,121.25673999999998,8.552728742361069
1893,2019-12-08 14:00:00,86.30642,121.23372,8.516354471445084
1894,2019-12-08 15:00:00,86.31264,121.21456,8.319161906838417
1895,2019-12-08 16:00:00,86.31861,121.20217000000002,8.318477153778076
1896,2019-12-08 17:00:00,86.32433,121.19283000000001,8.375895038247108
1897,2019-12-08 18:00:00,86.32977,121.18545,8.28439275920391
1898,2019-12-08 19:00:00,86.33482,121.17847999999998,8.1143898665905
1899,2019-12-08 20:00:00,86.33956,121.16894000000002,8.076559722423553
1900,2019-12-08 21:00:00,86.34417,121.15492999999998,8.033767312765121
1901,2019-12-08 22:00:00,86.34875,121.13695999999999,7.915415182709694
1902,2019-12-08 23:00:00,86.35328,121.11592000000002,7.829048603773117
1903,2019-12-09 00:00:00,86.35784,121.09318000000002,7.780136063694954
1904,2019-12-09 01:00:00,86.36253,121.07067,7.734593600034714
1905,2019-12-09 02:00:00,86.36735,121.04994999999997,7.692455306649208
1906,2019-12-09 03:00:00,86.37214,121.03183000000001,7.697738707065582
1907,2019-12-09 04:00:00,86.3769,121.01549999999997,7.633219853043556
1908,2019-12-09 05:00:00,86.38166,120.99986000000001,7.567827180027962
1909,2019-12-09 06:00:00,86.3863,120.98451999999997,7.4775034710764885
1910,2019-12-09 07:00:00,86.39076,120.96983,7.355747297406197
1911,2019-12-09 08:00:00,86.39509,120.95571000000001,7.319458320736885
1912,2019-12-09 09:00:00,86.39927,120.93983000000003,7.195589482784271
1913,2019-12-09 10:00:00,86.40345,120.92304999999999,7.157603278756142
1914,2019-12-09 11:00:00,86.40772,120.90787,7.154634162783623
1915,2019-12-09 12:00:00,86.41195,120.89571999999998,7.081458479166031
1916,2019-12-09 13:00:00,86.41636,120.88673,7.045867949724197
1917,2019-12-09 14:00:00,86.42094,120.88382000000001,6.741746664047241
1918,2019-12-09 15:00:00,86.4254,120.88542999999999,6.533296212553978
1919,2019-12-09 16:00:00,86.42957,120.89087,6.4063937067985535
1920,2019-12-09 17:00:00,86.43355,120.90007000000003,6.2899280190467834
1921,2019-12-09 18:00:00,86.43752,120.90614,5.994230315089226
1922,2019-12-09 19:00:00,86.44126,120.91003,5.7836634516716
1923,2019-12-09 20:00:00,86.4448,120.91212000000002,5.6461890786886215
1924,2019-12-09 21:00:00,86.44839,120.90957000000003,5.485635042190552
1925,2019-12-09 22:00:00,86.45211,120.90394000000003,5.3513809740543365
1926,2019-12-09 23:00:00,86.45599,120.90012000000002,5.347107410430908
1927,2019-12-10 00:00:00,86.46007,120.89935000000003,5.493633449077606
1928,2019-12-10 01:00:00,86.46448,120.90456,5.621959373354912
1929,2019-12-10 02:00:00,86.46893,120.91120000000001,5.65148951113224
1930,2019-12-10 03:00:00,86.47344,120.92070999999999,5.592171937227249
1931,2019-12-10 04:00:00,86.47809,120.93799000000001,5.547652617096901
1932,2019-12-10 05:00:00,86.48258,120.95673999999997,5.6546256095170975
1933,2019-12-10 06:00:00,86.48698,120.97915,5.9886544197797775
1934,2019-12-10 07:00:00,86.49097,120.99694999999997,6.355690374970436
1935,2019-12-10 08:00:00,86.49476,121.01215000000002,6.42898428440094
1936,2019-12-10 09:00:00,86.49815,121.02231999999998,6.190259784460068
1937,2019-12-10 10:00:00,86.50141,121.03310999999997,5.907129943370819
1938,2019-12-10 11:00:00,86.50439,121.0385,5.64709946513176
1939,2019-12-10 12:00:00,86.50742,121.04142000000002,5.472618997097015
1940,2019-12-10 13:00:00,86.51062,121.04344000000003,5.343146488070488
1941,2019-12-10 14:00:00,86.51385,121.04255,5.160135254263878
1942,2019-12-10 15:00:00,86.51693,121.04028,5.257361993193626
1943,2019-12-10 16:00:00,86.51995,121.03674999999998,5.337795212864876
1944,2019-12-10 17:00:00,86.523,121.03032999999999,5.424360856413841
1945,2019-12-10 18:00:00,86.52637,121.02046999999999,5.397274389863014
1946,2019-12-10 19:00:00,86.53,121.00585000000001,5.181826502084732
1947,2019-12-10 20:00:00,86.5336,120.98981000000003,5.136162281036377
1948,2019-12-10 21:00:00,86.53694,120.96760999999998,5.2458160519599915
1949,2019-12-10 22:00:00,86.54024,120.93398000000002,5.251024678349495
1950,2019-12-10 23:00:00,86.5438,120.90535999999997,5.30074417591095
1951,2019-12-11 00:00:00,86.54705,120.87806,5.209817886352539
1952,2019-12-11 01:00:00,86.55005,120.85912000000002,5.011576697230339
1953,2019-12-11 02:00:00,86.55282,120.84649000000002,4.791390046477318
1954,2019-12-11 03:00:00,86.55573,120.84072000000003,4.622797653079033
1955,2019-12-11 04:00:00,86.55825,120.83051999999998,4.511385217308998
1956,2019-12-11 05:00:00,86.56057,120.81709000000001,4.396965995430946
1957,2019-12-11 06:00:00,86.56296,120.80457000000001,4.194380760192871
1958,2019-12-11 07:00:00,86.56537,120.78938,3.896928057074547
1959,2019-12-11 08:00:00,86.56765,120.77013999999997,3.842096209526062
1960,2019-12-11 09:00:00,86.57002,120.75671,3.800127550959587
1961,2019-12-11 10:00:00,86.5724,120.74689000000001,3.5498207360506058
1962,2019-12-11 11:00:00,86.57459,120.72793000000001,3.239032745361328
1963,2019-12-11 12:00:00,86.57658,120.69799999999998,2.870183914899826
1964,2019-12-11 13:00:00,86.57836,120.66363999999999,2.687203973531723
1965,2019-12-11 14:00:00,86.57996,120.62347999999997,2.6314655542373657
1966,2019-12-11 15:00:00,86.58166,120.58238,2.584059700369835
1967,2019-12-11 16:00:00,86.58344,120.54228999999998,2.4043425768613815
1968,2019-12-11 17:00:00,86.58521,120.50515999999999,2.05537486076355
1969,2019-12-11 18:00:00,86.58695,120.47068999999999,1.7742991000413895
1970,2019-12-11 19:00:00,86.58848,120.43597999999997,1.5466762334108353
1971,2019-12-11 20:00:00,86.58963,120.4017,1.4680122584104538
1972,2019-12-11 21:00:00,86.5907,120.3689,1.2356037497520447
1973,2019-12-11 22:00:00,86.59174,120.33832999999998,1.0798981189727783
1974,2019-12-11 23:00:00,86.59294,120.31225999999998,1.5280377715826035
1975,2019-12-12 00:00:00,86.59413,120.28706999999997,2.0715480148792267
1976,2019-12-12 01:00:00,86.59517,120.26306999999997,2.3043859750032425
1977,2019-12-12 02:00:00,86.59613,120.23878000000002,2.5950077325105667
1978,2019-12-12 03:00:00,86.59692,120.21301,3.0838617086410522
1979,2019-12-12 04:00:00,86.59757,120.18662999999998,3.2567833960056305
1980,2019-12-12 05:00:00,86.59805,120.16183000000001,3.303875580430031
1981,2019-12-12 06:00:00,86.59844,120.13842,3.802258849143982
1982,2019-12-12 07:00:00,86.5987,120.1164,4.585183188319206
1983,2019-12-12 08:00:00,86.59881,120.09604000000002,4.683739513158798
1984,2019-12-12 09:00:00,86.59879,120.07537000000002,4.540587767958641
1985,2019-12-12 10:00:00,86.59871,120.05414999999999,4.877797961235046
1986,2019-12-12 11:00:00,86.59863,120.03203000000002,4.958985015749931
1987,2019-12-12 12:00:00,86.59855,120.00945999999999,5.0573683232069016
1988,2019-12-12 13:00:00,86.59841,119.98563000000001,5.199485674500465
1989,2019-12-12 14:00:00,86.59812,119.96165000000002,5.3361271768808365
1990,2019-12-12 15:00:00,86.59789,119.9377,5.447657287120819
1991,2019-12-12 16:00:00,86.59774,119.91471000000001,5.365948513150215
1992,2019-12-12 17:00:00,86.59759,119.89360999999997,5.440249145030975
1993,2019-12-12 18:00:00,86.59745,119.87342999999998,5.803040072321892
1994,2019-12-12 19:00:00,86.59727,119.85446999999999,5.908980846405029
1995,2019-12-12 20:00:00,86.59711,119.83425,5.739852100610733
1996,2019-12-12 21:00:00,86.59674,119.80498999999998,5.807098597288132
1997,2019-12-12 22:00:00,86.59627,119.76953000000003,5.8738448321819305
1998,2019-12-12 23:00:00,86.59539,119.72276,5.930824086070061
1999,2019-12-13 00:00:00,86.59442,119.67331000000001,6.049253597855568
2000,2019-12-13 01:00:00,86.59346,119.61962,5.886379972100258
2001,2019-12-13 02:00:00,86.5926,119.56498999999997,5.827039435505867
2002,2019-12-13 03:00:00,86.59206,119.50970000000001,5.940074309706688
2003,2019-12-13 04:00:00,86.5919,119.46035,6.073129326105118
2004,2019-12-13 05:00:00,86.59194,119.41663,5.96918810904026
2005,2019-12-13 06:00:00,86.59213,119.37601000000001,5.695859268307686
2006,2019-12-13 07:00:00,86.59243,119.33326999999997,5.60380095243454
2007,2019-12-13 08:00:00,86.59274,119.28978999999998,5.612129375338554
2008,2019-12-13 09:00:00,86.59316,119.24507,5.579772375524044
2009,2019-12-13 10:00:00,86.59372,119.19929000000002,5.520476281642914
2010,2019-12-13 11:00:00,86.59419,119.15724999999998,5.320547536015511
2011,2019-12-13 12:00:00,86.59468,119.11829,5.1619680523872375
2012,2019-12-13 13:00:00,86.59517,119.07749000000001,4.993069142103195
2013,2019-12-13 14:00:00,86.59576,119.03935000000001,4.946851059794426
2014,2019-12-13 15:00:00,86.59642,119.00317999999999,4.769130453467369
2015,2019-12-13 16:00:00,86.59707,118.96814999999998,4.545023366808891
2016,2019-12-13 17:00:00,86.59775,118.93459999999999,4.318032413721085
2017,2019-12-13 18:00:00,86.5984,118.90214000000003,3.957731142640114
2018,2019-12-13 19:00:00,86.59905,118.86932999999999,3.7153057903051376
2019,2019-12-13 20:00:00,86.59976,118.83695999999998,3.5583954006433487
2020,2019-12-13 21:00:00,86.60057,118.80466999999999,3.366619497537613
2021,2019-12-13 22:00:00,86.60143,118.77247,3.3475364446640015
2022,2019-12-13 23:00:00,86.60236,118.74099000000001,3.309540957212448
2023,2019-12-14 00:00:00,86.60324,118.70916999999997,3.1222181916236877
2024,2019-12-14 01:00:00,86.60425,118.68018999999998,2.6338467448949814
2025,2019-12-14 02:00:00,86.60527,118.65327000000002,2.3626780956983566
2026,2019-12-14 03:00:00,86.60629,118.62869999999998,2.355990990996361
2027,2019-12-14 04:00:00,86.60727,118.60660000000001,2.4113255739212036
2028,2019-12-14 05:00:00,86.60821,118.58510000000001,2.1952273100614548
2029,2019-12-14 06:00:00,86.60906,118.56430999999998,1.9865393340587616
2030,2019-12-14 07:00:00,86.60983,118.54476,1.8314544707536697
2031,2019-12-14 08:00:00,86.61063,118.52552000000003,1.7463239878416061
2032,2019-12-14 09:00:00,86.61143,118.50603999999998,1.7100735902786255
2033,2019-12-14 10:00:00,86.61199,118.48458,1.6118710935115814
2034,2019-12-14 11:00:00,86.61261,118.46267,1.8267111480236053
2035,2019-12-14 12:00:00,86.61315,118.43952999999999,1.9231445342302322
2036,2019-12-14 13:00:00,86.61381,118.41773,1.9026592820882797
2037,2019-12-14 14:00:00,86.61435,118.39859999999999,1.9009332805871964
2038,2019-12-14 15:00:00,86.61476,118.38081,2.2104541212320328
2039,2019-12-14 16:00:00,86.61519,118.36394999999999,2.4560071900486946
2040,2019-12-14 17:00:00,86.61555,118.34860000000003,2.425155594944954
2041,2019-12-14 18:00:00,86.61592,118.33458999999999,2.2130841612815857
2042,2019-12-14 19:00:00,86.61625,118.32130000000001,2.032443344593048
2043,2019-12-14 20:00:00,86.61652,118.30638999999996,2.052963301539421
2044,2019-12-14 21:00:00,86.61697,118.28868,1.9426429122686386
2045,2019-12-14 22:00:00,86.6174,118.26837,1.703990712761879
2046,2019-12-14 23:00:00,86.61788,118.24634000000003,1.6213661283254623
2047,2019-12-15 00:00:00,86.61829,118.22222999999997,1.6243663728237152
2048,2019-12-15 01:00:00,86.61867,118.19752,1.4872849434614182
2049,2019-12-15 02:00:00,86.61896,118.17281000000003,1.542832762002945
2050,2019-12-15 03:00:00,86.61913,118.15017999999998,1.6424733102321625
2051,2019-12-15 04:00:00,86.61927,118.12981000000002,1.9308347404003143
2052,2019-12-15 05:00:00,86.61933,118.11157000000003,2.020239993929863
2053,2019-12-15 06:00:00,86.61929,118.09542999999996,2.0711956173181534
2054,2019-12-15 07:00:00,86.61921,118.07801999999998,2.0803236812353134
2055,2019-12-15 08:00:00,86.61915,118.05790000000002,2.1486878842115402
2056,2019-12-15 09:00:00,86.61908,118.03535,2.628017708659172
2057,2019-12-15 10:00:00,86.61907,118.01017999999999,2.9467131346464157
2058,2019-12-15 11:00:00,86.61908,117.98158999999998,3.1041561663150787
2059,2019-12-15 12:00:00,86.61905,117.95049,3.3039073646068573
2060,2019-12-15 13:00:00,86.61896,117.91705999999999,3.631755441427231
2061,2019-12-15 14:00:00,86.61874,117.88094000000001,3.946019008755684
2062,2019-12-15 15:00:00,86.61844,117.84548999999998,4.321941822767258
2063,2019-12-15 16:00:00,86.61807,117.81063,4.672288283705711
2064,2019-12-15 17:00:00,86.6176,117.77585999999997,4.888616785407066
2065,2019-12-15 18:00:00,86.61713,117.73981000000003,5.114022135734558
2066,2019-12-15 19:00:00,86.61652,117.70105999999998,5.438908353447914
2067,2019-12-15 20:00:00,86.6159,117.65990999999997,5.731326445937157
2068,2019-12-15 21:00:00,86.61522,117.61513000000002,6.235904723405838
2069,2019-12-15 22:00:00,86.61458,117.56735000000003,6.677794709801674
2070,2019-12-15 23:00:00,86.61383,117.51299,7.089556440711021
2071,2019-12-16 00:00:00,86.61316,117.45571999999999,7.413198918104172
2072,2019-12-16 01:00:00,86.61244,117.39630999999997,7.627193108201027
2073,2019-12-16 02:00:00,86.61161,117.33179999999999,7.884608909487724
2074,2019-12-16 03:00:00,86.61029,117.25765999999999,7.37413102388382
2075,2019-12-16 04:00:00,86.60886,117.18306999999999,7.548125550150871
2076,2019-12-16 05:00:00,86.60734,117.10910000000001,7.773325353860855
2077,2019-12-16 06:00:00,86.60559,117.03206999999998,7.995961904525757
2078,2019-12-16 07:00:00,86.60368,116.95335,8.20654022693634
2079,2019-12-16 08:00:00,86.60182,116.86198999999999,8.560480043292046
2080,2019-12-16 09:00:00,86.60021,116.76071999999999,8.826753541827202
2081,2019-12-16 10:00:00,86.5991,116.64357000000001,8.9719947129488
2082,2019-12-16 11:00:00,86.59854,116.52553999999998,9.212938249111176
2083,2019-12-16 12:00:00,86.59838,116.40742,9.426141038537025
2084,2019-12-16 13:00:00,86.59855,116.29077000000001,9.382960185408592
2085,2019-12-16 14:00:00,86.59894,116.17836999999997,9.307569354772568
2086,2019-12-16 15:00:00,86.59954,116.07096000000001,9.20824582874775
2087,2019-12-16 16:00:00,86.60021,115.96920999999998,9.023353785276413
2088,2019-12-16 17:00:00,86.6009,115.87394,8.704927057027817
2089,2019-12-16 18:00:00,86.60158,115.78345999999999,8.323228642344475
2090,2019-12-16 19:00:00,86.60226,115.69758999999999,7.957633420825005
2091,2019-12-16 20:00:00,86.60302,115.61732999999998,7.7384195774793625
2092,2019-12-16 21:00:00,86.6039,115.53964000000002,7.523703694343567
2093,2019-12-16 22:00:00,86.6049,115.46087,7.363130614161491
2094,2019-12-16 23:00:00,86.60603,115.38240000000002,7.192337021231651
2095,2019-12-17 00:00:00,86.60725,115.30432000000002,6.858752325177193
2096,2019-12-17 01:00:00,86.60876,115.22735999999998,6.817848175764084
2097,2019-12-17 02:00:00,86.61052,115.15204,6.850481078028679
2098,2019-12-17 03:00:00,86.61262,115.07603,6.868028536438942
2099,2019-12-17 04:00:00,86.61453,115.00626,6.868640094995499
2100,2019-12-17 05:00:00,86.61689,114.93441999999999,6.829079300165176
2101,2019-12-17 06:00:00,86.61964,114.86770999999999,6.777542233467102
2102,2019-12-17 07:00:00,86.62213,114.80344000000002,6.555016353726387
2103,2019-12-17 08:00:00,86.62474,114.74549999999999,6.284819945693016
2104,2019-12-17 09:00:00,86.62727,114.69187,6.2003287971019745
2105,2019-12-17 10:00:00,86.63006,114.63836000000003,6.259960442781448
2106,2019-12-17 11:00:00,86.63311,114.58415000000002,6.157525226473808
2107,2019-12-17 12:00:00,86.63637,114.52900999999997,5.998124495148659
2108,2019-12-17 13:00:00,86.63965,114.47369000000003,5.757785186171532
2109,2019-12-17 14:00:00,86.64297,114.41840000000002,5.672886148095131
2110,2019-12-17 15:00:00,86.64625,114.36316999999997,5.642189517617226
2111,2019-12-17 16:00:00,86.64953,114.31142999999997,5.58361978828907
2112,2019-12-17 17:00:00,86.65252,114.26288999999997,5.349815785884857
2113,2019-12-17 18:00:00,86.65532,114.21771000000001,5.135382294654846
2114,2019-12-17 19:00:00,86.65784,114.17336999999998,4.952761173248291
2115,2019-12-17 20:00:00,86.66034,114.13006999999999,4.867101728916168
2116,2019-12-17 21:00:00,86.66272,114.08686999999998,4.810793370008469
2117,2019-12-17 22:00:00,86.66489,114.04273999999998,4.7267747819423676
2118,2019-12-17 23:00:00,86.66698,113.99808000000002,4.678196936845779
2119,2019-12-18 00:00:00,86.66908,113.95238,4.544340133666992
2120,2019-12-18 01:00:00,86.67126,113.90633000000003,4.272901102900505
2121,2019-12-18 02:00:00,86.67337,113.86176999999998,4.028156369924545
2122,2019-12-18 03:00:00,86.67543,113.81763000000001,3.859800323843956
2123,2019-12-18 04:00:00,86.67697,113.77778999999998,3.7468488067388535
2124,2019-12-18 05:00:00,86.67813,113.74061,3.6083842366933823
2125,2019-12-18 06:00:00,86.67899,113.70724000000001,3.3989209085702896
2126,2019-12-18 07:00:00,86.67954,113.67794000000004,3.197069577872753
2127,2019-12-18 08:00:00,86.67981,113.65118000000001,3.0067042410373688
2128,2019-12-18 09:00:00,86.68001,113.62481000000002,2.752770811319351
2129,2019-12-18 10:00:00,86.6802,113.59653000000003,2.492243856191635
2130,2019-12-18 11:00:00,86.68035,113.56612999999999,2.3639463037252426
2131,2019-12-18 12:00:00,86.6804,113.5349,2.392776980996132
2132,2019-12-18 13:00:00,86.68043,113.50224000000003,2.478522405028343
2133,2019-12-18 14:00:00,86.68047,113.46917000000002,2.4952482283115387
2134,2019-12-18 15:00:00,86.68049,113.43696999999997,2.621718928217888
2135,2019-12-18 16:00:00,86.68046,113.40609,2.876783177256584
2136,2019-12-18 17:00:00,86.68043,113.37739999999997,3.098106727004051
2137,2019-12-18 18:00:00,86.68038,113.35041999999999,3.1836163997650146
2138,2019-12-18 19:00:00,86.68026,113.32553000000001,3.219898223876953
2139,2019-12-18 20:00:00,86.68008,113.3012,3.293293833732605
2140,2019-12-18 21:00:00,86.68,113.27525000000003,3.3596020191907883
2141,2019-12-18 22:00:00,86.68002,113.24778000000003,3.276954486966133
2142,2019-12-18 23:00:00,86.68017,113.21877999999998,3.1140030324459076
2143,2019-12-19 00:00:00,86.6804,113.18953999999997,2.9732726514339447
2144,2019-12-19 01:00:00,86.68068,113.16093000000001,2.775560826063156
2145,2019-12-19 02:00:00,86.68092,113.13413000000003,2.6376266479492188
2146,2019-12-19 03:00:00,86.68104,113.11065000000002,2.7454741448163986
2147,2019-12-19 04:00:00,86.68092,113.09005000000002,2.92726568877697
2148,2019-12-19 05:00:00,86.68062,113.07367999999997,2.8317241221666336
2149,2019-12-19 06:00:00,86.6803,113.05799000000002,2.5464075058698654
2150,2019-12-19 07:00:00,86.67997,113.04232000000002,2.2741149961948395
2151,2019-12-19 08:00:00,86.67961,113.02561000000003,2.3252573907375336
2152,2019-12-19 09:00:00,86.67922,113.00823000000003,2.27026803791523
2153,2019-12-19 10:00:00,86.67886,112.9896,1.964242771267891
2154,2019-12-19 11:00:00,86.67856,112.97026,1.4307523891329765
2155,2019-12-19 12:00:00,86.67822,112.95059000000003,0.9715054333209991
2156,2019-12-19 13:00:00,86.67796,112.92969,0.8328856080770493
2157,2019-12-19 14:00:00,86.67783,112.90969999999999,1.3134413063526154
2158,2019-12-19 15:00:00,86.67778,112.89010000000002,2.009851425886154
2159,2019-12-19 16:00:00,86.67779,112.87187,2.1185000985860825
2160,2019-12-19 17:00:00,86.67774,112.85532999999998,1.9314756244421005
2161,2019-12-19 18:00:00,86.67755,112.84046000000001,1.6745706051588058
2162,2019-12-19 19:00:00,86.67725,112.82747,1.2297370880842209
2163,2019-12-19 20:00:00,86.67684,112.81281000000001,0.8829475194215775
2164,2019-12-19 21:00:00,86.67647,112.79475000000002,0.9507534503936768
2165,2019-12-19 22:00:00,86.67619,112.77418999999998,1.3222646713256836
2166,2019-12-19 23:00:00,86.67606,112.75387999999998,1.524372160434723
2167,2019-12-20 00:00:00,86.67614,112.73383999999999,1.595595806837082
2168,2019-12-20 01:00:00,86.67638,112.71407999999997,1.4418022632598877
2169,2019-12-20 02:00:00,86.67681,112.6959,1.1392931193113327
2170,2019-12-20 03:00:00,86.67733,112.68043999999998,0.8920160233974457
2171,2019-12-20 04:00:00,86.67788,112.66726,0.8664294928312302
2172,2019-12-20 05:00:00,86.6784,112.65631000000002,0.85879185795784
2173,2019-12-20 06:00:00,86.67884,112.64651000000003,0.9352107346057892
2174,2019-12-20 07:00:00,86.67914,112.63743999999997,1.0197799801826477
2175,2019-12-20 08:00:00,86.67933,112.62669,0.9258743524551392
2176,2019-12-20 09:00:00,86.67944,112.61482000000001,0.8021553158760071
2177,2019-12-20 10:00:00,86.67959,112.60088000000002,0.6964783370494843
2178,2019-12-20 11:00:00,86.67986,112.58614,0.650415688753128
2179,2019-12-20 12:00:00,86.68027,112.57139999999998,0.658496156334877
2180,2019-12-20 13:00:00,86.6808,112.55712,0.7039808034896851
2181,2019-12-20 14:00:00,86.68153,112.54410999999999,1.0421373397111893
2182,2019-12-20 15:00:00,86.68235,112.53269,1.3246491253376007
2183,2019-12-20 16:00:00,86.68315,112.52386000000001,1.3494548052549362
2184,2019-12-20 17:00:00,86.68386,112.51645000000002,1.1984214633703232
2185,2019-12-20 18:00:00,86.68442,112.50995,0.891415923833847
2186,2019-12-20 19:00:00,86.68484,112.50365,0.7226120829582214
2187,2019-12-20 20:00:00,86.68514,112.49667999999997,0.7315419614315033
2188,2019-12-20 21:00:00,86.68536,112.48849000000001,0.8860945701599121
2189,2019-12-20 22:00:00,86.68551,112.47878000000003,0.9946742653846741
2190,2019-12-20 23:00:00,86.68572,112.46785,0.9227120578289032
2191,2019-12-21 00:00:00,86.68602,112.45613000000003,0.6988886147737503
2192,2019-12-21 01:00:00,86.68646,112.44447000000002,0.9109724462032318
2193,2019-12-21 02:00:00,86.68701,112.43376999999998,1.5390871167182922
2194,2019-12-21 03:00:00,86.68761,112.42518000000001,2.1220060884952545
2195,2019-12-21 04:00:00,86.68814,112.4194,2.367326632142067
2196,2019-12-21 05:00:00,86.68856,112.41615000000002,2.439282462000847
2197,2019-12-21 06:00:00,86.68879,112.41439000000003,2.4084919467568398
2198,2019-12-21 07:00:00,86.68885,112.41338000000002,2.3152208775281906
2199,2019-12-21 08:00:00,86.68872,112.41194000000002,2.2175633013248444
2200,2019-12-21 09:00:00,86.68846,112.41059000000001,2.146905392408371
2201,2019-12-21 10:00:00,86.6881,112.40821,2.227685511112213
2202,2019-12-21 11:00:00,86.68769,112.40460000000002,2.4121179431676865
2203,2019-12-21 12:00:00,86.68733,112.40082999999998,2.478267729282379
2204,2019-12-21 13:00:00,86.68706,112.39756999999997,2.513829529285431
2205,2019-12-21 14:00:00,86.6869,112.39576999999997,2.4825992584228516
2206,2019-12-21 15:00:00,86.68676,112.39539000000002,2.439502999186516
2207,2019-12-21 16:00:00,86.68662,112.39661999999998,2.678067922592163
2208,2019-12-21 17:00:00,86.68644,112.3997,2.8798564970493317
2209,2019-12-21 18:00:00,86.68609,112.40483,2.9937476962804794
2210,2019-12-21 19:00:00,86.68558,112.41227000000003,3.077462673187256
2211,2019-12-21 20:00:00,86.6849,112.42198000000002,3.1793535947799683
2212,2019-12-21 21:00:00,86.68405,112.43318999999997,3.2594912350177765
2213,2019-12-21 22:00:00,86.68309,112.44484999999997,3.268989324569702
2214,2019-12-21 23:00:00,86.68207,112.45628999999997,3.1855549216270447
2215,2019-12-22 00:00:00,86.6811,112.46627999999998,3.1126464903354645
2216,2019-12-22 01:00:00,86.68029,112.47618,3.2394361346960068
2217,2019-12-22 02:00:00,86.67965,112.48739,3.574810028076172
2218,2019-12-22 03:00:00,86.67916,112.50126,3.9351790696382523
2219,2019-12-22 04:00:00,86.67866,112.51783999999998,4.030598878860474
2220,2019-12-22 05:00:00,86.67808,112.53773000000001,3.9879397451877594
2221,2019-12-22 06:00:00,86.67732,112.55955,3.9952594488859177
2222,2019-12-22 07:00:00,86.67629,112.58019999999999,4.0530649572610855
2223,2019-12-22 08:00:00,86.67513,112.59667999999999,4.284435749053955
2224,2019-12-22 09:00:00,86.67401,112.60989999999998,4.413831576704979
2225,2019-12-22 10:00:00,86.67294,112.62263999999999,4.444188967347145
2226,2019-12-22 11:00:00,86.67184,112.63458000000003,4.490817725658417
2227,2019-12-22 12:00:00,86.67091,112.64585,4.523776829242706
2228,2019-12-22 13:00:00,86.6701,112.6583,4.580330893397331
2229,2019-12-22 14:00:00,86.66937,112.67275000000001,4.6652355790138245
2230,2019-12-22 15:00:00,86.6687,112.68723999999997,4.829546466469765
2231,2019-12-22 16:00:00,86.66805,112.70571000000001,4.885947719216347
2232,2019-12-22 17:00:00,86.66738,112.72685000000001,4.858172506093979
2233,2019-12-22 18:00:00,86.66631,112.75233000000003,4.882904648780823
2234,2019-12-22 19:00:00,86.66471,112.78064999999998,4.777234077453613
2235,2019-12-22 20:00:00,86.66282,112.80988000000002,4.664821445941925
2236,2019-12-22 21:00:00,86.6608,112.83857,4.632246255874634
2237,2019-12-22 22:00:00,86.65896,112.86184000000003,4.550435155630112
2238,2019-12-22 23:00:00,86.65718,112.88267000000002,4.51132345199585
2239,2019-12-23 00:00:00,86.65542,112.90133000000003,4.4560661017894745
2240,2019-12-23 01:00:00,86.65378,112.91982999999999,4.465715318918228
2241,2019-12-23 02:00:00,86.6523,112.93858,4.399683594703674
2242,2019-12-23 03:00:00,86.651,112.95837,4.297690331935883
2243,2019-12-23 04:00:00,86.64986,112.9805,4.263383075594902
2244,2019-12-23 05:00:00,86.64879,113.00563999999997,4.337473094463348
2245,2019-12-23 06:00:00,86.64764,113.0326,4.534401640295982
2246,2019-12-23 07:00:00,86.64647,113.05989999999997,4.66679835319519
2247,2019-12-23 08:00:00,86.64523,113.08576,4.703276827931404
2248,2019-12-23 09:00:00,86.644,113.10966000000002,4.672839552164078
2249,2019-12-23 10:00:00,86.6427,113.13117999999997,4.6511339247226715
2250,2019-12-23 11:00:00,86.64126,113.14875999999998,4.606959953904152
2251,2019-12-23 12:00:00,86.6399,113.1651,4.586527049541473
2252,2019-12-23 13:00:00,86.63864,113.18054999999998,4.679106816649437
2253,2019-12-23 14:00:00,86.63769,113.19531999999998,4.779699444770813
2254,2019-12-23 15:00:00,86.63685,113.21339999999998,4.859456494450569
2255,2019-12-23 16:00:00,86.63604,113.23584,4.898074999451637
2256,2019-12-23 17:00:00,86.63528,113.26323000000002,4.928775072097778
2257,2019-12-23 18:00:00,86.63451,113.29410000000001,4.926332131028175
2258,2019-12-23 19:00:00,86.63371,113.32603,4.905121847987175
2259,2019-12-23 20:00:00,86.63279,113.35789999999997,4.9426873326301575
2260,2019-12-23 21:00:00,86.63188,113.38841000000002,4.97956258058548
2261,2019-12-23 22:00:00,86.63103,113.41741999999999,4.9612670838832855
2262,2019-12-23 23:00:00,86.63016,113.44673999999998,4.998868554830551
2263,2019-12-24 00:00:00,86.6294,113.47627,5.060143858194351
2264,2019-12-24 01:00:00,86.62881,113.50590999999997,5.1495301723480225
2265,2019-12-24 02:00:00,86.62831,113.53634999999997,5.203614562749863
2266,2019-12-24 03:00:00,86.62788,113.56993,5.188243433833122
2267,2019-12-24 04:00:00,86.62755,113.60626000000002,5.063380017876625
2268,2019-12-24 05:00:00,86.62723,113.64490999999998,5.006238341331482
2269,2019-12-24 06:00:00,86.62689,113.68651999999997,5.093955338001251
2270,2019-12-24 07:00:00,86.62654,113.72884999999997,5.108149319887161
2271,2019-12-24 08:00:00,86.62611,113.76977999999997,5.152988895773888
2272,2019-12-24 09:00:00,86.62553,113.81166000000002,5.2029856741428375
2273,2019-12-24 10:00:00,86.62498,113.85279000000003,5.215027406811714
2274,2019-12-24 11:00:00,86.62434,113.89447000000001,5.213949874043465
2275,2019-12-24 12:00:00,86.62367,113.93252000000001,5.303393915295601
2276,2019-12-24 13:00:00,86.623,113.96951999999999,5.482466474175453
2277,2019-12-24 14:00:00,86.62251,114.01141000000001,5.577460944652557
2278,2019-12-24 15:00:00,86.62227,114.05439000000001,5.568230777978897
2279,2019-12-24 16:00:00,86.62227,114.09866999999997,5.583635330200195
2280,2019-12-24 17:00:00,86.62234,114.14708000000002,5.649517297744751
2281,2019-12-24 18:00:00,86.6224,114.19655,5.687303230166435
2282,2019-12-24 19:00:00,86.62247,114.24741,5.690173521637917
2283,2019-12-24 20:00:00,86.62235,114.29795000000001,5.695801198482513
2284,2019-12-24 21:00:00,86.62217,114.34569999999997,5.657763704657555
2285,2019-12-24 22:00:00,86.6219,114.39157999999998,5.580785945057869
2286,2019-12-24 23:00:00,86.62166,114.43606999999997,5.557296589016914
2287,2019-12-25 00:00:00,86.62153,114.47974999999997,5.550881937146187
2288,2019-12-25 01:00:00,86.6215,114.52233999999999,5.596479490399361
2289,2019-12-25 02:00:00,86.62154,114.56421999999998,5.65422235429287
2290,2019-12-25 03:00:00,86.62165,114.60768999999999,5.680465206503868
2291,2019-12-25 04:00:00,86.62191,114.65241000000003,5.661662831902504
2292,2019-12-25 05:00:00,86.62227,114.70002999999997,5.562452405691147
2293,2019-12-25 06:00:00,86.62271,114.74778000000003,5.428031355142593
2294,2019-12-25 07:00:00,86.62317,114.79484000000002,5.385809428989887
2295,2019-12-25 08:00:00,86.62354,114.84075000000001,5.630890652537346
2296,2019-12-25 09:00:00,86.62384,114.88445999999999,5.620750308036804
2297,2019-12-25 10:00:00,86.6242,114.92725999999999,5.651523619890213
2298,2019-12-25 11:00:00,86.62451,114.96897000000001,5.743692845106125
2299,2019-12-25 12:00:00,86.62489,115.00869999999998,5.715035438537598
2300,2019-12-25 13:00:00,86.62517,115.04529000000002,5.646337553858757
2301,2019-12-25 14:00:00,86.6256,115.07979999999998,5.483765959739685
2302,2019-12-25 15:00:00,86.62616,115.11262999999997,5.137888364493847
2303,2019-12-25 16:00:00,86.62698,115.14549999999997,4.92671762406826
2304,2019-12-25 17:00:00,86.62798,115.17827,4.72342287003994
2305,2019-12-25 18:00:00,86.62919,115.21199999999999,4.6371737867593765
2306,2019-12-25 19:00:00,86.63074,115.24910999999997,4.489734962582588
2307,2019-12-25 20:00:00,86.63229,115.28714000000002,4.494534060359001
2308,2019-12-25 21:00:00,86.63396,115.32598999999999,4.77203106880188
2309,2019-12-25 22:00:00,86.63552,115.36347,4.7643101811409
2310,2019-12-25 23:00:00,86.63692,115.40046999999998,4.755680650472641
2311,2019-12-26 00:00:00,86.63845,115.43792000000002,4.800365164875984
2312,2019-12-26 01:00:00,86.63982,115.47505000000001,4.89166983962059
2313,2019-12-26 02:00:00,86.64117,115.51243999999997,5.048086300492287
2314,2019-12-26 03:00:00,86.64246,115.55000000000001,5.192939266562462
2315,2019-12-26 04:00:00,86.64379,115.58911999999998,5.176891103386879
2316,2019-12-26 05:00:00,86.64511,115.63141000000002,5.277822405099869
2317,2019-12-26 06:00:00,86.64648,115.67561999999998,5.253077074885368
2318,2019-12-26 07:00:00,86.64779,115.71906999999999,4.992452993988991
2319,2019-12-26 08:00:00,86.64904,115.76066000000003,5.009299963712692
2320,2019-12-26 09:00:00,86.65019,115.79912999999999,5.257213339209557
2321,2019-12-26 10:00:00,86.65142,115.83454999999998,5.253159090876579
2322,2019-12-26 11:00:00,86.65271,115.86360000000002,4.928426310420036
2323,2019-12-26 12:00:00,86.65388,115.88988,4.793639346957207
2324,2019-12-26 13:00:00,86.65499,115.91143999999997,4.905400529503822
2325,2019-12-26 14:00:00,86.65616,115.92722000000003,4.892292812466621
2326,2019-12-26 15:00:00,86.65745,115.93867,4.785146966576576
2327,2019-12-26 16:00:00,86.65898,115.94815,4.5752541571855545
2328,2019-12-26 17:00:00,86.66054,115.95600999999999,4.410988345742226
2329,2019-12-26 18:00:00,86.6624,115.96393999999998,4.199035882949829
2330,2019-12-26 19:00:00,86.66426,115.97158000000002,4.153855264186859
2331,2019-12-26 20:00:00,86.66611,115.97742,4.067978322505951
2332,2019-12-26 21:00:00,86.66786,115.98340000000002,3.9049820601940155
2333,2019-12-26 22:00:00,86.66949,115.98923000000002,3.8778210431337357
2334,2019-12-26 23:00:00,86.67102,115.99446999999998,3.954141154885292
2335,2019-12-27 00:00:00,86.67249,115.99898000000002,3.958257257938385
2336,2019-12-27 01:00:00,86.67348,116.00187,3.8430550396442413
2337,2019-12-27 02:00:00,86.67419,116.00279999999998,3.681313917040825
2338,2019-12-27 03:00:00,86.67475,116.00295,3.4736028015613556
2339,2019-12-27 04:00:00,86.67518,116.00238000000002,3.241738200187683
2340,2019-12-27 05:00:00,86.67558,116.00099999999998,3.0422240048646927
2341,2019-12-27 06:00:00,86.676,115.99741,2.8918381929397583
2342,2019-12-27 07:00:00,86.67643,115.99099999999999,2.7665797770023346
2343,2019-12-27 08:00:00,86.67689,115.983,2.642248749732971
2344,2019-12-27 09:00:00,86.67742,115.97392000000002,2.4700682684779167
2345,2019-12-27 10:00:00,86.67804,115.96500000000003,2.387794703245163
2346,2019-12-27 11:00:00,86.67861,115.95609000000002,2.430382579565048
2347,2019-12-27 12:00:00,86.67898,115.94668000000001,2.409398779273033
2348,2019-12-27 13:00:00,86.67923,115.93923999999998,2.2841450721025467
2349,2019-12-27 14:00:00,86.67935,115.93501000000003,2.2005599662661552
2350,2019-12-27 15:00:00,86.67929,115.92995000000002,2.0690084248781204
2351,2019-12-27 16:00:00,86.67913,115.92345,1.8500948995351791
2352,2019-12-27 17:00:00,86.67894,115.91541000000001,1.6342053562402725
2353,2019-12-27 18:00:00,86.67881,115.90611999999999,1.4889706671237946
2354,2019-12-27 19:00:00,86.67879,115.89659,1.3256061971187592
2355,2019-12-27 20:00:00,86.67889,115.88693,1.2083739638328552
2356,2019-12-27 21:00:00,86.6791,115.87752999999998,1.3506515622138977
2357,2019-12-27 22:00:00,86.6794,115.86867000000001,1.5532436966896057
2358,2019-12-27 23:00:00,86.6797,115.86034000000001,1.7317186743021011
2359,2019-12-28 00:00:00,86.67988,115.85149000000001,1.7436560541391373
2360,2019-12-28 01:00:00,86.67981,115.84375,1.755482941865921
2361,2019-12-28 02:00:00,86.67939,115.83344999999997,1.7318296134471893
2362,2019-12-28 03:00:00,86.67869,115.82026000000002,1.789888083934784
2363,2019-12-28 04:00:00,86.67782,115.80728999999997,1.8542637377977371
2364,2019-12-28 05:00:00,86.67693,115.79244,1.9736678153276443
2365,2019-12-28 06:00:00,86.67616,115.77854000000002,1.9635495245456696
2366,2019-12-28 07:00:00,86.67548,115.76490999999999,1.8235662430524826
2367,2019-12-28 08:00:00,86.67492,115.75206000000003,1.9292825907468796
2368,2019-12-28 09:00:00,86.67443,115.74017000000003,1.9779003262519836
2369,2019-12-28 10:00:00,86.6741,115.72857999999997,2.1847847402095795
2370,2019-12-28 11:00:00,86.67373,115.71947,2.4655639231204987
2371,2019-12-28 12:00:00,86.67321,115.71188000000001,2.551944136619568
2372,2019-12-28 13:00:00,86.67246,115.70506999999998,2.7077583968639374
2373,2019-12-28 14:00:00,86.6715,115.69925999999998,2.874043270945549
2374,2019-12-28 15:00:00,86.67039,115.69389000000001,3.178553059697151
2375,2019-12-28 16:00:00,86.66912,115.68747000000002,3.3550650775432587
2376,2019-12-28 17:00:00,86.6678,115.67912999999999,3.3133152425289154
2377,2019-12-28 18:00:00,86.6665,115.66982999999999,3.29396353662014
2378,2019-12-28 19:00:00,86.6653,115.66068000000001,3.337212845683098
2379,2019-12-28 20:00:00,86.66428,115.65168,3.481938898563385
2380,2019-12-28 21:00:00,86.6634,115.64537999999999,3.609299898147583
2381,2019-12-28 22:00:00,86.66259,115.64202,3.6305342614650726
2382,2019-12-28 23:00:00,86.6618,115.64233999999999,3.614035576581955
2383,2019-12-29 00:00:00,86.6609,115.64603999999997,3.662841707468033
2384,2019-12-29 01:00:00,86.65989,115.65190999999999,3.7925275415182114
2385,2019-12-29 02:00:00,86.65875,115.66023000000001,3.9865476489067078
2386,2019-12-29 03:00:00,86.65745,115.67160999999999,4.188681662082672
2387,2019-12-29 04:00:00,86.65612,115.68155999999999,4.467681854963303
2388,2019-12-29 05:00:00,86.65465,115.69139000000001,4.717617183923721
2389,2019-12-29 06:00:00,86.65277,115.7045,4.7651388347148895
2390,2019-12-29 07:00:00,86.65113,115.71755999999999,4.871038541197777
2391,2019-12-29 08:00:00,86.6496,115.73309,5.030832916498184
2392,2019-12-29 09:00:00,86.6482,115.75254000000001,5.172943942248821
2393,2019-12-29 10:00:00,86.64672,115.77317,5.287472635507584
2394,2019-12-29 11:00:00,86.64529,115.79408000000001,5.3582538813352585
2395,2019-12-29 12:00:00,86.64389,115.81666999999999,5.50887830555439
2396,2019-12-29 13:00:00,86.64236,115.84165999999999,5.554793804883957
2397,2019-12-29 14:00:00,86.64073,115.86927000000003,5.7818945199251175
2398,2019-12-29 15:00:00,86.63873,115.89661999999998,5.8976865112781525
2399,2019-12-29 16:00:00,86.63652,115.92489,5.822569474577904
2400,2019-12-29 17:00:00,86.63425,115.95308999999997,5.646992668509483
2401,2019-12-29 18:00:00,86.63207,115.98001,6.042091965675354
2402,2019-12-29 19:00:00,86.6299,116.00937999999996,6.812208414077759
2403,2019-12-29 20:00:00,86.62786,116.03775000000002,7.328571617603302
2404,2019-12-29 21:00:00,86.62588,116.06578000000002,7.417665272951126
2405,2019-12-29 22:00:00,86.62412,116.09309999999999,7.455534875392914
2406,2019-12-29 23:00:00,86.62252,116.12310000000002,7.478165999054909
2407,2019-12-30 00:00:00,86.62083,116.15917000000002,7.5380179435014725
2408,2019-12-30 01:00:00,86.61929,116.19864000000001,7.637902796268463
2409,2019-12-30 02:00:00,86.61781,116.24860000000001,7.7840436398983
2410,2019-12-30 03:00:00,86.61636,116.30849999999998,7.822361961007118
2411,2019-12-30 04:00:00,86.61467,116.37675999999999,7.810762256383896
2412,2019-12-30 05:00:00,86.61261,116.44819000000001,7.868136242032051
2413,2019-12-30 06:00:00,86.61012,116.51833999999997,7.750960096716881
2414,2019-12-30 07:00:00,86.60742,116.58305000000001,7.360035255551338
2415,2019-12-30 08:00:00,86.60492,116.64148999999998,7.3083779364824295
2416,2019-12-30 09:00:00,86.60253,116.69421999999997,7.462076246738434
2417,2019-12-30 10:00:00,86.60037,116.74797000000001,7.646931394934654
2418,2019-12-30 11:00:00,86.59838,116.80633,7.649803042411804
2419,2019-12-30 12:00:00,86.59647,116.86721,7.6627711951732635
2420,2019-12-30 13:00:00,86.5943,116.92811,7.5368490517139435
2421,2019-12-30 14:00:00,86.59191,116.99353000000002,7.286384999752045
2422,2019-12-30 15:00:00,86.58938,117.06399999999996,7.393611758947372
2423,2019-12-30 16:00:00,86.58691,117.13734,7.696048095822334
2424,2019-12-30 17:00:00,86.58439,117.20974000000001,7.777287378907204
2425,2019-12-30 18:00:00,86.582,117.27623,7.511925995349884
2426,2019-12-30 19:00:00,86.57991,117.33621,7.333794802427292
2427,2019-12-30 20:00:00,86.57827,117.39188000000001,6.970469579100609
2428,2019-12-30 21:00:00,86.57705,117.43908999999996,6.920876890420914
2429,2019-12-30 22:00:00,86.57639,117.48349999999999,6.615028232336044
2430,2019-12-30 23:00:00,86.5763,117.52774999999997,6.3788703083992
2431,2019-12-31 00:00:00,86.57673,117.57258999999999,6.126975506544113
2432,2019-12-31 01:00:00,86.5771,117.61343999999997,6.317562237381935
2433,2019-12-31 02:00:00,86.57775,117.65359000000001,6.233775749802589
2434,2019-12-31 03:00:00,86.57826,117.68921,5.984187424182892
2435,2019-12-31 04:00:00,86.57881,117.72415000000001,5.84151029586792
2436,2019-12-31 05:00:00,86.57942,117.75826,5.815994918346405
2437,2019-12-31 06:00:00,86.58014,117.78948000000003,5.798820212483406
2438,2019-12-31 07:00:00,86.58112,117.81691999999998,5.576366543769836
2439,2019-12-31 08:00:00,86.58237,117.83929999999998,5.166565522551537
2440,2019-12-31 09:00:00,86.58405,117.85639000000003,4.698620647192001
2441,2019-12-31 10:00:00,86.58602,117.86858000000001,4.418308228254318
2442,2019-12-31 11:00:00,86.58848,117.87801000000002,4.228894352912903
2443,2019-12-31 12:00:00,86.59137,117.88818000000003,3.9851540625095367
2444,2019-12-31 13:00:00,86.59459,117.90073999999998,4.200792133808136
2445,2019-12-31 14:00:00,86.59807,117.91751,4.323112845420837
2446,2019-12-31 15:00:00,86.60159,117.93849,4.4770998656749725
2447,2019-12-31 16:00:00,86.60493,117.96292,4.746904134750366
2448,2019-12-31 17:00:00,86.60812,117.98813000000001,4.997215762734413
2449,2019-12-31 18:00:00,86.61133,118.01159999999999,5.162652552127838
2450,2019-12-31 19:00:00,86.61467,118.03053999999997,5.324389383196831
2451,2019-12-31 20:00:00,86.61825,118.04462999999998,5.4522431045770645
2452,2019-12-31 21:00:00,86.6223,118.05493000000001,5.5123291015625
2453,2019-12-31 22:00:00,86.62706,118.06225,5.531377136707306
2454,2019-12-31 23:00:00,86.63226,118.06624,5.566511899232864
2455,2020-01-01 00:00:00,86.6379,118.06780000000003,5.649591535329819
2456,2020-01-01 01:00:00,86.64354,118.06916000000001,5.741021916270256
2457,2020-01-01 02:00:00,86.64904,118.07130999999998,5.856380730867386
2458,2020-01-01 03:00:00,86.65443,118.07607999999999,6.104907363653183
2459,2020-01-01 04:00:00,86.65962,118.08191,6.320908889174461
2460,2020-01-01 05:00:00,86.66504,118.08578,6.418658837676048
2461,2020-01-01 06:00:00,86.67054,118.08517,6.45961706340313
2462,2020-01-01 07:00:00,86.67632,118.07882000000001,6.540862083435059
2463,2020-01-01 08:00:00,86.68179,118.06214,6.637501738965511
2464,2020-01-01 09:00:00,86.68751,118.03832,6.700390979647636
2465,2020-01-01 10:00:00,86.69357,118.00896999999998,6.765946455299854
2466,2020-01-01 11:00:00,86.69967,117.97633000000002,6.899283543229103
2467,2020-01-01 12:00:00,86.70561,117.94169999999997,7.132290810346603
2468,2020-01-01 13:00:00,86.71138,117.90544,7.247669011354446
2469,2020-01-01 14:00:00,86.71703,117.86941000000002,7.4152062982320786
2470,2020-01-01 15:00:00,86.72231,117.83271000000002,7.536697953939438
2471,2020-01-01 16:00:00,86.72728,117.79224999999997,7.386307030916214
2472,2020-01-01 17:00:00,86.73188,117.74453,7.34866526722908
2473,2020-01-01 18:00:00,86.73628,117.69112000000001,7.49011555314064
2474,2020-01-01 19:00:00,86.74061,117.63344000000001,7.670068681240082
2475,2020-01-01 20:00:00,86.7449,117.57208000000003,7.8850227445364
2476,2020-01-01 21:00:00,86.74941,117.50620000000004,8.08388614654541
2477,2020-01-01 22:00:00,86.75423,117.44115,8.215400516986847
2478,2020-01-01 23:00:00,86.75935,117.37615,8.2959174066782
2479,2020-01-02 00:00:00,86.76482,117.31312000000003,8.2909796833992
2480,2020-01-02 01:00:00,86.77037,117.25414999999998,8.321397870779037
2481,2020-01-02 02:00:00,86.77594,117.19788,8.478254050016403
2482,2020-01-02 03:00:00,86.78139,117.14269999999999,8.56726162135601
2483,2020-01-02 04:00:00,86.7865,117.08829000000003,8.635347977280617
2484,2020-01-02 05:00:00,86.79136,117.03286000000003,8.745371401309967
2485,2020-01-02 06:00:00,86.79616,116.97402999999997,8.713007390499115
2486,2020-01-02 07:00:00,86.80102,116.91172,8.366334900259972
2487,2020-01-02 08:00:00,86.80598,116.84716000000003,8.129258692264557
2488,2020-01-02 09:00:00,86.81106,116.78080999999997,7.6100877821445465
2489,2020-01-02 10:00:00,86.81618,116.71197999999998,7.725686550140381
2490,2020-01-02 11:00:00,86.82135,116.64303000000001,8.490556731820107
2491,2020-01-02 12:00:00,86.82671,116.57481000000001,8.507810398936272
2492,2020-01-02 13:00:00,86.83198,116.50702000000001,8.428288325667381
2493,2020-01-02 14:00:00,86.83703,116.44151,7.443162173032761
2494,2020-01-02 15:00:00,86.84175,116.37643000000003,7.207451730966568
2495,2020-01-02 16:00:00,86.84611,116.31187999999997,6.979687795042992
2496,2020-01-02 17:00:00,86.85013,116.24682999999999,7.035531252622604
2497,2020-01-02 18:00:00,86.85384,116.17824000000002,7.03248405456543
2498,2020-01-02 19:00:00,86.85732,116.10942,7.167486131191254
2499,2020-01-02 20:00:00,86.86073,116.03955000000002,7.7033229768276215
2500,2020-01-02 21:00:00,86.8642,115.96899000000002,7.79653388261795
2501,2020-01-02 22:00:00,86.86795,115.90019999999998,7.706918925046921
2502,2020-01-02 23:00:00,86.87191,115.83667000000003,7.482829719781876
2503,2020-01-03 00:00:00,86.8761,115.78499,7.171138033270836
2504,2020-01-03 01:00:00,86.88027,115.75155999999998,6.75336018204689
2505,2020-01-03 02:00:00,86.88433,115.73757,6.263983845710754
2506,2020-01-03 03:00:00,86.88799,115.73509000000001,5.818380057811737
2507,2020-01-03 04:00:00,86.89136,115.73699999999997,5.398331001400948
2508,2020-01-03 05:00:00,86.89446,115.74047999999999,5.0239714831113815
2509,2020-01-03 06:00:00,86.89732,115.74169,4.6694391667842865
2510,2020-01-03 07:00:00,86.90004,115.74014999999997,4.331530034542084
2511,2020-01-03 08:00:00,86.9027,115.73567000000003,4.097770661115646
2512,2020-01-03 09:00:00,86.90553,115.72660000000002,4.003138780593872
2513,2020-01-03 10:00:00,86.90853,115.71544,3.994136944413185
2514,2020-01-03 11:00:00,86.91167,115.70431000000002,3.9586457908153534
2515,2020-01-03 12:00:00,86.91501,115.69324,3.911843940615654
2516,2020-01-03 13:00:00,86.91848,115.68473,3.9586937725543976
2517,2020-01-03 14:00:00,86.92226,115.67718000000002,4.015726804733276
2518,2020-01-03 15:00:00,86.92603,115.67187000000001,4.4294169545173645
2519,2020-01-03 16:00:00,86.92968,115.66856000000001,4.7705750316381454
2520,2020-01-03 17:00:00,86.93323,115.66442999999998,4.970254212617874
2521,2020-01-03 18:00:00,86.93685,115.65548999999999,4.89774614572525
2522,2020-01-03 19:00:00,86.94047,115.6397,5.095000594854355
2523,2020-01-03 20:00:00,86.94398,115.61944,5.0727603286504745
2524,2020-01-03 21:00:00,86.94753,115.59483999999998,5.859436854720116
2525,2020-01-03 22:00:00,86.9513,115.56711999999999,5.841623887419701
2526,2020-01-03 23:00:00,86.9554,115.53683000000001,5.360756501555443
2527,2020-01-04 00:00:00,86.95982,115.50779999999997,5.61923360824585
2528,2020-01-04 01:00:00,86.96452,115.48451999999997,6.062154307961464
2529,2020-01-04 02:00:00,86.96937,115.46659,6.625440746545792
2530,2020-01-04 03:00:00,86.97419,115.45562000000001,6.76293919980526
2531,2020-01-04 04:00:00,86.9787,115.45089999999999,6.801547348499298
2532,2020-01-04 05:00:00,86.98293,115.45119,6.774000778794289
2533,2020-01-04 06:00:00,86.98672,115.45244000000002,6.66349521279335
2534,2020-01-04 07:00:00,86.99018,115.45114999999998,6.412023589015007
2535,2020-01-04 08:00:00,86.99345,115.44560999999999,6.214221462607384
2536,2020-01-04 09:00:00,86.99669,115.43662,6.103147581219673
2537,2020-01-04 10:00:00,86.99999,115.4237,6.12031427025795
2538,2020-01-04 11:00:00,87.00346,115.40841,6.235968381166458
2539,2020-01-04 12:00:00,87.00713,115.39342999999997,6.0731203854084015
2540,2020-01-04 13:00:00,87.01093,115.38078000000002,5.995936274528503
2541,2020-01-04 14:00:00,87.01478,115.37314000000003,5.838515803217888
2542,2020-01-04 15:00:00,87.01852,115.36903999999998,5.675453677773476
2543,2020-01-04 16:00:00,87.02201,115.36784,5.499095872044563
2544,2020-01-04 17:00:00,87.02512,115.36950000000002,5.347302138805389
2545,2020-01-04 18:00:00,87.02795,115.37108999999998,5.042015478014946
2546,2020-01-04 19:00:00,87.03053,115.36982,4.690342932939529
2547,2020-01-04 20:00:00,87.03308,115.36683,4.499532401561737
2548,2020-01-04 21:00:00,87.03555,115.35901000000001,4.448577553033829
2549,2020-01-04 22:00:00,87.03805,115.34749999999997,4.243300974369049
2550,2020-01-04 23:00:00,87.04064,115.33368000000002,3.8454782366752625
2551,2020-01-05 00:00:00,87.04333,115.32172000000003,3.7923989295959473
2552,2020-01-05 01:00:00,87.04602,115.31083999999998,3.595869943499565
2553,2020-01-05 02:00:00,87.0489,115.30167,3.3480080366134644
2554,2020-01-05 03:00:00,87.05178,115.29471000000001,3.218744233250618
2555,2020-01-05 04:00:00,87.05451,115.29221000000001,3.1758730113506317
2556,2020-01-05 05:00:00,87.05702,115.29417999999998,3.1782615333795547
2557,2020-01-05 06:00:00,87.05918,115.30083000000002,3.045372858643532
2558,2020-01-05 07:00:00,87.06113,115.30770999999999,2.7472468316555023
2559,2020-01-05 08:00:00,87.06292,115.31360999999998,2.4827325493097305
2560,2020-01-05 09:00:00,87.06464,115.31705,2.381982147693634
2561,2020-01-05 10:00:00,87.06632,115.31799000000001,2.4386651068925858
2562,2020-01-05 11:00:00,87.06805,115.31777,2.5080977231264114
2563,2020-01-05 12:00:00,87.06988,115.31708000000003,2.559001237154007
2564,2020-01-05 13:00:00,87.07178,115.31709000000001,2.6597496271133423
2565,2020-01-05 14:00:00,87.07376,115.31912,2.641437590122223
2566,2020-01-05 15:00:00,87.07583,115.32352000000003,2.580458775162697
2567,2020-01-05 16:00:00,87.07801,115.33022,2.5342267900705338
2568,2020-01-05 17:00:00,87.08008,115.33751999999998,2.4245837181806564
2569,2020-01-05 18:00:00,87.08185,115.34526,2.395437628030777
2570,2020-01-05 19:00:00,87.08344,115.35136999999997,2.5660024881362915
2571,2020-01-05 20:00:00,87.08507,115.35381999999998,2.7633491158485413
2572,2020-01-05 21:00:00,87.0866,115.35072000000002,2.652338460087776
2573,2020-01-05 22:00:00,87.08818,115.34458000000001,2.476055473089218
2574,2020-01-05 23:00:00,87.08941,115.33535,2.2931941598653793
2575,2020-01-06 00:00:00,87.0904,115.32357999999999,2.141952335834503
2576,2020-01-06 01:00:00,87.09162,115.31079,2.032776266336441
2577,2020-01-06 02:00:00,87.093,115.29952000000003,1.87715083360672
2578,2020-01-06 03:00:00,87.09436,115.28953999999999,1.915643721818924
2579,2020-01-06 04:00:00,87.09575,115.28046999999998,2.069693014025688
2580,2020-01-06 05:00:00,87.09713,115.27172000000002,2.1275539100170135
2581,2020-01-06 06:00:00,87.09843,115.26179000000002,2.2044285237789154
2582,2020-01-06 07:00:00,87.09946,115.25038,2.2250876128673553
2583,2020-01-06 08:00:00,87.10035,115.23756000000003,2.196923613548279
2584,2020-01-06 09:00:00,87.10121,115.22264999999999,2.0973391383886337
2585,2020-01-06 10:00:00,87.10197,115.20468,2.0373642593622208
2586,2020-01-06 11:00:00,87.10277,115.18594999999999,2.047363758087158
2587,2020-01-06 12:00:00,87.10365,115.16674999999998,2.0671989619731903
2588,2020-01-06 13:00:00,87.10464,115.14864999999998,1.9993970394134521
2589,2020-01-06 14:00:00,87.10566,115.13087999999999,1.9416403323411942
2590,2020-01-06 15:00:00,87.10669,115.11376000000001,2.0315880179405212
2591,2020-01-06 16:00:00,87.10801,115.09776999999997,2.156147465109825
2592,2020-01-06 17:00:00,87.10851,115.08095000000003,2.2295853346586227
2593,2020-01-06 18:00:00,87.1087,115.06387000000001,2.2156668603420258
2594,2020-01-06 19:00:00,87.10913,115.04646000000002,2.170251041650772
2595,2020-01-06 20:00:00,87.10966,115.02985000000001,2.1531618237495422
2596,2020-01-06 21:00:00,87.11013,115.01206000000002,2.2220305800437927
2597,2020-01-06 22:00:00,87.11082,114.9959,2.2403547316789627
2598,2020-01-06 23:00:00,87.11179,114.97987,2.275189235806465
2599,2020-01-07 00:00:00,87.11303,114.96571,2.3585331737995148
2600,2020-01-07 01:00:00,87.11426,114.95362999999998,2.3680843710899353
2601,2020-01-07 02:00:00,87.1154,114.94456000000002,2.393780827522278
2602,2020-01-07 03:00:00,87.11662,114.93885999999998,2.4526405036449432
2603,2020-01-07 04:00:00,87.11792,114.93578000000002,2.475866124033928
2604,2020-01-07 05:00:00,87.11946,114.93403,2.5994676053524017
2605,2020-01-07 06:00:00,87.12057,114.93317000000002,2.715520456433296
2606,2020-01-07 07:00:00,87.12141,114.93426999999997,2.7539881467819214
2607,2020-01-07 08:00:00,87.12164,114.93830000000003,2.8533459305763245
2608,2020-01-07 09:00:00,87.12176,114.94511999999997,2.9948410242795944
2609,2020-01-07 10:00:00,87.1214,114.95402000000001,3.136771336197853
2610,2020-01-07 11:00:00,87.12103,114.96348999999998,3.1878318786621094
2611,2020-01-07 12:00:00,87.12053,114.97158000000002,3.2540116161108017
2612,2020-01-07 13:00:00,87.12032,114.97982999999999,3.326371878385544
2613,2020-01-07 14:00:00,87.12006,114.99394000000001,3.4312633872032166
2614,2020-01-07 15:00:00,87.1197,115.01002,3.593844637274742
2615,2020-01-07 16:00:00,87.11935,115.0274,3.7167611122131348
2616,2020-01-07 17:00:00,87.11873,115.04539,3.8388548493385315
2617,2020-01-07 18:00:00,87.11809,115.06483000000003,3.995864123106003
2618,2020-01-07 19:00:00,87.11756,115.08431999999999,4.183811247348785
2619,2020-01-07 20:00:00,87.11696,115.10295000000002,4.231440678238869
2620,2020-01-07 21:00:00,87.11623,115.12567000000001,4.267717927694321
2621,2020-01-07 22:00:00,87.11555,115.14441999999997,4.264641419053078
2622,2020-01-07 23:00:00,87.11478,115.15760999999998,4.253555566072464
2623,2020-01-08 00:00:00,87.11378,115.16582,4.208836078643799
2624,2020-01-08 01:00:00,87.11293,115.17593,4.224329978227615
2625,2020-01-08 02:00:00,87.11227,115.18815000000001,4.338329464197159
2626,2020-01-08 03:00:00,87.11173,115.20114999999998,4.409629583358765
2627,2020-01-08 04:00:00,87.11133,115.21357999999998,4.413518846035004
2628,2020-01-08 05:00:00,87.11106,115.21963,4.426997676491737
2629,2020-01-08 06:00:00,87.11115,115.22296,4.330904394388199
2630,2020-01-08 07:00:00,87.11118,115.22595000000001,4.188371866941452
2631,2020-01-08 08:00:00,87.11131,115.22307999999998,3.9780279994010925
2632,2020-01-08 09:00:00,87.11151,115.21730000000002,3.697527825832367
2633,2020-01-08 10:00:00,87.11209,115.20808,3.4377854764461517
2634,2020-01-08 11:00:00,87.11278,115.19641000000001,3.158155009150505
2635,2020-01-08 12:00:00,87.1133,115.18099999999998,2.835278794169426
2636,2020-01-08 13:00:00,87.11407,115.16071,2.5013208389282227
2637,2020-01-08 14:00:00,87.11475,115.14202999999998,2.115740656852722
2638,2020-01-08 15:00:00,87.11564,115.12230999999997,1.5967496484518051
2639,2020-01-08 16:00:00,87.11682,115.10039999999998,1.430719017982483
2640,2020-01-08 17:00:00,87.11798,115.07898,1.4086567759513855
2641,2020-01-08 18:00:00,87.1193,115.05416000000002,0.8795608282089233
2642,2020-01-08 19:00:00,87.12061,115.02710000000002,1.1136539727449417
2643,2020-01-08 20:00:00,87.12193,115.00155999999998,1.774212270975113
2644,2020-01-08 21:00:00,87.12355,114.97113000000002,2.444176346063614
2645,2020-01-08 22:00:00,87.12493,114.93887000000001,2.9696118235588074
2646,2020-01-08 23:00:00,87.12627,114.90424000000002,3.3645690828561783
2647,2020-01-09 00:00:00,87.12745,114.86543,3.508990630507469
2648,2020-01-09 01:00:00,87.12865,114.82285999999999,3.6178179383277893
2649,2020-01-09 02:00:00,87.12978,114.77654000000001,3.828885555267334
2650,2020-01-09 03:00:00,87.13103,114.72676999999999,4.160791859030724
2651,2020-01-09 04:00:00,87.13244,114.67674,4.535538509488106
2652,2020-01-09 05:00:00,87.13398,114.62504000000001,4.776926249265671
2653,2020-01-09 06:00:00,87.13557,114.57175999999998,4.952686384320259
2654,2020-01-09 07:00:00,87.13718,114.51674000000003,5.136557266116142
2655,2020-01-09 08:00:00,87.13875,114.46107,5.380891337990761
2656,2020-01-09 09:00:00,87.14031,114.40564999999998,5.587233826518059
2657,2020-01-09 10:00:00,87.14183,114.34830999999997,5.59676593542099
2658,2020-01-09 11:00:00,87.14332,114.29005000000001,5.519491866230965
2659,2020-01-09 12:00:00,87.14478,114.23174,5.446054428815842
2660,2020-01-09 13:00:00,87.14625,114.17327999999998,5.407899543642998
2661,2020-01-09 14:00:00,87.1478,114.11472000000003,5.529448166489601
2662,2020-01-09 15:00:00,87.14945,114.05676,5.712231203913689
2663,2020-01-09 16:00:00,87.15113,114.00042000000002,5.77977129817009
2664,2020-01-09 17:00:00,87.15288,113.94664999999998,5.757113844156265
2665,2020-01-09 18:00:00,87.15462,113.89387999999997,5.85213378071785
2666,2020-01-09 19:00:00,87.15618,113.84001999999998,5.963672876358032
2667,2020-01-09 20:00:00,87.15762,113.78696000000002,5.942418470978737
2668,2020-01-09 21:00:00,87.15888,113.73289999999997,5.978452518582344
2669,2020-01-09 22:00:00,87.15989,113.67602,6.141956210136414
2670,2020-01-09 23:00:00,87.16075,113.61590000000001,6.3591181337833405
2671,2020-01-10 00:00:00,87.16151,113.55036000000001,6.483111679553986
2672,2020-01-10 01:00:00,87.16234,113.48175000000003,6.519546136260033
2673,2020-01-10 02:00:00,87.16325,113.41257000000002,6.437389120459557
2674,2020-01-10 03:00:00,87.16413,113.34375,6.344798982143402
2675,2020-01-10 04:00:00,87.16506,113.27454999999998,6.274903520941734
2676,2020-01-10 05:00:00,87.1661,113.20431000000002,6.267773345112801
2677,2020-01-10 06:00:00,87.16739,113.13351999999998,6.207511946558952
2678,2020-01-10 07:00:00,87.16886,113.06180999999998,6.261718884110451
2679,2020-01-10 08:00:00,87.17053,112.99223999999998,6.334100008010864
2680,2020-01-10 09:00:00,87.17224,112.92443000000003,6.092990607023239
2681,2020-01-10 10:00:00,87.17406,112.8571,5.866403341293335
2682,2020-01-10 11:00:00,87.17582,112.78974,5.73745633661747
2683,2020-01-10 12:00:00,87.17755,112.72086000000002,5.671071961522102
2684,2020-01-10 13:00:00,87.17918,112.65187000000003,5.4950888603925705
2685,2020-01-10 14:00:00,87.18075,112.58245999999997,5.407246679067612
2686,2020-01-10 15:00:00,87.18232,112.51198999999997,5.499767482280731
2687,2020-01-10 16:00:00,87.1839,112.44274000000001,5.537996590137482
2688,2020-01-10 17:00:00,87.18547,112.37572,5.543322071433067
2689,2020-01-10 18:00:00,87.1871,112.30889000000002,5.614136263728142
2690,2020-01-10 19:00:00,87.18871,112.24481000000003,5.456180572509766
2691,2020-01-10 20:00:00,87.19049,112.17795999999998,5.4397488832473755
2692,2020-01-10 21:00:00,87.19212,112.11088000000001,5.521480962634087
2693,2020-01-10 22:00:00,87.19379,112.04075,5.621762618422508
2694,2020-01-10 23:00:00,87.19542,111.96674000000002,5.713276207447052
2695,2020-01-11 00:00:00,87.19725,111.88788,5.760758578777313
2696,2020-01-11 01:00:00,87.19908,111.81200000000001,5.823670595884323
2697,2020-01-11 02:00:00,87.2011,111.73644999999999,5.870223641395569
2698,2020-01-11 03:00:00,87.20289,111.66329000000002,5.883534982800484
2699,2020-01-11 04:00:00,87.20491,111.59251999999998,5.9174168556928635
2700,2020-01-11 05:00:00,87.207,111.52021000000002,5.967582240700722
2701,2020-01-11 06:00:00,87.2092,111.44828999999999,6.029628604650497
2702,2020-01-11 07:00:00,87.21163,111.37639000000001,6.119432345032692
2703,2020-01-11 08:00:00,87.2142,111.30921999999998,6.0554057359695435
2704,2020-01-11 09:00:00,87.21656,111.24277000000001,6.067182242870331
2705,2020-01-11 10:00:00,87.21924,111.17413999999997,6.020459949970245
2706,2020-01-11 11:00:00,87.22194,111.10771,5.982877939939499
2707,2020-01-11 12:00:00,87.22466,111.04422999999997,6.017767980694771
2708,2020-01-11 13:00:00,87.22732,110.98295999999999,6.275550425052643
2709,2020-01-11 14:00:00,87.22996,110.92415,6.465802237391472
2710,2020-01-11 15:00:00,87.23249,110.86729000000003,5.90950034558773
2711,2020-01-11 16:00:00,87.23503,110.81083000000001,5.883578255772591
2712,2020-01-11 17:00:00,87.23764,110.75319000000002,5.8347764909267426
2713,2020-01-11 18:00:00,87.24028,110.69385999999997,5.875211715698242
2714,2020-01-11 19:00:00,87.2429,110.63242000000002,6.033736422657967
2715,2020-01-11 20:00:00,87.24536,110.57157000000001,6.334945157170296
2716,2020-01-11 21:00:00,87.24784,110.50695000000002,6.530190050601959
2717,2020-01-11 22:00:00,87.25042,110.4393,6.479734033346176
2718,2020-01-11 23:00:00,87.25288,110.36826000000002,6.312886655330658
2719,2020-01-12 00:00:00,87.25525,110.29242999999997,6.414688289165497
2720,2020-01-12 01:00:00,87.25754,110.21645000000001,6.439518317580223
2721,2020-01-12 02:00:00,87.25957,110.14071999999999,6.619608253240585
2722,2020-01-12 03:00:00,87.26139,110.06313,6.595678970217705
2723,2020-01-12 04:00:00,87.2629,109.98559999999998,6.488175347447395
2724,2020-01-12 05:00:00,87.26429,109.90951000000001,6.5807866007089615
2725,2020-01-12 06:00:00,87.26554,109.83539999999999,6.7572906613349915
2726,2020-01-12 07:00:00,87.26697,109.7604,6.9144745618104935
2727,2020-01-12 08:00:00,87.26867,109.68245999999999,6.955732241272926
2728,2020-01-12 09:00:00,87.27049,109.60476,6.888967335224152
2729,2020-01-12 10:00:00,87.27239,109.52759000000003,6.688257336616516
2730,2020-01-12 11:00:00,87.27425,109.44954000000001,6.420227900147438
2731,2020-01-12 12:00:00,87.27618,109.37302,6.246558755636215
2732,2020-01-12 13:00:00,87.27824,109.29734000000002,6.262820735573769
2733,2020-01-12 14:00:00,87.27974,109.22503,6.384304702281952
2734,2020-01-12 15:00:00,87.28118,109.15292999999997,6.44726374745369
2735,2020-01-12 16:00:00,87.28228,109.07916,6.42651928961277
2736,2020-01-12 17:00:00,87.28344,109.00266999999997,6.466523692011833
2737,2020-01-12 18:00:00,87.28482,108.92556000000002,6.497460350394249
2738,2020-01-12 19:00:00,87.28646,108.84181999999998,6.561485916376114
2739,2020-01-12 20:00:00,87.28842,108.75179000000003,6.625650480389595
2740,2020-01-12 21:00:00,87.2907,108.65661999999998,6.730735704302788
2741,2020-01-12 22:00:00,87.29335,108.55694,6.83247908949852
2742,2020-01-12 23:00:00,87.29624,108.45479,6.985914021730423
2743,2020-01-13 00:00:00,87.29909,108.35478,7.128020375967026
2744,2020-01-13 01:00:00,87.30189,108.25364000000002,7.285037040710449
2745,2020-01-13 02:00:00,87.30469,108.15154999999999,7.469233870506287
2746,2020-01-13 03:00:00,87.30749,108.04845999999998,7.6263585686683655
2747,2020-01-13 04:00:00,87.31009,107.94407999999999,7.7894642651081085
2748,2020-01-13 05:00:00,87.3128,107.83512000000002,7.82035057246685
2749,2020-01-13 06:00:00,87.31586,107.72149999999999,7.817869484424591
2750,2020-01-13 07:00:00,87.31922,107.60253999999998,7.924313560128212
2751,2020-01-13 08:00:00,87.32281,107.48136,8.190766096115112
2752,2020-01-13 09:00:00,87.32654,107.36130000000003,8.271335884928703
2753,2020-01-13 10:00:00,87.33053,107.24387000000002,8.201131224632263
2754,2020-01-13 11:00:00,87.33468,107.12905999999998,8.165806695818901
2755,2020-01-13 12:00:00,87.33861,107.02222,8.114013463258743
2756,2020-01-13 13:00:00,87.34223,106.92115999999999,7.718584045767784
2757,2020-01-13 14:00:00,87.34556,106.82551999999998,7.493268296122551
2758,2020-01-13 15:00:00,87.3486,106.73394000000002,7.449221774935722
2759,2020-01-13 16:00:00,87.35155,106.64111000000003,7.432608023285866
2760,2020-01-13 17:00:00,87.35453,106.54516000000001,7.105143338441849
2761,2020-01-13 18:00:00,87.35761,106.44571000000002,7.35012774169445
2762,2020-01-13 19:00:00,87.36087,106.34409,7.619765028357506
2763,2020-01-13 20:00:00,87.36435,106.24212,7.263352006673813
2764,2020-01-13 21:00:00,87.36812,106.14254,7.98151233792305
2765,2020-01-13 22:00:00,87.37214,106.04628000000002,7.866260230541229
2766,2020-01-13 23:00:00,87.37601,105.95569,7.802167326211929
2767,2020-01-14 00:00:00,87.37974,105.86781000000002,7.699835270643234
2768,2020-01-14 01:00:00,87.38335,105.78251,7.324747651815414
2769,2020-01-14 02:00:00,87.38676,105.70175,6.7517248541116714
2770,2020-01-14 03:00:00,87.38989,105.62468999999999,6.6240826696157455
2771,2020-01-14 04:00:00,87.39269,105.55054999999999,6.83028644323349
2772,2020-01-14 05:00:00,87.3954,105.47798,6.771105915307999
2773,2020-01-14 06:00:00,87.39774,105.40251999999998,6.785274267196655
2774,2020-01-14 07:00:00,87.40024,105.32862,6.741133600473404
2775,2020-01-14 08:00:00,87.40271,105.25441999999998,6.740446031093597
2776,2020-01-14 09:00:00,87.40515,105.17786999999998,6.611266523599625
2777,2020-01-14 10:00:00,87.40761,105.10482000000002,6.433799833059311
2778,2020-01-14 11:00:00,87.41006,105.03379999999999,6.263409212231636
2779,2020-01-14 12:00:00,87.41247,104.96659999999997,6.023556388914585
2780,2020-01-14 13:00:00,87.41477,104.90091999999999,5.716531544923782
2781,2020-01-14 14:00:00,87.4168,104.83988,5.6071479469537735
2782,2020-01-14 15:00:00,87.41859,104.77778,5.5180473029613495
2783,2020-01-14 16:00:00,87.42016,104.71559000000002,5.448062166571617
2784,2020-01-14 17:00:00,87.42146,104.65323999999998,5.245415389537811
2785,2020-01-14 18:00:00,87.42283,104.58566000000002,5.156929224729538
2786,2020-01-14 19:00:00,87.42439,104.52076,5.106509104371071
2787,2020-01-14 20:00:00,87.42615,104.45466999999996,5.057914778590202
2788,2020-01-14 21:00:00,87.42826,104.38963999999999,4.947226569056511
2789,2020-01-14 22:00:00,87.43062,104.32609000000002,4.815681904554367
2790,2020-01-14 23:00:00,87.4337,104.26132999999999,4.786218971014023
2791,2020-01-15 00:00:00,87.43745,104.19691,4.887535065412521
2792,2020-01-15 01:00:00,87.44074,104.13170000000002,5.053730368614197
2793,2020-01-15 02:00:00,87.44411,104.06349,5.018450707197189
2794,2020-01-15 03:00:00,87.44712,103.99640999999997,5.3433752954006195
2795,2020-01-15 04:00:00,87.44974,103.92770999999999,5.591385573148727
2796,2020-01-15 05:00:00,87.45241,103.85291999999998,5.715288698673248
2797,2020-01-15 06:00:00,87.45531,103.76317,5.99567885696888
2798,2020-01-15 07:00:00,87.45781,103.67329000000001,6.803451806306839
2799,2020-01-15 08:00:00,87.46101,103.58017000000001,6.661563150584698
2800,2020-01-15 09:00:00,87.46424,103.47924,7.276284143328667
2801,2020-01-15 10:00:00,87.46804,103.37855000000002,7.226327374577522
2802,2020-01-15 11:00:00,87.47191,103.28550000000001,7.356795012950897
2803,2020-01-15 12:00:00,87.47584,103.20197000000002,7.54258731007576
2804,2020-01-15 13:00:00,87.4796,103.12338,7.969616010785103
2805,2020-01-15 14:00:00,87.48327,103.04865000000001,8.050092056393623
2806,2020-01-15 15:00:00,87.48694,102.98059999999998,7.808642402291298
2807,2020-01-15 16:00:00,87.49069,102.91988000000003,7.769226968288422
2808,2020-01-15 17:00:00,87.49472,102.86430999999999,7.818370163440704
2809,2020-01-15 18:00:00,87.49911,102.81515000000002,7.841797798871994
2810,2020-01-15 19:00:00,87.50384,102.7656,7.92904007434845
2811,2020-01-15 20:00:00,87.509,102.71445,8.11159086227417
2812,2020-01-15 21:00:00,87.51426,102.66201999999998,8.268576443195343
2813,2020-01-15 22:00:00,87.51953,102.60843999999997,8.221205115318298
2814,2020-01-15 23:00:00,87.52467,102.55291999999997,8.265636593103409
2815,2020-01-16 00:00:00,87.52964,102.49423999999999,7.710433065891266
2816,2020-01-16 01:00:00,87.53443,102.43119999999999,7.534853383898735
2817,2020-01-16 02:00:00,87.5389,102.36473000000001,7.340152829885483
2818,2020-01-16 03:00:00,87.54299,102.29440999999997,7.205438613891602
2819,2020-01-16 04:00:00,87.5467,102.21949999999998,7.224032089114189
2820,2020-01-16 05:00:00,87.54997,102.14182,7.277036666870117
2821,2020-01-16 06:00:00,87.55263,102.06171,7.299136251211166
2822,2020-01-16 07:00:00,87.55495,101.97597000000002,7.0841788947582245
2823,2020-01-16 08:00:00,87.55705,101.88459,6.906844809651375
2824,2020-01-16 09:00:00,87.559,101.79009000000002,7.116893693804741
2825,2020-01-16 10:00:00,87.56059,101.69664999999998,7.1951939314603806
2826,2020-01-16 11:00:00,87.56178,101.60441000000003,7.284944027662277
2827,2020-01-16 12:00:00,87.56292,101.51060000000001,6.954005628824234
2828,2020-01-16 13:00:00,87.56383,101.41694000000001,7.023087456822395
2829,2020-01-16 14:00:00,87.56428,101.32382000000001,7.115058168768883
2830,2020-01-16 15:00:00,87.56424,101.226,6.722664579749107
2831,2020-01-16 16:00:00,87.56377,101.12457,6.4151235818862915
2832,2020-01-16 17:00:00,87.56307,101.02030000000002,6.404129520058632
2833,2020-01-16 18:00:00,87.56212,100.9099,6.1881812661886215
2834,2020-01-16 19:00:00,87.56111,100.79631999999998,6.505910664796829
2835,2020-01-16 20:00:00,87.56015,100.68549999999999,6.398333504796028
2836,2020-01-16 21:00:00,87.5591,100.57096000000001,6.529392749071121
2837,2020-01-16 22:00:00,87.55791,100.45564000000002,6.104965001344681
2838,2020-01-16 23:00:00,87.55666,100.34814,6.408276230096817
2839,2020-01-17 00:00:00,87.55498,100.24403000000001,6.87327316403389
2840,2020-01-17 01:00:00,87.55318,100.14492999999999,6.971949219703674
2841,2020-01-17 02:00:00,87.55079,100.04419000000001,7.251601278781891
2842,2020-01-17 03:00:00,87.54768,99.94470000000001,7.326316803693771
2843,2020-01-17 04:00:00,87.54352,99.84372000000002,7.006373345851898
2844,2020-01-17 05:00:00,87.539,99.74991999999997,7.1271474957466125
2845,2020-01-17 06:00:00,87.53355,99.66064,7.121484562754631
2846,2020-01-17 07:00:00,87.52799,99.5838,7.332854822278023
2847,2020-01-17 08:00:00,87.5221,99.51078999999999,7.459941580891609
2848,2020-01-17 09:00:00,87.51589,99.43083000000001,7.4419417679309845
2849,2020-01-17 10:00:00,87.50989,99.35270000000003,7.267905965447426
2850,2020-01-17 11:00:00,87.50435,99.279,6.702003970742226
2851,2020-01-17 12:00:00,87.49901,99.20740999999998,6.366244345903397
2852,2020-01-17 13:00:00,87.49378,99.13684,6.01695391535759
2853,2020-01-17 14:00:00,87.4886,99.06747999999999,6.706360340118408
2854,2020-01-17 15:00:00,87.48336,98.99805000000003,6.768491953611374
2855,2020-01-17 16:00:00,87.47808,98.93105000000003,6.68989834189415
2856,2020-01-17 17:00:00,87.47277,98.86567000000002,6.5163604170084
2857,2020-01-17 18:00:00,87.46743,98.80111,6.157273083925247
2858,2020-01-17 19:00:00,87.46227,98.73930999999999,5.847418874502182
2859,2020-01-17 20:00:00,87.45747,98.68241,5.592411130666733
2860,2020-01-17 21:00:00,87.45289,98.63096999999999,5.367095232009888
2861,2020-01-17 22:00:00,87.44835,98.58242999999999,5.224357977509499
2862,2020-01-17 23:00:00,87.44384,98.53530999999998,4.927931413054466
2863,2020-01-18 00:00:00,87.43948,98.49083000000002,4.431221172213554
2864,2020-01-18 01:00:00,87.4354,98.45123000000001,4.411850079894066
2865,2020-01-18 02:00:00,87.43113,98.41478000000001,4.5340472757816315
2866,2020-01-18 03:00:00,87.42713,98.38366000000002,4.657036781311035
2867,2020-01-18 04:00:00,87.42332,98.35390999999998,4.718653365969658
2868,2020-01-18 05:00:00,87.4199,98.32904000000002,4.7411563992500305
2869,2020-01-18 06:00:00,87.41678,98.31139000000002,4.784752681851387
2870,2020-01-18 07:00:00,87.41393,98.29993999999999,4.818493440747261
2871,2020-01-18 08:00:00,87.41107,98.29254000000003,4.950133189558983
2872,2020-01-18 09:00:00,87.40837,98.28786000000002,5.08647295832634
2873,2020-01-18 10:00:00,87.40594,98.28271000000001,5.146411448717117
2874,2020-01-18 11:00:00,87.40384,98.27861000000001,5.2122901529073715
2875,2020-01-18 12:00:00,87.40191,98.27819999999997,5.3189321756362915
2876,2020-01-18 13:00:00,87.40009,98.28282999999999,5.537192150950432
2877,2020-01-18 14:00:00,87.3983,98.28949999999998,5.589695028960705
2878,2020-01-18 15:00:00,87.39688,98.30259999999998,5.499690845608711
2879,2020-01-18 16:00:00,87.39605,98.32252,5.4415876269340515
2880,2020-01-18 17:00:00,87.39511,98.33690999999999,5.499066695570946
2881,2020-01-18 18:00:00,87.39426,98.35111999999998,5.4010186940431595
2882,2020-01-18 19:00:00,87.39346,98.36171000000002,5.2114770114421844
2883,2020-01-18 20:00:00,87.39273,98.36932999999999,5.049255281686783
2884,2020-01-18 21:00:00,87.39205,98.37778000000003,4.846118554472923
2885,2020-01-18 22:00:00,87.39157,98.38565,4.65392804145813
2886,2020-01-18 23:00:00,87.39129,98.39310999999998,4.46511447429657
2887,2020-01-19 00:00:00,87.39145,98.39666999999997,4.192561864852905
2888,2020-01-19 01:00:00,87.39186,98.39801999999997,3.9694318175315857
2889,2020-01-19 02:00:00,87.39255,98.40219000000002,3.830779954791069
2890,2020-01-19 03:00:00,87.39307,98.41512,3.7048706263303757
2891,2020-01-19 04:00:00,87.39366,98.42599000000001,3.5274801403284073
2892,2020-01-19 05:00:00,87.3941,98.43430000000001,3.2641671150922775
2893,2020-01-19 06:00:00,87.39461,98.43930999999998,3.0784112364053726
2894,2020-01-19 07:00:00,87.39527,98.43727999999999,3.2031615376472473
2895,2020-01-19 08:00:00,87.39608,98.43180999999998,3.2160061299800873
2896,2020-01-19 09:00:00,87.39688,98.42395999999997,3.2348099648952484
2897,2020-01-19 10:00:00,87.39781,98.41316999999998,3.177134871482849
2898,2020-01-19 11:00:00,87.39851,98.39782000000002,3.137389674782753
2899,2020-01-19 12:00:00,87.39967,98.38000999999997,3.0833099335432053
2900,2020-01-19 13:00:00,87.40073,98.35624999999999,3.362762928009033
2901,2020-01-19 14:00:00,87.40209,98.32625999999999,3.6495436877012253
2902,2020-01-19 15:00:00,87.40382,98.29482000000002,3.926805168390274
2903,2020-01-19 16:00:00,87.4056,98.26395000000002,4.076682269573212
2904,2020-01-19 17:00:00,87.40731,98.22843,4.197831064462662
2905,2020-01-19 18:00:00,87.40904,98.19127000000003,4.3542300760746
2906,2020-01-19 19:00:00,87.41077,98.15305000000001,4.424327552318573
2907,2020-01-19 20:00:00,87.41291,98.10822000000002,4.513066723942757
2908,2020-01-19 21:00:00,87.41503,98.06434000000002,4.642082333564758
2909,2020-01-19 22:00:00,87.41733,98.01778000000002,4.787645071744919
2910,2020-01-19 23:00:00,87.41991,97.96859999999998,4.899611383676529
2911,2020-01-20 00:00:00,87.42251,97.9214,4.728074952960014
2912,2020-01-20 01:00:00,87.42507,97.87385,4.947656601667404
2913,2020-01-20 02:00:00,87.42752,97.82826999999997,5.277533262968063
2914,2020-01-20 03:00:00,87.43004,97.78204,5.395695894956589
2915,2020-01-20 04:00:00,87.43272,97.73279000000002,5.556905806064606
2916,2020-01-20 05:00:00,87.43547,97.68513999999999,5.675202429294586
2917,2020-01-20 06:00:00,87.43809,97.63952999999998,5.703008338809013
2918,2020-01-20 07:00:00,87.44062,97.59753999999998,5.742988266050816
2919,2020-01-20 08:00:00,87.44305,97.55466999999999,5.86417818069458
2920,2020-01-20 09:00:00,87.4453,97.51123999999999,5.95803789794445
2921,2020-01-20 10:00:00,87.44749,97.46994999999998,5.944602876901627
2922,2020-01-20 11:00:00,87.44957,97.42446000000001,5.835460990667343
2923,2020-01-20 12:00:00,87.45173,97.38080000000002,5.651225298643112
2924,2020-01-20 13:00:00,87.45389,97.33645999999999,5.5925120413303375
2925,2020-01-20 14:00:00,87.45614,97.28987000000001,5.6328617334365845
2926,2020-01-20 15:00:00,87.45848,97.24259999999998,5.668108493089676
2927,2020-01-20 16:00:00,87.46084,97.19609000000003,5.667996525764465
2928,2020-01-20 17:00:00,87.46306,97.14611000000002,5.781945168972015
2929,2020-01-20 18:00:00,87.4653,97.10109,5.83355388045311
2930,2020-01-20 19:00:00,87.46752,97.05599000000001,5.803739219903946
2931,2020-01-20 20:00:00,87.46948,97.00826,5.768399506807327
2932,2020-01-20 21:00:00,87.47137,96.96014000000002,5.854436159133911
2933,2020-01-20 22:00:00,87.4731,96.90391999999997,5.937069743871689
2934,2020-01-20 23:00:00,87.47484,96.84923000000003,5.8556117713451385
2935,2020-01-21 00:00:00,87.47663,96.79534000000001,5.5844331830739975
2936,2020-01-21 01:00:00,87.4783,96.74052,5.3228064477443695
2937,2020-01-21 02:00:00,87.47994,96.68453,5.2975075244903564
2938,2020-01-21 03:00:00,87.4814,96.62817999999999,5.268297523260117
2939,2020-01-21 04:00:00,87.48286,96.57181000000003,4.950380489230156
2940,2020-01-21 05:00:00,87.4842,96.51249000000001,4.864474669098854
2941,2020-01-21 06:00:00,87.48542,96.45378,5.0475659519433975
2942,2020-01-21 07:00:00,87.48649,96.39360999999997,4.832603469491005
2943,2020-01-21 08:00:00,87.48737,96.33353,4.567833185195923
2944,2020-01-21 09:00:00,87.48804,96.27328999999997,4.6476583033800125
2945,2020-01-21 10:00:00,87.48846,96.21320000000003,4.388648718595505
2946,2020-01-21 11:00:00,87.48875,96.15195,4.413943886756897
2947,2020-01-21 12:00:00,87.48905,96.09212000000002,4.34817498922348
2948,2020-01-21 13:00:00,87.48935,96.03264000000001,4.231317043304443
2949,2020-01-21 14:00:00,87.48966,95.97298,4.041061893105507
2950,2020-01-21 15:00:00,87.48994,95.91254000000004,4.0474667102098465
2951,2020-01-21 16:00:00,87.4902,95.85233,4.167935624718666
2952,2020-01-21 17:00:00,87.49038,95.79363000000001,4.241891607642174
2953,2020-01-21 18:00:00,87.49048,95.73525000000001,4.236087650060654
2954,2020-01-21 19:00:00,87.49044,95.67835000000002,4.184462338685989
2955,2020-01-21 20:00:00,87.49011,95.62317999999999,4.1017268896102905
2956,2020-01-21 21:00:00,87.48965,95.56871999999998,4.056640058755875
2957,2020-01-21 22:00:00,87.48911,95.51553000000001,4.028928577899933
2958,2020-01-21 23:00:00,87.48842,95.46391,3.9894003570079803
2959,2020-01-22 00:00:00,87.4876,95.41323,3.7785086631774902
2960,2020-01-22 01:00:00,87.48669,95.36232999999999,3.502594530582428
2961,2020-01-22 02:00:00,87.48574,95.31119000000001,3.2473758161067963
2962,2020-01-22 03:00:00,87.48485,95.26093000000003,3.017915219068527
2963,2020-01-22 04:00:00,87.48401,95.21248000000003,2.963036745786667
2964,2020-01-22 05:00:00,87.48319,95.16678000000002,2.9472293704748154
2965,2020-01-22 06:00:00,87.48232,95.12430999999998,2.913505494594574
2966,2020-01-22 07:00:00,87.48149,95.08391,2.9269202649593353
2967,2020-01-22 08:00:00,87.48061,95.04506000000003,2.9942182153463364
2968,2020-01-22 09:00:00,87.4796,95.00608999999997,3.152257651090622
2969,2020-01-22 10:00:00,87.47851,94.96654999999998,3.3878663927316666
2970,2020-01-22 11:00:00,87.47735,94.92611,3.606920838356018
2971,2020-01-22 12:00:00,87.47608,94.88578999999999,3.7157803624868393
2972,2020-01-22 13:00:00,87.4748,94.84622999999999,3.796977922320366
2973,2020-01-22 14:00:00,87.47337,94.80935999999997,3.794550597667694
2974,2020-01-22 15:00:00,87.472,94.77058999999997,3.771033525466919
2975,2020-01-22 16:00:00,87.47068,94.73149000000001,3.8951315879821777
2976,2020-01-22 17:00:00,87.4693,94.6927,4.061054080724716
2977,2020-01-22 18:00:00,87.4679,94.65190000000001,4.107006132602692
2978,2020-01-22 19:00:00,87.46645,94.61007999999998,4.165812864899635
2979,2020-01-22 20:00:00,87.46487,94.56977,4.224807873368263
2980,2020-01-22 21:00:00,87.46321,94.52717000000001,4.252809047698975
2981,2020-01-22 22:00:00,87.46145,94.48477000000003,4.250145614147186
2982,2020-01-22 23:00:00,87.45981,94.44628999999998,4.226576745510101
2983,2020-01-23 00:00:00,87.45808,94.40615000000003,5.011932820081711
2984,2020-01-23 01:00:00,87.45648,94.36257,4.9545243084430695
2985,2020-01-23 02:00:00,87.45492,94.32112000000001,4.955956935882568
2986,2020-01-23 03:00:00,87.4534,94.27591999999999,4.998680979013443
2987,2020-01-23 04:00:00,87.4519,94.23532,4.990775913000107
2988,2020-01-23 05:00:00,87.45052,94.19776000000002,4.923661783337593
2989,2020-01-23 06:00:00,87.44916,94.16046,4.829860553145409
2990,2020-01-23 07:00:00,87.4478,94.12277,4.725504130125046
2991,2020-01-23 08:00:00,87.44648,94.08587,4.592947900295258
2992,2020-01-23 09:00:00,87.445,94.04807,4.571921721100807
2993,2020-01-23 10:00:00,87.44352,94.00979999999998,4.685114845633507
2994,2020-01-23 11:00:00,87.44191,93.97365000000002,4.722190260887146
2995,2020-01-23 12:00:00,87.44028,93.93867,4.667658820748329
2996,2020-01-23 13:00:00,87.43875,93.90403000000003,4.648124575614929
2997,2020-01-23 14:00:00,87.43743,93.87143000000003,4.702197432518005
2998,2020-01-23 15:00:00,87.4361,93.83614,4.650438040494919
2999,2020-01-23 16:00:00,87.43477,93.79665999999997,4.440077155828476
3000,2020-01-23 17:00:00,87.43358,93.75236999999998,4.418073192238808
3001,2020-01-23 18:00:00,87.43265,93.70621,4.486930638551712
3002,2020-01-23 19:00:00,87.43176,93.65557999999999,4.300135672092438
3003,2020-01-23 20:00:00,87.43091,93.60663,4.1033686846494675
3004,2020-01-23 21:00:00,87.43,93.55988000000002,4.318923577666283
3005,2020-01-23 22:00:00,87.42917,93.51490999999999,4.5149044543504715
3006,2020-01-23 23:00:00,87.42827,93.47127999999998,4.258832335472107
3007,2020-01-24 00:00:00,87.42743,93.42939000000001,4.148088485002518
3008,2020-01-24 01:00:00,87.42672,93.39026999999999,4.324730351567268
3009,2020-01-24 02:00:00,87.42608,93.35482999999999,4.063787192106247
3010,2020-01-24 03:00:00,87.42552,93.32249000000002,3.5117709040641785
3011,2020-01-24 04:00:00,87.42496,93.29173000000003,3.554486855864525
3012,2020-01-24 05:00:00,87.42453,93.26285999999999,3.694911852478981
3013,2020-01-24 06:00:00,87.42408,93.23451999999997,3.7698714286088943
3014,2020-01-24 07:00:00,87.42354,93.20631000000003,3.9241111874580383
3015,2020-01-24 08:00:00,87.42295,93.17898000000002,3.9094806760549545
3016,2020-01-24 09:00:00,87.42232,93.15304000000003,3.9891551584005356
3017,2020-01-24 10:00:00,87.4216,93.12925000000001,4.04082053899765
3018,2020-01-24 11:00:00,87.42077,93.10809999999998,4.067227587103844
3019,2020-01-24 12:00:00,87.41987,93.08812999999998,4.120628863573074
3020,2020-01-24 13:00:00,87.41891,93.06835000000001,4.1203343123197556
3021,2020-01-24 14:00:00,87.41786,93.04807,4.090624243021011
3022,2020-01-24 15:00:00,87.41681,93.02715999999998,4.168124124407768
3023,2020-01-24 16:00:00,87.41576,93.00659000000002,4.194871857762337
3024,2020-01-24 17:00:00,87.41476,92.98609999999996,4.2803327441215515
3025,2020-01-24 18:00:00,87.41381,92.96667000000002,4.450778171420097
3026,2020-01-24 19:00:00,87.41299,92.94533999999999,4.352727949619293
3027,2020-01-24 20:00:00,87.41218,92.92632000000003,4.394747167825699
3028,2020-01-24 21:00:00,87.41135,92.91250000000002,4.418302059173584
3029,2020-01-24 22:00:00,87.41062,92.89974000000001,4.367674857378006
3030,2020-01-24 23:00:00,87.40996,92.88728000000003,4.431122452020645
3031,2020-01-25 00:00:00,87.40924,92.87880000000001,4.41637410223484
3032,2020-01-25 01:00:00,87.40853,92.86883999999998,4.3206013441085815
3033,2020-01-25 02:00:00,87.40788,92.85951999999997,4.190635800361633
3034,2020-01-25 03:00:00,87.40722,92.85138999999998,4.039295881986618
3035,2020-01-25 04:00:00,87.40656,92.84584999999998,3.815669998526573
3036,2020-01-25 05:00:00,87.40603,92.83775000000003,3.526668041944504
3037,2020-01-25 06:00:00,87.40559,92.83100000000002,3.2017518430948257
3038,2020-01-25 07:00:00,87.40515,92.82904000000002,3.1085364520549774
3039,2020-01-25 08:00:00,87.40465,92.8247,3.278246819972992
3040,2020-01-25 09:00:00,87.40434,92.81759,3.5106336027383804
3041,2020-01-25 10:00:00,87.40413,92.81443000000002,3.642255797982216
3042,2020-01-25 11:00:00,87.40363,92.81599,3.8183418959379196
3043,2020-01-25 12:00:00,87.40323,92.81927000000002,3.9615907445549965
3044,2020-01-25 13:00:00,87.40266,92.83055000000002,3.9927694499492645
3045,2020-01-25 14:00:00,87.40225,92.84512999999998,3.9934109151363373
3046,2020-01-25 15:00:00,87.40196,92.86036000000001,3.9653698429465294
3047,2020-01-25 16:00:00,87.40178,92.87747000000002,3.9483352601528168
3048,2020-01-25 17:00:00,87.40176,92.89836000000003,3.967975527048111
3049,2020-01-25 18:00:00,87.40193,92.92147999999997,3.913811296224594
3050,2020-01-25 19:00:00,87.40246,92.94670000000002,3.945725128054619
3051,2020-01-25 20:00:00,87.40308,92.97237999999999,4.06511715054512
3052,2020-01-25 21:00:00,87.40369,92.99162000000001,4.405495673418045
3053,2020-01-25 22:00:00,87.40417,93.00873999999999,4.84916153550148
3054,2020-01-25 23:00:00,87.40457,93.02908000000002,5.244891032576561
3055,2020-01-26 00:00:00,87.40492,93.05912999999998,5.4797343313694
3056,2020-01-26 01:00:00,87.40545,93.08960000000002,5.615954160690308
3057,2020-01-26 02:00:00,87.40588,93.12851,5.776643127202988
3058,2020-01-26 03:00:00,87.40644,93.17205000000001,5.782683581113815
3059,2020-01-26 04:00:00,87.40719,93.22183000000001,5.881433188915253
3060,2020-01-26 05:00:00,87.40841,93.27037999999999,6.1991036683321
3061,2020-01-26 06:00:00,87.4098,93.32132000000001,6.6473715752363205
3062,2020-01-26 07:00:00,87.41128,93.37365999999997,6.923773095011711
3063,2020-01-26 08:00:00,87.4128,93.43650000000002,7.191737279295921
3064,2020-01-26 09:00:00,87.41375,93.51476000000002,7.4678507298231125
3065,2020-01-26 10:00:00,87.41469,93.60048999999998,7.675446540117264
3066,2020-01-26 11:00:00,87.4156,93.69042999999999,7.823824554681778
3067,2020-01-26 12:00:00,87.41635,93.78019999999998,7.959730580449104
3068,2020-01-26 13:00:00,87.41707,93.87484,8.18881942331791
3069,2020-01-26 14:00:00,87.41771,93.97048000000001,8.317943647503853
3070,2020-01-26 15:00:00,87.41855,94.07637,8.411357149481773
3071,2020-01-26 16:00:00,87.41993,94.18183999999997,8.504167407751083
3072,2020-01-26 17:00:00,87.42115,94.29475000000002,8.56191274523735
3073,2020-01-26 18:00:00,87.42295,94.40019000000001,8.639500752091408
3074,2020-01-26 19:00:00,87.42426,94.51164,8.674953296780586
3075,2020-01-26 20:00:00,87.42565,94.63180999999997,8.68833202123642
3076,2020-01-26 21:00:00,87.42716,94.74131,8.74570643901825
3077,2020-01-26 22:00:00,87.42925,94.84607,8.716491967439651
3078,2020-01-26 23:00:00,87.43141,94.94267000000002,8.51266872882843
3079,2020-01-27 00:00:00,87.43359,95.03579000000002,8.208674937486649
3080,2020-01-27 01:00:00,87.43565,95.12211000000002,7.9391060173511505
3081,2020-01-27 02:00:00,87.43746,95.20538999999997,7.733502984046936
3082,2020-01-27 03:00:00,87.43904,95.28789999999998,7.615123435854912
3083,2020-01-27 04:00:00,87.44081,95.37434999999999,7.496491849422455
3084,2020-01-27 05:00:00,87.44248,95.46095000000003,7.200876660645008
3085,2020-01-27 06:00:00,87.44389,95.54246999999998,6.915573909878731
3086,2020-01-27 07:00:00,87.44499,95.61691000000002,6.599418982863426
3087,2020-01-27 08:00:00,87.44604,95.67979000000003,6.18837583065033
3088,2020-01-27 09:00:00,87.44711,95.72625,5.800876468420029
3089,2020-01-27 10:00:00,87.44771,95.75272000000001,5.423578575253487
3090,2020-01-27 11:00:00,87.44813,95.77143999999998,5.070829525589943
3091,2020-01-27 12:00:00,87.44807,95.78670999999997,4.783271238207817
3092,2020-01-27 13:00:00,87.44802,95.80205000000001,4.608687996864319
3093,2020-01-27 14:00:00,87.44794,95.81700000000001,4.47062574326992
3094,2020-01-27 15:00:00,87.44784,95.83267999999998,4.446033343672752
3095,2020-01-27 16:00:00,87.44775,95.85043000000002,4.377845928072929
3096,2020-01-27 17:00:00,87.44768,95.87158,4.240967705845833
3097,2020-01-27 18:00:00,87.44764,95.89303999999998,4.238119855523109
3098,2020-01-27 19:00:00,87.44766,95.90980000000002,4.116343170404434
3099,2020-01-27 20:00:00,87.44778,95.92061999999999,3.9838710874319077
3100,2020-01-27 21:00:00,87.44807,95.92421000000002,4.193097501993179
3101,2020-01-27 22:00:00,87.44843,95.91976999999997,4.1408528089523315
3102,2020-01-27 23:00:00,87.4489,95.90739000000002,4.033469170331955
3103,2020-01-28 00:00:00,87.44946,95.89089999999999,3.949937105178833
3104,2020-01-28 01:00:00,87.45004,95.87281999999999,3.7964065819978714
3105,2020-01-28 02:00:00,87.45056,95.85861,3.6219436824321747
3106,2020-01-28 03:00:00,87.45096,95.84893999999997,3.3922508656978607
3107,2020-01-28 04:00:00,87.45132,95.84431000000001,3.311358392238617
3108,2020-01-28 05:00:00,87.45159,95.84000000000003,3.128186970949173
3109,2020-01-28 06:00:00,87.45188,95.83443999999997,2.9749022126197815
3110,2020-01-28 07:00:00,87.45219,95.82544000000001,2.8335778564214706
3111,2020-01-28 08:00:00,87.4526,95.81267000000003,2.61550535261631
3112,2020-01-28 09:00:00,87.45318,95.79737,2.4161938577890396
3113,2020-01-28 10:00:00,87.4539,95.77677,2.193548634648323
3114,2020-01-28 11:00:00,87.45485,95.75682,1.9117008298635483
3115,2020-01-28 12:00:00,87.45582,95.73256000000003,1.7260479927062988
3116,2020-01-28 13:00:00,87.457,95.71030999999999,1.691680982708931
3117,2020-01-28 14:00:00,87.45824,95.69069000000002,1.8957275748252869
3118,2020-01-28 15:00:00,87.45921,95.67691000000002,2.073042929172516
3119,2020-01-28 16:00:00,87.46025,95.66372000000001,2.2298161685466766
3120,2020-01-28 17:00:00,87.46116,95.64535000000001,2.4020965099334717
3121,2020-01-28 18:00:00,87.46205,95.62365,2.616975247859955
3122,2020-01-28 19:00:00,87.463,95.59431999999998,2.961988151073456
3123,2020-01-28 20:00:00,87.46354,95.56466,3.4144296050071716
3124,2020-01-28 21:00:00,87.46442,95.52837999999997,3.7020191997289658
3125,2020-01-28 22:00:00,87.46584,95.48435,3.76178577542305
3126,2020-01-28 23:00:00,87.46724,95.44022999999999,3.7716073244810104
3127,2020-01-29 00:00:00,87.4682,95.40192000000002,3.8489321172237396
3128,2020-01-29 01:00:00,87.46905,95.36872,3.900172859430313
3129,2020-01-29 02:00:00,87.4697,95.33844999999997,3.790909633040428
3130,2020-01-29 03:00:00,87.47017,95.31038999999998,3.9797233045101166
3131,2020-01-29 04:00:00,87.47042,95.28354000000002,4.388297542929649
3132,2020-01-29 05:00:00,87.4706,95.25768,4.433333531022072
3133,2020-01-29 06:00:00,87.47068,95.23199999999997,3.897623226046562
3134,2020-01-29 07:00:00,87.47064,95.21150999999998,3.1294299513101578
3135,2020-01-29 08:00:00,87.47074,95.19504,3.118236482143402
3136,2020-01-29 09:00:00,87.47103,95.18090999999998,3.5066610872745514
3137,2020-01-29 10:00:00,87.47131,95.16879,3.6286022663116455
3138,2020-01-29 11:00:00,87.47164,95.16017,3.833773821592331
3139,2020-01-29 12:00:00,87.47218,95.15654,4.1085929572582245
3140,2020-01-29 13:00:00,87.47263,95.16311000000002,4.368731439113617
3141,2020-01-29 14:00:00,87.47297,95.17979000000003,4.662811368703842
3142,2020-01-29 15:00:00,87.47312,95.21078999999997,4.741885617375374
3143,2020-01-29 16:00:00,87.47305,95.25301000000002,4.693680435419083
3144,2020-01-29 17:00:00,87.47289,95.30087000000003,4.912243634462357
3145,2020-01-29 18:00:00,87.47289,95.35375999999997,5.4009174555540085
3146,2020-01-29 19:00:00,87.47315,95.40690000000001,5.721012100577354
3147,2020-01-29 20:00:00,87.47406,95.47656999999998,5.737523168325424
3148,2020-01-29 21:00:00,87.47519,95.55132000000003,6.460149928927422
3149,2020-01-29 22:00:00,87.47619,95.62563999999998,7.319159835577011
3150,2020-01-29 23:00:00,87.47708,95.69785000000002,7.855745375156403
3151,2020-01-30 00:00:00,87.4778,95.77080000000001,7.265083372592926
3152,2020-01-30 01:00:00,87.47843,95.84436,6.879929274320602
3153,2020-01-30 02:00:00,87.47897,95.91955999999999,6.7035229951143265
3154,2020-01-30 03:00:00,87.47929,95.99718000000001,6.635752573609352
3155,2020-01-30 04:00:00,87.4794,96.07816000000003,6.5129504352808
3156,2020-01-30 05:00:00,87.47914,96.1551,6.308208882808685
3157,2020-01-30 06:00:00,87.4784,96.22570000000002,6.031139925122261
3158,2020-01-30 07:00:00,87.47668,96.29507000000001,5.570903494954109
3159,2020-01-30 08:00:00,87.47363,96.36714999999998,5.046266153454781
3160,2020-01-30 09:00:00,87.46934,96.43898999999999,4.784002438187599
3161,2020-01-30 10:00:00,87.46428,96.49579,4.616658389568329
3162,2020-01-30 11:00:00,87.45957,96.52962000000002,5.187861204147339
3163,2020-01-30 12:00:00,87.4556,96.53917000000001,6.3910993039608
3164,2020-01-30 13:00:00,87.45176,96.53978999999998,7.096115604043007
3165,2020-01-30 14:00:00,87.4479,96.53228000000001,7.441245973110199
3166,2020-01-30 15:00:00,87.44413,96.52327000000002,7.383043259382248
3167,2020-01-30 16:00:00,87.44036,96.51353,7.150915145874023
3168,2020-01-30 17:00:00,87.43692,96.50317000000001,6.881972044706345
3169,2020-01-30 18:00:00,87.43417,96.49653999999998,6.394252985715866
3170,2020-01-30 19:00:00,87.43185,96.49144000000001,5.800400286912918
3171,2020-01-30 20:00:00,87.43007,96.48426,5.21896356344223
3172,2020-01-30 21:00:00,87.42886,96.47816,4.627814501523972
3173,2020-01-30 22:00:00,87.42839,96.47077999999999,3.918022245168686
3174,2020-01-30 23:00:00,87.42845,96.46398999999997,3.087478458881378
3175,2020-01-31 00:00:00,87.42873,96.46280000000002,2.3172067999839783
3176,2020-01-31 01:00:00,87.42943,96.46461,1.754492998123169
3177,2020-01-31 02:00:00,87.43024,96.47172999999998,0.8254131525754929
3178,2020-01-31 03:00:00,87.43107,96.48167000000001,0.859331950545311
3179,2020-01-31 04:00:00,87.43199,96.48750999999999,1.4927839934825897
3180,2020-01-31 05:00:00,87.43384,96.48928999999998,2.3490074276924133
3181,2020-01-31 06:00:00,87.43662,96.48437999999999,3.2534681111574173
3182,2020-01-31 07:00:00,87.43983,96.47072000000003,3.970245510339737
3183,2020-01-31 08:00:00,87.44367,96.44933000000003,4.620548993349075
3184,2020-01-31 09:00:00,87.44823,96.42451,5.236439436674118
3185,2020-01-31 10:00:00,87.45319,96.39778999999999,5.632473513484001
3186,2020-01-31 11:00:00,87.45849,96.36845,5.37678761780262
3187,2020-01-31 12:00:00,87.46388,96.33359000000002,5.366312682628632
3188,2020-01-31 13:00:00,87.46919,96.30039999999997,5.5666728764772415
3189,2020-01-31 14:00:00,87.47386,96.27562999999998,5.47574707865715
3190,2020-01-31 15:00:00,87.4779,96.26711999999998,5.490108102560043
3191,2020-01-31 16:00:00,87.48143,96.27451000000002,5.83852881193161
3192,2020-01-31 17:00:00,87.48442,96.28949,5.777822017669678
3193,2020-01-31 18:00:00,87.48703,96.305,5.81583172082901
3194,2020-01-31 19:00:00,87.4895,96.32801999999998,5.774989187717438
3195,2020-01-31 20:00:00,87.49193,96.34698000000003,5.520332366228104
3196,2020-01-31 21:00:00,87.49413,96.35959000000003,5.227832570672035
3197,2020-01-31 22:00:00,87.4957,96.37182999999999,4.681136637926102
3198,2020-01-31 23:00:00,87.49663,96.38229999999999,4.042882800102234
3199,2020-02-01 00:00:00,87.49721,96.39019000000002,4.584583133459091
3200,2020-02-01 01:00:00,87.49713,96.38895000000002,4.104598820209503
3201,2020-02-01 02:00:00,87.49534,96.38168000000002,4.05246576666832
3202,2020-02-01 03:00:00,87.49042,96.34629000000001,4.628848224878311
3203,2020-02-01 04:00:00,87.48132,96.29559999999998,5.96214659512043
3204,2020-02-01 05:00:00,87.469,96.23807999999997,8.121273152530193
3205,2020-02-01 06:00:00,87.45475,96.16739000000001,10.335812643170357
3206,2020-02-01 07:00:00,87.43992,96.07249999999999,11.767690494656563
3207,2020-02-01 08:00:00,87.42602,95.95760000000001,12.590410307049751
3208,2020-02-01 09:00:00,87.41414,95.84108000000003,12.742213129997253
3209,2020-02-01 10:00:00,87.40478,95.74346000000003,12.331038638949394
3210,2020-02-01 11:00:00,87.39768,95.67865999999998,11.749121755361557
3211,2020-02-01 12:00:00,87.39231,95.65735999999998,11.266335770487785
3212,2020-02-01 13:00:00,87.38751,95.66971999999998,11.087733969092369
3213,2020-02-01 14:00:00,87.38272,95.70578,10.728282675147057
3214,2020-02-01 15:00:00,87.37739,95.75378999999998,10.013936892151833
3215,2020-02-01 16:00:00,87.37107,95.80333000000002,9.279243141412735
3216,2020-02-01 17:00:00,87.36389,95.84607,8.604665070772171
3217,2020-02-01 18:00:00,87.3569,95.86493999999999,7.864270001649857
3218,2020-02-01 19:00:00,87.35056,95.85944,7.213178098201752
3219,2020-02-01 20:00:00,87.34542,95.83125999999999,6.653290301561356
3220,2020-02-01 21:00:00,87.34186,95.7894,6.028401404619217
3221,2020-02-01 22:00:00,87.33988,95.74720000000002,5.345251679420471
3222,2020-02-01 23:00:00,87.33934,95.71249999999998,4.06346233189106
3223,2020-02-02 00:00:00,87.33942,95.68180000000001,3.196175053715706
3224,2020-02-02 01:00:00,87.34023,95.65706,2.7525602132081985
3225,2020-02-02 02:00:00,87.34152,95.63680999999997,2.386203095316887
3226,2020-02-02 03:00:00,87.34275,95.61374999999998,2.4287115335464478
3227,2020-02-02 04:00:00,87.34384,95.58584000000002,3.0873765498399734
3228,2020-02-02 05:00:00,87.34444,95.5444,3.7635316401720047
3229,2020-02-02 06:00:00,87.34464,95.47958,4.5392972975969315
3230,2020-02-02 07:00:00,87.34469,95.38647000000003,5.321993038058281
3231,2020-02-02 08:00:00,87.3451,95.26603,5.871581241488457
3232,2020-02-02 09:00:00,87.34617,95.12657000000002,6.257188841700554
3233,2020-02-02 10:00:00,87.34801,94.97309000000001,6.68995775282383
3234,2020-02-02 11:00:00,87.34997,94.83275000000003,6.982732445001602
3235,2020-02-02 12:00:00,87.35173,94.71329000000003,7.1387723833322525
3236,2020-02-02 13:00:00,87.35352,94.60748999999998,7.172597095370293
3237,2020-02-02 14:00:00,87.35513,94.51596,7.396572142839432
3238,2020-02-02 15:00:00,87.35646,94.43444,7.581565096974373
3239,2020-02-02 16:00:00,87.35749,94.36127999999997,7.747326195240021
3240,2020-02-02 17:00:00,87.35815,94.29059999999998,7.7339670062065125
3241,2020-02-02 18:00:00,87.35872,94.21321999999998,7.768578842282295
3242,2020-02-02 19:00:00,87.35961,94.12576999999999,7.750251054763794
3243,2020-02-02 20:00:00,87.36127,94.02271000000002,7.7979807406663895
3244,2020-02-02 21:00:00,87.36419,93.90379000000001,7.8587400913238525
3245,2020-02-02 22:00:00,87.3686,93.77891999999997,7.825354650616646
3246,2020-02-02 23:00:00,87.37375,93.6601,7.765717774629593
3247,2020-02-03 00:00:00,87.37945,93.55286000000001,7.553792595863342
3248,2020-02-03 01:00:00,87.3851,93.45605,7.290347099304199
3249,2020-02-03 02:00:00,87.39054,93.37157000000002,6.500235706567764
3250,2020-02-03 03:00:00,87.39561,93.30232999999998,5.495229929685593
3251,2020-02-03 04:00:00,87.40009,93.25013999999999,5.095127627253532
3252,2020-02-03 05:00:00,87.40403,93.21726999999998,5.035310909152031
3253,2020-02-03 06:00:00,87.4074,93.19851,5.382885530591011
3254,2020-02-03 07:00:00,87.41043,93.20159000000001,5.497986704111099
3255,2020-02-03 08:00:00,87.41299,93.22429,5.316785484552383
3256,2020-02-03 09:00:00,87.41529,93.26391999999998,5.1740201115608215
3257,2020-02-03 10:00:00,87.41773,93.32573000000002,5.162931025028229
3258,2020-02-03 11:00:00,87.42049,93.39859000000001,5.561403274536133
3259,2020-02-03 12:00:00,87.42371,93.47839999999997,6.1562559902668
3260,2020-02-03 13:00:00,87.42723,93.56774999999999,6.675344064831734
3261,2020-02-03 14:00:00,87.43062,93.66140999999999,6.992635823786259
3262,2020-02-03 15:00:00,87.43369,93.75999999999999,7.12846314907074
3263,2020-02-03 16:00:00,87.43612,93.85847999999999,7.300480604171753
3264,2020-02-03 17:00:00,87.43806,93.9554,7.439984455704689
3265,2020-02-03 18:00:00,87.43976,94.04617000000002,7.516048550605774
3266,2020-02-03 19:00:00,87.44133,94.12982999999997,7.6135654002428055
3267,2020-02-03 20:00:00,87.44284,94.20875000000001,7.668892115354538
3268,2020-02-03 21:00:00,87.44437,94.28305999999998,7.799932390451431
3269,2020-02-03 22:00:00,87.44645,94.36099000000002,7.806560575962067
3270,2020-02-03 23:00:00,87.44929,94.45283999999998,7.782853722572327
3271,2020-02-04 00:00:00,87.45237,94.55385999999999,6.8133156299591064
3272,2020-02-04 01:00:00,87.45484,94.6456,6.818162068724632
3273,2020-02-04 02:00:00,87.45772,94.74252000000001,6.745196923613548
3274,2020-02-04 03:00:00,87.46082,94.83889999999997,6.691066309809685
3275,2020-02-04 04:00:00,87.46337,94.92797000000002,6.6806301176548
3276,2020-02-04 05:00:00,87.46602,95.01076999999998,6.6685041934251785
3277,2020-02-04 06:00:00,87.46859,95.08783,6.607951194047928
3278,2020-02-04 07:00:00,87.47077,95.15652,6.349593549966812
3279,2020-02-04 08:00:00,87.47267,95.21488,6.141687273979187
3280,2020-02-04 09:00:00,87.47435,95.25986,5.74884058535099
3281,2020-02-04 10:00:00,87.47604,95.29128000000003,5.3609292805194855
3282,2020-02-04 11:00:00,87.47795,95.31074000000001,5.122289702296257
3283,2020-02-04 12:00:00,87.48022,95.32144,4.985345706343651
3284,2020-02-04 13:00:00,87.48279,95.3272,4.90646068751812
3285,2020-02-04 14:00:00,87.4856,95.33134000000001,4.789644129574299
3286,2020-02-04 15:00:00,87.48845,95.3358,4.679985344409943
3287,2020-02-04 16:00:00,87.49123,95.34062,4.682322770357132
3288,2020-02-04 17:00:00,87.4938,95.34476000000001,4.688226938247681
3289,2020-02-04 18:00:00,87.49618,95.34811000000002,4.695972248911858
3290,2020-02-04 19:00:00,87.49832,95.3485,4.624045222997665
3291,2020-02-04 20:00:00,87.50036,95.34395,4.573675632476807
3292,2020-02-04 21:00:00,87.50236,95.33479999999997,4.707399278879166
3293,2020-02-04 22:00:00,87.50446,95.31952999999999,4.958901807665825
3294,2020-02-04 23:00:00,87.50689,95.29676,5.429197579622269
3295,2020-02-05 00:00:00,87.5097,95.26860999999997,5.826432257890701
3296,2020-02-05 01:00:00,87.51289,95.23651000000001,6.030485853552818
3297,2020-02-05 02:00:00,87.51633,95.20643999999999,6.156491041183472
3298,2020-02-05 03:00:00,87.51994,95.18142,6.201613143086433
3299,2020-02-05 04:00:00,87.52362,95.15956,6.270993068814278
3300,2020-02-05 05:00:00,87.52708,95.13380000000001,6.294480696320534
3301,2020-02-05 06:00:00,87.53011,95.10034000000002,6.375113308429718
3302,2020-02-05 07:00:00,87.53307,95.06339000000003,6.705292999744415
3303,2020-02-05 08:00:00,87.53591,95.02561000000003,6.851258829236031
3304,2020-02-05 09:00:00,87.53864,94.97877,6.805551588535309
3305,2020-02-05 10:00:00,87.54156,94.92703,6.760414868593216
3306,2020-02-05 11:00:00,87.54439,94.86914999999999,6.77864433825016
3307,2020-02-05 12:00:00,87.54733,94.80881,6.9463206976652145
3308,2020-02-05 13:00:00,87.55058,94.74565999999999,7.011454731225967
3309,2020-02-05 14:00:00,87.55409,94.68054999999998,7.008796334266663
3310,2020-02-05 15:00:00,87.55781,94.61556000000002,7.128945633769035
3311,2020-02-05 16:00:00,87.56146,94.55401999999998,7.20731520652771
3312,2020-02-05 17:00:00,87.56491,94.50350000000003,7.168232902884483
3313,2020-02-05 18:00:00,87.5681,94.46001000000001,6.984243109822273
3314,2020-02-05 19:00:00,87.57089,94.42493000000002,6.509035959839821
3315,2020-02-05 20:00:00,87.57344,94.39495999999997,5.945194110274315
3316,2020-02-05 21:00:00,87.57561,94.37085000000002,5.63049840927124
3317,2020-02-05 22:00:00,87.57761,94.34874000000002,5.450652256608009
3318,2020-02-05 23:00:00,87.57945,94.32276000000002,5.45764634013176
3319,2020-02-06 00:00:00,87.58139,94.29525999999998,5.6412090212106705
3320,2020-02-06 01:00:00,87.58351,94.26292000000001,5.535109966993332
3321,2020-02-06 02:00:00,87.58581,94.22509000000002,5.451505780220032
3322,2020-02-06 03:00:00,87.5883,94.18831999999998,5.21805614233017
3323,2020-02-06 04:00:00,87.5909,94.15026999999998,4.52846622467041
3324,2020-02-06 05:00:00,87.59368,94.11054000000001,4.300758719444275
3325,2020-02-06 06:00:00,87.5961,94.07594,4.253651902079582
3326,2020-02-06 07:00:00,87.59848,94.05943000000002,4.315253138542175
3327,2020-02-06 08:00:00,87.60117,94.04290000000003,4.414763614535332
3328,2020-02-06 09:00:00,87.60411,94.02318000000002,4.551748588681221
3329,2020-02-06 10:00:00,87.60689,94.00461000000001,4.7517165541648865
3330,2020-02-06 11:00:00,87.60904,93.98356999999999,4.940613090991974
3331,2020-02-06 12:00:00,87.61098,93.95947000000001,5.059843003749847
3332,2020-02-06 13:00:00,87.61318,93.93833999999998,5.256316244602203
3333,2020-02-06 14:00:00,87.61532,93.91844000000003,5.326781213283539
3334,2020-02-06 15:00:00,87.61725,93.90062999999998,5.301205784082413
3335,2020-02-06 16:00:00,87.61901,93.87939,5.360516548156738
3336,2020-02-06 17:00:00,87.62068,93.85739999999998,5.3603595197200775
3337,2020-02-06 18:00:00,87.6225,93.83886999999999,5.1096948981285095
3338,2020-02-06 19:00:00,87.62413,93.82533999999998,4.805944427847862
3339,2020-02-06 20:00:00,87.62547,93.81488000000002,4.537480056285858
3340,2020-02-06 21:00:00,87.62641,93.80318,4.379589393734932
3341,2020-02-06 22:00:00,87.62718,93.79314,4.385029673576355
3342,2020-02-06 23:00:00,87.628,93.78294,4.423377096652985
3343,2020-02-07 00:00:00,87.62889,93.77372000000003,4.305665284395218
3344,2020-02-07 01:00:00,87.63015,93.76621999999998,4.2430229634046555
3345,2020-02-07 02:00:00,87.63139,93.75948,4.331553757190704
3346,2020-02-07 03:00:00,87.63257,93.75065000000001,4.470406010746956
3347,2020-02-07 04:00:00,87.63373,93.74626,4.519773468375206
3348,2020-02-07 05:00:00,87.63484,93.74625000000003,4.540044084191322
3349,2020-02-07 06:00:00,87.63594,93.74855000000002,4.583382308483124
3350,2020-02-07 07:00:00,87.63701,93.75288,4.49026283621788
3351,2020-02-07 08:00:00,87.63804,93.75851,4.313206657767296
3352,2020-02-07 09:00:00,87.63907,93.76465999999999,4.202878639101982
3353,2020-02-07 10:00:00,87.64004,93.77190000000002,4.114269003272057
3354,2020-02-07 11:00:00,87.64091,93.77850999999998,4.117544949054718
3355,2020-02-07 12:00:00,87.64174,93.78303,4.112261310219765
3356,2020-02-07 13:00:00,87.6426,93.78838000000002,3.979906067252159
3357,2020-02-07 14:00:00,87.64356,93.79503999999997,3.848553866147995
3358,2020-02-07 15:00:00,87.6446,93.80536000000001,3.845344439148903
3359,2020-02-07 16:00:00,87.64576,93.81518,3.8119747638702393
3360,2020-02-07 17:00:00,87.64696,93.82486,3.483645513653755
3361,2020-02-07 18:00:00,87.64815,93.83735000000001,3.287834256887436
3362,2020-02-07 19:00:00,87.64932,93.85147999999998,3.310500279068947
3363,2020-02-07 20:00:00,87.65042,93.86511999999999,3.217769607901573
3364,2020-02-07 21:00:00,87.65159,93.87531000000001,3.030982732772827
3365,2020-02-07 22:00:00,87.65285,93.88090999999997,3.0025709867477417
3366,2020-02-07 23:00:00,87.65427,93.88182999999998,3.0471353232860565
3367,2020-02-08 00:00:00,87.65578,93.88121999999998,2.9817070960998535
3368,2020-02-08 01:00:00,87.65734,93.88168000000002,3.0713784396648407
3369,2020-02-08 02:00:00,87.65899,93.88249000000002,3.1199169605970383
3370,2020-02-08 03:00:00,87.66071,93.88387999999998,3.1253518611192703
3371,2020-02-08 04:00:00,87.66252,93.88403,3.000990718603134
3372,2020-02-08 05:00:00,87.66443,93.88186999999999,2.9402986317873
3373,2020-02-08 06:00:00,87.66637,93.87576999999999,3.0173965990543365
3374,2020-02-08 07:00:00,87.6684,93.86471,3.0828588157892227
3375,2020-02-08 08:00:00,87.67032,93.85334,3.163082033395767
3376,2020-02-08 09:00:00,87.67184,93.8415,3.1129511296749115
3377,2020-02-08 10:00:00,87.67347,93.82632999999998,3.3131413012742996
3378,2020-02-08 11:00:00,87.67526,93.80677000000003,3.6491165161132812
3379,2020-02-08 12:00:00,87.67692,93.78933,3.7107798755168915
3380,2020-02-08 13:00:00,87.67941,93.76117999999997,3.861298695206642
3381,2020-02-08 14:00:00,87.68148,93.74095999999997,4.053715884685516
3382,2020-02-08 15:00:00,87.68375,93.72109,4.0315160900354385
3383,2020-02-08 16:00:00,87.6863,93.69547,4.036606132984161
3384,2020-02-08 17:00:00,87.6892,93.66266999999999,4.161690980195999
3385,2020-02-08 18:00:00,87.692,93.63211000000001,4.3832648396492
3386,2020-02-08 19:00:00,87.69432,93.60390000000001,4.601237520575523
3387,2020-02-08 20:00:00,87.69691,93.57371999999998,4.655773043632507
3388,2020-02-08 21:00:00,87.6992,93.54412000000002,4.687524750828743
3389,2020-02-08 22:00:00,87.70152,93.51224000000002,4.682649537920952
3390,2020-02-08 23:00:00,87.70386,93.47561999999999,4.787830755114555
3391,2020-02-09 00:00:00,87.70616,93.43752,4.995136231184006
3392,2020-02-09 01:00:00,87.70803,93.39981999999998,5.181552529335022
3393,2020-02-09 02:00:00,87.70958,93.36779000000001,5.176218003034592
3394,2020-02-09 03:00:00,87.71183,93.32666999999998,5.144644618034363
3395,2020-02-09 04:00:00,87.71389,93.28929,5.18192857503891
3396,2020-02-09 05:00:00,87.71644,93.24270000000001,5.3147671818733215
3397,2020-02-09 06:00:00,87.71905,93.19232999999997,5.463108479976654
3398,2020-02-09 07:00:00,87.72161,93.14681999999999,5.6636448204517365
3399,2020-02-09 08:00:00,87.72413,93.09935999999999,5.816943258047104
3400,2020-02-09 09:00:00,87.72647,93.05691999999999,5.965678572654724
3401,2020-02-09 10:00:00,87.72857,93.00973999999997,6.092990875244141
3402,2020-02-09 11:00:00,87.73091,92.96329000000003,6.168306693434715
3403,2020-02-09 12:00:00,87.73309,92.91782999999998,6.167485997080803
3404,2020-02-09 13:00:00,87.73524,92.87693000000002,6.142354369163513
3405,2020-02-09 14:00:00,87.7376,92.83157,6.106680899858475
3406,2020-02-09 15:00:00,87.73986,92.78712999999999,6.182579666376114
3407,2020-02-09 16:00:00,87.74209,92.73989,6.335738927125931
3408,2020-02-09 17:00:00,87.74439,92.69031000000001,6.500312522053719
3409,2020-02-09 18:00:00,87.74679,92.637,6.52536728978157
3410,2020-02-09 19:00:00,87.74936,92.58078,6.478166356682777
3411,2020-02-09 20:00:00,87.75212,92.52260999999999,6.459899201989174
3412,2020-02-09 21:00:00,87.75492,92.46773000000002,6.616058632731438
3413,2020-02-09 22:00:00,87.75842,92.41196000000002,6.584816366434097
3414,2020-02-09 23:00:00,87.76124,92.35609999999997,6.5044630616903305
3415,2020-02-10 00:00:00,87.76357,92.30603000000002,6.49705907702446
3416,2020-02-10 01:00:00,87.76601,92.26159999999999,6.471045583486557
3417,2020-02-10 02:00:00,87.76831,92.21942999999999,6.2893708646297455
3418,2020-02-10 03:00:00,87.7705,92.17610000000002,6.037400647997856
3419,2020-02-10 04:00:00,87.77266,92.13254,5.788487985730171
3420,2020-02-10 05:00:00,87.77467,92.09019999999998,5.637244984507561
3421,2020-02-10 06:00:00,87.77679,92.04383999999999,5.627971172332764
3422,2020-02-10 07:00:00,87.77886,91.99281000000002,5.771880194544792
3423,2020-02-10 08:00:00,87.78097,91.93713000000002,5.9542273581027985
3424,2020-02-10 09:00:00,87.78318,91.87802999999997,6.185833424329758
3425,2020-02-10 10:00:00,87.7854,91.81753000000003,6.411079481244087
3426,2020-02-10 11:00:00,87.78755,91.75855000000001,6.572388276457787
3427,2020-02-10 12:00:00,87.78959,91.70186000000001,6.658308178186417
3428,2020-02-10 13:00:00,87.79146,91.6449,6.8378763645887375
3429,2020-02-10 14:00:00,87.79314,91.58874000000003,6.920694217085838
3430,2020-02-10 15:00:00,87.79461,91.53429,7.197960272431374
3431,2020-02-10 16:00:00,87.79593,91.47926000000001,7.338008612394333
3432,2020-02-10 17:00:00,87.7972,91.42212999999998,7.233834683895111
3433,2020-02-10 18:00:00,87.79845,91.3598,6.991842359304428
3434,2020-02-10 19:00:00,87.79986,91.28983,6.665753662586212
3435,2020-02-10 20:00:00,87.80148,91.21221000000003,6.7996044754981995
3436,2020-02-10 21:00:00,87.80333,91.12886000000003,6.84551402926445
3437,2020-02-10 22:00:00,87.80533,91.04218000000003,6.792133003473282
3438,2020-02-10 23:00:00,87.8075,90.95434999999998,6.8421149253845215
3439,2020-02-11 00:00:00,87.80959,90.86881,6.941694214940071
3440,2020-02-11 01:00:00,87.81149,90.78582,7.0492039024829865
3441,2020-02-11 02:00:00,87.81304,90.70799999999997,7.101316928863525
3442,2020-02-11 03:00:00,87.81452,90.63233000000002,7.17411082983017
3443,2020-02-11 04:00:00,87.8156,90.55988000000002,7.011854410171509
3444,2020-02-11 05:00:00,87.81659,90.48354,6.7571731954813
3445,2020-02-11 06:00:00,87.81745,90.40321,6.5052555203437805
3446,2020-02-11 07:00:00,87.81835,90.31707,6.204334571957588
3447,2020-02-11 08:00:00,87.8193,90.22230000000002,6.158635422587395
3448,2020-02-11 09:00:00,87.82034,90.11505999999997,6.395646452903748
3449,2020-02-11 10:00:00,87.82157,90.00351999999998,6.626793324947357
3450,2020-02-11 11:00:00,87.82289,89.89423999999997,6.742085635662079
3451,2020-02-11 12:00:00,87.82444,89.78499,6.720926880836487
3452,2020-02-11 13:00:00,87.82604,89.67921000000001,6.615044012665749
3453,2020-02-11 14:00:00,87.8275,89.58161000000001,6.510763198137283
3454,2020-02-11 15:00:00,87.82876,89.49160999999998,6.6299024522304535
3455,2020-02-11 16:00:00,87.82984,89.40733,6.8390123546123505
3456,2020-02-11 17:00:00,87.83082,89.32736999999997,6.657858043909073
3457,2020-02-11 18:00:00,87.83179,89.24610999999999,7.018300950527191
3458,2020-02-11 19:00:00,87.833,89.15839,7.312801644206047
3459,2020-02-11 20:00:00,87.83457,89.06160999999997,7.53351603448391
3460,2020-02-11 21:00:00,87.83663,88.95738,7.640923768281937
3461,2020-02-11 22:00:00,87.83906,88.84721000000002,7.776014864444733
3462,2020-02-11 23:00:00,87.84177,88.73266000000001,7.760998874902725
3463,2020-02-12 00:00:00,87.84476,88.61879999999996,7.663672015070915
3464,2020-02-12 01:00:00,87.84784,88.50795,7.692828491330147
3465,2020-02-12 02:00:00,87.85077,88.40481,7.703144550323486
3466,2020-02-12 03:00:00,87.85332,88.31207,7.608393147587776
3467,2020-02-12 04:00:00,87.85548,88.23000000000002,7.5860153287649155
3468,2020-02-12 05:00:00,87.85754,88.15138000000002,7.7348425686359406
3469,2020-02-12 06:00:00,87.85976,88.06582000000003,8.057191550731659
3470,2020-02-12 07:00:00,87.86284,87.96947999999998,8.447845429182053
3471,2020-02-12 08:00:00,87.86567,87.87094000000002,8.7300955504179
3472,2020-02-12 09:00:00,87.86898,87.76477,8.84670090675354
3473,2020-02-12 10:00:00,87.87274,87.65219000000002,8.943238571286201
3474,2020-02-12 11:00:00,87.87689,87.53766000000002,9.07561731338501
3475,2020-02-12 12:00:00,87.88132,87.42536999999999,9.27753446996212
3476,2020-02-12 13:00:00,87.88581,87.31891999999999,9.491860121488571
3477,2020-02-12 14:00:00,87.89017,87.21895999999998,9.765259057283401
3478,2020-02-12 15:00:00,87.89428,87.12473999999997,9.970620885491371
3479,2020-02-12 16:00:00,87.89818,87.03541000000001,10.000825181603432
3480,2020-02-12 17:00:00,87.90208,86.94481999999999,10.070612400770187
3481,2020-02-12 18:00:00,87.90566,86.84698000000003,10.151319161057472
3482,2020-02-12 19:00:00,87.90904,86.73467,10.269938424229622
3483,2020-02-12 20:00:00,87.91266,86.60582999999997,10.43984617292881
3484,2020-02-12 21:00:00,87.91602,86.46075000000002,10.6117804646492
3485,2020-02-12 22:00:00,87.91957,86.30982,10.736983954906464
3486,2020-02-12 23:00:00,87.9234,86.15760999999998,10.888704717159271
3487,2020-02-13 00:00:00,87.9273,86.00302999999997,10.991235852241516
3488,2020-02-13 01:00:00,87.93102,85.85212999999999,11.01114185154438
3489,2020-02-13 02:00:00,87.93448,85.70928000000004,10.912628561258316
3490,2020-02-13 03:00:00,87.93758,85.57177000000001,10.839009076356888
3491,2020-02-13 04:00:00,87.94128,85.42827,10.86711685359478
3492,2020-02-13 05:00:00,87.94473,85.28354000000002,10.991517752408981
3493,2020-02-13 06:00:00,87.94872,85.12844000000001,11.099574998021126
3494,2020-02-13 07:00:00,87.95271,84.95949999999999,11.164409846067429
3495,2020-02-13 08:00:00,87.95653,84.77805000000001,11.187404945492744
3496,2020-02-13 09:00:00,87.95991,84.5872,11.206680372357368
3497,2020-02-13 10:00:00,87.96319,84.38024999999999,11.279823705554008
3498,2020-02-13 11:00:00,87.966,84.1705,11.371238112449646
3499,2020-02-13 12:00:00,87.96878,83.96139,11.487903892993927
3500,2020-02-13 13:00:00,87.9712,83.75283999999999,11.512640357017517
3501,2020-02-13 14:00:00,87.97323,83.5507,11.502873256802559
3502,2020-02-13 15:00:00,87.97487,83.35397,11.53809529542923
3503,2020-02-13 16:00:00,87.97663,83.16811999999999,11.679199546575546
3504,2020-02-13 17:00:00,87.97939,82.96843999999999,11.8706945925951
3505,2020-02-13 18:00:00,87.9819,82.76918999999998,11.94480051100254
3506,2020-02-13 19:00:00,87.98439,82.56843000000003,12.0030277967453
3507,2020-02-13 20:00:00,87.98705,82.37941999999998,12.060078218579292
3508,2020-02-13 21:00:00,87.98962,82.19376,12.053875222802162
3509,2020-02-13 22:00:00,87.9923,82.01114999999999,11.9295374751091
3510,2020-02-13 23:00:00,87.99538,81.83677,11.703078866004944
3511,2020-02-14 00:00:00,87.99848,81.66976,11.113489344716072
3512,2020-02-14 01:00:00,88.00143,81.51144999999997,10.887936234474182
3513,2020-02-14 02:00:00,88.00416,81.36248,10.578887820243835
3514,2020-02-14 03:00:00,88.00688,81.22273999999999,10.243081495165825
3515,2020-02-14 04:00:00,88.00939,81.09330999999997,9.855542212724686
3516,2020-02-14 05:00:00,88.01164,80.97242,9.492239892482758
3517,2020-02-14 06:00:00,88.01378,80.85847000000001,9.219717264175415
3518,2020-02-14 07:00:00,88.01578,80.75128000000001,8.909733176231384
3519,2020-02-14 08:00:00,88.01795,80.64877999999999,8.334474891424179
3520,2020-02-14 09:00:00,88.0205,80.54610000000002,8.010102860629559
3521,2020-02-14 10:00:00,88.0233,80.44723999999997,7.889410078525543
3522,2020-02-14 11:00:00,88.02625,80.36518000000001,7.875586047768593
3523,2020-02-14 12:00:00,88.02932,80.29449999999997,7.642584070563316
3524,2020-02-14 13:00:00,88.03252,80.23780999999997,7.3506718426942825
3525,2020-02-14 14:00:00,88.03575,80.19373000000002,6.8882579654455185
3526,2020-02-14 15:00:00,88.03897,80.16226,6.198862314224243
3527,2020-02-14 16:00:00,88.04199,80.14089000000001,5.492637991905212
3528,2020-02-14 17:00:00,88.04474,80.12297999999998,5.0009836703538895
3529,2020-02-14 18:00:00,88.04728,80.10825,4.852084085345268
3530,2020-02-14 19:00:00,88.04964,80.09780999999998,4.77641074359417
3531,2020-02-14 20:00:00,88.05199,80.08197999999999,4.675108090043068
3532,2020-02-14 21:00:00,88.05437,80.07289000000003,4.746733620762825
3533,2020-02-14 22:00:00,88.05688,80.04764999999998,4.723112300038338
3534,2020-02-14 23:00:00,88.05933,80.02690000000001,4.632018938660622
3535,2020-02-15 00:00:00,88.06163,80.00473999999997,4.542363107204437
3536,2020-02-15 01:00:00,88.06372,79.98568999999998,4.3541663736104965
3537,2020-02-15 02:00:00,88.0656,79.96911,4.208093881607056
3538,2020-02-15 03:00:00,88.06708,79.95639,4.069064021110535
3539,2020-02-15 04:00:00,88.0681,79.93998999999997,4.045045360922813
3540,2020-02-15 05:00:00,88.06879,79.92221,4.138086751103401
3541,2020-02-15 06:00:00,88.06925,79.90469000000002,4.34341961145401
3542,2020-02-15 07:00:00,88.06946,79.88413000000003,4.551970362663269
3543,2020-02-15 08:00:00,88.06929,79.86185,4.665507093071938
3544,2020-02-15 09:00:00,88.06912,79.83715999999998,4.764651462435722
3545,2020-02-15 10:00:00,88.06893,79.81974000000002,4.816406339406967
3546,2020-02-15 11:00:00,88.06872,79.80487,4.901703357696533
3547,2020-02-15 12:00:00,88.06855,79.79201999999998,5.025433346629143
3548,2020-02-15 13:00:00,88.06834,79.78008999999997,5.089377865195274
3549,2020-02-15 14:00:00,88.06816,79.76659000000001,5.087370604276657
3550,2020-02-15 15:00:00,88.06802,79.75790999999998,4.976626425981522
3551,2020-02-15 16:00:00,88.06792,79.75605000000002,4.866999119520187
3552,2020-02-15 17:00:00,88.06782,79.75686999999999,4.931555509567261
3553,2020-02-15 18:00:00,88.06778,79.75644999999997,5.032865643501282
3554,2020-02-15 19:00:00,88.06775,79.75560999999999,5.05458477139473
3555,2020-02-15 20:00:00,88.06773,79.75502,4.857504338026047
3556,2020-02-15 21:00:00,88.06767,79.75096000000002,4.685205966234207
3557,2020-02-15 22:00:00,88.06759,79.74664000000001,4.48689891397953
3558,2020-02-15 23:00:00,88.06747,79.73984000000002,4.157095402479172
3559,2020-02-16 00:00:00,88.06725,79.73028999999997,4.095446228981018
3560,2020-02-16 01:00:00,88.06699,79.71805,4.228208750486374
3561,2020-02-16 02:00:00,88.06677,79.70846,4.292608976364136
3562,2020-02-16 03:00:00,88.06659,79.70152000000002,4.304634988307953
3563,2020-02-16 04:00:00,88.06649,79.69862999999998,4.223362177610397
3564,2020-02-16 05:00:00,88.06642,79.69765000000001,4.271771863102913
3565,2020-02-16 06:00:00,88.06654,79.71796,4.302084177732468
3566,2020-02-16 07:00:00,88.06662,79.7301,4.354011178016663
3567,2020-02-16 08:00:00,88.06678,79.74406999999997,4.302987694740295
3568,2020-02-16 09:00:00,88.06695,79.75518999999997,4.3182152062654495
3569,2020-02-16 10:00:00,88.06688,79.75241,4.406043961644173
3570,2020-02-16 11:00:00,88.06676,79.74739,4.638337895274162
3571,2020-02-16 12:00:00,88.06664,79.74144999999999,5.0012930035591125
3572,2020-02-16 13:00:00,88.06648,79.73376000000002,5.2253884226083755
3573,2020-02-16 14:00:00,88.06719,79.76006999999998,5.349639363586903
3574,2020-02-16 15:00:00,88.06724,79.76276999999999,5.257507041096687
3575,2020-02-16 16:00:00,88.06679,79.73881,5.229187995195389
3576,2020-02-16 17:00:00,88.06628,79.71012000000002,5.384960427880287
3577,2020-02-16 18:00:00,88.06623,79.69905,5.598808616399765
3578,2020-02-16 19:00:00,88.06693,79.70420999999999,5.735138535499573
3579,2020-02-16 20:00:00,88.06787,79.71166,5.827922701835632
3580,2020-02-16 21:00:00,88.06824,79.69049999999999,5.929085060954094
3581,2020-02-16 22:00:00,88.06858,79.65190999999999,6.00879468023777
3582,2020-02-16 23:00:00,88.06925,79.61316,5.992928981781006
3583,2020-02-17 00:00:00,88.06943,79.57657,5.925089463591576
3584,2020-02-17 01:00:00,88.06911,79.53714000000002,5.799509257078171
3585,2020-02-17 02:00:00,88.06898,79.49694999999997,5.67458088696003
3586,2020-02-17 03:00:00,88.06967,79.44574,5.6724159717559814
3587,2020-02-17 04:00:00,88.07036,79.39065,5.79315422475338
3588,2020-02-17 05:00:00,88.07123,79.32895000000002,5.8837848752737045
3589,2020-02-17 06:00:00,88.07228,79.26796999999999,5.863425552845001
3590,2020-02-17 07:00:00,88.07257,79.20231000000001,5.774702966213226
3591,2020-02-17 08:00:00,88.07269,79.13704999999999,5.682183057069778
3592,2020-02-17 09:00:00,88.07282,79.06916999999999,5.605192705988884
3593,2020-02-17 10:00:00,88.07295,78.99844000000002,5.6061952114105225
3594,2020-02-17 11:00:00,88.07331,78.92122999999998,5.6407176703214645
3595,2020-02-17 12:00:00,88.07376,78.83830999999998,5.630778923630714
3596,2020-02-17 13:00:00,88.07412,78.76102000000003,5.403210982680321
3597,2020-02-17 14:00:00,88.07427,78.67764999999997,5.212738573551178
3598,2020-02-17 15:00:00,88.07456,78.60167999999999,5.116980150341988
3599,2020-02-17 16:00:00,88.07472,78.53359,5.089108407497406
3600,2020-02-17 17:00:00,88.07519,78.45897000000002,5.090258970856667
3601,2020-02-17 18:00:00,88.07586,78.3829,5.077178567647934
3602,2020-02-17 19:00:00,88.07643,78.31705999999997,5.063030049204826
3603,2020-02-17 20:00:00,88.07697,78.25693999999999,4.950574353337288
3604,2020-02-17 21:00:00,88.0777,78.20312000000001,4.650205031037331
3605,2020-02-17 22:00:00,88.07857,78.15055999999998,4.313453823328018
3606,2020-02-17 23:00:00,88.07946,78.10019999999997,4.024083644151688
3607,2020-02-18 00:00:00,88.08053,78.05268000000001,3.902669921517372
3608,2020-02-18 01:00:00,88.08167,78.00590999999997,3.9222798496484756
3609,2020-02-18 02:00:00,88.08299,77.95907999999997,3.835066720843315
3610,2020-02-18 03:00:00,88.08431,77.91003,3.7569184750318527
3611,2020-02-18 04:00:00,88.08568,77.85989000000001,3.8680982142686844
3612,2020-02-18 05:00:00,88.08736,77.80362000000002,4.2154510617256165
3613,2020-02-18 06:00:00,88.08966,77.73433,4.564361929893494
3614,2020-02-18 07:00:00,88.09246,77.64375999999999,4.883687928318977
3615,2020-02-18 08:00:00,88.09588,77.53631000000001,5.190539285540581
3616,2020-02-18 09:00:00,88.09971,77.41751,5.440251275897026
3617,2020-02-18 10:00:00,88.1038,77.29545999999999,5.902342692017555
3618,2020-02-18 11:00:00,88.10824,77.17181,6.466679871082306
3619,2020-02-18 12:00:00,88.11271,77.03993000000003,6.896421045064926
3620,2020-02-18 13:00:00,88.11738,76.90954999999997,7.276319533586502
3621,2020-02-18 14:00:00,88.12211,76.78787,7.656479030847549
3622,2020-02-18 15:00:00,88.12703,76.67182000000003,7.834975242614746
3623,2020-02-18 16:00:00,88.1323,76.55448000000001,7.843266308307648
3624,2020-02-18 17:00:00,88.13781,76.43156999999997,7.900693625211716
3625,2020-02-18 18:00:00,88.14362,76.30541,7.819097101688385
3626,2020-02-18 19:00:00,88.14984,76.18032,8.008275777101517
3627,2020-02-18 20:00:00,88.15584,76.05302,8.468161135911942
3628,2020-02-18 21:00:00,88.16175,75.92480999999998,8.89267286658287
3629,2020-02-18 22:00:00,88.16741,75.79453999999998,9.271965831518173
3630,2020-02-18 23:00:00,88.17308,75.65935999999999,9.55793783068657
3631,2020-02-19 00:00:00,88.17868,75.51305000000002,9.452757060527802
3632,2020-02-19 01:00:00,88.18412,75.35288,10.025521099567413
3633,2020-02-19 02:00:00,88.18984,75.18517,10.17662800848484
3634,2020-02-19 03:00:00,88.19626,74.99720000000002,10.846956431865692
3635,2020-02-19 04:00:00,88.20358,74.79027000000002,11.337248742580414
3636,2020-02-19 05:00:00,88.21114,74.57521,11.551131159067154
3637,2020-02-19 06:00:00,88.21899,74.35379,11.559419721364975
3638,2020-02-19 07:00:00,88.22683,74.12202000000002,11.777275756001472
3639,2020-02-19 08:00:00,88.23464,73.88848000000002,11.831535622477531
3640,2020-02-19 09:00:00,88.24229,73.65883,12.016970619559288
3641,2020-02-19 10:00:00,88.24957,73.43363,11.681119695305824
3642,2020-02-19 11:00:00,88.2566,73.21550000000002,11.577370509505272
3643,2020-02-19 12:00:00,88.26322,73.00454000000002,11.70859345793724
3644,2020-02-19 13:00:00,88.2696,72.79944,11.897377073764801
3645,2020-02-19 14:00:00,88.27589,72.59715,11.924892947077751
3646,2020-02-19 15:00:00,88.2821,72.39402999999999,11.875739991664886
3647,2020-02-19 16:00:00,88.28847,72.18967,11.894121900200844
3648,2020-02-19 17:00:00,88.29497,71.98283,11.833123788237572
3649,2020-02-19 18:00:00,88.30123,71.77757,11.67975726723671
3650,2020-02-19 19:00:00,88.30729,71.57485,11.421547025442123
3651,2020-02-19 20:00:00,88.31278,71.37618,11.274581283330917
3652,2020-02-19 21:00:00,88.31842,71.18241,11.1919514387846
3653,2020-02-19 22:00:00,88.32361,70.99207000000001,11.126598626375198
3654,2020-02-19 23:00:00,88.32869,70.80653999999998,11.157603710889816
3655,2020-02-20 00:00:00,88.33361,70.62734,11.143539711833
3656,2020-02-20 01:00:00,88.33825,70.44821999999999,10.99003081023693
3657,2020-02-20 02:00:00,88.3427,70.26995,10.798283368349075
3658,2020-02-20 03:00:00,88.34709,70.09406000000001,10.726973935961723
3659,2020-02-20 04:00:00,88.35193,69.91336000000001,10.743189245462418
3660,2020-02-20 05:00:00,88.35689,69.73548,10.529924541711807
3661,2020-02-20 06:00:00,88.3618,69.56218000000001,10.435602724552155
3662,2020-02-20 07:00:00,88.36651,69.39624,10.391881793737411
3663,2020-02-20 08:00:00,88.37101,69.23660999999998,10.47828508913517
3664,2020-02-20 09:00:00,88.37544,69.07638,10.648422628641129
3665,2020-02-20 10:00:00,88.38003,68.91901000000001,10.846297487616539
3666,2020-02-20 11:00:00,88.38482,68.76996,11.078413650393486
3667,2020-02-20 12:00:00,88.38995,68.63251,11.31958831846714
3668,2020-02-20 13:00:00,88.39538,68.50907000000001,11.21294517815113
3669,2020-02-20 14:00:00,88.40112,68.40816999999998,10.619637936353683
3670,2020-02-20 15:00:00,88.407,68.32866000000001,10.009649515151978
3671,2020-02-20 16:00:00,88.41274,68.26683,9.67500713467598
3672,2020-02-20 17:00:00,88.41829,68.21516,9.907032817602158
3673,2020-02-20 18:00:00,88.42342,68.16412,10.075106590986252
3674,2020-02-20 19:00:00,88.42792,68.11092,9.905220836400986
3675,2020-02-20 20:00:00,88.43197,68.04115999999999,9.904427319765091
3676,2020-02-20 21:00:00,88.43598,67.95508000000001,9.496510416269302
3677,2020-02-20 22:00:00,88.43999,67.85529,9.240103244781494
3678,2020-02-20 23:00:00,88.44424,67.73647,8.976754546165466
3679,2020-02-21 00:00:00,88.44883,67.60570999999999,8.984950989484787
3680,2020-02-21 01:00:00,88.45351,67.48622,9.17098844051361
3681,2020-02-21 02:00:00,88.45815,67.37657000000002,9.439791351556778
3682,2020-02-21 03:00:00,88.46284,67.27546000000001,9.604611843824387
3683,2020-02-21 04:00:00,88.46753,67.18056999999999,10.055645987391472
3684,2020-02-21 05:00:00,88.47219,67.08582000000001,10.303957909345627
3685,2020-02-21 06:00:00,88.47675,66.9881,10.457541093230247
3686,2020-02-21 07:00:00,88.48123,66.88979,10.672856375575066
3687,2020-02-21 08:00:00,88.48573,66.78818000000001,10.837927475571632
3688,2020-02-21 09:00:00,88.49036,66.68583999999998,10.983427882194519
3689,2020-02-21 10:00:00,88.49494,66.58938999999998,11.04680460691452
3690,2020-02-21 11:00:00,88.4994,66.49975,11.06775912642479
3691,2020-02-21 12:00:00,88.50384,66.41784999999999,11.1098253428936
3692,2020-02-21 13:00:00,88.5083,66.34644,11.159961551427841
3693,2020-02-21 14:00:00,88.51256,66.28199000000001,11.169725053012371
3694,2020-02-21 15:00:00,88.51679,66.21798000000001,11.244487568736076
3695,2020-02-21 16:00:00,88.52112,66.14661999999998,11.46889454126358
3696,2020-02-21 17:00:00,88.52565,66.06666999999999,11.623951107263565
3697,2020-02-21 18:00:00,88.5304,65.98342,11.735331445932388
3698,2020-02-21 19:00:00,88.53521,65.89839,11.913977861404419
3699,2020-02-21 20:00:00,88.53992,65.81822,12.083405256271362
3700,2020-02-21 21:00:00,88.54428,65.74045000000001,12.155019968748093
3701,2020-02-21 22:00:00,88.54825,65.66199,12.20263358950615
3702,2020-02-21 23:00:00,88.55177,65.58379,12.208477437496185
3703,2020-02-22 00:00:00,88.55482,65.49903999999998,12.265580028295517
3704,2020-02-22 01:00:00,88.55772,65.41365000000002,12.125209033489227
3705,2020-02-22 02:00:00,88.56053,65.32719,11.915994703769684
3706,2020-02-22 03:00:00,88.56322,65.25031999999999,11.587723359465599
3707,2020-02-22 04:00:00,88.56578,65.16989000000001,11.04800434410572
3708,2020-02-22 05:00:00,88.56817,65.08620000000002,10.460723251104355
3709,2020-02-22 06:00:00,88.57021,65.00269,9.923853397369385
3710,2020-02-22 07:00:00,88.57207,64.91498000000001,9.420302458107471
3711,2020-02-22 08:00:00,88.57364,64.83127000000002,8.862362638115883
3712,2020-02-22 09:00:00,88.57489,64.7476,8.381131291389465
3713,2020-02-22 10:00:00,88.5758,64.67235,7.924788102507591
3714,2020-02-22 11:00:00,88.57663,64.60543000000001,7.547869801521301
3715,2020-02-22 12:00:00,88.57736,64.53073,7.235753238201141
3716,2020-02-22 13:00:00,88.57798,64.46521999999999,6.929010227322578
3717,2020-02-22 14:00:00,88.57859,64.40602999999999,6.651039689779282
3718,2020-02-22 15:00:00,88.57878,64.35316,6.530313491821289
3719,2020-02-22 16:00:00,88.57811,64.29403000000002,6.4298873245716095
3720,2020-02-22 17:00:00,88.5771,64.21214,6.279505655169487
3721,2020-02-22 18:00:00,88.57651,64.10210000000001,6.1287886798381805
3722,2020-02-22 19:00:00,88.5763,63.977990000000005,6.1029495149850845
3723,2020-02-22 20:00:00,88.57628,63.8381,5.975297912955284
3724,2020-02-22 21:00:00,88.57635,63.691720000000004,6.017000570893288
3725,2020-02-22 22:00:00,88.57633,63.53247999999999,6.3437939286231995
3726,2020-02-22 23:00:00,88.57624,63.376829999999984,6.643297433853149
3727,2020-02-23 00:00:00,88.57648,63.22248999999999,6.853663057088852
3728,2020-02-23 01:00:00,88.57689,63.07006999999999,6.829642832279205
3729,2020-02-23 02:00:00,88.57757,62.92094,6.756770059466362
3730,2020-02-23 03:00:00,88.5784,62.765829999999994,6.7704817950725555
3731,2020-02-23 04:00:00,88.57934,62.61349999999999,6.810957238078117
3732,2020-02-23 05:00:00,88.58071,62.45692,6.760372996330261
3733,2020-02-23 06:00:00,88.58209,62.30288999999999,6.722351863980293
3734,2020-02-23 07:00:00,88.58381,62.14152999999999,6.840261951088905
3735,2020-02-23 08:00:00,88.58561,61.97212999999999,7.108771368861198
3736,2020-02-23 09:00:00,88.5873,61.80067,7.250059530138969
3737,2020-02-23 10:00:00,88.58906,61.62657999999999,7.264979958534241
3738,2020-02-23 11:00:00,88.59086,61.444559999999996,7.3041728883981705
3739,2020-02-23 12:00:00,88.59262,61.25966,7.3257752656936646
3740,2020-02-23 13:00:00,88.5941,61.07794999999999,7.425246149301529
3741,2020-02-23 14:00:00,88.59536,60.892210000000006,7.513862356543541
3742,2020-02-23 15:00:00,88.59622,60.70675,7.74274905025959
3743,2020-02-23 16:00:00,88.59694,60.510339999999985,7.993213936686516
3744,2020-02-23 17:00:00,88.59746,60.30273,8.041315704584122
3745,2020-02-23 18:00:00,88.59783,60.087230000000005,8.102024331688881
3746,2020-02-23 19:00:00,88.59821,59.85246999999998,8.173798695206642
3747,2020-02-23 20:00:00,88.59845,59.61344,8.325448602437973
3748,2020-02-23 21:00:00,88.59869,59.36697000000001,8.555477052927017
3749,2020-02-23 22:00:00,88.59867,59.11425,8.782183781266212
3750,2020-02-23 23:00:00,88.59835,58.84956,8.906615689396858
3751,2020-02-24 00:00:00,88.59777,58.565020000000004,9.113173708319664
3752,2020-02-24 01:00:00,88.59693,58.275180000000006,9.349564015865326
3753,2020-02-24 02:00:00,88.59579,57.97806,9.449419632554054
3754,2020-02-24 03:00:00,88.59496,57.67988,9.57399596273899
3755,2020-02-24 04:00:00,88.59407,57.37943000000001,9.796877041459084
3756,2020-02-24 05:00:00,88.59326,57.05688000000001,10.057740986347198
3757,2020-02-24 06:00:00,88.5927,56.706169999999986,10.383394211530685
3758,2020-02-24 07:00:00,88.59214,56.3374,10.73779322206974
3759,2020-02-24 08:00:00,88.59162,55.95173,11.00039279460907
3760,2020-02-24 09:00:00,88.59107,55.5856,11.166404098272324
3761,2020-02-24 10:00:00,88.59044,55.18267,11.269280880689621
3762,2020-02-24 11:00:00,88.58947,54.79590999999999,11.320252373814583
3763,2020-02-24 12:00:00,88.58853,54.40375,11.42408698797226
3764,2020-02-24 13:00:00,88.58765,54.02453,11.542656987905502
3765,2020-02-24 14:00:00,88.58682,53.65198000000001,11.689060881733894
3766,2020-02-24 15:00:00,88.58604,53.286910000000006,11.772823870182037
3767,2020-02-24 16:00:00,88.58525,52.924120000000016,11.773128151893616
3768,2020-02-24 17:00:00,88.5845,52.557320000000004,11.755172654986382
3769,2020-02-24 18:00:00,88.58367,52.190020000000004,11.77314978837967
3770,2020-02-24 19:00:00,88.5828,51.818730000000016,11.819779857993126
3771,2020-02-24 20:00:00,88.58195,51.44639999999998,11.824885308742523
3772,2020-02-24 21:00:00,88.58107,51.07443000000001,11.95100399851799
3773,2020-02-24 22:00:00,88.58013,50.701160000000016,11.996142730116844
3774,2020-02-24 23:00:00,88.57905,50.32893999999999,11.274097830057144
3775,2020-02-25 00:00:00,88.57793,49.956349999999986,10.283901140093803
3776,2020-02-25 01:00:00,88.57669,49.58565999999999,10.260187149047852
3777,2020-02-25 02:00:00,88.57533,49.21708000000001,10.488484010100365
3778,2020-02-25 03:00:00,88.57404,48.851560000000006,10.679997742176056
3779,2020-02-25 04:00:00,88.5728,48.49601999999999,10.793376386165619
3780,2020-02-25 05:00:00,88.57162,48.14893000000001,10.666269317269325
3781,2020-02-25 06:00:00,88.57045,47.80563999999998,10.697039231657982
3782,2020-02-25 07:00:00,88.56918,47.462879999999984,10.763444140553474
3783,2020-02-25 08:00:00,88.5678,47.11760000000001,11.43573972582817
3784,2020-02-25 09:00:00,88.56629,46.77214000000001,12.043442025780678
3785,2020-02-25 10:00:00,88.56463,46.43090999999998,11.818235248327255
3786,2020-02-25 11:00:00,88.56273,46.09718000000001,11.558358013629913
3787,2020-02-25 12:00:00,88.56073,45.771889999999985,11.393414407968521
3788,2020-02-25 13:00:00,88.55865,45.46245999999999,11.37678076326847
3789,2020-02-25 14:00:00,88.55637,45.17151999999999,11.37397849559784
3790,2020-02-25 15:00:00,88.55401,44.89183,11.223436176776886
3791,2020-02-25 16:00:00,88.55155,44.622990000000016,11.089588776230812
3792,2020-02-25 17:00:00,88.54899,44.36196000000001,11.019330501556396
3793,2020-02-25 18:00:00,88.54626,44.10578000000001,11.026555597782135
3794,2020-02-25 19:00:00,88.54335,43.85162,11.050028264522552
3795,2020-02-25 20:00:00,88.54023,43.59719000000001,11.03572803735733
3796,2020-02-25 21:00:00,88.53696,43.34064000000001,10.938567847013474
3797,2020-02-25 22:00:00,88.53364,43.08098000000001,10.865400612354279
3798,2020-02-25 23:00:00,88.53033,42.819709999999986,10.898176178336143
3799,2020-02-26 00:00:00,88.52705,42.56396000000001,10.865266099572182
3800,2020-02-26 01:00:00,88.52381,42.31655000000001,10.64054211974144
3801,2020-02-26 02:00:00,88.52067,42.08190999999999,10.28782445192337
3802,2020-02-26 03:00:00,88.51753,41.858869999999996,10.079856842756271
3803,2020-02-26 04:00:00,88.51453,41.6429,9.98526531457901
3804,2020-02-26 05:00:00,88.51156,41.435,9.890897184610367
3805,2020-02-26 06:00:00,88.50847,41.23257000000001,9.741734832525253
3806,2020-02-26 07:00:00,88.50531,41.032250000000005,9.508988782763481
3807,2020-02-26 08:00:00,88.50209,40.832040000000006,9.261218711733818
3808,2020-02-26 09:00:00,88.49877,40.63105999999999,9.12872925400734
3809,2020-02-26 10:00:00,88.49547,40.430980000000005,9.067268133163452
3810,2020-02-26 11:00:00,88.49217,40.22892999999999,8.995520293712616
3811,2020-02-26 12:00:00,88.48884,40.03023999999999,8.848338037729263
3812,2020-02-26 13:00:00,88.48545,39.83909,8.611110091209412
3813,2020-02-26 14:00:00,88.48216,39.66395,8.336064338684082
3814,2020-02-26 15:00:00,88.4789,39.502939999999995,8.073467209935188
3815,2020-02-26 16:00:00,88.47557,39.352540000000005,7.675110653042793
3816,2020-02-26 17:00:00,88.47224,39.20796999999999,7.565717309713364
3817,2020-02-26 18:00:00,88.46898,39.06643,7.557245746254921
3818,2020-02-26 19:00:00,88.46571,38.9247,7.49798846244812
3819,2020-02-26 20:00:00,88.46241,38.77861999999999,7.364532142877579
3820,2020-02-26 21:00:00,88.4591,38.62880999999999,7.290008828043938
3821,2020-02-26 22:00:00,88.4557,38.47766999999999,7.270653054118156
3822,2020-02-26 23:00:00,88.45228,38.325969999999984,7.257909074425697
3823,2020-02-27 00:00:00,88.44892,38.17466999999999,7.169371500611305
3824,2020-02-27 01:00:00,88.44554,38.02866,7.074754863977432
3825,2020-02-27 02:00:00,88.44224,37.89269999999999,7.120286121964455
3826,2020-02-27 03:00:00,88.43902,37.76491999999999,7.201364293694496
3827,2020-02-27 04:00:00,88.43582,37.647850000000005,7.276673868298531
3828,2020-02-27 05:00:00,88.43263,37.53766000000002,7.2655733078718185
3829,2020-02-27 06:00:00,88.42943,37.42904999999999,7.133920356631279
3830,2020-02-27 07:00:00,88.42623,37.32064,7.215476378798485
3831,2020-02-27 08:00:00,88.42301,37.206379999999996,7.4106899201869965
3832,2020-02-27 09:00:00,88.41984,37.08305999999999,7.4615050703287125
3833,2020-02-27 10:00:00,88.41665,36.95534000000001,7.282314896583557
3834,2020-02-27 11:00:00,88.41347,36.82445999999999,7.2182460725307465
3835,2020-02-27 12:00:00,88.41034,36.68964,7.139286234974861
3836,2020-02-27 13:00:00,88.40732,36.554100000000005,6.726594895124435
3837,2020-02-27 14:00:00,88.40439,36.419629999999984,6.6822774186730385
3838,2020-02-27 15:00:00,88.40158,36.28854999999999,6.609793484210968
3839,2020-02-27 16:00:00,88.39882,36.16015999999999,6.477899000048637
3840,2020-02-27 17:00:00,88.39607,36.033349999999984,6.879467412829399
3841,2020-02-27 18:00:00,88.39331,35.907759999999996,6.933712899684906
3842,2020-02-27 19:00:00,88.3905,35.78244999999998,6.9032448679208755
3843,2020-02-27 20:00:00,88.38765,35.65697,6.915624916553497
3844,2020-02-27 21:00:00,88.38472,35.529240000000016,6.933076083660126
3845,2020-02-27 22:00:00,88.38168,35.396029999999996,6.882118910551071
3846,2020-02-27 23:00:00,88.37869,35.25853000000001,6.722468763589859
3847,2020-02-28 00:00:00,88.37583,35.12245999999999,6.76960913836956
3848,2020-02-28 01:00:00,88.37305,34.99252999999999,6.6974480748176575
3849,2020-02-28 02:00:00,88.37033,34.86937,6.60183946788311
3850,2020-02-28 03:00:00,88.36765,34.75269,6.668360933661461
3851,2020-02-28 04:00:00,88.36495,34.6438,6.711431667208672
3852,2020-02-28 05:00:00,88.36216,34.54208,6.676070123910904
3853,2020-02-28 06:00:00,88.35935,34.44449,6.579114079475403
3854,2020-02-28 07:00:00,88.35654,34.34864999999999,6.4292863458395
3855,2020-02-28 08:00:00,88.35371,34.25256000000002,6.308755531907082
3856,2020-02-28 09:00:00,88.35079,34.153819999999996,6.259887740015984
3857,2020-02-28 10:00:00,88.34781,34.049469999999985,6.274866372346878
3858,2020-02-28 11:00:00,88.34492,33.94605999999999,6.341203615069389
3859,2020-02-28 12:00:00,88.34216,33.842899999999986,6.3463713228702545
3860,2020-02-28 13:00:00,88.33944,33.745209999999986,6.2716094851493835
3861,2020-02-28 14:00:00,88.33681,33.65339,6.164951026439667
3862,2020-02-28 15:00:00,88.33422,33.5686,6.071024850010872
3863,2020-02-28 16:00:00,88.33156,33.49059,6.001224800944328
3864,2020-02-28 17:00:00,88.32883,33.408860000000004,5.956255599856377
3865,2020-02-28 18:00:00,88.32606,33.33260000000001,5.936953902244568
3866,2020-02-28 19:00:00,88.32324,33.252549999999985,5.892168045043945
3867,2020-02-28 20:00:00,88.3204,33.16717,5.844748839735985
3868,2020-02-28 21:00:00,88.31746,33.08229,5.777393326163292
3869,2020-02-28 22:00:00,88.3145,32.9914,5.7242928594350815
3870,2020-02-28 23:00:00,88.31151,32.89699000000002,5.674402087926865
3871,2020-02-29 00:00:00,88.30847,32.803060000000016,5.5996124148368835
3872,2020-02-29 01:00:00,88.3055,32.708079999999995,5.534661367535591
3873,2020-02-29 02:00:00,88.30271,32.61401999999998,5.482451140880585
3874,2020-02-29 03:00:00,88.29997,32.521349999999984,5.398716360330582
3875,2020-02-29 04:00:00,88.29723,32.43445,5.308962479233742
3876,2020-02-29 05:00:00,88.29446,32.35351,5.229765817523003
3877,2020-02-29 06:00:00,88.29167,32.28602999999998,5.16534897685051
3878,2020-02-29 07:00:00,88.28894,32.21856,5.067290440201759
3879,2020-02-29 08:00:00,88.28621,32.15129999999999,4.993976935744286
3880,2020-02-29 09:00:00,88.28347,32.08337,4.941095799207687
3881,2020-02-29 10:00:00,88.28067,32.017409999999984,4.918612495064735
3882,2020-02-29 11:00:00,88.27791,31.94695999999999,4.844052463769913
3883,2020-02-29 12:00:00,88.27517,31.879790000000014,4.685447975993156
3884,2020-02-29 13:00:00,88.27245,31.81635,4.5255105793476105
3885,2020-02-29 14:00:00,88.26978,31.758219999999994,4.411082103848457
3886,2020-02-29 15:00:00,88.26709,31.70975999999999,4.361608311533928
3887,2020-02-29 16:00:00,88.26435,31.66964999999999,4.294608235359192
3888,2020-02-29 17:00:00,88.26179,31.637740000000008,4.2211254090070724
3889,2020-02-29 18:00:00,88.2593,31.615369999999984,4.159274727106094
3890,2020-02-29 19:00:00,88.25693,31.593220000000002,4.051024600863457
3891,2020-02-29 20:00:00,88.25462,31.573700000000002,4.056172043085098
3892,2020-02-29 21:00:00,88.25226,31.55268000000001,3.897710144519806
3893,2020-02-29 22:00:00,88.24981,31.534069999999986,3.9015224277973175
3894,2020-02-29 23:00:00,88.24723,31.515150000000006,3.7212618589401245
3895,2020-03-01 00:00:00,88.24459,31.49534,3.58929044008255
3896,2020-03-01 01:00:00,88.24199,31.470140000000015,3.3007344603538513
3897,2020-03-01 02:00:00,88.23949,31.451179999999994,3.1371318995952606
3898,2020-03-01 03:00:00,88.23711,31.436800000000005,2.9917383044958115
3899,2020-03-01 04:00:00,88.23498,31.424829999999986,2.9504565596580505
3900,2020-03-01 05:00:00,88.23301,31.41928999999999,2.9436928927898407
3901,2020-03-01 06:00:00,88.23117,31.417419999999993,2.967587113380432
3902,2020-03-01 07:00:00,88.22948,31.41717,2.9296278953552246
3903,2020-03-01 08:00:00,88.2279,31.41622000000001,2.7743653059005737
3904,2020-03-01 09:00:00,88.22634,31.412540000000007,2.5366228222846985
3905,2020-03-01 10:00:00,88.22473,31.406119999999987,2.2857019156217575
3906,2020-03-01 11:00:00,88.22311,31.40356,2.046444371342659
3907,2020-03-01 12:00:00,88.22147,31.398660000000007,1.8324990421533585
3908,2020-03-01 13:00:00,88.21982,31.393759999999986,1.6213390678167343
3909,2020-03-01 14:00:00,88.21826,31.38893999999999,1.579812377691269
3910,2020-03-01 15:00:00,88.21686,31.38318000000001,1.7451509088277817
3911,2020-03-01 16:00:00,88.21565,31.377620000000007,1.7879908978939056
3912,2020-03-01 17:00:00,88.21451,31.375339999999994,1.8302464187145233
3913,2020-03-01 18:00:00,88.21343,31.37594999999999,1.7936474978923798
3914,2020-03-01 19:00:00,88.21237,31.377639999999985,1.782283067703247
3915,2020-03-01 20:00:00,88.21128,31.377669999999995,1.7415539920330048
3916,2020-03-01 21:00:00,88.21007,31.375040000000013,1.7067135870456696
3917,2020-03-01 22:00:00,88.20874,31.367880000000014,1.7178576588630676
3918,2020-03-01 23:00:00,88.20733,31.354649999999992,1.7183718085289001
3919,2020-03-02 00:00:00,88.20588,31.340249999999997,1.8851869404315948
3920,2020-03-02 01:00:00,88.20448,31.31685999999999,1.9720767736434937
3921,2020-03-02 02:00:00,88.20306,31.295659999999998,1.9704800844192505
3922,2020-03-02 03:00:00,88.20154,31.282700000000006,1.9640809893608093
3923,2020-03-02 04:00:00,88.20012,31.254670000000004,1.977423071861267
3924,2020-03-02 05:00:00,88.19872,31.223489999999998,2.0073848515748978
3925,2020-03-02 06:00:00,88.19718,31.208850000000012,2.0509326308965683
3926,2020-03-02 07:00:00,88.19553,31.185509999999994,2.1636681854724884
3927,2020-03-02 08:00:00,88.19386,31.16192000000001,2.363632947206497
3928,2020-03-02 09:00:00,88.19211,31.140800000000013,2.5184870660305023
3929,2020-03-02 10:00:00,88.19014,31.117379999999997,2.59538796544075
3930,2020-03-02 11:00:00,88.18803,31.09236999999999,2.671307533979416
3931,2020-03-02 12:00:00,88.18581,31.065949999999987,2.75713711977005
3932,2020-03-02 13:00:00,88.18363,31.036190000000005,2.7304802536964417
3933,2020-03-02 14:00:00,88.18149,31.00209000000001,2.650949850678444
3934,2020-03-02 15:00:00,88.17948,30.96018000000001,2.640094146132469
3935,2020-03-02 16:00:00,88.1775,30.93249,2.701802894473076
3936,2020-03-02 17:00:00,88.17541,30.897549999999995,2.823154702782631
3937,2020-03-02 18:00:00,88.1733,30.87173999999999,2.946865499019623
3938,2020-03-02 19:00:00,88.17102,30.852120000000014,2.964277759194374
3939,2020-03-02 20:00:00,88.1687,30.829290000000015,2.9913727045059204
3940,2020-03-02 21:00:00,88.16639,30.806809999999984,2.9963202327489853
3941,2020-03-02 22:00:00,88.1641,30.78656000000001,2.8349300771951675
3942,2020-03-02 23:00:00,88.16173,30.76272,2.6759262830018997
3943,2020-03-03 00:00:00,88.15933,30.736429999999984,2.5820848047733307
3944,2020-03-03 01:00:00,88.15684,30.707060000000013,2.46059587597847
3945,2020-03-03 02:00:00,88.15452,30.66622000000001,2.40299953520298
3946,2020-03-03 03:00:00,88.15219,30.635189999999994,2.2825619131326675
3947,2020-03-03 04:00:00,88.14991,30.610060000000004,2.0644244998693466
3948,2020-03-03 05:00:00,88.14775,30.589580000000012,2.1958772987127304
3949,2020-03-03 06:00:00,88.14563,30.576070000000016,2.346298933029175
3950,2020-03-03 07:00:00,88.14352,30.562870000000004,2.2873318940401077
3951,2020-03-03 08:00:00,88.1416,30.551479999999998,2.3195275515317917
3952,2020-03-03 09:00:00,88.13972,30.5394,2.429897978901863
3953,2020-03-03 10:00:00,88.1377,30.527629999999988,2.476220667362213
3954,2020-03-03 11:00:00,88.13553,30.513949999999994,2.572450950741768
3955,2020-03-03 12:00:00,88.13334,30.496160000000003,2.6094439029693604
3956,2020-03-03 13:00:00,88.13114,30.47793999999999,2.4594094455242157
3957,2020-03-03 14:00:00,88.12899,30.46215000000001,2.305605247616768
3958,2020-03-03 15:00:00,88.12703,30.446850000000012,2.267729803919792
3959,2020-03-03 16:00:00,88.12508,30.433639999999997,2.2065758258104324
3960,2020-03-03 17:00:00,88.12316,30.423339999999996,2.0382310152053833
3961,2020-03-03 18:00:00,88.12132,30.413039999999995,1.9655231982469559
3962,2020-03-03 19:00:00,88.11956,30.40736000000001,2.152003765106201
3963,2020-03-03 20:00:00,88.11789,30.40222,2.4251931458711624
3964,2020-03-03 21:00:00,88.11627,30.400080000000003,2.572922497987747
3965,2020-03-03 22:00:00,88.11459,30.39546999999999,2.619373708963394
3966,2020-03-03 23:00:00,88.11304,30.394540000000006,2.7152445316314697
3967,2020-03-04 00:00:00,88.11151,30.38995,2.8122380673885345
3968,2020-03-04 01:00:00,88.10995,30.389199999999988,2.8595675975084305
3969,2020-03-04 02:00:00,88.10842,30.38497000000001,2.8829402327537537
3970,2020-03-04 03:00:00,88.10699,30.376329999999996,2.9399004131555557
3971,2020-03-04 04:00:00,88.10569,30.375409999999988,3.044343441724777
3972,2020-03-04 05:00:00,88.10444,30.381579999999985,3.2283284813165665
3973,2020-03-04 06:00:00,88.10316,30.38955999999999,3.39102366566658
3974,2020-03-04 07:00:00,88.10185,30.40764999999999,3.5579685419797897
3975,2020-03-04 08:00:00,88.1007,30.43010000000001,3.701158881187439
3976,2020-03-04 09:00:00,88.09939,30.45031,3.8305916786193848
3977,2020-03-04 10:00:00,88.09813,30.470110000000005,3.924056589603424
3978,2020-03-04 11:00:00,88.09692,30.48764,3.9588843137025833
3979,2020-03-04 12:00:00,88.09581,30.501390000000015,3.9598590433597565
3980,2020-03-04 13:00:00,88.09499,30.515809999999988,3.9781982749700546
3981,2020-03-04 14:00:00,88.09429,30.532430000000005,3.98365381360054
3982,2020-03-04 15:00:00,88.09375,30.547120000000007,4.000665903091431
3983,2020-03-04 16:00:00,88.09333,30.566159999999996,4.078649550676346
3984,2020-03-04 17:00:00,88.09287,30.58608000000001,4.167232722043991
3985,2020-03-04 18:00:00,88.09247,30.608360000000005,4.221784219145775
3986,2020-03-04 19:00:00,88.09195,30.632059999999996,4.277374446392059
3987,2020-03-04 20:00:00,88.09153,30.658590000000004,4.354587078094482
3988,2020-03-04 21:00:00,88.09109,30.684439999999995,4.413304373621941
3989,2020-03-04 22:00:00,88.09069,30.708110000000005,4.416068330407143
3990,2020-03-04 23:00:00,88.09036,30.7294,4.425105229020119
3991,2020-03-05 00:00:00,88.0901,30.747739999999993,4.461885437369347
3992,2020-03-05 01:00:00,88.08998,30.761950000000013,4.436879277229309
3993,2020-03-05 02:00:00,88.08996,30.772850000000005,4.398191183805466
3994,2020-03-05 03:00:00,88.0899,30.779259999999994,4.330065011978149
3995,2020-03-05 04:00:00,88.09005,30.787120000000016,4.369860574603081
3996,2020-03-05 05:00:00,88.09032,30.79352,4.462508395314217
3997,2020-03-05 06:00:00,88.09064,30.80215000000001,4.431351959705353
3998,2020-03-05 07:00:00,88.09098,30.808359999999993,4.260338649153709
3999,2020-03-05 08:00:00,88.09135,30.813639999999992,4.2558110654354095
4000,2020-03-05 09:00:00,88.09179,30.816010000000006,4.284710645675659
4001,2020-03-05 10:00:00,88.09222,30.81801999999999,4.206797942519188
4002,2020-03-05 11:00:00,88.09279,30.820490000000007,4.124488666653633
4003,2020-03-05 12:00:00,88.09318,30.81783999999999,4.096473678946495
4004,2020-03-05 13:00:00,88.09364,30.81407999999999,4.0610411167144775
4005,2020-03-05 14:00:00,88.09416,30.80626000000001,3.988398864865303
4006,2020-03-05 15:00:00,88.09468,30.795799999999986,3.954239621758461
4007,2020-03-05 16:00:00,88.09508,30.78179,3.9377165734767914
4008,2020-03-05 17:00:00,88.09559,30.767959999999988,3.939704641699791
4009,2020-03-05 18:00:00,88.09604,30.754770000000008,3.965543955564499
4010,2020-03-05 19:00:00,88.09683,30.736819999999994,3.8921569883823395
4011,2020-03-05 20:00:00,88.0975,30.71431000000001,3.7648261338472366
4012,2020-03-05 21:00:00,88.09818,30.690249999999992,3.692360818386078
4013,2020-03-05 22:00:00,88.09881,30.65768,3.7159730046987534
4014,2020-03-05 23:00:00,88.09952,30.621970000000005,3.825392037630081
4015,2020-03-06 00:00:00,88.09982,30.587559999999996,4.14272353053093
4016,2020-03-06 01:00:00,88.10019,30.53845000000001,4.528205707669258
4017,2020-03-06 02:00:00,88.10045,30.48069000000001,4.923497408628464
4018,2020-03-06 03:00:00,88.10063,30.427700000000016,5.296860039234161
4019,2020-03-06 04:00:00,88.10091,30.361230000000006,5.673023089766502
4020,2020-03-06 05:00:00,88.10076,30.29952,6.036092936992645
4021,2020-03-06 06:00:00,88.10077,30.217780000000005,6.312337219715118
4022,2020-03-06 07:00:00,88.1008,30.114210000000014,6.541678860783577
4023,2020-03-06 08:00:00,88.10084,30.00424000000001,6.739776715636253
4024,2020-03-06 09:00:00,88.10078,29.89837,6.888177782297134
4025,2020-03-06 10:00:00,88.10108,29.770669999999996,7.0059642642736435
4026,2020-03-06 11:00:00,88.101,29.651099999999985,7.190103262662888
4027,2020-03-06 12:00:00,88.10081,29.52059,7.368209093809128
4028,2020-03-06 13:00:00,88.1002,29.403430000000014,7.534625232219696
4029,2020-03-06 14:00:00,88.09937,29.29310000000001,7.658185213804245
4030,2020-03-06 15:00:00,88.09849,29.16651999999999,7.674607887864113
4031,2020-03-06 16:00:00,88.09768,29.02519000000001,7.761553645133972
4032,2020-03-06 17:00:00,88.09667,28.893720000000002,7.800241187214851
4033,2020-03-06 18:00:00,88.09557,28.764780000000002,7.783049404621124
4034,2020-03-06 19:00:00,88.09453,28.63736,7.820129632949829
4035,2020-03-06 20:00:00,88.09336,28.51597000000001,7.803691536188126
4036,2020-03-06 21:00:00,88.09215,28.394859999999994,7.779518187046051
4037,2020-03-06 22:00:00,88.09071,28.279719999999998,7.814797461032867
4038,2020-03-06 23:00:00,88.08912,28.168540000000007,7.874893099069595
4039,2020-03-07 00:00:00,88.08754,28.05426,8.090557053685188
4040,2020-03-07 01:00:00,88.08596,27.935810000000004,8.162871673703194
4041,2020-03-07 02:00:00,88.08443,27.81980999999999,8.090730860829353
4042,2020-03-07 03:00:00,88.08284,27.7038,7.942879796028137
4043,2020-03-07 04:00:00,88.08126,27.585589999999996,7.823030427098274
4044,2020-03-07 05:00:00,88.07971,27.465990000000005,7.737583324313164
4045,2020-03-07 06:00:00,88.07816,27.349770000000007,7.707432866096497
4046,2020-03-07 07:00:00,88.07651,27.238409999999988,7.69181951880455
4047,2020-03-07 08:00:00,88.07481,27.131110000000007,7.615468457341194
4048,2020-03-07 09:00:00,88.07307,27.03021000000001,7.519360184669495
4049,2020-03-07 10:00:00,88.07116,26.93634,7.425396651029587
4050,2020-03-07 11:00:00,88.06919,26.843739999999997,7.296129614114761
4051,2020-03-07 12:00:00,88.06715,26.751949999999994,7.062625393271446
4052,2020-03-07 13:00:00,88.06512,26.661580000000015,6.804508298635483
4053,2020-03-07 14:00:00,88.06318,26.571699999999993,6.548049584031105
4054,2020-03-07 15:00:00,88.06137,26.482130000000012,6.3305844366550446
4055,2020-03-07 16:00:00,88.05953,26.395489999999995,6.069130465388298
4056,2020-03-07 17:00:00,88.05767,26.30726999999999,5.8382823169231415
4057,2020-03-07 18:00:00,88.05581,26.222739999999988,5.62664869427681
4058,2020-03-07 19:00:00,88.05389,26.142110000000002,5.452203124761581
4059,2020-03-07 20:00:00,88.05188,26.064609999999988,5.243244871497154
4060,2020-03-07 21:00:00,88.04977,25.98921999999999,4.926585674285889
4061,2020-03-07 22:00:00,88.0476,25.915250000000015,4.680144026875496
4062,2020-03-07 23:00:00,88.0454,25.84147999999999,4.518714249134064
4063,2020-03-08 00:00:00,88.04318,25.76822999999999,4.305267199873924
4064,2020-03-08 01:00:00,88.04099,25.69595000000001,4.1687397956848145
4065,2020-03-08 02:00:00,88.0388,25.625550000000004,4.036727279424667
4066,2020-03-08 03:00:00,88.03652,25.55619999999999,3.9087756276130676
4067,2020-03-08 04:00:00,88.0342,25.486699999999985,3.7905899435281754
4068,2020-03-08 05:00:00,88.03181,25.42025000000001,3.7856074571609497
4069,2020-03-08 06:00:00,88.02936,25.355850000000004,3.7705806344747543
4070,2020-03-08 07:00:00,88.02692,25.29307,3.804510921239853
4071,2020-03-08 08:00:00,88.02437,25.235720000000015,3.8713720738887787
4072,2020-03-08 09:00:00,88.02177,25.181070000000005,3.9066272228956223
4073,2020-03-08 10:00:00,88.01899,25.127049999999997,4.11075134575367
4074,2020-03-08 11:00:00,88.01618,25.075700000000012,4.295281752943993
4075,2020-03-08 12:00:00,88.01333,25.024959999999993,4.42009049654007
4076,2020-03-08 13:00:00,88.01034,24.976079999999996,4.524359568953514
4077,2020-03-08 14:00:00,88.00718,24.928079999999994,4.702614113688469
4078,2020-03-08 15:00:00,88.00384,24.88078999999999,5.015735164284706
4079,2020-03-08 16:00:00,88.00021,24.832300000000004,5.213205873966217
4080,2020-03-08 17:00:00,87.9965,24.780020000000007,5.404525130987167
4081,2020-03-08 18:00:00,87.9926,24.728729999999985,5.658263742923737
4082,2020-03-08 19:00:00,87.98858,24.675960000000003,5.94116847217083
4083,2020-03-08 20:00:00,87.98415,24.62387000000001,6.187407940626144
4084,2020-03-08 21:00:00,87.97937,24.570780000000013,6.323755472898483
4085,2020-03-08 22:00:00,87.97443,24.517449999999997,6.697372883558273
4086,2020-03-08 23:00:00,87.96917,24.46790999999999,6.897977262735367
4087,2020-03-09 00:00:00,87.96356,24.41888,7.1600002348423
4088,2020-03-09 01:00:00,87.95777,24.36894000000001,7.444988027215004
4089,2020-03-09 02:00:00,87.95187,24.3193,7.5480636060237885
4090,2020-03-09 03:00:00,87.94586,24.272230000000008,7.755163848400116
4091,2020-03-09 04:00:00,87.93983,24.229899999999986,8.048448950052261
4092,2020-03-09 05:00:00,87.93378,24.19066000000001,8.292924493551254
4093,2020-03-09 06:00:00,87.92765,24.154470000000003,8.488517299294472
4094,2020-03-09 07:00:00,87.92147,24.121049999999997,8.539779841899872
4095,2020-03-09 08:00:00,87.91509,24.090859999999992,8.502837523818016
4096,2020-03-09 09:00:00,87.90863,24.062990000000013,8.597741171717644
4097,2020-03-09 10:00:00,87.90214,24.04006000000001,8.717645421624184
4098,2020-03-09 11:00:00,87.89545,24.024630000000002,8.825731799006462
4099,2020-03-09 12:00:00,87.88885,24.01230000000001,8.963521555066109
4100,2020-03-09 13:00:00,87.88225,24.003680000000003,9.164791829884052
4101,2020-03-09 14:00:00,87.87577,24.00032999999999,9.25131694227457
4102,2020-03-09 15:00:00,87.86945,23.999570000000006,9.128885492682457
4103,2020-03-09 16:00:00,87.86325,24.00322,9.111926957964897
4104,2020-03-09 17:00:00,87.85709,24.009979999999985,8.926104456186295
4105,2020-03-09 18:00:00,87.85097,24.019749999999988,8.925027519464493
4106,2020-03-09 19:00:00,87.84489,24.03197,8.899323746562004
4107,2020-03-09 20:00:00,87.83873,24.04786999999999,8.796308279037476
4108,2020-03-09 21:00:00,87.83245,24.067980000000006,8.835509449243546
4109,2020-03-09 22:00:00,87.826,24.093250000000012,8.707607835531235
4110,2020-03-09 23:00:00,87.81946,24.12270000000001,8.49428117275238
4111,2020-03-10 00:00:00,87.81292,24.15433999999999,8.354218542575836
4112,2020-03-10 01:00:00,87.8066,24.192059999999998,8.2137700766325
4113,2020-03-10 02:00:00,87.8003,24.231259999999992,8.092469424009323
4114,2020-03-10 03:00:00,87.79419,24.275409999999994,7.948836594820023
4115,2020-03-10 04:00:00,87.78819,24.321879999999993,7.698119252920151
4116,2020-03-10 05:00:00,87.78225,24.36762999999999,7.416117906570435
4117,2020-03-10 06:00:00,87.77631,24.411940000000016,7.144213899970055
4118,2020-03-10 07:00:00,87.77032,24.455579999999998,6.799156427383423
4119,2020-03-10 08:00:00,87.76432,24.49861999999999,6.4312010407447815
4120,2020-03-10 09:00:00,87.75818,24.542730000000006,6.2833797335624695
4121,2020-03-10 10:00:00,87.75195,24.587639999999993,6.096725821495056
4122,2020-03-10 11:00:00,87.7456,24.63407000000001,5.940057963132858
4123,2020-03-10 12:00:00,87.73939,24.676600000000008,5.803041517734528
4124,2020-03-10 13:00:00,87.73339,24.72120000000001,5.751914247870445
4125,2020-03-10 14:00:00,87.72764,24.769869999999997,5.669966071844101
4126,2020-03-10 15:00:00,87.72223,24.821560000000005,5.478564500808716
4127,2020-03-10 16:00:00,87.71726,24.87021999999999,5.305439054965973
4128,2020-03-10 17:00:00,87.7126,24.916879999999992,5.098940387368202
4129,2020-03-10 18:00:00,87.70825,24.95770999999999,4.889345705509186
4130,2020-03-10 19:00:00,87.70427,24.997299999999996,4.600538954138756
4131,2020-03-10 20:00:00,87.70054,25.031509999999997,4.393677711486816
4132,2020-03-10 21:00:00,87.69698,25.05914999999999,4.187205895781517
4133,2020-03-10 22:00:00,87.69362,25.07915,4.000358194112778
4134,2020-03-10 23:00:00,87.69032,25.08748,3.9653425216674805
4135,2020-03-11 00:00:00,87.68726,25.08775,4.152024507522583
4136,2020-03-11 01:00:00,87.68456,25.07516000000001,4.457536339759827
4137,2020-03-11 02:00:00,87.68251,25.04624000000001,4.720231860876083
4138,2020-03-11 03:00:00,87.68097,25.00501,4.987279951572418
4139,2020-03-11 04:00:00,87.67973,24.956150000000008,5.224015235900879
4140,2020-03-11 05:00:00,87.67867,24.901870000000002,5.4344236850738525
4141,2020-03-11 06:00:00,87.67777,24.842739999999992,5.548798531293869
4142,2020-03-11 07:00:00,87.67684,24.77713,5.655731201171875
4143,2020-03-11 08:00:00,87.67572,24.704309999999992,5.80398665368557
4144,2020-03-11 09:00:00,87.67412,24.623729999999995,5.64488909393549
4145,2020-03-11 10:00:00,87.67224,24.540310000000005,5.485967919230461
4146,2020-03-11 11:00:00,87.6698,24.452910000000003,5.5086676478385925
4147,2020-03-11 12:00:00,87.66688,24.362650000000002,5.844332784414291
4148,2020-03-11 13:00:00,87.66334,24.267869999999988,6.394095376133919
4149,2020-03-11 14:00:00,87.65943,24.17009999999999,7.024302259087563
4150,2020-03-11 15:00:00,87.65572,24.074630000000013,7.474064148962498
4151,2020-03-11 16:00:00,87.65186,23.974789999999985,7.941678747534752
4152,2020-03-11 17:00:00,87.648,23.87673000000001,8.133977636694908
4153,2020-03-11 18:00:00,87.64393,23.77704,8.315929874777794
4154,2020-03-11 19:00:00,87.63961,23.671459999999996,8.649329990148544
4155,2020-03-11 20:00:00,87.63535,23.562240000000003,9.062039226293564
4156,2020-03-11 21:00:00,87.63054,23.44595000000001,9.40609222650528
4157,2020-03-11 22:00:00,87.62483,23.320300000000003,9.627375736832619
4158,2020-03-11 23:00:00,87.61868,23.18852000000001,9.873961389064789
4159,2020-03-12 00:00:00,87.61225,23.04267999999999,9.739117980003357
4160,2020-03-12 01:00:00,87.60556,22.892120000000006,10.275491073727608
4161,2020-03-12 02:00:00,87.59893,22.746469999999988,10.783576712012291
4162,2020-03-12 03:00:00,87.59242,22.60668000000001,11.321622610092163
4163,2020-03-12 04:00:00,87.58594,22.473240000000004,12.078266590833664
4164,2020-03-12 05:00:00,87.57937,22.345920000000007,12.427627965807915
4165,2020-03-12 06:00:00,87.5725,22.22218000000001,12.459339618682861
4166,2020-03-12 07:00:00,87.56536,22.099799999999988,12.370292469859123
4167,2020-03-12 08:00:00,87.55787,21.974760000000003,12.304604634642601
4168,2020-03-12 09:00:00,87.55006,21.847289999999987,12.274791285395622
4169,2020-03-12 10:00:00,87.54203,21.715129999999988,12.38425426185131
4170,2020-03-12 11:00:00,87.53392,21.578660000000013,12.578712806105614
4171,2020-03-12 12:00:00,87.52584,21.439760000000007,12.675886005163193
4172,2020-03-12 13:00:00,87.51777,21.30207999999999,12.683431059122086
4173,2020-03-12 14:00:00,87.50979,21.163099999999986,12.70362190157175
4174,2020-03-12 15:00:00,87.50183,21.029150000000016,12.82586033642292
4175,2020-03-12 16:00:00,87.49397,20.904259999999994,12.953424394130707
4176,2020-03-12 17:00:00,87.48607,20.78712999999999,13.006258741021156
4177,2020-03-12 18:00:00,87.47818,20.676150000000007,13.070321589708328
4178,2020-03-12 19:00:00,87.47017,20.568960000000004,13.116337835788727
4179,2020-03-12 20:00:00,87.46192,20.46051,13.135738611221313
4180,2020-03-12 21:00:00,87.4535,20.350329999999985,13.232216984033585
4181,2020-03-12 22:00:00,87.44469,20.23872,11.521846950054169
4182,2020-03-12 23:00:00,87.43546,20.1284,11.01190721988678
4183,2020-03-13 00:00:00,87.42581,20.02041,11.418027639389038
4184,2020-03-13 01:00:00,87.4158,19.91377,11.645603120326996
4185,2020-03-13 02:00:00,87.40547,19.803539999999998,11.726949885487556
4186,2020-03-13 03:00:00,87.39484,19.68938,11.789643540978432
4187,2020-03-13 04:00:00,87.38453,19.581169999999986,11.610122337937355
4188,2020-03-13 05:00:00,87.37441,19.484679999999997,11.517737239599228
4189,2020-03-13 06:00:00,87.36449,19.39416,11.126383513212204
4190,2020-03-13 07:00:00,87.35485,19.31092000000001,10.916802257299423
4191,2020-03-13 08:00:00,87.34513,19.22630000000001,11.484647825360298
4192,2020-03-13 09:00:00,87.33542,19.139530000000008,11.871230855584145
4193,2020-03-13 10:00:00,87.32579,19.049800000000005,11.54879054427147
4194,2020-03-13 11:00:00,87.31607,18.952079999999995,11.20231032371521
4195,2020-03-13 12:00:00,87.30631,18.85024999999999,11.289740532636642
4196,2020-03-13 13:00:00,87.29638,18.750069999999994,11.772253796458244
4197,2020-03-13 14:00:00,87.286,18.65127000000001,11.789823591709137
4198,2020-03-13 15:00:00,87.27558,18.556749999999994,12.115939244627953
4199,2020-03-13 16:00:00,87.26519,18.46589,12.887616693973541
4200,2020-03-13 17:00:00,87.25475,18.380020000000002,12.895739614963531
4201,2020-03-13 18:00:00,87.2444,18.302220000000005,12.855315685272217
4202,2020-03-13 19:00:00,87.23438,18.22712999999999,12.380851686000824
4203,2020-03-13 20:00:00,87.22485,18.150710000000004,11.93501678109169
4204,2020-03-13 21:00:00,87.21578,18.07462000000001,11.182712197303772
4205,2020-03-13 22:00:00,87.20697,17.997180000000014,11.158992797136307
4206,2020-03-13 23:00:00,87.1982,17.914860000000004,11.123178869485855
4207,2020-03-14 00:00:00,87.1898,17.834659999999985,10.66773472726345
4208,2020-03-14 01:00:00,87.18185,17.760590000000008,10.549495160579681
4209,2020-03-14 02:00:00,87.17431,17.693690000000004,10.116434156894684
4210,2020-03-14 03:00:00,87.16698,17.63069999999999,9.625388815999031
4211,2020-03-14 04:00:00,87.16092,17.572069999999997,9.132821410894394
4212,2020-03-14 05:00:00,87.15553,17.51921999999999,8.607140362262726
4213,2020-03-14 06:00:00,87.15101,17.468829999999997,7.939331024885178
4214,2020-03-14 07:00:00,87.14755,17.41834,7.452170595526695
4215,2020-03-14 08:00:00,87.14499,17.365189999999984,6.5592526495456696
4216,2020-03-14 09:00:00,87.1425,17.313299999999998,5.527310699224472
4217,2020-03-14 10:00:00,87.13979,17.267290000000003,4.766627877950668
4218,2020-03-14 11:00:00,87.13689,17.22072,4.1934328228235245
4219,2020-03-14 12:00:00,87.13391,17.168389999999988,4.046268537640572
4220,2020-03-14 13:00:00,87.13103,17.11787000000001,3.743141606450081
4221,2020-03-14 14:00:00,87.12844,17.072329999999994,3.612624853849411
4222,2020-03-14 15:00:00,87.12609,17.03363999999999,3.530709981918335
4223,2020-03-14 16:00:00,87.12397,16.997360000000015,3.237377107143402
4224,2020-03-14 17:00:00,87.12195,16.96051,3.116664782166481
4225,2020-03-14 18:00:00,87.12014,16.91891000000001,3.0830771028995514
4226,2020-03-14 19:00:00,87.11862,16.870260000000002,2.9551046788692474
4227,2020-03-14 20:00:00,87.11714,16.81729999999999,2.954651862382889
4228,2020-03-14 21:00:00,87.11578,16.767320000000012,3.1041668504476547
4229,2020-03-14 22:00:00,87.11431,16.715370000000007,3.080452188849449
4230,2020-03-14 23:00:00,87.11279,16.65692999999999,3.367026388645172
4231,2020-03-15 00:00:00,87.11123,16.594210000000004,3.875970810651779
4232,2020-03-15 01:00:00,87.10935,16.52662000000001,3.6201947182416916
4233,2020-03-15 02:00:00,87.1072,16.45616000000001,3.3817553222179413
4234,2020-03-15 03:00:00,87.10497,16.38614000000001,2.3743606507778168
4235,2020-03-15 04:00:00,87.10234,16.316750000000013,1.590926170349121
4236,2020-03-15 05:00:00,87.09948,16.250959999999992,1.221229463815689
4237,2020-03-15 06:00:00,87.09631,16.181730000000016,2.4223478883504868
4238,2020-03-15 07:00:00,87.09236,16.086160000000007,4.603678867220879
4239,2020-03-15 08:00:00,87.08733,15.944439999999986,8.342572927474976
4240,2020-03-15 09:00:00,87.08201,15.785770000000014,11.383274793624878
4241,2020-03-15 10:00:00,87.07658,15.61882,12.277786150574684
4242,2020-03-15 11:00:00,87.07109,15.442409999999995,12.781908214092255
4243,2020-03-15 12:00:00,87.06543,15.258479999999992,13.149643152952194
4244,2020-03-15 13:00:00,87.05955,15.073610000000002,13.282573565840721
4245,2020-03-15 14:00:00,87.05372,14.885789999999986,13.519454702734947
4246,2020-03-15 15:00:00,87.04788,14.703869999999995,13.64475704729557
4247,2020-03-15 16:00:00,87.04202,14.538090000000011,13.809561550617218
4248,2020-03-15 17:00:00,87.03582,14.391940000000005,13.884642511606216
4249,2020-03-15 18:00:00,87.02918,14.272140000000007,13.777146250009537
4250,2020-03-15 19:00:00,87.02188,14.163970000000006,13.39540334045887
4251,2020-03-15 20:00:00,87.01412,14.056010000000015,12.916978195309639
4252,2020-03-15 21:00:00,87.00595,13.946339999999992,12.689000830054283
4253,2020-03-15 22:00:00,86.99787,13.829170000000005,12.675060331821442
4254,2020-03-15 23:00:00,86.98971,13.704419999999999,12.735257476568222
4255,2020-03-16 00:00:00,86.98177,13.584059999999994,12.732031166553497
4256,2020-03-16 01:00:00,86.97409,13.473209999999995,12.376904755830765
4257,2020-03-16 02:00:00,86.96674,13.371139999999997,12.025766059756279
4258,2020-03-16 03:00:00,86.95972,13.284609999999986,11.831130996346474
4259,2020-03-16 04:00:00,86.95297,13.206029999999998,11.586282879114151
4260,2020-03-16 05:00:00,86.946,13.147459999999995,11.149161353707314
4261,2020-03-16 06:00:00,86.93885,13.102260000000001,10.754048764705658
4262,2020-03-16 07:00:00,86.93159,13.061199999999985,10.442176550626755
4263,2020-03-16 08:00:00,86.92422,13.020550000000014,10.459737911820412
4264,2020-03-16 09:00:00,86.91675,12.978839999999991,10.560485929250717
4265,2020-03-16 10:00:00,86.90933,12.935129999999987,10.361234217882156
4266,2020-03-16 11:00:00,86.90208,12.889119999999991,10.41689632833004
4267,2020-03-16 12:00:00,86.89523,12.842399999999998,10.555524602532387
4268,2020-03-16 13:00:00,86.88869,12.794330000000002,10.544173188507557
4269,2020-03-16 14:00:00,86.88267,12.75182000000001,10.461412519216537
4270,2020-03-16 15:00:00,86.8765,12.715699999999998,10.082526832818985
4271,2020-03-16 16:00:00,86.87056,12.686859999999996,9.789237514138222
4272,2020-03-16 17:00:00,86.86485,12.66606999999999,9.57927817106247
4273,2020-03-16 18:00:00,86.85927,12.653120000000001,9.507063999772072
4274,2020-03-16 19:00:00,86.85379,12.64264,9.32450607419014
4275,2020-03-16 20:00:00,86.84839,12.63302999999999,9.378162384033203
4276,2020-03-16 21:00:00,86.84315,12.620170000000002,9.27411076426506
4277,2020-03-16 22:00:00,86.83799,12.601969999999994,9.107382863759995
4278,2020-03-16 23:00:00,86.83289,12.57956999999999,9.219658508896828
4279,2020-03-17 00:00:00,86.8279,12.552359999999993,8.974420934915543
4280,2020-03-17 01:00:00,86.82306,12.521719999999988,8.590706288814545
4281,2020-03-17 02:00:00,86.81853,12.490710000000007,8.143186315894127
4282,2020-03-17 03:00:00,86.81444,12.462619999999987,7.740115463733673
4283,2020-03-17 04:00:00,86.81067,12.439420000000013,7.446424290537834
4284,2020-03-17 05:00:00,86.80701,12.420909999999992,7.15820138156414
4285,2020-03-17 06:00:00,86.80343,12.407049999999998,6.876682057976723
4286,2020-03-17 07:00:00,86.79979,12.396620000000013,6.551305934786797
4287,2020-03-17 08:00:00,86.79599,12.385780000000011,6.199819996953011
4288,2020-03-17 09:00:00,86.79213,12.372950000000003,5.839212208986282
4289,2020-03-17 10:00:00,86.78822,12.357319999999987,5.559128284454346
4290,2020-03-17 11:00:00,86.78427,12.336990000000014,5.325052976608276
4291,2020-03-17 12:00:00,86.7803,12.31205,5.107792004942894
4292,2020-03-17 13:00:00,86.77641,12.28524999999999,5.049547031521797
4293,2020-03-17 14:00:00,86.77274,12.258160000000004,4.973208501935005
4294,2020-03-17 15:00:00,86.76938,12.235379999999992,4.866634517908096
4295,2020-03-17 16:00:00,86.76623,12.2192,4.705260634422302
4296,2020-03-17 17:00:00,86.7631,12.208130000000011,4.652056470513344
4297,2020-03-17 18:00:00,86.75976,12.200320000000005,4.624137833714485
4298,2020-03-17 19:00:00,86.75614,12.195400000000006,4.613246470689774
4299,2020-03-17 20:00:00,86.75222,12.190850000000012,4.7638711631298065
4300,2020-03-17 21:00:00,86.74823,12.184750000000008,4.818720504641533
4301,2020-03-17 22:00:00,86.74419,12.176590000000004,4.8723932057619095
4302,2020-03-17 23:00:00,86.74017,12.165590000000009,4.984824761748314
4303,2020-03-18 00:00:00,86.73615,12.153739999999999,5.023009821772575
4304,2020-03-18 01:00:00,86.7322,12.142410000000012,4.787541687488556
4305,2020-03-18 02:00:00,86.72834,12.129940000000005,4.796301022171974
4306,2020-03-18 03:00:00,86.72469,12.11963,4.8011448830366135
4307,2020-03-18 04:00:00,86.72108,12.113529999999997,4.800641939043999
4308,2020-03-18 05:00:00,86.71745,12.112020000000001,4.853315740823746
4309,2020-03-18 06:00:00,86.71374,12.11314999999999,4.78661122918129
4310,2020-03-18 07:00:00,86.70986,12.117860000000007,4.669863671064377
4311,2020-03-18 08:00:00,86.70577,12.12424999999999,4.583641439676285
4312,2020-03-18 09:00:00,86.70167,12.130449999999996,4.679579883813858
4313,2020-03-18 10:00:00,86.69755,12.135179999999991,4.7286727875471115
4314,2020-03-18 11:00:00,86.69351,12.137220000000013,4.603437513113022
4315,2020-03-18 12:00:00,86.68959,12.135619999999989,4.515717729926109
4316,2020-03-18 13:00:00,86.68574,12.131740000000008,4.688727036118507
4317,2020-03-18 14:00:00,86.68197,12.127960000000002,4.689698055386543
4318,2020-03-18 15:00:00,86.67829,12.124650000000003,4.767645642161369
4319,2020-03-18 16:00:00,86.67463,12.120499999999993,5.020843297243118
4320,2020-03-18 17:00:00,86.67073,12.122129999999999,5.63901062309742
4321,2020-03-18 18:00:00,86.66654,12.130210000000005,6.319373294711113
4322,2020-03-18 19:00:00,86.66169,12.148660000000007,6.782988354563713
4323,2020-03-18 20:00:00,86.65628,12.177729999999997,7.430436909198761
4324,2020-03-18 21:00:00,86.65063,12.213609999999989,7.742828324437141
4325,2020-03-18 22:00:00,86.64474,12.253539999999987,8.336278051137924
4326,2020-03-18 23:00:00,86.63872,12.296279999999996,8.756693556904793
4327,2020-03-19 00:00:00,86.63264,12.346329999999995,9.086169362068176
4328,2020-03-19 01:00:00,86.62632,12.412489999999991,9.45944944024086
4329,2020-03-19 02:00:00,86.61963,12.488550000000004,10.332353919744492
4330,2020-03-19 03:00:00,86.61268,12.57566,10.960464864969254
4331,2020-03-19 04:00:00,86.60559,12.66615999999999,11.677878618240356
4332,2020-03-19 05:00:00,86.59769,12.760199999999998,12.225890323519707
4333,2020-03-19 06:00:00,86.58957,12.851740000000007,12.30731350183487
4334,2020-03-19 07:00:00,86.58129,12.938970000000012,12.387204602360725
4335,2020-03-19 08:00:00,86.57287,13.021019999999993,12.397429823875427
4336,2020-03-19 09:00:00,86.56431,13.098770000000002,12.662825360894203
4337,2020-03-19 10:00:00,86.55585,13.17170999999999,12.859238862991333
4338,2020-03-19 11:00:00,86.54734,13.242739999999998,12.829023003578186
4339,2020-03-19 12:00:00,86.53866,13.31232,12.736878901720047
4340,2020-03-19 13:00:00,86.52969,13.384299999999996,12.773162171244621
4341,2020-03-19 14:00:00,86.5205,13.461610000000007,12.773255705833435
4342,2020-03-19 15:00:00,86.51117,13.54500999999999,12.515394121408463
4343,2020-03-19 16:00:00,86.50162,13.631609999999995,12.53153184056282
4344,2020-03-19 17:00:00,86.49195,13.71987999999999,12.354344472289085
4345,2020-03-19 18:00:00,86.4821,13.808230000000009,12.456921622157097
4346,2020-03-19 19:00:00,86.47212,13.893540000000002,13.172452636063099
4347,2020-03-19 20:00:00,86.46212,13.975689999999986,13.271365106105804
4348,2020-03-19 21:00:00,86.4524,14.057289999999995,12.990575015544891
4349,2020-03-19 22:00:00,86.44291,14.13667000000001,12.180358439683914
4350,2020-03-19 23:00:00,86.43367,14.210180000000008,11.24386215209961
4351,2020-03-20 00:00:00,86.42465,14.278109999999998,11.317663431167603
4352,2020-03-20 01:00:00,86.41587,14.344400000000007,12.333564192056656
4353,2020-03-20 02:00:00,86.40735,14.409780000000012,12.171768605709076
4354,2020-03-20 03:00:00,86.39899,14.47238999999999,11.703480988740921
4355,2020-03-20 04:00:00,86.39061,14.5308,11.444966271519661
4356,2020-03-20 05:00:00,86.38206,14.582740000000001,11.180898740887642
4357,2020-03-20 06:00:00,86.37359,14.628410000000002,10.872749373316765
4358,2020-03-20 07:00:00,86.36539,14.670469999999995,10.69498561322689
4359,2020-03-20 08:00:00,86.35751,14.707979999999992,10.426966965198517
4360,2020-03-20 09:00:00,86.34992,14.73827,10.07649776339531
4361,2020-03-20 10:00:00,86.34264,14.762889999999999,9.716611295938492
4362,2020-03-20 11:00:00,86.33583,14.780339999999995,9.21780800819397
4363,2020-03-20 12:00:00,86.32966,14.791730000000001,8.617925733327866
4364,2020-03-20 13:00:00,86.32429,14.799869999999999,8.422339707612991
4365,2020-03-20 14:00:00,86.31944,14.80789999999999,8.193560793995857
4366,2020-03-20 15:00:00,86.31488,14.81674000000001,7.809748187661171
4367,2020-03-20 16:00:00,86.31066,14.825029999999998,7.690695449709892
4368,2020-03-20 17:00:00,86.3064,14.836839999999995,7.308603450655937
4369,2020-03-20 18:00:00,86.30203,14.852550000000008,6.841157466173172
4370,2020-03-20 19:00:00,86.29771,14.871640000000014,6.637210994958878
4371,2020-03-20 20:00:00,86.29338,14.893370000000004,6.308946222066879
4372,2020-03-20 21:00:00,86.28916,14.915320000000008,6.025943621993065
4373,2020-03-20 22:00:00,86.28541,14.949849999999998,5.866072088479996
4374,2020-03-20 23:00:00,86.28175,14.973839999999996,5.704853430390358
4375,2020-03-21 00:00:00,86.27881,14.995900000000006,5.521015822887421
4376,2020-03-21 01:00:00,86.27641,15.017950000000013,5.325043447315693
4377,2020-03-21 02:00:00,86.27451,15.037779999999998,5.50918111205101
4378,2020-03-21 03:00:00,86.27283,15.055790000000002,5.857008367776871
4379,2020-03-21 04:00:00,86.27103,15.07489000000001,5.923413246870041
4380,2020-03-21 05:00:00,86.26924,15.09738999999999,5.768385887145996
4381,2020-03-21 06:00:00,86.26729,15.119789999999995,5.730701133608818
4382,2020-03-21 07:00:00,86.26518,15.141340000000014,5.913598358631134
4383,2020-03-21 08:00:00,86.26297,15.161159999999995,6.073461711406708
4384,2020-03-21 09:00:00,86.26114,15.185810000000004,6.067992985248566
4385,2020-03-21 10:00:00,86.25952,15.210250000000002,6.074676513671875
4386,2020-03-21 11:00:00,86.25795,15.232049999999987,6.134210914373398
4387,2020-03-21 12:00:00,86.25653,15.253150000000005,6.2735114842653275
4388,2020-03-21 13:00:00,86.25534,15.27709999999999,6.24937891960144
4389,2020-03-21 14:00:00,86.25427,15.30279999999999,5.896537229418755
4390,2020-03-21 15:00:00,86.25308,15.330420000000004,5.802544474601746
4391,2020-03-21 16:00:00,86.25167,15.357889999999998,5.527386128902435
4392,2020-03-21 17:00:00,86.25001,15.384680000000003,5.511348485946655
4393,2020-03-21 18:00:00,86.24823,15.410059999999987,5.3012212216854095
4394,2020-03-21 19:00:00,86.24638,15.434850000000012,4.955211758613586
4395,2020-03-21 20:00:00,86.24455,15.458390000000009,4.50733457505703
4396,2020-03-21 21:00:00,86.2428,15.480619999999988,4.3463892340660095
4397,2020-03-21 22:00:00,86.24114,15.503039999999999,5.438869476318359
4398,2020-03-21 23:00:00,86.23962,15.524879999999996,5.35655665397644
4399,2020-03-22 00:00:00,86.23823,15.545770000000005,5.570035934448242
4400,2020-03-22 01:00:00,86.23691,15.565570000000008,5.842657759785652
4401,2020-03-22 02:00:00,86.23566,15.584980000000002,5.946708530187607
4402,2020-03-22 03:00:00,86.23451,15.604070000000007,6.175179913640022
4403,2020-03-22 04:00:00,86.23348,15.62333000000001,6.1910630017519
4404,2020-03-22 05:00:00,86.23256,15.64282,5.990693837404251
4405,2020-03-22 06:00:00,86.23154,15.658230000000003,5.928840160369873
4406,2020-03-22 07:00:00,86.23052,15.671729999999997,5.97457018494606
4407,2020-03-22 08:00:00,86.22958,15.683390000000003,6.282777324318886
4408,2020-03-22 09:00:00,86.22873,15.693489999999997,6.091023802757263
4409,2020-03-22 10:00:00,86.22804,15.70344,5.713394045829773
4410,2020-03-22 11:00:00,86.22747,15.71332000000001,5.609704524278641
4411,2020-03-22 12:00:00,86.227,15.723369999999989,5.401917606592178
4412,2020-03-22 13:00:00,86.22661,15.734579999999994,5.05021345615387
4413,2020-03-22 14:00:00,86.22628,15.747340000000008,4.733720108866692
4414,2020-03-22 15:00:00,86.22597,15.760539999999992,4.634152129292488
4415,2020-03-22 16:00:00,86.22566,15.775990000000007,4.263829633593559
4416,2020-03-22 17:00:00,86.22527,15.79167000000001,3.9032121151685715
4417,2020-03-22 18:00:00,86.22492,15.803329999999988,3.6009869277477264
4418,2020-03-22 19:00:00,86.22448,15.813080000000014,3.3998980671167374
4419,2020-03-22 20:00:00,86.22387,15.820490000000007,3.391446530818939
4420,2020-03-22 21:00:00,86.2232,15.826099999999997,3.293433725833893
4421,2020-03-22 22:00:00,86.22245,15.82811000000001,3.1849195659160614
4422,2020-03-22 23:00:00,86.22151,15.830129999999997,3.024672359228134
4423,2020-03-23 00:00:00,86.22061,15.831420000000008,2.7150417864322662
4424,2020-03-23 01:00:00,86.2198,15.830330000000004,2.795313611626625
4425,2020-03-23 02:00:00,86.21906,15.82811000000001,2.712363377213478
4426,2020-03-23 03:00:00,86.21832,15.826519999999988,2.194506734609604
4427,2020-03-23 04:00:00,86.21755,15.826120000000003,1.5236317813396454
4428,2020-03-23 05:00:00,86.21662,15.82408000000001,0.7781984359025955
4429,2020-03-23 06:00:00,86.21595,15.817000000000007,0.8841880559921265
4430,2020-03-23 07:00:00,86.21514,15.81774999999999,1.0984866619110107
4431,2020-03-23 08:00:00,86.21426,15.815709999999996,0.9992959350347519
4432,2020-03-23 09:00:00,86.21342,15.812600000000003,0.8542602807283401
4433,2020-03-23 10:00:00,86.21259,15.81271000000001,1.1882284730672836
4434,2020-03-23 11:00:00,86.21178,15.812260000000009,1.6940010488033295
4435,2020-03-23 12:00:00,86.21111,15.80968999999999,2.0746003314852715
4436,2020-03-23 13:00:00,86.21051,15.808339999999987,2.032169319689274
4437,2020-03-23 14:00:00,86.21,15.807469999999995,1.8726328313350677
4438,2020-03-23 15:00:00,86.20953,15.80417,2.0367258489131927
4439,2020-03-23 16:00:00,86.20904,15.801119999999997,2.4902359694242477
4440,2020-03-23 17:00:00,86.2085,15.798169999999999,2.5863240361213684
4441,2020-03-23 18:00:00,86.20778,15.79222999999999,2.89750137925148
4442,2020-03-23 19:00:00,86.20696,15.78540000000001,2.751799762248993
4443,2020-03-23 20:00:00,86.20599,15.774850000000015,2.675456076860428
4444,2020-03-23 21:00:00,86.20501,15.76316,2.884921759366989
4445,2020-03-23 22:00:00,86.20409,15.750100000000003,2.797022745013237
4446,2020-03-23 23:00:00,86.20322,15.737940000000009,2.727263242006302
4447,2020-03-24 00:00:00,86.20236,15.727039999999988,2.9245611429214478
4448,2020-03-24 01:00:00,86.20156,15.718500000000006,3.2246594727039337
4449,2020-03-24 02:00:00,86.20089,15.711510000000004,3.26275534927845
4450,2020-03-24 03:00:00,86.20022,15.705849999999998,3.194552779197693
4451,2020-03-24 04:00:00,86.19952,15.698399999999992,3.3605143427848816
4452,2020-03-24 05:00:00,86.19873,15.690319999999986,3.714564949274063
4453,2020-03-24 06:00:00,86.19799,15.679360000000003,3.886791005730629
4454,2020-03-24 07:00:00,86.19725,15.66601,4.1948157995939255
4455,2020-03-24 08:00:00,86.19655,15.646569999999997,4.450614362955093
4456,2020-03-24 09:00:00,86.19549,15.624059999999986,4.484785869717598
4457,2020-03-24 10:00:00,86.19436,15.598990000000015,4.536709487438202
4458,2020-03-24 11:00:00,86.19306,15.57274000000001,4.7763803750276566
4459,2020-03-24 12:00:00,86.19169,15.540500000000009,5.0036623775959015
4460,2020-03-24 13:00:00,86.19049,15.503170000000011,5.316559970378876
4461,2020-03-24 14:00:00,86.18937,15.467430000000007,5.72135004401207
4462,2020-03-24 15:00:00,86.1881,15.428079999999994,6.102656424045563
4463,2020-03-24 16:00:00,86.18644,15.389499999999998,6.268574684858322
4464,2020-03-24 17:00:00,86.18435,15.347080000000005,6.48781344294548
4465,2020-03-24 18:00:00,86.18203,15.30098000000001,6.967023804783821
4466,2020-03-24 19:00:00,86.17966,15.251769999999993,7.427117720246315
4467,2020-03-24 20:00:00,86.17686,15.200510000000008,7.744433328509331
4468,2020-03-24 21:00:00,86.17371,15.13864000000001,8.04307908564806
4469,2020-03-24 22:00:00,86.1702,15.071930000000009,8.272147506475449
4470,2020-03-24 23:00:00,86.16624,15.00242,8.585823059082031
4471,2020-03-25 00:00:00,86.16222,14.928930000000008,8.45862589776516
4472,2020-03-25 01:00:00,86.15833,14.855310000000003,8.673407912254333
4473,2020-03-25 02:00:00,86.15444,14.780280000000005,8.878132298588753
4474,2020-03-25 03:00:00,86.1503,14.70702,9.09111501276493
4475,2020-03-25 04:00:00,86.14629,14.627880000000005,9.22736194729805
4476,2020-03-25 05:00:00,86.14219,14.545860000000005,9.291272282600403
4477,2020-03-25 06:00:00,86.13787,14.459609999999998,9.401334196329117
4478,2020-03-25 07:00:00,86.13346,14.374799999999993,9.525764837861061
4479,2020-03-25 08:00:00,86.12911,14.28533999999999,9.663703978061676
4480,2020-03-25 09:00:00,86.12474,14.196120000000008,9.731928378343582
4481,2020-03-25 10:00:00,86.12022,14.108270000000005,9.596261590719223
4482,2020-03-25 11:00:00,86.11579,14.019569999999987,9.461636036634445
4483,2020-03-25 12:00:00,86.11141,13.934179999999998,9.274806693196297
4484,2020-03-25 13:00:00,86.10711,13.855240000000009,9.036635920405388
4485,2020-03-25 14:00:00,86.1028,13.784199999999998,8.928956970572472
4486,2020-03-25 15:00:00,86.09835,13.72108,8.917530208826065
4487,2020-03-25 16:00:00,86.09386,13.660889999999995,8.748206317424774
4488,2020-03-25 17:00:00,86.08945,13.606120000000004,8.467881724238396
4489,2020-03-25 18:00:00,86.08512,13.554069999999996,8.27937775850296
4490,2020-03-25 19:00:00,86.0807,13.502559999999988,8.183979004621506
4491,2020-03-25 20:00:00,86.0761,13.454059999999998,8.086823344230652
4492,2020-03-25 21:00:00,86.07138,13.40934999999999,8.044357791543007
4493,2020-03-25 22:00:00,86.06669,13.366710000000012,8.047180086374283
4494,2020-03-25 23:00:00,86.06202,13.327589999999987,7.917002350091934
4495,2020-03-26 00:00:00,86.05731,13.29301000000001,7.639577254652977
4496,2020-03-26 01:00:00,86.05265,13.262850000000014,7.492690205574036
4497,2020-03-26 02:00:00,86.04818,13.236950000000007,7.5914436131715775
4498,2020-03-26 03:00:00,86.04372,13.214619999999996,7.659799963235855
4499,2020-03-26 04:00:00,86.03929,13.194369999999992,7.558746695518494
4500,2020-03-26 05:00:00,86.03482,13.175870000000003,7.571150317788124
4501,2020-03-26 06:00:00,86.03024,13.157669999999996,7.537641659379005
4502,2020-03-26 07:00:00,86.02533,13.141490000000005,7.53248193860054
4503,2020-03-26 08:00:00,86.02022,13.12666999999999,7.61552157998085
4504,2020-03-26 09:00:00,86.01499,13.114689999999996,7.72200445830822
4505,2020-03-26 10:00:00,86.00958,13.103270000000009,7.78274330496788
4506,2020-03-26 11:00:00,86.00404,13.094060000000013,7.911141872406006
4507,2020-03-26 12:00:00,85.99838,13.088429999999988,8.129011705517769
4508,2020-03-26 13:00:00,85.99278,13.086659999999995,8.30250995606184
4509,2020-03-26 14:00:00,85.98721,13.086569999999995,8.402185142040253
4510,2020-03-26 15:00:00,85.98158,13.089079999999996,8.476923495531082
4511,2020-03-26 16:00:00,85.97576,13.093169999999986,8.5801422894001
4512,2020-03-26 17:00:00,85.96996,13.098479999999995,8.739552929997444
4513,2020-03-26 18:00:00,85.96417,13.104629999999986,8.858255311846733
4514,2020-03-26 19:00:00,85.95817,13.111019999999996,8.934342473745346
4515,2020-03-26 20:00:00,85.95192,13.1173,9.06709936261177
4516,2020-03-26 21:00:00,85.94543,13.12539000000001,9.275956571102142
4517,2020-03-26 22:00:00,85.93853,13.136230000000012,9.32371836900711
4518,2020-03-26 23:00:00,85.93128,13.146979999999985,9.326932862401009
4519,2020-03-27 00:00:00,85.92384,13.15952999999999,9.425476223230362
4520,2020-03-27 01:00:00,85.91633,13.172120000000007,9.459364637732506
4521,2020-03-27 02:00:00,85.90893,13.18477999999999,8.877934470772743
4522,2020-03-27 03:00:00,85.90175,13.198430000000002,8.476759374141693
4523,2020-03-27 04:00:00,85.89463,13.212940000000003,8.455998450517654
4524,2020-03-27 05:00:00,85.88788,13.228800000000007,9.066964879631996
4525,2020-03-27 06:00:00,85.88134,13.248340000000013,9.231010392308235
4526,2020-03-27 07:00:00,85.87449,13.271960000000007,9.27847470343113
4527,2020-03-27 08:00:00,85.86702,13.29874000000001,9.180835291743279
4528,2020-03-27 09:00:00,85.85881,13.325510000000008,8.859338149428368
4529,2020-03-27 10:00:00,85.84981,13.347849999999994,8.287163987755775
4530,2020-03-27 11:00:00,85.84022,13.36515,8.009296014904976
4531,2020-03-27 12:00:00,85.83021,13.378350000000012,7.69025631248951
4532,2020-03-27 13:00:00,85.82006,13.388329999999996,7.5316837430000305
4533,2020-03-27 14:00:00,85.80994,13.396780000000007,7.467650800943375
4534,2020-03-27 15:00:00,85.79982,13.406360000000006,7.663801491260529
4535,2020-03-27 16:00:00,85.78973,13.420410000000004,7.492394924163818
4536,2020-03-27 17:00:00,85.77935,13.434969999999993,7.643409490585327
4537,2020-03-27 18:00:00,85.76865,13.448139999999995,7.935381233692169
4538,2020-03-27 19:00:00,85.75777,13.458370000000002,8.41592501103878
4539,2020-03-27 20:00:00,85.74697,13.463770000000011,8.784058451652527
4540,2020-03-27 21:00:00,85.73602,13.464619999999996,9.042067900300026
4541,2020-03-27 22:00:00,85.72488,13.460489999999993,9.227140843868256
4542,2020-03-27 23:00:00,85.71374,13.455029999999994,9.263488560914993
4543,2020-03-28 00:00:00,85.70282,13.44713999999999,9.754594922065735
4544,2020-03-28 01:00:00,85.69226,13.437299999999993,9.841919183731079
4545,2020-03-28 02:00:00,85.68252,13.42949999999999,9.900810033082962
4546,2020-03-28 03:00:00,85.67346,13.420950000000005,9.812728866934776
4547,2020-03-28 04:00:00,85.66483,13.411310000000014,9.750862330198288
4548,2020-03-28 05:00:00,85.65597,13.398169999999993,9.209501475095749
4549,2020-03-28 06:00:00,85.6471,13.381920000000008,8.674122095108032
4550,2020-03-28 07:00:00,85.63796,13.364229999999992,8.140057012438774
4551,2020-03-28 08:00:00,85.62858,13.346299999999985,8.17513394355774
4552,2020-03-28 09:00:00,85.61911,13.325819999999993,8.347758799791336
4553,2020-03-28 10:00:00,85.60952,13.303660000000008,8.359551012516022
4554,2020-03-28 11:00:00,85.59972,13.280930000000012,8.388130873441696
4555,2020-03-28 12:00:00,85.59021,13.259019999999992,8.494199082255363
4556,2020-03-28 13:00:00,85.58118,13.240000000000009,8.531552702188492
4557,2020-03-28 14:00:00,85.57245,13.227069999999998,8.360855922102928
4558,2020-03-28 15:00:00,85.56413,13.221120000000013,8.285315573215485
4559,2020-03-28 16:00:00,85.55635,13.221859999999992,8.089559197425842
4560,2020-03-28 17:00:00,85.54883,13.224770000000007,8.041348040103912
4561,2020-03-28 18:00:00,85.54146,13.228460000000013,7.916387006640434
4562,2020-03-28 19:00:00,85.53415,13.231210000000004,7.932934582233429
4563,2020-03-28 20:00:00,85.52673,13.231989999999996,7.905971631407738
4564,2020-03-28 21:00:00,85.51909,13.23311000000001,7.820300787687302
4565,2020-03-28 22:00:00,85.51147,13.233910000000009,7.707943260669708
4566,2020-03-28 23:00:00,85.50408,13.23218,8.213459849357605
4567,2020-03-29 00:00:00,85.4971,13.23160999999999,8.356901153922081
4568,2020-03-29 01:00:00,85.49042,13.231009999999998,8.46254187822342
4569,2020-03-29 02:00:00,85.48395,13.22994,8.574827164411545
4570,2020-03-29 03:00:00,85.47781,13.231249999999989,8.441696122288704
4571,2020-03-29 04:00:00,85.47167,13.23463000000001,8.564322859048843
4572,2020-03-29 05:00:00,85.4654,13.236060000000009,8.288122162222862
4573,2020-03-29 06:00:00,85.45924,13.239900000000006,8.22337330877781
4574,2020-03-29 07:00:00,85.45327,13.239540000000005,8.35605589300394
4575,2020-03-29 08:00:00,85.44736,13.23599999999999,8.266283333301544
4576,2020-03-29 09:00:00,85.44165,13.229019999999991,8.114646777510643
4577,2020-03-29 10:00:00,85.43608,13.22086999999999,7.973828420042992
4578,2020-03-29 11:00:00,85.43063,13.216049999999996,7.852819859981537
4579,2020-03-29 12:00:00,85.42513,13.20850999999999,7.923289954662323
4580,2020-03-29 13:00:00,85.41971,13.202049999999986,7.902938932180405
4581,2020-03-29 14:00:00,85.41454,13.195130000000006,7.903267681598663
4582,2020-03-29 15:00:00,85.40985,13.188369999999992,7.810338541865349
4583,2020-03-29 16:00:00,85.40566,13.184380000000004,7.63685168325901
4584,2020-03-29 17:00:00,85.40169,13.178449999999998,7.518337652087212
4585,2020-03-29 18:00:00,85.39776,13.173059999999992,7.300268575549126
4586,2020-03-29 19:00:00,85.39442,13.170150000000007,7.035347878932953
4587,2020-03-29 20:00:00,85.39151,13.167640000000006,6.696875274181366
4588,2020-03-29 21:00:00,85.38905,13.165340000000015,6.4992125034332275
4589,2020-03-29 22:00:00,85.38705,13.16243,6.291837006807327
4590,2020-03-29 23:00:00,85.38541,13.161059999999992,6.150222674012184
4591,2020-03-30 00:00:00,85.38411,13.160020000000003,5.914763525128365
4592,2020-03-30 01:00:00,85.38287,13.159359999999992,5.588792458176613
4593,2020-03-30 02:00:00,85.38162,13.15961999999999,5.227201476693153
4594,2020-03-30 03:00:00,85.38065,13.159539999999993,5.0820492208004
4595,2020-03-30 04:00:00,85.38014,13.16049000000001,5.194472596049309
4596,2020-03-30 05:00:00,85.37962,13.163630000000012,5.124074384570122
4597,2020-03-30 06:00:00,85.37933,13.167239999999993,4.778588607907295
4598,2020-03-30 07:00:00,85.37905,13.171629999999993,4.840533569455147
4599,2020-03-30 08:00:00,85.37869,13.17625000000001,5.110111951828003
4600,2020-03-30 09:00:00,85.37816,13.183320000000009,5.0567766726017
4601,2020-03-30 10:00:00,85.37751,13.190709999999996,5.048417821526527
4602,2020-03-30 11:00:00,85.37677,13.19908000000001,5.156297191977501
4603,2020-03-30 12:00:00,85.37579,13.207120000000003,5.348032474517822
4604,2020-03-30 13:00:00,85.37482,13.217719999999986,5.577138856053352
4605,2020-03-30 14:00:00,85.37391,13.232169999999996,5.895027071237564
4606,2020-03-30 15:00:00,85.37274,13.248400000000004,6.344359070062637
4607,2020-03-30 16:00:00,85.37125,13.269020000000012,6.74386228621006
4608,2020-03-30 17:00:00,85.36987,13.290269999999992,7.005116626620293
4609,2020-03-30 18:00:00,85.36848,13.314210000000003,7.22267547249794
4610,2020-03-30 19:00:00,85.36674,13.340219999999988,7.43129400908947
4611,2020-03-30 20:00:00,85.36484,13.366960000000006,7.676688730716705
4612,2020-03-30 21:00:00,85.36231,13.392750000000007,7.9150785356760025
4613,2020-03-30 22:00:00,85.3591,13.41622000000001,8.181320071220398
4614,2020-03-30 23:00:00,85.35586,13.440480000000008,8.424089670181274
4615,2020-03-31 00:00:00,85.35236,13.470120000000009,8.096809446811676
4616,2020-03-31 01:00:00,85.34872,13.501839999999987,7.955224812030792
4617,2020-03-31 02:00:00,85.34487,13.537319999999994,7.987570136785507
4618,2020-03-31 03:00:00,85.3409,13.576989999999995,7.818018600344658
4619,2020-03-31 04:00:00,85.33676,13.617220000000003,8.05456456542015
4620,2020-03-31 05:00:00,85.33277,13.65970999999999,8.233395993709564
4621,2020-03-31 06:00:00,85.32887,13.709229999999991,8.409390687942505
4622,2020-03-31 07:00:00,85.32475,13.764250000000004,8.745806083083153
4623,2020-03-31 08:00:00,85.32037,13.821550000000002,8.730589836835861
4624,2020-03-31 09:00:00,85.31556,13.88203999999999,8.813531383872032
4625,2020-03-31 10:00:00,85.31005,13.942000000000007,9.144414320588112
4626,2020-03-31 11:00:00,85.30379,13.999439999999993,9.973477602005005
4627,2020-03-31 12:00:00,85.29713,14.05868000000001,10.72650620341301
4628,2020-03-31 13:00:00,85.28979,14.117379999999997,11.599279880523682
4629,2020-03-31 14:00:00,85.2825,14.177930000000003,12.10941258072853
4630,2020-03-31 15:00:00,85.27538,14.239560000000012,12.367502808570862
4631,2020-03-31 16:00:00,85.26839,14.30435,12.587021723389626
4632,2020-03-31 17:00:00,85.26135,14.373449999999991,12.850724324584007
4633,2020-03-31 18:00:00,85.25444,14.446179999999998,13.010466307401657
4634,2020-03-31 19:00:00,85.24759,14.523989999999998,13.45645509660244
4635,2020-03-31 20:00:00,85.23999,14.606220000000008,13.801408722996712
4636,2020-03-31 21:00:00,85.23244,14.692129999999992,14.167331099510193
4637,2020-03-31 22:00:00,85.22458,14.780489999999986,14.16106241941452
4638,2020-03-31 23:00:00,85.21642,14.867520000000013,13.919714033603668
4639,2020-04-01 00:00:00,85.20805,14.949600000000004,12.888852149248123
4640,2020-04-01 01:00:00,85.1997,15.025380000000013,11.877793356776237
4641,2020-04-01 02:00:00,85.19145,15.093950000000007,12.402516812086105
4642,2020-04-01 03:00:00,85.1834,15.15888000000001,12.753500133752823
4643,2020-04-01 04:00:00,85.17554,15.221710000000002,12.241873174905777
4644,2020-04-01 05:00:00,85.16788,15.28125,11.909764170646667
4645,2020-04-01 06:00:00,85.16031,15.33626000000001,11.542372211813927
4646,2020-04-01 07:00:00,85.15281,15.384029999999996,11.500331625342369
4647,2020-04-01 08:00:00,85.14521,15.425099999999986,11.664886891841888
4648,2020-04-01 09:00:00,85.13759,15.460029999999989,11.761709660291672
4649,2020-04-01 10:00:00,85.1297,15.486369999999994,11.87915214896202
4650,2020-04-01 11:00:00,85.12158,15.50542999999999,11.879459038376808
4651,2020-04-01 12:00:00,85.11309,15.51760999999999,11.806606903672218
4652,2020-04-01 13:00:00,85.10444,15.52333999999999,11.66621707379818
4653,2020-04-01 14:00:00,85.09597,15.52519000000001,11.29469509422779
4654,2020-04-01 15:00:00,85.0881,15.522369999999995,10.958660379052162
4655,2020-04-01 16:00:00,85.08092,15.518930000000012,10.833364859223366
4656,2020-04-01 17:00:00,85.0743,15.516850000000005,10.697305262088776
4657,2020-04-01 18:00:00,85.06796,15.514029999999991,10.666588559746742
4658,2020-04-01 19:00:00,85.0619,15.510699999999986,10.681137636303902
4659,2020-04-01 20:00:00,85.05622,15.511799999999994,10.93591696023941
4660,2020-04-01 21:00:00,85.05058,15.511349999999993,11.828684449195862
4661,2020-04-01 22:00:00,85.04439,15.503800000000012,11.933266013860703
4662,2020-04-01 23:00:00,85.03741,15.484919999999988,11.244117200374603
4663,2020-04-02 00:00:00,85.03013,15.453059999999994,10.442900717258453
4664,2020-04-02 01:00:00,85.02292,15.415230000000008,10.394500389695168
4665,2020-04-02 02:00:00,85.01589,15.37369000000001,10.560116663575172
4666,2020-04-02 03:00:00,85.00905,15.33017000000001,10.935811266303062
4667,2020-04-02 04:00:00,85.00243,15.28716,11.224741876125336
4668,2020-04-02 05:00:00,84.99589,15.246780000000001,11.350164026021957
4669,2020-04-02 06:00:00,84.98929,15.209839999999986,10.669565111398697
4670,2020-04-02 07:00:00,84.98242,15.177339999999987,10.640381172299385
4671,2020-04-02 08:00:00,84.97533,15.145350000000008,10.527019828557968
4672,2020-04-02 09:00:00,84.96814,15.111639999999994,9.957541823387146
4673,2020-04-02 10:00:00,84.96078,15.074099999999987,9.256789609789848
4674,2020-04-02 11:00:00,84.95339,15.031810000000007,9.120069727301598
4675,2020-04-02 12:00:00,84.94595,14.983779999999996,9.830726578831673
4676,2020-04-02 13:00:00,84.93843,14.927320000000009,11.125691831111908
4677,2020-04-02 14:00:00,84.93099,14.864319999999992,11.300663948059082
4678,2020-04-02 15:00:00,84.92375,14.798660000000012,11.30057643353939
4679,2020-04-02 16:00:00,84.91665,14.732310000000012,11.358412280678749
4680,2020-04-02 17:00:00,84.9096,14.664960000000008,11.450420886278152
4681,2020-04-02 18:00:00,84.90256,14.596499999999992,11.723600685596466
4682,2020-04-02 19:00:00,84.89549,14.529799999999994,11.976213917136192
4683,2020-04-02 20:00:00,84.88826,14.46529000000001,12.104987651109695
4684,2020-04-02 21:00:00,84.88076,14.40227999999999,12.178298696875572
4685,2020-04-02 22:00:00,84.87325,14.343989999999991,12.322759807109833
4686,2020-04-02 23:00:00,84.86564,14.28707,12.344673871994019
4687,2020-04-03 00:00:00,84.85795,14.227630000000005,12.282539069652557
4688,2020-04-03 01:00:00,84.8503,14.163700000000006,12.054859817028046
4689,2020-04-03 02:00:00,84.84275,14.096569999999986,11.813169479370117
4690,2020-04-03 03:00:00,84.8353,14.024740000000008,11.519596919417381
4691,2020-04-03 04:00:00,84.82833,13.94989000000001,11.190936952829361
4692,2020-04-03 05:00:00,84.82191,13.874830000000003,10.622192323207855
4693,2020-04-03 06:00:00,84.81602,13.803229999999985,10.176230102777481
4694,2020-04-03 07:00:00,84.8107,13.738969999999995,9.793960466980934
4695,2020-04-03 08:00:00,84.80578,13.681960000000004,9.44894628226757
4696,2020-04-03 09:00:00,84.80115,13.631370000000004,9.21311491727829
4697,2020-04-03 10:00:00,84.7969,13.583069999999992,8.954330146312714
4698,2020-04-03 11:00:00,84.79287,13.534840000000003,8.678606316447258
4699,2020-04-03 12:00:00,84.78868,13.481889999999993,8.52769523486495
4700,2020-04-03 13:00:00,84.78443,13.4255,8.717840567231178
4701,2020-04-03 14:00:00,84.78018,13.367250000000013,8.886775553226471
4702,2020-04-03 15:00:00,84.77588,13.310460000000006,8.631865337491035
4703,2020-04-03 16:00:00,84.77138,13.254719999999992,8.399459898471832
4704,2020-04-03 17:00:00,84.76694,13.20854,8.290710836648941
4705,2020-04-03 18:00:00,84.76212,13.168990000000008,8.511147856712341
4706,2020-04-03 19:00:00,84.75685,13.134520000000009,8.836148798465729
4707,2020-04-03 20:00:00,84.75122,13.105289999999997,8.837786436080933
4708,2020-04-03 21:00:00,84.74533,13.081400000000002,8.939819514751434
4709,2020-04-03 22:00:00,84.73924,13.061720000000008,9.375511184334755
4710,2020-04-03 23:00:00,84.73302,13.046719999999993,9.299831852316856
4711,2020-04-04 00:00:00,84.72672,13.03336999999999,9.036547511816025
4712,2020-04-04 01:00:00,84.72038,13.01670999999999,9.029461085796356
4713,2020-04-04 02:00:00,84.71405,12.997119999999995,9.798733800649643
4714,2020-04-04 03:00:00,84.70773,12.974989999999991,9.519261822104454
4715,2020-04-04 04:00:00,84.70156,12.949579999999997,8.575604483485222
4716,2020-04-04 05:00:00,84.69592,12.92634000000001,7.653661280870438
4717,2020-04-04 06:00:00,84.69061,12.909019999999998,7.825639769434929
4718,2020-04-04 07:00:00,84.68532,12.896179999999987,7.9091233760118484
4719,2020-04-04 08:00:00,84.68012,12.88875999999999,7.707586869597435
4720,2020-04-04 09:00:00,84.67513,12.889729999999986,7.412534162402153
4721,2020-04-04 10:00:00,84.67028,12.892660000000006,6.8424835950136185
4722,2020-04-04 11:00:00,84.66536,12.89833999999999,7.226433202624321
4723,2020-04-04 12:00:00,84.66018,12.906360000000006,7.431079864501953
4724,2020-04-04 13:00:00,84.65505,12.916030000000006,7.446957990527153
4725,2020-04-04 14:00:00,84.65005,12.927030000000002,6.820959091186523
4726,2020-04-04 15:00:00,84.64521,12.939969999999988,7.361371025443077
4727,2020-04-04 16:00:00,84.64011,12.952709999999996,8.290500462055206
4728,2020-04-04 17:00:00,84.63491,12.963879999999989,8.36690840125084
4729,2020-04-04 18:00:00,84.62954,12.973219999999998,7.932509943842888
4730,2020-04-04 19:00:00,84.62434,12.984370000000013,7.560960039496422
4731,2020-04-04 20:00:00,84.6196,12.998559999999998,7.474716991186142
4732,2020-04-04 21:00:00,84.61515,13.015829999999994,7.145567461848259
4733,2020-04-04 22:00:00,84.61096,13.032530000000008,6.896623536944389
4734,2020-04-04 23:00:00,84.6072,13.049890000000005,6.885302782058716
4735,2020-04-05 00:00:00,84.60377,13.068639999999988,6.837635233998299
4736,2020-04-05 01:00:00,84.60038,13.085970000000003,6.709189236164093
4737,2020-04-05 02:00:00,84.59726,13.102000000000004,6.429291874170303
4738,2020-04-05 03:00:00,84.59436,13.119779999999992,6.317198112607002
4739,2020-04-05 04:00:00,84.59172,13.140690000000006,6.238571181893349
4740,2020-04-05 05:00:00,84.58946,13.165140000000008,5.931864753365517
4741,2020-04-05 06:00:00,84.58732,13.191210000000012,5.604007691144943
4742,2020-04-05 07:00:00,84.58537,13.221090000000004,5.595623284578323
4743,2020-04-05 08:00:00,84.5838,13.25591,5.937569752335548
4744,2020-04-05 09:00:00,84.58222,13.293869999999998,5.938989922404289
4745,2020-04-05 10:00:00,84.58062,13.33447000000001,5.961627677083015
4746,2020-04-05 11:00:00,84.57929,13.3784,6.236400812864304
4747,2020-04-05 12:00:00,84.57808,13.424749999999989,6.121961787343025
4748,2020-04-05 13:00:00,84.57713,13.473459999999989,6.0955460369586945
4749,2020-04-05 14:00:00,84.57626,13.524259999999998,6.527968928217888
4750,2020-04-05 15:00:00,84.57519,13.574479999999994,6.383073270320892
4751,2020-04-05 16:00:00,84.57385,13.623359999999991,6.101984888315201
4752,2020-04-05 17:00:00,84.57222,13.669749999999993,6.647966042160988
4753,2020-04-05 18:00:00,84.57029,13.713169999999991,6.763177901506424
4754,2020-04-05 19:00:00,84.56813,13.752309999999994,6.8464363515377045
4755,2020-04-05 20:00:00,84.566,13.788620000000009,6.937102124094963
4756,2020-04-05 21:00:00,84.56388,13.825269999999989,7.026940584182739
4757,2020-04-05 22:00:00,84.56173,13.862490000000008,7.145767956972122
4758,2020-04-05 23:00:00,84.55946,13.900229999999993,7.223482355475426
4759,2020-04-06 00:00:00,84.55726,13.939969999999988,7.779252678155899
4760,2020-04-06 01:00:00,84.5551,13.980259999999987,7.590796038508415
4761,2020-04-06 02:00:00,84.55291,14.019980000000004,7.223246514797211
4762,2020-04-06 03:00:00,84.55075,14.056100000000015,6.755403697490692
4763,2020-04-06 04:00:00,84.54866,14.087080000000014,6.236752659082413
4764,2020-04-06 05:00:00,84.5467,14.11411000000001,5.806961208581924
4765,2020-04-06 06:00:00,84.54484,14.138030000000015,5.522239178419113
4766,2020-04-06 07:00:00,84.54296,14.161329999999992,5.398905843496323
4767,2020-04-06 08:00:00,84.54109,14.186730000000011,5.301160767674446
4768,2020-04-06 09:00:00,84.53914,14.216039999999992,5.169017136096954
4769,2020-04-06 10:00:00,84.53725,14.24758,5.233528152108192
4770,2020-04-06 11:00:00,84.53547,14.280560000000008,5.403076708316803
4771,2020-04-06 12:00:00,84.53377,14.312960000000004,5.454520836472511
4772,2020-04-06 13:00:00,84.53214,14.34378000000001,5.340532630681992
4773,2020-04-06 14:00:00,84.53051,14.372180000000014,5.1782106757164
4774,2020-04-06 15:00:00,84.52881,14.398079999999993,5.089251816272736
4775,2020-04-06 16:00:00,84.52689,14.418970000000002,5.038144826889038
4776,2020-04-06 17:00:00,84.52479,14.43361999999999,4.71794992685318
4777,2020-04-06 18:00:00,84.52248,14.444060000000007,4.423100680112839
4778,2020-04-06 19:00:00,84.52005,14.45105000000001,4.2506298422813416
4779,2020-04-06 20:00:00,84.51774,14.455099999999987,4.185818046331406
4780,2020-04-06 21:00:00,84.51543,14.458179999999999,4.185459837317467
4781,2020-04-06 22:00:00,84.51324,14.46083999999999,4.150313138961792
4782,2020-04-06 23:00:00,84.51118,14.46647999999999,4.231085911393166
4783,2020-04-07 00:00:00,84.50935,14.476519999999994,4.064194619655609
4784,2020-04-07 01:00:00,84.50793,14.488920000000007,3.9279599487781525
4785,2020-04-07 02:00:00,84.50692,14.50184999999999,3.8975344449281693
4786,2020-04-07 03:00:00,84.50623,14.515019999999993,3.8404775708913803
4787,2020-04-07 04:00:00,84.50564,14.526579999999996,3.5405760556459427
4788,2020-04-07 05:00:00,84.50508,14.533590000000004,3.3850053399801254
4789,2020-04-07 06:00:00,84.5043,14.535650000000004,3.420231357216835
4790,2020-04-07 07:00:00,84.5034,14.535539999999997,3.610028460621834
4791,2020-04-07 08:00:00,84.50245,14.534259999999989,3.7640575617551804
4792,2020-04-07 09:00:00,84.50142,14.533179999999987,3.783528596162796
4793,2020-04-07 10:00:00,84.50044,14.533760000000001,3.769741728901863
4794,2020-04-07 11:00:00,84.49963,14.536370000000005,3.745880752801895
4795,2020-04-07 12:00:00,84.49882,14.539739999999995,3.7628170251846313
4796,2020-04-07 13:00:00,84.49803,14.543540000000007,3.820469379425049
4797,2020-04-07 14:00:00,84.49733,14.546750000000003,3.786303974688053
4798,2020-04-07 15:00:00,84.49688,14.54907,3.7174575179815292
4799,2020-04-07 16:00:00,84.49662,14.550260000000009,3.7568648159503937
4800,2020-04-07 17:00:00,84.49635,14.55055999999999,3.7624770998954773
4801,2020-04-07 18:00:00,84.49577,14.55001999999999,3.83560411632061
4802,2020-04-07 19:00:00,84.49477,14.547329999999988,3.7997314482927322
4803,2020-04-07 20:00:00,84.49342,14.543779999999998,3.55051127076149
4804,2020-04-07 21:00:00,84.49188,14.540750000000003,3.2469599694013596
4805,2020-04-07 22:00:00,84.4904,14.53931,3.146035820245743
4806,2020-04-07 23:00:00,84.48899,14.541089999999997,3.163758635520935
4807,2020-04-08 00:00:00,84.48774,14.546459999999996,3.270316392183304
4808,2020-04-08 01:00:00,84.48669,14.554129999999986,3.019370913505554
4809,2020-04-08 02:00:00,84.48593,14.563500000000005,2.8512711822986603
4810,2020-04-08 03:00:00,84.48539,14.574610000000007,2.785788372159004
4811,2020-04-08 04:00:00,84.48499,14.586759999999998,2.638616308569908
4812,2020-04-08 05:00:00,84.48463,14.598610000000008,2.7711061388254166
4813,2020-04-08 06:00:00,84.48417,14.610250000000008,2.770641475915909
4814,2020-04-08 07:00:00,84.48351,14.621190000000013,2.9037752896547318
4815,2020-04-08 08:00:00,84.48269,14.632689999999997,3.2065651267766953
4816,2020-04-08 09:00:00,84.48177,14.64573999999999,3.5974923074245453
4817,2020-04-08 10:00:00,84.48075,14.65952999999999,3.8284159898757935
4818,2020-04-08 11:00:00,84.47969,14.676420000000007,3.9801697731018066
4819,2020-04-08 12:00:00,84.47844,14.696140000000014,4.105464056134224
4820,2020-04-08 13:00:00,84.47708,14.718029999999999,4.356494769454002
4821,2020-04-08 14:00:00,84.47566,14.739959999999996,4.709955930709839
4822,2020-04-08 15:00:00,84.47428,14.76060000000001,5.791471675038338
4823,2020-04-08 16:00:00,84.47284,14.779689999999988,6.1699990183115005
4824,2020-04-08 17:00:00,84.47132,14.796639999999996,5.958563804626465
4825,2020-04-08 18:00:00,84.46961,14.810910000000007,5.362000539898872
4826,2020-04-08 19:00:00,84.4677,14.821629999999999,4.787354186177254
4827,2020-04-08 20:00:00,84.46557,14.829260000000005,4.443335935473442
4828,2020-04-08 21:00:00,84.46324,14.834180000000003,4.284649103879929
4829,2020-04-08 22:00:00,84.46078,14.837340000000012,4.2309622168540955
4830,2020-04-08 23:00:00,84.45827,14.840210000000013,4.268024563789368
4831,2020-04-09 00:00:00,84.45596,14.842590000000001,4.253252476453781
4832,2020-04-09 01:00:00,84.45385,14.846129999999988,4.282263159751892
4833,2020-04-09 02:00:00,84.4519,14.849909999999994,4.143030762672424
4834,2020-04-09 03:00:00,84.44993,14.853350000000006,3.9351378977298737
4835,2020-04-09 04:00:00,84.44803,14.856680000000011,3.797041952610016
4836,2020-04-09 05:00:00,84.44616,14.857959999999991,3.6835759729146957
4837,2020-04-09 06:00:00,84.44422,14.856510000000014,3.5856969207525253
4838,2020-04-09 07:00:00,84.44199,14.851249999999993,3.525800436735153
4839,2020-04-09 08:00:00,84.4395,14.842539999999985,3.5748457461595535
4840,2020-04-09 09:00:00,84.43672,14.831490000000002,3.7182107269763947
4841,2020-04-09 10:00:00,84.43373,14.818569999999994,3.702941745519638
4842,2020-04-09 11:00:00,84.43079,14.805090000000007,3.4651867002248764
4843,2020-04-09 12:00:00,84.42813,14.7928,3.2856076806783676
4844,2020-04-09 13:00:00,84.42565,14.78316000000001,3.2771489024162292
4845,2020-04-09 14:00:00,84.42359,14.775450000000006,3.2000169903039932
4846,2020-04-09 15:00:00,84.42199,14.770720000000011,3.202678620815277
4847,2020-04-09 16:00:00,84.42069,14.766520000000014,3.2656906247138977
4848,2020-04-09 17:00:00,84.41956,14.762280000000004,3.4789316654205322
4849,2020-04-09 18:00:00,84.41798,14.75596999999999,3.8191278278827667
4850,2020-04-09 19:00:00,84.41605,14.747199999999992,4.216480627655983
4851,2020-04-09 20:00:00,84.41367,14.735209999999995,4.475573047995567
4852,2020-04-09 21:00:00,84.41089,14.72036,4.603477790951729
4853,2020-04-09 22:00:00,84.40788,14.703460000000007,4.652312219142914
4854,2020-04-09 23:00:00,84.40484,14.68714,4.814465567469597
4855,2020-04-10 00:00:00,84.40187,14.672599999999989,4.864736273884773
4856,2020-04-10 01:00:00,84.3994,14.662170000000003,4.796756386756897
4857,2020-04-10 02:00:00,84.39787,14.655489999999986,4.755093082785606
4858,2020-04-10 03:00:00,84.397,14.652410000000003,4.606596365571022
4859,2020-04-10 04:00:00,84.39638,14.652440000000013,4.442948743700981
4860,2020-04-10 05:00:00,84.39567,14.653790000000015,4.417684897780418
4861,2020-04-10 06:00:00,84.39459,14.654699999999991,4.34905706346035
4862,2020-04-10 07:00:00,84.39307,14.654110000000003,4.212078899145126
4863,2020-04-10 08:00:00,84.39084,14.651309999999995,4.084345385432243
4864,2020-04-10 09:00:00,84.38807,14.645859999999999,3.9504036754369736
4865,2020-04-10 10:00:00,84.38508,14.638679999999994,3.871432289481163
4866,2020-04-10 11:00:00,84.38195,14.63073,3.783361107110977
4867,2020-04-10 12:00:00,84.37891,14.624130000000008,3.6612660586833954
4868,2020-04-10 13:00:00,84.37612,14.620460000000008,3.666653022170067
4869,2020-04-10 14:00:00,84.37354,14.620959999999997,3.733268052339554
4870,2020-04-10 15:00:00,84.37126,14.625079999999997,3.85941244661808
4871,2020-04-10 16:00:00,84.36934,14.632090000000005,4.131540343165398
4872,2020-04-10 17:00:00,84.3676,14.640710000000013,4.505128964781761
4873,2020-04-10 18:00:00,84.36573,14.649580000000014,4.835477024316788
4874,2020-04-10 19:00:00,84.36344,14.658330000000007,4.980962723493576
4875,2020-04-10 20:00:00,84.3608,14.665750000000003,5.0323857963085175
4876,2020-04-10 21:00:00,84.358,14.670459999999991,5.097722083330154
4877,2020-04-10 22:00:00,84.35518,14.67295999999999,5.146756231784821
4878,2020-04-10 23:00:00,84.35276,14.674000000000007,5.194866329431534
4879,2020-04-11 00:00:00,84.3505,14.675870000000003,5.136143177747726
4880,2020-04-11 01:00:00,84.34805,14.680180000000007,4.966880723834038
4881,2020-04-11 02:00:00,84.34563,14.688230000000004,4.84479795396328
4882,2020-04-11 03:00:00,84.34312,14.699189999999987,4.831236302852631
4883,2020-04-11 04:00:00,84.34072,14.711900000000014,4.724576383829117
4884,2020-04-11 05:00:00,84.3384,14.724430000000012,4.536984607577324
4885,2020-04-11 06:00:00,84.33621,14.736439999999988,4.33761540055275
4886,2020-04-11 07:00:00,84.33417,14.74548999999999,4.158261805772781
4887,2020-04-11 08:00:00,84.33183,14.748809999999992,4.086969390511513
4888,2020-04-11 09:00:00,84.3297,14.749760000000009,4.105806902050972
4889,2020-04-11 10:00:00,84.32742,14.749830000000003,4.272471487522125
4890,2020-04-11 11:00:00,84.32513,14.747289999999992,4.272790268063545
4891,2020-04-11 12:00:00,84.32257,14.74167,4.165105476975441
4892,2020-04-11 13:00:00,84.32002,14.73666,4.282589823007584
4893,2020-04-11 14:00:00,84.31755,14.733749999999986,4.316238388419151
4894,2020-04-11 15:00:00,84.31502,14.732990000000001,4.236521482467651
4895,2020-04-11 16:00:00,84.31249,14.732609999999994,4.0103586465120316
4896,2020-04-11 17:00:00,84.31014,14.732,3.8920011818408966
4897,2020-04-11 18:00:00,84.30809,14.731429999999989,3.7935671210289
4898,2020-04-11 19:00:00,84.30629,14.72972999999999,3.721473976969719
4899,2020-04-11 20:00:00,84.30461,14.726429999999993,3.6351297795772552
4900,2020-04-11 21:00:00,84.30283,14.722350000000006,3.539500042796135
4901,2020-04-11 22:00:00,84.30095,14.717359999999985,3.4219312518835068
4902,2020-04-11 23:00:00,84.29899,14.711739999999992,3.2921389043331146
4903,2020-04-12 00:00:00,84.29705,14.707339999999988,3.272845610976219
4904,2020-04-12 01:00:00,84.29556,14.706389999999999,3.1386761218309402
4905,2020-04-12 02:00:00,84.29439,14.707830000000001,2.9238001257181168
4906,2020-04-12 03:00:00,84.29386,14.710289999999986,2.6886704713106155
4907,2020-04-12 04:00:00,84.29367,14.714920000000006,2.4354956597089767
4908,2020-04-12 05:00:00,84.29375,14.72041999999999,2.346310466527939
4909,2020-04-12 06:00:00,84.29379,14.72541000000001,2.2650973945856094
4910,2020-04-12 07:00:00,84.29377,14.729479999999995,2.067211091518402
4911,2020-04-12 08:00:00,84.29377,14.732290000000006,1.8225275427103043
4912,2020-04-12 09:00:00,84.29368,14.73415,1.6294554024934769
4913,2020-04-12 10:00:00,84.29294,14.737689999999986,1.500488355755806
4914,2020-04-12 11:00:00,84.2921,14.742320000000007,1.5420362949371338
4915,2020-04-12 12:00:00,84.29128,14.74767,1.5573734194040298
4916,2020-04-12 13:00:00,84.2905,14.754130000000004,1.532232940196991
4917,2020-04-12 14:00:00,84.28981,14.761599999999987,1.5580343306064606
4918,2020-04-12 15:00:00,84.28917,14.770109999999988,1.662755236029625
4919,2020-04-12 16:00:00,84.28888,14.778469999999999,1.9135848432779312
4920,2020-04-12 17:00:00,84.28893,14.785410000000013,2.126371145248413
4921,2020-04-12 18:00:00,84.289,14.791709999999995,2.3065799921751022
4922,2020-04-12 19:00:00,84.28903,14.797539999999998,2.360878497362137
4923,2020-04-12 20:00:00,84.2891,14.802330000000012,2.5185447484254837
4924,2020-04-12 21:00:00,84.28916,14.805689999999998,2.7918121367692947
4925,2020-04-12 22:00:00,84.28917,14.808989999999994,2.974717676639557
4926,2020-04-12 23:00:00,84.28922,14.812939999999998,3.266670137643814
4927,2020-04-13 00:00:00,84.28931,14.818819999999988,3.2376875430345535
4928,2020-04-13 01:00:00,84.28941,14.826159999999987,3.202409952878952
4929,2020-04-13 02:00:00,84.28952,14.835190000000011,3.4968684017658234
4930,2020-04-13 03:00:00,84.28964,14.84617,3.871515318751335
4931,2020-04-13 04:00:00,84.28982,14.858630000000005,4.158702179789543
4932,2020-04-13 05:00:00,84.29007,14.872180000000014,4.3033516854047775
4933,2020-04-13 06:00:00,84.2904,14.886009999999999,4.457732915878296
4934,2020-04-13 07:00:00,84.29087,14.900779999999997,4.792801663279533
4935,2020-04-13 08:00:00,84.29137,14.915279999999996,5.0835733115673065
4936,2020-04-13 09:00:00,84.29191,14.928920000000005,5.327343240380287
4937,2020-04-13 10:00:00,84.29243,14.940879999999993,5.532112345099449
4938,2020-04-13 11:00:00,84.29291,14.95241999999999,5.703177317976952
4939,2020-04-13 12:00:00,84.29334,14.961180000000013,5.862031668424606
4940,2020-04-13 13:00:00,84.29383,14.967739999999992,5.971818268299103
4941,2020-04-13 14:00:00,84.29441,14.973389999999995,5.967435985803604
4942,2020-04-13 15:00:00,84.29514,14.979060000000004,6.090145111083984
4943,2020-04-13 16:00:00,84.29604,14.984800000000007,6.029058814048767
4944,2020-04-13 17:00:00,84.29713,14.989509999999996,5.959121853113174
4945,2020-04-13 18:00:00,84.2985,14.992349999999988,6.061144262552261
4946,2020-04-13 19:00:00,84.30015,14.993779999999987,6.151718080043793
4947,2020-04-13 20:00:00,84.30203,14.993529999999993,6.406411305069923
4948,2020-04-13 21:00:00,84.30412,14.991649999999993,6.547406733036041
4949,2020-04-13 22:00:00,84.30614,14.987920000000003,6.722969472408295
4950,2020-04-13 23:00:00,84.30817,14.982799999999997,6.910671949386597
4951,2020-04-14 00:00:00,84.31024,14.974310000000003,7.066090971231461
4952,2020-04-14 01:00:00,84.31246,14.963490000000007,7.095386013388634
4953,2020-04-14 02:00:00,84.31487,14.950170000000014,7.022056221961975
4954,2020-04-14 03:00:00,84.31737,14.934879999999993,6.872205913066864
4955,2020-04-14 04:00:00,84.31993,14.917200000000008,6.844409912824631
4956,2020-04-14 05:00:00,84.32252,14.89618999999999,6.6623406410217285
4957,2020-04-14 06:00:00,84.3251,14.872000000000014,5.910551875829697
4958,2020-04-14 07:00:00,84.3278,14.846219999999988,5.810789600014687
4959,2020-04-14 08:00:00,84.33042,14.817170000000004,5.879891946911812
4960,2020-04-14 09:00:00,84.33311,14.783889999999985,5.854105681180954
4961,2020-04-14 10:00:00,84.33562,14.746399999999994,5.866402506828308
4962,2020-04-14 11:00:00,84.33775,14.700710000000015,6.252340570092201
4963,2020-04-14 12:00:00,84.33944,14.653459999999995,6.740034654736519
4964,2020-04-14 13:00:00,84.3407,14.607640000000004,6.7852974236011505
4965,2020-04-14 14:00:00,84.34118,14.56504000000001,6.681812301278114
4966,2020-04-14 15:00:00,84.34092,14.525900000000007,6.54961085319519
4967,2020-04-14 16:00:00,84.34035,14.487979999999993,6.460257709026337
4968,2020-04-14 17:00:00,84.33962,14.451580000000007,6.3746232986450195
4969,2020-04-14 18:00:00,84.33875,14.416050000000013,6.216668128967285
4970,2020-04-14 19:00:00,84.3379,14.383070000000004,6.013119459152222
4971,2020-04-14 20:00:00,84.33674,14.351470000000006,5.688629657030106
4972,2020-04-14 21:00:00,84.33576,14.322399999999988,5.250892952084541
4973,2020-04-14 22:00:00,84.33448,14.29455999999999,4.946327388286591
4974,2020-04-14 23:00:00,84.33328,14.268010000000004,4.912462592124939
4975,2020-04-15 00:00:00,84.33202,14.239280000000008,4.835999697446823
4976,2020-04-15 01:00:00,84.33074,14.20845,4.804440498352051
4977,2020-04-15 02:00:00,84.32956,14.176719999999989,4.654450178146362
4978,2020-04-15 03:00:00,84.32863,14.14482000000001,4.579341530799866
4979,2020-04-15 04:00:00,84.32792,14.11339000000001,4.596975028514862
4980,2020-04-15 05:00:00,84.32719,14.087739999999997,4.753194987773895
4981,2020-04-15 06:00:00,84.32681,14.061790000000002,5.04008923470974
4982,2020-04-15 07:00:00,84.32651,14.034449999999993,5.475751593708992
4983,2020-04-15 08:00:00,84.32641,14.006979999999999,5.581208258867264
4984,2020-04-15 09:00:00,84.32648,13.97851,5.574612587690353
4985,2020-04-15 10:00:00,84.32657,13.950479999999999,5.998479455709457
4986,2020-04-15 11:00:00,84.32651,13.920590000000004,6.162332996726036
4987,2020-04-15 12:00:00,84.32643,13.890039999999999,6.540145739912987
4988,2020-04-15 13:00:00,84.3258,13.855790000000013,6.627608075737953
4989,2020-04-15 14:00:00,84.32484,13.81855999999999,6.900833576917648
4990,2020-04-15 15:00:00,84.32353,13.782070000000004,6.841064065694809
4991,2020-04-15 16:00:00,84.32227,13.745980000000003,6.955367714166641
4992,2020-04-15 17:00:00,84.32078,13.709699999999998,6.481721103191376
4993,2020-04-15 18:00:00,84.31891,13.67537999999999,6.428610250353813
4994,2020-04-15 19:00:00,84.31699,13.64260999999999,6.339256465435028
4995,2020-04-15 20:00:00,84.31501,13.61103,6.472115859389305
4996,2020-04-15 21:00:00,84.31279,13.57992999999999,6.736663788557053
4997,2020-04-15 22:00:00,84.31049,13.548550000000006,7.292279496788979
4998,2020-04-15 23:00:00,84.30805,13.513659999999987,7.776285722851753
4999,2020-04-16 00:00:00,84.30547,13.473939999999999,8.118779256939888
5000,2020-04-16 01:00:00,84.30327,13.429290000000009,8.125253722071648
5001,2020-04-16 02:00:00,84.30223,13.37906000000001,8.077747166156769
5002,2020-04-16 03:00:00,84.30259,13.327179999999998,8.165101498365402
5003,2020-04-16 04:00:00,84.30342,13.27534,8.55377659201622
5004,2020-04-16 05:00:00,84.30543,13.230529999999987,9.328526496887207
5005,2020-04-16 06:00:00,84.30826,13.19326000000001,9.935357347130775
5006,2020-04-16 07:00:00,84.31166,13.16228000000001,10.127583667635918
5007,2020-04-16 08:00:00,84.31543,13.138260000000002,10.364553838968277
5008,2020-04-16 09:00:00,84.31984,13.120519999999999,10.6538655012846
5009,2020-04-16 10:00:00,84.32486,13.106510000000014,10.9314294308424
5010,2020-04-16 11:00:00,84.33017,13.096779999999995,11.799750000238419
5011,2020-04-16 12:00:00,84.33552,13.091730000000013,12.215974897146225
5012,2020-04-16 13:00:00,84.34059,13.090280000000007,12.17412419617176
5013,2020-04-16 14:00:00,84.34554,13.090429999999998,12.014397755265236
5014,2020-04-16 15:00:00,84.35033,13.090759999999989,11.564532861113548
5015,2020-04-16 16:00:00,84.35511,13.093079999999986,11.34682184457779
5016,2020-04-16 17:00:00,84.36047,13.100059999999985,11.297266587615013
5017,2020-04-16 18:00:00,84.36627,13.116919999999993,11.18391041457653
5018,2020-04-16 19:00:00,84.37198,13.140569999999997,11.427359014749527
5019,2020-04-16 20:00:00,84.37801,13.175009999999986,11.525166884064674
5020,2020-04-16 21:00:00,84.38383,13.214049999999986,12.170261263847351
5021,2020-04-16 22:00:00,84.38932,13.25618,12.447559893131256
5022,2020-04-16 23:00:00,84.39459,13.301850000000002,12.71880728006363
5023,2020-04-17 00:00:00,84.39951,13.347399999999993,12.184524774551392
5024,2020-04-17 01:00:00,84.40396,13.395849999999996,11.703029379248619
5025,2020-04-17 02:00:00,84.40733,13.452110000000005,11.22189386188984
5026,2020-04-17 03:00:00,84.40997,13.507479999999987,10.42768906056881
5027,2020-04-17 04:00:00,84.41151,13.555309999999992,9.843462094664574
5028,2020-04-17 05:00:00,84.41219,13.594150000000013,9.374232709407806
5029,2020-04-17 06:00:00,84.41228,13.627190000000013,8.983131110668182
5030,2020-04-17 07:00:00,84.41197,13.651620000000008,8.115291863679886
5031,2020-04-17 08:00:00,84.41185,13.66812999999999,6.6733241230249405
5032,2020-04-17 09:00:00,84.41229,13.678089999999997,5.406838089227676
5033,2020-04-17 10:00:00,84.41338,13.682799999999986,4.935819506645203
5034,2020-04-17 11:00:00,84.41501,13.68574000000001,5.273413985967636
5035,2020-04-17 12:00:00,84.41686,13.69031000000001,5.71225380897522
5036,2020-04-17 13:00:00,84.4194,13.706189999999992,5.822463974356651
5037,2020-04-17 14:00:00,84.42198,13.726339999999993,5.667303174734116
5038,2020-04-17 15:00:00,84.4243,13.743009999999998,5.374126210808754
5039,2020-04-17 16:00:00,84.42593,13.752530000000007,5.3436345756053925
5040,2020-04-17 17:00:00,84.42683,13.755279999999999,5.400754272937775
5041,2020-04-17 18:00:00,84.42737,13.758980000000008,5.3591185212135315
5042,2020-04-17 19:00:00,84.42804,13.761560000000003,5.359182238578796
5043,2020-04-17 20:00:00,84.42875,13.764070000000004,5.414340391755104
5044,2020-04-17 21:00:00,84.4296,13.765690000000006,5.297990620136261
5045,2020-04-17 22:00:00,84.43072,13.765899999999988,5.083893403410912
5046,2020-04-17 23:00:00,84.43228,13.767830000000004,4.9406441152095795
5047,2020-04-18 00:00:00,84.43428,13.76957999999999,5.044603854417801
5048,2020-04-18 01:00:00,84.4366,13.772690000000011,5.322990879416466
5049,2020-04-18 02:00:00,84.43903,13.777359999999987,5.5519634038209915
5050,2020-04-18 03:00:00,84.44151,13.783320000000003,5.715523183345795
5051,2020-04-18 04:00:00,84.44403,13.790320000000008,5.89492928981781
5052,2020-04-18 05:00:00,84.44655,13.79822999999999,5.965743213891983
5053,2020-04-18 06:00:00,84.44908,13.80653000000001,6.129401087760925
5054,2020-04-18 07:00:00,84.4516,13.81393,6.619890660047531
5055,2020-04-18 08:00:00,84.45435,13.819819999999993,7.225762963294983
5056,2020-04-18 09:00:00,84.45789,13.825490000000002,7.873764321208
5057,2020-04-18 10:00:00,84.46245,13.832889999999992,8.074632838368416
5058,2020-04-18 11:00:00,84.46781,13.843079999999986,9.005738958716393
5059,2020-04-18 12:00:00,84.4739,13.858779999999996,9.56847782433033
5060,2020-04-18 13:00:00,84.48021,13.880470000000003,10.057766258716583
5061,2020-04-18 14:00:00,84.48636,13.908179999999987,10.224834695458412
5062,2020-04-18 15:00:00,84.49181,13.944799999999987,10.313698440790176
5063,2020-04-18 16:00:00,84.49686,13.984070000000003,10.198092207312584
5064,2020-04-18 17:00:00,84.5016,14.024180000000001,10.344450175762177
5065,2020-04-18 18:00:00,84.5055,14.060290000000009,10.537014946341515
5066,2020-04-18 19:00:00,84.50957,14.096699999999998,10.730193451046944
5067,2020-04-18 20:00:00,84.51435,14.135590000000008,11.02821134030819
5068,2020-04-18 21:00:00,84.51953,14.178059999999988,12.14598099887371
5069,2020-04-18 22:00:00,84.52488,14.218610000000012,12.099583253264427
5070,2020-04-18 23:00:00,84.53139,14.264430000000004,12.183599725365639
5071,2020-04-19 00:00:00,84.53792,14.315460000000002,12.232122480869293
5072,2020-04-19 01:00:00,84.54384,14.36936,12.60675023496151
5073,2020-04-19 02:00:00,84.54917,14.423169999999999,12.643284931778908
5074,2020-04-19 03:00:00,84.55381,14.471309999999988,12.21384385228157
5075,2020-04-19 04:00:00,84.55804,14.51155,11.827009737491608
5076,2020-04-19 05:00:00,84.56206,14.545970000000011,11.329282701015472
5077,2020-04-19 06:00:00,84.56599,14.574240000000003,11.251648664474487
5078,2020-04-19 07:00:00,84.56995,14.599850000000004,11.421292409300804
5079,2020-04-19 08:00:00,84.5738,14.626090000000005,11.230078935623169
5080,2020-04-19 09:00:00,84.5781,14.652749999999997,10.58753576874733
5081,2020-04-19 10:00:00,84.58238,14.67922999999999,10.363200470805168
5082,2020-04-19 11:00:00,84.5864,14.703570000000013,10.433984115719795
5083,2020-04-19 12:00:00,84.59001,14.727890000000002,10.71590867638588
5084,2020-04-19 13:00:00,84.59326,14.749539999999996,10.584189489483833
5085,2020-04-19 14:00:00,84.59613,14.765109999999993,10.115630865097046
5086,2020-04-19 15:00:00,84.59864,14.7757,9.691517934203148
5087,2020-04-19 16:00:00,84.60072,14.779079999999993,9.549955576658249
5088,2020-04-19 17:00:00,84.60238,14.775180000000006,9.062921017408371
5089,2020-04-19 18:00:00,84.60393,14.766700000000014,8.475544571876526
5090,2020-04-19 19:00:00,84.60518,14.755179999999996,7.743250846862793
5091,2020-04-19 20:00:00,84.60604,14.742629999999991,6.782672762870789
5092,2020-04-19 21:00:00,84.60654,14.732290000000006,5.836327031254768
5093,2020-04-19 22:00:00,84.60663,14.724250000000012,5.33166866004467
5094,2020-04-19 23:00:00,84.60614,14.71835999999999,4.986269578337669
5095,2020-04-20 00:00:00,84.60492,14.715139999999991,4.332100138068199
5096,2020-04-20 01:00:00,84.60302,14.711379999999991,4.078214883804321
5097,2020-04-20 02:00:00,84.6006,14.703100000000006,4.094473779201508
5098,2020-04-20 03:00:00,84.59748,14.693309999999997,3.568050801753998
5099,2020-04-20 04:00:00,84.5939,14.682379999999995,2.8413294553756714
5100,2020-04-20 05:00:00,84.58943,14.669900000000013,3.7084766626358032
5101,2020-04-20 06:00:00,84.58353,14.656620000000004,4.95690181851387
5102,2020-04-20 07:00:00,84.57707,14.641770000000008,5.7829035222530365
5103,2020-04-20 08:00:00,84.57038,14.624979999999994,6.4576286226511
5104,2020-04-20 09:00:00,84.56306,14.608749999999986,6.659943729639053
5105,2020-04-20 10:00:00,84.55489,14.593529999999987,7.099020451307297
5106,2020-04-20 11:00:00,84.54586,14.582660000000004,7.710716612637043
5107,2020-04-20 12:00:00,84.53649,14.578409999999991,7.6811719089746475
5108,2020-04-20 13:00:00,84.52689,14.577269999999999,8.050731673836708
5109,2020-04-20 14:00:00,84.51688,14.578599999999994,9.580672353506088
5110,2020-04-20 15:00:00,84.5066,14.58456000000001,11.149231180548668
5111,2020-04-20 16:00:00,84.4959,14.595709999999997,12.364089265465736
5112,2020-04-20 17:00:00,84.48489,14.610389999999995,13.335502862930298
5113,2020-04-20 18:00:00,84.47371,14.627980000000008,14.011078894138336
5114,2020-04-20 19:00:00,84.46257,14.648300000000006,14.690270110964775
5115,2020-04-20 20:00:00,84.4515,14.67116999999999,15.347605168819427
5116,2020-04-20 21:00:00,84.44076,14.696879999999993,15.627328768372536
5117,2020-04-20 22:00:00,84.43041,14.726079999999996,15.579447984695435
5118,2020-04-20 23:00:00,84.42053,14.763290000000012,15.623118668794632
5119,2020-04-21 00:00:00,84.41065,14.80286000000001,15.683199435472488
5120,2020-04-21 01:00:00,84.4008,14.843320000000006,15.616801768541336
5121,2020-04-21 02:00:00,84.39128,14.885310000000004,15.585389167070389
5122,2020-04-21 03:00:00,84.38198,14.932099999999991,15.77987077832222
5123,2020-04-21 04:00:00,84.37235,14.977599999999995,15.991728410124779
5124,2020-04-21 05:00:00,84.36227,15.017979999999994,15.93334275484085
5125,2020-04-21 06:00:00,84.35192,15.052930000000003,16.312463387846947
5126,2020-04-21 07:00:00,84.34181,15.084159999999997,16.33861067891121
5127,2020-04-21 08:00:00,84.33179,15.113689999999991,16.798316948115826
5128,2020-04-21 09:00:00,84.32162,15.142840000000007,16.942524671554565
5129,2020-04-21 10:00:00,84.3114,15.172850000000011,17.184788540005684
5130,2020-04-21 11:00:00,84.30137,15.204489999999993,17.475658267736435
5131,2020-04-21 12:00:00,84.29164,15.239309999999989,17.117305174469948
5132,2020-04-21 13:00:00,84.28178,15.276759999999996,16.919513523578644
5133,2020-04-21 14:00:00,84.27205,15.316309999999987,16.68923646211624
5134,2020-04-21 15:00:00,84.2626,15.357139999999987,16.056624114513397
5135,2020-04-21 16:00:00,84.25344,15.398470000000003,15.393593579530716
5136,2020-04-21 17:00:00,84.24472,15.44171,14.960416719317436
5137,2020-04-21 18:00:00,84.23562,15.481429999999989,14.869661778211594
5138,2020-04-21 19:00:00,84.22656,15.51388,14.536300271749496
5139,2020-04-21 20:00:00,84.21776,15.537829999999985,14.347012788057327
5140,2020-04-21 21:00:00,84.20915,15.559419999999989,13.883524239063263
5141,2020-04-21 22:00:00,84.20086,15.582729999999998,13.250470370054245
5142,2020-04-21 23:00:00,84.19337,15.60936000000001,12.994562536478043
5143,2020-04-22 00:00:00,84.18652,15.641359999999992,13.798106387257576
5144,2020-04-22 01:00:00,84.18032,15.67761999999999,13.484166592359543
5145,2020-04-22 02:00:00,84.17456,15.71701999999999,13.369377598166466
5146,2020-04-22 03:00:00,84.16867,15.755259999999993,13.236738681793213
5147,2020-04-22 04:00:00,84.16271,15.789170000000013,12.869113624095917
5148,2020-04-22 05:00:00,84.15667,15.819189999999992,12.52421610057354
5149,2020-04-22 06:00:00,84.15071,15.846489999999989,12.120748952031136
5150,2020-04-22 07:00:00,84.14461,15.868369999999999,11.909784480929375
5151,2020-04-22 08:00:00,84.13872,15.885930000000002,11.93113698065281
5152,2020-04-22 09:00:00,84.13351,15.898320000000012,11.818041682243347
5153,2020-04-22 10:00:00,84.12861,15.909840000000003,11.59931418299675
5154,2020-04-22 11:00:00,84.12404,15.923010000000005,11.259462766349316
5155,2020-04-22 12:00:00,84.11992,15.940300000000008,10.990055605769157
5156,2020-04-22 13:00:00,84.1161,15.961970000000008,10.519121780991554
5157,2020-04-22 14:00:00,84.1125,15.983560000000011,9.958923503756523
5158,2020-04-22 15:00:00,84.10901,16.003719999999987,9.464912243187428
5159,2020-04-22 16:00:00,84.10549,16.019299999999987,9.047505855560303
5160,2020-04-22 17:00:00,84.10205,16.031419999999997,8.63376598060131
5161,2020-04-22 18:00:00,84.09912,16.037299999999988,8.242446839809418
5162,2020-04-22 19:00:00,84.09671,16.038630000000012,7.76679065823555
5163,2020-04-22 20:00:00,84.09433,16.037779999999998,7.360011532902718
5164,2020-04-22 21:00:00,84.09221,16.034850000000006,7.001008301973343
5165,2020-04-22 22:00:00,84.09039,16.031180000000006,6.68247589468956
5166,2020-04-22 23:00:00,84.08883,16.02937,6.429340690374374
5167,2020-04-23 00:00:00,84.08746,16.029719999999998,6.215997651219368
5168,2020-04-23 01:00:00,84.08621,16.033889999999985,5.949598431587219
5169,2020-04-23 02:00:00,84.08508,16.04041000000001,5.667690098285675
5170,2020-04-23 03:00:00,84.08382,16.047950000000014,5.406948879361153
5171,2020-04-23 04:00:00,84.08252,16.055560000000014,5.2448892295360565
5172,2020-04-23 05:00:00,84.0811,16.06143,5.208791002631187
5173,2020-04-23 06:00:00,84.07956,16.06366,5.283103838562965
5174,2020-04-23 07:00:00,84.07817,16.061970000000002,5.322331801056862
5175,2020-04-23 08:00:00,84.07697,16.056579999999997,5.297988772392273
5176,2020-04-23 09:00:00,84.07571,16.047770000000014,5.225498408079147
5177,2020-04-23 10:00:00,84.07446,16.03909999999999,4.960188537836075
5178,2020-04-23 11:00:00,84.07334,16.03289000000001,4.78033883869648
5179,2020-04-23 12:00:00,84.07238,16.029470000000003,4.618923932313919
5180,2020-04-23 13:00:00,84.0715,16.027950000000004,4.482955977320671
5181,2020-04-23 14:00:00,84.07096,16.030069999999995,4.353153094649315
5182,2020-04-23 15:00:00,84.07055,16.033449999999988,4.2570062056183815
5183,2020-04-23 16:00:00,84.07021,16.03564,4.208244666457176
5184,2020-04-23 17:00:00,84.06973,16.036450000000002,4.221465855836868
5185,2020-04-23 18:00:00,84.06897,16.03451000000001,4.298215538263321
5186,2020-04-23 19:00:00,84.06803,16.029120000000006,4.384983167052269
5187,2020-04-23 20:00:00,84.06704,16.019949999999994,4.442414775490761
5188,2020-04-23 21:00:00,84.06604,16.008640000000014,4.48739030957222
5189,2020-04-23 22:00:00,84.06504,15.99763999999999,4.446532309055328
5190,2020-04-23 23:00:00,84.06414,15.987729999999999,4.395170450210571
5191,2020-04-24 00:00:00,84.0634,15.981040000000007,4.438109055161476
5192,2020-04-24 01:00:00,84.06292,15.978090000000009,4.5311693251132965
5193,2020-04-24 02:00:00,84.0627,15.978340000000003,4.728568434715271
5194,2020-04-24 03:00:00,84.06268,15.981099999999998,4.887271821498871
5195,2020-04-24 04:00:00,84.06272,15.983720000000005,4.947637051343918
5196,2020-04-24 05:00:00,84.06263,15.985700000000008,5.0837800949811935
5197,2020-04-24 06:00:00,84.06223,15.983010000000007,5.223658517003059
5198,2020-04-24 07:00:00,84.06122,15.974739999999997,5.369287237524986
5199,2020-04-24 08:00:00,84.05988,15.961510000000004,5.55452049523592
5200,2020-04-24 09:00:00,84.05845,15.945300000000003,5.6728998720645905
5201,2020-04-24 10:00:00,84.05669,15.927359999999993,5.788754627108574
5202,2020-04-24 11:00:00,84.0549,15.910830000000004,5.894609659910202
5203,2020-04-24 12:00:00,84.05303,15.897429999999986,6.083658382296562
5204,2020-04-24 13:00:00,84.05116,15.885559999999998,6.249561131000519
5205,2020-04-24 14:00:00,84.04944,15.876640000000009,6.330884277820587
5206,2020-04-24 15:00:00,84.04799,15.869949999999989,6.334333151578903
5207,2020-04-24 16:00:00,84.04672,15.862169999999992,6.3919724971055984
5208,2020-04-24 17:00:00,84.04552,15.85551000000001,6.3688062727451324
5209,2020-04-24 18:00:00,84.04399,15.845699999999994,6.216137930750847
5210,2020-04-24 19:00:00,84.04214,15.83232000000001,6.265917286276817
5211,2020-04-24 20:00:00,84.04049,15.816190000000006,6.333841115236282
5212,2020-04-24 21:00:00,84.03878,15.797329999999988,6.3565893471241
5213,2020-04-24 22:00:00,84.037,15.776790000000005,6.243241652846336
5214,2020-04-24 23:00:00,84.03516,15.756969999999995,6.123630255460739
5215,2020-04-25 00:00:00,84.03334,15.737899999999996,6.147493585944176
5216,2020-04-25 01:00:00,84.03163,15.719369999999998,6.152290299534798
5217,2020-04-25 02:00:00,84.03007,15.703010000000006,6.18804894387722
5218,2020-04-25 03:00:00,84.0286,15.689629999999994,6.254690691828728
5219,2020-04-25 04:00:00,84.02691,15.679419999999993,6.130241274833679
5220,2020-04-25 05:00:00,84.025,15.671179999999993,6.1739025712013245
5221,2020-04-25 06:00:00,84.0228,15.662329999999997,6.153897315263748
5222,2020-04-25 07:00:00,84.02011,15.65245999999999,6.177147328853607
5223,2020-04-25 08:00:00,84.01683,15.641099999999994,6.109849199652672
5224,2020-04-25 09:00:00,84.013,15.62818999999999,6.142545253038406
5225,2020-04-25 10:00:00,84.00885,15.614480000000015,6.124383360147476
5226,2020-04-25 11:00:00,84.00454,15.599529999999987,6.1305932849645615
5227,2020-04-25 12:00:00,84.00022,15.589079999999996,6.171454921364784
5228,2020-04-25 13:00:00,83.99592,15.581330000000008,6.2832551300525665
5229,2020-04-25 14:00:00,83.99166,15.575739999999996,6.492203310132027
5230,2020-04-25 15:00:00,83.98767,15.573229999999995,6.607490420341492
5231,2020-04-25 16:00:00,83.98387,15.571560000000005,6.834656327962875
5232,2020-04-25 17:00:00,83.98022,15.569709999999986,6.9288040548563
5233,2020-04-25 18:00:00,83.97676,15.56608,6.880025491118431
5234,2020-04-25 19:00:00,83.97344,15.560840000000013,6.896541342139244
5235,2020-04-25 20:00:00,83.97001,15.554030000000012,7.054677829146385
5236,2020-04-25 21:00:00,83.96648,15.54441,7.257252782583237
5237,2020-04-25 22:00:00,83.96288,15.533469999999994,7.550058349967003
5238,2020-04-25 23:00:00,83.95945,15.52185,7.808968007564545
5239,2020-04-26 00:00:00,83.95628,15.512139999999988,8.130894973874092
5240,2020-04-26 01:00:00,83.9535,15.506499999999988,8.242704331874847
5241,2020-04-26 02:00:00,83.95094,15.503269999999986,8.199450612068176
5242,2020-04-26 03:00:00,83.94863,15.50582,8.032588109374046
5243,2020-04-26 04:00:00,83.94634,15.509039999999999,7.747878611087799
5244,2020-04-26 05:00:00,83.94403,15.513229999999993,7.494786337018013
5245,2020-04-26 06:00:00,83.94149,15.515449999999987,7.461676314473152
5246,2020-04-26 07:00:00,83.93946,15.518489999999986,7.003466948866844
5247,2020-04-26 08:00:00,83.93691,15.518759999999986,6.479371294379234
5248,2020-04-26 09:00:00,83.93437,15.51758000000001,6.14867989718914
5249,2020-04-26 10:00:00,83.93159,15.51500999999999,5.994353383779526
5250,2020-04-26 11:00:00,83.92876,15.51128,5.83442597091198
5251,2020-04-26 12:00:00,83.92605,15.50797,5.477992445230484
5252,2020-04-26 13:00:00,83.9236,15.506319999999988,5.165704049170017
5253,2020-04-26 14:00:00,83.92156,15.507090000000005,4.925385013222694
5254,2020-04-26 15:00:00,83.91992,15.510220000000004,4.697760716080666
5255,2020-04-26 16:00:00,83.91865,15.514790000000005,4.384993493556976
5256,2020-04-26 17:00:00,83.91776,15.520190000000014,4.042705565690994
5257,2020-04-26 18:00:00,83.91704,15.525290000000012,3.7903775572776794
5258,2020-04-26 19:00:00,83.91643,15.529599999999988,3.700957790017128
5259,2020-04-26 20:00:00,83.91588,15.533350000000013,3.474852278828621
5260,2020-04-26 21:00:00,83.91525,15.535680000000013,3.1136101484298706
5261,2020-04-26 22:00:00,83.91453,15.536830000000009,2.791707679629326
5262,2020-04-26 23:00:00,83.91395,15.53737000000001,2.524354189634323
5263,2020-04-27 00:00:00,83.91362,15.539590000000004,2.584850326180458
5264,2020-04-27 01:00:00,83.91341,15.542190000000005,2.822750151157379
5265,2020-04-27 02:00:00,83.91345,15.547920000000005,2.967496559023857
5266,2020-04-27 03:00:00,83.91437,15.561270000000007,3.159330874681473
5267,2020-04-27 04:00:00,83.91595,15.575040000000001,3.468592643737793
5268,2020-04-27 05:00:00,83.91788,15.589699999999993,3.6878372132778168
5269,2020-04-27 06:00:00,83.9198,15.604089999999985,3.9679048731923103
5270,2020-04-27 07:00:00,83.92206,15.617829999999998,4.446192890405655
5271,2020-04-27 08:00:00,83.92431,15.628209999999996,5.020786255598068
5272,2020-04-27 09:00:00,83.92653,15.633610000000004,5.67034587264061
5273,2020-04-27 10:00:00,83.92868,15.63422,6.144091844558716
5274,2020-04-27 11:00:00,83.93093,15.632059999999996,6.332710534334183
5275,2020-04-27 12:00:00,83.93358,15.634350000000012,6.496142715215683
5276,2020-04-27 13:00:00,83.93647,15.64309,6.768792659044266
5277,2020-04-27 14:00:00,83.94007,15.655429999999996,7.0913547575473785
5278,2020-04-27 15:00:00,83.94407,15.671840000000003,7.404617354273796
5279,2020-04-27 16:00:00,83.94837,15.695969999999988,7.889332696795464
5280,2020-04-27 17:00:00,83.95271,15.720799999999997,8.372207969427109
5281,2020-04-27 18:00:00,83.95689,15.744100000000003,8.733250230550766
5282,2020-04-27 19:00:00,83.96097,15.765989999999988,8.638951912522316
5283,2020-04-27 20:00:00,83.9658,15.792149999999992,8.57332156598568
5284,2020-04-27 21:00:00,83.97072,15.820570000000004,8.933637157082558
5285,2020-04-27 22:00:00,83.97554,15.854700000000008,9.149626791477203
5286,2020-04-27 23:00:00,83.98032,15.889119999999991,9.241422563791275
5287,2020-04-28 00:00:00,83.98524,15.926860000000005,9.525566816329956
5288,2020-04-28 01:00:00,83.99021,15.96878000000001,9.933972790837288
5289,2020-04-28 02:00:00,83.99531,16.01391000000001,10.132599011063576
5290,2020-04-28 03:00:00,84.00044,16.062399999999997,10.504323840141296
5291,2020-04-28 04:00:00,84.00517,16.11339000000001,10.772122710943222
5292,2020-04-28 05:00:00,84.00969,16.165750000000003,10.95125088095665
5293,2020-04-28 06:00:00,84.01414,16.216939999999994,11.423493057489395
5294,2020-04-28 07:00:00,84.0185,16.268489999999986,11.956357315182686
5295,2020-04-28 08:00:00,84.02283,16.31808000000001,12.359754905104637
5296,2020-04-28 09:00:00,84.02697,16.366060000000004,12.318723648786545
5297,2020-04-28 10:00:00,84.0305,16.416390000000007,11.680495038628578
5298,2020-04-28 11:00:00,84.03369,16.464380000000006,11.00206808745861
5299,2020-04-28 12:00:00,84.03635,16.511860000000013,10.304622605443
5300,2020-04-28 13:00:00,84.03835,16.562180000000012,9.993327111005783
5301,2020-04-28 14:00:00,84.03999,16.61251999999999,10.095335721969604
5302,2020-04-28 15:00:00,84.04111,16.662589999999994,9.905796259641647
5303,2020-04-28 16:00:00,84.04182,16.713750000000005,9.621743530035019
5304,2020-04-28 17:00:00,84.04211,16.76635999999999,9.019923880696297
5305,2020-04-28 18:00:00,84.04187,16.81953999999999,8.593800604343414
5306,2020-04-28 19:00:00,84.04133,16.870119999999986,7.996733754873276
5307,2020-04-28 20:00:00,84.04063,16.915989999999994,7.441607311367989
5308,2020-04-28 21:00:00,84.03962,16.956189999999992,7.186929225921631
5309,2020-04-28 22:00:00,84.03839,16.98939999999999,6.614160120487213
5310,2020-04-28 23:00:00,84.03704,17.015860000000004,6.033113807439804
5311,2020-04-29 00:00:00,84.03566,17.038340000000005,5.670643374323845
5312,2020-04-29 01:00:00,84.03448,17.06065000000001,5.7224050015211105
5313,2020-04-29 02:00:00,84.03329,17.084299999999985,5.663861811161041
5314,2020-04-29 03:00:00,84.03195,17.10508999999999,5.608205050230026
5315,2020-04-29 04:00:00,84.03068,17.127469999999988,5.450028285384178
5316,2020-04-29 05:00:00,84.02943,17.15548000000001,5.198288753628731
5317,2020-04-29 06:00:00,84.02797,17.18356,5.00107154250145
5318,2020-04-29 07:00:00,84.02618,17.207850000000008,4.644922167062759
5319,2020-04-29 08:00:00,84.0238,17.227810000000005,4.634523794054985
5320,2020-04-29 09:00:00,84.02092,17.239660000000015,5.28897388279438
5321,2020-04-29 10:00:00,84.01743,17.24432999999999,6.127068758010864
5322,2020-04-29 11:00:00,84.01342,17.243210000000005,6.7126395255327225
5323,2020-04-29 12:00:00,84.00871,17.241060000000004,7.244734197854996
5324,2020-04-29 13:00:00,84.00355,17.234910000000013,7.653104946017265
5325,2020-04-29 14:00:00,83.99842,17.22407000000001,7.762304499745369
5326,2020-04-29 15:00:00,83.9934,17.214409999999987,7.75674294680357
5327,2020-04-29 16:00:00,83.98906,17.207870000000014,7.71949265897274
5328,2020-04-29 17:00:00,83.98499,17.209519999999998,7.496557682752609
5329,2020-04-29 18:00:00,83.98083,17.221149999999994,7.221806019544601
5330,2020-04-29 19:00:00,83.97663,17.236009999999993,7.621097594499588
5331,2020-04-29 20:00:00,83.9726,17.24942999999999,7.761996150016785
5332,2020-04-29 21:00:00,83.96906,17.261200000000002,7.872796922922134
5333,2020-04-29 22:00:00,83.96578,17.27458999999999,8.033721566200256
5334,2020-04-29 23:00:00,83.96233,17.287720000000007,8.137139648199081
5335,2020-04-30 00:00:00,83.95894,17.298689999999993,8.194849491119385
5336,2020-04-30 01:00:00,83.9558,17.308750000000003,8.186322540044785
5337,2020-04-30 02:00:00,83.95284,17.319590000000005,7.990333586931229
5338,2020-04-30 03:00:00,83.95014,17.329710000000006,7.619076818227768
5339,2020-04-30 04:00:00,83.94775,17.342700000000008,7.588035687804222
5340,2020-04-30 05:00:00,83.94577,17.35781,7.924309939146042
5341,2020-04-30 06:00:00,83.94403,17.375319999999988,8.378764107823372
5342,2020-04-30 07:00:00,83.94221,17.395970000000005,8.728422567248344
5343,2020-04-30 08:00:00,83.94042,17.41637,9.171167865395546
5344,2020-04-30 09:00:00,83.93859,17.436890000000005,9.69233125448227
5345,2020-04-30 10:00:00,83.93672,17.456829999999997,10.111670285463333
5346,2020-04-30 11:00:00,83.93477,17.474860000000007,10.354596495628357
5347,2020-04-30 12:00:00,83.93272,17.49072000000001,9.941422134637833
5348,2020-04-30 13:00:00,83.93071,17.502909999999986,8.738048315048218
5349,2020-04-30 14:00:00,83.92873,17.512040000000013,6.969308868050575
5350,2020-04-30 15:00:00,83.92683,17.520550000000014,6.5512624233961105
5351,2020-04-30 16:00:00,83.92509,17.53092000000001,6.668122380971909
5352,2020-04-30 17:00:00,83.92362,17.543270000000007,6.32696245610714
5353,2020-04-30 18:00:00,83.92232,17.557299999999998,6.006396770477295
5354,2020-04-30 19:00:00,83.92123,17.574430000000007,5.356503337621689
5355,2020-04-30 20:00:00,83.92011,17.590210000000013,4.807821661233902
5356,2020-04-30 21:00:00,83.91901,17.603280000000012,4.829106032848358
5357,2020-04-30 22:00:00,83.918,17.613740000000007,4.646450877189636
5358,2020-04-30 23:00:00,83.91708,17.62174999999999,4.079630941152573
5359,2020-05-01 00:00:00,83.91639,17.627819999999986,3.5899695456027985
5360,2020-05-01 01:00:00,83.91581,17.632530000000003,3.3992436230182648
5361,2020-05-01 02:00:00,83.91542,17.637040000000013,3.320036232471466
5362,2020-05-01 03:00:00,83.9152,17.641909999999996,3.238278567790985
5363,2020-05-01 04:00:00,83.91528,17.64783,3.227288633584976
5364,2020-05-01 05:00:00,83.91545,17.65491,3.2924340069293976
5365,2020-05-01 06:00:00,83.91583,17.663129999999995,3.4274519979953766
5366,2020-05-01 07:00:00,83.9165,17.672059999999988,3.544767826795578
5367,2020-05-01 08:00:00,83.91731,17.681899999999985,3.7754606902599335
5368,2020-05-01 09:00:00,83.91804,17.68880999999999,4.349228143692017
5369,2020-05-01 10:00:00,83.9188,17.69229999999999,4.938979342579842
5370,2020-05-01 11:00:00,83.91954,17.69081,5.448107406497002
5371,2020-05-01 12:00:00,83.9201,17.682600000000008,5.532583653926849
5372,2020-05-01 13:00:00,83.92087,17.67007000000001,5.455371797084808
5373,2020-05-01 14:00:00,83.92146,17.654240000000016,5.407470166683197
5374,2020-05-01 15:00:00,83.92212,17.63673,5.511253476142883
5375,2020-05-01 16:00:00,83.92257,17.624040000000008,5.712581232190132
5376,2020-05-01 17:00:00,83.92269,17.61703,5.849779099225998
5377,2020-05-01 18:00:00,83.92234,17.614229999999992,5.978085398674011
5378,2020-05-01 19:00:00,83.92156,17.613529999999997,5.845271736383438
5379,2020-05-01 20:00:00,83.92053,17.61151000000001,5.378959119319916
5380,2020-05-01 21:00:00,83.91942,17.607380000000006,4.876384764909744
5381,2020-05-01 22:00:00,83.91858,17.602779999999996,4.527515962719917
5382,2020-05-01 23:00:00,83.91786,17.59620000000001,4.187434822320938
5383,2020-05-02 00:00:00,83.9173,17.587819999999994,3.786448121070862
5384,2020-05-02 01:00:00,83.91677,17.57876999999999,3.4149913787841797
5385,2020-05-02 02:00:00,83.91642,17.57095000000001,3.24837189912796
5386,2020-05-02 03:00:00,83.91587,17.56396000000001,3.249148041009903
5387,2020-05-02 04:00:00,83.91487,17.558279999999996,3.1935920268297195
5388,2020-05-02 05:00:00,83.91358,17.55583999999999,3.0514964163303375
5389,2020-05-02 06:00:00,83.91212,17.556309999999996,2.7984311282634735
5390,2020-05-02 07:00:00,83.91057,17.558750000000003,2.652553230524063
5391,2020-05-02 08:00:00,83.90896,17.561980000000005,2.740149900317192
5392,2020-05-02 09:00:00,83.90733,17.56501,3.2029702812433243
5393,2020-05-02 10:00:00,83.90573,17.567350000000005,4.26864792406559
5394,2020-05-02 11:00:00,83.9042,17.56877,5.443478688597679
5395,2020-05-02 12:00:00,83.90273,17.569709999999986,6.144109949469566
5396,2020-05-02 13:00:00,83.90124,17.570179999999993,6.288134515285492
5397,2020-05-02 14:00:00,83.89989,17.569790000000012,6.119155466556549
5398,2020-05-02 15:00:00,83.89847,17.57204999999999,6.021146297454834
5399,2020-05-02 16:00:00,83.89711,17.57566,6.069022685289383
5400,2020-05-02 17:00:00,83.89558,17.57999000000001,5.987519159913063
5401,2020-05-02 18:00:00,83.89405,17.586060000000003,5.753889188170433
5402,2020-05-02 19:00:00,83.89236,17.597370000000012,5.64742648601532
5403,2020-05-02 20:00:00,83.89058,17.611379999999997,5.689769625663757
5404,2020-05-02 21:00:00,83.88907,17.625249999999994,5.650288969278336
5405,2020-05-02 22:00:00,83.8878,17.64009999999999,5.643303066492081
5406,2020-05-02 23:00:00,83.88686,17.655910000000006,5.769324064254761
5407,2020-05-03 00:00:00,83.88631,17.67201,5.910957679152489
5408,2020-05-03 01:00:00,83.88591,17.68893,6.261705011129379
5409,2020-05-03 02:00:00,83.88559,17.705070000000006,6.502906501293182
5410,2020-05-03 03:00:00,83.88458,17.716880000000003,6.497597366571426
5411,2020-05-03 04:00:00,83.88383,17.73053999999999,6.545525819063187
5412,2020-05-03 05:00:00,83.88396,17.74817999999999,6.6277995854616165
5413,2020-05-03 06:00:00,83.88402,17.767390000000006,6.624822318553925
5414,2020-05-03 07:00:00,83.88396,17.78909999999999,6.680635944008827
5415,2020-05-03 08:00:00,83.88381,17.81264999999999,6.6933776289224625
5416,2020-05-03 09:00:00,83.8838,17.84011000000001,6.652734011411667
5417,2020-05-03 10:00:00,83.88403,17.871880000000004,6.704008415341377
5418,2020-05-03 11:00:00,83.88457,17.906319999999994,6.576626822352409
5419,2020-05-03 12:00:00,83.88526,17.942139999999995,6.462619915604591
5420,2020-05-03 13:00:00,83.88585,17.976789999999994,6.366445109248161
5421,2020-05-03 14:00:00,83.88628,18.00899000000001,6.178410813212395
5422,2020-05-03 15:00:00,83.88668,18.037149999999997,5.886414095759392
5423,2020-05-03 16:00:00,83.88705,18.062549999999987,5.48411400616169
5424,2020-05-03 17:00:00,83.88725,18.084550000000007,5.098714038729668
5425,2020-05-03 18:00:00,83.88734,18.10479000000001,4.799608483910561
5426,2020-05-03 19:00:00,83.88727,18.123879999999986,4.580059543251991
5427,2020-05-03 20:00:00,83.88719,18.142959999999988,4.3866372257471085
5428,2020-05-03 21:00:00,83.88716,18.162890000000004,4.218378484249115
5429,2020-05-03 22:00:00,83.88723,18.183789999999988,4.104327037930489
5430,2020-05-03 23:00:00,83.88745,18.20474999999999,4.0523863434791565
5431,2020-05-04 00:00:00,83.88782,18.22484,3.9499961137771606
5432,2020-05-04 01:00:00,83.8884,18.243330000000014,3.6647606045007706
5433,2020-05-04 02:00:00,83.88928,18.260099999999994,3.23288694024086
5434,2020-05-04 03:00:00,83.89047,18.27501000000001,3.0305548310279846
5435,2020-05-04 04:00:00,83.89179,18.28698,3.2833342105150223
5436,2020-05-04 05:00:00,83.8932,18.296879999999987,3.8126112669706345
5437,2020-05-04 06:00:00,83.89466,18.30476999999999,4.034861661493778
5438,2020-05-04 07:00:00,83.89623,18.31183999999999,4.455307438969612
5439,2020-05-04 08:00:00,83.89792,18.318240000000003,5.135414227843285
5440,2020-05-04 09:00:00,83.8998,18.32517999999999,5.469166919589043
5441,2020-05-04 10:00:00,83.90191,18.33287999999999,5.589708164334297
5442,2020-05-04 11:00:00,83.90411,18.340689999999995,5.594356328248978
5443,2020-05-04 12:00:00,83.90635,18.34783999999999,5.583260387182236
5444,2020-05-04 13:00:00,83.90857,18.35315,5.505368337035179
5445,2020-05-04 14:00:00,83.91061,18.35408000000001,5.414000749588013
5446,2020-05-04 15:00:00,83.91269,18.351049999999987,5.210455223917961
5447,2020-05-04 16:00:00,83.91456,18.345100000000002,4.958476305007935
5448,2020-05-04 17:00:00,83.91619,18.336690000000004,4.643036171793938
5449,2020-05-04 18:00:00,83.9177,18.326210000000003,4.5545168817043304
5450,2020-05-04 19:00:00,83.91876,18.315179999999998,4.357174247503281
5451,2020-05-04 20:00:00,83.9195,18.30539999999999,4.414166688919067
5452,2020-05-04 21:00:00,83.92018,18.297239999999988,4.409371003508568
5453,2020-05-04 22:00:00,83.92055,18.29307,4.429372251033783
5454,2020-05-04 23:00:00,83.92079,18.289410000000004,4.383066952228546
5455,2020-05-05 00:00:00,83.92113,18.286249999999995,4.342260003089905
5456,2020-05-05 01:00:00,83.92157,18.28128000000001,4.14361147582531
5457,2020-05-05 02:00:00,83.92204,18.274310000000014,4.028008043766022
5458,2020-05-05 03:00:00,83.92242,18.265440000000012,4.192859455943108
5459,2020-05-05 04:00:00,83.92283,18.25202999999999,4.7799637615680695
5460,2020-05-05 05:00:00,83.92322,18.234409999999997,4.89348629117012
5461,2020-05-05 06:00:00,83.92351,18.214889999999997,4.881035476922989
5462,2020-05-05 07:00:00,83.92367,18.19514000000001,4.767176598310471
5463,2020-05-05 08:00:00,83.92366,18.17643000000001,4.673081398010254
5464,2020-05-05 09:00:00,83.92364,18.15458000000001,4.666059270501137
5465,2020-05-05 10:00:00,83.92328,18.13452000000001,4.688070669770241
5466,2020-05-05 11:00:00,83.92252,18.11464000000001,4.756084568798542
5467,2020-05-05 12:00:00,83.92157,18.09907000000001,4.7596864849328995
5468,2020-05-05 13:00:00,83.9205,18.083730000000003,4.720029756426811
5469,2020-05-05 14:00:00,83.91933,18.066730000000007,4.578364685177803
5470,2020-05-05 15:00:00,83.91817,18.047979999999995,4.4049780666828156
5471,2020-05-05 16:00:00,83.91702,18.02636000000001,4.288373649120331
5472,2020-05-05 17:00:00,83.91601,18.00184999999999,4.261612609028816
5473,2020-05-05 18:00:00,83.91515,17.975689999999986,4.250483274459839
5474,2020-05-05 19:00:00,83.91433,17.94971000000001,4.19471549987793
5475,2020-05-05 20:00:00,83.91348,17.926080000000013,4.103264570236206
5476,2020-05-05 21:00:00,83.91256,17.90565000000001,3.94425305724144
5477,2020-05-05 22:00:00,83.91182,17.887910000000005,3.777769058942795
5478,2020-05-05 23:00:00,83.91108,17.874959999999987,3.428321197628975
5479,2020-05-06 00:00:00,83.91029,17.86518000000001,3.281048357486725
5480,2020-05-06 01:00:00,83.90948,17.856300000000005,3.033820927143097
5481,2020-05-06 02:00:00,83.90873,17.84630999999999,2.782746911048889
5482,2020-05-06 03:00:00,83.90833,17.83536000000001,2.827832132577896
5483,2020-05-06 04:00:00,83.9088,17.823309999999992,3.0151397436857224
5484,2020-05-06 05:00:00,83.90975,17.80805000000001,3.1048443615436554
5485,2020-05-06 06:00:00,83.91093,17.788939999999997,3.2615960985422134
5486,2020-05-06 07:00:00,83.91249,17.76988,3.624246284365654
5487,2020-05-06 08:00:00,83.91434,17.750339999999994,3.866716355085373
5488,2020-05-06 09:00:00,83.91646,17.731279999999998,3.9717439264059067
5489,2020-05-06 10:00:00,83.91829,17.71208999999999,4.006302461028099
5490,2020-05-06 11:00:00,83.91939,17.695490000000007,4.096792936325073
5491,2020-05-06 12:00:00,83.92085,17.679609999999997,4.280594676733017
5492,2020-05-06 13:00:00,83.92235,17.663029999999992,4.394136279821396
5493,2020-05-06 14:00:00,83.92385,17.644659999999988,4.512961328029633
5494,2020-05-06 15:00:00,83.92567,17.62353999999999,4.643121987581253
5495,2020-05-06 16:00:00,83.92782,17.59727000000001,4.3532602190971375
5496,2020-05-06 17:00:00,83.93022,17.567450000000008,4.262149661779404
5497,2020-05-06 18:00:00,83.93245,17.53513000000001,4.5932274758815765
5498,2020-05-06 19:00:00,83.93438,17.50146000000001,4.993634432554245
5499,2020-05-06 20:00:00,83.93596,17.465480000000014,5.440744936466217
5500,2020-05-06 21:00:00,83.93731,17.42756,6.3308045864105225
5501,2020-05-06 22:00:00,83.93836,17.389080000000007,6.965625628829002
5502,2020-05-06 23:00:00,83.93903,17.353859999999997,7.4275504648685455
5503,2020-05-07 00:00:00,83.93927,17.319739999999996,7.8580712378025055
5504,2020-05-07 01:00:00,83.93927,17.283649999999994,8.037124514579773
5505,2020-05-07 02:00:00,83.93901,17.24436,8.197592169046402
5506,2020-05-07 03:00:00,83.93876,17.201519999999988,8.42961785197258
5507,2020-05-07 04:00:00,83.93857,17.154020000000003,8.858180418610573
5508,2020-05-07 05:00:00,83.93837,17.10181,9.217484951019287
5509,2020-05-07 06:00:00,83.93815,17.04495,9.443288058042526
5510,2020-05-07 07:00:00,83.93787,16.9846,9.601006388664246
5511,2020-05-07 08:00:00,83.93743,16.921609999999987,9.904859825968742
5512,2020-05-07 09:00:00,83.93678,16.85766000000001,10.02091071009636
5513,2020-05-07 10:00:00,83.93589,16.79428999999999,10.292503356933594
5514,2020-05-07 11:00:00,83.93473,16.73263,10.6054657548666
5515,2020-05-07 12:00:00,83.93337,16.67132000000001,10.50957328081131
5516,2020-05-07 13:00:00,83.9318,16.610929999999996,10.290746346116066
5517,2020-05-07 14:00:00,83.93024,16.55149,10.38513433933258
5518,2020-05-07 15:00:00,83.92874,16.492019999999997,10.480283990502357
5519,2020-05-07 16:00:00,83.92694,16.432420000000008,10.544799000024796
5520,2020-05-07 17:00:00,83.9249,16.372070000000008,10.613353103399277
5521,2020-05-07 18:00:00,83.92263,16.31071,10.307696729898453
5522,2020-05-07 19:00:00,83.92,16.24879999999999,10.313882023096085
5523,2020-05-07 20:00:00,83.91692,16.18665999999999,10.449034035205841
5524,2020-05-07 21:00:00,83.91354,16.125869999999992,10.613868072628975
5525,2020-05-07 22:00:00,83.90995,16.06787,10.897837519645691
5526,2020-05-07 23:00:00,83.90621,16.012940000000015,11.194718435406685
5527,2020-05-08 00:00:00,83.90242,15.960620000000006,11.101905077695847
5528,2020-05-08 01:00:00,83.89867,15.910020000000003,11.2651846408844
5529,2020-05-08 02:00:00,83.89473,15.859309999999994,11.77151994407177
5530,2020-05-08 03:00:00,83.89059,15.80646999999999,11.852679282426834
5531,2020-05-08 04:00:00,83.88616,15.750940000000014,11.72179502248764
5532,2020-05-08 05:00:00,83.88183,15.69341,11.498873308300972
5533,2020-05-08 06:00:00,83.87729,15.631,11.432383343577385
5534,2020-05-08 07:00:00,83.87259,15.563379999999995,11.31754370033741
5535,2020-05-08 08:00:00,83.86787,15.49287000000001,11.136660531163216
5536,2020-05-08 09:00:00,83.86319,15.420760000000001,10.928773239254951
5537,2020-05-08 10:00:00,83.85882,15.348189999999988,10.971902593970299
5538,2020-05-08 11:00:00,83.85501,15.276769999999999,11.054226875305176
5539,2020-05-08 12:00:00,83.8518,15.205610000000007,10.829499930143356
5540,2020-05-08 13:00:00,83.84891,15.138260000000002,10.621891796588898
5541,2020-05-08 14:00:00,83.84627,15.073039999999992,10.224931836128235
5542,2020-05-08 15:00:00,83.84401,15.00981999999999,9.835147708654404
5543,2020-05-08 16:00:00,83.84191,14.948090000000008,9.956259593367577
5544,2020-05-08 17:00:00,83.83985,14.886130000000009,10.066811546683311
5545,2020-05-08 18:00:00,83.83784,14.823370000000011,10.332871168851852
5546,2020-05-08 19:00:00,83.83555,14.7594,10.442495107650757
5547,2020-05-08 20:00:00,83.833,14.694320000000005,10.28672045469284
5548,2020-05-08 21:00:00,83.83014,14.632460000000009,10.014659091830254
5549,2020-05-08 22:00:00,83.82691,14.573370000000011,9.877486243844032
5550,2020-05-08 23:00:00,83.82339,14.513710000000003,9.785377562046051
5551,2020-05-09 00:00:00,83.81954,14.457539999999995,9.778027385473251
5552,2020-05-09 01:00:00,83.8155,14.407199999999989,9.63753056526184
5553,2020-05-09 02:00:00,83.8114,14.360800000000012,9.56060141324997
5554,2020-05-09 03:00:00,83.80749,14.31620000000001,9.40964561700821
5555,2020-05-09 04:00:00,83.80385,14.272879999999986,9.364753514528275
5556,2020-05-09 05:00:00,83.80027,14.231719999999996,9.329054862260818
5557,2020-05-09 06:00:00,83.7967,14.19292999999999,9.2566487044096
5558,2020-05-09 07:00:00,83.79299,14.151589999999999,9.085356310009956
5559,2020-05-09 08:00:00,83.78906,14.111809999999991,8.864473283290863
5560,2020-05-09 09:00:00,83.78485,14.074340000000007,8.849825620651245
5561,2020-05-09 10:00:00,83.78051,14.037209999999988,8.87728500366211
5562,2020-05-09 11:00:00,83.77574,13.997209999999995,8.977216184139252
5563,2020-05-09 12:00:00,83.77083,13.96681000000001,8.981936886906624
5564,2020-05-09 13:00:00,83.76596,13.943720000000013,9.031362347304821
5565,2020-05-09 14:00:00,83.76125,13.92376999999999,8.952338114380836
5566,2020-05-09 15:00:00,83.75657,13.909909999999996,8.835152313113213
5567,2020-05-09 16:00:00,83.75218,13.895129999999995,8.779623672366142
5568,2020-05-09 17:00:00,83.74796,13.87849,8.69170431792736
5569,2020-05-09 18:00:00,83.74384,13.859379999999987,8.798944622278214
5570,2020-05-09 19:00:00,83.73965,13.83789999999999,8.884758621454239
5571,2020-05-09 20:00:00,83.73516,13.813449999999989,8.834913030266762
5572,2020-05-09 21:00:00,83.73055,13.78603000000001,8.804718524217606
5573,2020-05-09 22:00:00,83.72605,13.757509999999996,8.972635358572006
5574,2020-05-09 23:00:00,83.72166,13.730940000000004,9.103081494569778
5575,2020-05-10 00:00:00,83.71739,13.710460000000012,9.211594104766846
5576,2020-05-10 01:00:00,83.71334,13.693739999999991,9.348182812333107
5577,2020-05-10 02:00:00,83.70944,13.681360000000012,9.529671415686607
5578,2020-05-10 03:00:00,83.70557,13.67152999999999,9.668721944093704
5579,2020-05-10 04:00:00,83.70157,13.660439999999994,9.820456802845001
5580,2020-05-10 05:00:00,83.69775,13.649079999999998,9.957945227622986
5581,2020-05-10 06:00:00,83.69367,13.634359999999987,9.894416227936745
5582,2020-05-10 07:00:00,83.68907,13.61393000000001,9.848189383745193
5583,2020-05-10 08:00:00,83.68389,13.588060000000013,9.901065602898598
5584,2020-05-10 09:00:00,83.67821,13.558670000000006,10.047279171645641
5585,2020-05-10 10:00:00,83.67212,13.52727999999999,10.217397674918175
5586,2020-05-10 11:00:00,83.6657,13.495650000000012,10.46556194126606
5587,2020-05-10 12:00:00,83.65907,13.464589999999987,10.705307453870773
5588,2020-05-10 13:00:00,83.65237,13.43540999999999,10.767343059182167
5589,2020-05-10 14:00:00,83.64557,13.40888000000001,10.816744834184647
5590,2020-05-10 15:00:00,83.63881,13.385580000000004,10.805367760360241
5591,2020-05-10 16:00:00,83.63226,13.36581000000001,10.826024621725082
5592,2020-05-10 17:00:00,83.62587,13.346990000000005,10.960197538137436
5593,2020-05-10 18:00:00,83.61954,13.328039999999987,11.015631258487701
5594,2020-05-10 19:00:00,83.61317,13.307600000000008,10.976119354367256
5595,2020-05-10 20:00:00,83.60673,13.285269999999997,10.864419370889664
5596,2020-05-10 21:00:00,83.60028,13.261359999999996,11.078764453530312
5597,2020-05-10 22:00:00,83.59376,13.236500000000007,11.256094455718994
5598,2020-05-10 23:00:00,83.58715,13.212320000000005,11.34870183467865
5599,2020-05-11 00:00:00,83.58058,13.190049999999985,11.518893152475357
5600,2020-05-11 01:00:00,83.57411,13.17147,11.184616476297379
5601,2020-05-11 02:00:00,83.56775,13.15791999999999,10.850389868021011
5602,2020-05-11 03:00:00,83.56144,13.14994999999999,10.570482462644577
5603,2020-05-11 04:00:00,83.55503,13.146320000000003,10.514117613434792
5604,2020-05-11 05:00:00,83.54848,13.145810000000012,10.75603972375393
5605,2020-05-11 06:00:00,83.54174,13.144990000000007,10.89176906645298
5606,2020-05-11 07:00:00,83.5347,13.143750000000011,11.365681320428848
5607,2020-05-11 08:00:00,83.52738,13.141790000000015,11.501436784863472
5608,2020-05-11 09:00:00,83.5198,13.138080000000002,11.085477009415627
5609,2020-05-11 10:00:00,83.51208,13.131640000000004,11.196301698684692
5610,2020-05-11 11:00:00,83.50439,13.122590000000002,10.633165143430233
5611,2020-05-11 12:00:00,83.49678,13.111979999999988,10.195603892207146
5612,2020-05-11 13:00:00,83.48936,13.102249999999998,9.651053681969643
5613,2020-05-11 14:00:00,83.48215,13.094780000000014,9.008094891905785
5614,2020-05-11 15:00:00,83.47522,13.089859999999987,8.504103027284145
5615,2020-05-11 16:00:00,83.46852,13.085820000000012,8.063207477331161
5616,2020-05-11 17:00:00,83.46226,13.080989999999986,7.498900458216667
5617,2020-05-11 18:00:00,83.45658,13.074000000000012,6.793673992156982
5618,2020-05-11 19:00:00,83.45145,13.064750000000004,6.08372762799263
5619,2020-05-11 20:00:00,83.44679,13.054180000000002,6.187349259853363
5620,2020-05-11 21:00:00,83.44262,13.041230000000013,7.127751648426056
5621,2020-05-11 22:00:00,83.43891,13.026299999999992,7.326365947723389
5622,2020-05-11 23:00:00,83.4356,13.010539999999992,6.668940424919128
5623,2020-05-12 00:00:00,83.43262,12.994769999999988,6.188024997711182
5624,2020-05-12 01:00:00,83.42995,12.98026999999999,5.856201469898224
5625,2020-05-12 02:00:00,83.42749,12.966829999999987,5.027789115905762
5626,2020-05-12 03:00:00,83.42532,12.954119999999989,4.570028737187386
5627,2020-05-12 04:00:00,83.42348,12.942219999999992,4.6458180248737335
5628,2020-05-12 05:00:00,83.42199,12.928290000000004,5.128909468650818
5629,2020-05-12 06:00:00,83.42095,12.910050000000012,5.725729137659073
5630,2020-05-12 07:00:00,83.42038,12.8853,6.452984765172005
5631,2020-05-12 08:00:00,83.42024,12.852910000000008,7.228712469339371
5632,2020-05-12 09:00:00,83.42046,12.813690000000008,8.330905944108963
5633,2020-05-12 10:00:00,83.42135,12.768840000000012,8.601892322301865
5634,2020-05-12 11:00:00,83.42247,12.721129999999988,9.01986762881279
5635,2020-05-12 12:00:00,83.4235,12.673910000000006,9.218653842806816
5636,2020-05-12 13:00:00,83.42372,12.628680000000003,9.582375705242157
5637,2020-05-12 14:00:00,83.4232,12.581410000000005,9.427821427583694
5638,2020-05-12 15:00:00,83.42201,12.532010000000014,9.934629574418068
5639,2020-05-12 16:00:00,83.42008,12.477509999999995,10.938939735293388
5640,2020-05-12 17:00:00,83.41761,12.418710000000004,11.196403309702873
5641,2020-05-12 18:00:00,83.41453,12.350819999999999,12.309196382761002
5642,2020-05-12 19:00:00,83.41067,12.28121999999999,13.799862653017044
5643,2020-05-12 20:00:00,83.40658,12.197030000000012,15.079671114683151
5644,2020-05-12 21:00:00,83.40201,12.108609999999999,16.560885846614838
5645,2020-05-12 22:00:00,83.39732,12.021389999999997,16.79180707037449
5646,2020-05-12 23:00:00,83.39166,11.934449999999998,17.425856456160545
5647,2020-05-13 00:00:00,83.38534,11.833490000000012,18.31106734275818
5648,2020-05-13 01:00:00,83.37974,11.720760000000013,19.074826568365097
5649,2020-05-13 02:00:00,83.37598,11.588169999999991,19.44828461110592
5650,2020-05-13 03:00:00,83.37325,11.45881,19.2531446069479
5651,2020-05-13 04:00:00,83.37161,11.334329999999994,18.803203269839287
5652,2020-05-13 05:00:00,83.37117,11.219330000000014,18.23001416027546
5653,2020-05-13 06:00:00,83.37125,11.110829999999993,17.59505832195282
5654,2020-05-13 07:00:00,83.37148,11.005740000000003,17.016342103481293
5655,2020-05-13 08:00:00,83.37155,10.905110000000008,16.63732959330082
5656,2020-05-13 09:00:00,83.37105,10.810480000000013,15.55588212609291
5657,2020-05-13 10:00:00,83.3706,10.717109999999991,13.644780576229095
5658,2020-05-13 11:00:00,83.37024,10.627749999999992,13.28332556784153
5659,2020-05-13 12:00:00,83.36956,10.5394,12.979090705513954
5660,2020-05-13 13:00:00,83.36863,10.459800000000001,12.939411878585815
5661,2020-05-13 14:00:00,83.36793,10.383350000000007,12.497098103165627
5662,2020-05-13 15:00:00,83.36753,10.315539999999999,12.512436181306839
5663,2020-05-13 16:00:00,83.36732,10.262709999999998,12.454031109809875
5664,2020-05-13 17:00:00,83.36755,10.221910000000008,12.055588126182556
5665,2020-05-13 18:00:00,83.36809,10.191630000000004,11.42205736041069
5666,2020-05-13 19:00:00,83.36885,10.169370000000015,11.275315910577774
5667,2020-05-13 20:00:00,83.37001,10.158940000000001,11.293819203972816
5668,2020-05-13 21:00:00,83.37176,10.145309999999995,11.057671338319778
5669,2020-05-13 22:00:00,83.37401,10.125110000000006,10.419768035411835
5670,2020-05-13 23:00:00,83.37648,10.101030000000009,9.90877315402031
5671,2020-05-14 00:00:00,83.37905,10.07383999999999,9.716445446014404
5672,2020-05-14 01:00:00,83.3812,10.047650000000004,9.54974552989006
5673,2020-05-14 02:00:00,83.38312,10.022050000000007,9.119466960430145
5674,2020-05-14 03:00:00,83.38492,10.000859999999989,8.553359553217888
5675,2020-05-14 04:00:00,83.38676,9.98375999999999,8.064511105418205
5676,2020-05-14 05:00:00,83.38876,9.970940000000013,7.728522956371307
5677,2020-05-14 06:00:00,83.3906,9.959039999999987,7.173477157950401
5678,2020-05-14 07:00:00,83.39206,9.945819999999998,7.035037145018578
5679,2020-05-14 08:00:00,83.39313,9.93189000000001,6.343885958194733
5680,2020-05-14 09:00:00,83.39372,9.917460000000005,5.9046401232481
5681,2020-05-14 10:00:00,83.39376,9.906409999999994,5.231710731983185
5682,2020-05-14 11:00:00,83.39333,9.89527000000001,4.880930081009865
5683,2020-05-14 12:00:00,83.39213,9.883829999999989,4.918612509965897
5684,2020-05-14 13:00:00,83.3912,9.878179999999986,5.76315213739872
5685,2020-05-14 14:00:00,83.3901,9.881290000000007,6.703087598085403
5686,2020-05-14 15:00:00,83.38798,9.875550000000004,7.3509258180856705
5687,2020-05-14 16:00:00,83.38546,9.862560000000002,7.877939596772194
5688,2020-05-14 17:00:00,83.38246,9.846509999999995,7.881470814347267
5689,2020-05-14 18:00:00,83.38009,9.826629999999994,7.784755676984787
5690,2020-05-14 19:00:00,83.37764,9.79531,7.903022468090057
5691,2020-05-14 20:00:00,83.37607,9.776129999999995,7.733251512050629
5692,2020-05-14 21:00:00,83.37477,9.757740000000013,7.856959342956543
5693,2020-05-14 22:00:00,83.374,9.732910000000004,8.049680888652802
5694,2020-05-14 23:00:00,83.37375,9.704430000000002,7.904774397611618
5695,2020-05-15 00:00:00,83.37413,9.672179999999997,7.8916740864515305
5696,2020-05-15 01:00:00,83.37464,9.6447,8.199275374412537
5697,2020-05-15 02:00:00,83.37563,9.617500000000007,8.598988264799118
5698,2020-05-15 03:00:00,83.37704,9.585700000000003,8.913068547844887
5699,2020-05-15 04:00:00,83.37859,9.552390000000003,8.873950123786926
5700,2020-05-15 05:00:00,83.38021,9.519530000000003,8.54821003973484
5701,2020-05-15 06:00:00,83.38182,9.488069999999993,8.20608651638031
5702,2020-05-15 07:00:00,83.38341,9.45854,7.947940960526466
5703,2020-05-15 08:00:00,83.38485,9.429840000000013,7.773273229598999
5704,2020-05-15 09:00:00,83.38624,9.40213,7.723824575543404
5705,2020-05-15 10:00:00,83.38752,9.373879999999986,7.636443927884102
5706,2020-05-15 11:00:00,83.38864,9.344490000000008,7.651001945137978
5707,2020-05-15 12:00:00,83.3896,9.30628999999999,7.653245314955711
5708,2020-05-15 13:00:00,83.3904,9.273799999999994,7.57898123562336
5709,2020-05-15 14:00:00,83.39114,9.242109999999997,7.401300594210625
5710,2020-05-15 15:00:00,83.39182,9.211890000000011,7.316395238041878
5711,2020-05-15 16:00:00,83.39224,9.191110000000009,7.167435452342033
5712,2020-05-15 17:00:00,83.39254,9.164479999999998,6.97577728331089
5713,2020-05-15 18:00:00,83.39279,9.149840000000012,6.980817198753357
5714,2020-05-15 19:00:00,83.39243,9.148959999999988,7.035889685153961
5715,2020-05-15 20:00:00,83.39221,9.145299999999992,7.171804755926132
5716,2020-05-15 21:00:00,83.39251,9.13024999999999,6.955524563789368
5717,2020-05-15 22:00:00,83.39271,9.119900000000001,6.5150177627801895
5718,2020-05-15 23:00:00,83.39256,9.119490000000013,6.063792794942856
5719,2020-05-16 00:00:00,83.39237,9.114210000000014,5.8245523273944855
5720,2020-05-16 01:00:00,83.39224,9.113040000000012,5.71483439207077
5721,2020-05-16 02:00:00,83.39222,9.112449999999995,5.526650294661522
5722,2020-05-16 03:00:00,83.39218,9.111969999999985,5.114042192697525
5723,2020-05-16 04:00:00,83.39224,9.11166,4.585155427455902
5724,2020-05-16 05:00:00,83.3922,9.11151000000001,4.369145780801773
5725,2020-05-16 06:00:00,83.39215,9.111549999999994,4.335549525916576
5726,2020-05-16 07:00:00,83.39211,9.111639999999994,4.178278483450413
5727,2020-05-16 08:00:00,83.39208,9.111739999999998,3.8748562186956406
5728,2020-05-16 09:00:00,83.39205,9.111760000000004,3.491585150361061
5729,2020-05-16 10:00:00,83.39194,9.109499999999997,3.067530080676079
5730,2020-05-16 11:00:00,83.39178,9.111529999999988,3.157189264893532
5731,2020-05-16 12:00:00,83.39152,9.111430000000013,3.489814355969429
5732,2020-05-16 13:00:00,83.39118,9.110839999999996,3.699063256382942
5733,2020-05-16 14:00:00,83.39071,9.109839999999991,3.666955903172493
5734,2020-05-16 15:00:00,83.39014,9.108329999999995,3.468389093875885
5735,2020-05-16 16:00:00,83.38951,9.107110000000006,3.1992214024066925
5736,2020-05-16 17:00:00,83.38888,9.106410000000011,2.8556049168109894
5737,2020-05-16 18:00:00,83.38833,9.106680000000011,2.5485536754131317
5738,2020-05-16 19:00:00,83.38782,9.107169999999996,2.586550772190094
5739,2020-05-16 20:00:00,83.38735,9.107460000000003,2.749930828809738
5740,2020-05-16 21:00:00,83.38702,9.09826000000001,2.8762747794389725
5741,2020-05-16 22:00:00,83.38736,9.083529999999996,2.964981585741043
5742,2020-05-16 23:00:00,83.3872,9.061759999999992,2.971001088619232
5743,2020-05-17 00:00:00,83.38698,9.06098,2.8223246186971664
5744,2020-05-17 01:00:00,83.38677,9.060129999999987,2.6823786944150925
5745,2020-05-17 02:00:00,83.38648,9.059419999999989,2.5149764120578766
5746,2020-05-17 03:00:00,83.38613,9.05850000000001,2.5579961985349655
5747,2020-05-17 04:00:00,83.38564,9.05677,2.565128892660141
5748,2020-05-17 05:00:00,83.38461,9.048550000000006,2.445565328001976
5749,2020-05-17 06:00:00,83.38498,9.055820000000011,2.4010346829891205
5750,2020-05-17 07:00:00,83.38418,9.04840999999999,2.5412024706602097
5751,2020-05-17 08:00:00,83.38252,9.041249999999991,2.837343007326126
5752,2020-05-17 09:00:00,83.38191,9.03958,3.172307476401329
5753,2020-05-17 10:00:00,83.37315,9.025350000000003,3.5606717467308044
5754,2020-05-17 11:00:00,83.37226,9.02161000000001,3.7800434082746506
5755,2020-05-17 12:00:00,83.37054,9.012229999999988,3.8555982410907745
5756,2020-05-17 13:00:00,83.3689,9.006849999999986,3.7984799444675446
5757,2020-05-17 14:00:00,83.36132,9.09926999999999,3.4781168699264526
5758,2020-05-17 15:00:00,83.35608,9.133759999999995,3.141286790370941
5759,2020-05-17 16:00:00,83.34615,9.083619999999996,2.9324340522289276
5760,2020-05-17 17:00:00,83.34389,9.04262,2.779831349849701
5761,2020-05-17 18:00:00,83.34278,9.035300000000007,2.4852795749902725
5762,2020-05-17 19:00:00,83.34387,8.995479999999986,2.5316994190216064
5763,2020-05-17 20:00:00,83.34387,8.96884,2.7495003938674927
5764,2020-05-17 21:00:00,83.34408,8.924059999999997,3.067943274974823
5765,2020-05-17 22:00:00,83.35239,8.82086000000001,3.3183275014162064
5766,2020-05-17 23:00:00,83.35213,8.805509999999998,3.5091602355241776
5767,2020-05-18 00:00:00,83.35066,8.798310000000015,3.6581935584545135
5768,2020-05-18 01:00:00,83.34892,8.789549999999991,3.8648985624313354
5769,2020-05-18 02:00:00,83.34771,8.780300000000011,3.925573632121086
5770,2020-05-18 03:00:00,83.34664,8.769939999999991,3.9288230240345
5771,2020-05-18 04:00:00,83.34509,8.766230000000007,4.36975821852684
5772,2020-05-18 05:00:00,83.34345,8.757959999999997,4.789720997214317
5773,2020-05-18 06:00:00,83.3422,8.748289999999997,4.773830279707909
5774,2020-05-18 07:00:00,83.33798,8.698119999999989,4.663664847612381
5775,2020-05-18 08:00:00,83.33421,8.686669999999992,4.716654345393181
5776,2020-05-18 09:00:00,83.33197,8.68589,4.903390660881996
5777,2020-05-18 10:00:00,83.32959,8.686329999999998,5.050319164991379
5778,2020-05-18 11:00:00,83.3271,8.687360000000012,5.0923416167497635
5779,2020-05-18 12:00:00,83.32452,8.688580000000002,4.987973228096962
5780,2020-05-18 13:00:00,83.32189,8.689879999999988,5.025465354323387
5781,2020-05-18 14:00:00,83.31919,8.690370000000001,5.15843990445137
5782,2020-05-18 15:00:00,83.31636,8.690889999999996,5.179255917668343
5783,2020-05-18 16:00:00,83.31347,8.692740000000015,5.079997852444649
5784,2020-05-18 17:00:00,83.31058,8.69525999999999,4.979058504104614
5785,2020-05-18 18:00:00,83.30767,8.698990000000009,4.919050514698029
5786,2020-05-18 19:00:00,83.30474,8.703489999999988,4.980114072561264
5787,2020-05-18 20:00:00,83.30182,8.709599999999995,4.970988035202026
5788,2020-05-18 21:00:00,83.29897,8.716820000000013,4.842568814754486
5789,2020-05-18 22:00:00,83.29622,8.725560000000002,4.492555156350136
5790,2020-05-18 23:00:00,83.2936,8.735500000000002,4.343647480010986
5791,2020-05-19 00:00:00,83.29117,8.74620999999999,4.43273338675499
5792,2020-05-19 01:00:00,83.28897,8.756669999999986,4.519713521003723
5793,2020-05-19 02:00:00,83.28692,8.765649999999994,4.458152577280998
5794,2020-05-19 03:00:00,83.28499,8.772649999999999,4.462482139468193
5795,2020-05-19 04:00:00,83.28307,8.77942999999999,4.384641572833061
5796,2020-05-19 05:00:00,83.28111,8.78692000000001,4.228566139936447
5797,2020-05-19 06:00:00,83.27916,8.794319999999999,4.105182036757469
5798,2020-05-19 07:00:00,83.277,8.804180000000002,4.046656474471092
5799,2020-05-19 08:00:00,83.2747,8.815400000000011,4.1499782502651215
5800,2020-05-19 09:00:00,83.27245,8.827879999999993,4.14453849196434
5801,2020-05-19 10:00:00,83.27016,8.842659999999995,4.073805704712868
5802,2020-05-19 11:00:00,83.26788,8.858309999999989,4.040303334593773
5803,2020-05-19 12:00:00,83.26477,8.873140000000006,4.105077296495438
5804,2020-05-19 13:00:00,83.26302,8.889209999999991,4.189741104841232
5805,2020-05-19 14:00:00,83.25909,8.902909999999991,4.298046171665192
5806,2020-05-19 15:00:00,83.25559,8.921060000000011,4.447703346610069
5807,2020-05-19 16:00:00,83.25099,8.944549999999992,4.556819379329681
5808,2020-05-19 17:00:00,83.24844,8.96341000000001,4.5677433758974075
5809,2020-05-19 18:00:00,83.24006,9.06128000000001,4.397195398807526
5810,2020-05-19 19:00:00,83.23231,9.125460000000004,4.092826724052429
5811,2020-05-19 20:00:00,83.22763,9.29468,3.8125215768814087
5812,2020-05-19 21:00:00,83.22529,9.318340000000006,4.009202152490616
5813,2020-05-19 22:00:00,83.21802,9.30847,4.357862785458565
5814,2020-05-19 23:00:00,83.21266,9.338220000000007,4.504164442420006
5815,2020-05-20 00:00:00,83.204,9.475390000000004,4.114899262785912
5816,2020-05-20 01:00:00,83.20023,9.566519999999997,3.238008737564087
5817,2020-05-20 02:00:00,83.1984,9.606619999999992,2.9418778717517853
5818,2020-05-20 03:00:00,83.19892,9.612850000000009,3.2888488471508026
5819,2020-05-20 04:00:00,83.19989,9.62867,3.5063565522432327
5820,2020-05-20 05:00:00,83.20047,9.639129999999994,3.6071126461029053
5821,2020-05-20 06:00:00,83.20109,9.643,4.077860951423645
5822,2020-05-20 07:00:00,83.19366,9.769450000000006,4.550860032439232
5823,2020-05-20 08:00:00,83.19247,9.812399999999997,4.800629824399948
5824,2020-05-20 09:00:00,83.18774,9.842160000000007,5.608542740345001
5825,2020-05-20 10:00:00,83.17845,9.900599999999997,5.932637333869934
5826,2020-05-20 11:00:00,83.17535,9.93744000000001,6.245211094617844
5827,2020-05-20 12:00:00,83.16824,10.002710000000008,6.537176966667175
5828,2020-05-20 13:00:00,83.1403,10.075909999999993,6.4604785442352295
5829,2020-05-20 14:00:00,83.13145,10.106069999999988,6.478371441364288
5830,2020-05-20 15:00:00,83.11934,10.13409999999999,6.859794795513153
5831,2020-05-20 16:00:00,83.09706,10.227980000000002,6.829639062285423
5832,2020-05-20 17:00:00,83.0898,10.289870000000008,6.25957664847374
5833,2020-05-20 18:00:00,83.08535,10.336569999999995,5.903871595859528
5834,2020-05-20 19:00:00,83.08557,10.364260000000002,6.154490172863007
5835,2020-05-20 20:00:00,83.08229,10.407289999999989,6.4055163860321045
5836,2020-05-20 21:00:00,83.07836,10.455189999999988,5.725662469863892
5837,2020-05-20 22:00:00,83.0712,10.561810000000008,5.320948734879494
5838,2020-05-20 23:00:00,83.06785,10.630259999999993,5.658236920833588
5839,2020-05-21 00:00:00,83.05786,10.801559999999995,4.9543671905994415
5840,2020-05-21 01:00:00,83.05355,10.933140000000009,4.910484656691551
5841,2020-05-21 02:00:00,83.05541,10.953100000000006,4.835599452257156
5842,2020-05-21 03:00:00,83.05796,10.969699999999989,5.163519248366356
5843,2020-05-21 04:00:00,83.06028,10.98284000000001,5.480773136019707
5844,2020-05-21 05:00:00,83.06228,10.992909999999995,5.542888566851616
5845,2020-05-21 06:00:00,83.06456,10.996870000000001,5.590788409113884
5846,2020-05-21 07:00:00,83.04678,11.104399999999998,5.380324512720108
5847,2020-05-21 08:00:00,83.03754,11.13033999999999,4.992826774716377
5848,2020-05-21 09:00:00,83.02107,11.10463999999999,5.102588638663292
5849,2020-05-21 10:00:00,83.00916,11.06241,5.375984117388725
5850,2020-05-21 11:00:00,82.98446,11.036660000000012,5.434105455875397
5851,2020-05-21 12:00:00,82.97703,11.06483,5.369807332754135
5852,2020-05-21 13:00:00,82.97601,11.060219999999987,5.171945363283157
5853,2020-05-21 14:00:00,82.96739,11.032270000000011,4.943675667047501
5854,2020-05-21 15:00:00,82.96183,11.028860000000009,4.728968992829323
5855,2020-05-21 16:00:00,82.964,11.226100000000002,4.701382800936699
5856,2020-05-21 17:00:00,82.96383,11.388630000000006,4.847722962498665
5857,2020-05-21 18:00:00,82.97201,11.41964999999999,4.985647365450859
5858,2020-05-21 19:00:00,82.97231,11.476940000000013,5.079432874917984
5859,2020-05-21 20:00:00,82.96588,11.532690000000002,5.154673546552658
5860,2020-05-21 21:00:00,82.96042,11.572769999999991,5.076177656650543
5861,2020-05-21 22:00:00,82.95671,11.59581,4.819099172949791
5862,2020-05-21 23:00:00,82.95385,11.656859999999995,4.547264933586121
5863,2020-05-22 00:00:00,82.95449,11.656880000000001,4.284201487898827
5864,2020-05-22 01:00:00,82.95505,11.659040000000005,4.081947550177574
5865,2020-05-22 02:00:00,82.95628,11.658119999999997,3.8726385980844498
5866,2020-05-22 03:00:00,82.95731,11.656569999999988,3.3819026798009872
5867,2020-05-22 04:00:00,82.95818,11.650810000000007,2.7371357083320618
5868,2020-05-22 05:00:00,82.957,11.650499999999994,2.1486805081367493
5869,2020-05-22 06:00:00,82.95438,11.65034,1.9572372883558273
5870,2020-05-22 07:00:00,82.94855,11.634559999999993,2.1620496958494186
5871,2020-05-22 08:00:00,82.9422,11.635860000000008,2.638026773929596
5872,2020-05-22 09:00:00,82.93988,11.620560000000012,3.1064335703849792
5873,2020-05-22 10:00:00,82.93904,11.603379999999987,3.4458848387002945
5874,2020-05-22 11:00:00,82.93829,11.587340000000012,3.635269932448864
5875,2020-05-22 12:00:00,82.93026,11.611310000000003,3.7320192456245422
5876,2020-05-22 13:00:00,82.92624,11.618470000000002,3.7734179943799973
5877,2020-05-22 14:00:00,82.92479,11.661670000000015,3.7038677781820297
5878,2020-05-22 15:00:00,82.92047,11.672509999999988,3.536117836833
5879,2020-05-22 16:00:00,82.91759,11.590100000000007,3.36638106405735
5880,2020-05-22 17:00:00,82.91405,11.449399999999997,3.2308542877435684
5881,2020-05-22 18:00:00,82.90727,11.375990000000002,3.0917048156261444
5882,2020-05-22 19:00:00,82.89536,11.255410000000012,3.0344923734664917
5883,2020-05-22 20:00:00,82.89409,11.158860000000004,2.992227554321289
5884,2020-05-22 21:00:00,82.89126,11.10521,2.9534304440021515
5885,2020-05-22 22:00:00,82.88679,11.090270000000004,2.994677722454071
5886,2020-05-22 23:00:00,82.88414,11.083560000000006,2.953620731830597
5887,2020-05-23 00:00:00,82.87791,11.095010000000002,2.779765397310257
5888,2020-05-23 01:00:00,82.87448,11.09711999999999,2.6131294667720795
5889,2020-05-23 02:00:00,82.87071,11.099340000000012,2.407542586326599
5890,2020-05-23 03:00:00,82.86325,11.10920999999999,2.2173605263233185
5891,2020-05-23 04:00:00,82.85013,11.118979999999993,2.1366074681282043
5892,2020-05-23 05:00:00,82.83831,11.0899,2.2553500533103943
5893,2020-05-23 06:00:00,82.82867,11.00349,2.452364504337311
5894,2020-05-23 07:00:00,82.82562,10.935129999999987,2.752929210662842
5895,2020-05-23 08:00:00,82.82211,10.87482,2.968881770968437
5896,2020-05-23 09:00:00,82.81277,10.794610000000006,3.032710760831833
5897,2020-05-23 10:00:00,82.80604,10.734139999999996,2.958864524960518
5898,2020-05-23 11:00:00,82.79289,10.612169999999992,2.9253468066453934
5899,2020-05-23 12:00:00,82.7926,10.514710000000008,2.947763890028
5900,2020-05-23 13:00:00,82.79021,10.42340999999999,2.9446621388196945
5901,2020-05-23 14:00:00,82.79002,10.416769999999985,2.954195499420166
5902,2020-05-23 15:00:00,82.78594,10.40155999999999,2.986839920282364
5903,2020-05-23 16:00:00,82.78211,10.404619999999994,2.9790048748254776
5904,2020-05-23 17:00:00,82.78013,10.40619000000001,2.8497218638658524
5905,2020-05-23 18:00:00,82.77872,10.408500000000004,2.761313259601593
5906,2020-05-23 19:00:00,82.7777,10.392239999999987,3.0390098989009857
5907,2020-05-23 20:00:00,82.77558,10.376949999999994,3.4659772515296936
5908,2020-05-23 21:00:00,82.77364,10.367860000000007,3.5547649562358856
5909,2020-05-23 22:00:00,82.76749,10.36135999999999,3.5557781606912613
5910,2020-05-23 23:00:00,82.76269,10.333480000000009,3.7072903364896774
5911,2020-05-24 00:00:00,82.75923,10.286740000000009,3.802122622728348
5912,2020-05-24 01:00:00,82.75372,10.30698000000001,3.8901865780353546
5913,2020-05-24 02:00:00,82.7554,10.380709999999993,4.025810122489929
5914,2020-05-24 03:00:00,82.75241,10.38503,4.199773326516151
5915,2020-05-24 04:00:00,82.74249,10.434619999999995,4.387462258338928
5916,2020-05-24 05:00:00,82.73627,10.454180000000008,4.530690774321556
5917,2020-05-24 06:00:00,82.73054,10.388650000000013,4.758275806903839
5918,2020-05-24 07:00:00,82.72678,10.298159999999996,5.1059436202049255
5919,2020-05-24 08:00:00,82.72601,10.283690000000007,5.439450025558472
5920,2020-05-24 09:00:00,82.72476,10.268360000000001,5.709214732050896
5921,2020-05-24 10:00:00,82.72343,10.253870000000006,5.944332346320152
5922,2020-05-24 11:00:00,82.72219,10.240080000000006,6.1789699494838715
5923,2020-05-24 12:00:00,82.72107,10.226879999999994,6.300472915172577
5924,2020-05-24 13:00:00,82.72018,10.214069999999992,6.424737527966499
5925,2020-05-24 14:00:00,82.71959,10.201120000000003,6.584812179207802
5926,2020-05-24 15:00:00,82.71914,10.187600000000003,6.649891912937164
5927,2020-05-24 16:00:00,82.71883,10.173090000000002,6.587913513183594
5928,2020-05-24 17:00:00,82.71867,10.157589999999999,6.410322308540344
5929,2020-05-24 18:00:00,82.71855,10.14142000000001,6.435153037309647
5930,2020-05-24 19:00:00,82.71842,10.124230000000011,6.453707352280617
5931,2020-05-24 20:00:00,82.71424,10.091020000000015,6.32216876745224
5932,2020-05-24 21:00:00,82.71363,10.06701000000001,6.3859497010707855
5933,2020-05-24 22:00:00,82.71363,10.049759999999992,6.54539680480957
5934,2020-05-24 23:00:00,82.71381,10.034089999999992,6.359407886862755
5935,2020-05-25 00:00:00,82.71424,10.020119999999991,5.3630127012729645
5936,2020-05-25 01:00:00,82.71495,10.007740000000013,5.2816241681575775
5937,2020-05-25 02:00:00,82.71595,9.996919999999989,5.244515627622604
5938,2020-05-25 03:00:00,82.71732,9.987950000000012,5.191027909517288
5939,2020-05-25 04:00:00,82.7189,9.980739999999997,5.222129866480827
5940,2020-05-25 05:00:00,82.72049,9.971139999999991,5.459486231207848
5941,2020-05-25 06:00:00,82.72009,9.899499999999989,5.5432479828596115
5942,2020-05-25 07:00:00,82.72254,9.848780000000005,5.061098873615265
5943,2020-05-25 08:00:00,82.73022,9.70899,5.394402369856834
5944,2020-05-25 09:00:00,82.67649,9.298000000000002,5.955040544271469
5945,2020-05-25 10:00:00,82.66138,9.167020000000008,6.116459742188454
5946,2020-05-25 11:00:00,82.66137,9.161190000000005,5.37459659576416
5947,2020-05-25 12:00:00,82.65343,8.845079999999996,4.375013083219528
5948,2020-05-25 13:00:00,82.62624,8.323019999999985,4.343023240566254
5949,2020-05-25 14:00:00,82.56262,8.050389999999993,5.146188572049141
5950,2020-05-25 15:00:00,82.52012,7.980079999999987,5.947887018322945
5951,2020-05-25 16:00:00,82.48386,8.052109999999999,6.324983686208725
5952,2020-05-25 17:00:00,82.44151,8.278760000000005,6.62271086871624
5953,2020-05-25 18:00:00,82.42544,8.257560000000012,6.630361318588257
5954,2020-05-25 19:00:00,82.39932,8.156800000000004,6.625678241252899
5955,2020-05-25 20:00:00,82.40172,8.13655,6.219050616025925
5956,2020-05-25 21:00:00,82.40505,8.131450000000001,5.750726789236069
5957,2020-05-25 22:00:00,82.408,8.130359999999996,5.93840017914772
5958,2020-05-25 23:00:00,82.41133,8.131079999999997,6.716408133506775
5959,2020-05-26 00:00:00,82.4146,8.13615999999999,7.525778666138649
5960,2020-05-26 01:00:00,82.41799,8.146299999999997,7.51221738755703
5961,2020-05-26 02:00:00,82.42155,8.162779999999998,7.001229673624039
5962,2020-05-26 03:00:00,82.42493,8.183040000000005,6.489404007792473
5963,2020-05-26 04:00:00,82.42568,8.184390000000008,6.451032027602196
5964,2020-05-26 05:00:00,82.41091,8.185779999999994,5.899961680173874
5965,2020-05-26 06:00:00,82.40389,8.126319999999993,6.431802749633789
5966,2020-05-26 07:00:00,82.37399,8.158230000000003,5.964407354593277
5967,2020-05-26 08:00:00,82.34575,8.377530000000007,5.660063236951828
5968,2020-05-26 09:00:00,82.35179,8.232470000000006,6.512012526392937
5969,2020-05-26 10:00:00,82.32176,8.19523000000001,6.265013426542282
5970,2020-05-26 11:00:00,82.31767,8.187450000000013,6.041211023926735
5971,2020-05-26 12:00:00,82.31342,8.17016000000001,6.711045399308205
5972,2020-05-26 13:00:00,82.3122,8.15055000000001,6.751886293292046
5973,2020-05-26 14:00:00,82.30959,8.121659999999991,7.039089769124985
5974,2020-05-26 15:00:00,82.30111,8.190480000000008,7.189489811658859
5975,2020-05-26 16:00:00,82.30578,8.179090000000002,6.96267569065094
5976,2020-05-26 17:00:00,82.31056,8.18180000000001,6.64560703933239
5977,2020-05-26 18:00:00,82.31326,8.168139999999994,6.442505598068237
5978,2020-05-26 19:00:00,82.31627,8.15655000000001,7.2183337807655334
5979,2020-05-26 20:00:00,82.31907,8.146179999999987,9.178507506847382
5980,2020-05-26 21:00:00,82.32241,8.139330000000001,8.913775607943535
5981,2020-05-26 22:00:00,82.32809,8.143489999999986,8.777974769473076
5982,2020-05-26 23:00:00,82.33447,8.152389999999997,9.213485166430473
5983,2020-05-27 00:00:00,82.34155,8.167789999999997,8.13304840028286
5984,2020-05-27 01:00:00,82.34809,8.18714,7.779910922050476
5985,2020-05-27 02:00:00,82.35335,8.202030000000008,6.184747338294983
5986,2020-05-27 03:00:00,82.3581,8.217649999999992,5.393371745944023
5987,2020-05-27 04:00:00,82.36561,8.237369999999999,6.010809317231178
5988,2020-05-27 05:00:00,82.3727,8.259029999999996,6.9673557579517365
5989,2020-05-27 06:00:00,82.3787,8.28379000000001,7.560032293200493
5990,2020-05-27 07:00:00,82.38347,8.308750000000003,8.165668994188309
5991,2020-05-27 08:00:00,82.38706,8.326150000000013,8.372241273522377
5992,2020-05-27 09:00:00,82.38949,8.336669999999998,8.824525281786919
5993,2020-05-27 10:00:00,82.39116,8.341180000000008,8.334301322698593
5994,2020-05-27 11:00:00,82.39257,8.34056000000001,8.339050859212875
5995,2020-05-27 12:00:00,82.39322,8.340849999999989,8.25176626443863
5996,2020-05-27 13:00:00,82.39369,8.341100000000012,8.76553963124752
5997,2020-05-27 14:00:00,82.39404,8.340039999999988,8.216933369636536
5998,2020-05-27 15:00:00,82.39432,8.339290000000005,8.474959418177605
5999,2020-05-27 16:00:00,82.3944,8.340460000000007,8.563135772943497
6000,2020-05-27 17:00:00,82.39417,8.338940000000008,8.446766778826714
6001,2020-05-27 18:00:00,82.3939,8.33542,7.917880356311798
6002,2020-05-27 19:00:00,82.39337,8.327300000000008,7.387929350137711
6003,2020-05-27 20:00:00,82.39286,8.32014000000001,6.6893492341041565
6004,2020-05-27 21:00:00,82.39231,8.310900000000004,6.169314756989479
6005,2020-05-27 22:00:00,82.39165,8.302099999999996,5.570264399051666
6006,2020-05-27 23:00:00,82.3912,8.292020000000008,5.315632313489914
6007,2020-05-28 00:00:00,82.39056,8.284590000000009,4.4546142518520355
6008,2020-05-28 01:00:00,82.38998,8.280360000000002,4.064444124698639
6009,2020-05-28 02:00:00,82.38963,8.280090000000001,3.84260855615139
6010,2020-05-28 03:00:00,82.38941,8.283590000000004,3.5576922446489334
6011,2020-05-28 04:00:00,82.38916,8.288880000000006,3.369168199598789
6012,2020-05-28 05:00:00,82.38892,8.294749999999993,2.909536585211754
6013,2020-05-28 06:00:00,82.38864,8.299849999999992,3.086687058210373
6014,2020-05-28 07:00:00,82.38808,8.302819999999997,3.2144938856363297
6015,2020-05-28 08:00:00,82.38721,8.303359999999998,2.8563106656074524
6016,2020-05-28 09:00:00,82.38569,8.296670000000006,3.0648206770420074
6017,2020-05-28 10:00:00,82.38464,8.30259000000001,3.3934922218322754
6018,2020-05-28 11:00:00,82.38318,8.299440000000004,3.1059293895959854
6019,2020-05-28 12:00:00,82.37585,8.354230000000001,2.697151333093643
6020,2020-05-28 13:00:00,82.36435,8.380470000000003,2.7016142681241035
6021,2020-05-28 14:00:00,82.34681,8.672529999999995,2.8543199598789215
6022,2020-05-28 15:00:00,82.33379,8.706289999999996,3.2867222726345062
6023,2020-05-28 16:00:00,82.33139,8.716450000000009,3.639742434024811
6024,2020-05-28 17:00:00,82.31558,8.821640000000002,3.703553184866905
6025,2020-05-28 18:00:00,82.30619,8.94296,3.649843618273735
6026,2020-05-28 19:00:00,82.2987,9.038260000000008,3.827319234609604
6027,2020-05-28 20:00:00,82.29197,9.044600000000003,3.7333890199661255
6028,2020-05-28 21:00:00,82.29002,9.064240000000012,3.698782980442047
6029,2020-05-28 22:00:00,82.28971,9.096720000000005,3.602654606103897
6030,2020-05-28 23:00:00,82.28748,9.088629999999995,3.663352757692337
6031,2020-05-29 00:00:00,82.28367,9.095280000000002,3.8043153882026672
6032,2020-05-29 01:00:00,82.28201,9.08807999999999,3.8166306018829346
6033,2020-05-29 02:00:00,82.26991,9.129760000000005,3.6566925942897797
6034,2020-05-29 03:00:00,82.26387,9.14076,3.558254435658455
6035,2020-05-29 04:00:00,82.26233,9.165809999999993,4.001046806573868
6036,2020-05-29 05:00:00,82.2619,9.176719999999989,4.42835533618927
6037,2020-05-29 06:00:00,82.26172,9.211559999999992,4.676516681909561
6038,2020-05-29 07:00:00,82.24943,9.250259999999997,4.79664221405983
6039,2020-05-29 08:00:00,82.24666,9.242189999999994,4.67879094183445
6040,2020-05-29 09:00:00,82.23498,9.211970000000008,4.297289133071899
6041,2020-05-29 10:00:00,82.2269,9.221650000000011,3.853497102856636
6042,2020-05-29 11:00:00,82.21313,9.196249999999992,3.49185112118721
6043,2020-05-29 12:00:00,82.20239,9.127960000000002,2.9517003893852234
6044,2020-05-29 13:00:00,82.19187,9.113609999999994,2.167468585073948
6045,2020-05-29 14:00:00,82.16241,9.17858000000001,1.5072469115257263
6046,2020-05-29 15:00:00,82.15079,9.162599999999998,1.0083186775445938
6047,2020-05-29 16:00:00,82.14323,9.200610000000012,0.5809151381254196
6048,2020-05-29 17:00:00,82.13639,9.184280000000001,1.0344459265470505
6049,2020-05-29 18:00:00,82.11653,9.15440000000001,1.8689230680465698
6050,2020-05-29 19:00:00,82.10119,9.171140000000008,2.6298049092292786
6051,2020-05-29 20:00:00,82.08369,9.134039999999999,3.3353730589151382
6052,2020-05-29 21:00:00,82.06281,9.094480000000004,3.7762568295001984
6053,2020-05-29 22:00:00,82.04491,9.142269999999996,4.166751146316528
6054,2020-05-29 23:00:00,82.04064,9.145810000000012,4.369837656617165
6055,2020-05-30 00:00:00,82.03961,9.137699999999995,3.5384501814842224
6056,2020-05-30 01:00:00,82.02928,9.16422,4.097635164856911
6057,2020-05-30 02:00:00,82.0134,9.221800000000002,4.757927507162094
6058,2020-05-30 03:00:00,81.98795,9.339820000000003,5.560329258441925
6059,2020-05-30 04:00:00,81.98433,9.369920000000008,6.18071274459362
6060,2020-05-30 05:00:00,81.97738,9.329509999999999,6.619170770049095
6061,2020-05-30 06:00:00,81.96625,9.323440000000005,6.790276974439621
6062,2020-05-30 07:00:00,81.94549,9.33547999999999,6.597566559910774
6063,2020-05-30 08:00:00,81.94515,9.36733000000001,6.239078015089035
6064,2020-05-30 09:00:00,81.94366,9.39054999999999,6.161529511213303
6065,2020-05-30 10:00:00,81.94184,9.412569999999988,6.253481641411781
6066,2020-05-30 11:00:00,81.93938,9.43092999999999,6.593268066644669
6067,2020-05-30 12:00:00,81.93645,9.448049999999995,6.46082903444767
6068,2020-05-30 13:00:00,81.93347,9.46350000000001,6.594013512134552
6069,2020-05-30 14:00:00,81.93087,9.476200000000006,6.624054968357086
6070,2020-05-30 15:00:00,81.92716,9.483370000000008,6.323082596063614
6071,2020-05-30 16:00:00,81.92308,9.484039999999993,5.714648887515068
6072,2020-05-30 17:00:00,81.91916,9.48084,5.197694092988968
6073,2020-05-30 18:00:00,81.92886,9.531389999999988,5.090472102165222
6074,2020-05-30 19:00:00,81.92767,9.531149999999997,5.071458220481873
6075,2020-05-30 20:00:00,81.92808,9.529570000000007,5.19834440946579
6076,2020-05-30 21:00:00,81.9146,9.60494,5.207845076918602
6077,2020-05-30 22:00:00,81.90248,9.69228000000001,5.257815331220627
6078,2020-05-30 23:00:00,81.86858,9.758929999999992,5.513861507177353
6079,2020-05-31 00:00:00,81.84377,9.794129999999996,5.385513409972191
6080,2020-05-31 01:00:00,81.83668,9.808899999999994,5.145923867821693
6081,2020-05-31 02:00:00,81.82745,9.809730000000002,4.951199233531952
6082,2020-05-31 03:00:00,81.80841,9.865000000000009,4.829522103071213
6083,2020-05-31 04:00:00,81.80883,9.870620000000002,4.896094366908073
6084,2020-05-31 05:00:00,81.80912,9.862179999999995,5.250882506370544
6085,2020-05-31 06:00:00,81.80878,9.853350000000006,5.262634605169296
6086,2020-05-31 07:00:00,81.80116,9.855559999999997,4.532728791236877
6087,2020-05-31 08:00:00,81.79962,9.85705999999999,3.8646005243062973
6088,2020-05-31 09:00:00,81.79329,9.868349999999992,4.299607634544373
6089,2020-05-31 10:00:00,81.77892,9.88481999999999,5.427645221352577
6090,2020-05-31 11:00:00,81.73637,9.89661000000001,6.182650372385979
6091,2020-05-31 12:00:00,81.72478,9.916589999999985,5.962437316775322
6092,2020-05-31 13:00:00,81.7163,9.878710000000012,5.944318920373917
6093,2020-05-31 14:00:00,81.70018,9.773500000000013,5.651507571339607
6094,2020-05-31 15:00:00,81.69269,9.745039999999989,5.413766607642174
6095,2020-05-31 16:00:00,81.67507,9.747039999999998,4.990177512168884
6096,2020-05-31 17:00:00,81.65484,9.691730000000007,4.748828858137131
6097,2020-05-31 18:00:00,81.63459,9.702149999999989,5.0835941433906555
6098,2020-05-31 19:00:00,81.58515,9.820459999999997,5.038775011897087
6099,2020-05-31 20:00:00,81.55067,9.839040000000011,5.537868052721024
6100,2020-05-31 21:00:00,81.50959,9.866629999999986,5.958139806985855
6101,2020-05-31 22:00:00,81.4795,9.807799999999986,5.831141471862793
6102,2020-05-31 23:00:00,81.45918,9.719439999999992,5.894804000854492
6103,2020-06-01 00:00:00,81.39513,9.87978000000001,6.2808253318071365
6104,2020-06-01 01:00:00,81.39253,9.89049,6.760227769613266
6105,2020-06-01 02:00:00,81.37446,9.856740000000002,6.822176486253738
6106,2020-06-01 03:00:00,81.36824,9.847440000000006,6.726558476686478
6107,2020-06-01 04:00:00,81.35922,9.848610000000008,6.571574538946152
6108,2020-06-01 05:00:00,81.3581,9.865229999999997,6.713845178484917
6109,2020-06-01 06:00:00,81.35868,9.87088,6.7322817370295525
6110,2020-06-01 07:00:00,81.35902,9.878179999999986,6.509774222970009
6111,2020-06-01 08:00:00,81.35924,9.886539999999997,5.283693104982376
6112,2020-06-01 09:00:00,81.35918,9.896659999999997,4.845603600144386
6113,2020-06-01 10:00:00,81.35866,9.904529999999994,5.237741440534592
6114,2020-06-01 11:00:00,81.3577,9.90961999999999,5.611890599131584
6115,2020-06-01 12:00:00,81.35642,9.911020000000008,5.227701559662819
6116,2020-06-01 13:00:00,81.35488,9.90637000000001,4.517599254846573
6117,2020-06-01 14:00:00,81.34372,9.9435,3.8419739603996277
6118,2020-06-01 15:00:00,81.33429,9.940750000000008,3.4865035861730576
6119,2020-06-01 16:00:00,81.30972,9.879099999999994,3.3110657781362534
6120,2020-06-01 17:00:00,81.30372,9.848099999999988,3.0174030512571335
6121,2020-06-01 18:00:00,81.29242,9.803110000000004,2.7864438891410828
6122,2020-06-01 19:00:00,81.28295,9.7791,2.549842029809952
6123,2020-06-01 20:00:00,81.27983,9.78470999999999,2.139455020427704
6124,2020-06-01 21:00:00,81.27015,9.764990000000012,1.8544955402612686
6125,2020-06-01 22:00:00,81.24774,9.678239999999988,1.906360924243927
6126,2020-06-01 23:00:00,81.23132,9.688420000000008,2.1207271218299866
6127,2020-06-02 00:00:00,81.20832,9.669119999999992,2.5632745027542114
6128,2020-06-02 01:00:00,81.15597,9.714259999999996,3.309424102306366
6129,2020-06-02 02:00:00,81.12207,9.751059999999995,4.274742394685745
6130,2020-06-02 03:00:00,81.10734,9.738169999999997,5.099621817469597
6131,2020-06-02 04:00:00,81.08291,9.637760000000014,5.639677435159683
6132,2020-06-02 05:00:00,81.05442,9.709980000000002,7.86634686589241
6133,2020-06-02 06:00:00,81.03855,9.637239999999991,7.7649770975112915
6134,2020-06-02 07:00:00,80.98517,9.665500000000009,7.563443124294281
6135,2020-06-02 08:00:00,80.96001,9.725179999999995,7.331273123621941
6136,2020-06-02 09:00:00,80.93171,9.70589000000001,7.35181687772274
6137,2020-06-02 10:00:00,80.92066,9.703669999999988,7.044592574238777
6138,2020-06-02 11:00:00,80.90358,9.607699999999994,6.48264268040657
6139,2020-06-02 12:00:00,80.89718,9.582789999999989,5.932124957442284
6140,2020-06-02 13:00:00,80.87657,9.47663,6.15103942155838
6141,2020-06-02 14:00:00,80.83931,9.480289999999997,6.886312544345856
6142,2020-06-02 15:00:00,80.77025,9.47994,7.463034451007843
6143,2020-06-02 16:00:00,80.70305,9.565619999999996,6.507763251662254
6144,2020-06-02 17:00:00,80.67492,9.566939999999988,6.699830949306488
6145,2020-06-02 18:00:00,80.65247,9.618660000000006,6.51128414273262
6146,2020-06-02 19:00:00,80.57347,9.79504,6.609218880534172
6147,2020-06-02 20:00:00,80.48929,9.983029999999985,7.110680535435677
6148,2020-06-02 21:00:00,80.39899,10.223890000000011,7.353741630911827
6149,2020-06-02 22:00:00,80.27986,10.618770000000012,7.297475069761276
6150,2020-06-02 23:00:00,80.17757,10.46484000000001,7.394089937210083
6151,2020-06-03 00:00:00,80.0817,10.177429999999987,6.531038552522659
6152,2020-06-03 01:00:00,79.99602,9.923000000000002,6.639198452234268
6153,2020-06-03 02:00:00,79.90069,9.608180000000004,4.818064838647842
6154,2020-06-03 03:00:00,79.79999,9.348770000000002,5.249596506357193
6155,2020-06-03 04:00:00,79.69293,9.331619999999987,5.437237054109573
6156,2020-06-03 05:00:00,79.58664,9.313459999999992,4.073217019438744
6157,2020-06-03 06:00:00,79.47377,9.294870000000003,4.080622285604477
6158,2020-06-03 07:00:00,79.36965,9.278079999999989,4.2067840695381165
6159,2020-06-03 08:00:00,79.2734,9.261719999999997,4.453228682279587
6160,2020-06-03 09:00:00,79.17111,9.24606,5.1381136775016785
6161,2020-06-03 10:00:00,79.06871,9.228649999999988,4.895111054182053
6162,2020-06-03 11:00:00,78.9631,9.212099999999992,4.63297164440155
6163,2020-06-03 12:00:00,78.85978,9.241539999999986,5.908197522163391
6164,2020-06-03 13:00:00,78.76004,9.419150000000002,5.927187189459801
6165,2020-06-03 14:00:00,78.65218,9.609440000000006,5.67755950987339
6166,2020-06-03 15:00:00,78.54898,9.789500000000004,5.732809349894524
6167,2020-06-03 16:00:00,78.44827,9.963899999999995,5.782852858304977
6168,2020-06-03 17:00:00,78.34712,10.137490000000014,5.614518582820892
6169,2020-06-03 18:00:00,78.24667,10.308760000000007,5.527121052145958
6170,2020-06-03 19:00:00,78.16681,10.443090000000012,3.6097361147403717
6171,2020-06-03 20:00:00,78.13163,10.731060000000014,3.907119706273079
6172,2020-06-03 21:00:00,78.12831,11.196370000000002,3.988694280385971
6173,2020-06-03 22:00:00,78.12461,11.659480000000002,3.898460775613785
6174,2020-06-03 23:00:00,78.12058,12.17849000000001,3.825589269399643
6175,2020-06-04 00:00:00,78.11707,12.627759999999995,3.661528840661049
6176,2020-06-04 01:00:00,78.11355,13.068430000000006,3.4755713045597076
6177,2020-06-04 02:00:00,78.12975,13.546429999999987,3.338404208421707
6178,2020-06-04 03:00:00,78.17274,14.094449999999995,1.0681867897510529
6179,2020-06-04 04:00:00,78.21494,14.639129999999994,0.9957129210233688
6180,2020-06-04 05:00:00,78.25411,15.139819999999986,0.9912706017494202
6181,2020-06-04 06:00:00,78.24675,15.600490000000008,0.9570415019989014
6182,2020-06-04 07:00:00,78.23395,15.62482,0.9735740721225739
6183,2020-06-04 08:00:00,78.23453,15.62285,0.9396589994430542
6184,2020-06-04 09:00:00,78.23448,15.623130000000003,0.9064547121524811
6185,2020-06-04 10:00:00,78.2341,15.624400000000009,0.8908852934837341
6186,2020-06-04 11:00:00,78.23382,15.626499999999993,0.8699515014886856
6187,2020-06-04 12:00:00,78.23377,15.628119999999996,0.8204578757286072
6188,2020-06-04 13:00:00,78.23381,15.628359999999986,0.8206148594617844
6189,2020-06-04 14:00:00,78.23327,15.630200000000002,0.7813924327492714
6190,2020-06-04 15:00:00,78.23335,15.63024999999999,0.6796257346868515
6191,2020-06-04 16:00:00,78.23331,15.629970000000014,0.6516849547624588
6192,2020-06-04 17:00:00,78.23406,15.630089999999996,0.7163389325141907
6193,2020-06-04 18:00:00,78.23307,15.628340000000009,0.751642107963562
6194,2020-06-04 19:00:00,78.23317,15.628690000000006,0.7423555552959442
6195,2020-06-04 20:00:00,78.2331,15.62809999999999,0.7200911045074463
6196,2020-06-04 21:00:00,78.23319,15.629009999999994,0.6981420665979385
6197,2020-06-04 22:00:00,78.23311,15.628160000000008,0.7248112112283707
6198,2020-06-04 23:00:00,78.23314,15.62706,0.7168498486280441
6199,2020-06-05 00:00:00,78.23315,15.627569999999992,1.203108310699463
6200,2020-06-05 01:00:00,78.23305,15.626800000000003,1.2471823543310165
6201,2020-06-05 02:00:00,78.23333,15.627800000000008,1.3006089478731155
6202,2020-06-05 03:00:00,78.23379,15.629770000000008,1.3218154162168503
6203,2020-06-05 04:00:00,78.23405,15.629870000000011,1.2511348277330399
6204,2020-06-05 05:00:00,78.23415,15.62845999999999,1.1341557800769806
6205,2020-06-05 06:00:00,78.23446,15.623680000000007,1.0548271387815475
6206,2020-06-05 07:00:00,78.23463,15.623919999999998,0.983540877699852
6207,2020-06-05 08:00:00,78.23442,15.622809999999987,0.9150280207395554
6208,2020-06-05 09:00:00,78.23425,15.623079999999987,0.7987504452466965
6209,2020-06-05 10:00:00,78.23421,15.62285,0.7226687669754028
6210,2020-06-05 11:00:00,78.23396,15.62317999999999,0.7397910729050636
6211,2020-06-05 12:00:00,78.23384,15.624279999999999,0.7564309537410736
6212,2020-06-05 13:00:00,78.23384,15.62536,0.7282435148954391
6213,2020-06-05 14:00:00,78.23373,15.626929999999987,0.7271318733692169
6214,2020-06-05 15:00:00,78.23354,15.627299999999991,0.7111472338438034
6215,2020-06-05 16:00:00,78.23366,15.627690000000001,0.7879373580217361
6216,2020-06-05 17:00:00,78.2337,15.625949999999989,0.8827291876077652
6217,2020-06-05 18:00:00,78.23424,15.625079999999997,1.0074427276849747
6218,2020-06-05 19:00:00,78.23455,15.626679999999993,1.1024853438138962
6219,2020-06-05 20:00:00,78.23435,15.627340000000004,1.113965481519699
6220,2020-06-05 21:00:00,78.23435,15.625439999999998,1.1561993956565857
6221,2020-06-05 22:00:00,78.23432,15.622719999999987,1.2435186505317688
6222,2020-06-05 23:00:00,78.23443,15.62254999999999,1.3132910281419754
6223,2020-06-06 00:00:00,78.2345,15.622569999999996,1.3735158294439316
6224,2020-06-06 01:00:00,78.23457,15.622320000000002,1.3058917820453644
6225,2020-06-06 02:00:00,78.23463,15.622450000000015,1.274886041879654
6226,2020-06-06 03:00:00,78.23459,15.622320000000002,1.2383233159780502
6227,2020-06-06 04:00:00,78.23462,15.62236999999999,1.2834575027227402
6228,2020-06-06 05:00:00,78.23479,15.622989999999987,1.328206479549408
6229,2020-06-06 06:00:00,78.23488,15.623699999999985,1.4357101321220398
6230,2020-06-06 07:00:00,78.23484,15.622000000000014,1.5683680027723312
6231,2020-06-06 08:00:00,78.23499,15.622379999999993,1.7200261801481247
6232,2020-06-06 09:00:00,78.23488,15.621759999999995,1.9693394154310226
6233,2020-06-06 10:00:00,78.23437,15.620519999999999,2.568108633160591
6234,2020-06-06 11:00:00,78.23457,15.620389999999986,3.060453712940216
6235,2020-06-06 12:00:00,78.23476,15.620460000000008,3.422132655978203
6236,2020-06-06 13:00:00,78.23414,15.61993000000001,3.742116689682007
6237,2020-06-06 14:00:00,78.23432,15.619949999999989,3.749493107199669
6238,2020-06-06 15:00:00,78.2347,15.62039999999999,3.9299270063638687
6239,2020-06-06 16:00:00,78.23486,15.620830000000012,4.0275158286094666
6240,2020-06-06 17:00:00,78.2349,15.620599999999996,4.046414732933044
6241,2020-06-06 18:00:00,78.23487,15.62111999999999,3.889253854751587
6242,2020-06-06 19:00:00,78.23503,15.621260000000007,3.9473846405744553
6243,2020-06-06 20:00:00,78.23453,15.619619999999998,3.823036700487137
6244,2020-06-06 21:00:00,78.23477,15.619889999999998,3.642828583717346
6245,2020-06-06 22:00:00,78.23446,15.61975000000001,3.6945316195487976
6246,2020-06-06 23:00:00,78.23496,15.6207,3.8127003759145737
6247,2020-06-07 00:00:00,78.2354,15.623189999999994,3.9646472185850143
6248,2020-06-07 01:00:00,78.23567,15.625560000000007,3.9647187292575836
6249,2020-06-07 02:00:00,78.23557,15.624359999999996,4.074962392449379
6250,2020-06-07 03:00:00,78.23549,15.623349999999988,4.333324462175369
6251,2020-06-07 04:00:00,78.23571,15.62315000000001,4.600791499018669
6252,2020-06-07 05:00:00,78.23523,15.620689999999996,4.828285813331604
6253,2020-06-07 06:00:00,78.23497,15.618989999999997,4.944299072027206
6254,2020-06-07 07:00:00,78.23522,15.619439999999997,5.012356534600258
6255,2020-06-07 08:00:00,78.23553,15.616489999999999,5.1831681579351425
6256,2020-06-07 09:00:00,78.23535,15.615819999999985,5.106935918331146
6257,2020-06-07 10:00:00,78.23594,15.618889999999993,5.066611543297768
6258,2020-06-07 11:00:00,78.23613,15.61864,4.618370428681374
6259,2020-06-07 12:00:00,78.2359,15.617899999999992,4.569812133908272
6260,2020-06-07 13:00:00,78.23644,15.622000000000014,4.305156126618385
6261,2020-06-07 14:00:00,78.23612,15.620059999999995,4.0986751317977905
6262,2020-06-07 15:00:00,78.23626,15.619439999999997,3.989896848797798
6263,2020-06-07 16:00:00,78.236,15.61796000000001,3.8311076760292053
6264,2020-06-07 17:00:00,78.23618,15.61957000000001,3.876511126756668
6265,2020-06-07 18:00:00,78.23561,15.616209999999995,3.9151367396116257
6266,2020-06-07 19:00:00,78.23591,15.616449999999986,3.9013228714466095
6267,2020-06-07 20:00:00,78.23655,15.620589999999993,3.9049301743507385
6268,2020-06-07 21:00:00,78.23638,15.618930000000006,3.897452235221863
6269,2020-06-07 22:00:00,78.23626,15.618420000000015,3.882388859987259
6270,2020-06-07 23:00:00,78.23663,15.620869999999996,3.6900160014629364
6271,2020-06-08 00:00:00,78.23567,15.616389999999996,3.4500925838947296
6272,2020-06-08 01:00:00,78.23629,15.618459999999999,3.2453016191720963
6273,2020-06-08 02:00:00,78.23594,15.620499999999993,3.0703124701976776
6274,2020-06-08 03:00:00,78.23575,15.619220000000013,2.8024392426013947
6275,2020-06-08 04:00:00,78.23532,15.618189999999998,2.4138072431087494
6276,2020-06-08 05:00:00,78.23502,15.619910000000004,1.9695633351802826
6277,2020-06-08 06:00:00,78.23499,15.621939999999995,1.6407825350761414
6278,2020-06-08 07:00:00,78.2353,15.622430000000008,1.2801175117492676
6279,2020-06-08 08:00:00,78.23444,15.621589999999998,0.9807689040899277
6280,2020-06-08 09:00:00,78.23434,15.620589999999993,1.189776211977005
6281,2020-06-08 10:00:00,78.23557,15.627530000000007,1.218512400984764
6282,2020-06-08 11:00:00,78.23603,15.628019999999992,1.355524405837059
6283,2020-06-08 12:00:00,78.23629,15.627479999999991,1.7790964543819427
6284,2020-06-08 13:00:00,78.23456,15.630110000000002,2.409600391983986
6285,2020-06-08 14:00:00,78.23622,15.629269999999991,3.0378703474998474
6286,2020-06-08 15:00:00,78.26724,15.342299999999994,3.7628420293331146
6287,2020-06-08 16:00:00,78.20075,14.51427000000001,4.435713306069374
6288,2020-06-08 17:00:00,78.14085,13.686579999999992,7.0529207438230515
6289,2020-06-08 18:00:00,78.11554,12.829430000000002,7.237166598439217
6290,2020-06-08 19:00:00,78.12277,11.918319999999994,7.656402260065079
6291,2020-06-08 20:00:00,78.12998,10.999310000000008,7.918914079666138
6292,2020-06-08 21:00:00,78.19406,10.39797999999999,5.4063282907009125
6293,2020-06-08 22:00:00,78.35596,10.12326999999999,5.329767048358917
6294,2020-06-08 23:00:00,78.51955,9.841280000000012,5.001203268766403
6295,2020-06-09 00:00:00,78.6868,9.548990000000003,3.6441043317317963
6296,2020-06-09 01:00:00,78.85383,9.253309999999999,4.0150410532951355
6297,2020-06-09 02:00:00,79.02826,9.188050000000004,4.323496833443642
6298,2020-06-09 03:00:00,79.20867,9.171870000000013,4.122788846492767
6299,2020-06-09 04:00:00,79.39128,9.155959999999993,1.2197301089763641
6300,2020-06-09 05:00:00,79.57215,9.139369999999985,1.1854007989168167
6301,2020-06-09 06:00:00,79.74576,9.123649999999998,1.7548301964998245
6302,2020-06-09 07:00:00,79.91884,9.107200000000006,1.7109977751970291
6303,2020-06-09 08:00:00,80.09201,9.090730000000008,4.171540141105652
6304,2020-06-09 09:00:00,80.27077,9.072069999999997,5.017696991562843
6305,2020-06-09 10:00:00,80.35251,9.568909999999988,5.35223063826561
6306,2020-06-09 11:00:00,80.37199,10.031149999999997,5.1830849051475525
6307,2020-06-09 12:00:00,80.42868,10.498709999999988,5.465528853237629
6308,2020-06-09 13:00:00,80.49199,10.85575,5.938242577016354
6309,2020-06-09 14:00:00,80.55873,10.766989999999993,6.082248762249947
6310,2020-06-09 15:00:00,80.61413,10.721360000000004,6.09114208817482
6311,2020-06-09 16:00:00,80.63934,10.736369999999994,6.387903466820717
6312,2020-06-09 17:00:00,80.66949,10.834149999999994,6.651180312037468
6313,2020-06-09 18:00:00,80.69262,10.791200000000003,6.591895759105682
6314,2020-06-09 19:00:00,80.71436,10.769319999999993,6.59700334072113
6315,2020-06-09 20:00:00,80.74624,10.958480000000009,7.523580074310303
6316,2020-06-09 21:00:00,80.78975,10.952269999999999,7.349929243326187
6317,2020-06-09 22:00:00,80.80342,10.88830999999999,7.444273382425308
6318,2020-06-09 23:00:00,80.85673,10.928940000000011,7.603562995791435
6319,2020-06-10 00:00:00,80.90057,10.903330000000011,8.084870278835297
6320,2020-06-10 01:00:00,80.93662,10.956819999999993,8.025588899850845
6321,2020-06-10 02:00:00,80.93487,10.93735000000001,7.951914414763451
6322,2020-06-10 03:00:00,80.94073,10.92801,7.798478946089745
6323,2020-06-10 04:00:00,80.9545,11.033170000000013,7.28625813126564
6324,2020-06-10 05:00:00,80.9696,10.941100000000006,6.580059215426445
6325,2020-06-10 06:00:00,80.98084,10.920379999999994,5.952521041035652
6326,2020-06-10 07:00:00,80.98054,10.921130000000005,5.569680944085121
6327,2020-06-10 08:00:00,80.97953,10.918170000000003,5.147639274597168
6328,2020-06-10 09:00:00,80.9887,10.988740000000007,4.695132300257683
6329,2020-06-10 10:00:00,81.01186,10.931510000000003,4.206775814294815
6330,2020-06-10 11:00:00,81.0584,10.97990999999999,3.618962287902832
6331,2020-06-10 12:00:00,81.05492,10.966010000000011,3.052302971482277
6332,2020-06-10 13:00:00,81.05127,10.952300000000008,2.408640995621681
6333,2020-06-10 14:00:00,81.0645,10.975220000000007,1.690713681280613
6334,2020-06-10 15:00:00,81.08302,10.894509999999997,0.9525253474712372
6335,2020-06-10 16:00:00,81.11089,10.73893000000001,0.35113610327243805
6336,2020-06-10 17:00:00,81.16665,10.540539999999993,0.9463981091976166
6337,2020-06-10 18:00:00,81.19813,10.59745000000001,1.375683143734932
6338,2020-06-10 19:00:00,81.19768,10.590149999999994,1.4350139051675797
6339,2020-06-10 20:00:00,81.19833,10.584869999999995,1.9105476140975952
6340,2020-06-10 21:00:00,81.21738,10.560609999999997,2.357677161693573
6341,2020-06-10 22:00:00,81.24641,10.480719999999991,2.855430170893669
6342,2020-06-10 23:00:00,81.26394,10.368760000000009,3.7294788658618927
6343,2020-06-11 00:00:00,81.33049,10.15473,4.380093634128571
6344,2020-06-11 01:00:00,81.38301,10.000049999999987,4.6623920649290085
6345,2020-06-11 02:00:00,81.41651,9.76330999999999,4.893996477127075
6346,2020-06-11 03:00:00,81.44117,9.65428,5.264060810208321
6347,2020-06-11 04:00:00,81.50625,9.50197,6.04502035677433
6348,2020-06-11 05:00:00,81.5095,9.49645000000001,6.8293090015649796
6349,2020-06-11 06:00:00,81.54559,9.36966000000001,7.398231238126755
6350,2020-06-11 07:00:00,81.56306,9.392500000000013,7.538311302661896
6351,2020-06-11 08:00:00,81.59841,9.286820000000006,7.693334370851517
6352,2020-06-11 09:00:00,81.61012,9.310759999999988,7.613642305135727
6353,2020-06-11 10:00:00,81.63621,9.458949999999987,7.6121629774570465
6354,2020-06-11 11:00:00,81.63987,9.398789999999991,7.571113809943199
6355,2020-06-11 12:00:00,81.66611,9.009690000000006,7.703085817396641
6356,2020-06-11 13:00:00,81.67075,8.953660000000013,7.4810561388731
6357,2020-06-11 14:00:00,81.69869,8.921570000000003,7.221181422472
6358,2020-06-11 15:00:00,81.70457,8.937540000000013,6.880956798791885
6359,2020-06-11 16:00:00,81.73053,8.935239999999993,6.336153626441956
6360,2020-06-11 17:00:00,81.75263,9.008790000000005,6.042758092284203
6361,2020-06-11 18:00:00,81.76368,8.798720000000003,5.733516275882721
6362,2020-06-11 19:00:00,81.78366,8.742500000000007,5.2164547592401505
6363,2020-06-11 20:00:00,81.79721,8.762979999999999,4.542031779885292
6364,2020-06-11 21:00:00,81.82917,8.629130000000004,2.9559824764728546
6365,2020-06-11 22:00:00,81.85144,8.496649999999988,2.6105679273605347
6366,2020-06-11 23:00:00,81.8624,8.542730000000006,2.2683451175689697
6367,2020-06-12 00:00:00,81.8827,8.562569999999994,1.8997783809900284
6368,2020-06-12 01:00:00,81.93453,8.427719999999994,1.7903580963611603
6369,2020-06-12 02:00:00,81.95928,8.338740000000001,1.535559058189392
6370,2020-06-12 03:00:00,81.98306,8.284359999999992,1.3781414330005646
6371,2020-06-12 04:00:00,82.00206,8.273860000000013,1.4109194874763489
6372,2020-06-12 05:00:00,82.01915,8.258440000000007,1.5913429707288742
6373,2020-06-12 06:00:00,82.0375,8.271170000000012,1.9624879956245422
6374,2020-06-12 07:00:00,82.04122,8.28934000000001,2.1830867677927017
6375,2020-06-12 08:00:00,82.07005,8.249140000000011,2.4601233452558517
6376,2020-06-12 09:00:00,82.0891,8.322839999999985,2.7638248801231384
6377,2020-06-12 10:00:00,82.09252,8.318099999999987,2.6680442690849304
6378,2020-06-12 11:00:00,82.09637,8.273349999999994,2.5855244398117065
6379,2020-06-12 12:00:00,82.12407,8.107799999999997,2.354938969016075
6380,2020-06-12 13:00:00,82.14197,7.915729999999996,1.9882082641124725
6381,2020-06-12 14:00:00,82.18306,7.83005,2.687356263399124
6382,2020-06-12 15:00:00,82.18732,7.810540000000003,2.3597106486558914
6383,2020-06-12 16:00:00,82.19199,7.788330000000002,1.6925212442874908
6384,2020-06-12 17:00:00,82.20572,7.793900000000008,2.4220028668642044
6385,2020-06-12 18:00:00,82.20814,7.748860000000008,3.1491081416606903
6386,2020-06-12 19:00:00,82.20588,7.727640000000008,4.195287495851517
6387,2020-06-12 20:00:00,82.20316,7.710730000000012,3.1942391395568848
6388,2020-06-12 21:00:00,82.20447,7.732049999999987,5.042958289384842
6389,2020-06-12 22:00:00,82.20586,7.674209999999988,5.188401326537132
6390,2020-06-12 23:00:00,82.21964,7.599889999999988,5.150054425001144
6391,2020-06-13 00:00:00,82.21809,7.577679999999987,5.465475425124168
6392,2020-06-13 01:00:00,82.2175,7.560730000000007,5.6658775806427
6393,2020-06-13 02:00:00,82.21235,7.546590000000009,6.215755075216293
6394,2020-06-13 03:00:00,82.20736,7.5370200000000125,6.734320044517517
6395,2020-06-13 04:00:00,82.20193,7.533060000000006,6.785117834806442
6396,2020-06-13 05:00:00,82.19582,7.538540000000012,7.556257367134094
6397,2020-06-13 06:00:00,82.19024,7.5484500000000025,7.885165601968765
6398,2020-06-13 07:00:00,82.18473,7.566879999999998,7.657035142183304
6399,2020-06-13 08:00:00,82.1794,7.589940000000013,9.311053767800331
6400,2020-06-13 09:00:00,82.17412,7.6152700000000095,9.960471108555794
6401,2020-06-13 10:00:00,82.16861,7.640899999999988,10.5373115837574
6402,2020-06-13 11:00:00,82.16251,7.664629999999988,10.777242884039879
6403,2020-06-13 12:00:00,82.15551,7.6830699999999865,11.416549861431122
6404,2020-06-13 13:00:00,82.1479,7.696339999999992,11.416755393147469
6405,2020-06-13 14:00:00,82.13958,7.7034400000000005,10.635670781135559
6406,2020-06-13 15:00:00,82.13075,7.70277999999999,10.979769378900528
6407,2020-06-13 16:00:00,82.12169,7.693810000000013,10.652488753199577
6408,2020-06-13 17:00:00,82.11327,7.678020000000004,10.440383106470108
6409,2020-06-13 18:00:00,82.10622,7.656839999999988,9.912373095750809
6410,2020-06-13 19:00:00,82.10018,7.637810000000002,9.381339341402054
6411,2020-06-13 20:00:00,82.09537,7.623199999999997,9.014122515916824
6412,2020-06-13 21:00:00,82.09183,7.616230000000002,8.696048349142075
6413,2020-06-13 22:00:00,82.08906,7.618860000000012,8.42706598341465
6414,2020-06-13 23:00:00,82.08658,7.632170000000002,8.121940851211548
6415,2020-06-14 00:00:00,82.08418,7.65222,7.503980278968811
6416,2020-06-14 01:00:00,82.0815,7.674749999999989,6.675773710012436
6417,2020-06-14 02:00:00,82.0785,7.7004599999999925,6.125851571559906
6418,2020-06-14 03:00:00,82.07531,7.7270599999999945,5.847431242465973
6419,2020-06-14 04:00:00,82.07208,7.752469999999988,5.980560302734375
6420,2020-06-14 05:00:00,82.06877,7.7761099999999885,5.738151520490646
6421,2020-06-14 06:00:00,82.06561,7.7973499999999945,5.590179949998856
6422,2020-06-14 07:00:00,82.06282,7.812240000000003,5.595862612128258
6423,2020-06-14 08:00:00,82.05958,7.818929999999995,5.618129909038544
6424,2020-06-14 09:00:00,82.05645,7.819760000000002,5.789460390806198
6425,2020-06-14 10:00:00,82.05281,7.8195499999999925,5.782843679189682
6426,2020-06-14 11:00:00,82.04858,7.819709999999986,5.718723073601723
6427,2020-06-14 12:00:00,82.04361,7.816820000000007,5.727482721209526
6428,2020-06-14 13:00:00,82.03776,7.810200000000009,5.753545179963112
6429,2020-06-14 14:00:00,82.03091,7.7991600000000005,5.695128262042999
6430,2020-06-14 15:00:00,82.02321,7.779380000000003,5.821205407381058
6431,2020-06-14 16:00:00,82.01483,7.751170000000002,5.795762971043587
6432,2020-06-14 17:00:00,82.02285,7.7682100000000105,6.101135283708572
6433,2020-06-14 18:00:00,82.02018,7.747590000000002,6.235670030117035
6434,2020-06-14 19:00:00,82.01637,7.719840000000005,6.5588337779045105
6435,2020-06-14 20:00:00,82.01184,7.698309999999992,6.713507115840912
6436,2020-06-14 21:00:00,82.00953,7.685769999999991,6.842723906040192
6437,2020-06-14 22:00:00,82.01104,7.737650000000002,6.937965571880341
6438,2020-06-14 23:00:00,82.01117,7.758780000000002,7.113275706768036
6439,2020-06-15 00:00:00,82.01063,7.831799999999987,7.4954958856105804
6440,2020-06-15 01:00:00,82.00734,7.911319999999989,8.085322439670563
6441,2020-06-15 02:00:00,82.00279,7.965990000000005,8.62166091799736
6442,2020-06-15 03:00:00,81.99827,8.005840000000006,8.744449317455292
6443,2020-06-15 04:00:00,81.99479,8.032730000000015,9.231202125549316
6444,2020-06-15 05:00:00,81.99406,8.054090000000002,8.903014466166496
6445,2020-06-15 06:00:00,81.99392,8.03313,8.58142103254795
6446,2020-06-15 07:00:00,81.99616,8.019290000000012,9.307801999151707
6447,2020-06-15 08:00:00,81.99385,8.024799999999999,10.061852842569351
6448,2020-06-15 09:00:00,81.99855,8.08617000000001,10.226619943976402
6449,2020-06-15 10:00:00,82.00088,8.164230000000003,10.920807912945747
6450,2020-06-15 11:00:00,81.99949,8.17743999999999,12.145456075668335
6451,2020-06-15 12:00:00,82.01327,8.229989999999987,11.700103789567947
6452,2020-06-15 13:00:00,82.06309,8.179930000000013,11.212354764342308
6453,2020-06-15 14:00:00,82.10283,8.14685,11.022836193442345
6454,2020-06-15 15:00:00,82.11849,8.257769999999994,10.364462286233902
6455,2020-06-15 16:00:00,82.16809,8.417079999999999,9.893079340457916
6456,2020-06-15 17:00:00,82.17867,8.519499999999994,10.019829213619232
6457,2020-06-15 18:00:00,82.20635,8.413710000000009,10.391036733984947
6458,2020-06-15 19:00:00,82.21986,8.212979999999988,10.872864186763763
6459,2020-06-15 20:00:00,82.21443,8.188269999999989,11.180591404438019
6460,2020-06-15 21:00:00,82.20841,8.184329999999989,11.261652201414108
6461,2020-06-15 22:00:00,82.20766,8.20156,11.40963277220726
6462,2020-06-15 23:00:00,82.20166,8.213099999999997,11.641302704811096
6463,2020-06-16 00:00:00,82.19567,8.230150000000009,12.144684210419655
6464,2020-06-16 01:00:00,82.18919,8.242850000000004,11.797028094530106
6465,2020-06-16 02:00:00,82.18236,8.25403,11.721543788909912
6466,2020-06-16 03:00:00,82.17558,8.304630000000003,11.475669175386429
6467,2020-06-16 04:00:00,82.19562,8.247309999999999,11.221250548958778
6468,2020-06-16 05:00:00,82.22065,8.180020000000013,10.529922991991043
6469,2020-06-16 06:00:00,82.22656,8.294299999999993,9.932185292243958
6470,2020-06-16 07:00:00,82.2273,8.288229999999999,9.493680089712143
6471,2020-06-16 08:00:00,82.22039,8.300569999999993,9.324528902769089
6472,2020-06-16 09:00:00,82.21501,8.311360000000008,8.972835943102837
6473,2020-06-16 10:00:00,82.20843,8.31971999999999,8.865792647004128
6474,2020-06-16 11:00:00,82.20165,8.317550000000011,8.044542655348778
6475,2020-06-16 12:00:00,82.19438,8.313940000000002,7.578267693519592
6476,2020-06-16 13:00:00,82.18663,8.306780000000003,7.181815288960934
6477,2020-06-16 14:00:00,82.1857,8.287880000000001,6.849739760160446
6478,2020-06-16 15:00:00,82.19069,8.347309999999993,6.676496252417564
6479,2020-06-16 16:00:00,82.18464,8.324630000000013,6.561223566532135
6480,2020-06-16 17:00:00,82.17918,8.297159999999991,6.38145087659359
6481,2020-06-16 18:00:00,82.17417,8.272279999999995,6.01537199318409
6482,2020-06-16 19:00:00,82.16972,8.248670000000004,5.592700839042664
6483,2020-06-16 20:00:00,82.16675,8.231169999999992,5.136139705777168
6484,2020-06-16 21:00:00,82.16454,8.227069999999998,4.865249395370483
6485,2020-06-16 22:00:00,82.16311,8.233489999999989,4.949080616235733
6486,2020-06-16 23:00:00,82.16214,8.247680000000003,5.24658790230751
6487,2020-06-17 00:00:00,82.16134,8.267150000000015,5.743383049964905
6488,2020-06-17 01:00:00,82.16033,8.289659999999998,6.302191272377968
6489,2020-06-17 02:00:00,82.15887,8.314580000000007,6.461189791560173
6490,2020-06-17 03:00:00,82.15695,8.34226000000001,6.491901367902756
6491,2020-06-17 04:00:00,82.15438,8.372109999999992,6.71225418150425
6492,2020-06-17 05:00:00,82.15143,8.406080000000003,6.8079046458005905
6493,2020-06-17 06:00:00,82.17188,8.402539999999988,7.902881696820259
6494,2020-06-17 07:00:00,82.16829,8.440329999999989,7.916385054588318
6495,2020-06-17 08:00:00,82.16357,8.469699999999989,7.4515062272548676
6496,2020-06-17 09:00:00,82.15873,8.493140000000011,7.207846000790596
6497,2020-06-17 10:00:00,82.15412,8.509860000000003,7.312205120921135
6498,2020-06-17 11:00:00,82.14939,8.519260000000003,7.214376911520958
6499,2020-06-17 12:00:00,82.14436,8.521029999999996,7.4057081788778305
6500,2020-06-17 13:00:00,82.13911,8.515999999999991,6.7523816376924515
6501,2020-06-17 14:00:00,82.13446,8.505539999999996,5.718109294772148
6502,2020-06-17 15:00:00,82.12988,8.489329999999995,5.53656929731369
6503,2020-06-17 16:00:00,82.12565,8.468430000000012,5.511166334152222
6504,2020-06-17 17:00:00,82.12249,8.448579999999993,5.478498384356499
6505,2020-06-17 18:00:00,82.1198,8.426880000000011,5.393961578607559
6506,2020-06-17 19:00:00,82.11734,8.411139999999989,5.302926242351532
6507,2020-06-17 20:00:00,82.11499,8.401970000000006,5.168060719966888
6508,2020-06-17 21:00:00,82.11325,8.399730000000005,5.061932176351547
6509,2020-06-17 22:00:00,82.11211,8.403580000000005,4.931579351425171
6510,2020-06-17 23:00:00,82.11133,8.413790000000006,4.815625488758087
6511,2020-06-18 00:00:00,82.11076,8.42931999999999,4.666476354002953
6512,2020-06-18 01:00:00,82.11004,8.447839999999985,4.545909687876701
6513,2020-06-18 02:00:00,82.10895,8.469390000000004,4.562706142663956
6514,2020-06-18 03:00:00,82.10732,8.491980000000012,4.699304223060608
6515,2020-06-18 04:00:00,82.10462,8.512650000000008,4.995172172784805
6516,2020-06-18 05:00:00,82.10105,8.52716000000001,5.38984252512455
6517,2020-06-18 06:00:00,82.09725,8.532759999999996,5.684144005179405
6518,2020-06-18 07:00:00,82.09312,8.53555,5.83468559384346
6519,2020-06-18 08:00:00,82.08901,8.536509999999993,6.348425447940826
6520,2020-06-18 09:00:00,82.08491,8.537059999999997,6.6568335592746735
6521,2020-06-18 10:00:00,82.08072,8.538170000000008,7.306911386549473
6522,2020-06-18 11:00:00,82.07658,8.539569999999998,6.788672849535942
6523,2020-06-18 12:00:00,82.07207,8.539379999999994,6.448842838406563
6524,2020-06-18 13:00:00,82.0671,8.53331,6.9558452516794205
6525,2020-06-18 14:00:00,82.0617,8.519990000000007,6.8974273800849915
6526,2020-06-18 15:00:00,82.05608,8.499089999999995,6.499580666422844
6527,2020-06-18 16:00:00,82.05149,8.432119999999998,6.1023387014865875
6528,2020-06-18 17:00:00,82.04447,8.506519999999995,5.975007563829422
6529,2020-06-18 18:00:00,82.04129,8.47641999999999,5.861837208271027
6530,2020-06-18 19:00:00,82.03876,8.457549999999998,5.562279224395752
6531,2020-06-18 20:00:00,82.03715,8.444169999999986,5.2820669412612915
6532,2020-06-18 21:00:00,82.03581,8.441339999999997,4.973525315523148
6533,2020-06-18 22:00:00,82.035,8.447969999999998,4.713415503501892
6534,2020-06-18 23:00:00,82.0351,8.460070000000002,4.601790100336075
6535,2020-06-19 00:00:00,82.03584,8.477630000000005,4.499936550855637
6536,2020-06-19 01:00:00,82.03686,8.499030000000005,4.470320954918861
6537,2020-06-19 02:00:00,82.03781,8.522950000000009,4.640884026885033
6538,2020-06-19 03:00:00,82.0384,8.54853,5.442547872662544
6539,2020-06-19 04:00:00,82.03844,8.576760000000007,6.041005373001099
6540,2020-06-19 05:00:00,82.03779,8.606539999999995,6.363735124468803
6541,2020-06-19 06:00:00,82.03654,8.63785999999999,6.588982105255127
6542,2020-06-19 07:00:00,82.0346,8.665250000000015,6.737864822149277
6543,2020-06-19 08:00:00,82.03135,8.673220000000015,6.920916214585304
6544,2020-06-19 09:00:00,82.02881,8.688269999999989,6.970516070723534
6545,2020-06-19 10:00:00,82.02713,8.700040000000001,7.116155371069908
6546,2020-06-19 11:00:00,82.02725,8.718220000000002,7.118180349469185
6547,2020-06-19 12:00:00,82.02769,8.74251000000001,6.99468320608139
6548,2020-06-19 13:00:00,82.02782,8.76767000000001,6.87155319750309
6549,2020-06-19 14:00:00,82.02769,8.788630000000012,6.807913824915886
6550,2020-06-19 15:00:00,82.02711,8.805350000000004,7.184088096022606
6551,2020-06-19 16:00:00,82.02684,8.812219999999996,7.054364055395126
6552,2020-06-19 17:00:00,82.02695,8.811350000000004,6.746974021196365
6553,2020-06-19 18:00:00,82.02738,8.807410000000004,6.686505690217018
6554,2020-06-19 19:00:00,82.02818,8.803750000000008,6.213867872953415
6555,2020-06-19 20:00:00,82.02915,8.80682999999999,5.791254878044128
6556,2020-06-19 21:00:00,82.03057,8.81841,5.870134592056274
6557,2020-06-19 22:00:00,82.03222,8.842399999999998,5.867017149925232
6558,2020-06-19 23:00:00,82.03433,8.870769999999993,5.496434509754181
6559,2020-06-20 00:00:00,82.03671,8.903169999999989,5.275074809789658
6560,2020-06-20 01:00:00,82.03906,8.939009999999996,4.552950590848923
6561,2020-06-20 02:00:00,82.04108,8.975609999999989,4.1524632424116135
6562,2020-06-20 03:00:00,82.04264,9.010899999999992,3.7985450327396393
6563,2020-06-20 04:00:00,82.04366,9.042930000000013,3.3792358189821243
6564,2020-06-20 05:00:00,82.04387,9.072429999999997,2.892531767487526
6565,2020-06-20 06:00:00,82.04334,9.09912,2.465280205011368
6566,2020-06-20 07:00:00,82.04206,9.120679999999993,2.1261623054742813
6567,2020-06-20 08:00:00,82.04006,9.136629999999997,1.9734817892313004
6568,2020-06-20 09:00:00,82.03734,9.147369999999995,1.9862457662820816
6569,2020-06-20 10:00:00,82.03407,9.154269999999997,2.109698235988617
6570,2020-06-20 11:00:00,82.03044,9.155640000000005,2.1925856322050095
6571,2020-06-20 12:00:00,82.02692,9.151240000000001,2.2627443373203278
6572,2020-06-20 13:00:00,82.02362,9.140160000000009,2.335565283894539
6573,2020-06-20 14:00:00,82.02029,9.123750000000001,2.3835394829511642
6574,2020-06-20 15:00:00,82.01707,9.100719999999995,2.3647600412368774
6575,2020-06-20 16:00:00,82.01419,9.070609999999988,2.3695486038923264
6576,2020-06-20 17:00:00,82.01197,9.036090000000002,2.4062725603580475
6577,2020-06-20 18:00:00,82.0106,9.005030000000005,2.318569615483284
6578,2020-06-20 19:00:00,82.00992,8.980279999999993,2.3434478640556335
6579,2020-06-20 20:00:00,82.00961,8.963470000000001,2.0948759019374847
6580,2020-06-20 21:00:00,82.00965,8.957390000000004,1.8583814054727554
6581,2020-06-20 22:00:00,82.01004,8.96359000000001,1.8784444034099579
6582,2020-06-20 23:00:00,82.01075,8.978730000000013,1.999834269285202
6583,2020-06-21 00:00:00,82.01169,8.999509999999987,2.139539435505867
6584,2020-06-21 01:00:00,82.01272,9.02582000000001,2.259583458304405
6585,2020-06-21 02:00:00,82.01368,9.054990000000004,2.323615550994873
6586,2020-06-21 03:00:00,82.01431,9.08644000000001,2.3646217733621597
6587,2020-06-21 04:00:00,82.01424,9.116690000000006,2.492667555809021
6588,2020-06-21 05:00:00,82.01318,9.144080000000002,2.6902859956026077
6589,2020-06-21 06:00:00,82.01094,9.167429999999996,2.854015201330185
6590,2020-06-21 07:00:00,82.00748,9.185550000000006,2.972717434167862
6591,2020-06-21 08:00:00,82.00318,9.197910000000007,3.1582722514867783
6592,2020-06-21 09:00:00,81.99834,9.204669999999993,3.4203169494867325
6593,2020-06-21 10:00:00,81.99314,9.205719999999985,3.709972783923149
6594,2020-06-21 11:00:00,81.98748,9.201899999999995,3.8042291700839996
6595,2020-06-21 12:00:00,81.98196,9.187579999999997,3.938528820872307
6596,2020-06-21 13:00:00,81.97743,9.162759999999992,4.14331878721714
6597,2020-06-21 14:00:00,81.97374,9.135919999999999,3.847112238407135
6598,2020-06-21 15:00:00,81.97093,9.10918000000001,3.573853060603142
6599,2020-06-21 16:00:00,81.96916,9.08393000000001,3.2839573472738266
6600,2020-06-21 17:00:00,81.96843,9.059249999999992,3.2186518907546997
6601,2020-06-21 18:00:00,81.96848,9.038849999999996,3.2547877728939056
6602,2020-06-21 19:00:00,81.96891,9.02552,3.3577945232391357
6603,2020-06-21 20:00:00,81.96931,9.017860000000013,3.6579770147800446
6604,2020-06-21 21:00:00,81.96979,9.017230000000012,4.058681488037109
6605,2020-06-21 22:00:00,81.97061,9.023719999999997,4.2824462950229645
6606,2020-06-21 23:00:00,81.97185,9.04047,4.322868824005127
6607,2020-06-22 00:00:00,81.97366,9.06608,4.271972626447678
6608,2020-06-22 01:00:00,81.97591,9.095200000000006,4.217674612998962
6609,2020-06-22 02:00:00,81.97859,9.127749999999992,4.286807507276535
6610,2020-06-22 03:00:00,81.98136,9.164549999999991,4.381993129849434
6611,2020-06-22 04:00:00,81.98392,9.202490000000012,4.410878449678421
6612,2020-06-22 05:00:00,81.98589,9.241199999999992,4.472402393817902
6613,2020-06-22 06:00:00,81.98674,9.278549999999996,4.709456831216812
6614,2020-06-22 07:00:00,81.98594,9.311630000000008,5.064960360527039
6615,2020-06-22 08:00:00,81.98393,9.335919999999987,5.240883678197861
6616,2020-06-22 09:00:00,81.98063,9.34921,5.545086398720741
6617,2020-06-22 10:00:00,81.97619,9.352840000000015,5.698759943246841
6618,2020-06-22 11:00:00,81.9717,9.343500000000006,5.535559862852097
6619,2020-06-22 12:00:00,81.96777,9.325569999999999,5.514190539717674
6620,2020-06-22 13:00:00,81.965,9.303850000000011,5.470259338617325
6621,2020-06-22 14:00:00,81.96321,9.280339999999995,5.355486661195755
6622,2020-06-22 15:00:00,81.9627,9.256220000000013,5.125013217329979
6623,2020-06-22 16:00:00,81.9635,9.234219999999993,5.169747874140739
6624,2020-06-22 17:00:00,81.96521,9.218040000000002,5.306590229272842
6625,2020-06-22 18:00:00,81.9673,9.203980000000001,5.4441575556993484
6626,2020-06-22 19:00:00,81.96998,9.192430000000002,5.428893715143204
6627,2020-06-22 20:00:00,81.97309,9.192370000000011,5.366889983415604
6628,2020-06-22 21:00:00,81.97632,9.199970000000008,5.3444554656744
6629,2020-06-22 22:00:00,81.97968,9.2166,5.284483477473259
6630,2020-06-22 23:00:00,81.98347,9.242040000000003,5.595938593149185
6631,2020-06-23 00:00:00,81.98781,9.275659999999988,5.912605941295624
6632,2020-06-23 01:00:00,81.99282,9.319299999999998,6.027454748749733
6633,2020-06-23 02:00:00,81.99793,9.370550000000009,6.1928099393844604
6634,2020-06-23 03:00:00,82.00282,9.427960000000013,6.171006441116333
6635,2020-06-23 04:00:00,82.007,9.486169999999987,6.222699135541916
6636,2020-06-23 05:00:00,82.01027,9.542259999999999,6.499541789293289
6637,2020-06-23 06:00:00,82.01241,9.592060000000004,6.934838086366653
6638,2020-06-23 07:00:00,82.01291,9.63449,7.179154679179192
6639,2020-06-23 08:00:00,82.01173,9.666930000000008,7.359418734908104
6640,2020-06-23 09:00:00,82.0095,9.688870000000009,7.630911663174629
6641,2020-06-23 10:00:00,82.0062,9.699819999999988,7.877173155546188
6642,2020-06-23 11:00:00,82.00249,9.70105000000001,7.993750423192978
6643,2020-06-23 12:00:00,81.99867,9.696580000000012,8.040693566203117
6644,2020-06-23 13:00:00,81.99595,9.68995000000001,7.9642210975289345
6645,2020-06-23 14:00:00,81.99445,9.682559999999995,8.025036737322807
6646,2020-06-23 15:00:00,81.99359,9.673609999999996,8.325182154774666
6647,2020-06-23 16:00:00,81.99367,9.658760000000001,8.567092433571815
6648,2020-06-23 17:00:00,81.99479,9.63757000000001,8.508134126663208
6649,2020-06-23 18:00:00,81.99733,9.61518000000001,8.120400160551071
6650,2020-06-23 19:00:00,82.00089,9.598690000000005,7.678927689790726
6651,2020-06-23 20:00:00,82.00535,9.590149999999994,6.9133152067661285
6652,2020-06-23 21:00:00,82.01028,9.58753999999999,6.655234009027481
6653,2020-06-23 22:00:00,82.01551,9.592180000000013,6.531221434473991
6654,2020-06-23 23:00:00,82.02067,9.60623000000001,6.587167531251907
6655,2020-06-24 00:00:00,82.0258,9.63024999999999,6.554169878363609
6656,2020-06-24 01:00:00,82.03115,9.667779999999993,6.504380568861961
6657,2020-06-24 02:00:00,82.0365,9.715769999999992,6.460227653384209
6658,2020-06-24 03:00:00,82.04167,9.769389999999987,6.597122937440872
6659,2020-06-24 04:00:00,82.04604,9.826660000000004,6.761259958148003
6660,2020-06-24 05:00:00,82.04924,9.88239999999999,6.850016564130783
6661,2020-06-24 06:00:00,82.0509,9.929480000000012,6.7480266988277435
6662,2020-06-24 07:00:00,82.05133,9.965219999999988,6.548186182975769
6663,2020-06-24 08:00:00,82.04989,9.988580000000013,6.349371448159218
6664,2020-06-24 09:00:00,82.04759,10.002319999999997,6.184845268726349
6665,2020-06-24 10:00:00,82.04415,10.004889999999989,5.935629025101662
6666,2020-06-24 11:00:00,82.04019,10.001139999999992,5.774917080998421
6667,2020-06-24 12:00:00,82.03634,9.990080000000006,5.899225056171417
6668,2020-06-24 13:00:00,82.03264,9.974040000000002,6.401611506938934
6669,2020-06-24 14:00:00,82.02934,9.954800000000006,6.708960384130478
6670,2020-06-24 15:00:00,82.02706,9.932449999999989,6.875783026218414
6671,2020-06-24 16:00:00,82.02576,9.904480000000007,5.903273344039917
6672,2020-06-24 17:00:00,82.02563,9.87321,5.388356298208237
6673,2020-06-24 18:00:00,82.02679,9.841700000000003,5.492392688989639
6674,2020-06-24 19:00:00,82.02881,9.81689,5.664374053478241
6675,2020-06-24 20:00:00,82.03171,9.800929999999994,5.627399250864983
6676,2020-06-24 21:00:00,82.03546,9.792300000000012,5.588239908218384
6677,2020-06-24 22:00:00,82.03954,9.79149000000001,5.674068376421928
6678,2020-06-24 23:00:00,82.04369,9.801919999999996,5.952685281634331
6679,2020-06-25 00:00:00,82.048,9.82611,6.351280391216278
6680,2020-06-25 01:00:00,82.05258,9.86124000000001,6.588064342737198
6681,2020-06-25 02:00:00,82.05699,9.906830000000014,6.475938484072685
6682,2020-06-25 03:00:00,82.0608,9.960329999999999,6.076086938381195
6683,2020-06-25 04:00:00,82.06385,10.01581999999999,5.529458478093147
6684,2020-06-25 05:00:00,82.0659,10.070040000000006,5.089947521686554
6685,2020-06-25 06:00:00,82.06667,10.118529999999993,4.742430120706558
6686,2020-06-25 07:00:00,82.06662,10.157700000000006,4.503275200724602
6687,2020-06-25 08:00:00,82.06562,10.184830000000005,4.503430932760239
6688,2020-06-25 09:00:00,82.06363,10.198370000000011,4.619186833500862
6689,2020-06-25 10:00:00,82.06064,10.201189999999997,4.855844035744667
6690,2020-06-25 11:00:00,82.05696,10.194799999999987,4.898193910717964
6691,2020-06-25 12:00:00,82.05297,10.180200000000013,4.7963546216487885
6692,2020-06-25 13:00:00,82.04832,10.159420000000011,4.833430826663971
6693,2020-06-25 14:00:00,82.04366,10.135690000000011,4.769654721021652
6694,2020-06-25 15:00:00,82.03969,10.108149999999995,4.681275799870491
6695,2020-06-25 16:00:00,82.03606,10.076899999999995,4.563860237598419
6696,2020-06-25 17:00:00,82.03309,10.045199999999994,4.345313906669617
6697,2020-06-25 18:00:00,82.03142,10.00721999999999,4.088855624198914
6698,2020-06-25 19:00:00,82.03079,9.966849999999994,3.8858586996793747
6699,2020-06-25 20:00:00,82.03151,9.930679999999995,3.6797419786453247
6700,2020-06-25 21:00:00,82.0336,9.90182999999999,3.5712070614099503
6701,2020-06-25 22:00:00,82.03649,9.882170000000002,3.5979556292295456
6702,2020-06-25 23:00:00,82.03977,9.874120000000005,3.70480877161026
6703,2020-06-26 00:00:00,82.04326,9.879040000000003,3.794578954577446
6704,2020-06-26 01:00:00,82.04685,9.895659999999992,3.7974996715784073
6705,2020-06-26 02:00:00,82.05018,9.922680000000014,3.818240374326706
6706,2020-06-26 03:00:00,82.05273,9.959090000000003,3.8906922787427902
6707,2020-06-26 04:00:00,82.0544,10.00263000000001,4.041619509458542
6708,2020-06-26 05:00:00,82.05448,10.053629999999998,4.209115386009216
6709,2020-06-26 06:00:00,82.05331,10.103070000000002,4.285174712538719
6710,2020-06-26 07:00:00,82.05094,10.14670000000001,4.143302023410797
6711,2020-06-26 08:00:00,82.04742,10.182179999999988,3.7974347472190857
6712,2020-06-26 09:00:00,82.04325,10.20832999999999,3.6590306162834167
6713,2020-06-26 10:00:00,82.03838,10.220850000000013,3.9188447445631027
6714,2020-06-26 11:00:00,82.03266,10.221769999999992,3.906519040465355
6715,2020-06-26 12:00:00,82.02612,10.213539999999995,4.1744407415390015
6716,2020-06-26 13:00:00,82.01919,10.19174000000001,4.691552832722664
6717,2020-06-26 14:00:00,82.01221,10.16040000000001,5.185643598437309
6718,2020-06-26 15:00:00,82.00521,10.126339999999999,5.006489545106888
6719,2020-06-26 16:00:00,81.998,10.089439999999996,5.2330508679151535
6720,2020-06-26 17:00:00,81.99123,10.04740000000001,5.090029358863831
6721,2020-06-26 18:00:00,81.9855,10.002350000000007,5.161598697304726
6722,2020-06-26 19:00:00,81.98081,9.956490000000002,5.65175199508667
6723,2020-06-26 20:00:00,81.97777,9.91413,5.877429157495499
6724,2020-06-26 21:00:00,81.97589,9.869689999999991,6.322075575590134
6725,2020-06-26 22:00:00,81.97556,9.831739999999996,6.560871481895447
6726,2020-06-26 23:00:00,81.97634,9.804540000000003,6.789445787668228
6727,2020-06-27 00:00:00,81.97756,9.789970000000011,6.560142353177071
6728,2020-06-27 01:00:00,81.97844,9.78555,6.79509674012661
6729,2020-06-27 02:00:00,81.97952,9.79128,6.837692677974701
6730,2020-06-27 03:00:00,81.98025,9.804939999999988,6.805484980344772
6731,2020-06-27 04:00:00,81.98008,9.82580999999999,6.790760576725006
6732,2020-06-27 05:00:00,81.97864,9.850279999999998,6.888588398694992
6733,2020-06-27 06:00:00,81.97666,9.873709999999988,7.0061222314834595
6734,2020-06-27 07:00:00,81.97372,9.897729999999996,7.055793583393097
6735,2020-06-27 08:00:00,81.96903,9.907759999999996,7.078499361872673
6736,2020-06-27 09:00:00,81.96397,9.911789999999996,7.161162704229355
6737,2020-06-27 10:00:00,81.95856,9.908850000000001,7.115307331085205
6738,2020-06-27 11:00:00,81.95331,9.897850000000005,6.787482336163521
6739,2020-06-27 12:00:00,81.94782,9.881959999999992,6.4066642969846725
6740,2020-06-27 13:00:00,81.94172,9.86330000000001,5.88455705344677
6741,2020-06-27 14:00:00,81.93513,9.842070000000007,5.451749861240387
6742,2020-06-27 15:00:00,81.92826,9.816750000000013,5.242785289883614
6743,2020-06-27 16:00:00,81.92173,9.787229999999994,5.180360928177834
6744,2020-06-27 17:00:00,81.91587,9.754220000000004,5.047180637717247
6745,2020-06-27 18:00:00,81.91083,9.714570000000009,4.8455996215343475
6746,2020-06-27 19:00:00,81.90718,9.668959999999998,4.724423706531525
6747,2020-06-27 20:00:00,81.90541,9.623789999999985,4.7635800540447235
6748,2020-06-27 21:00:00,81.90498,9.580189999999988,4.765666261315346
6749,2020-06-27 22:00:00,81.90554,9.540289999999999,4.8013597428798676
6750,2020-06-27 23:00:00,81.90662,9.507920000000013,4.733294188976288
6751,2020-06-28 00:00:00,81.90779,9.486549999999994,4.598150968551636
6752,2020-06-28 01:00:00,81.90864,9.476030000000009,4.624308869242668
6753,2020-06-28 02:00:00,81.90903,9.476310000000012,4.936529159545898
6754,2020-06-28 03:00:00,81.9084,9.483339999999998,5.440908715128899
6755,2020-06-28 04:00:00,81.90704,9.491829999999993,6.09359547495842
6756,2020-06-28 05:00:00,81.90523,9.501710000000003,6.739545300602913
6757,2020-06-28 06:00:00,81.90235,9.511709999999994,7.230466827750206
6758,2020-06-28 07:00:00,81.89917,9.516379999999998,7.496917396783829
6759,2020-06-28 08:00:00,81.89583,9.515870000000007,7.905952215194702
6760,2020-06-28 09:00:00,81.89209,9.513090000000005,7.533062562346458
6761,2020-06-28 10:00:00,81.88738,9.506779999999992,7.162573590874672
6762,2020-06-28 11:00:00,81.88164,9.495460000000008,7.415275052189827
6763,2020-06-28 12:00:00,81.8752,9.478710000000007,7.013007715344429
6764,2020-06-28 13:00:00,81.8684,9.45689999999999,6.836680710315704
6765,2020-06-28 14:00:00,81.86134,9.430659999999989,6.3127435222268105
6766,2020-06-28 15:00:00,81.85412,9.401139999999998,6.123620882630348
6767,2020-06-28 16:00:00,81.84701,9.369370000000004,5.932030603289604
6768,2020-06-28 17:00:00,81.84043,9.335620000000006,5.915795385837555
6769,2020-06-28 18:00:00,81.83472,9.301109999999994,5.868651121854782
6770,2020-06-28 19:00:00,81.83041,9.265590000000003,5.485291451215744
6771,2020-06-28 20:00:00,81.82814,9.23218,5.2267996072769165
6772,2020-06-28 21:00:00,81.82764,9.203599999999994,4.747847348451614
6773,2020-06-28 22:00:00,81.8281,9.181610000000006,4.316675841808319
6774,2020-06-28 23:00:00,81.82925,9.16516999999999,3.9824221432209015
6775,2020-06-29 00:00:00,81.83084,9.155100000000004,3.7610875964164734
6776,2020-06-29 01:00:00,81.83253,9.15213,3.63744093477726
6777,2020-06-29 02:00:00,81.83377,9.153860000000009,3.8394616842269897
6778,2020-06-29 03:00:00,81.83379,9.158510000000007,3.6440011262893677
6779,2020-06-29 04:00:00,81.83304,9.165780000000012,3.450421765446663
6780,2020-06-29 05:00:00,81.83207,9.17258000000001,3.7728758603334427
6781,2020-06-29 06:00:00,81.83082,9.179609999999997,3.7930917739868164
6782,2020-06-29 07:00:00,81.82937,9.181600000000003,3.6973945647478104
6783,2020-06-29 08:00:00,81.82822,9.180560000000014,3.8110677748918533
6784,2020-06-29 09:00:00,81.8272,9.175080000000008,3.7794129997491837
6785,2020-06-29 10:00:00,81.82642,9.165809999999993,3.616212859749794
6786,2020-06-29 11:00:00,81.82542,9.155599999999993,3.5060575902462006
6787,2020-06-29 12:00:00,81.82392,9.143579999999986,3.684393882751465
6788,2020-06-29 13:00:00,81.82152,9.127489999999995,3.759474813938141
6789,2020-06-29 14:00:00,81.81821,9.107959999999991,3.7681622356176376
6790,2020-06-29 15:00:00,81.8143,9.08511999999999,3.73599411547184
6791,2020-06-29 16:00:00,81.81009,9.058969999999988,3.5578053146600723
6792,2020-06-29 17:00:00,81.80592,9.030519999999996,3.387954019010067
6793,2020-06-29 18:00:00,81.80226,8.999310000000008,3.0182748287916183
6794,2020-06-29 19:00:00,81.79983,8.969690000000014,2.903614968061447
6795,2020-06-29 20:00:00,81.79874,8.944009999999992,3.109034478664398
6796,2020-06-29 21:00:00,81.79905,8.922599999999989,3.2860825657844543
6797,2020-06-29 22:00:00,81.80039,8.909559999999999,3.192393273115158
6798,2020-06-29 23:00:00,81.80238,8.904779999999988,3.065635308623314
6799,2020-06-30 00:00:00,81.80459,8.90816000000001,2.8764676451683044
6800,2020-06-30 01:00:00,81.80626,8.918920000000014,2.742628887295723
6801,2020-06-30 02:00:00,81.80706,8.932819999999992,2.8655422776937485
6802,2020-06-30 03:00:00,81.80681,8.947929999999985,3.0193962305784225
6803,2020-06-30 04:00:00,81.8058,8.960289999999986,3.1581339836120605
6804,2020-06-30 05:00:00,81.80408,8.970979999999997,3.5370907485485077
6805,2020-06-30 06:00:00,81.80192,8.978129999999993,3.871815711259842
6806,2020-06-30 07:00:00,81.8,8.980430000000013,4.049433313310146
6807,2020-06-30 08:00:00,81.79832,8.980150000000009,4.233280152082443
6808,2020-06-30 09:00:00,81.7971,8.979389999999995,4.496232181787491
6809,2020-06-30 10:00:00,81.79579,8.97905,4.622550040483475
6810,2020-06-30 11:00:00,81.79441,8.977480000000014,4.675176441669464
6811,2020-06-30 12:00:00,81.79257,8.975169999999991,4.68999545276165
6812,2020-06-30 13:00:00,81.79011,8.969719999999995,4.801103562116623
6813,2020-06-30 14:00:00,81.787,8.960100000000011,4.828338071703911
6814,2020-06-30 15:00:00,81.78332,8.945670000000007,4.939561456441879
6815,2020-06-30 16:00:00,81.77925,8.926729999999992,5.006094813346863
6816,2020-06-30 17:00:00,81.77523,8.904930000000007,4.725224673748016
6817,2020-06-30 18:00:00,81.77186,8.882409999999993,4.5146706104278564
6818,2020-06-30 19:00:00,81.76948,8.859090000000009,4.607297852635384
6819,2020-06-30 20:00:00,81.76837,8.836849999999998,4.64262892305851
6820,2020-06-30 21:00:00,81.76883,8.819760000000002,4.509346827864647
6821,2020-06-30 22:00:00,81.77057,8.810810000000004,4.2584075182676315
6822,2020-06-30 23:00:00,81.77284,8.810859999999991,3.886483743786812
6823,2020-07-01 00:00:00,81.77536,8.81944999999999,3.691634953022003
6824,2020-07-01 01:00:00,81.77736,8.832870000000014,3.533024564385414
6825,2020-07-01 02:00:00,81.77835,8.849109999999996,3.0785427391529083
6826,2020-07-01 03:00:00,81.77821,8.865010000000012,2.533351019024849
6827,2020-07-01 04:00:00,81.77702,8.878199999999993,2.1529559940099716
6828,2020-07-01 05:00:00,81.77506,8.887290000000007,2.069593459367752
6829,2020-07-01 06:00:00,81.77251,8.891629999999992,2.10905385017395
6830,2020-07-01 07:00:00,81.77003,8.89009999999999,2.031142607331276
6831,2020-07-01 08:00:00,81.76826,8.885590000000008,1.7819708287715912
6832,2020-07-01 09:00:00,81.76716,8.880480000000006,1.5375978499650955
6833,2020-07-01 10:00:00,81.76655,8.876100000000008,1.3275238424539566
6834,2020-07-01 11:00:00,81.7661,8.872180000000014,1.0517712831497192
6835,2020-07-01 12:00:00,81.76562,8.868290000000002,0.7885758131742477
6836,2020-07-01 13:00:00,81.76476,8.86393000000001,0.8513788282871246
6837,2020-07-01 14:00:00,81.76338,8.857200000000006,1.1231593042612076
6838,2020-07-01 15:00:00,81.76138,8.844680000000011,1.436489388346672
6839,2020-07-01 16:00:00,81.75902,8.826429999999988,1.786938801407814
6840,2020-07-01 17:00:00,81.75661,8.804159999999996,2.1655482351779938
6841,2020-07-01 18:00:00,81.75457,8.77973,2.058845341205597
6842,2020-07-01 19:00:00,81.75331,8.756110000000007,1.9753813445568085
6843,2020-07-01 20:00:00,81.75307,8.735299999999995,2.1847027242183685
6844,2020-07-01 21:00:00,81.75398,8.718760000000003,2.6224522590637207
6845,2020-07-01 22:00:00,81.75549,8.707510000000013,2.9844150990247726
6846,2020-07-01 23:00:00,81.75724,8.700260000000014,3.2553903460502625
6847,2020-07-02 00:00:00,81.75907,8.69529,3.708830803632736
6848,2020-07-02 01:00:00,81.76059,8.691699999999997,4.281795084476471
6849,2020-07-02 02:00:00,81.76123,8.689940000000007,4.764099434018135
6850,2020-07-02 03:00:00,81.76081,8.68422000000001,5.182469576597214
6851,2020-07-02 04:00:00,81.75895,8.673169999999999,5.826110005378723
6852,2020-07-02 05:00:00,81.7557,8.657800000000009,6.364869594573975
6853,2020-07-02 06:00:00,81.75146,8.636860000000013,6.664538621902466
6854,2020-07-02 07:00:00,81.74642,8.612599999999986,7.3438795655965805
6855,2020-07-02 08:00:00,81.74075,8.585250000000002,7.500499203801155
6856,2020-07-02 09:00:00,81.73494,8.55447000000001,7.260809361934662
6857,2020-07-02 10:00:00,81.7297,8.521919999999994,7.488697782158852
6858,2020-07-02 11:00:00,81.72498,8.489920000000012,7.870783105492592
6859,2020-07-02 12:00:00,81.72045,8.459429999999998,8.204535469412804
6860,2020-07-02 13:00:00,81.7162,8.427899999999994,8.536342769861221
6861,2020-07-02 14:00:00,81.71168,8.395780000000002,8.73360825330019
6862,2020-07-02 15:00:00,81.70666,8.362729999999999,8.6634681224823
6863,2020-07-02 16:00:00,81.70121,8.326699999999988,8.499431133270264
6864,2020-07-02 17:00:00,81.69557,8.285470000000004,8.362631008028984
6865,2020-07-02 18:00:00,81.69071,8.239650000000012,8.222322091460228
6866,2020-07-02 19:00:00,81.68709,8.190660000000008,8.207965344190598
6867,2020-07-02 20:00:00,81.68529,8.139399999999995,8.27381420135498
6868,2020-07-02 21:00:00,81.68605,8.09411,8.271497219800949
6869,2020-07-02 22:00:00,81.68854,8.05519000000001,8.144865453243256
6870,2020-07-02 23:00:00,81.69223,8.025389999999987,7.928648501634598
6871,2020-07-03 00:00:00,81.69558,8.005529999999993,7.729571804404259
6872,2020-07-03 01:00:00,81.698,7.992379999999997,7.598025947809219
6873,2020-07-03 02:00:00,81.6992,7.98078000000001,7.495392441749573
6874,2020-07-03 03:00:00,81.69927,7.967880000000008,7.6601602435112
6875,2020-07-03 04:00:00,81.69776,7.952220000000011,8.240063831210136
6876,2020-07-03 05:00:00,81.6946,7.928370000000001,8.780593648552895
6877,2020-07-03 06:00:00,81.6902,7.892040000000009,9.15817092359066
6878,2020-07-03 07:00:00,81.68506,7.84523999999999,9.48255330324173
6879,2020-07-03 08:00:00,81.67978,7.789449999999988,9.393693953752518
6880,2020-07-03 09:00:00,81.67557,7.723129999999998,8.954117819666862
6881,2020-07-03 10:00:00,81.67263,7.652839999999998,8.683051124215126
6882,2020-07-03 11:00:00,81.67125,7.581520000000012,8.803840175271034
6883,2020-07-03 12:00:00,81.67165,7.515209999999996,9.249990701675415
6884,2020-07-03 13:00:00,81.67317,7.455999999999989,9.775133937597275
6885,2020-07-03 14:00:00,81.6755,7.40209999999999,10.38800086081028
6886,2020-07-03 15:00:00,81.67798,7.357789999999994,10.685615122318268
6887,2020-07-03 16:00:00,81.67896,7.316869999999994,10.623987436294556
6888,2020-07-03 17:00:00,81.67974,7.2722499999999854,10.499895304441452
6889,2020-07-03 18:00:00,81.68079,7.2243799999999965,10.24982351064682
6890,2020-07-03 19:00:00,81.68188,7.1792700000000025,10.187159985303879
6891,2020-07-03 20:00:00,81.68341,7.137969999999996,10.026050090789795
6892,2020-07-03 21:00:00,81.68595,7.09738999999999,9.62926484644413
6893,2020-07-03 22:00:00,81.68953,7.056549999999987,9.62339049577713
6894,2020-07-03 23:00:00,81.69451,7.022580000000005,9.431150913238525
6895,2020-07-04 00:00:00,81.69968,6.99978999999999,8.864341586828232
6896,2020-07-04 01:00:00,81.70505,6.98590999999999,8.800066649913788
6897,2020-07-04 02:00:00,81.70914,6.977589999999992,8.93932418525219
6898,2020-07-04 03:00:00,81.71144,6.974050000000005,9.182206124067307
6899,2020-07-04 04:00:00,81.71248,6.969560000000001,9.404909670352936
6900,2020-07-04 05:00:00,81.71248,6.9611500000000035,9.201871186494827
6901,2020-07-04 06:00:00,81.71112,6.944199999999995,9.492956936359406
6902,2020-07-04 07:00:00,81.70894,6.916850000000011,9.339094206690788
6903,2020-07-04 08:00:00,81.70703,6.8796199999999885,9.82345250248909
6904,2020-07-04 09:00:00,81.70576,6.834640000000007,9.410969212651253
6905,2020-07-04 10:00:00,81.70558,6.7856800000000135,8.960506960749626
6906,2020-07-04 11:00:00,81.70646,6.73993999999999,8.466902941465378
6907,2020-07-04 12:00:00,81.70845,6.704530000000005,7.448175758123398
6908,2020-07-04 13:00:00,81.71095,6.682899999999989,5.985398530960083
6909,2020-07-04 14:00:00,81.713,6.669309999999996,4.967565514147282
6910,2020-07-04 15:00:00,81.71442,6.657999999999987,4.318994604051113
6911,2020-07-04 16:00:00,81.71546,6.645160000000004,3.4973544627428055
6912,2020-07-04 17:00:00,81.7159,6.629449999999991,3.09825237095356
6913,2020-07-04 18:00:00,81.71579,6.610839999999996,3.2648542523384094
6914,2020-07-04 19:00:00,81.71558,6.589709999999997,3.298484727740288
6915,2020-07-04 20:00:00,81.71573,6.567180000000008,3.461322456598282
6916,2020-07-04 21:00:00,81.71686,6.5466399999999965,3.8626335859298706
6917,2020-07-04 22:00:00,81.71941,6.529869999999988,4.161448448896408
6918,2020-07-04 23:00:00,81.72264,6.522120000000001,4.2324285209178925
6919,2020-07-05 00:00:00,81.7259,6.525810000000007,3.6566934287548065
6920,2020-07-05 01:00:00,81.72854,6.537319999999994,4.241751030087471
6921,2020-07-05 02:00:00,81.73026,6.549839999999989,4.61015909910202
6922,2020-07-05 03:00:00,81.73085,6.559809999999999,5.022811830043793
6923,2020-07-05 04:00:00,81.72988,6.56271000000001,5.6723653972148895
6924,2020-07-05 05:00:00,81.72715,6.551880000000011,6.238554060459137
6925,2020-07-05 06:00:00,81.72313,6.526420000000002,6.259028419852257
6926,2020-07-05 07:00:00,81.71847,6.487819999999999,6.284175544977188
6927,2020-07-05 08:00:00,81.7137,6.439040000000006,5.945598229765892
6928,2020-07-05 09:00:00,81.70947,6.38873000000001,5.853872925043106
6929,2020-07-05 10:00:00,81.70596,6.341319999999996,6.503079533576965
6930,2020-07-05 11:00:00,81.70211,6.295479999999998,6.947668120265007
6931,2020-07-05 12:00:00,81.69782,6.249779999999987,6.807900682091713
6932,2020-07-05 13:00:00,81.69381,6.206610000000012,6.949120566248894
6933,2020-07-05 14:00:00,81.69024,6.161869999999993,7.304751932621002
6934,2020-07-05 15:00:00,81.68763,6.114210000000014,7.626030921936035
6935,2020-07-05 16:00:00,81.68556,6.06465,7.804054409265518
6936,2020-07-05 17:00:00,81.68372,6.0124700000000075,7.826388373970985
6937,2020-07-05 18:00:00,81.68232,5.95729,7.695991560816765
6938,2020-07-05 19:00:00,81.68161,5.901540000000011,7.512070059776306
6939,2020-07-05 20:00:00,81.68217,5.8463999999999885,7.349674999713898
6940,2020-07-05 21:00:00,81.68345,5.797069999999991,7.2214535772800446
6941,2020-07-05 22:00:00,81.68558,5.756249999999994,7.16779088973999
6942,2020-07-05 23:00:00,81.68979,5.723099999999988,7.159903317689896
6943,2020-07-06 00:00:00,81.69459,5.700909999999993,7.390833392739296
6944,2020-07-06 01:00:00,81.69894,5.688580000000002,7.559905037283897
6945,2020-07-06 02:00:00,81.70248,5.683619999999991,7.664363205432892
6946,2020-07-06 03:00:00,81.70527,5.684110000000004,7.585221111774445
6947,2020-07-06 04:00:00,81.70669,5.682709999999986,7.46391361951828
6948,2020-07-06 05:00:00,81.70656,5.675009999999986,7.281903192400932
6949,2020-07-06 06:00:00,81.70508,5.659780000000012,7.067035585641861
6950,2020-07-06 07:00:00,81.70232,5.636879999999991,6.885922521352768
6951,2020-07-06 08:00:00,81.69844,5.60338999999999,6.635370209813118
6952,2020-07-06 09:00:00,81.69411,5.560789999999997,6.500459164381027
6953,2020-07-06 10:00:00,81.68965,5.513540000000006,6.549118489027023
6954,2020-07-06 11:00:00,81.68536,5.462469999999996,6.657216295599937
6955,2020-07-06 12:00:00,81.68166,5.408970000000011,6.786101475358009
6956,2020-07-06 13:00:00,81.67886,5.355739999999997,6.969384074211121
6957,2020-07-06 14:00:00,81.67714,5.307819999999992,7.0991711765527725
6958,2020-07-06 15:00:00,81.67602,5.2640499999999975,7.076672315597534
6959,2020-07-06 16:00:00,81.67506,5.222669999999994,7.040696769952774
6960,2020-07-06 17:00:00,81.67371,5.179090000000002,7.241814777255058
6961,2020-07-06 18:00:00,81.67206,5.132730000000009,7.311624586582184
6962,2020-07-06 19:00:00,81.67032,5.082310000000007,7.366374373435974
6963,2020-07-06 20:00:00,81.66884,5.029410000000013,7.454586893320084
6964,2020-07-06 21:00:00,81.66788,4.976529999999997,7.586261481046677
6965,2020-07-06 22:00:00,81.66737,4.925459999999987,7.562642008066177
6966,2020-07-06 23:00:00,81.66747,4.879660000000001,7.646316111087799
6967,2020-07-07 00:00:00,81.66903,4.844950000000011,7.824041843414307
6968,2020-07-07 01:00:00,81.67115,4.817489999999992,7.922463297843933
6969,2020-07-07 02:00:00,81.67358,4.796840000000003,7.966035962104797
6970,2020-07-07 03:00:00,81.67557,4.784150000000011,8.026753664016724
6971,2020-07-07 04:00:00,81.67664,4.780110000000008,8.36983385682106
6972,2020-07-07 05:00:00,81.67623,4.77919,8.701446622610092
6973,2020-07-07 06:00:00,81.67392,4.770620000000008,8.802984207868576
6974,2020-07-07 07:00:00,81.66996,4.755159999999989,9.045469835400581
6975,2020-07-07 08:00:00,81.66439,4.727669999999989,9.866601943969727
6976,2020-07-07 09:00:00,81.65797,4.688060000000007,10.575677424669266
6977,2020-07-07 10:00:00,81.65129,4.639949999999999,10.074146285653114
6978,2020-07-07 11:00:00,81.64495,4.580520000000007,9.849934458732605
6979,2020-07-07 12:00:00,81.6398,4.5133399999999995,10.01574769616127
6980,2020-07-07 13:00:00,81.6359,4.442350000000005,9.537273645401001
6981,2020-07-07 14:00:00,81.63311,4.373259999999988,9.667808845639229
6982,2020-07-07 15:00:00,81.6313,4.309269999999998,9.96934224665165
6983,2020-07-07 16:00:00,81.62976,4.249300000000005,9.991126582026482
6984,2020-07-07 17:00:00,81.6283,4.190380000000005,9.950571820139885
6985,2020-07-07 18:00:00,81.62659,4.132170000000002,9.857136696577072
6986,2020-07-07 19:00:00,81.62409,4.071329999999989,9.856227830052376
6987,2020-07-07 20:00:00,81.62136,4.008659999999992,9.867183074355125
6988,2020-07-07 21:00:00,81.61902,3.9429599999999994,9.973287969827652
6989,2020-07-07 22:00:00,81.61723,3.877190000000013,10.095147833228111
6990,2020-07-07 23:00:00,81.61664,3.8116400000000112,10.213535770773888
6991,2020-07-08 00:00:00,81.61746,3.750409999999988,10.749354392290115
6992,2020-07-08 01:00:00,81.61944,3.6950899999999933,10.862760722637177
6993,2020-07-08 02:00:00,81.6217,3.6509499999999946,11.129037648439407
6994,2020-07-08 03:00:00,81.62371,3.61712,10.981153145432472
6995,2020-07-08 04:00:00,81.62483,3.5880500000000097,10.64630115032196
6996,2020-07-08 05:00:00,81.62462,3.560540000000003,10.307930380105972
6997,2020-07-08 06:00:00,81.62357,3.531720000000007,10.144548758864403
6998,2020-07-08 07:00:00,81.62138,3.4999799999999937,9.969331964850426
6999,2020-07-08 08:00:00,81.61794,3.463930000000005,9.927648842334747
7000,2020-07-08 09:00:00,81.61313,3.4230499999999893,10.073214337229729
7001,2020-07-08 10:00:00,81.60739,3.372530000000012,10.14368024468422
7002,2020-07-08 11:00:00,81.60173,3.311939999999993,10.072024017572403
7003,2020-07-08 12:00:00,81.59656,3.2503399999999942,10.017150044441223
7004,2020-07-08 13:00:00,81.59247,3.188260000000014,9.78656692802906
7005,2020-07-08 14:00:00,81.5899,3.1251000000000033,9.524188071489334
7006,2020-07-08 15:00:00,81.58824,3.065899999999999,9.12939204275608
7007,2020-07-08 16:00:00,81.58657,3.018339999999995,8.852944537997246
7008,2020-07-08 17:00:00,81.58491,2.975760000000008,8.648548021912575
7009,2020-07-08 18:00:00,81.58268,2.936080000000004,8.392178386449814
7010,2020-07-08 19:00:00,81.58,2.8947900000000004,7.983793467283249
7011,2020-07-08 20:00:00,81.57636,2.8540000000000134,7.568048536777496
7012,2020-07-08 21:00:00,81.57237,2.80865,7.362215593457222
7013,2020-07-08 22:00:00,81.56837,2.7594100000000026,7.287237048149109
7014,2020-07-08 23:00:00,81.56521,2.709630000000004,7.154796063899994
7015,2020-07-09 00:00:00,81.56213,2.6678599999999904,6.9684178829193115
7016,2020-07-09 01:00:00,81.56078,2.6320399999999893,6.810843765735626
7017,2020-07-09 02:00:00,81.56044,2.6092099999999903,6.674267917871475
7018,2020-07-09 03:00:00,81.56031,2.6011000000000024,6.454392164945602
7019,2020-07-09 04:00:00,81.56046,2.600760000000008,6.1176628321409225
7020,2020-07-09 05:00:00,81.56052,2.602749999999986,5.683113723993301
7021,2020-07-09 06:00:00,81.5602,2.604929999999996,5.14081484079361
7022,2020-07-09 07:00:00,81.55923,2.6060799999999915,4.71156419813633
7023,2020-07-09 08:00:00,81.55747,2.605770000000007,4.344436377286911
7024,2020-07-09 09:00:00,81.55462,2.6035300000000063,3.5575952231884003
7025,2020-07-09 10:00:00,81.55082,2.598639999999989,3.0962751656770706
7026,2020-07-09 11:00:00,81.54644,2.5909599999999955,3.106618896126747
7027,2020-07-09 12:00:00,81.54248,2.5823900000000037,2.8994259983301163
7028,2020-07-09 13:00:00,81.53897,2.573919999999987,2.84021358191967
7029,2020-07-09 14:00:00,81.53595,2.567200000000014,2.844958007335663
7030,2020-07-09 15:00:00,81.53318,2.561489999999992,2.780427634716034
7031,2020-07-09 16:00:00,81.53054,2.5573200000000043,2.5275532007217407
7032,2020-07-09 17:00:00,81.52805,2.5488200000000063,2.51964770257473
7033,2020-07-09 18:00:00,81.52603,2.5338199999999915,2.3112305998802185
7034,2020-07-09 19:00:00,81.52469,2.5121499999999912,1.791931003332138
7035,2020-07-09 20:00:00,81.52366,2.4874499999999955,1.8910350799560547
7036,2020-07-09 21:00:00,81.52254,2.4622500000000116,2.3764586448669434
7037,2020-07-09 22:00:00,81.5214,2.438060000000007,2.748592108488083
7038,2020-07-09 23:00:00,81.5205,2.415169999999989,3.0239164531230927
7039,2020-07-10 00:00:00,81.51997,2.3962300000000027,2.210576891899109
7040,2020-07-10 01:00:00,81.51988,2.3833999999999946,2.516645908355713
7041,2020-07-10 02:00:00,81.52051,2.3780500000000018,2.7619659155607224
7042,2020-07-10 03:00:00,81.52153,2.3789999999999907,2.938339024782181
7043,2020-07-10 04:00:00,81.5228,2.3847100000000125,3.0029173344373703
7044,2020-07-10 05:00:00,81.52349,2.392560000000003,3.4360682517290115
7045,2020-07-10 06:00:00,81.52348,2.400499999999994,4.227758556604385
7046,2020-07-10 07:00:00,81.52266,2.4066799999999944,4.6040536016225815
7047,2020-07-10 08:00:00,81.52103,2.409339999999986,4.939835786819458
7048,2020-07-10 09:00:00,81.51841,2.407759999999996,4.969252586364746
7049,2020-07-10 10:00:00,81.51474,2.4003199999999936,5.60690338909626
7050,2020-07-10 11:00:00,81.51054,2.3873299999999915,5.594309583306313
7051,2020-07-10 12:00:00,81.50622,2.368850000000009,5.381236359477043
7052,2020-07-10 13:00:00,81.50191,2.3462499999999977,4.856457501649857
7053,2020-07-10 14:00:00,81.49786,2.320619999999991,5.1473309844732285
7054,2020-07-10 15:00:00,81.49401,2.293219999999991,5.0063381642103195
7055,2020-07-10 16:00:00,81.49056,2.2657900000000097,5.122359484434128
7056,2020-07-10 17:00:00,81.48753,2.238030000000009,5.272928342223167
7057,2020-07-10 18:00:00,81.48511,2.203460000000007,4.993668407201767
7058,2020-07-10 19:00:00,81.48319,2.166930000000008,5.038097411394119
7059,2020-07-10 20:00:00,81.4816,2.1290500000000065,5.188443526625633
7060,2020-07-10 21:00:00,81.47972,2.0912999999999897,5.476779252290726
7061,2020-07-10 22:00:00,81.4779,2.0457999999999856,5.33699369430542
7062,2020-07-10 23:00:00,81.47604,1.998899999999992,5.761199966073036
7063,2020-07-11 00:00:00,81.47443,1.9565200000000118,6.085650384426117
7064,2020-07-11 01:00:00,81.47285,1.915629999999993,6.305160403251648
7065,2020-07-11 02:00:00,81.47099,1.8814999999999884,6.893768161535263
7066,2020-07-11 03:00:00,81.46901,1.85193000000001,7.693104147911072
7067,2020-07-11 04:00:00,81.46728,1.8259600000000091,8.134018659591675
7068,2020-07-11 05:00:00,81.46558,1.8037999999999954,8.555233135819435
7069,2020-07-11 06:00:00,81.46333,1.7815300000000036,8.933880433440208
7070,2020-07-11 07:00:00,81.46051,1.7554800000000057,9.192119598388672
7071,2020-07-11 08:00:00,81.45726,1.7232899999999916,9.509954199194908
7072,2020-07-11 09:00:00,81.45363,1.6854199999999935,9.959825426340103
7073,2020-07-11 10:00:00,81.44993,1.6409999999999911,10.290696233510971
7074,2020-07-11 11:00:00,81.44711,1.5898200000000031,10.465767040848732
7075,2020-07-11 12:00:00,81.4458,1.5367799999999932,10.46113021671772
7076,2020-07-11 13:00:00,81.44538,1.483000000000004,10.631515443325043
7077,2020-07-11 14:00:00,81.44516,1.4258000000000095,11.042554885149002
7078,2020-07-11 15:00:00,81.44561,1.3677800000000104,11.317905880510807
7079,2020-07-11 16:00:00,81.44693,1.3102199999999868,11.283661514520645
7080,2020-07-11 17:00:00,81.44873,1.2563000000000102,11.249179035425186
7081,2020-07-11 18:00:00,81.45049,1.207950000000011,11.19027404487133
7082,2020-07-11 19:00:00,81.45131,1.163000000000011,11.216190099716187
7083,2020-07-11 20:00:00,81.4514,1.111459999999994,10.990591868758202
7084,2020-07-11 21:00:00,81.45086,1.0578399999999988,10.674906820058823
7085,2020-07-11 22:00:00,81.44946,0.9949300000000108,10.47745868563652
7086,2020-07-11 23:00:00,81.44711,0.9251199999999926,10.128439575433731
7087,2020-07-12 00:00:00,81.44543,0.8464500000000044,9.735505253076553
7088,2020-07-12 01:00:00,81.44491,0.7696699999999908,9.498474061489105
7089,2020-07-12 02:00:00,81.44606,0.7055599999999913,9.174342662096024
7090,2020-07-12 03:00:00,81.44837,0.6557799999999929,8.915086418390274
7091,2020-07-12 04:00:00,81.45106,0.6245700000000056,8.654660269618034
7092,2020-07-12 05:00:00,81.45315,0.6089900000000057,8.308131501078606
7093,2020-07-12 06:00:00,81.4542,0.6028100000000052,7.90665128827095
7094,2020-07-12 07:00:00,81.45412,0.5975300000000061,7.388253718614578
7095,2020-07-12 08:00:00,81.45272,0.5892399999999895,7.251823872327805
7096,2020-07-12 09:00:00,81.45041,0.5741700000000094,7.040036961436272
7097,2020-07-12 10:00:00,81.44779,0.5509700000000066,7.035667791962624
7098,2020-07-12 11:00:00,81.44535,0.521649999999994,6.737767219543457
7099,2020-07-12 12:00:00,81.44365,0.4906599999999912,6.305446892976761
7100,2020-07-12 13:00:00,81.44272,0.4617100000000107,5.792621418833733
7101,2020-07-12 14:00:00,81.44048,0.43197000000000685,5.333391144871712
7102,2020-07-12 15:00:00,81.44466,0.45235999999999876,5.021296799182892
7103,2020-07-12 16:00:00,81.44323,0.42250000000001364,4.6965280175209045
7104,2020-07-12 17:00:00,81.44283,0.41301999999998884,4.434398263692856
7105,2020-07-12 18:00:00,81.44247,0.41040000000000987,4.1894374787807465
7106,2020-07-12 19:00:00,81.44164,0.40668999999999755,3.8999122083187103
7107,2020-07-12 20:00:00,81.43996,0.39732000000000767,3.5102034211158752
7108,2020-07-12 21:00:00,81.43802,0.3828900000000033,3.207757741212845
7109,2020-07-12 22:00:00,81.4356,0.362480000000005,3.0881753861904144
7110,2020-07-12 23:00:00,81.43364,0.3413799999999867,2.929555758833885
7111,2020-07-13 00:00:00,81.4319,0.321629999999999,2.7253915518522263
7112,2020-07-13 01:00:00,81.43062,0.30359999999998877,2.611599087715149
7113,2020-07-13 02:00:00,81.42967,0.2892999999999972,2.389398917555809
7114,2020-07-13 03:00:00,81.42913,0.28097999999999956,2.1797314286231995
7115,2020-07-13 04:00:00,81.42881,0.28034999999999854,2.001874700188637
7116,2020-07-13 05:00:00,81.42842,0.287620000000004,1.7555547207593918
7117,2020-07-13 06:00:00,81.4277,0.2991100000000131,1.5609124898910522
7118,2020-07-13 07:00:00,81.42636,0.3107599999999877,1.4801959693431854
7119,2020-07-13 08:00:00,81.42442,0.31827999999998724,1.5617062151432037
7120,2020-07-13 09:00:00,81.42211,0.31970000000001164,1.588618203997612
7121,2020-07-13 10:00:00,81.4198,0.31569999999999254,1.6296945214271545
7122,2020-07-13 11:00:00,81.41768,0.3080400000000054,1.6709707528352737
7123,2020-07-13 12:00:00,81.41587,0.29879999999999995,1.5853769332170486
7124,2020-07-13 13:00:00,81.41441,0.28998999999998887,1.5954760015010834
7125,2020-07-13 14:00:00,81.41326,0.2829099999999869,1.5412749499082565
7126,2020-07-13 15:00:00,81.41236,0.2786999999999864,1.4910503327846527
7127,2020-07-13 16:00:00,81.41155,0.27744999999998754,1.3829516917467117
7128,2020-07-13 17:00:00,81.41082,0.2777900000000102,1.271357923746109
7129,2020-07-13 18:00:00,81.40995,0.2778199999999913,1.4349248111248016
7130,2020-07-13 19:00:00,81.40898,0.27595999999999776,1.6446605324745178
7131,2020-07-13 20:00:00,81.40779,0.26885999999998944,1.7924364507198334
7132,2020-07-13 21:00:00,81.40669,0.2583500000000072,1.8628754019737244
7133,2020-07-13 22:00:00,81.40581,0.24616000000000327,1.9401816427707672
7134,2020-07-13 23:00:00,81.40506,0.2347300000000132,1.9358048737049103
7135,2020-07-14 00:00:00,81.40436,0.2236300000000142,1.8346892893314362
7136,2020-07-14 01:00:00,81.40336,0.21055999999998676,1.6995303928852081
7137,2020-07-14 02:00:00,81.40252,0.2029799999999966,1.8057981133460999
7138,2020-07-14 03:00:00,81.40174,0.20194000000000756,1.894953191280365
7139,2020-07-14 04:00:00,81.40068,0.2082200000000114,1.9244657754898071
7140,2020-07-14 05:00:00,81.39905,0.21858000000000288,1.9682356268167496
7141,2020-07-14 06:00:00,81.3968,0.23060000000000969,2.1124729067087173
7142,2020-07-14 07:00:00,81.3939,0.240949999999998,2.4591588377952576
7143,2020-07-14 08:00:00,81.39079,0.2487299999999948,2.8411102443933487
7144,2020-07-14 09:00:00,81.38754,0.2529399999999953,2.971792533993721
7145,2020-07-14 10:00:00,81.38427,0.25430000000000064,3.0346845388412476
7146,2020-07-14 11:00:00,81.38101,0.25415000000000987,3.267651528120041
7147,2020-07-14 12:00:00,81.37765,0.25371999999998707,3.4036864191293716
7148,2020-07-14 13:00:00,81.37425,0.25481999999999516,3.3091147392988205
7149,2020-07-14 14:00:00,81.37082,0.25820999999999117,3.220096230506897
7150,2020-07-14 15:00:00,81.36719,0.263859999999994,3.200123906135559
7151,2020-07-14 16:00:00,81.36341,0.2720199999999977,3.0414999127388
7152,2020-07-14 17:00:00,81.3596,0.28152000000000044,2.8657984286546707
7153,2020-07-14 18:00:00,81.35564,0.28944000000001324,2.5227947533130646
7154,2020-07-14 19:00:00,81.35153,0.29308000000000334,2.497272789478302
7155,2020-07-14 20:00:00,81.34758,0.29201000000000477,2.5020004212856293
7156,2020-07-14 21:00:00,81.34399,0.2859500000000139,2.608101636171341
7157,2020-07-14 22:00:00,81.3412,0.2795900000000131,2.786772310733795
7158,2020-07-14 23:00:00,81.33895,0.275180000000006,3.0830347687005997
7159,2020-07-15 00:00:00,81.33697,0.2744899999999859,3.4812209606170654
7160,2020-07-15 01:00:00,81.3349,0.27759000000000356,3.813109815120697
7161,2020-07-15 02:00:00,81.33268,0.28535999999999717,4.115187644958496
7162,2020-07-15 03:00:00,81.32994,0.29642999999998665,4.302267819643021
7163,2020-07-15 04:00:00,81.3265,0.30897999999999115,4.113818556070328
7164,2020-07-15 05:00:00,81.32236,0.3208500000000072,3.8664674013853073
7165,2020-07-15 06:00:00,81.31774,0.3300800000000095,3.4949164986610413
7166,2020-07-15 07:00:00,81.31303,0.33556999999998993,3.241328001022339
7167,2020-07-15 08:00:00,81.30856,0.33741000000000554,2.933101609349251
7168,2020-07-15 09:00:00,81.30471,0.3361099999999908,2.6451335102319717
7169,2020-07-15 10:00:00,81.30158,0.33202,2.3715671747922897
7170,2020-07-15 11:00:00,81.29922,0.32608999999999355,2.07980115711689
7171,2020-07-15 12:00:00,81.29746,0.3203399999999874,1.8812525421380997
7172,2020-07-15 13:00:00,81.29596,0.3164600000000064,1.8341860920190811
7173,2020-07-15 14:00:00,81.29446,0.3147899999999879,1.8009651154279709
7174,2020-07-15 15:00:00,81.29257,0.3160399999999868,1.7541581094264984
7175,2020-07-15 16:00:00,81.29009,0.3192099999999982,1.6522299200296402
7176,2020-07-15 17:00:00,81.28713,0.32352000000000203,1.6601856052875519
7177,2020-07-15 18:00:00,81.2838,0.32824999999999704,1.719193771481514
7178,2020-07-15 19:00:00,81.28018,0.3316499999999962,1.647984579205513
7179,2020-07-15 20:00:00,81.27665,0.3315499999999929,1.5864976644515991
7180,2020-07-15 21:00:00,81.27352,0.32793000000000916,1.5058581233024597
7181,2020-07-15 22:00:00,81.27095,0.32227000000000317,1.6476381123065948
7182,2020-07-15 23:00:00,81.26894,0.3154700000000048,1.8561304658651352
7183,2020-07-16 00:00:00,81.26729,0.3090400000000102,1.8875798285007477
7184,2020-07-16 01:00:00,81.26562,0.30416999999999916,2.1348249465227127
7185,2020-07-16 02:00:00,81.2635,0.30207999999998947,2.4326878041028976
7186,2020-07-16 03:00:00,81.26079,0.30258000000000607,2.732085734605789
7187,2020-07-16 04:00:00,81.25742,0.30471000000000004,3.0081333816051483
7188,2020-07-16 05:00:00,81.25358,0.30714000000000397,3.317130833864212
7189,2020-07-16 06:00:00,81.24939,0.30920000000000414,3.494645893573761
7190,2020-07-16 07:00:00,81.24506,0.3108400000000131,3.5946754664182663
7191,2020-07-16 08:00:00,81.24075,0.3107400000000098,3.734315872192383
7192,2020-07-16 09:00:00,81.2367,0.30826999999999316,4.110997051000595
7193,2020-07-16 10:00:00,81.23315,0.30317999999999756,3.9867997765541077
7194,2020-07-16 11:00:00,81.23022,0.29623000000000843,4.0149301290512085
7195,2020-07-16 12:00:00,81.22752,0.28858999999999924,3.7241794764995575
7196,2020-07-16 13:00:00,81.22488,0.28197000000000116,3.6309542506933212
7197,2020-07-16 14:00:00,81.22228,0.27753000000001293,3.1752816289663315
7198,2020-07-16 15:00:00,81.21919,0.2755999999999972,3.0684448033571243
7199,2020-07-16 16:00:00,81.21565,0.27637999999998897,3.0247364789247513
7200,2020-07-16 17:00:00,81.21157,0.27914999999998713,2.6359062790870667
7201,2020-07-16 18:00:00,81.20713,0.2830600000000061,2.5865552574396133
7202,2020-07-16 19:00:00,81.20262,0.2858099999999979,2.8970885276794434
7203,2020-07-16 20:00:00,81.1983,0.28664000000000556,3.149090498685837
7204,2020-07-16 21:00:00,81.19458,0.28654000000000224,3.1109953075647354
7205,2020-07-16 22:00:00,81.19154,0.28607999999999834,2.966227501630783
7206,2020-07-16 23:00:00,81.18921,0.28665000000000873,2.945354849100113
7207,2020-07-17 00:00:00,81.18747,0.28951000000000704,2.931653380393982
7208,2020-07-17 01:00:00,81.18591,0.2948599999999999,2.954692557454109
7209,2020-07-17 02:00:00,81.18427,0.3041499999999928,2.8422855734825134
7210,2020-07-17 03:00:00,81.18187,0.31622999999999024,2.5304591208696365
7211,2020-07-17 04:00:00,81.17866,0.3305000000000007,2.5272320359945297
7212,2020-07-17 05:00:00,81.17481,0.34253000000001066,2.5724666863679886
7213,2020-07-17 06:00:00,81.17042,0.3527400000000114,2.47059665620327
7214,2020-07-17 07:00:00,81.16526,0.35768999999999096,2.328052341938019
7215,2020-07-17 08:00:00,81.16082,0.36346000000000345,2.5539918690919876
7216,2020-07-17 09:00:00,81.15645,0.36522999999999683,2.745991885662079
7217,2020-07-17 10:00:00,81.15225,0.3621400000000108,2.6847040206193924
7218,2020-07-17 11:00:00,81.14896,0.35971000000000686,2.450732097029686
7219,2020-07-17 12:00:00,81.14603,0.35670999999999253,2.434678837656975
7220,2020-07-17 13:00:00,81.14359,0.3546000000000049,2.7455467581748962
7221,2020-07-17 14:00:00,81.14138,0.3526200000000017,2.8188507109880447
7222,2020-07-17 15:00:00,81.13889,0.35464999999999236,2.456248462200165
7223,2020-07-17 16:00:00,81.13538,0.3581800000000044,2.150648355484009
7224,2020-07-17 17:00:00,81.13116,0.3623200000000111,1.9132425338029861
7225,2020-07-17 18:00:00,81.12634,0.3670500000000061,1.786969155073166
7226,2020-07-17 19:00:00,81.12167,0.36936000000000035,1.7480409443378448
7227,2020-07-17 20:00:00,81.1175,0.3698500000000138,1.6783942878246307
7228,2020-07-17 21:00:00,81.11395,0.36957000000001017,1.7875767648220062
7229,2020-07-17 22:00:00,81.11099,0.3711399999999969,1.9265413284301758
7230,2020-07-17 23:00:00,81.10863,0.373880000000014,2.0418708324432373
7231,2020-07-18 00:00:00,81.1066,0.3805499999999995,2.0305718183517456
7232,2020-07-18 01:00:00,81.10516,0.39173999999999864,2.000373288989067
7233,2020-07-18 02:00:00,81.103,0.40366000000000213,1.9685244113206863
7234,2020-07-18 03:00:00,81.09982,0.4141400000000033,1.8524773716926575
7235,2020-07-18 04:00:00,81.09585,0.4244199999999978,1.8243706077337265
7236,2020-07-18 05:00:00,81.09058,0.43610000000001037,1.96716970205307
7237,2020-07-18 06:00:00,81.08408,0.44155000000000655,2.3687471002340317
7238,2020-07-18 07:00:00,81.07741,0.4422399999999982,2.659871280193329
7239,2020-07-18 08:00:00,81.07039,0.4404999999999859,2.8851623982191086
7240,2020-07-18 09:00:00,81.06339,0.43834000000001083,3.1019609570503235
7241,2020-07-18 10:00:00,81.05629,0.43628000000001066,3.3881397545337677
7242,2020-07-18 11:00:00,81.04877,0.43494000000001165,3.589059144258499
7243,2020-07-18 12:00:00,81.04119,0.43045000000000755,3.567575514316559
7244,2020-07-18 13:00:00,81.03365,0.4215199999999868,3.6687155812978745
7245,2020-07-18 14:00:00,81.02565,0.40378999999998655,3.5978081226348877
7246,2020-07-18 15:00:00,81.01714,0.3797800000000109,3.4921886026859283
7247,2020-07-18 16:00:00,81.00794,0.3520200000000102,3.4543261229991913
7248,2020-07-18 17:00:00,80.99908,0.32364999999998645,3.5129782408475876
7249,2020-07-18 18:00:00,80.99078,0.29868999999999346,3.6870469003915787
7250,2020-07-18 19:00:00,80.98355,0.27287999999998647,3.731008365750313
7251,2020-07-18 20:00:00,80.97701,0.2512399999999957,3.8359512835741043
7252,2020-07-18 21:00:00,80.97043,0.23054999999999382,3.897758513689041
7253,2020-07-18 22:00:00,80.96414,0.21323000000001002,3.990898311138153
7254,2020-07-18 23:00:00,80.958,0.1972199999999873,4.200623989105225
7255,2020-07-19 00:00:00,80.95233,0.179159999999996,4.855866298079491
7256,2020-07-19 01:00:00,80.94735,0.1563199999999938,5.196926727890968
7257,2020-07-19 02:00:00,80.94291,0.12954999999999472,5.172645211219788
7258,2020-07-19 03:00:00,80.93899,0.10104000000001179,5.036650359630585
7259,2020-07-19 04:00:00,80.93521,0.07372000000000867,5.040619537234306
7260,2020-07-19 05:00:00,80.93078,0.04601999999999862,5.222942411899567
7261,2020-07-19 06:00:00,80.92538,0.01675000000000182,5.29950188845396
7262,2020-07-19 07:00:00,80.91941,-0.010259999999988167,5.571932479739189
7263,2020-07-19 08:00:00,80.91322,-0.03945999999999117,5.746766418218613
7264,2020-07-19 09:00:00,80.90641,-0.0704499999999939,5.8474240973591805
7265,2020-07-19 10:00:00,80.89972,-0.10078999999998928,5.743354350328445
7266,2020-07-19 11:00:00,80.89349,-0.13452000000000908,5.628946959972382
7267,2020-07-19 12:00:00,80.88729,-0.17385999999999058,5.341791495680809
7268,2020-07-19 13:00:00,80.88126,-0.21037000000001171,4.790860936045647
7269,2020-07-19 14:00:00,80.876,-0.24221000000000004,4.3107127249240875
7270,2020-07-19 15:00:00,80.87173,-0.27088000000000534,3.9969715774059296
7271,2020-07-19 16:00:00,80.86755,-0.2945799999999963,3.7334075272083282
7272,2020-07-19 17:00:00,80.86276,-0.3125,3.4467394649982452
7273,2020-07-19 18:00:00,80.85673,-0.3272800000000018,3.1218652725219727
7274,2020-07-19 19:00:00,80.84953,-0.34111999999998943,2.987783908843994
7275,2020-07-19 20:00:00,80.84156,-0.3540999999999883,2.969746023416519
7276,2020-07-19 21:00:00,80.83343,-0.3658900000000074,2.88552325963974
7277,2020-07-19 22:00:00,80.82566,-0.3771500000000003,2.7406084686517715
7278,2020-07-19 23:00:00,80.81874,-0.38841999999999643,2.640485182404518
7279,2020-07-20 00:00:00,80.81291,-0.39932999999999197,2.6433378756046295
7280,2020-07-20 01:00:00,80.80845,-0.40889000000001374,2.624681293964386
7281,2020-07-20 02:00:00,80.80504,-0.4175999999999931,2.569831743836403
7282,2020-07-20 03:00:00,80.80235,-0.4249900000000082,2.659011036157608
7283,2020-07-20 04:00:00,80.79935,-0.4294399999999996,2.93656225502491
7284,2020-07-20 05:00:00,80.79564,-0.43190000000001305,3.2803683280944824
7285,2020-07-20 06:00:00,80.79102,-0.43366000000000327,3.6119683980941772
7286,2020-07-20 07:00:00,80.7855,-0.43754999999998745,3.7020169273018837
7287,2020-07-20 08:00:00,80.77905,-0.4447800000000086,3.841980241239071
7288,2020-07-20 09:00:00,80.77225,-0.45617999999998915,3.9444534927606583
7289,2020-07-20 10:00:00,80.76551,-0.4707699999999875,3.805806577205658
7290,2020-07-20 11:00:00,80.75926,-0.4870899999999949,3.4925484657287598
7291,2020-07-20 12:00:00,80.75365,-0.5036000000000058,3.316761277616024
7292,2020-07-20 13:00:00,80.74894,-0.5192000000000121,3.120780721306801
7293,2020-07-20 14:00:00,80.74491,-0.5327299999999866,2.969849079847336
7294,2020-07-20 15:00:00,80.7411,-0.5435999999999979,2.8730159550905228
7295,2020-07-20 16:00:00,80.73684,-0.5496599999999887,2.2814325243234634
7296,2020-07-20 17:00:00,80.7316,-0.5510299999999972,2.0394473895430565
7297,2020-07-20 18:00:00,80.72514,-0.5500999999999863,2.0237759202718735
7298,2020-07-20 19:00:00,80.71742,-0.5471200000000067,2.2750661075115204
7299,2020-07-20 20:00:00,80.70886,-0.5432500000000005,2.574359744787216
7300,2020-07-20 21:00:00,80.70002,-0.5381999999999891,2.812185987830162
7301,2020-07-20 22:00:00,80.69151,-0.531659999999988,2.9377812147140503
7302,2020-07-20 23:00:00,80.68354,-0.5263199999999983,2.9803673923015594
7303,2020-07-21 00:00:00,80.67636,-0.5242800000000045,3.010954961180687
7304,2020-07-21 01:00:00,80.67019,-0.5244399999999985,3.1666713505983353
7305,2020-07-21 02:00:00,80.66466,-0.5240499999999884,3.004838317632675
7306,2020-07-21 03:00:00,80.65949,-0.5245899999999892,2.7181695699691772
7307,2020-07-21 04:00:00,80.65485,-0.524470000000008,2.660692572593689
7308,2020-07-21 05:00:00,80.65001,-0.5261500000000012,2.7246550917625427
7309,2020-07-21 06:00:00,80.64504,-0.5268000000000086,2.91272334754467
7310,2020-07-21 07:00:00,80.63953,-0.5296199999999942,3.0549801737070084
7311,2020-07-21 08:00:00,80.63361,-0.531029999999987,3.183555319905281
7312,2020-07-21 09:00:00,80.62674,-0.5344000000000051,3.2966358959674835
7313,2020-07-21 10:00:00,80.61916,-0.5416299999999978,3.351276248693466
7314,2020-07-21 11:00:00,80.6114,-0.5549800000000005,3.276717722415924
7315,2020-07-21 12:00:00,80.60545,-0.572969999999998,3.20650777220726
7316,2020-07-21 13:00:00,80.60068,-0.5941100000000006,3.190713092684746
7317,2020-07-21 14:00:00,80.59619,-0.6100000000000136,3.364903822541237
7318,2020-07-21 15:00:00,80.59124,-0.6210399999999936,3.467376470565796
7319,2020-07-21 16:00:00,80.58588,-0.6273300000000006,3.299637645483017
7320,2020-07-21 17:00:00,80.58033,-0.6218599999999981,3.4514958560466766
7321,2020-07-21 18:00:00,80.57393,-0.6074399999999969,3.294401615858078
7322,2020-07-21 19:00:00,80.56597,-0.5934599999999932,3.463212102651596
7323,2020-07-21 20:00:00,80.55683,-0.5838999999999999,3.557479828596115
7324,2020-07-21 21:00:00,80.54749,-0.5803899999999942,3.604513540863991
7325,2020-07-21 22:00:00,80.53827,-0.582429999999988,3.867687612771988
7326,2020-07-21 23:00:00,80.53078,-0.5838400000000092,4.168075799942017
7327,2020-07-22 00:00:00,80.52435,-0.5838899999999967,3.863693743944168
7328,2020-07-22 01:00:00,80.52034,-0.5832699999999988,3.8430519700050354
7329,2020-07-22 02:00:00,80.5182,-0.5777400000000057,3.5869506299495697
7330,2020-07-22 03:00:00,80.51781,-0.5663499999999999,3.459019213914871
7331,2020-07-22 04:00:00,80.51777,-0.5524699999999996,3.4503761529922485
7332,2020-07-22 05:00:00,80.5173,-0.5387000000000057,3.8092946112155914
7333,2020-07-22 06:00:00,80.51511,-0.5264799999999923,4.123661890625954
7334,2020-07-22 07:00:00,80.51106,-0.5170699999999897,4.2195466458797455
7335,2020-07-22 08:00:00,80.50527,-0.5126899999999921,4.306624501943588
7336,2020-07-22 09:00:00,80.49817,-0.5172000000000025,4.039373397827148
7337,2020-07-22 10:00:00,80.49061,-0.5290999999999997,3.8632160425186157
7338,2020-07-22 11:00:00,80.48357,-0.5437200000000075,3.7941925525665283
7339,2020-07-22 12:00:00,80.47801,-0.5567800000000034,3.549617201089859
7340,2020-07-22 13:00:00,80.47349,-0.567450000000008,3.2615590393543243
7341,2020-07-22 14:00:00,80.4699,-0.5737200000000087,3.4413546323776245
7342,2020-07-22 15:00:00,80.46727,-0.5714600000000019,3.400496281683445
7343,2020-07-22 16:00:00,80.4645,-0.5621700000000089,3.374881625175476
7344,2020-07-22 17:00:00,80.46076,-0.5440099999999859,3.2809348106384277
7345,2020-07-22 18:00:00,80.45504,-0.5236500000000035,2.8247041553258896
7346,2020-07-22 19:00:00,80.44699,-0.5060300000000097,2.8217999637126923
7347,2020-07-22 20:00:00,80.43715,-0.493140000000011,2.8663176596164703
7348,2020-07-22 21:00:00,80.42614,-0.4864300000000128,3.0291659086942673
7349,2020-07-22 22:00:00,80.41492,-0.48753999999999564,3.2561764419078827
7350,2020-07-22 23:00:00,80.40534,-0.4969499999999982,3.806446462869644
7351,2020-07-23 00:00:00,80.39749,-0.5101200000000006,4.429959625005722
7352,2020-07-23 01:00:00,80.39213,-0.526600000000002,4.463024735450745
7353,2020-07-23 02:00:00,80.38937,-0.5440000000000111,4.447119474411011
7354,2020-07-23 03:00:00,80.38914,-0.5599599999999896,4.6213779002428055
7355,2020-07-23 04:00:00,80.38993,-0.5679000000000087,4.677560985088348
7356,2020-07-23 05:00:00,80.39076,-0.5654700000000048,4.790839046239853
7357,2020-07-23 06:00:00,80.39018,-0.5573400000000106,4.987985476851463
7358,2020-07-23 07:00:00,80.38719,-0.5505100000000027,5.001079365611076
7359,2020-07-23 08:00:00,80.38132,-0.547789999999992,4.778598517179489
7360,2020-07-23 09:00:00,80.37301,-0.5549000000000035,4.821538329124451
7361,2020-07-23 10:00:00,80.36371,-0.5753200000000049,5.123786732554436
7362,2020-07-23 11:00:00,80.35457,-0.6062499999999886,5.259660944342613
7363,2020-07-23 12:00:00,80.34638,-0.6428699999999878,5.00951711833477
7364,2020-07-23 13:00:00,80.34055,-0.682850000000002,5.144143268465996
7365,2020-07-23 14:00:00,80.33727,-0.7133399999999881,4.971003636717796
7366,2020-07-23 15:00:00,80.33582,-0.7333299999999952,4.9967490285634995
7367,2020-07-23 16:00:00,80.33485,-0.7410800000000108,5.064739525318146
7368,2020-07-23 17:00:00,80.33329,-0.7328799999999944,5.1488107442855835
7369,2020-07-23 18:00:00,80.33025,-0.7130400000000066,5.298102587461472
7370,2020-07-23 19:00:00,80.32489,-0.6980700000000013,5.357401177287102
7371,2020-07-23 20:00:00,80.31661,-0.6855899999999906,5.341704696416855
7372,2020-07-23 21:00:00,80.30601,-0.6793999999999869,5.317460060119629
7373,2020-07-23 22:00:00,80.29469,-0.6808399999999892,5.191103875637054
7374,2020-07-23 23:00:00,80.28357,-0.691190000000006,5.0127599984407425
7375,2020-07-24 00:00:00,80.27369,-0.7070500000000095,4.459619373083115
7376,2020-07-24 01:00:00,80.26659,-0.7231800000000135,4.3513123244047165
7377,2020-07-24 02:00:00,80.26285,-0.7330699999999979,4.194522127509117
7378,2020-07-24 03:00:00,80.26077,-0.7295599999999922,4.0935414135456085
7379,2020-07-24 04:00:00,80.25938,-0.7149499999999875,3.9825282245874405
7380,2020-07-24 05:00:00,80.25807,-0.6906700000000114,3.9114315807819366
7381,2020-07-24 06:00:00,80.25518,-0.6595000000000084,3.8625466525554657
7382,2020-07-24 07:00:00,80.24998,-0.6265099999999961,3.9957171827554703
7383,2020-07-24 08:00:00,80.24165,-0.5995699999999999,4.135362803936005
7384,2020-07-24 09:00:00,80.23069,-0.5779100000000028,4.126696020364761
7385,2020-07-24 10:00:00,80.21803,-0.5697299999999927,4.320320174098015
7386,2020-07-24 11:00:00,80.20514,-0.5707700000000102,4.430920898914337
7387,2020-07-24 12:00:00,80.19291,-0.581799999999987,4.426410064101219
7388,2020-07-24 13:00:00,80.18235,-0.5996499999999969,4.673168286681175
7389,2020-07-24 14:00:00,80.17497,-0.6130100000000027,4.648015066981316
7390,2020-07-24 15:00:00,80.16965,-0.621610000000004,4.462914347648621
7391,2020-07-24 16:00:00,80.16545,-0.6160999999999888,4.300221383571625
7392,2020-07-24 17:00:00,80.16169,-0.5913199999999961,4.357727944850922
7393,2020-07-24 18:00:00,80.15621,-0.5437599999999918,4.444861978292465
7394,2020-07-24 19:00:00,80.14672,-0.4852999999999952,4.588773876428604
7395,2020-07-24 20:00:00,80.13278,-0.43585999999999103,4.678095430135727
7396,2020-07-24 21:00:00,80.11574,-0.39692999999999756,4.611067950725555
7397,2020-07-24 22:00:00,80.09468,-0.37127000000000976,4.508710667490959
7398,2020-07-24 23:00:00,80.0721,-0.3693499999999972,4.397759675979614
7399,2020-07-25 00:00:00,80.05084,-0.3982000000000028,4.364680737257004
7400,2020-07-25 01:00:00,80.03364,-0.4460500000000138,4.513495892286301
7401,2020-07-25 02:00:00,80.0213,-0.49857000000000085,4.661656230688095
7402,2020-07-25 03:00:00,80.01256,-0.5524699999999996,4.6477517038583755
7403,2020-07-25 04:00:00,80.00789,-0.5911000000000115,4.394314765930176
7404,2020-07-25 05:00:00,80.0051,-0.614910000000009,4.421018049120903
7405,2020-07-25 06:00:00,80.00198,-0.6314299999999946,4.024509862065315
7406,2020-07-25 07:00:00,79.99719,-0.6455400000000111,4.105680555105209
7407,2020-07-25 08:00:00,79.98965,-0.6596600000000024,4.557663142681122
7408,2020-07-25 09:00:00,79.98037,-0.6758800000000065,5.028166621923447
7409,2020-07-25 10:00:00,79.96945,-0.6969400000000121,5.035667151212692
7410,2020-07-25 11:00:00,79.95622,-0.7272299999999916,4.9989771246910095
7411,2020-07-25 12:00:00,79.94176,-0.7777100000000132,4.829631924629211
7412,2020-07-25 13:00:00,79.92817,-0.8395999999999901,4.7557588666677475
7413,2020-07-25 14:00:00,79.91678,-0.907039999999995,4.732376590371132
7414,2020-07-25 15:00:00,79.90839,-0.9762000000000057,4.6324440985918045
7415,2020-07-25 16:00:00,79.90238,-1.0404399999999896,4.540222659707069
7416,2020-07-25 17:00:00,79.89863,-1.0933899999999994,4.76137962937355
7417,2020-07-25 18:00:00,79.89437,-1.1274099999999976,4.851946473121643
7418,2020-07-25 19:00:00,79.88837,-1.151900000000012,4.670697033405304
7419,2020-07-25 20:00:00,79.88037,-1.1770099999999957,4.6310508251190186
7420,2020-07-25 21:00:00,79.87125,-1.2056900000000041,4.59319706261158
7421,2020-07-25 22:00:00,79.86151,-1.2415399999999863,4.495129555463791
7422,2020-07-25 23:00:00,79.85084,-1.2903300000000115,4.440391048789024
7423,2020-07-26 00:00:00,79.84157,-1.3479499999999973,4.95251989364624
7424,2020-07-26 01:00:00,79.83432,-1.4105199999999911,4.890677556395531
7425,2020-07-26 02:00:00,79.82971,-1.4732999999999947,4.819098815321922
7426,2020-07-26 03:00:00,79.82812,-1.5352900000000034,4.719492360949516
7427,2020-07-26 04:00:00,79.82848,-1.5899300000000096,4.561071574687958
7428,2020-07-26 05:00:00,79.83016,-1.626170000000002,4.429203689098358
7429,2020-07-26 06:00:00,79.83165,-1.6488099999999974,4.366306453943253
7430,2020-07-26 07:00:00,79.83163,-1.6616699999999867,4.270051762461662
7431,2020-07-26 08:00:00,79.82877,-1.6710099999999954,4.054620012640953
7432,2020-07-26 09:00:00,79.82282,-1.6801900000000103,3.850537031888962
7433,2020-07-26 10:00:00,79.81397,-1.697339999999997,3.705287218093872
7434,2020-07-26 11:00:00,79.80296,-1.7229499999999973,3.508670851588249
7435,2020-07-26 12:00:00,79.79126,-1.7609699999999862,3.304108440876007
7436,2020-07-26 13:00:00,79.78022,-1.8076399999999921,3.123769521713257
7437,2020-07-26 14:00:00,79.77152,-1.8536900000000003,2.752895340323448
7438,2020-07-26 15:00:00,79.76446,-1.8952800000000138,2.4825416207313538
7439,2020-07-26 16:00:00,79.75844,-1.9313899999999933,2.3146292716264725
7440,2020-07-26 17:00:00,79.75331,-1.9585700000000088,2.388846829533577
7441,2020-07-26 18:00:00,79.74866,-1.9726599999999905,2.691846564412117
7442,2020-07-26 19:00:00,79.74347,-1.975120000000004,2.611279845237732
7443,2020-07-26 20:00:00,79.73671,-1.974019999999996,2.7506582140922546
7444,2020-07-26 21:00:00,79.72785,-1.9735799999999983,2.734302118420601
7445,2020-07-26 22:00:00,79.71754,-1.979379999999992,2.5317745357751846
7446,2020-07-26 23:00:00,79.70584,-1.9990599999999858,2.4104167222976685
7447,2020-07-27 00:00:00,79.69355,-2.029200000000003,2.267300456762314
7448,2020-07-27 01:00:00,79.68141,-2.067939999999993,2.249894365668297
7449,2020-07-27 02:00:00,79.67079,-2.11090999999999,2.2718092650175095
7450,2020-07-27 03:00:00,79.66213,-2.151289999999989,2.3101151436567307
7451,2020-07-27 04:00:00,79.65538,-2.185910000000007,2.0395671129226685
7452,2020-07-27 05:00:00,79.65011,-2.2135700000000043,1.848750963807106
7453,2020-07-27 06:00:00,79.64565,-2.2332999999999856,1.8724057078361511
7454,2020-07-27 07:00:00,79.64058,-2.2457100000000025,1.8802054226398468
7455,2020-07-27 08:00:00,79.63388,-2.24772999999999,2.0450343191623688
7456,2020-07-27 09:00:00,79.62553,-2.250130000000013,2.3822291642427444
7457,2020-07-27 10:00:00,79.61507,-2.255449999999996,2.7570567578077316
7458,2020-07-27 11:00:00,79.60266,-2.2702700000000107,3.1188829839229584
7459,2020-07-27 12:00:00,79.5889,-2.2949900000000127,3.351438656449318
7460,2020-07-27 13:00:00,79.57499,-2.331240000000008,3.52432344853878
7461,2020-07-27 14:00:00,79.56214,-2.37885,3.783078446984291
7462,2020-07-27 15:00:00,79.55138,-2.4306899999999985,3.9672592133283615
7463,2020-07-27 16:00:00,79.54272,-2.480410000000006,3.9925881028175354
7464,2020-07-27 17:00:00,79.53619,-2.517419999999987,4.058762609958649
7465,2020-07-27 18:00:00,79.53047,-2.5388399999999933,4.322253078222275
7466,2020-07-27 19:00:00,79.52439,-2.5518299999999954,4.791576579213142
7467,2020-07-27 20:00:00,79.51751,-2.554949999999991,5.273624926805496
7468,2020-07-27 21:00:00,79.50909,-2.551089999999988,5.525141790509224
7469,2020-07-27 22:00:00,79.49866,-2.547680000000014,5.692678213119507
7470,2020-07-27 23:00:00,79.48647,-2.5502400000000023,5.933932185173035
7471,2020-07-28 00:00:00,79.47282,-2.561550000000011,5.91132165491581
7472,2020-07-28 01:00:00,79.45864,-2.5834600000000023,6.0047690868377686
7473,2020-07-28 02:00:00,79.44539,-2.614929999999987,6.049318194389343
7474,2020-07-28 03:00:00,79.43369,-2.653160000000014,6.106831654906273
7475,2020-07-28 04:00:00,79.42369,-2.688680000000005,6.172962263226509
7476,2020-07-28 05:00:00,79.41644,-2.7178900000000112,6.321470312774181
7477,2020-07-28 06:00:00,79.41081,-2.734649999999988,6.471772059798241
7478,2020-07-28 07:00:00,79.40575,-2.7393500000000017,6.658964067697525
7479,2020-07-28 08:00:00,79.40014,-2.735129999999998,6.752556800842285
7480,2020-07-28 09:00:00,79.39314,-2.7219499999999925,6.698190838098526
7481,2020-07-28 10:00:00,79.38395,-2.7072000000000003,6.591868117451668
7482,2020-07-28 11:00:00,79.3726,-2.6961499999999887,6.515749409794807
7483,2020-07-28 12:00:00,79.35989,-2.688590000000005,6.429215610027313
7484,2020-07-28 13:00:00,79.34647,-2.6878600000000006,6.383759021759033
7485,2020-07-28 14:00:00,79.33277,-2.695830000000001,6.205312371253967
7486,2020-07-28 15:00:00,79.31966,-2.707740000000001,5.97054448723793
7487,2020-07-28 16:00:00,79.30819,-2.7189400000000035,5.80004995316267
7488,2020-07-28 17:00:00,79.29863,-2.7294799999999952,5.740660972893238
7489,2020-07-28 18:00:00,79.29053,-2.7337200000000053,5.735893547534943
7490,2020-07-28 19:00:00,79.28401,-2.7299700000000087,5.693448841571808
7491,2020-07-28 20:00:00,79.2781,-2.7174699999999916,5.623132824897766
7492,2020-07-28 21:00:00,79.27179,-2.69932,5.607318550348282
7493,2020-07-28 22:00:00,79.26464,-2.678290000000004,5.609477519989014
7494,2020-07-28 23:00:00,79.25632,-2.656560000000013,5.556818097829819
7495,2020-07-29 00:00:00,79.24658,-2.639880000000005,5.53413262963295
7496,2020-07-29 01:00:00,79.23639,-2.633100000000013,5.56362310051918
7497,2020-07-29 02:00:00,79.2269,-2.6379599999999925,5.564266726374626
7498,2020-07-29 03:00:00,79.21908,-2.650100000000009,5.494634658098221
7499,2020-07-29 04:00:00,79.21342,-2.6608799999999917,5.285931944847107
7500,2020-07-29 05:00:00,79.20961,-2.666179999999997,5.107595011591911
7501,2020-07-29 06:00:00,79.20681,-2.6637599999999964,4.766575828194618
7502,2020-07-29 07:00:00,79.20439,-2.653649999999999,4.173638254404068
7503,2020-07-29 08:00:00,79.20162,-2.63821999999999,4.03826716542244
7504,2020-07-29 09:00:00,79.1982,-2.6197500000000105,4.274512127041817
7505,2020-07-29 10:00:00,79.19411,-2.6025400000000047,4.602472946047783
7506,2020-07-29 11:00:00,79.18988,-2.59217000000001,4.819647744297981
7507,2020-07-29 12:00:00,79.18616,-2.5904899999999884,5.077101409435272
7508,2020-07-29 13:00:00,79.18286,-2.5973299999999995,5.4010396003723145
7509,2020-07-29 14:00:00,79.17992,-2.6033899999999903,5.500960797071457
7510,2020-07-29 15:00:00,79.17745,-2.60942,5.558846518397331
7511,2020-07-29 16:00:00,79.17609,-2.6159100000000137,5.509257942438126
7512,2020-07-29 17:00:00,79.17639,-2.6156100000000038,5.471430867910385
7513,2020-07-29 18:00:00,79.17671,-2.6096900000000005,5.2042697966098785
7514,2020-07-29 19:00:00,79.17481,-2.5958300000000065,5.025709226727486
7515,2020-07-29 20:00:00,79.17218,-2.574780000000004,4.820152103900909
7516,2020-07-29 21:00:00,79.16814,-2.551320000000004,4.651500016450882
7517,2020-07-29 22:00:00,79.16269,-2.5264099999999985,4.438912868499756
7518,2020-07-29 23:00:00,79.1555,-2.5069799999999987,4.256214678287506
7519,2020-07-30 00:00:00,79.14784,-2.4961299999999937,4.095414906740189
7520,2020-07-30 01:00:00,79.13935,-2.4935299999999927,3.927550971508026
7521,2020-07-30 02:00:00,79.13123,-2.500630000000001,3.6167901158332825
7522,2020-07-30 03:00:00,79.12492,-2.5144300000000044,3.266447529196739
7523,2020-07-30 04:00:00,79.12084,-2.5316200000000038,2.971623256802559
7524,2020-07-30 05:00:00,79.11829,-2.542730000000006,2.651802882552147
7525,2020-07-30 06:00:00,79.11674,-2.5436400000000106,2.3621253222227097
7526,2020-07-30 07:00:00,79.11578,-2.5316200000000038,2.0745794475078583
7527,2020-07-30 08:00:00,79.11505,-2.509060000000005,1.7853918969631195
7528,2020-07-30 09:00:00,79.1129,-2.483479999999986,1.5159375220537186
7529,2020-07-30 10:00:00,79.10956,-2.4609000000000094,1.423249140381813
7530,2020-07-30 11:00:00,79.10449,-2.4420900000000074,1.2760630697011948
7531,2020-07-30 12:00:00,79.09809,-2.433480000000003,1.2070921063423157
7532,2020-07-30 13:00:00,79.09169,-2.4396600000000035,1.2810259014368057
7533,2020-07-30 14:00:00,79.08623,-2.457400000000007,1.5573010742664337
7534,2020-07-30 15:00:00,79.08173,-2.4824299999999937,1.8693988174200058
7535,2020-07-30 16:00:00,79.07893,-2.5089399999999955,2.0918576568365097
7536,2020-07-30 17:00:00,79.07754,-2.5339899999999886,2.2180909514427185
7537,2020-07-30 18:00:00,79.07751,-2.554149999999993,2.287243589758873
7538,2020-07-30 19:00:00,79.07846,-2.5664700000000096,2.805827811360359
7539,2020-07-30 20:00:00,79.07972,-2.5691500000000076,3.3560910522937775
7540,2020-07-30 21:00:00,79.08048,-2.5602499999999964,3.8132844865322113
7541,2020-07-30 22:00:00,79.07993,-2.549219999999991,4.305921852588654
7542,2020-07-30 23:00:00,79.07816,-2.5450099999999907,4.870439767837524
7543,2020-07-31 00:00:00,79.07561,-2.5501600000000053,5.674332439899445
7544,2020-07-31 01:00:00,79.07293,-2.568450000000013,6.04930716753006
7545,2020-07-31 02:00:00,79.07056,-2.5997500000000002,6.252310961484909
7546,2020-07-31 03:00:00,79.06925,-2.6400600000000054,6.341458112001419
7547,2020-07-31 04:00:00,79.06876,-2.685030000000012,6.391495525836945
7548,2020-07-31 05:00:00,79.06886,-2.7296499999999924,6.316385418176651
7549,2020-07-31 06:00:00,79.06893,-2.7753999999999905,6.147274821996689
7550,2020-07-31 07:00:00,79.0701,-2.8075900000000047,6.043964922428131
7551,2020-07-31 08:00:00,79.08153,-2.760690000000011,6.026437804102898
7552,2020-07-31 09:00:00,79.07148,-2.824610000000007,6.040726542472839
7553,2020-07-31 10:00:00,79.0696,-2.835970000000003,5.9313841462135315
7554,2020-07-31 11:00:00,79.06647,-2.856030000000004,5.791358917951584
7555,2020-07-31 12:00:00,79.04947,-3.023750000000007,5.790457829833031
7556,2020-07-31 13:00:00,78.95748,-2.697339999999997,5.848219498991966
7557,2020-07-31 14:00:00,78.8838,-2.179090000000002,5.785691395401955
7558,2020-07-31 15:00:00,78.84665,-1.969629999999995,5.654102087020874
7559,2020-07-31 16:00:00,78.84247,-1.9879799999999932,5.619340971112251
7560,2020-07-31 17:00:00,78.84549,-2.035349999999994,5.617494612932205
7561,2020-07-31 18:00:00,78.84871,-2.0739700000000028,5.613581269979477
7562,2020-07-31 19:00:00,78.81305,-2.057050000000004,5.505157858133316
7563,2020-07-31 20:00:00,78.7944,-2.0505100000000027,5.382450133562088
7564,2020-07-31 21:00:00,78.8021,-2.109880000000004,5.239178717136383
7565,2020-07-31 22:00:00,78.80789,-2.141549999999995,4.988389164209366
7566,2020-07-31 23:00:00,78.81471,-2.1672100000000114,4.674266368150711
7567,2020-08-01 00:00:00,78.81785,-2.1818199999999877,4.479438096284866
7568,2020-08-01 01:00:00,78.81897,-2.1849599999999896,4.438063234090805
7569,2020-08-01 02:00:00,78.82138,-2.1984899999999925,4.39010015130043
7570,2020-08-01 03:00:00,78.82497,-2.2103600000000085,4.278468981385231
7571,2020-08-01 04:00:00,78.82788,-2.224099999999993,4.292733013629913
7572,2020-08-01 05:00:00,78.82999,-2.2410899999999856,4.31537951529026
7573,2020-08-01 06:00:00,78.8327,-2.2598199999999906,4.325903415679932
7574,2020-08-01 07:00:00,78.79482,-2.2894699999999943,4.384558886289597
7575,2020-08-01 08:00:00,78.78906,-2.3334199999999896,4.513752147555351
7576,2020-08-01 09:00:00,78.79654,-2.363889999999998,4.629215449094772
7577,2020-08-01 10:00:00,78.80245,-2.393969999999996,4.702011480927467
7578,2020-08-01 11:00:00,78.80981,-2.41592,4.820080325007439
7579,2020-08-01 12:00:00,78.81819,-2.4234399999999994,4.9913661032915115
7580,2020-08-01 13:00:00,78.82442,-2.411750000000012,5.222839832305908
7581,2020-08-01 14:00:00,78.83086,-2.4027399999999943,5.4538989663124084
7582,2020-08-01 15:00:00,78.81106,-2.3666399999999896,5.717472702264786
7583,2020-08-01 16:00:00,78.81718,-2.404059999999987,5.739770084619522
7584,2020-08-01 17:00:00,78.86836,-2.4335199999999872,5.748429358005524
7585,2020-08-01 18:00:00,78.92293,-2.473540000000014,5.803264990448952
7586,2020-08-01 19:00:00,78.92933,-2.4885500000000036,5.991721928119659
7587,2020-08-01 20:00:00,78.93777,-2.5022299999999973,6.1302938014268875
7588,2020-08-01 21:00:00,78.94782,-2.5142899999999884,6.239394992589951
7589,2020-08-01 22:00:00,78.96111,-2.5282300000000077,6.148704782128334
7590,2020-08-01 23:00:00,78.97496,-2.542139999999989,5.94188417494297
7591,2020-08-02 00:00:00,78.9841,-2.54446999999999,5.868368864059448
7592,2020-08-02 01:00:00,78.99314,-2.5490700000000004,6.071085914969444
7593,2020-08-02 02:00:00,79.00227,-2.5566300000000126,6.024049766361713
7594,2020-08-02 03:00:00,79.00952,-2.5671299999999917,5.910790666937828
7595,2020-08-02 04:00:00,79.0147,-2.58053000000001,5.97075842320919
7596,2020-08-02 05:00:00,79.01929,-2.598410000000001,6.169534906744957
7597,2020-08-02 06:00:00,79.02435,-2.6200900000000047,6.358324348926544
7598,2020-08-02 07:00:00,79.02877,-2.637609999999995,6.409656345844269
7599,2020-08-02 08:00:00,79.03394,-2.74597,6.563948392868042
7600,2020-08-02 09:00:00,79.03603,-2.7431200000000047,6.6277269423007965
7601,2020-08-02 10:00:00,79.03636,-2.7344500000000096,6.598694384098053
7602,2020-08-02 11:00:00,79.03691,-2.72308000000001,6.301642328500748
7603,2020-08-02 12:00:00,79.03978,-2.7214899999999886,5.980094015598297
7604,2020-08-02 13:00:00,79.11452,-2.5620999999999867,5.661865442991257
7605,2020-08-02 14:00:00,79.11377,-2.5673400000000015,5.771413788199425
7606,2020-08-02 15:00:00,79.11128,-2.575940000000003,6.161973774433136
7607,2020-08-02 16:00:00,79.11054,-2.5794400000000053,6.761336401104927
7608,2020-08-02 17:00:00,79.11304,-2.607760000000013,6.96550253033638
7609,2020-08-02 18:00:00,79.06559,-2.7988599999999906,6.928877055644989
7610,2020-08-02 19:00:00,78.98507,-3.1068400000000054,5.77327373623848
7611,2020-08-02 20:00:00,78.91197,-3.547789999999992,5.95579868555069
7612,2020-08-02 21:00:00,78.84157,-3.943070000000006,6.094018965959549
7613,2020-08-02 22:00:00,78.77283,-4.302750000000003,6.154933989048004
7614,2020-08-02 23:00:00,78.71689,-4.58972,6.290942415595055
7615,2020-08-03 00:00:00,78.66631,-4.893390000000011,6.6382229924201965
7616,2020-08-03 01:00:00,78.66348,-4.934519999999992,6.765851065516472
7617,2020-08-03 02:00:00,78.66125,-4.9674400000000105,6.868476569652557
7618,2020-08-03 03:00:00,78.66025,-4.997600000000006,6.911579519510269
7619,2020-08-03 04:00:00,78.65804,-5.0230200000000025,6.883954957127571
7620,2020-08-03 05:00:00,78.65524,-5.047460000000001,6.77368950843811
7621,2020-08-03 06:00:00,78.65196,-5.074070000000006,6.746793806552887
7622,2020-08-03 07:00:00,78.62437,-5.1295399999999916,6.765817165374756
7623,2020-08-03 08:00:00,78.61974,-5.158659999999998,6.822671815752983
7624,2020-08-03 09:00:00,78.63588,-5.041179999999997,6.901207461953163
7625,2020-08-03 10:00:00,78.66008,-4.603659999999991,6.9313027411699295
7626,2020-08-03 11:00:00,78.64448,-4.310599999999994,7.0325141698122025
7627,2020-08-03 12:00:00,78.63636,-4.342090000000013,7.173373952507973
7628,2020-08-03 13:00:00,78.62275,-4.360639999999989,7.270697206258774
7629,2020-08-03 14:00:00,78.61325,-4.3783599999999865,7.256705090403557
7630,2020-08-03 15:00:00,78.60534,-4.393579999999986,7.051135882735252
7631,2020-08-03 16:00:00,78.59896,-4.414729999999992,6.786987334489822
7632,2020-08-03 17:00:00,78.66999,-4.167609999999996,6.562756806612015
7633,2020-08-03 18:00:00,78.76745,-3.816120000000012,6.380986750125885
7634,2020-08-03 19:00:00,78.85987,-3.4937400000000025,6.233766943216324
7635,2020-08-03 20:00:00,78.94694,-3.187630000000013,6.1104137152433395
7636,2020-08-03 21:00:00,79.0177,-2.911030000000011,5.414301782846451
7637,2020-08-03 22:00:00,79.01801,-2.94765000000001,5.215464115142822
7638,2020-08-03 23:00:00,79.02458,-2.979530000000011,5.050099343061447
7639,2020-08-04 00:00:00,79.02851,-3.021109999999993,4.846932798624039
7640,2020-08-04 01:00:00,79.03246,-3.0750500000000045,4.620131731033325
7641,2020-08-04 02:00:00,79.03524,-3.1392999999999915,4.446642249822617
7642,2020-08-04 03:00:00,79.03956,-3.205299999999994,4.241743102669716
7643,2020-08-04 04:00:00,79.04535,-3.2657800000000066,4.0721330642700195
7644,2020-08-04 05:00:00,79.04727,-3.3205700000000036,3.979741632938385
7645,2020-08-04 06:00:00,79.04616,-3.3697799999999916,3.9041797667741776
7646,2020-08-04 07:00:00,79.03965,-3.089190000000002,3.802668035030365
7647,2020-08-04 08:00:00,79.04067,-3.120679999999993,3.6032417118549347
7648,2020-08-04 09:00:00,79.03431,-3.159940000000006,3.324022501707077
7649,2020-08-04 10:00:00,79.02863,-3.202300000000008,3.0733183473348618
7650,2020-08-04 11:00:00,79.02509,-3.225439999999992,2.8704109638929367
7651,2020-08-04 12:00:00,79.03181,-3.1754099999999994,2.7324686497449875
7652,2020-08-04 13:00:00,79.01929,-3.186569999999989,2.7614545226097107
7653,2020-08-04 14:00:00,79.01672,-3.2747799999999927,2.7572390288114548
7654,2020-08-04 15:00:00,79.01656,-3.3567600000000084,2.8064043819904327
7655,2020-08-04 16:00:00,79.01779,-3.419729999999987,2.9558713287115097
7656,2020-08-04 17:00:00,79.01868,-3.4647699999999872,3.0861223340034485
7657,2020-08-04 18:00:00,79.01716,-3.5019399999999905,3.1635079383850098
7658,2020-08-04 19:00:00,79.00312,-3.4998199999999997,3.3168607652187347
7659,2020-08-04 20:00:00,78.95865,-3.1424299999999903,3.4071891605854034
7660,2020-08-04 21:00:00,78.906,-2.62324000000001,3.4139202535152435
7661,2020-08-04 22:00:00,78.8543,-2.1151000000000124,3.510224148631096
7662,2020-08-04 23:00:00,78.80927,-1.6499000000000024,3.6920379996299744
7663,2020-08-05 00:00:00,78.7577,-1.1835000000000093,3.95118248462677
7664,2020-08-05 01:00:00,78.74173,-1.0530200000000036,4.022036552429199
7665,2020-08-05 02:00:00,78.73286,-1.0841000000000065,4.169939681887627
7666,2020-08-05 03:00:00,78.72488,-1.1163699999999892,4.362581640481949
7667,2020-08-05 04:00:00,78.71742,-1.145610000000005,4.424794495105743
7668,2020-08-05 05:00:00,78.70999,-1.171069999999986,4.3614800572395325
7669,2020-08-05 06:00:00,78.70226,-1.192229999999995,4.352420806884766
7670,2020-08-05 07:00:00,78.6944,-1.2124100000000055,4.437821596860886
7671,2020-08-05 08:00:00,78.64495,-1.354379999999992,4.513440877199173
7672,2020-08-05 09:00:00,78.59999,-1.4808700000000101,4.617116019129753
7673,2020-08-05 10:00:00,78.59299,-1.54131000000001,4.645601689815521
7674,2020-08-05 11:00:00,78.58849,-1.6020599999999945,4.534837067127228
7675,2020-08-05 12:00:00,78.5814,-1.649329999999992,4.464156955480576
7676,2020-08-05 13:00:00,78.57156,-1.6805999999999983,4.518751233816147
7677,2020-08-05 14:00:00,78.56182,-1.7145399999999995,4.460000708699226
7678,2020-08-05 15:00:00,78.55004,-2.0376799999999946,4.419172614812851
7679,2020-08-05 16:00:00,78.53821,-2.521500000000003,4.455837458372116
7680,2020-08-05 17:00:00,78.52121,-3.05068,4.360710054636002
7681,2020-08-05 18:00:00,78.50411,-3.6042400000000043,4.254766434431076
7682,2020-08-05 19:00:00,78.48738,-4.151769999999999,4.1608149111270905
7683,2020-08-05 20:00:00,78.47161,-4.6724100000000135,4.01133194565773
7684,2020-08-05 21:00:00,78.45275,-5.161689999999993,3.883666753768921
7685,2020-08-05 22:00:00,78.43589,-5.62906000000001,3.841629907488823
7686,2020-08-05 23:00:00,78.41824,-6.0916,3.870194226503372
7687,2020-08-06 00:00:00,78.40399,-6.507589999999993,2.2144976556301117
7688,2020-08-06 01:00:00,78.39066,-6.905190000000005,1.9150365591049194
7689,2020-08-06 02:00:00,78.38924,-7.005860000000013,1.8150700330734253
7690,2020-08-06 03:00:00,78.38794,-7.021320000000003,1.7511684596538544
7691,2020-08-06 04:00:00,78.38686,-7.034140000000008,1.6820801347494125
7692,2020-08-06 05:00:00,78.38525,-7.044620000000009,1.4137287735939026
7693,2020-08-06 06:00:00,78.37519,-7.136079999999993,1.0862361192703247
7694,2020-08-06 07:00:00,78.3649,-7.196179999999998,1.128732979297638
7695,2020-08-06 08:00:00,78.36024,-7.211340000000007,1.4896394163370132
7696,2020-08-06 09:00:00,78.35564,-7.228820000000013,1.693076878786087
7697,2020-08-06 10:00:00,78.34969,-7.247669999999999,1.998520314693451
7698,2020-08-06 11:00:00,78.35483,-7.249249999999989,2.2091914862394333
7699,2020-08-06 12:00:00,78.35134,-7.264150000000001,2.271266922354698
7700,2020-08-06 13:00:00,78.34751,-7.2872099999999875,2.2143249213695526
7701,2020-08-06 14:00:00,78.3442,-7.311630000000008,2.1317155957221985
7702,2020-08-06 15:00:00,78.34133,-7.332879999999989,2.0292178094387054
7703,2020-08-06 16:00:00,78.3391,-7.351589999999987,1.9941415786743164
7704,2020-08-06 17:00:00,78.36076,-7.329710000000006,2.044037491083145
7705,2020-08-06 18:00:00,78.39885,-7.264319999999998,2.0219674706459045
7706,2020-08-06 19:00:00,78.47617,-7.138509999999997,2.047341823577881
7707,2020-08-06 20:00:00,78.56624,-6.974050000000005,2.261258155107498
7708,2020-08-06 21:00:00,78.65347,-6.7598700000000065,2.5932115018367767
7709,2020-08-06 22:00:00,78.75754,-6.649969999999996,2.7149512618780136
7710,2020-08-06 23:00:00,78.85652,-6.514929999999993,2.8036593794822693
7711,2020-08-07 00:00:00,78.96261,-6.376479999999987,2.8473696261644363
7712,2020-08-07 01:00:00,79.07125,-6.235880000000009,2.705161079764366
7713,2020-08-07 02:00:00,79.17571,-6.033870000000007,2.4159909039735794
7714,2020-08-07 03:00:00,79.27889,-5.945850000000007,3.614212855696678
7715,2020-08-07 04:00:00,79.35166,-5.830219999999997,3.3213784396648407
7716,2020-08-07 05:00:00,79.44549,-5.6354399999999885,3.314547434449196
7717,2020-08-07 06:00:00,79.53948,-5.446809999999999,3.2930751889944077
7718,2020-08-07 07:00:00,79.56145,-5.372929999999997,4.262905493378639
7719,2020-08-07 08:00:00,79.58304,-5.2571900000000085,4.307941779494286
7720,2020-08-07 09:00:00,79.63848,-5.148110000000003,4.354585975408554
7721,2020-08-07 10:00:00,79.71412,-5.252819999999986,4.485202431678772
7722,2020-08-07 11:00:00,79.75254,-5.1464599999999905,4.203489929437637
7723,2020-08-07 12:00:00,79.76036,-4.955549999999988,4.18098558485508
7724,2020-08-07 13:00:00,79.75943,-4.9556300000000135,4.689425900578499
7725,2020-08-07 14:00:00,79.76045,-4.9602199999999925,4.488221377134323
7726,2020-08-07 15:00:00,79.76277,-4.959229999999991,4.729774177074432
7727,2020-08-07 16:00:00,79.77858,-4.784789999999987,4.7004087418317795
7728,2020-08-07 17:00:00,79.80931,-4.436849999999993,4.522228538990021
7729,2020-08-07 18:00:00,79.87357,-4.11466999999999,4.032859265804291
7730,2020-08-07 19:00:00,79.93583,-3.7169700000000034,4.280513405799866
7731,2020-08-07 20:00:00,79.92539,-3.600210000000004,4.404642194509506
7732,2020-08-07 21:00:00,79.91686,-3.5815800000000024,4.518114417791367
7733,2020-08-07 22:00:00,79.90973,-3.5630899999999883,4.518112540245056
7734,2020-08-07 23:00:00,79.90357,-3.5555200000000013,4.491301640868187
7735,2020-08-08 00:00:00,79.9008,-3.5578800000000115,5.091251507401466
7736,2020-08-08 01:00:00,79.89216,-3.5502400000000023,4.881756037473679
7737,2020-08-08 02:00:00,79.88535,-3.548930000000013,4.67093913257122
7738,2020-08-08 03:00:00,79.88382,-3.5505100000000027,4.623524844646454
7739,2020-08-08 04:00:00,79.88321,-3.5430299999999875,4.459161967039108
7740,2020-08-08 05:00:00,79.88156,-3.526379999999989,4.60259684920311
7741,2020-08-08 06:00:00,79.88478,-3.5145899999999983,4.960178464651108
7742,2020-08-08 07:00:00,79.88653,-3.5000599999999906,5.109485939145088
7743,2020-08-08 08:00:00,79.88736,-3.478219999999993,4.902192831039429
7744,2020-08-08 09:00:00,79.90425,-3.7805199999999957,4.905107885599136
7745,2020-08-08 10:00:00,79.90033,-3.7680400000000134,4.890262797474861
7746,2020-08-08 11:00:00,79.89637,-3.771899999999988,4.710589796304703
7747,2020-08-08 12:00:00,79.88789,-3.762859999999989,4.411500573158264
7748,2020-08-08 13:00:00,79.87853,-3.73621,4.2855203449726105
7749,2020-08-08 14:00:00,79.89455,-3.8347300000000075,4.561277791857719
7750,2020-08-08 15:00:00,79.89029,-3.8288499999999885,4.968914330005646
7751,2020-08-08 16:00:00,79.8913,-3.8568799999999896,5.457291126251221
7752,2020-08-08 17:00:00,79.89217,-3.8801599999999894,5.52985543012619
7753,2020-08-08 18:00:00,79.89285,-3.8884999999999934,5.710781291127205
7754,2020-08-08 19:00:00,79.90682,-3.8677999999999884,6.153149321675301
7755,2020-08-08 20:00:00,79.92908,-4.013479999999987,6.382575839757919
7756,2020-08-08 21:00:00,79.92583,-4.034140000000008,6.63670426607132
7757,2020-08-08 22:00:00,79.91931,-4.050099999999986,6.761918276548386
7758,2020-08-08 23:00:00,79.91287,-4.069439999999986,6.92326645553112
7759,2020-08-09 00:00:00,79.90526,-4.083949999999987,6.743728667497635
7760,2020-08-09 01:00:00,79.89753,-4.099130000000002,7.115992411971092
7761,2020-08-09 02:00:00,79.8901,-4.111259999999987,7.184904485940933
7762,2020-08-09 03:00:00,79.88534,-4.134230000000002,7.600340962409973
7763,2020-08-09 04:00:00,79.88407,-4.172149999999988,7.765403375029564
7764,2020-08-09 05:00:00,79.88294,-4.175999999999988,8.038798600435257
7765,2020-08-09 06:00:00,79.88329,-4.217420000000004,8.522003442049026
7766,2020-08-09 07:00:00,79.8815,-4.231120000000004,8.70556066930294
7767,2020-08-09 08:00:00,79.88059,-4.266879999999986,8.822800323367119
7768,2020-08-09 09:00:00,79.88763,-4.587170000000015,8.781576439738274
7769,2020-08-09 10:00:00,79.88509,-4.6222899999999925,8.751394137740135
7770,2020-08-09 11:00:00,79.88145,-4.635609999999986,8.864086791872978
7771,2020-08-09 12:00:00,79.88058,-4.657540000000012,8.85627656430006
7772,2020-08-09 13:00:00,79.88337,-4.72596999999999,8.701808094978333
7773,2020-08-09 14:00:00,79.88118,-4.756959999999992,8.437008559703827
7774,2020-08-09 15:00:00,79.88069,-4.803660000000008,7.945629790425301
7775,2020-08-09 16:00:00,79.87937,-4.834280000000007,7.30750498175621
7776,2020-08-09 17:00:00,79.87848,-4.8730600000000095,6.826752007007599
7777,2020-08-09 18:00:00,79.87792,-4.903629999999993,6.789549678564072
7778,2020-08-09 19:00:00,79.87665,-4.966229999999996,6.638303682208061
7779,2020-08-09 20:00:00,79.87798,-5.062520000000006,6.612868577241898
7780,2020-08-09 21:00:00,79.87846,-5.117529999999988,6.876804783940315
7781,2020-08-09 22:00:00,79.87918,-5.204530000000005,6.98239840567112
7782,2020-08-09 23:00:00,79.87867,-5.267889999999994,7.076542064547539
7783,2020-08-10 00:00:00,79.88121,-5.279339999999991,7.2428316324949265
7784,2020-08-10 01:00:00,79.88564,-5.286759999999987,7.4072858691215515
7785,2020-08-10 02:00:00,79.89228,-5.299229999999994,7.276284992694855
7786,2020-08-10 03:00:00,79.90288,-5.3071700000000135,6.756245419383049
7787,2020-08-10 04:00:00,79.90694,-5.303859999999986,5.775040775537491
7788,2020-08-10 05:00:00,79.90862,-5.30865,4.76007379591465
7789,2020-08-10 06:00:00,79.90733,-5.309599999999989,4.206841975450516
7790,2020-08-10 07:00:00,79.90508,-5.313829999999996,4.186996683478355
7791,2020-08-10 08:00:00,79.90176,-5.416410000000013,4.246103942394257
7792,2020-08-10 09:00:00,79.90183,-5.437739999999991,4.382209837436676
7793,2020-08-10 10:00:00,79.9013,-5.464149999999989,4.41338375210762
7794,2020-08-10 11:00:00,79.90253,-5.4898000000000025,4.124903842806816
7795,2020-08-10 12:00:00,79.90477,-5.5105000000000075,4.178390607237816
7796,2020-08-10 13:00:00,79.90792,-5.525190000000009,4.243599593639374
7797,2020-08-10 14:00:00,79.91026,-5.536030000000011,4.380693152546883
7798,2020-08-10 15:00:00,79.9129,-5.539119999999997,4.41921953856945
7799,2020-08-10 16:00:00,79.91682,-5.540259999999989,4.326069936156273
7800,2020-08-10 17:00:00,79.92011,-5.536920000000009,4.2256960570812225
7801,2020-08-10 18:00:00,79.91998,-5.524709999999999,4.140258952975273
7802,2020-08-10 19:00:00,79.91924,-5.522559999999999,4.295458197593689
7803,2020-08-10 20:00:00,79.91947,-5.516529999999989,4.473312094807625
7804,2020-08-10 21:00:00,79.91954,-5.5243600000000015,4.3669300973415375
7805,2020-08-10 22:00:00,79.92036,-5.532250000000005,4.231850162148476
7806,2020-08-10 23:00:00,79.92217,-5.544549999999987,4.551635414361954
7807,2020-08-11 00:00:00,79.92466,-5.564420000000013,4.478879198431969
7808,2020-08-11 01:00:00,79.92718,-5.580950000000001,3.9031571596860886
7809,2020-08-11 02:00:00,79.93112,-5.604440000000011,3.7920990735292435
7810,2020-08-11 03:00:00,79.93692,-5.624779999999987,3.9913355857133865
7811,2020-08-11 04:00:00,79.94318,-5.630390000000006,4.120433673262596
7812,2020-08-11 05:00:00,79.94715,-5.637730000000005,4.100492000579834
7813,2020-08-11 06:00:00,79.95079,-5.646899999999988,3.9621242731809616
7814,2020-08-11 07:00:00,79.95344,-5.657010000000014,3.8308464735746384
7815,2020-08-11 08:00:00,79.95485,-5.663260000000008,3.90250825881958
7816,2020-08-11 09:00:00,79.95506,-5.6776299999999935,4.2466695457696915
7817,2020-08-11 10:00:00,79.95482,-5.7187800000000095,4.380363970994949
7818,2020-08-11 11:00:00,79.95608,-5.763249999999999,4.532614141702652
7819,2020-08-11 12:00:00,79.96011,-5.807829999999996,4.6684650182724
7820,2020-08-11 13:00:00,79.96563,-5.843520000000012,4.76561564207077
7821,2020-08-11 14:00:00,79.97255,-5.878330000000005,4.769415810704231
7822,2020-08-11 15:00:00,79.9795,-5.894270000000006,4.804676398634911
7823,2020-08-11 16:00:00,79.98533,-5.894100000000009,4.832084506750107
7824,2020-08-11 17:00:00,79.99022,-5.885879999999986,4.823149308562279
7825,2020-08-11 18:00:00,79.99351,-5.874050000000011,4.699346601963043
7826,2020-08-11 19:00:00,79.99506,-5.876440000000002,4.834858000278473
7827,2020-08-11 20:00:00,79.99674,-5.875419999999991,5.207458436489105
7828,2020-08-11 21:00:00,79.99726,-5.900800000000004,5.517982751131058
7829,2020-08-11 22:00:00,79.99951,-5.929470000000009,5.731145054101944
7830,2020-08-11 23:00:00,80.00382,-5.960910000000013,5.781664714217186
7831,2020-08-12 00:00:00,80.00922,-5.996460000000013,5.870145291090012
7832,2020-08-12 01:00:00,80.01592,-6.025720000000007,5.928674012422562
7833,2020-08-12 02:00:00,80.02228,-6.040559999999999,5.980667889118195
7834,2020-08-12 03:00:00,80.02525,-6.03916000000001,6.157953441143036
7835,2020-08-12 04:00:00,80.0286,-6.039199999999994,6.306752696633339
7836,2020-08-12 05:00:00,80.03186,-6.04674,6.4628936648368835
7837,2020-08-12 06:00:00,80.0357,-6.0525499999999965,6.53151972591877
7838,2020-08-12 07:00:00,80.03948,-6.068150000000003,6.491626173257828
7839,2020-08-12 08:00:00,80.04608,-6.098240000000004,6.298098802566528
7840,2020-08-12 09:00:00,80.05359,-6.1168499999999995,6.249459624290466
7841,2020-08-12 10:00:00,80.06292,-6.126249999999999,6.384466856718063
7842,2020-08-12 11:00:00,80.07119,-6.145929999999993,6.738889247179031
7843,2020-08-12 12:00:00,80.07895,-6.162689999999998,7.0786632895469666
7844,2020-08-12 13:00:00,80.08755,-6.172089999999997,7.183873504400253
7845,2020-08-12 14:00:00,80.09435,-6.179689999999994,7.198306083679199
7846,2020-08-12 15:00:00,80.102,-6.197480000000013,7.485294908285141
7847,2020-08-12 16:00:00,80.11066,-6.214650000000006,7.932350426912308
7848,2020-08-12 17:00:00,80.12083,-6.227170000000001,8.387410342693329
7849,2020-08-12 18:00:00,80.1317,-6.232249999999993,8.631483271718025
7850,2020-08-12 19:00:00,80.14558,-6.229590000000002,8.672443568706512
7851,2020-08-12 20:00:00,80.15919,-6.22681,8.697058156132698
7852,2020-08-12 21:00:00,80.16864,-6.225470000000001,8.998457580804825
7853,2020-08-12 22:00:00,80.17653,-6.216370000000012,9.221116527915001
7854,2020-08-12 23:00:00,80.18604,-6.190010000000001,9.448336407542229
7855,2020-08-13 00:00:00,80.19465,-6.166079999999994,9.609556823968887
7856,2020-08-13 01:00:00,80.20003,-6.150830000000013,10.306466117501259
7857,2020-08-13 02:00:00,80.20561,-6.1374700000000075,10.543257489800453
7858,2020-08-13 03:00:00,80.21329,-6.129099999999994,10.668893218040466
7859,2020-08-13 04:00:00,80.22423,-6.118619999999993,10.991366043686867
7860,2020-08-13 05:00:00,80.23819,-6.092960000000005,11.147729516029358
7861,2020-08-13 06:00:00,80.25398,-6.0429499999999905,10.70808294415474
7862,2020-08-13 07:00:00,80.27052,-5.967129999999997,10.097717300057411
7863,2020-08-13 08:00:00,80.33164,-5.873930000000001,9.204545482993126
7864,2020-08-13 09:00:00,80.42034,-5.950970000000012,8.065098643302917
7865,2020-08-13 10:00:00,80.5196,-6.065079999999995,7.534339472651482
7866,2020-08-13 11:00:00,80.60269,-6.413340000000005,7.398498967289925
7867,2020-08-13 12:00:00,80.68746,-6.658260000000013,7.3439769595861435
7868,2020-08-13 13:00:00,80.73822,-7.030740000000009,7.269811600446701
7869,2020-08-13 14:00:00,80.83746,-7.154200000000003,6.9453126192092896
7870,2020-08-13 15:00:00,80.94916,-7.12285,6.570122212171555
7871,2020-08-13 16:00:00,81.02894,-7.024249999999995,6.369651257991791
7872,2020-08-13 17:00:00,81.08708,-7.029930000000007,5.612459421157837
7873,2020-08-13 18:00:00,81.13427,-6.8339599999999905,5.045149505138397
7874,2020-08-13 19:00:00,81.20865,-6.495499999999993,4.607880800962448
7875,2020-08-13 20:00:00,81.31651,-6.413479999999993,4.347060352563858
7876,2020-08-13 21:00:00,81.42277,-6.1437799999999925,4.331278905272484
7877,2020-08-13 22:00:00,81.53609,-6.055920000000015,3.9946418702602386
7878,2020-08-13 23:00:00,81.64786,-6.165339999999986,3.49627386033535
7879,2020-08-14 00:00:00,81.77588,-6.233569999999986,3.6324664503335953
7880,2020-08-14 01:00:00,81.90582,-6.258049999999997,3.6800736784934998
7881,2020-08-14 02:00:00,82.03341,-6.404300000000006,3.7463937997817993
7882,2020-08-14 03:00:00,82.17149,-6.540809999999993,4.733748108148575
7883,2020-08-14 04:00:00,82.31753,-6.598270000000014,4.878869265317917
7884,2020-08-14 05:00:00,82.46484,-6.568639999999988,4.713475733995438
7885,2020-08-14 06:00:00,82.60586,-6.577120000000008,5.495703175663948
7886,2020-08-14 07:00:00,82.6661,-7.170230000000004,5.402396634221077
7887,2020-08-14 08:00:00,82.71009,-7.492520000000013,5.2326885759830475
7888,2020-08-14 09:00:00,82.76307,-7.581919999999997,5.542648434638977
7889,2020-08-14 10:00:00,82.86242,-7.77367000000001,6.021171271800995
7890,2020-08-14 11:00:00,82.96631,-8.130320000000012,5.742883235216141
7891,2020-08-14 12:00:00,83.03559,-8.680689999999998,5.945386692881584
7892,2020-08-14 13:00:00,83.10799,-9.352339999999998,6.10881233215332
7893,2020-08-14 14:00:00,83.19296,-10.01758000000001,6.379981487989426
7894,2020-08-14 15:00:00,83.28629,-10.970670000000013,6.2636672258377075
7895,2020-08-14 16:00:00,83.339,-11.551359999999988,6.4602914452552795
7896,2020-08-14 17:00:00,83.44032,-12.043080000000003,6.607404351234436
7897,2020-08-14 18:00:00,83.54194,-12.236919999999998,6.64327135682106
7898,2020-08-14 19:00:00,83.63495,-12.34787,5.926457896828651
7899,2020-08-14 20:00:00,83.70755,-12.970490000000012,5.793783992528915
7900,2020-08-14 21:00:00,83.8122,-13.229680000000002,6.029800117015839
7901,2020-08-14 22:00:00,83.90217,-13.115739999999988,6.606008991599083
7902,2020-08-14 23:00:00,84.0075,-13.491800000000012,6.849656090140343
7903,2020-08-15 00:00:00,84.10359,-13.521680000000003,7.347814649343491
7904,2020-08-15 01:00:00,84.19715,-13.490960000000001,7.912450462579727
7905,2020-08-15 02:00:00,84.30486,-13.336909999999989,8.63922569155693
7906,2020-08-15 03:00:00,84.41064,-13.731850000000009,8.942390114068985
7907,2020-08-15 04:00:00,84.51187,-13.849559999999997,8.981409907341003
7908,2020-08-15 05:00:00,84.60422,-14.456240000000008,8.850699827075005
7909,2020-08-15 06:00:00,84.69067,-14.46405999999999,8.421276837587357
7910,2020-08-15 07:00:00,84.78302,-14.378289999999993,8.3004150390625
7911,2020-08-15 08:00:00,84.88538,-14.359530000000007,8.076867431402206
7912,2020-08-15 09:00:00,84.97824,-15.003980000000013,7.841116413474083
7913,2020-08-15 10:00:00,85.07469,-15.331109999999995,7.1249136328697205
7914,2020-08-15 11:00:00,85.14391,-15.610029999999995,7.13592304289341
7915,2020-08-15 12:00:00,85.19999,-15.716769999999997,6.959245175123215
7916,2020-08-15 13:00:00,85.26337,-15.931190000000015,7.050103306770325
7917,2020-08-15 14:00:00,85.33173,-16.16305,7.346511721611023
7918,2020-08-15 15:00:00,85.40991,-16.141469999999998,7.480116993188858
7919,2020-08-15 16:00:00,85.45852,-16.387900000000002,7.786190316081047
7920,2020-08-15 17:00:00,85.50062,-16.605050000000006,8.009223341941833
7921,2020-08-15 18:00:00,85.54122,-16.180470000000014,8.289304181933403
7922,2020-08-15 19:00:00,85.59518,-16.467649999999992,8.551768377423286
7923,2020-08-15 20:00:00,85.63983,-16.402230000000003,8.770366594195366
7924,2020-08-15 21:00:00,85.71591,-16.907849999999996,9.169779300689697
7925,2020-08-15 22:00:00,85.79484,-17.50782000000001,9.219239011406898
7926,2020-08-15 23:00:00,85.88909,-17.781869999999998,9.155650153756142
7927,2020-08-16 00:00:00,85.98796,-18.439789999999988,9.242752984166145
7928,2020-08-16 01:00:00,86.05782,-19.353170000000006,9.046421959996223
7929,2020-08-16 02:00:00,86.13791,-20.06917999999999,8.875047966837883
7930,2020-08-16 03:00:00,86.23128,-20.055270000000007,8.791784644126892
7931,2020-08-16 04:00:00,86.28622,-20.151610000000005,8.515820242464542
7932,2020-08-16 05:00:00,86.37598,-20.274220000000014,8.106228560209274
7933,2020-08-16 06:00:00,86.43882,-21.51231999999999,8.052157521247864
7934,2020-08-16 07:00:00,86.52649,-22.540269999999992,7.74098165333271
7935,2020-08-16 08:00:00,86.57953,-23.97036,7.416612520813942
7936,2020-08-16 09:00:00,86.60066,-25.693100000000015,6.879554495215416
7937,2020-08-16 10:00:00,86.66169,-27.252250000000004,6.509754002094269
7938,2020-08-16 11:00:00,86.68199,-28.59208000000001,6.187910035252571
7939,2020-08-16 12:00:00,86.70256,-29.348839999999996,5.830221652984619
7940,2020-08-16 13:00:00,86.75603,-30.727980000000002,5.371111497282982
7941,2020-08-16 14:00:00,86.81648,-32.06666999999999,4.764590188860893
7942,2020-08-16 15:00:00,86.87278,-33.59395000000001,4.323297008872032
7943,2020-08-16 16:00:00,86.93877,-34.964879999999994,3.9677459001541138
7944,2020-08-16 17:00:00,86.96608,-36.22577000000001,3.578247219324112
7945,2020-08-16 18:00:00,87.06435,-36.59103999999999,3.4205508828163147
7946,2020-08-16 19:00:00,87.13335,-37.216170000000005,3.654767334461212
7947,2020-08-16 20:00:00,87.22138,-37.97024999999999,4.064993470907211
7948,2020-08-16 21:00:00,87.30776,-38.31614999999999,4.533734023571014
7949,2020-08-16 22:00:00,87.37974,-38.74933999999999,4.469439521431923
7950,2020-08-16 23:00:00,87.44722,-39.25663,3.9144508838653564
7951,2020-08-17 00:00:00,87.44639,-40.14004,3.9443478882312775
7952,2020-08-17 01:00:00,87.5125,-40.924589999999995,3.7212221920490265
7953,2020-08-17 02:00:00,87.60078,-40.02779000000001,3.8397484570741653
7954,2020-08-17 03:00:00,87.66896,-39.53734,3.8172349631786346
7955,2020-08-17 04:00:00,87.72717,-40.385639999999995,3.767977386713028
7956,2020-08-17 05:00:00,87.81364,-40.46947,4.023430362343788
7957,2020-08-17 06:00:00,87.89025,-40.27026999999998,4.270638421177864
7958,2020-08-17 07:00:00,87.96525,-39.39968999999999,4.436142221093178
7959,2020-08-17 08:00:00,88.01407,-38.74838,4.5656577199697495
7960,2020-08-17 09:00:00,88.05055,-37.86959000000002,4.603338107466698
7961,2020-08-17 10:00:00,88.09208,-38.11113,4.6462076008319855
7962,2020-08-17 11:00:00,88.13337,-37.43813,4.613491997122765
7963,2020-08-17 12:00:00,88.18223,-36.060280000000006,4.9002469182014465
7964,2020-08-17 13:00:00,88.25707,-34.482230000000015,4.847269386053085
7965,2020-08-17 14:00:00,88.29853,-34.61348000000001,3.958400785923004
7966,2020-08-17 15:00:00,88.29831,-34.667429999999996,3.8116873800754547
7967,2020-08-17 16:00:00,88.29685,-34.69906,3.794068843126297
7968,2020-08-17 17:00:00,88.29536,-34.737390000000005,3.6378335058689117
7969,2020-08-17 18:00:00,88.29386,-34.78387000000001,3.6396677792072296
7970,2020-08-17 19:00:00,88.32139,-34.645610000000005,3.3987913876771927
7971,2020-08-17 20:00:00,88.39686,-33.99409,3.13288976252079
7972,2020-08-17 21:00:00,88.4224,-33.603229999999996,3.2699148058891296
7973,2020-08-17 22:00:00,88.45908,-33.41067000000001,3.3102057576179504
7974,2020-08-17 23:00:00,88.50482,-32.61034000000001,3.2418283224105835
7975,2020-08-18 00:00:00,88.57095,-32.51847000000001,4.065988853573799
7976,2020-08-18 01:00:00,88.62886,-32.44470000000001,4.231929898262024
7977,2020-08-18 02:00:00,88.70091,-32.68520000000001,4.3571716248989105
7978,2020-08-18 03:00:00,88.7835,-33.48993999999999,4.5220863819122314
7979,2020-08-18 04:00:00,88.85487,-34.47137000000001,4.637755706906319
7980,2020-08-18 05:00:00,88.92059,-35.355850000000004,4.6370996832847595
7981,2020-08-18 06:00:00,88.93896,-35.6344,4.596896231174469
7982,2020-08-18 07:00:00,88.93731,-35.733450000000005,4.556669324636459
7983,2020-08-18 08:00:00,88.93633,-35.80506,4.475545898079872
7984,2020-08-18 09:00:00,88.93552,-35.871790000000004,4.349203020334244
7985,2020-08-18 10:00:00,88.93483,-35.944230000000005,4.4022088050842285
7986,2020-08-18 11:00:00,88.93647,-35.732410000000016,4.195899203419685
7987,2020-08-18 12:00:00,88.99798,-35.86339000000001,3.44240739941597
7988,2020-08-18 13:00:00,89.04352,-35.97959,3.5967355519533157
7989,2020-08-18 14:00:00,89.08591,-36.15030999999999,3.757726453244686
7990,2020-08-18 15:00:00,89.10041,-35.57069000000001,3.8045015931129456
7991,2020-08-18 16:00:00,89.10534,-35.65436,3.755326136946678
7992,2020-08-18 17:00:00,89.11732,-35.37911,3.748786211013794
7993,2020-08-18 18:00:00,89.15798,-34.68736000000001,3.835688352584839
7994,2020-08-18 19:00:00,89.1955,-34.13419999999999,4.092792600393295
7995,2020-08-18 20:00:00,89.2471,-35.23893000000001,4.362533062696457
7996,2020-08-18 21:00:00,89.30318,-36.70662999999999,4.5005002617836
7997,2020-08-18 22:00:00,89.31909,-36.94675000000001,4.639115169644356
7998,2020-08-18 23:00:00,89.37033,-37.12678,4.666158437728882
7999,2020-08-19 00:00:00,89.40234,-36.13938000000002,3.9158568680286407
8000,2020-08-19 01:00:00,89.48657,-35.43619000000001,4.011257626116276
8001,2020-08-19 02:00:00,89.55741,-34.529240000000016,4.1981745809316635
8002,2020-08-19 03:00:00,89.61818,-32.70102,4.312990173697472
8003,2020-08-19 04:00:00,89.63934,-33.121910000000014,4.384880632162094
8004,2020-08-19 05:00:00,89.67602,-31.90451999999999,4.391628265380859
8005,2020-08-19 06:00:00,89.70893,-35.407550000000015,4.20413139462471
8006,2020-08-19 07:00:00,89.79988,-39.47377,4.2299686670303345
8007,2020-08-19 08:00:00,89.8251,-35.97202999999999,4.320962682366371
8008,2020-08-19 09:00:00,89.92307,-34.39013,4.317649334669113
8009,2020-08-19 10:00:00,89.98396,-19.969539999999995,4.246011778712273
8010,2020-08-19 11:00:00,89.99955,117.20799999999997,3.986142411828041
8011,2020-08-19 12:00:00,89.99572,147.66906,4.129802331328392
8012,2020-08-19 13:00:00,89.9947,141.88927999999999,4.221336603164673
8013,2020-08-19 14:00:00,89.99366,135.64076,4.229144468903542
8014,2020-08-19 15:00:00,89.99294,132.22632999999996,4.153563767671585
8015,2020-08-19 16:00:00,89.99266,131.65339,4.020680993795395
8016,2020-08-19 17:00:00,89.9926,131.47064,3.86276113986969
8017,2020-08-19 18:00:00,89.99275,133.91102999999998,3.794920414686203
8018,2020-08-19 19:00:00,89.99299,139.13144999999997,3.785275489091873
8019,2020-08-19 20:00:00,89.99462,-145.02182,3.8810153752565384
8020,2020-08-19 21:00:00,89.934,106.33888000000002,3.714063733816147
8021,2020-08-19 22:00:00,89.86382,106.15672,3.6995616257190704
8022,2020-08-19 23:00:00,89.81652,105.19058000000001,3.6418592035770416
8023,2020-08-20 00:00:00,89.75287,108.23937999999998,3.361788287758827
8024,2020-08-20 01:00:00,89.67473,109.16863999999998,3.119230777025223
8025,2020-08-20 02:00:00,89.60507,110.6651,2.920843005180359
8026,2020-08-20 03:00:00,89.52829,107.58607999999998,2.7982033491134644
8027,2020-08-20 04:00:00,89.45923,107.01628,2.209195524454117
8028,2020-08-20 05:00:00,89.4116,106.29233999999997,2.002543956041336
8029,2020-08-20 06:00:00,89.35414,107.48897,1.8329449892044067
8030,2020-08-20 07:00:00,89.25732,107.34372000000002,1.677567794919014
8031,2020-08-20 08:00:00,89.17097,105.95765,1.6768567711114883
8032,2020-08-20 09:00:00,89.07907,104.78820999999999,2.246625781059265
8033,2020-08-20 10:00:00,89.00614,104.01192000000003,1.9950746595859528
8034,2020-08-20 11:00:00,88.98375,104.07738,1.8067622482776642
8035,2020-08-20 12:00:00,88.91417,104.71355,1.6878500580787659
8036,2020-08-20 13:00:00,88.81864,105.46206000000001,1.7364836484193802
8037,2020-08-20 14:00:00,88.74292,106.10005999999998,1.839618057012558
8038,2020-08-20 15:00:00,88.69467,105.02058999999997,1.9284785687923431
8039,2020-08-20 16:00:00,88.63395,104.36622999999997,1.8476066589355469
8040,2020-08-20 17:00:00,88.56313,103.48568,1.82846100628376
8041,2020-08-20 18:00:00,88.51078,103.70420000000001,1.7566142976284027
8042,2020-08-20 19:00:00,88.45067,104.33910000000003,2.026939034461975
8043,2020-08-20 20:00:00,88.39899,104.21821,2.479639083147049
8044,2020-08-20 21:00:00,88.29715,104.1044,2.633864104747772
8045,2020-08-20 22:00:00,88.19618,104.07524999999998,2.7496561408042908
8046,2020-08-20 23:00:00,88.11451,104.2733,2.833965629339218
8047,2020-08-21 00:00:00,88.02829,104.3825,2.015057384967804
8048,2020-08-21 01:00:00,87.99457,104.36097999999998,2.136844217777252
8049,2020-08-21 02:00:00,87.94598,104.31047999999998,2.1426369100809097
8050,2020-08-21 03:00:00,87.86181,104.21474,2.2412414848804474
8051,2020-08-21 04:00:00,87.78735,104.55025999999998,2.4106396287679672
8052,2020-08-21 05:00:00,87.71428,104.62207000000001,2.61177596449852
8053,2020-08-21 06:00:00,87.71439,104.53391999999997,2.8083705008029938
8054,2020-08-21 07:00:00,87.71529,104.50878999999998,3.0990003645420074
8055,2020-08-21 08:00:00,87.71622,104.48926,3.243754804134369
8056,2020-08-21 09:00:00,87.717,104.47285,3.0928944796323776
8057,2020-08-21 10:00:00,87.71778,104.50178,2.9248397797346115
8058,2020-08-21 11:00:00,87.71809,104.48187999999999,2.780854821205139
8059,2020-08-21 12:00:00,87.73935,104.25655999999998,3.1411789655685425
8060,2020-08-21 13:00:00,87.71683,104.34066000000001,3.205192729830742
8061,2020-08-21 14:00:00,87.71668,104.31378999999998,3.224633678793907
8062,2020-08-21 15:00:00,87.71664,104.28665999999998,3.4897472709417343
8063,2020-08-21 16:00:00,87.71685,104.26150999999999,3.5947390645742416
8064,2020-08-21 17:00:00,87.71732,104.24164000000002,3.8325238674879074
8065,2020-08-21 18:00:00,87.71802,104.22775000000001,3.777455195784569
8066,2020-08-21 19:00:00,87.71888,104.22048999999998,3.785213351249695
8067,2020-08-21 20:00:00,87.7198,104.21949000000001,3.8385760486125946
8068,2020-08-21 21:00:00,87.7207,104.22318999999999,3.8891755640506744
8069,2020-08-21 22:00:00,87.72152,104.22865000000002,3.9654494524002075
8070,2020-08-21 23:00:00,87.72227,104.23306000000002,4.004046261310577
8071,2020-08-22 00:00:00,87.723,104.23549000000003,3.9136081635951996
8072,2020-08-22 01:00:00,87.72377,104.23658,3.988613098859787
8073,2020-08-22 02:00:00,87.72472,104.23730999999998,3.9943841993808746
8074,2020-08-22 03:00:00,87.72598,104.24044000000004,4.053665578365326
8075,2020-08-22 04:00:00,87.72764,104.24757999999997,4.351289510726929
8076,2020-08-22 05:00:00,87.72974,104.26321000000002,4.419773772358894
8077,2020-08-22 06:00:00,87.73247,104.28820000000002,4.393268167972565
8078,2020-08-22 07:00:00,87.7357,104.32006000000001,4.394289091229439
8079,2020-08-22 08:00:00,87.73929,104.36554999999998,4.374781757593155
8080,2020-08-22 09:00:00,87.7433,104.41269,4.363031581044197
8081,2020-08-22 10:00:00,87.74712,104.46278999999998,4.615223079919815
8082,2020-08-22 11:00:00,87.75044,104.51585999999998,5.146827936172485
8083,2020-08-22 12:00:00,87.75327,104.57537000000002,5.700256392359734
8084,2020-08-22 13:00:00,87.7553,104.64143000000001,5.904577299952507
8085,2020-08-22 14:00:00,87.75641,104.71242000000001,5.931025430560112
8086,2020-08-22 15:00:00,87.75675,104.78728999999998,5.722016990184784
8087,2020-08-22 16:00:00,87.75637,104.86239,5.912699580192566
8088,2020-08-22 17:00:00,87.75545,104.93903999999998,6.093183755874634
8089,2020-08-22 18:00:00,87.75413,105.01315999999997,5.9326881766319275
8090,2020-08-22 19:00:00,87.75246,105.08589,6.160305008292198
8091,2020-08-22 20:00:00,87.7504,105.16003,6.310768634080887
8092,2020-08-22 21:00:00,87.74785,105.22707000000003,6.18870148062706
8093,2020-08-22 22:00:00,87.74529,105.28654,6.28209213912487
8094,2020-08-22 23:00:00,87.74339,105.34005000000002,6.205515116453171
8095,2020-08-23 00:00:00,87.74232,105.39076999999997,5.523029640316963
8096,2020-08-23 01:00:00,87.74197,105.4339,4.693622305989265
8097,2020-08-23 02:00:00,87.74207,105.47041000000002,4.122938394546509
8098,2020-08-23 03:00:00,87.74278,105.51206000000002,4.060255736112595
8099,2020-08-23 04:00:00,87.74394,105.55685,3.9932060837745667
8100,2020-08-23 05:00:00,87.74544,105.6089,4.030618920922279
8101,2020-08-23 06:00:00,87.74709,105.66953999999998,3.7513096183538437
8102,2020-08-23 07:00:00,87.74902,105.73698999999999,3.5970338732004166
8103,2020-08-23 08:00:00,87.75121,105.80701999999997,3.7867735028266907
8104,2020-08-23 09:00:00,87.75361,105.8741,3.852237641811371
8105,2020-08-23 10:00:00,87.75606,105.94238000000001,3.6434221118688583
8106,2020-08-23 11:00:00,87.75845,106.00468000000001,3.6032184958457947
8107,2020-08-23 12:00:00,87.76077,106.05750999999998,3.6185113936662674
8108,2020-08-23 13:00:00,87.76301,106.10215,3.3262846916913986
8109,2020-08-23 14:00:00,87.76535,106.13709,3.1446145474910736
8110,2020-08-23 15:00:00,87.76785,106.16372000000001,3.208500951528549
8111,2020-08-23 16:00:00,87.77044,106.18308000000002,3.322442427277565
8112,2020-08-23 17:00:00,87.77314,106.19900999999999,3.76375213265419
8113,2020-08-23 18:00:00,87.77586,106.21323000000001,4.203583113849163
8114,2020-08-23 19:00:00,87.77871,106.22543999999999,4.867632880806923
8115,2020-08-23 20:00:00,87.78177,106.23381999999998,5.49188731610775
8116,2020-08-23 21:00:00,87.78505,106.23837000000003,5.685380458831787
8117,2020-08-23 22:00:00,87.78861,106.24131,5.467292129993439
8118,2020-08-23 23:00:00,87.79242,106.23624999999998,5.011110886931419
8119,2020-08-24 00:00:00,87.79657,106.20965999999999,4.4886873215436935
8120,2020-08-24 01:00:00,87.79969,106.16697999999997,3.70120407640934
8121,2020-08-24 02:00:00,87.80111,106.12670000000003,2.9193421751260757
8122,2020-08-24 03:00:00,87.80114,106.08686999999998,2.154474198818207
8123,2020-08-24 04:00:00,87.79979,106.04904999999997,2.6367888152599335
8124,2020-08-24 05:00:00,87.79684,106.00731999999999,3.7180506587028503
8125,2020-08-24 06:00:00,87.79329,105.96203000000003,5.13375985622406
8126,2020-08-24 07:00:00,87.78897,105.91847000000001,6.221011891961098
8127,2020-08-24 08:00:00,87.78436,105.86419999999998,6.559908851981163
8128,2020-08-24 09:00:00,87.78022,105.79718000000003,6.229273796081543
8129,2020-08-24 10:00:00,87.77627,105.76231000000001,5.69011589884758
8130,2020-08-24 11:00:00,87.773,105.70024000000001,5.349687218666077
8131,2020-08-24 12:00:00,87.77037,105.63362000000001,4.811956986784935
8132,2020-08-24 13:00:00,87.76816,105.55860999999999,4.220891296863556
8133,2020-08-24 14:00:00,87.76606,105.48685,3.7706629633903503
8134,2020-08-24 15:00:00,87.76437,105.41809999999998,3.393953651189804
8135,2020-08-24 16:00:00,87.76319,105.35052000000002,3.0104956179857254
8136,2020-08-24 17:00:00,87.76252,105.29826000000003,2.3909232914447784
8137,2020-08-24 18:00:00,87.76251,105.25832000000003,1.646534726023674
8138,2020-08-24 19:00:00,87.76307,105.22523999999999,1.2452405244112015
8139,2020-08-24 20:00:00,87.76403,105.19858999999997,1.061760127544403
8140,2020-08-24 21:00:00,87.76515,105.17822000000001,0.6408903747797012
8141,2020-08-24 22:00:00,87.76624,105.15990999999997,0.6241613179445267
8142,2020-08-24 23:00:00,87.76754,105.14210000000003,1.3952074646949768
8143,2020-08-25 00:00:00,87.76919,105.12547999999998,2.183537781238556
8144,2020-08-25 01:00:00,87.77115,105.10246999999998,2.9036260545253754
8145,2020-08-25 02:00:00,87.77285,105.06774000000001,3.4620148986577988
8146,2020-08-25 03:00:00,87.77415,105.02089999999998,3.9268079698085785
8147,2020-08-25 04:00:00,87.77507,104.96042,4.079878732562065
8148,2020-08-25 05:00:00,87.77595,104.88909000000001,4.039770141243935
8149,2020-08-25 06:00:00,87.77673,104.81144,3.874288186430931
8150,2020-08-25 07:00:00,87.77752,104.73676,3.941136807203293
8151,2020-08-25 08:00:00,87.77824,104.67939999999999,3.815806970000267
8152,2020-08-25 09:00:00,87.77869,104.62943999999999,4.103202655911446
8153,2020-08-25 10:00:00,87.77945,104.58611000000002,4.460848644375801
8154,2020-08-25 11:00:00,87.7804,104.54899999999998,4.53987692296505
8155,2020-08-25 12:00:00,87.78127,104.51128,4.381401479244232
8156,2020-08-25 13:00:00,87.78187,104.46716000000004,4.060278236865997
8157,2020-08-25 14:00:00,87.78229,104.41521,3.4947764575481415
8158,2020-08-25 15:00:00,87.78274,104.35798999999997,3.1997225284576416
8159,2020-08-25 16:00:00,87.78347,104.29991000000001,3.1000775545835495
8160,2020-08-25 17:00:00,87.78463,104.24643000000003,3.151533454656601
8161,2020-08-25 18:00:00,87.78624,104.20258999999999,2.9079024493694305
8162,2020-08-25 19:00:00,87.78827,104.1696,2.624409571290016
8163,2020-08-25 20:00:00,87.79096,104.15213,2.9296141266822815
8164,2020-08-25 21:00:00,87.79437,104.15260999999998,3.481113612651825
8165,2020-08-25 22:00:00,87.79813,104.15936999999997,4.25812055170536
8166,2020-08-25 23:00:00,87.80238,104.17831000000001,4.871828004717827
8167,2020-08-26 00:00:00,87.80734,104.21650999999997,5.163473054766655
8168,2020-08-26 01:00:00,87.81223,104.26776999999998,5.795997455716133
8169,2020-08-26 02:00:00,87.81675,104.33086000000003,6.578653767704964
8170,2020-08-26 03:00:00,87.82116,104.40960999999999,7.131724134087563
8171,2020-08-26 04:00:00,87.82496,104.50162,7.587166920304298
8172,2020-08-26 05:00:00,87.82823,104.60219999999998,8.012737810611725
8173,2020-08-26 06:00:00,87.83072,104.71109000000001,8.457898080348969
8174,2020-08-26 07:00:00,87.83236,104.81835999999998,9.408498615026474
8175,2020-08-26 08:00:00,87.83404,104.90908999999999,8.349168539047241
8176,2020-08-26 09:00:00,87.83655,104.98086,8.828670978546143
8177,2020-08-26 10:00:00,87.8405,105.04262,9.409877747297287
8178,2020-08-26 11:00:00,87.84582,105.10451999999998,9.635470300912857
8179,2020-08-26 12:00:00,87.85246,105.18268,9.555274799466133
8180,2020-08-26 13:00:00,87.86,105.29548999999997,9.37812888622284
8181,2020-08-26 14:00:00,87.8672,105.41820999999999,9.255266442894936
8182,2020-08-26 15:00:00,87.87347,105.54622999999998,9.080240622162819
8183,2020-08-26 16:00:00,87.87838,105.6762,8.97042790055275
8184,2020-08-26 17:00:00,87.88193,105.79910999999998,8.97098259627819
8185,2020-08-26 18:00:00,87.88531,105.91014999999999,8.983820706605911
8186,2020-08-26 19:00:00,87.88865,106.01234999999997,9.000599518418312
8187,2020-08-26 20:00:00,87.89225,106.11047000000002,9.080226510763168
8188,2020-08-26 21:00:00,87.89656,106.207,9.141836762428284
8189,2020-08-26 22:00:00,87.90161,106.30700000000002,9.224751472473145
8190,2020-08-26 23:00:00,87.90761,106.40841999999998,9.298238456249237
8191,2020-08-27 00:00:00,87.91408,106.51198,9.320802003145218
8192,2020-08-27 01:00:00,87.92056,106.61658999999997,9.306323766708374
8193,2020-08-27 02:00:00,87.92666,106.72384999999997,9.246136620640755
8194,2020-08-27 03:00:00,87.93197,106.84183999999999,9.109457343816757
8195,2020-08-27 04:00:00,87.93624,106.97487000000001,8.904749751091003
8196,2020-08-27 05:00:00,87.93949,107.11185999999998,8.706255719065666
8197,2020-08-27 06:00:00,87.94165,107.24333000000001,8.457333967089653
8198,2020-08-27 07:00:00,87.94322,107.35897999999997,8.199442759156227
8199,2020-08-27 08:00:00,87.94458,107.45414,8.022626280784607
8200,2020-08-27 09:00:00,87.94617,107.52780000000001,7.827746510505676
8201,2020-08-27 10:00:00,87.9484,107.58523000000002,7.741170272231102
8202,2020-08-27 11:00:00,87.95182,107.64902999999998,7.702591851353645
8203,2020-08-27 12:00:00,87.95639,107.71856000000002,7.698375046253204
8204,2020-08-27 13:00:00,87.96174,107.79550999999998,7.704141765832901
8205,2020-08-27 14:00:00,87.96726,107.87784999999997,7.704464688897133
8206,2020-08-27 15:00:00,87.97272,107.96217000000001,7.627856284379959
8207,2020-08-27 16:00:00,87.97766,108.05989999999997,7.426992863416672
8208,2020-08-27 17:00:00,87.98159,108.16863999999998,7.154488995671272
8209,2020-08-27 18:00:00,87.98432,108.27661,6.988065659999847
8210,2020-08-27 19:00:00,87.98613,108.35730999999998,6.942803382873535
8211,2020-08-27 20:00:00,87.98768,108.39629000000002,6.892358690500259
8212,2020-08-27 21:00:00,87.98966,108.39978000000002,6.692412376403809
8213,2020-08-27 22:00:00,87.99294,108.40386999999998,6.517527848482132
8214,2020-08-27 23:00:00,87.99748,108.41305999999997,6.487769111990929
8215,2020-08-28 00:00:00,88.00277,108.43034,6.427777647972107
8216,2020-08-28 01:00:00,88.00825,108.45841999999999,6.38043238222599
8217,2020-08-28 02:00:00,88.01362,108.50061,6.351512774825096
8218,2020-08-28 03:00:00,88.01852,108.55444,6.011941611766815
8219,2020-08-28 04:00:00,88.02265,108.62065000000001,5.709401726722717
8220,2020-08-28 05:00:00,88.02579,108.69430999999997,5.492630869150162
8221,2020-08-28 06:00:00,88.0282,108.76134000000002,5.342532202601433
8222,2020-08-28 07:00:00,88.03013,108.81344000000001,5.135698035359383
8223,2020-08-28 08:00:00,88.03164,108.84995000000004,5.043656229972839
8224,2020-08-28 09:00:00,88.03346,108.87014999999997,5.039736747741699
8225,2020-08-28 10:00:00,88.03592,108.88288,4.967354491353035
8226,2020-08-28 11:00:00,88.03888,108.89315999999997,4.950670897960663
8227,2020-08-28 12:00:00,88.04221,108.90667000000002,4.986562147736549
8228,2020-08-28 13:00:00,88.04601,108.92120999999997,4.975654035806656
8229,2020-08-28 14:00:00,88.04988,108.94109000000003,4.941205009818077
8230,2020-08-28 15:00:00,88.05341,108.97627,5.086567774415016
8231,2020-08-28 16:00:00,88.05624,109.01538,5.173195376992226
8232,2020-08-28 17:00:00,88.05845,109.05478,4.768529966473579
8233,2020-08-28 18:00:00,88.06002,109.08745999999996,4.681317895650864
8234,2020-08-28 19:00:00,88.06137,109.10856000000001,4.571454554796219
8235,2020-08-28 20:00:00,88.06253,109.11577,4.50474289059639
8236,2020-08-28 21:00:00,88.0642,109.11288000000002,4.486547291278839
8237,2020-08-28 22:00:00,88.06643,109.10849000000002,4.407047301530838
8238,2020-08-28 23:00:00,88.06944,109.10323,4.251169294118881
8239,2020-08-29 00:00:00,88.07319,109.10163999999997,4.3018723130226135
8240,2020-08-29 01:00:00,88.0775,109.10591,4.277876451611519
8241,2020-08-29 02:00:00,88.082,109.12329,4.171536087989807
8242,2020-08-29 03:00:00,88.08639,109.15795000000003,4.46113745868206
8243,2020-08-29 04:00:00,88.09043,109.20919000000004,4.589133873581886
8244,2020-08-29 05:00:00,88.09394,109.27091999999999,4.653924122452736
8245,2020-08-29 06:00:00,88.09706,109.33258999999998,4.894416853785515
8246,2020-08-29 07:00:00,88.09989,109.38855000000001,5.268439471721649
8247,2020-08-29 08:00:00,88.1027,109.43344000000002,5.461994796991348
8248,2020-08-29 09:00:00,88.1057,109.46425999999997,5.566963315010071
8249,2020-08-29 10:00:00,88.10929,109.48536999999999,5.730586141347885
8250,2020-08-29 11:00:00,88.11375,109.49770999999998,5.8938243836164474
8251,2020-08-29 12:00:00,88.11901,109.51107000000002,6.094782471656799
8252,2020-08-29 13:00:00,88.12482,109.53478999999999,6.209069043397903
8253,2020-08-29 14:00:00,88.13083,109.57788,6.561008960008621
8254,2020-08-29 15:00:00,88.13679,109.64625000000001,7.018097132444382
8255,2020-08-29 16:00:00,88.14241,109.74133999999998,7.2383341789245605
8256,2020-08-29 17:00:00,88.14713,109.85660000000001,7.374426960945129
8257,2020-08-29 18:00:00,88.15093,109.97504000000004,7.534725487232208
8258,2020-08-29 19:00:00,88.15426,110.09174999999999,7.626818478107452
8259,2020-08-29 20:00:00,88.15737,110.20184,7.740652933716774
8260,2020-08-29 21:00:00,88.16067,110.29750999999999,8.041479736566544
8261,2020-08-29 22:00:00,88.1643,110.38495,8.291183143854141
8262,2020-08-29 23:00:00,88.16866,110.47195999999997,8.590953394770622
8263,2020-08-30 00:00:00,88.17377,110.5711,8.123495399951935
8264,2020-08-30 01:00:00,88.17966,110.67854999999997,8.187785565853119
8265,2020-08-30 02:00:00,88.18622,110.79084,8.327654093503952
8266,2020-08-30 03:00:00,88.19315,110.91447,8.555284425616264
8267,2020-08-30 04:00:00,88.19986,111.06642,8.769468650221825
8268,2020-08-30 05:00:00,88.20609,111.24723,8.988933265209198
8269,2020-08-30 06:00:00,88.21156,111.44779,8.780407875776291
8270,2020-08-30 07:00:00,88.21599,111.64940000000001,8.506739512085915
8271,2020-08-30 08:00:00,88.21972,111.83119999999997,8.328262656927109
8272,2020-08-30 09:00:00,88.22307,111.99432999999999,7.8906949162483215
8273,2020-08-30 10:00:00,88.22624,112.13256000000001,7.967427164316177
8274,2020-08-30 11:00:00,88.22946,112.24232999999998,7.8179247081279755
8275,2020-08-30 12:00:00,88.23308,112.34962999999999,7.9287650138139725
8276,2020-08-30 13:00:00,88.23716,112.46068000000002,8.040782913565636
8277,2020-08-30 14:00:00,88.24148,112.57406000000003,7.859254419803619
8278,2020-08-30 15:00:00,88.24608,112.67758000000003,7.961506962776184
8279,2020-08-30 16:00:00,88.25047,112.79266000000001,8.019826263189316
8280,2020-08-30 17:00:00,88.25421,112.92644999999999,7.888399079442024
8281,2020-08-30 18:00:00,88.2573,113.0686,7.676343023777008
8282,2020-08-30 19:00:00,88.25988,113.20400999999998,7.501975014805794
8283,2020-08-30 20:00:00,88.26202,113.31734,7.38125541806221
8284,2020-08-30 21:00:00,88.26376,113.41050999999999,7.167153492569923
8285,2020-08-30 22:00:00,88.26529,113.48004000000003,6.883130967617035
8286,2020-08-30 23:00:00,88.26705,113.52332999999999,6.576935440301895
8287,2020-08-31 00:00:00,88.26913,113.55122,6.335588455200195
8288,2020-08-31 01:00:00,88.27186,113.57119999999998,6.17005529999733
8289,2020-08-31 02:00:00,88.27526,113.59676999999999,6.041037157177925
8290,2020-08-31 03:00:00,88.27876,113.63806999999997,5.880684569478035
8291,2020-08-31 04:00:00,88.28206,113.69969000000003,5.797195479273796
8292,2020-08-31 05:00:00,88.28489,113.77751,5.680893033742905
8293,2020-08-31 06:00:00,88.28717,113.86685,5.92474539577961
8294,2020-08-31 07:00:00,88.28885,113.95202,5.912074491381645
8295,2020-08-31 08:00:00,88.29019,114.02375,5.964188039302826
8296,2020-08-31 09:00:00,88.29145,114.07918999999998,6.1973054856061935
8297,2020-08-31 10:00:00,88.29284,114.11329999999998,6.301546216011047
8298,2020-08-31 11:00:00,88.29445,114.12997999999999,6.294491067528725
8299,2020-08-31 12:00:00,88.29667,114.13886000000002,6.168537303805351
8300,2020-08-31 13:00:00,88.29953,114.14805000000001,5.953622922301292
8301,2020-08-31 14:00:00,88.30297,114.15993000000003,5.679256767034531
8302,2020-08-31 15:00:00,88.30672,114.18606,5.555585011839867
8303,2020-08-31 16:00:00,88.31032,114.2328,5.589120417833328
8304,2020-08-31 17:00:00,88.31358,114.29579000000001,5.492708817124367
8305,2020-08-31 18:00:00,88.31646,114.36745000000002,5.432267189025879
8306,2020-08-31 19:00:00,88.31886,114.44049000000001,5.485616087913513
8307,2020-08-31 20:00:00,88.32091,114.50565,5.347738102078438
8308,2020-08-31 21:00:00,88.32281,114.5618,5.306834429502487
8309,2020-08-31 22:00:00,88.32465,114.60870999999997,5.418837755918503
8310,2020-08-31 23:00:00,88.32663,114.64803,5.488429605960846
8311,2020-09-01 00:00:00,88.32875,114.67739,5.47862234711647
8312,2020-09-01 01:00:00,88.33132,114.71228000000002,5.287264496088028
8313,2020-09-01 02:00:00,88.33369,114.76436999999999,5.308211296796799
8314,2020-09-01 03:00:00,88.33619,114.82049999999998,5.568625554442406
8315,2020-09-01 04:00:00,88.33868,114.88522,5.717292949557304
8316,2020-09-01 05:00:00,88.34108,114.96253000000002,5.8972202986478806
8317,2020-09-01 06:00:00,88.34345,115.06079999999997,5.859925165772438
8318,2020-09-01 07:00:00,88.34582,115.19272000000001,5.423970580101013
8319,2020-09-01 08:00:00,88.34819,115.32961999999998,4.801613882184029
8320,2020-09-01 09:00:00,88.35039,115.46622000000002,4.886423766613007
8321,2020-09-01 10:00:00,88.35257,115.58419000000004,4.7900168895721436
8322,2020-09-01 11:00:00,88.3553,115.69459999999998,4.6586417108774185
8323,2020-09-01 12:00:00,88.35826,115.81083000000001,4.745169926434755
8324,2020-09-01 13:00:00,88.36155,115.91665999999998,4.968346893787384
8325,2020-09-01 14:00:00,88.36497,116.01164,5.090319395065308
8326,2020-09-01 15:00:00,88.36887,116.11685999999997,5.283191844820976
8327,2020-09-01 16:00:00,88.37221,116.20879000000002,5.567195266485214
8328,2020-09-01 17:00:00,88.37608,116.32826,5.840604275465012
8329,2020-09-01 18:00:00,88.37955,116.46383000000003,5.906545519828796
8330,2020-09-01 19:00:00,88.3826,116.59546999999998,5.592789202928543
8331,2020-09-01 20:00:00,88.38525,116.71100000000001,4.997324973344803
8332,2020-09-01 21:00:00,88.38768,116.81100000000004,5.306463301181793
8333,2020-09-01 22:00:00,88.3901,116.88243,5.3420266807079315
8334,2020-09-01 23:00:00,88.39286,116.93543,4.549076229333878
8335,2020-09-02 00:00:00,88.39591,116.97491000000002,4.559157967567444
8336,2020-09-02 01:00:00,88.39946,117.00684999999999,5.057179793715477
8337,2020-09-02 02:00:00,88.40353,117.03976,5.217327266931534
8338,2020-09-02 03:00:00,88.40808,117.08235000000002,5.076171100139618
8339,2020-09-02 04:00:00,88.41296,117.14283999999998,5.3438550978899
8340,2020-09-02 05:00:00,88.41786,117.22145999999998,5.563499286770821
8341,2020-09-02 06:00:00,88.42256,117.31322999999998,5.6165322959423065
8342,2020-09-02 07:00:00,88.42696,117.40929,5.82306170463562
8343,2020-09-02 08:00:00,88.43108,117.50359000000003,6.04982390999794
8344,2020-09-02 09:00:00,88.43502,117.59305999999998,6.359876677393913
8345,2020-09-02 10:00:00,88.43886,117.67142999999999,6.53435891866684
8346,2020-09-02 11:00:00,88.44293,117.73969,6.4802906066179276
8347,2020-09-02 12:00:00,88.44752,117.80079999999998,6.719473138451576
8348,2020-09-02 13:00:00,88.45275,117.86522000000002,7.040625423192978
8349,2020-09-02 14:00:00,88.45858,117.94427999999999,7.061116226017475
8350,2020-09-02 15:00:00,88.46467,118.04604999999998,7.1409592628479
8351,2020-09-02 16:00:00,88.47083,118.17295000000001,6.481029719114304
8352,2020-09-02 17:00:00,88.47666,118.31385,5.487806394696236
8353,2020-09-02 18:00:00,88.48246,118.45893000000001,6.996170163154602
8354,2020-09-02 19:00:00,88.488,118.59595000000002,7.603243738412857
8355,2020-09-02 20:00:00,88.49352,118.70781999999997,7.9246891140937805
8356,2020-09-02 21:00:00,88.4991,118.78836000000001,8.635314464569092
8357,2020-09-02 22:00:00,88.50524,118.85039999999998,9.174009025096893
8358,2020-09-02 23:00:00,88.51183,118.91047000000003,8.871496468782425
8359,2020-09-03 00:00:00,88.51871,118.96694000000002,8.517864346504211
8360,2020-09-03 01:00:00,88.52593,119.03267,9.063509583473206
8361,2020-09-03 02:00:00,88.53332,119.11743000000001,9.020165979862213
8362,2020-09-03 03:00:00,88.54084,119.22132999999997,8.886952295899391
8363,2020-09-03 04:00:00,88.54827,119.35072000000002,9.31443277001381
8364,2020-09-03 05:00:00,88.55549,119.49653999999998,9.108489751815796
8365,2020-09-03 06:00:00,88.5623,119.64078,8.86046116054058
8366,2020-09-03 07:00:00,88.56887,119.77715,8.272921830415726
8367,2020-09-03 08:00:00,88.5751,119.89148,8.224722027778625
8368,2020-09-03 09:00:00,88.58102,119.98113999999998,8.564279839396477
8369,2020-09-03 10:00:00,88.58709,120.03913,8.09561824798584
8370,2020-09-03 11:00:00,88.59342,120.07267000000002,8.390011221170425
8371,2020-09-03 12:00:00,88.60015,120.09706,9.146706253290176
8372,2020-09-03 13:00:00,88.60721,120.12365,8.868854478001595
8373,2020-09-03 14:00:00,88.61453,120.14477999999997,8.895058572292328
8374,2020-09-03 15:00:00,88.62188,120.17533000000003,8.649172127246857
8375,2020-09-03 16:00:00,88.62937,120.22248000000002,8.608546122908592
8376,2020-09-03 17:00:00,88.63706,120.29779000000002,9.311753422021866
8377,2020-09-03 18:00:00,88.64451,120.39776,9.37788213789463
8378,2020-09-03 19:00:00,88.6513,120.49760000000003,9.33175602555275
8379,2020-09-03 20:00:00,88.65734,120.58100000000002,9.292743146419525
8380,2020-09-03 21:00:00,88.66272,120.63866000000002,9.236048147082329
8381,2020-09-03 22:00:00,88.66749,120.67201999999997,9.034235030412674
8382,2020-09-03 23:00:00,88.67175,120.66916000000003,8.805090755224228
8383,2020-09-04 00:00:00,88.67609,120.6329,8.571819126605988
8384,2020-09-04 01:00:00,88.68066,120.59244000000001,8.413696184754372
8385,2020-09-04 02:00:00,88.68549,120.57173999999998,8.178596705198288
8386,2020-09-04 03:00:00,88.69084,120.58388000000002,8.075050681829453
8387,2020-09-04 04:00:00,88.69605,120.62946,7.744257882237434
8388,2020-09-04 05:00:00,88.7008,120.70137,7.1506152749061584
8389,2020-09-04 06:00:00,88.70449,120.77078,6.929611921310425
8390,2020-09-04 07:00:00,88.70789,120.82083,6.939466759562492
8391,2020-09-04 08:00:00,88.7113,120.83582999999999,6.98077991604805
8392,2020-09-04 09:00:00,88.71454,120.82607999999999,7.057886973023415
8393,2020-09-04 10:00:00,88.71806,120.77854000000002,7.092643156647682
8394,2020-09-04 11:00:00,88.72157,120.70589000000001,7.337038621306419
8395,2020-09-04 12:00:00,88.72504,120.62056000000001,7.357503831386566
8396,2020-09-04 13:00:00,88.72873,120.52317,7.238072082400322
8397,2020-09-04 14:00:00,88.73262,120.43176,7.00417822599411
8398,2020-09-04 15:00:00,88.73651,120.35541999999998,6.1698252111673355
8399,2020-09-04 16:00:00,88.74022,120.28359999999998,5.269915297627449
8400,2020-09-04 17:00:00,88.74353,120.22091999999998,5.130921348929405
8401,2020-09-04 18:00:00,88.74603,120.16865000000001,4.998249098658562
8402,2020-09-04 19:00:00,88.74761,120.10280999999998,4.719681844115257
8403,2020-09-04 20:00:00,88.74853,120.02408000000003,3.8184355348348618
8404,2020-09-04 21:00:00,88.74891,119.93581,3.0306314527988434
8405,2020-09-04 22:00:00,88.74901,119.84273000000002,2.740985721349716
8406,2020-09-04 23:00:00,88.74899,119.74270999999999,2.735327363014221
8407,2020-09-05 00:00:00,88.74902,119.64677,2.639674350619316
8408,2020-09-05 01:00:00,88.74925,119.56513000000001,2.6031006276607513
8409,2020-09-05 02:00:00,88.74962,119.50722000000002,2.5797006487846375
8410,2020-09-05 03:00:00,88.75,119.47028999999998,2.5438299775123596
8411,2020-09-05 04:00:00,88.75025,119.45657,2.6039150059223175
8412,2020-09-05 05:00:00,88.75029,119.46868,2.5223913937807083
8413,2020-09-05 06:00:00,88.74989,119.48719,2.4329294562339783
8414,2020-09-05 07:00:00,88.74913,119.50341000000003,2.401100277900696
8415,2020-09-05 08:00:00,88.74815,119.49793,2.3095511943101883
8416,2020-09-05 09:00:00,88.74719,119.46129000000002,1.9935608059167862
8417,2020-09-05 10:00:00,88.74657,119.40391,1.7328194379806519
8418,2020-09-05 11:00:00,88.74638,119.33690999999999,2.0383484810590744
8419,2020-09-05 12:00:00,88.7463,119.27233999999999,2.721678391098976
8420,2020-09-05 13:00:00,88.74596,119.26027999999997,3.1205101013183594
8421,2020-09-05 14:00:00,88.74518,119.25742000000002,3.352790907025337
8422,2020-09-05 15:00:00,88.74404,119.26058,3.2838971614837646
8423,2020-09-05 16:00:00,88.74267,119.27168,3.295142740011215
8424,2020-09-05 17:00:00,88.74117,119.28336000000002,3.4818175435066223
8425,2020-09-05 18:00:00,88.73948,119.27926000000002,3.6464667320251465
8426,2020-09-05 19:00:00,88.7378,119.26445000000001,3.620698168873787
8427,2020-09-05 20:00:00,88.73605,119.23378000000002,3.3649662137031555
8428,2020-09-05 21:00:00,88.73433,119.19589000000002,3.2605731040239334
8429,2020-09-05 22:00:00,88.73309,119.16577999999998,3.2162770330905914
8430,2020-09-05 23:00:00,88.73256,119.12278000000003,2.953317880630493
8431,2020-09-06 00:00:00,88.73269,119.05578000000003,2.616256296634674
8432,2020-09-06 01:00:00,88.7333,118.97789,2.4920238256454468
8433,2020-09-06 02:00:00,88.73434,118.89522,2.4676709175109863
8434,2020-09-06 03:00:00,88.73552,118.82457,2.1710844337940216
8435,2020-09-06 04:00:00,88.73677,118.77954999999997,1.69297094643116
8436,2020-09-06 05:00:00,88.73807,118.73795000000001,1.17092627286911
8437,2020-09-06 06:00:00,88.73917,118.68923000000001,1.079094871878624
8438,2020-09-06 07:00:00,88.73999,118.62058000000002,1.8204549849033356
8439,2020-09-06 08:00:00,88.74044,118.50526000000002,2.903004825115204
8440,2020-09-06 09:00:00,88.741,118.34836999999999,4.066925048828125
8441,2020-09-06 10:00:00,88.74219,118.14116000000001,4.964649483561516
8442,2020-09-06 11:00:00,88.74386,117.89387999999997,5.644322469830513
8443,2020-09-06 12:00:00,88.74627,117.62439999999998,6.436961889266968
8444,2020-09-06 13:00:00,88.74967,117.34253000000001,7.180784121155739
8445,2020-09-06 14:00:00,88.75328,117.00405999999998,7.953965976834297
8446,2020-09-06 15:00:00,88.75654,116.63590999999997,8.110183328390121
8447,2020-09-06 16:00:00,88.75933,116.25876,8.035447612404823
8448,2020-09-06 17:00:00,88.76127,115.88828000000001,8.006523594260216
8449,2020-09-06 18:00:00,88.76159,115.52843999999999,8.010099411010742
8450,2020-09-06 19:00:00,88.76019,115.15807000000001,8.245357140898705
8451,2020-09-06 20:00:00,88.75734,114.77109999999999,8.477343946695328
8452,2020-09-06 21:00:00,88.75351,114.36811,9.080985754728317
8453,2020-09-06 22:00:00,88.74891,113.93772000000001,9.225859224796295
8454,2020-09-06 23:00:00,88.74443,113.50512000000003,10.10199522972107
8455,2020-09-07 00:00:00,88.74055,113.11873000000003,10.758384555578232
8456,2020-09-07 01:00:00,88.73669,112.75893000000002,11.400230929255486
8457,2020-09-07 02:00:00,88.73367,112.47755000000001,11.180216416716576
8458,2020-09-07 03:00:00,88.73107,112.29071999999996,10.67371752858162
8459,2020-09-07 04:00:00,88.72803,112.15908000000002,10.58303615450859
8460,2020-09-07 05:00:00,88.72466,112.08622000000003,9.997957184910774
8461,2020-09-07 06:00:00,88.72049,112.04368,9.461123019456863
8462,2020-09-07 07:00:00,88.71564,112.02269999999999,8.870701283216476
8463,2020-09-07 08:00:00,88.71015,112.00423999999998,8.709193781018257
8464,2020-09-07 09:00:00,88.70444,111.97048000000001,8.156335145235062
8465,2020-09-07 10:00:00,88.69899,111.90466000000004,7.425547614693642
8466,2020-09-07 11:00:00,88.69437,111.81225999999998,6.923868760466576
8467,2020-09-07 12:00:00,88.691,111.70619999999997,7.086012244224548
8468,2020-09-07 13:00:00,88.68883,111.60471000000001,6.92355440557003
8469,2020-09-07 14:00:00,88.68749,111.53544999999997,6.499124296009541
8470,2020-09-07 15:00:00,88.68659,111.53208999999998,6.548685856163502
8471,2020-09-07 16:00:00,88.68591,111.57506000000001,6.5792321264743805
8472,2020-09-07 17:00:00,88.68494,111.63707999999997,6.144289709627628
8473,2020-09-07 18:00:00,88.68384,111.72309000000001,5.7698618322610855
8474,2020-09-07 19:00:00,88.68232,111.82541000000003,5.568593829870224
8475,2020-09-07 20:00:00,88.68034,111.92329000000001,5.684869602322578
8476,2020-09-07 21:00:00,88.67809,112.00188000000003,6.08595210313797
8477,2020-09-07 22:00:00,88.67589,112.05183999999997,5.850202411413193
8478,2020-09-07 23:00:00,88.67407,112.06981999999999,5.3613749742507935
8479,2020-09-08 00:00:00,88.67302,112.07157000000001,5.040042191743851
8480,2020-09-08 01:00:00,88.67273,112.08260000000001,4.853421181440353
8481,2020-09-08 02:00:00,88.67322,112.11005999999998,4.869915820658207
8482,2020-09-08 03:00:00,88.67413,112.16665,4.9520948976278305
8483,2020-09-08 04:00:00,88.6752,112.23914000000002,5.050491899251938
8484,2020-09-08 05:00:00,88.67612,112.34950000000003,5.065658301115036
8485,2020-09-08 06:00:00,88.67634,112.49680000000001,4.972113683819771
8486,2020-09-08 07:00:00,88.67612,112.64551,4.979939192533493
8487,2020-09-08 08:00:00,88.6757,112.77585999999997,4.929415002465248
8488,2020-09-08 09:00:00,88.67533,112.87063,4.950806140899658
8489,2020-09-08 10:00:00,88.67574,112.92286999999999,5.00216244161129
8490,2020-09-08 11:00:00,88.67734,112.94780000000003,5.238405957818031
8491,2020-09-08 12:00:00,88.67969,112.95564999999999,5.377705454826355
8492,2020-09-08 13:00:00,88.68296,112.96012999999999,5.358322560787201
8493,2020-09-08 14:00:00,88.68671,112.98876000000001,5.349280998110771
8494,2020-09-08 15:00:00,88.69101,113.05469,5.431390285491943
8495,2020-09-08 16:00:00,88.69511,113.17102999999997,5.445438355207443
8496,2020-09-08 17:00:00,88.69908,113.32008000000002,5.266266196966171
8497,2020-09-08 18:00:00,88.70228,113.48199,4.898164004087448
8498,2020-09-08 19:00:00,88.70449,113.61930999999998,4.453436404466629
8499,2020-09-08 20:00:00,88.70627,113.69824,4.057287409901619
8500,2020-09-08 21:00:00,88.70775,113.72104000000002,3.698376029729843
8501,2020-09-08 22:00:00,88.70922,113.68813,3.5438722372055054
8502,2020-09-08 23:00:00,88.71103,113.59980999999999,3.3330231606960297
8503,2020-09-09 00:00:00,88.71345,113.47244,3.0006173402071
8504,2020-09-09 01:00:00,88.71675,113.33164999999997,2.6512210965156555
8505,2020-09-09 02:00:00,88.72067,113.19247000000001,2.5682198107242584
8506,2020-09-09 03:00:00,88.7246,113.05959999999999,2.456793636083603
8507,2020-09-09 04:00:00,88.72783,112.93329,2.505089432001114
8508,2020-09-09 05:00:00,88.73034,112.81268,3.080876514315605
8509,2020-09-09 06:00:00,88.7314,112.67698999999999,3.664432853460312
8510,2020-09-09 07:00:00,88.731,112.50993,4.272342532873154
8511,2020-09-09 08:00:00,88.7295,112.29921999999999,4.715415939688683
8512,2020-09-09 09:00:00,88.72759,112.04674999999997,4.844851553440094
8513,2020-09-09 10:00:00,88.72582,111.73779000000002,4.509043127298355
8514,2020-09-09 11:00:00,88.72439,111.37977000000001,4.768066644668579
8515,2020-09-09 12:00:00,88.72351,111.01222000000001,4.689551293849945
8516,2020-09-09 13:00:00,88.72346,110.65503999999999,4.775691017508507
8517,2020-09-09 14:00:00,88.72389,110.34942999999998,4.818585127592087
8518,2020-09-09 15:00:00,88.72434,110.12110999999999,4.811768487095833
8519,2020-09-09 16:00:00,88.72407,109.98034999999999,4.878116279840469
8520,2020-09-09 17:00:00,88.72303,109.94130000000001,5.38486547768116
8521,2020-09-09 18:00:00,88.72139,109.90426000000002,5.786043718457222
8522,2020-09-09 19:00:00,88.71913,109.82589999999999,5.351971238851547
8523,2020-09-09 20:00:00,88.71642,109.69259999999997,5.22709396481514
8524,2020-09-09 21:00:00,88.7137,109.48770000000002,5.209639683365822
8525,2020-09-09 22:00:00,88.71155,109.23124999999999,4.809192985296249
8526,2020-09-09 23:00:00,88.71015,108.93592000000001,4.24632254242897
8527,2020-09-10 00:00:00,88.70964,108.61243999999999,3.98104265332222
8528,2020-09-10 01:00:00,88.70975,108.30488000000003,3.9299092441797256
8529,2020-09-10 02:00:00,88.71039,108.05727999999999,3.786504805088043
8530,2020-09-10 03:00:00,88.71149,107.86433999999997,3.782243490219116
8531,2020-09-10 04:00:00,88.71258,107.71668,4.008638769388199
8532,2020-09-10 05:00:00,88.71309,107.61624,3.9148602187633514
8533,2020-09-10 06:00:00,88.71294,107.52933000000002,3.4943496733903885
8534,2020-09-10 07:00:00,88.7121,107.44038,3.0911085456609726
8535,2020-09-10 08:00:00,88.71078,107.34487999999999,2.8456364274024963
8536,2020-09-10 09:00:00,88.70923,107.23430000000002,2.8073254078626633
8537,2020-09-10 10:00:00,88.70795,107.10585000000003,2.839836835861206
8538,2020-09-10 11:00:00,88.70723,106.96179000000001,2.6818656772375107
8539,2020-09-10 12:00:00,88.70723,106.81034,2.552469789981842
8540,2020-09-10 13:00:00,88.70788,106.66579999999999,2.6161098778247833
8541,2020-09-10 14:00:00,88.7091,106.52422999999999,2.7455144077539444
8542,2020-09-10 15:00:00,88.71075,106.42290000000003,2.966508135199547
8543,2020-09-10 16:00:00,88.71253,106.34717,3.281613513827324
8544,2020-09-10 17:00:00,88.71402,106.28994,3.5441532880067825
8545,2020-09-10 18:00:00,88.71511,106.23702000000003,3.502509832382202
8546,2020-09-10 19:00:00,88.71546,106.17485999999997,3.550521582365036
8547,2020-09-10 20:00:00,88.71539,106.09057999999999,3.732611745595932
8548,2020-09-10 21:00:00,88.71534,105.97041999999999,3.9646953642368317
8549,2020-09-10 22:00:00,88.71567,105.80367999999999,4.05413755774498
8550,2020-09-10 23:00:00,88.71669,105.60726,4.200886890292168
8551,2020-09-11 00:00:00,88.71853,105.40096,5.575761437416077
8552,2020-09-11 01:00:00,88.72141,105.19276000000002,5.703240409493446
8553,2020-09-11 02:00:00,88.72516,105.00155999999998,5.860221907496452
8554,2020-09-11 03:00:00,88.72919,104.84870999999998,5.98101706802845
8555,2020-09-11 04:00:00,88.73287,104.74905000000001,6.121667951345444
8556,2020-09-11 05:00:00,88.73594,104.67633999999998,6.136350080370903
8557,2020-09-11 06:00:00,88.73829,104.61446000000001,6.068733051419258
8558,2020-09-11 07:00:00,88.7399,104.54721999999998,5.880262911319733
8559,2020-09-11 08:00:00,88.74083,104.45551999999998,5.604659304022789
8560,2020-09-11 09:00:00,88.74146,104.32339000000002,5.308699607849121
8561,2020-09-11 10:00:00,88.74235,104.1506,5.348237067461014
8562,2020-09-11 11:00:00,88.74389,103.95269000000002,5.244761481881142
8563,2020-09-11 12:00:00,88.74623,103.75139000000001,5.0675365924835205
8564,2020-09-11 13:00:00,88.7492,103.56565999999998,4.974181100726128
8565,2020-09-11 14:00:00,88.75253,103.40708999999998,4.783793896436691
8566,2020-09-11 15:00:00,88.75588,103.28276,4.277273029088974
8567,2020-09-11 16:00:00,88.75879,103.19738999999998,3.7768741250038147
8568,2020-09-11 17:00:00,88.7608,103.14130999999998,3.5558578073978424
8569,2020-09-11 18:00:00,88.76177,103.09708,3.6114143431186676
8570,2020-09-11 19:00:00,88.76182,103.04480000000001,3.675466299057007
8571,2020-09-11 20:00:00,88.76119,102.96488,3.5602126717567444
8572,2020-09-11 21:00:00,88.76037,102.84685000000002,3.5160385817289352
8573,2020-09-11 22:00:00,88.75978,102.6891,3.4548699259757996
8574,2020-09-11 23:00:00,88.75986,102.50027,3.3602268397808075
8575,2020-09-12 00:00:00,88.76078,102.29439000000002,3.2741522789001465
8576,2020-09-12 01:00:00,88.76253,102.09271999999999,3.17688325047493
8577,2020-09-12 02:00:00,88.76477,101.91552999999999,3.2753679007291794
8578,2020-09-12 03:00:00,88.76704,101.78005000000002,3.4301958680152893
8579,2020-09-12 04:00:00,88.76922,101.68830000000003,3.504025861620903
8580,2020-09-12 05:00:00,88.77089,101.62718999999998,3.3925103545188904
8581,2020-09-12 06:00:00,88.77188,101.57952,3.217813476920128
8582,2020-09-12 07:00:00,88.77218,101.52654999999999,3.158646672964096
8583,2020-09-12 08:00:00,88.77196,101.45218999999997,3.254990518093109
8584,2020-09-12 09:00:00,88.77154,101.34653000000003,3.271165370941162
8585,2020-09-12 10:00:00,88.77137,101.20772,3.187402606010437
8586,2020-09-12 11:00:00,88.77184,101.04305999999997,3.1211661100387573
8587,2020-09-12 12:00:00,88.77324,100.86106999999998,3.0012994408607483
8588,2020-09-12 13:00:00,88.7755,100.68209999999999,2.7093986719846725
8589,2020-09-12 14:00:00,88.77852,100.53280999999998,2.2801505476236343
8590,2020-09-12 15:00:00,88.78185,100.42182000000003,2.1955109983682632
8591,2020-09-12 16:00:00,88.78509,100.35253,2.3741129636764526
8592,2020-09-12 17:00:00,88.78797,100.31785000000002,2.744822606444359
8593,2020-09-12 18:00:00,88.79028,100.30129,3.197460323572159
8594,2020-09-12 19:00:00,88.79195,100.27600000000001,3.4666541516780853
8595,2020-09-12 20:00:00,88.79318,100.21870000000001,3.6200737059116364
8596,2020-09-12 21:00:00,88.79434,100.11427000000003,3.9456250369548798
8597,2020-09-12 22:00:00,88.79588,99.95938000000001,4.2270428985357285
8598,2020-09-12 23:00:00,88.79823,99.75913000000003,4.527886219322681
8599,2020-09-13 00:00:00,88.80173,99.52109999999999,4.887372672557831
8600,2020-09-13 01:00:00,88.80672,99.26782000000003,5.568735256791115
8601,2020-09-13 02:00:00,88.81291,99.02661,6.10554064810276
8602,2020-09-13 03:00:00,88.81976,98.80439999999999,6.596014067530632
8603,2020-09-13 04:00:00,88.82684,98.60822999999999,7.257066413760185
8604,2020-09-13 05:00:00,88.83396,98.41832999999997,7.6223015040159225
8605,2020-09-13 06:00:00,88.84101,98.22692,7.975778624415398
8606,2020-09-13 07:00:00,88.84757,97.99829999999997,8.757034793496132
8607,2020-09-13 08:00:00,88.85362,97.70772,9.605923593044281
8608,2020-09-13 09:00:00,88.85959,97.33596,10.459491804242134
8609,2020-09-13 10:00:00,88.866,96.88977,11.549119099974632
8610,2020-09-13 11:00:00,88.87504,96.42631,12.552045196294785
8611,2020-09-13 12:00:00,88.88692,96.06687999999997,13.051596149802208
8612,2020-09-13 13:00:00,88.89938,95.84024,12.583650544285774
8613,2020-09-13 14:00:00,88.91137,95.75513999999998,11.75332311540842
8614,2020-09-13 15:00:00,88.92211,95.80020999999999,11.32434344291687
8615,2020-09-13 16:00:00,88.9308,95.95861000000002,10.810076832771301
8616,2020-09-13 17:00:00,88.93702,96.17052000000001,10.07889673113823
8617,2020-09-13 18:00:00,88.94043,96.35084999999998,9.391082838177681
8618,2020-09-13 19:00:00,88.94273,96.44146999999998,8.758348539471626
8619,2020-09-13 20:00:00,88.94574,96.45958999999999,9.215720921754837
8620,2020-09-13 21:00:00,88.95009,96.41730999999999,10.100840151309967
8621,2020-09-13 22:00:00,88.95559,96.33338000000003,10.715265616774559
8622,2020-09-13 23:00:00,88.96334,96.32614000000001,11.403999328613281
8623,2020-09-14 00:00:00,88.9724,96.47865000000002,10.72852198779583
8624,2020-09-14 01:00:00,88.98152,96.79434000000003,10.841798171401024
8625,2020-09-14 02:00:00,88.99006,97.26414999999997,11.044743686914444
8626,2020-09-14 03:00:00,88.99751,97.91457000000003,11.0085971057415
8627,2020-09-14 04:00:00,89.00255,98.66583000000003,10.99908623099327
8628,2020-09-14 05:00:00,89.00534,99.45211999999998,11.248002216219902
8629,2020-09-14 06:00:00,89.00555,100.18651,11.662757217884064
8630,2020-09-14 07:00:00,89.00431,100.79286000000002,12.213366344571114
8631,2020-09-14 08:00:00,89.00294,101.22255000000001,12.329256430268288
8632,2020-09-14 09:00:00,89.00318,101.48761999999999,12.2814961373806
8633,2020-09-14 10:00:00,89.00615,101.6515,11.892988324165344
8634,2020-09-14 11:00:00,89.01243,101.83733000000001,11.403220534324646
8635,2020-09-14 12:00:00,89.02068,102.16748000000001,11.14538523554802
8636,2020-09-14 13:00:00,89.02945,102.57004999999998,11.299036040902138
8637,2020-09-14 14:00:00,89.03792,103.06150000000002,11.696797147393227
8638,2020-09-14 15:00:00,89.04548,103.67451,11.878281384706497
8639,2020-09-14 16:00:00,89.05189,104.36914999999999,11.966229975223541
8640,2020-09-14 17:00:00,89.0566,105.06567000000001,11.87383696436882
8641,2020-09-14 18:00:00,89.05751,105.75225999999998,11.590339571237564
8642,2020-09-14 19:00:00,89.05569,106.39853,11.219077855348587
8643,2020-09-14 20:00:00,89.05217,106.86113999999998,10.735799252986908
8644,2020-09-14 21:00:00,89.04892,107.08961999999997,10.26448330283165
8645,2020-09-14 22:00:00,89.04744,107.13263999999998,9.721124142408371
8646,2020-09-14 23:00:00,89.04796,107.07814000000002,9.233153462409973
8647,2020-09-15 00:00:00,89.05099,106.97116,8.526788175106049
8648,2020-09-15 01:00:00,89.05582,106.90627,7.696724936366081
8649,2020-09-15 02:00:00,89.06138,106.93662,6.99116288125515
8650,2020-09-15 03:00:00,89.06671,107.06698,6.16687037050724
8651,2020-09-15 04:00:00,89.07084,107.28467999999998,5.111546985805035
8652,2020-09-15 05:00:00,89.07297,107.53283999999996,4.128096878528595
8653,2020-09-15 06:00:00,89.07299,107.75266999999997,3.4103968888521194
8654,2020-09-15 07:00:00,89.07114,107.89902999999998,2.805863454937935
8655,2020-09-15 08:00:00,89.06813,107.92068,2.4128378033638
8656,2020-09-15 09:00:00,89.06515,107.81187999999997,2.1456479132175446
8657,2020-09-15 10:00:00,89.06308,107.59532000000002,2.185355395078659
8658,2020-09-15 11:00:00,89.06267,107.33904000000001,2.17643865942955
8659,2020-09-15 12:00:00,89.06432,107.12004999999999,2.454975798726082
8660,2020-09-15 13:00:00,89.06769,106.99592999999999,2.633465826511383
8661,2020-09-15 14:00:00,89.07174,107.00164999999998,2.5932985693216324
8662,2020-09-15 15:00:00,89.0755,107.13330000000002,2.5930838137865067
8663,2020-09-15 16:00:00,89.07816,107.36083000000002,2.3242097944021225
8664,2020-09-15 17:00:00,89.07914,107.6413,2.601331651210785
8665,2020-09-15 18:00:00,89.07843,107.91816,2.926755279302597
8666,2020-09-15 19:00:00,89.07641,108.14310999999998,3.1492486894130707
8667,2020-09-15 20:00:00,89.07357,108.25659999999999,3.4586624205112457
8668,2020-09-15 21:00:00,89.07095,108.23930999999999,3.928824245929718
8669,2020-09-15 22:00:00,89.06974,108.13716,4.2981956005096436
8670,2020-09-15 23:00:00,89.07005,107.99898999999999,4.568310022354126
8671,2020-09-16 00:00:00,89.07214,107.88218999999998,4.759311109781265
8672,2020-09-16 01:00:00,89.07601,107.85372000000001,4.993463084101677
8673,2020-09-16 02:00:00,89.08083,107.95722999999998,5.192751839756966
8674,2020-09-16 03:00:00,89.08512,108.16446000000002,4.983560681343079
8675,2020-09-16 04:00:00,89.08851,108.46526,4.812427639961243
8676,2020-09-16 05:00:00,89.09052,108.83742000000001,4.754410922527313
8677,2020-09-16 06:00:00,89.09087,109.19826,4.708510652184486
8678,2020-09-16 07:00:00,89.08971,109.45598000000001,4.656482771039009
8679,2020-09-16 08:00:00,89.08655,109.52188999999998,4.489285200834274
8680,2020-09-16 09:00:00,89.08229,109.44731999999999,4.367152094841003
8681,2020-09-16 10:00:00,89.07825,109.25009,4.255846068263054
8682,2020-09-16 11:00:00,89.07523,109.00738999999999,3.9506170451641083
8683,2020-09-16 12:00:00,89.07366,108.76655,3.6816117763519287
8684,2020-09-16 13:00:00,89.07319,108.61545000000001,3.711309000849724
8685,2020-09-16 14:00:00,89.07331,108.60372999999998,3.9512695372104645
8686,2020-09-16 15:00:00,89.07328,108.72334000000001,4.337763726711273
8687,2020-09-16 16:00:00,89.07211,108.95693,4.712386399507523
8688,2020-09-16 17:00:00,89.06888,109.25858,5.109945580363274
8689,2020-09-16 18:00:00,89.06365,109.52013,5.404733240604401
8690,2020-09-16 19:00:00,89.05696,109.69038,5.522182255983353
8691,2020-09-16 20:00:00,89.04979,109.7113,5.696237206459045
8692,2020-09-16 21:00:00,89.04251,109.57758999999999,5.875798314809799
8693,2020-09-16 22:00:00,89.03643,109.32337000000001,5.887468189001083
8694,2020-09-16 23:00:00,89.03231,109.02828,5.991874426603317
8695,2020-09-17 00:00:00,89.02982,108.74122999999997,6.251234322786331
8696,2020-09-17 01:00:00,89.0288,108.48766,6.422762513160706
8697,2020-09-17 02:00:00,89.02868,108.30532,6.519347593188286
8698,2020-09-17 03:00:00,89.02893,108.21366999999998,6.22122985124588
8699,2020-09-17 04:00:00,89.0288,108.17491000000001,5.763008117675781
8700,2020-09-17 05:00:00,89.02781,108.16709000000003,5.518941879272461
8701,2020-09-17 06:00:00,89.02589,108.17309,5.240437626838684
8702,2020-09-17 07:00:00,89.02325,108.13869,4.861483663320541
8703,2020-09-17 08:00:00,89.02041,108.02945999999997,4.357645854353905
8704,2020-09-17 09:00:00,89.01791,107.83607,3.9608689844608307
8705,2020-09-17 10:00:00,89.01626,107.58604000000003,3.7393655329942703
8706,2020-09-17 11:00:00,89.01596,107.32925,3.3917669653892517
8707,2020-09-17 12:00:00,89.01709,107.11768999999998,3.047003075480461
8708,2020-09-17 13:00:00,89.01946,106.98070999999999,2.7020804584026337
8709,2020-09-17 14:00:00,89.0228,106.93295,2.5211641788482666
8710,2020-09-17 15:00:00,89.02633,106.96093000000002,2.5112182199954987
8711,2020-09-17 16:00:00,89.02964,107.06426999999996,2.4026691913604736
8712,2020-09-17 17:00:00,89.03238,107.21260999999998,2.310403972864151
8713,2020-09-17 18:00:00,89.03423,107.36879999999996,2.295035883784294
8714,2020-09-17 19:00:00,89.03541,107.48009000000002,2.2044526040554047
8715,2020-09-17 20:00:00,89.03605,107.53061000000002,2.4763857275247574
8716,2020-09-17 21:00:00,89.03676,107.50547,2.7329821288585663
8717,2020-09-17 22:00:00,89.03815,107.41687999999999,2.887408822774887
8718,2020-09-17 23:00:00,89.04049,107.29120999999998,3.1220942437648773
8719,2020-09-18 00:00:00,89.04386,107.15948000000003,3.111387327313423
8720,2020-09-18 01:00:00,89.04825,107.06200000000001,3.03884819149971
8721,2020-09-18 02:00:00,89.05306,107.02648999999997,2.956200823187828
8722,2020-09-18 03:00:00,89.05784,107.05113,2.9149592220783234
8723,2020-09-18 04:00:00,89.06219,107.12212,2.867196351289749
8724,2020-09-18 05:00:00,89.06563,107.22816,2.718277633190155
8725,2020-09-18 06:00:00,89.06787,107.32988999999998,2.722014144062996
8726,2020-09-18 07:00:00,89.06934,107.38902999999999,2.9245727956295013
8727,2020-09-18 08:00:00,89.07025,107.37454000000002,3.0419813245534897
8728,2020-09-18 09:00:00,89.07113,107.27391,2.9310838729143143
8729,2020-09-18 10:00:00,89.07299,107.11553000000004,2.7899517863988876
8730,2020-09-18 11:00:00,89.07603,106.94184000000001,2.5858261585235596
8731,2020-09-18 12:00:00,89.08012,106.79696000000001,2.432429999113083
8732,2020-09-18 13:00:00,89.08498,106.71438999999998,2.443745121359825
8733,2020-09-18 14:00:00,89.09042,106.72577000000001,2.456007108092308
8734,2020-09-18 15:00:00,89.09567,106.82711999999998,2.4102444499731064
8735,2020-09-18 16:00:00,89.10025,106.99435,2.3395214676856995
8736,2020-09-18 17:00:00,89.10356,107.18214,2.3257597535848618
8737,2020-09-18 18:00:00,89.10527,107.35716000000002,2.376646190881729
8738,2020-09-18 19:00:00,89.10646,107.50347999999997,2.5269018709659576
8739,2020-09-18 20:00:00,89.10821,107.58472999999998,2.805919423699379
8740,2020-09-18 21:00:00,89.1105,107.59417000000002,3.192943260073662
8741,2020-09-18 22:00:00,89.11428,107.55889000000002,3.676322340965271
8742,2020-09-18 23:00:00,89.11955,107.54921000000002,4.086994633078575
8743,2020-09-19 00:00:00,89.12594,107.63434999999998,4.380884945392609
8744,2020-09-19 01:00:00,89.133,107.79151999999999,4.741762712597847
8745,2020-09-19 02:00:00,89.14017,108.03532999999999,5.2726089656353
8746,2020-09-19 03:00:00,89.14633,108.39346999999998,5.850950986146927
8747,2020-09-19 04:00:00,89.15117,108.86779000000001,6.321095913648605
8748,2020-09-19 05:00:00,89.15377,109.40205000000003,6.69792702794075
8749,2020-09-19 06:00:00,89.15449,109.94785000000002,7.2721167504787445
8750,2020-09-19 07:00:00,89.15253,110.41430000000003,8.368170201778412
8751,2020-09-19 08:00:00,89.14847,110.74805000000003,9.054505676031113
8752,2020-09-19 09:00:00,89.14387,110.82846,9.064375758171082
8753,2020-09-19 10:00:00,89.14027,110.70747,8.718924790620804
8754,2020-09-19 11:00:00,89.13887,110.46305000000001,8.341375201940536
8755,2020-09-19 12:00:00,89.13984,110.19686999999999,7.980103969573975
8756,2020-09-19 13:00:00,89.14281,109.99063000000001,7.652522325515747
8757,2020-09-19 14:00:00,89.14716,110.00907999999998,7.259032025933266
8758,2020-09-19 15:00:00,89.15113,110.28766000000002,6.90485192835331
8759,2020-09-19 16:00:00,89.15312,110.71042999999997,6.566236734390259
8760,2020-09-19 17:00:00,89.15271,111.16568000000001,6.257633551955223
8761,2020-09-19 18:00:00,89.15042,111.56817999999998,5.848028436303139
8762,2020-09-19 19:00:00,89.14706,111.83195,5.543705627322197
8763,2020-09-19 20:00:00,89.14283,111.96122000000003,5.629855424165726
8764,2020-09-19 21:00:00,89.13866,111.93146999999999,5.521600991487503
8765,2020-09-19 22:00:00,89.1357,111.71789000000001,5.521492123603821
8766,2020-09-19 23:00:00,89.13503,111.42208,6.014013826847076
8767,2020-09-20 00:00:00,89.13663,111.14423999999997,5.907335579395294
8768,2020-09-20 01:00:00,89.13954,110.92421999999999,5.691613674163818
8769,2020-09-20 02:00:00,89.14262,110.82211000000001,5.289215624332428
8770,2020-09-20 03:00:00,89.1449,110.87450999999999,4.7798415422439575
8771,2020-09-20 04:00:00,89.14573,111.03985999999998,4.475479573011398
8772,2020-09-20 05:00:00,89.14513,111.21933000000001,4.405796527862549
8773,2020-09-20 06:00:00,89.14329,111.36477000000002,4.495384320616722
8774,2020-09-20 07:00:00,89.1404,111.41453999999999,4.759493261575699
8775,2020-09-20 08:00:00,89.13713,111.34807,4.81206077337265
8776,2020-09-20 09:00:00,89.13424,111.16757000000001,4.644928872585297
8777,2020-09-20 10:00:00,89.13256,110.90521999999999,4.245531231164932
8778,2020-09-20 11:00:00,89.13241,110.61869999999999,3.7469090819358826
8779,2020-09-20 12:00:00,89.13353,110.3655,3.518403470516205
8780,2020-09-20 13:00:00,89.13567,110.17871000000002,3.446208968758583
8781,2020-09-20 14:00:00,89.12059,110.27724999999998,3.465440720319748
8782,2020-09-20 15:00:00,89.07125,110.48419000000001,3.4395057410001755
8783,2020-09-20 16:00:00,89.02149,110.27442000000002,3.440676286816597
8784,2020-09-20 17:00:00,88.98359,109.34683000000001,3.3798291236162186
8785,2020-09-20 18:00:00,88.93382,108.11759,3.3575977832078934
8786,2020-09-20 19:00:00,88.91739,106.3852,3.193562775850296
8787,2020-09-20 20:00:00,88.88122,105.65677,3.043747156858444
8788,2020-09-20 21:00:00,88.85027,107.11187999999999,2.8906135857105255
8789,2020-09-20 22:00:00,88.80195,107.88123999999999,2.673355370759964
8790,2020-09-20 23:00:00,88.76466,108.87095999999997,2.373842239379883
8791,2020-09-21 00:00:00,88.73682,108.48449,1.9836940467357635
8792,2020-09-21 01:00:00,88.69126,107.97453999999999,1.3717042803764343
8793,2020-09-21 02:00:00,88.65455,107.67322000000001,1.495845541357994
8794,2020-09-21 03:00:00,88.62175,106.98223000000002,1.590819537639618
8795,2020-09-21 04:00:00,88.60214,106.43738000000002,1.7062741070985794
8796,2020-09-21 05:00:00,88.59385,105.33416,1.861219882965088
8797,2020-09-21 06:00:00,88.56667,105.25106,1.8520839661359787
8798,2020-09-21 07:00:00,88.54618,106.39726000000002,1.8314077258110046
8799,2020-09-21 08:00:00,88.51987,106.34343999999999,2.0189128518104553
8800,2020-09-21 09:00:00,88.51442,106.17869999999999,2.2299865782260895
8801,2020-09-21 10:00:00,88.50953,105.64998000000003,2.268055573105812
8802,2020-09-21 11:00:00,88.50783,105.41724999999997,2.262625589966774
8803,2020-09-21 12:00:00,88.50642,105.15669000000003,2.1288723200559616
8804,2020-09-21 13:00:00,88.4677,104.88878999999997,1.932143047451973
8805,2020-09-21 14:00:00,88.42636,104.99160999999998,1.6506240516901016
8806,2020-09-21 15:00:00,88.37673,106.01165000000003,1.4268197864294052
8807,2020-09-21 16:00:00,88.32754,105.58401000000003,1.3435469716787338
8808,2020-09-21 17:00:00,88.29927,103.76972999999998,1.2280693501234055
8809,2020-09-21 18:00:00,88.26351,103.07888000000003,1.2575311213731766
8810,2020-09-21 19:00:00,88.22024,102.24813,1.2943275421857834
8811,2020-09-21 20:00:00,88.16077,100.57247000000001,1.3133417814970016
8812,2020-09-21 21:00:00,88.07798,100.87482,1.263955757021904
8813,2020-09-21 22:00:00,87.97815,100.31822,1.2607005536556244
8814,2020-09-21 23:00:00,87.88672,99.55189999999999,1.3462898135185242
8815,2020-09-22 00:00:00,87.79964,100.16151000000002,3.649506777524948
8816,2020-09-22 01:00:00,87.73535,100.63743,3.5605160742998123
8817,2020-09-22 02:00:00,87.6594,100.76663000000002,3.5816271007061005
8818,2020-09-22 03:00:00,87.5778,100.77141,4.911992579698563
8819,2020-09-22 04:00:00,87.50031,99.66706999999997,5.017301842570305
8820,2020-09-22 05:00:00,87.49806,99.43468000000001,5.210972383618355
8821,2020-09-22 06:00:00,87.44544,98.71884,5.352716028690338
8822,2020-09-22 07:00:00,87.34878,98.7622,5.235142469406128
8823,2020-09-22 08:00:00,87.25034,98.36660999999998,5.135921835899353
8824,2020-09-22 09:00:00,87.1466,98.71112,7.728471517562866
8825,2020-09-22 10:00:00,87.05001,98.08134999999999,7.991764798760414
8826,2020-09-22 11:00:00,86.97877,97.97023999999999,8.431847482919693
8827,2020-09-22 12:00:00,86.9051,97.99203999999997,8.970389246940613
8828,2020-09-22 13:00:00,86.8507,98.31072,9.768950760364532
8829,2020-09-22 14:00:00,86.77097,97.59731999999997,10.4101502597332
8830,2020-09-22 15:00:00,86.70312,97.12981000000002,10.835230767726898
8831,2020-09-22 16:00:00,86.60989,96.58098000000001,11.121087193489075
8832,2020-09-22 17:00:00,86.54811,95.69522999999998,11.646318882703781
8833,2020-09-22 18:00:00,86.46938,94.64170999999999,11.735083997249603
8834,2020-09-22 19:00:00,86.38705,93.51893999999999,12.126289427280426
8835,2020-09-22 20:00:00,86.32822,92.16415999999998,13.040979579091072
8836,2020-09-22 21:00:00,86.26919,90.95765,13.718507513403893
8837,2020-09-22 22:00:00,86.22048,89.61194999999998,14.644266992807388
8838,2020-09-22 23:00:00,86.17662,88.57600000000002,15.184355825185776
8839,2020-09-23 00:00:00,86.10976,87.96728000000002,16.72746792435646
8840,2020-09-23 01:00:00,86.03062,87.32283999999999,16.65950432419777
8841,2020-09-23 02:00:00,86.02788,86.53520000000003,16.27063524723053
8842,2020-09-23 03:00:00,86.03128,85.78346999999997,15.21482726931572
8843,2020-09-23 04:00:00,86.03631,85.33767999999998,13.426213502883911
8844,2020-09-23 05:00:00,86.03153,84.83019999999999,11.342985555529594
8845,2020-09-23 06:00:00,86.03187,84.71190999999999,9.455018877983093
8846,2020-09-23 07:00:00,86.01558,83.75114000000002,8.326018288731575
8847,2020-09-23 08:00:00,85.97393,82.54322000000002,7.7681786715984344
8848,2020-09-23 09:00:00,85.94982,81.13411000000002,7.366341188549995
8849,2020-09-23 10:00:00,85.9504,79.64091000000002,6.93495500087738
8850,2020-09-23 11:00:00,85.95831,78.87254999999999,6.64190548658371
8851,2020-09-23 12:00:00,85.95299,77.78241000000003,6.738940745592117
8852,2020-09-23 13:00:00,85.95521,76.31876,7.2756237834692
8853,2020-09-23 14:00:00,85.96096,74.86013,7.282793745398521
8854,2020-09-23 15:00:00,85.99005,73.76153,7.269210144877434
8855,2020-09-23 16:00:00,85.95857,72.82884000000001,7.57864573597908
8856,2020-09-23 17:00:00,85.97606,71.73101,7.6241380870342255
8857,2020-09-23 18:00:00,85.98927,70.38184999999999,7.783888816833496
8858,2020-09-23 19:00:00,85.98025,69.38810999999998,7.752041697502136
8859,2020-09-23 20:00:00,85.98253,68.78820999999999,7.452206343412399
8860,2020-09-23 21:00:00,85.97922,67.65102999999999,7.238979190587997
8861,2020-09-23 22:00:00,85.95822,66.73991999999998,6.696021884679794
8862,2020-09-23 23:00:00,85.96284,65.65375,6.0565707087516785
8863,2020-09-24 00:00:00,85.96535,64.26808,5.866620719432831
8864,2020-09-24 01:00:00,85.98227,62.73541,6.166539251804352
8865,2020-09-24 02:00:00,85.98703,61.41462000000001,6.749259874224663
8866,2020-09-24 03:00:00,85.98383,60.208200000000005,7.237773925065994
8867,2020-09-24 04:00:00,85.99262,59.52948000000001,7.354156389832497
8868,2020-09-24 05:00:00,85.9995,59.49495000000002,7.480877608060837
8869,2020-09-24 06:00:00,86.00492,59.48935,7.484364181756973
8870,2020-09-24 07:00:00,86.00848,59.49576999999999,7.303795754909515
8871,2020-09-24 08:00:00,86.01021,59.50099,7.492193728685379
8872,2020-09-24 09:00:00,86.01072,59.492760000000004,7.685869947075844
8873,2020-09-24 10:00:00,86.01104,59.466049999999996,8.228179603815079
8874,2020-09-24 11:00:00,86.01208,59.434,8.415117084980011
8875,2020-09-24 12:00:00,86.01407,59.39385999999999,8.810130655765533
8876,2020-09-24 13:00:00,86.03129,59.58462,9.645011570304632
8877,2020-09-24 14:00:00,86.03278,59.54149000000001,10.705554738640785
8878,2020-09-24 15:00:00,86.0362,59.57733999999999,11.217600479722023
8879,2020-09-24 16:00:00,86.04139,59.59975,11.48945152759552
8880,2020-09-24 17:00:00,86.04835,59.65191999999999,11.562775015830994
8881,2020-09-24 18:00:00,86.05423,59.743690000000015,11.36319836974144
8882,2020-09-24 19:00:00,86.04779,59.654300000000006,10.859754353761673
8883,2020-09-24 20:00:00,85.97115,58.86953,10.7417653799057
8884,2020-09-24 21:00:00,85.9735,57.56206,10.380788877606392
8885,2020-09-24 22:00:00,85.96916,57.04442,10.111724585294724
8886,2020-09-24 23:00:00,85.94654,55.73292000000001,9.351599648594856
8887,2020-09-25 00:00:00,85.93867,54.61287999999999,9.396847069263458
8888,2020-09-25 01:00:00,85.95736,53.42388,8.10612204670906
8889,2020-09-25 02:00:00,85.99446,52.553979999999996,7.45332258939743
8890,2020-09-25 03:00:00,85.98563,51.27199000000002,7.128787234425545
8891,2020-09-25 04:00:00,85.99761,50.44499999999999,6.313689306378365
8892,2020-09-25 05:00:00,86.00236,50.16612000000001,5.7919184267520905
8893,2020-09-25 06:00:00,86.0046,49.626739999999984,6.112777754664421
8894,2020-09-25 07:00:00,85.99379,49.16532999999998,7.314407497644424
8895,2020-09-25 08:00:00,85.97592,48.69207,5.3516649305820465
8896,2020-09-25 09:00:00,85.96007,48.45284000000001,5.923927426338196
8897,2020-09-25 10:00:00,85.95903,48.45737,6.157757610082626
8898,2020-09-25 11:00:00,85.957,48.44758999999999,5.9728488475084305
8899,2020-09-25 12:00:00,85.95607,48.41550000000001,5.553229942917824
8900,2020-09-25 13:00:00,85.95516,48.377219999999994,4.969362691044807
8901,2020-09-25 14:00:00,85.95526,48.34779,4.354176700115204
8902,2020-09-25 15:00:00,85.956,48.34012999999999,3.9313535541296005
8903,2020-09-25 16:00:00,85.95828,47.90941000000001,3.4322499483823776
8904,2020-09-25 17:00:00,85.96278,46.67922999999999,2.802663505077362
8905,2020-09-25 18:00:00,85.99146,45.530519999999996,2.4239575415849686
8906,2020-09-25 19:00:00,85.95692,44.38156000000001,2.389008656144142
8907,2020-09-25 20:00:00,85.98303,43.67738,2.631541833281517
8908,2020-09-25 21:00:00,85.97907,42.44055,3.311875641345978
8909,2020-09-25 22:00:00,85.9889,41.147729999999996,3.846033789217472
8910,2020-09-25 23:00:00,85.98109,40.17228,4.0877479910850525
8911,2020-09-26 00:00:00,85.9841,39.03126,2.7510723918676376
8912,2020-09-26 01:00:00,85.94821,38.023889999999994,2.7092648297548294
8913,2020-09-26 02:00:00,85.96467,36.922439999999995,2.8716872930526733
8914,2020-09-26 03:00:00,85.99211,35.934590000000014,3.0749059319496155
8915,2020-09-26 04:00:00,86.02902,35.68884,3.2301415652036667
8916,2020-09-26 05:00:00,86.03011,35.596509999999995,3.273595631122589
8917,2020-09-26 06:00:00,86.02914,35.56369999999998,3.618162363767624
8918,2020-09-26 07:00:00,86.02967,35.527060000000006,4.1721914410591125
8919,2020-09-26 08:00:00,86.03108,35.502430000000004,4.744662716984749
8920,2020-09-26 09:00:00,86.03225,35.49334999999999,5.150958359241486
8921,2020-09-26 10:00:00,86.03269,35.49686,5.256037563085556
8922,2020-09-26 11:00:00,86.03203,35.510130000000004,5.293143391609192
8923,2020-09-26 12:00:00,86.03001,35.53323,5.283673390746117
8924,2020-09-26 13:00:00,85.9979,35.09339,5.485196799039841
8925,2020-09-26 14:00:00,85.99141,35.00157999999999,5.358688831329346
8926,2020-09-26 15:00:00,86.01796,33.97300999999999,5.024808630347252
8927,2020-09-26 16:00:00,86.00334,32.59428,5.2139605432748795
8928,2020-09-26 17:00:00,85.93035,31.973510000000005,7.109629422426224
8929,2020-09-26 18:00:00,85.84904,31.479209999999995,6.986267626285553
8930,2020-09-26 19:00:00,85.75142,31.708,7.073057189583778
8931,2020-09-26 20:00:00,85.65564,32.03405000000001,7.598021179437637
8932,2020-09-26 21:00:00,85.5673,32.08091000000002,7.757967561483383
8933,2020-09-26 22:00:00,85.48224,31.66046,7.936402574181557
8934,2020-09-26 23:00:00,85.36969,31.882270000000005,8.089088514447212
8935,2020-09-27 00:00:00,85.25568,32.05169999999998,7.948461979627609
8936,2020-09-27 01:00:00,85.14628,31.787869999999998,10.707406640052795
8937,2020-09-27 02:00:00,85.02981,31.620990000000006,10.534267723560333
8938,2020-09-27 03:00:00,84.92023,31.485250000000008,10.422435656189919
8939,2020-09-27 04:00:00,84.81413,31.67625000000001,10.87182591855526
8940,2020-09-27 05:00:00,84.71987,31.694909999999993,10.798867106437683
8941,2020-09-27 06:00:00,84.61484,31.622749999999996,10.77237756550312
8942,2020-09-27 07:00:00,84.59832,31.787260000000003,10.665246784687042
8943,2020-09-27 08:00:00,84.48344,31.739190000000008,10.604718908667564
8944,2020-09-27 09:00:00,84.38045,31.914420000000007,10.619356155395508
8945,2020-09-27 10:00:00,84.26976,32.161040000000014,10.485860750079155
8946,2020-09-27 11:00:00,84.15483,32.20783,10.450029790401459
8947,2020-09-27 12:00:00,84.03889,32.20683,11.272339552640915
8948,2020-09-27 13:00:00,83.92419,32.176980000000015,11.089483350515366
8949,2020-09-27 14:00:00,83.80862,32.141490000000005,10.782281398773193
8950,2020-09-27 15:00:00,83.69156,32.1027,10.471966087818146
8951,2020-09-27 16:00:00,83.57245,32.061800000000005,8.748536422848701
8952,2020-09-27 17:00:00,83.45186,32.072100000000006,8.27226273715496
8953,2020-09-27 18:00:00,83.3329,32.07209,7.423206806182861
8954,2020-09-27 19:00:00,83.21415,32.07029,7.102193161845207
8955,2020-09-27 20:00:00,83.25137,31.975799999999992,6.626449927687645
8956,2020-09-27 21:00:00,83.25309,32.05017000000001,5.557611048221588
8957,2020-09-27 22:00:00,83.25453,32.09765999999999,5.003081768751144
8958,2020-09-27 23:00:00,83.25513,32.13445999999999,4.334329575300217
8959,2020-09-28 00:00:00,83.29717,31.565640000000002,3.7058285772800446
8960,2020-09-28 01:00:00,83.35894,30.724860000000007,3.5986524671316147
8961,2020-09-28 02:00:00,83.36961,29.682410000000004,3.1862036883831024
8962,2020-09-28 03:00:00,83.35726,28.556520000000006,3.393953859806061
8963,2020-09-28 04:00:00,83.32556,27.51639,3.5172664523124695
8964,2020-09-28 05:00:00,83.29306,26.51504,3.593494474887848
8965,2020-09-28 06:00:00,83.22846,25.655079999999998,3.248812973499298
8966,2020-09-28 07:00:00,83.16182,24.981960000000015,3.1347039341926575
8967,2020-09-28 08:00:00,83.16253,25.01858999999999,2.9627651423215866
8968,2020-09-28 09:00:00,83.16154,25.06352000000001,3.0766818672418594
8969,2020-09-28 10:00:00,83.15906,25.11497,3.3764388114213943
8970,2020-09-28 11:00:00,83.15484,25.165780000000012,3.6477173417806625
8971,2020-09-28 12:00:00,83.14943,25.209659999999985,4.073602393269539
8972,2020-09-28 13:00:00,83.14364,25.24284,4.605238050222397
8973,2020-09-28 14:00:00,83.11875,24.68029999999999,5.092559948563576
8974,2020-09-28 15:00:00,83.0669,23.878629999999987,5.483674079179764
8975,2020-09-28 16:00:00,83.01116,23.092649999999992,6.334087446331978
8976,2020-09-28 17:00:00,82.95463,22.970190000000002,6.319200336933136
8977,2020-09-28 18:00:00,82.89393,22.621700000000004,6.282217979431152
8978,2020-09-28 19:00:00,82.80261,22.118740000000003,4.76175644993782
8979,2020-09-28 20:00:00,82.72978,21.39958999999999,4.668759763240814
8980,2020-09-28 21:00:00,82.66382,20.688420000000008,4.516558647155762
8981,2020-09-28 22:00:00,82.59712,19.97731999999999,4.36125922203064
8982,2020-09-28 23:00:00,82.53605,19.250069999999994,4.218154579401016
8983,2020-09-29 00:00:00,82.46974,18.57285999999999,1.9340259432792664
8984,2020-09-29 01:00:00,82.42139,17.849760000000003,1.7621737718582153
8985,2020-09-29 02:00:00,82.3679,17.05144999999999,1.2256909012794495
8986,2020-09-29 03:00:00,82.34037,16.155419999999992,1.1754655241966248
8987,2020-09-29 04:00:00,82.27803,15.643730000000005,1.1659635305404663
8988,2020-09-29 05:00:00,82.20596,15.047230000000013,1.3158065378665924
8989,2020-09-29 06:00:00,82.1213,14.505830000000003,4.31039859354496
8990,2020-09-29 07:00:00,82.02607,14.001450000000006,4.638844817876816
8991,2020-09-29 08:00:00,81.93578,13.52489,5.0365985333919525
8992,2020-09-29 09:00:00,81.83968,13.005560000000003,5.510371625423431
8993,2020-09-29 10:00:00,81.74193,12.494040000000012,7.471024602651596
8994,2020-09-29 11:00:00,81.64609,11.99011999999999,7.911678165197372
8995,2020-09-29 12:00:00,81.60249,11.776980000000009,8.463473703712225
8996,2020-09-29 13:00:00,81.59933,11.653510000000011,8.559607982635498
8997,2020-09-29 14:00:00,81.55981,11.591250000000002,8.976282149553299
8998,2020-09-29 15:00:00,81.57888,10.913240000000002,8.460162118077278
8999,2020-09-29 16:00:00,81.59029,10.118850000000009,8.839281484484673
9000,2020-09-29 17:00:00,81.59069,9.331880000000012,9.405820608139038
9001,2020-09-29 18:00:00,81.60092,8.621280000000013,9.871937036514282
9002,2020-09-29 19:00:00,81.6039,7.799739999999986,9.078001230955124
9003,2020-09-29 20:00:00,81.61104,7.025929999999988,9.769210055470467
9004,2020-09-29 21:00:00,81.61922,6.212060000000008,10.349525451660156
9005,2020-09-29 22:00:00,81.62221,5.465920000000011,10.982599899172783
9006,2020-09-29 23:00:00,81.62981,4.821470000000005,11.38566942512989
9007,2020-09-30 00:00:00,81.64866,4.264450000000011,13.342829167842865
9008,2020-09-30 01:00:00,81.6557,3.8519900000000007,12.699413284659386
9009,2020-09-30 02:00:00,81.7434,3.4037199999999928,12.513805091381073
9010,2020-09-30 03:00:00,81.78301,2.8579599999999914,9.287507012486458
9011,2020-09-30 04:00:00,81.77783,2.4589599999999905,9.528341948986053
9012,2020-09-30 05:00:00,81.77481,2.330209999999994,9.34586352109909
9013,2020-09-30 06:00:00,81.74858,2.155630000000002,10.061615690588951
9014,2020-09-30 07:00:00,81.73418,1.7469000000000108,10.258997932076454
9015,2020-09-30 08:00:00,81.73037,1.6367600000000095,10.36147826910019
9016,2020-09-30 09:00:00,81.72207,1.5857300000000123,10.450040966272354
9017,2020-09-30 10:00:00,81.71377,1.5346199999999897,10.424016505479813
9018,2020-09-30 11:00:00,81.70591,1.4839800000000025,10.00850185751915
9019,2020-09-30 12:00:00,81.69852,1.4358200000000068,9.589813470840454
9020,2020-09-30 13:00:00,81.69148,1.3889900000000068,9.105354815721512
9021,2020-09-30 14:00:00,81.68449,1.346350000000001,8.538939371705055
9022,2020-09-30 15:00:00,81.67722,1.3103600000000029,8.033853366971016
9023,2020-09-30 16:00:00,81.58226,1.676790000000011,7.671015202999115
9024,2020-09-30 17:00:00,81.49097,1.9668399999999906,7.4774846732616425
9025,2020-09-30 18:00:00,81.4,2.42016000000001,7.346204400062561
9026,2020-09-30 19:00:00,81.29934,2.7935400000000072,7.044944077730179
9027,2020-09-30 20:00:00,81.19986,3.169389999999993,7.865667402744293
9028,2020-09-30 21:00:00,81.10111,3.5841399999999908,7.248707145452499
9029,2020-09-30 22:00:00,81.00594,3.97842,6.805025398731232
9030,2020-09-30 23:00:00,80.96369,4.1607600000000105,6.344287544488907
9031,2020-10-01 00:00:00,80.95677,4.1667500000000075,7.160329252481461
9032,2020-10-01 01:00:00,80.91202,4.340010000000007,6.616803705692291
9033,2020-10-01 02:00:00,80.81709,4.684280000000001,6.278419464826584
9034,2020-10-01 03:00:00,80.72261,5.030409999999989,5.962282210588455
9035,2020-10-01 04:00:00,80.6288,5.372669999999999,5.521376460790634
9036,2020-10-01 05:00:00,80.53562,5.710149999999999,5.1696987003088
9037,2020-10-01 06:00:00,80.44368,6.039590000000004,5.1932325810194016
9038,2020-10-01 07:00:00,80.41493,6.105349999999987,5.484997317194939
9039,2020-10-01 08:00:00,80.39877,6.060429999999997,5.250685289502144
9040,2020-10-01 09:00:00,80.3453,6.177030000000002,5.815521880984306
9041,2020-10-01 10:00:00,80.2378,6.448219999999992,5.440255209803581
9042,2020-10-01 11:00:00,80.13365,6.721280000000007,5.105230748653412
9043,2020-10-01 12:00:00,80.02585,6.94380000000001,4.944878488779068
9044,2020-10-01 13:00:00,79.9178,7.1647800000000075,6.800855934619904
9045,2020-10-01 14:00:00,79.80747,7.387990000000002,6.546884581446648
9046,2020-10-01 15:00:00,79.70199,7.59935999999999,6.399713382124901
9047,2020-10-01 16:00:00,79.59233,7.816800000000001,6.45873960852623
9048,2020-10-01 17:00:00,79.46082,8.074279999999987,6.707520470023155
9049,2020-10-01 18:00:00,79.32717,8.333349999999996,6.680322736501694
9050,2020-10-01 19:00:00,79.19519,8.584800000000001,2.1110912561416626
9051,2020-10-01 20:00:00,79.06389,8.830610000000007,1.737574964761734
9052,2020-10-01 21:00:00,78.93016,9.08286000000001,1.4937298446893692
9053,2020-10-01 22:00:00,78.79823,9.318270000000012,1.6683566868305206
9054,2020-10-01 23:00:00,78.66527,9.559809999999999,2.1532512456178665
9055,2020-10-02 00:00:00,78.53251,9.797850000000011,3.8661654889583588
9056,2020-10-02 01:00:00,78.40841,10.018939999999986,4.616480603814125
9057,2020-10-02 02:00:00,78.27766,10.249059999999986,4.856476992368698
9058,2020-10-02 03:00:00,78.13305,10.53191000000001,2.3580327928066254
9059,2020-10-02 04:00:00,78.12984,11.006450000000001,2.712680757045746
9060,2020-10-02 05:00:00,78.12354,11.792609999999996,2.773610472679138
9061,2020-10-02 06:00:00,78.11744,12.567059999999998,2.5512693375349045
9062,2020-10-02 07:00:00,78.11241,13.327359999999999,3.0429889857769012
9063,2020-10-02 08:00:00,78.17432,14.12339,1.2139879316091537
9064,2020-10-02 09:00:00,78.23276,14.862259999999992,1.0864287614822388
9065,2020-10-02 10:00:00,78.26488,15.253610000000009,1.162509247660637
9066,2020-10-02 11:00:00,78.26523,15.254729999999995,1.3245894461870193
9067,2020-10-02 12:00:00,78.26464,15.253620000000012,1.4064620435237885
9068,2020-10-02 13:00:00,78.266,15.25263000000001,1.4851432591676712
9069,2020-10-02 14:00:00,78.25954,15.232990000000001,1.5901108980178833
9070,2020-10-02 15:00:00,78.19991,14.453239999999994,1.7385292053222656
9071,2020-10-02 16:00:00,78.14967,13.804660000000013,3.351579189300537
9072,2020-10-02 17:00:00,78.11185,13.291679999999985,3.5877865999937057
9073,2020-10-02 18:00:00,78.11843,12.465669999999989,3.716234967112541
9074,2020-10-02 19:00:00,78.12596,11.605729999999994,4.006709009408951
9075,2020-10-02 20:00:00,78.13102,10.978090000000009,4.443664610385895
9076,2020-10-02 21:00:00,78.20738,10.37487999999999,8.36954739689827
9077,2020-10-02 22:00:00,78.36096,10.106390000000005,8.536209374666214
9078,2020-10-02 23:00:00,78.48853,9.881979999999999,8.393703237175941
9079,2020-10-03 00:00:00,78.61188,9.66273000000001,8.379099920392036
9080,2020-10-03 01:00:00,78.73883,9.434390000000008,8.258521914482117
9081,2020-10-03 02:00:00,78.86876,9.362509999999986,6.702442333102226
9082,2020-10-03 03:00:00,78.9829,9.50773000000001,6.6287373304367065
9083,2020-10-03 04:00:00,79.02097,10.221499999999992,6.4615258872509
9084,2020-10-03 05:00:00,79.03251,11.119640000000004,6.26406766474247
9085,2020-10-03 06:00:00,78.94971,11.919129999999996,6.194517940282822
9086,2020-10-03 07:00:00,78.93584,11.93440000000001,5.9478375390172005
9087,2020-10-03 08:00:00,78.93574,11.932690000000008,5.728303208947182
9088,2020-10-03 09:00:00,78.93602,11.93789000000001,5.5917597115039825
9089,2020-10-03 10:00:00,78.93589,11.938600000000008,5.388085380196571
9090,2020-10-03 11:00:00,78.93611,11.934359999999998,5.381170906126499
9091,2020-10-03 12:00:00,78.93617,11.937810000000013,5.187312684953213
9092,2020-10-03 13:00:00,78.93593,11.94219000000001,5.041166365146637
9093,2020-10-03 14:00:00,78.9355,11.938909999999993,4.920523703098297
9094,2020-10-03 15:00:00,78.93549,11.936399999999992,4.760011747479439
9095,2020-10-03 16:00:00,78.93596,11.93583000000001,4.605014905333519
9096,2020-10-03 17:00:00,78.9361,11.933969999999988,4.527497261762619
9097,2020-10-03 18:00:00,78.93576,11.938530000000014,4.4075947701931
9098,2020-10-03 19:00:00,78.93565,11.934920000000005,4.268177032470703
9099,2020-10-03 20:00:00,78.93623,11.938199999999995,4.133121758699417
9100,2020-10-03 21:00:00,78.93638,11.939179999999993,4.045798033475876
9101,2020-10-03 22:00:00,78.93649,11.937219999999996,3.7775352597236633
9102,2020-10-03 23:00:00,78.93633,11.939210000000003,3.6302119195461273
9103,2020-10-04 00:00:00,78.93591,11.942990000000009,3.582939460873604
9104,2020-10-04 01:00:00,78.93603,11.941460000000006,3.4108719527721405
9105,2020-10-04 02:00:00,78.93559,11.940679999999986,3.195985585451126
9106,2020-10-04 03:00:00,78.93557,11.945909999999998,3.066422939300537
9107,2020-10-04 04:00:00,78.93564,11.9418,2.8545378744602203
9108,2020-10-04 05:00:00,78.9359,11.941980000000001,2.4935748130083084
9109,2020-10-04 06:00:00,78.93623,11.937340000000006,2.343921735882759
9110,2020-10-04 07:00:00,78.93581,11.939089999999993,2.1574044972658157
9111,2020-10-04 08:00:00,78.93566,11.940120000000007,2.081183597445488
9112,2020-10-04 09:00:00,78.93557,11.940239999999989,1.9683186709880829
9113,2020-10-04 10:00:00,78.93538,11.939639999999997,1.8534270972013474
9114,2020-10-04 11:00:00,78.93537,11.938760000000002,1.6116808503866196
9115,2020-10-04 12:00:00,78.93493,11.93834000000001,1.3060947954654694
9116,2020-10-04 13:00:00,78.93576,11.937209999999993,1.0433938056230545
9117,2020-10-04 14:00:00,78.93614,11.939639999999997,1.0288910269737244
9118,2020-10-04 15:00:00,79.02252,11.320870000000014,1.2185087949037552
9119,2020-10-04 16:00:00,79.02848,10.452850000000012,1.3536724150180817
9120,2020-10-04 17:00:00,78.99672,9.557539999999989,1.3236834704875946
9121,2020-10-04 18:00:00,78.83692,9.270849999999996,1.5525726079940796
9122,2020-10-04 19:00:00,78.66659,9.141459999999995,1.832132175564766
9123,2020-10-04 20:00:00,78.50401,9.020209999999992,1.6581284999847412
9124,2020-10-04 21:00:00,78.34409,8.90218999999999,2.0120529234409332
9125,2020-10-04 22:00:00,78.1866,8.787139999999994,1.713295191526413
9126,2020-10-04 23:00:00,78.0218,8.668859999999995,1.3886863589286804
9127,2020-10-05 00:00:00,77.85336,8.549209999999988,4.4597344398498535
9128,2020-10-05 01:00:00,77.68336,8.43055000000001,4.131060183048248
9129,2020-10-05 02:00:00,77.51376,8.313549999999992,4.310771718621254
9130,2020-10-05 03:00:00,77.3448,8.198379999999986,2.996368870139122
9131,2020-10-05 04:00:00,77.17539,8.084360000000004,3.4421139508485794
9132,2020-10-05 05:00:00,77.00067,7.968970000000013,3.157011926174164
9133,2020-10-05 06:00:00,76.82493,7.853880000000004,3.8819164782762527
9134,2020-10-05 07:00:00,76.66007,7.747219999999999,4.533340662717819
9135,2020-10-05 08:00:00,76.51679,7.655869999999993,4.223010420799255
9136,2020-10-05 09:00:00,76.37798,7.568039999999996,5.049400374293327
9137,2020-10-05 10:00:00,76.23764,7.480559999999997,5.708289593458176
9138,2020-10-05 11:00:00,76.10075,7.395479999999992,6.205178514122963
9139,2020-10-05 12:00:00,75.96436,7.311569999999989,6.899837747216225
9140,2020-10-05 13:00:00,75.82248,7.225240000000014,8.891390606760979
9141,2020-10-05 14:00:00,75.68233,7.141070000000013,9.486570924520493
9142,2020-10-05 15:00:00,75.53672,7.053899999999999,10.063502550125122
9143,2020-10-05 16:00:00,75.36767,6.954599999999999,9.928053811192513
9144,2020-10-05 17:00:00,75.22523,6.871379999999988,10.252691701054573
9145,2020-10-05 18:00:00,75.08875,6.792519999999996,10.726078599691391
9146,2020-10-05 19:00:00,74.95121,6.713719999999995,10.807677179574966
9147,2020-10-05 20:00:00,74.81158,6.634449999999987,10.08462244272232
9148,2020-10-05 21:00:00,74.67123,6.555360000000007,10.049462735652924
9149,2020-10-05 22:00:00,74.5306,6.476990000000001,9.988660410046577
9150,2020-10-05 23:00:00,74.38936,6.398699999999991,10.126859307289124
9151,2020-10-06 00:00:00,74.25068,6.3227799999999945,10.217133447527885
9152,2020-10-06 01:00:00,74.11215,6.247690000000006,10.056427985429764
9153,2020-10-06 02:00:00,73.96901,6.170690000000008,8.78920093178749
9154,2020-10-06 03:00:00,73.82623,6.094470000000001,8.76894123852253
9155,2020-10-06 04:00:00,73.68452,6.019440000000003,9.02004924416542
9156,2020-10-06 05:00:00,73.53902,5.9432700000000125,9.040917098522186
9157,2020-10-06 06:00:00,73.39388,5.867619999999988,8.915839582681656
9158,2020-10-06 07:00:00,73.25317,5.795400000000001,7.62026883661747
9159,2020-10-06 08:00:00,73.11104,5.722730000000013,7.284804791212082
9160,2020-10-06 09:00:00,72.9738,5.65822,6.106399431824684
9161,2020-10-06 10:00:00,72.83353,5.615890000000007,5.694798082113266
9162,2020-10-06 11:00:00,72.68827,5.572399999999988,5.317003324627876
9163,2020-10-06 12:00:00,72.5492,5.545790000000011,4.598389685153961
9164,2020-10-06 13:00:00,72.42856,5.514039999999994,4.363442778587341
9165,2020-10-06 14:00:00,72.28886,5.477740000000011,4.101205006241798
9166,2020-10-06 15:00:00,72.16489,5.44144,3.8653768748044968
9167,2020-10-06 16:00:00,72.02308,5.39894000000001,3.432998687028885
9168,2020-10-06 17:00:00,71.87969,5.356439999999992,3.5792844146490097
9169,2020-10-06 18:00:00,71.73537,5.31389999999999,2.703084096312523
9170,2020-10-06 19:00:00,71.59451,5.273050000000012,3.200162887573242
9171,2020-10-06 20:00:00,71.45366,5.23227,3.3937425315380096
9172,2020-10-06 21:00:00,71.31239,5.191720000000004,3.3277083337306976
9173,2020-10-06 22:00:00,71.17055,5.151129999999995,3.4461828023195267
9174,2020-10-06 23:00:00,71.02696,5.110659999999996,3.508840888738632
9175,2020-10-07 00:00:00,70.88544,5.070699999999988,4.213163658976555
9176,2020-10-07 01:00:00,70.74792,5.032340000000005,5.1157247722148895
9177,2020-10-07 02:00:00,70.60493,4.992819999999995,5.219807684421539
9178,2020-10-07 03:00:00,70.46213,4.95338000000001,5.193375200033188
9179,2020-10-07 04:00:00,70.31934,4.914490000000001,5.032974883913994
9180,2020-10-07 05:00:00,70.17981,4.876640000000009,4.991132974624634
9181,2020-10-07 06:00:00,70.03213,4.836579999999998,5.1915933564305305
9182,2020-10-07 07:00:00,69.88851,4.798360000000002,5.851519510149956
9183,2020-10-07 08:00:00,69.7455,4.760349999999988,5.950794488191605
9184,2020-10-07 09:00:00,69.60549,4.723450000000014,6.349868878722191
9185,2020-10-07 10:00:00,69.46273,4.686319999999995,6.212399140000343
9186,2020-10-07 11:00:00,69.32104,4.6501499999999965,6.178129345178604
9187,2020-10-07 12:00:00,69.18012,4.6148000000000025,5.380742721259594
9188,2020-10-07 13:00:00,69.04074,4.579550000000012,5.116117835044861
9189,2020-10-07 14:00:00,68.90255,4.54482999999999,4.7720940709114075
9190,2020-10-07 15:00:00,68.76132,4.509700000000009,4.620028540492058
9191,2020-10-07 16:00:00,68.61547,4.473659999999995,4.424018114805222
9192,2020-10-07 17:00:00,68.47396,4.438909999999993,3.598579689860344
9193,2020-10-07 18:00:00,68.33507,4.405419999999992,3.108386814594269
9194,2020-10-07 19:00:00,68.1948,4.37118000000001,2.8912995755672455
9195,2020-10-07 20:00:00,68.05573,4.337400000000002,3.5332966446876526
9196,2020-10-07 21:00:00,67.91745,4.304480000000012,3.037631869316101
9197,2020-10-07 22:00:00,67.77665,4.27091999999999,2.968375861644745
9198,2020-10-07 23:00:00,67.63155,4.23660000000001,3.675651878118515
9199,2020-10-08 00:00:00,67.48486,4.202069999999992,3.8508089780807495
9200,2020-10-08 01:00:00,67.34301,4.1688800000000015,4.728788837790489
9201,2020-10-08 02:00:00,67.20052,4.135789999999986,6.152073502540588
9202,2020-10-08 03:00:00,67.05738,4.1028300000000115,7.08303028345108
9203,2020-10-08 04:00:00,66.92013,4.071159999999992,9.56312608718872
9204,2020-10-08 05:00:00,66.78171,4.039670000000001,10.087933421134949
9205,2020-10-08 06:00:00,66.64523,4.008759999999995,10.46933889389038
9206,2020-10-08 07:00:00,66.50825,3.9779000000000053,10.860040038824081
9207,2020-10-08 08:00:00,66.36839,3.946310000000011,11.111236408352852
9208,2020-10-08 09:00:00,66.22373,3.913890000000009,10.61067333817482
9209,2020-10-08 10:00:00,66.08105,3.8822700000000054,10.603123143315315
9210,2020-10-08 11:00:00,65.9421,3.851670000000013,10.281279906630516
9211,2020-10-08 12:00:00,65.8039,3.821380000000005,8.457856521010399
9212,2020-10-08 13:00:00,65.66874,3.7916600000000074,8.302942469716072
9213,2020-10-08 14:00:00,65.52835,3.76142999999999,7.123997673392296
9214,2020-10-08 15:00:00,65.39078,3.7315100000000143,7.054217115044594
9215,2020-10-08 16:00:00,65.25465,3.702220000000011,6.8299171924591064
9216,2020-10-08 17:00:00,65.1143,3.6723399999999913,5.633256196975708
9217,2020-10-08 18:00:00,64.97087,3.6417999999999893,5.741847604513168
9218,2020-10-08 19:00:00,64.82689,3.6113599999999906,5.969673976302147
9219,2020-10-08 20:00:00,64.68231,3.5807299999999884,6.805387735366821
9220,2020-10-08 21:00:00,64.53907,3.550839999999994,6.396333992481232
9221,2020-10-08 22:00:00,64.3991,3.5217199999999877,6.028576582670212
9222,2020-10-08 23:00:00,64.25964,3.4927299999999946,5.83097916841507
9223,2020-10-09 00:00:00,64.11882,3.463719999999995,6.798068806529045
9224,2020-10-09 01:00:00,63.97809,3.434889999999996,6.849797561764717
9225,2020-10-09 02:00:00,63.84017,3.4067599999999914,7.241783753037453
9226,2020-10-09 03:00:00,63.69751,3.3777399999999886,6.448348477482796
9227,2020-10-09 04:00:00,63.54877,3.3477100000000064,6.510487541556358
9228,2020-10-09 05:00:00,63.40327,3.318399999999997,6.531814306974411
9229,2020-10-09 06:00:00,63.26505,3.2908899999999903,7.070586651563644
9230,2020-10-09 07:00:00,63.12137,3.2623299999999915,6.7591457813978195
9231,2020-10-09 08:00:00,62.97998,3.234170000000006,6.4484695345163345
9232,2020-10-09 09:00:00,62.83888,3.2064599999999928,5.474474772810936
9233,2020-10-09 10:00:00,62.69514,3.1835399999999936,4.8626881539821625
9234,2020-10-09 11:00:00,62.54975,3.1816599999999937,4.329739049077034
9235,2020-10-09 12:00:00,62.40798,3.1799900000000036,3.022984117269516
9236,2020-10-09 13:00:00,62.26353,3.1779699999999877,2.2784322947263718
9237,2020-10-09 14:00:00,62.11913,3.1762600000000134,1.3694455474615097
9238,2020-10-09 15:00:00,61.97174,3.1744700000000137,1.3886805474758148
9239,2020-10-09 16:00:00,61.82346,3.17410000000001,1.771128624677658
9240,2020-10-09 17:00:00,61.67948,3.173650000000009,2.9204065799713135
9241,2020-10-09 18:00:00,61.5388,3.1732399999999927,3.6361358016729355
9242,2020-10-09 19:00:00,61.39613,3.172770000000014,2.632858231663704
9243,2020-10-09 20:00:00,61.25358,3.172290000000004,3.4724448323249817
9244,2020-10-09 21:00:00,61.10948,3.1719600000000128,4.11088639497757
9245,2020-10-09 22:00:00,60.96456,3.1715700000000027,4.662110343575478
9246,2020-10-09 23:00:00,60.82117,3.190509999999989,5.2977407574653625
9247,2020-10-10 00:00:00,60.6782,3.2461000000000126,6.245063528418541
9248,2020-10-10 01:00:00,60.54292,3.298180000000002,6.594823211431503
9249,2020-10-10 02:00:00,60.40792,3.3502200000000073,6.584515377879143
9250,2020-10-10 03:00:00,60.27191,3.4025000000000034,6.602382108569145
9251,2020-10-10 04:00:00,60.13065,3.456520000000012,6.284263715147972
9252,2020-10-10 05:00:00,59.99733,3.5071299999999894,6.354369401931763
9253,2020-10-10 06:00:00,59.86301,3.5578199999999924,6.89148972928524
9254,2020-10-10 07:00:00,59.71938,3.6119500000000073,7.136892169713974
9255,2020-10-10 08:00:00,59.58228,3.663540000000012,7.430170401930809
9256,2020-10-10 09:00:00,59.44161,3.716239999999999,7.912776410579681
9257,2020-10-10 10:00:00,59.29876,3.7692499999999995,7.681293949484825
9258,2020-10-10 11:00:00,59.16246,3.8190899999999885,7.399232730269432
9259,2020-10-10 12:00:00,59.02245,3.8716300000000103,7.09757474809885
9260,2020-10-10 13:00:00,58.88658,3.9474899999999877,7.027133733034134
9261,2020-10-10 14:00:00,58.758,4.053650000000005,6.277803435921669
9262,2020-10-10 15:00:00,58.62844,4.160619999999994,6.353005900979042
9263,2020-10-10 16:00:00,58.49788,4.26764,7.125020869076252
9264,2020-10-10 17:00:00,58.36998,4.372109999999992,6.656416088342667
9265,2020-10-10 18:00:00,58.23885,4.479039999999998,7.8287364691495895
9266,2020-10-10 19:00:00,58.10605,4.5867800000000045,7.4583278596401215
9267,2020-10-10 20:00:00,57.97496,4.692730000000012,6.674435645341873
9268,2020-10-10 21:00:00,57.844,4.798300000000012,5.320799350738525
9269,2020-10-10 22:00:00,57.71321,4.903210000000001,6.478394776582718
9270,2020-10-10 23:00:00,57.58058,5.009209999999996,6.279500097036362
9271,2020-10-11 00:00:00,57.44949,5.113670000000013,7.187461256980896
9272,2020-10-11 01:00:00,57.31946,5.21696,6.353087231516838
9273,2020-10-11 02:00:00,57.18794,5.321059999999989,7.538088753819466
9274,2020-10-11 03:00:00,57.05346,5.426980000000015,6.7954540103673935
9275,2020-10-11 04:00:00,56.91916,5.532530000000008,6.0839370638132095
9276,2020-10-11 05:00:00,56.78127,5.599469999999997,5.830835789442062
9277,2020-10-11 06:00:00,56.65208,5.715190000000007,6.016916662454605
9278,2020-10-11 07:00:00,56.51793,5.792990000000003,8.142825841903687
9279,2020-10-11 08:00:00,56.38952,5.867040000000003,8.397061705589294
9280,2020-10-11 09:00:00,56.25481,5.944569999999999,8.201836869120598
9281,2020-10-11 10:00:00,56.12097,6.021199999999993,7.994924023747444
9282,2020-10-11 11:00:00,55.98419,6.099289999999996,8.191036328673363
9283,2020-10-11 12:00:00,55.84704,6.177379999999999,7.812162458896637
9284,2020-10-11 13:00:00,55.71075,6.254729999999995,7.45302190631628
9285,2020-10-11 14:00:00,55.57456,6.331760000000003,7.303262993693352
9286,2020-10-11 15:00:00,55.43863,6.408299999999997,7.232659861445427
9287,2020-10-11 16:00:00,55.30821,6.502219999999994,8.531635582447052
9288,2020-10-11 17:00:00,55.18307,6.606369999999998,8.214087471365929
9289,2020-10-11 18:00:00,55.06012,6.708400000000012,7.321694582700729
9290,2020-10-11 19:00:00,54.93458,6.8123099999999965,6.805877447128296
9291,2020-10-11 20:00:00,54.80612,6.918209999999988,6.5726034343242645
9292,2020-10-11 21:00:00,54.67317,7.027500000000003,5.918324679136276
9293,2020-10-11 22:00:00,54.54132,7.135510000000011,5.659740835428238
9294,2020-10-11 23:00:00,54.40906,7.243590000000012,5.506489396095276
9295,2020-10-12 00:00:00,54.2804,7.348230000000001,3.880514919757843
9296,2020-10-12 01:00:00,54.15229,7.451619999999991,4.455076903104782
9297,2020-10-12 02:00:00,54.03084,7.56407999999999,4.377551719546318
9298,2020-10-12 03:00:00,53.90926,7.686430000000001,3.656042531132698
9299,2020-10-12 04:00:00,53.83636,8.06298000000001,3.5300720036029816
9300,2020-10-12 05:00:00,53.66124,8.386889999999994,1.4414490759372711
