Datetime,Date,MOSAiC obs,CARRA2
2019-10-24 06:00:00,2019-10-24 06:00:00,6.673965153295243,3.924130846746266
2019-10-24 09:00:00,2019-10-24 09:00:00,6.746245642525033,4.031615250103641
2019-10-24 12:00:00,2019-10-24 12:00:00,7.316817460995782,4.132480244501494
2019-10-24 15:00:00,2019-10-24 15:00:00,6.800290340774841,4.487670758477179
2019-10-24 18:00:00,2019-10-24 18:00:00,6.917645812308547,4.64011015574215
2019-10-24 21:00:00,2019-10-24 21:00:00,6.447875449352085,4.854966853745282
2019-10-25 00:00:00,2019-10-25 00:00:00,6.079815833594657,4.972580783825833
2019-10-25 03:00:00,2019-10-25 03:00:00,5.97862387180126,5.1372083181049675
2019-10-25 06:00:00,2019-10-25 06:00:00,4.668042168667985,5.1438653386430815
2019-10-25 09:00:00,2019-10-25 09:00:00,4.447065513881493,4.587752743042074
2019-10-25 12:00:00,2019-10-25 12:00:00,4.384411767816258,4.089666650921572
2019-10-25 15:00:00,2019-10-25 15:00:00,3.7516586774062257,4.157090299355332
2019-10-25 18:00:00,2019-10-25 18:00:00,3.7499570055073126,3.5547257547732443
2019-10-25 21:00:00,2019-10-25 21:00:00,4.1992010073900525,3.439532529329881
2019-10-26 00:00:00,2019-10-26 00:00:00,4.302001330494079,3.4288945409934968
2019-10-26 03:00:00,2019-10-26 03:00:00,3.8368881539135358,3.0231363820494153
2019-10-26 06:00:00,2019-10-26 06:00:00,4.266145058107917,2.6281938024330884
2019-10-26 09:00:00,2019-10-26 09:00:00,4.634879249886468,2.5519030324649066
2019-10-26 12:00:00,2019-10-26 12:00:00,4.162257646895766,2.505100066540763
2019-10-26 15:00:00,2019-10-26 15:00:00,3.703789587990274,2.267662673963059
2019-10-26 18:00:00,2019-10-26 18:00:00,3.8808302109364536,2.603827557875775
2019-10-26 21:00:00,2019-10-26 21:00:00,4.608849194310555,2.6339918591547757
2019-10-27 00:00:00,2019-10-27 00:00:00,4.876499273536528,2.861077081935946
2019-10-27 03:00:00,2019-10-27 03:00:00,4.934176081838735,3.020486041845288
2019-10-27 06:00:00,2019-10-27 06:00:00,5.193871783030544,3.181672849925235
2019-10-27 09:00:00,2019-10-27 09:00:00,5.601526424151154,3.8070405310136266
2019-10-27 12:00:00,2019-10-27 12:00:00,5.486093826930613,4.118078744388185
2019-10-27 15:00:00,2019-10-27 15:00:00,5.497006311225224,4.452167826937512
2019-10-27 18:00:00,2019-10-27 18:00:00,5.500243548512582,4.854953453032067
2019-10-27 21:00:00,2019-10-27 21:00:00,5.845113212497229,5.041625371843111
2019-10-28 00:00:00,2019-10-28 00:00:00,6.712259458144586,5.027711080329027
2019-10-28 03:00:00,2019-10-28 03:00:00,7.493757683016038,5.325228977701045
2019-10-28 06:00:00,2019-10-28 06:00:00,7.539016764724056,5.300346534466371
2019-10-28 09:00:00,2019-10-28 09:00:00,7.390931340783401,5.687316432944499
2019-10-28 12:00:00,2019-10-28 12:00:00,6.681092530552292,4.912151235155761
2019-10-28 15:00:00,2019-10-28 15:00:00,6.061592381335406,4.915574969607405
2019-10-28 18:00:00,2019-10-28 18:00:00,6.311341832695525,5.319782949081855
2019-10-28 21:00:00,2019-10-28 21:00:00,7.017058123086389,5.045644656114746
2019-10-29 00:00:00,2019-10-29 00:00:00,6.029344470612941,4.930465130892117
2019-10-29 03:00:00,2019-10-29 03:00:00,7.549955592576516,5.051066437794361
2019-10-29 06:00:00,2019-10-29 06:00:00,5.641507712534463,5.691908656037413
2019-10-29 09:00:00,2019-10-29 09:00:00,6.205306324895872,5.573411241872236
2019-10-29 12:00:00,2019-10-29 12:00:00,7.285042697656498,5.054852835368365
2019-10-29 15:00:00,2019-10-29 15:00:00,7.4653561387044896,4.903290919959545
2019-10-29 18:00:00,2019-10-29 18:00:00,5.9165101445704105,4.533485340536572
2019-10-29 21:00:00,2019-10-29 21:00:00,5.61018668816838,4.77682968613226
2019-10-30 00:00:00,2019-10-30 00:00:00,6.156100714415653,4.337382641999284
2019-10-30 03:00:00,2019-10-30 03:00:00,6.437451572406445,4.252498922520317
2019-10-30 06:00:00,2019-10-30 06:00:00,7.019423563455816,4.317188055254519
2019-10-30 09:00:00,2019-10-30 09:00:00,6.6914631678705705,4.501683386857621
2019-10-30 12:00:00,2019-10-30 12:00:00,5.509580667752124,4.159436539659509
2019-10-30 15:00:00,2019-10-30 15:00:00,5.466108966031299,3.40595606691204
2019-10-30 18:00:00,2019-10-30 18:00:00,5.57671719537442,3.5357757135061547
2019-10-30 21:00:00,2019-10-30 21:00:00,6.146772347975976,3.0729012158117257
2019-10-31 00:00:00,2019-10-31 00:00:00,6.3271811393793405,3.2397412509890273
2019-10-31 03:00:00,2019-10-31 03:00:00,4.742061284941211,3.1374185998283792
2019-10-31 06:00:00,2019-10-31 06:00:00,4.276790454087038,2.9239010926685296
2019-10-31 09:00:00,2019-10-31 09:00:00,4.3450323039656515,2.822673482762184
2019-10-31 12:00:00,2019-10-31 12:00:00,4.207433603653613,2.6495330651523545
2019-10-31 15:00:00,2019-10-31 15:00:00,4.089683488721463,3.1380705480696633
2019-10-31 18:00:00,2019-10-31 18:00:00,4.775673010892674,3.414429688185919
2019-10-31 21:00:00,2019-10-31 21:00:00,3.5744716801427714,2.8007454111939296
2019-11-01 00:00:00,2019-11-01 00:00:00,4.477637532467926,2.796287166653201
2019-11-01 03:00:00,2019-11-01 03:00:00,4.485841984595209,2.617890721303411
2019-11-01 06:00:00,2019-11-01 06:00:00,4.806991866370664,2.4459368714597076
2019-11-01 09:00:00,2019-11-01 09:00:00,5.370032016383777,2.5325600461801514
2019-11-01 12:00:00,2019-11-01 12:00:00,4.9461588441428495,2.258478554605972
2019-11-01 15:00:00,2019-11-01 15:00:00,4.322045395248221,2.400026924791746
2019-11-01 18:00:00,2019-11-01 18:00:00,3.8536934085414654,2.038510571990628
2019-11-01 21:00:00,2019-11-01 21:00:00,2.99977418359156,1.9548925923882052
2019-11-02 00:00:00,2019-11-02 00:00:00,2.3165028031072374,1.4356758969952352
2019-11-02 03:00:00,2019-11-02 03:00:00,1.3796052654938364,1.58944264636375
2019-11-02 06:00:00,2019-11-02 06:00:00,0.7962049895970807,1.7120014985557646
2019-11-02 09:00:00,2019-11-02 09:00:00,2.331599969673832,1.9690047829062678
2019-11-02 12:00:00,2019-11-02 12:00:00,2.639141640866629,1.8582903910428286
2019-11-02 15:00:00,2019-11-02 15:00:00,3.642222272081885,2.2988856522133574
2019-11-02 18:00:00,2019-11-02 18:00:00,5.4089141502979325,2.561519193346612
2019-11-02 21:00:00,2019-11-02 21:00:00,4.244064813022437,2.626971724559553
2019-11-03 00:00:00,2019-11-03 00:00:00,4.733946780830685,2.6895001714583486
2019-11-03 03:00:00,2019-11-03 03:00:00,5.709343169615306,3.327357429487165
2019-11-03 06:00:00,2019-11-03 06:00:00,9.003756035285202,4.1628160729887895
2019-11-03 09:00:00,2019-11-03 09:00:00,7.591765657908216,4.835664297803305
2019-11-03 12:00:00,2019-11-03 12:00:00,8.07183727726188,5.952247053850442
2019-11-03 15:00:00,2019-11-03 15:00:00,8.779650947143955,6.518978375475854
2019-11-03 18:00:00,2019-11-03 18:00:00,7.9101152967108215,7.098679046495818
2019-11-03 21:00:00,2019-11-03 21:00:00,6.775980620431551,7.05310102677322
2019-11-04 00:00:00,2019-11-04 00:00:00,6.858593888339247,7.096995959233027
2019-11-04 03:00:00,2019-11-04 03:00:00,7.182680484493915,7.243937046616338
2019-11-04 06:00:00,2019-11-04 06:00:00,6.032999241714371,7.174917437660042
2019-11-04 09:00:00,2019-11-04 09:00:00,6.646254468223375,7.372053050552495
2019-11-04 12:00:00,2019-11-04 12:00:00,7.314233946383628,6.995791538036428
2019-11-04 15:00:00,2019-11-04 15:00:00,7.303765423469643,6.71764826454455
2019-11-04 18:00:00,2019-11-04 18:00:00,5.499382762278512,6.569634650077205
2019-11-04 21:00:00,2019-11-04 21:00:00,4.768360417295595,5.820098597556353
2019-11-05 00:00:00,2019-11-05 00:00:00,5.245448884231399,5.526935823785607
2019-11-05 03:00:00,2019-11-05 03:00:00,5.688303509378521,5.3950147272553295
2019-11-05 06:00:00,2019-11-05 06:00:00,6.255881475198492,5.622283697943203
2019-11-05 09:00:00,2019-11-05 09:00:00,7.010368721293364,5.53151896095369
2019-11-05 12:00:00,2019-11-05 12:00:00,6.279222096354246,5.4828777060320135
2019-11-05 15:00:00,2019-11-05 15:00:00,6.026850245059939,5.677333800878841
2019-11-05 18:00:00,2019-11-05 18:00:00,8.33497806628329,5.631842826958746
2019-11-05 21:00:00,2019-11-05 21:00:00,7.625422571842761,4.797234411467798
2019-11-06 00:00:00,2019-11-06 00:00:00,5.690700855247894,4.46247038099682
2019-11-06 03:00:00,2019-11-06 03:00:00,3.8095126323128885,4.329388845566427
2019-11-06 06:00:00,2019-11-06 06:00:00,4.303674814589935,4.074451097403653
2019-11-06 09:00:00,2019-11-06 09:00:00,4.598186225737743,3.959456646000035
2019-11-06 12:00:00,2019-11-06 12:00:00,7.029928666379959,3.7334070794750005
2019-11-06 15:00:00,2019-11-06 15:00:00,6.591975990405344,4.5197810719837435
2019-11-06 18:00:00,2019-11-06 18:00:00,7.147350660007187,4.821315683540888
2019-11-06 21:00:00,2019-11-06 21:00:00,6.503738492307609,4.905460607085843
2019-11-07 00:00:00,2019-11-07 00:00:00,5.03718193437157,4.669295973610133
2019-11-07 03:00:00,2019-11-07 03:00:00,5.165860333208667,5.776545484084636
2019-11-07 06:00:00,2019-11-07 06:00:00,4.685542923618251,5.340257979463786
2019-11-07 09:00:00,2019-11-07 09:00:00,5.011040606780731,4.953743878751993
2019-11-07 12:00:00,2019-11-07 12:00:00,4.905037542703956,4.843685681640636
2019-11-07 15:00:00,2019-11-07 15:00:00,5.520491454516577,4.748519627697533
2019-11-07 18:00:00,2019-11-07 18:00:00,4.534637954701836,4.4398698999139015
2019-11-07 21:00:00,2019-11-07 21:00:00,4.349384254799265,3.047851212671958
2019-11-08 00:00:00,2019-11-08 00:00:00,3.323911445027821,2.877663377148565
2019-11-08 03:00:00,2019-11-08 03:00:00,3.9966015785602753,2.915491166029824
2019-11-08 06:00:00,2019-11-08 06:00:00,4.088415390005696,3.1769656205142383
2019-11-08 09:00:00,2019-11-08 09:00:00,4.4132256764661495,3.2029365920461714
2019-11-08 12:00:00,2019-11-08 12:00:00,4.537987848623071,4.206112285737618
2019-11-08 15:00:00,2019-11-08 15:00:00,4.460959317232599,4.756119609344751
2019-11-08 18:00:00,2019-11-08 18:00:00,5.526892988111061,5.086883395910263
2019-11-08 21:00:00,2019-11-08 21:00:00,5.484903858534742,5.311774444999173
2019-11-09 00:00:00,2019-11-09 00:00:00,5.629764638260163,5.819312084466219
2019-11-09 03:00:00,2019-11-09 03:00:00,5.056735688839962,5.734236870019231
2019-11-09 06:00:00,2019-11-09 06:00:00,5.247819892960293,6.212464245501906
2019-11-09 09:00:00,2019-11-09 09:00:00,5.340887047732353,5.926982076358399
2019-11-09 12:00:00,2019-11-09 12:00:00,4.025529222419313,5.2846791167976335
2019-11-09 15:00:00,2019-11-09 15:00:00,3.705687753313951,4.179158801533049
2019-11-09 18:00:00,2019-11-09 18:00:00,3.690658359991829,3.528029037057422
2019-11-09 21:00:00,2019-11-09 21:00:00,3.361433273125849,2.6814151343423873
2019-11-10 00:00:00,2019-11-10 00:00:00,2.896285640350932,2.249165380024351
2019-11-10 03:00:00,2019-11-10 03:00:00,2.2686226554800517,1.7868398159043863
2019-11-10 06:00:00,2019-11-10 06:00:00,1.2831792068009416,0.9612873258301988
2019-11-10 09:00:00,2019-11-10 09:00:00,3.7752840063511726,0.8158978988649324
2019-11-10 12:00:00,2019-11-10 12:00:00,2.6585813215199203,1.5324785272823647
2019-11-10 15:00:00,2019-11-10 15:00:00,3.4287175388734146,3.0405900451587513
2019-11-10 18:00:00,2019-11-10 18:00:00,3.710960007596317,3.817857939458918
2019-11-10 21:00:00,2019-11-10 21:00:00,4.27787385462534,3.533938770648092
2019-11-11 00:00:00,2019-11-11 00:00:00,5.917008257952095,4.19597453501774
2019-11-11 03:00:00,2019-11-11 03:00:00,7.64639889352489,5.41067320399452
2019-11-11 06:00:00,2019-11-11 06:00:00,8.404498402299174,6.359173993347213
2019-11-11 09:00:00,2019-11-11 09:00:00,9.267524904741768,8.176054447947536
2019-11-11 12:00:00,2019-11-11 12:00:00,10.961973649434709,9.895888441125862
2019-11-11 15:00:00,2019-11-11 15:00:00,12.66637581877619,11.222947444708552
2019-11-11 18:00:00,2019-11-11 18:00:00,11.640858010812872,10.054807318309031
2019-11-11 21:00:00,2019-11-11 21:00:00,9.592751426234363,9.228918752050959
2019-11-12 00:00:00,2019-11-12 00:00:00,9.133322562035525,8.333245582296513
2019-11-12 03:00:00,2019-11-12 03:00:00,8.68749220164242,7.320704722544178
2019-11-12 06:00:00,2019-11-12 06:00:00,8.455242821715702,7.31923120416468
2019-11-12 09:00:00,2019-11-12 09:00:00,8.195811397490557,6.799545170099009
2019-11-12 12:00:00,2019-11-12 12:00:00,6.961731810698904,6.509255299111828
2019-11-12 15:00:00,2019-11-12 15:00:00,7.300642164859748,6.458164278767072
2019-11-12 18:00:00,2019-11-12 18:00:00,7.5361523736496245,6.61843628983479
2019-11-12 21:00:00,2019-11-12 21:00:00,6.59649087897396,6.648035955498926
2019-11-13 00:00:00,2019-11-13 00:00:00,7.105957050997483,6.594887931249104
2019-11-13 03:00:00,2019-11-13 03:00:00,6.707775064027608,5.685451320139691
2019-11-13 06:00:00,2019-11-13 06:00:00,6.420905734378355,4.588541585515486
2019-11-13 09:00:00,2019-11-13 09:00:00,5.043514949553964,4.266000084666302
2019-11-13 12:00:00,2019-11-13 12:00:00,4.658227264284945,4.268009984749369
2019-11-13 15:00:00,2019-11-13 15:00:00,4.724288026642019,3.9000140599673614
2019-11-13 18:00:00,2019-11-13 18:00:00,4.668002272328209,3.7214703318022657
2019-11-13 21:00:00,2019-11-13 21:00:00,5.050163366747882,3.157471447600983
2019-11-14 00:00:00,2019-11-14 00:00:00,4.309374314646866,4.363987827673554
2019-11-14 03:00:00,2019-11-14 03:00:00,6.093591268572136,4.333434938598657
2019-11-14 06:00:00,2019-11-14 06:00:00,6.40629372056117,4.756111022667028
2019-11-14 09:00:00,2019-11-14 09:00:00,6.833684381730085,5.538046578061767
2019-11-14 12:00:00,2019-11-14 12:00:00,6.202806280699002,5.730338330438826
2019-11-14 15:00:00,2019-11-14 15:00:00,5.477822858707839,5.084559130074922
2019-11-14 18:00:00,2019-11-14 18:00:00,3.660862125628825,4.041302282246761
2019-11-14 21:00:00,2019-11-14 21:00:00,2.943524454077307,3.359761796804378
2019-11-15 00:00:00,2019-11-15 00:00:00,2.6525206901219907,2.362471440457739
2019-11-15 03:00:00,2019-11-15 03:00:00,1.8792041994041935,2.876052546547726
2019-11-15 06:00:00,2019-11-15 06:00:00,2.6779294398894797,2.976158463221509
2019-11-15 09:00:00,2019-11-15 09:00:00,3.4104563380698427,4.042147584768827
2019-11-15 12:00:00,2019-11-15 12:00:00,5.220661674732784,5.4161155048859655
2019-11-15 15:00:00,2019-11-15 15:00:00,6.134502937531696,6.137743806310027
2019-11-15 18:00:00,2019-11-15 18:00:00,8.137942837624394,7.064221939246636
2019-11-15 21:00:00,2019-11-15 21:00:00,9.047718802602722,7.875363125815056
2019-11-16 00:00:00,2019-11-16 00:00:00,10.596140299484839,8.907329530265997
2019-11-16 03:00:00,2019-11-16 03:00:00,10.219659129752761,10.578310933080502
2019-11-16 06:00:00,2019-11-16 06:00:00,12.654508209194605,12.9327498403145
2019-11-16 09:00:00,2019-11-16 09:00:00,14.363939538819976,13.761061823926866
2019-11-16 12:00:00,2019-11-16 12:00:00,16.52908567871921,15.906811653636396
2019-11-16 15:00:00,2019-11-16 15:00:00,16.92960287875823,16.530542978434823
2019-11-16 18:00:00,2019-11-16 18:00:00,14.330490597903554,15.734948894765694
2019-11-16 21:00:00,2019-11-16 21:00:00,12.178927453742324,13.028077081369702
2019-11-17 00:00:00,2019-11-17 00:00:00,13.420359433858643,13.38396000827197
2019-11-17 03:00:00,,,
2019-11-17 06:00:00,,,
2019-11-17 09:00:00,,,
2019-11-17 12:00:00,,,
2019-11-17 15:00:00,,,
2019-11-17 18:00:00,,,
2019-11-17 21:00:00,,,
2019-11-18 00:00:00,,,
2019-11-18 03:00:00,,,
2019-11-18 06:00:00,,,
2019-11-18 09:00:00,,,
2019-11-18 12:00:00,2019-11-18 12:00:00,6.476627048436327,6.068483955081319
2019-11-18 15:00:00,2019-11-18 15:00:00,5.1148130963739495,3.992305770749226
2019-11-18 18:00:00,2019-11-18 18:00:00,4.0374928206786,2.3502100746845827
2019-11-18 21:00:00,2019-11-18 21:00:00,3.50920063664337,3.4693639539182186
2019-11-19 00:00:00,,,
2019-11-19 03:00:00,,,
2019-11-19 06:00:00,2019-11-19 06:00:00,4.423322015842827,4.011660120682791
2019-11-19 09:00:00,2019-11-19 09:00:00,5.241231079524881,4.542236190303811
2019-11-19 12:00:00,2019-11-19 12:00:00,5.8438015571860005,5.216253199381754
2019-11-19 15:00:00,2019-11-19 15:00:00,8.751532574573467,6.904593452665722
2019-11-19 18:00:00,2019-11-19 18:00:00,9.081988141416774,7.629910180927254
2019-11-19 21:00:00,2019-11-19 21:00:00,8.579998655564095,6.865995838888921
2019-11-20 00:00:00,,,
2019-11-20 03:00:00,,,
2019-11-20 06:00:00,,,
2019-11-20 09:00:00,2019-11-20 09:00:00,5.315941316667819,5.378295520727988
2019-11-20 12:00:00,2019-11-20 12:00:00,4.2990802378687345,5.804691896657459
2019-11-20 15:00:00,2019-11-20 15:00:00,4.938934794259167,5.69495214719791
2019-11-20 18:00:00,2019-11-20 18:00:00,4.9236269874966245,5.119250990799628
2019-11-20 21:00:00,,,
2019-11-21 00:00:00,,,
2019-11-21 03:00:00,,,
2019-11-21 06:00:00,2019-11-21 06:00:00,3.70877123334953,2.2563186968909577
2019-11-21 09:00:00,2019-11-21 09:00:00,2.2059632183020756,1.12909862169181
2019-11-21 12:00:00,2019-11-21 12:00:00,2.287317370384963,1.6439732374856248
2019-11-21 15:00:00,2019-11-21 15:00:00,2.0509534399825102,1.265335381263867
2019-11-21 18:00:00,2019-11-21 18:00:00,2.9292761838643595,1.4320297804661095
2019-11-21 21:00:00,2019-11-21 21:00:00,2.828887315046907,1.8346208087168634
2019-11-22 00:00:00,2019-11-22 00:00:00,3.7126196780271172,2.328872152196709
2019-11-22 03:00:00,2019-11-22 03:00:00,3.2744944745190403,1.7095503631280735
2019-11-22 06:00:00,2019-11-22 06:00:00,3.6726300600608397,3.826728355663363
2019-11-22 09:00:00,2019-11-22 09:00:00,4.148515827096932,4.6038734265603125
2019-11-22 12:00:00,2019-11-22 12:00:00,5.170094175003698,4.85864273912739
2019-11-22 15:00:00,2019-11-22 15:00:00,3.9987371979980986,3.9957124905195087
2019-11-22 18:00:00,2019-11-22 18:00:00,3.9397223231589096,3.0945373962749727
2019-11-22 21:00:00,2019-11-22 21:00:00,2.425303403563854,2.0760154153686017
2019-11-23 00:00:00,,,
2019-11-23 03:00:00,,,
2019-11-23 06:00:00,2019-11-23 06:00:00,3.4471530969810598,2.7564635918824933
2019-11-23 09:00:00,2019-11-23 09:00:00,5.667891640181524,4.336574786575511
2019-11-23 12:00:00,2019-11-23 12:00:00,8.349822187005293,5.9336013975553215
2019-11-23 15:00:00,2019-11-23 15:00:00,8.266226117418014,7.501304302830249
2019-11-23 18:00:00,2019-11-23 18:00:00,9.511809257560506,8.93009623180842
2019-11-23 21:00:00,2019-11-23 21:00:00,11.622147166572192,10.531769865308888
2019-11-24 00:00:00,2019-11-24 00:00:00,12.27403553876161,10.955308409174904
2019-11-24 03:00:00,2019-11-24 03:00:00,13.063996838758998,11.113234366115648
2019-11-24 06:00:00,2019-11-24 06:00:00,11.891717086795468,11.023852964252
2019-11-24 09:00:00,2019-11-24 09:00:00,11.274721163415473,10.08017489706981
2019-11-24 12:00:00,2019-11-24 12:00:00,4.27277150637367,9.344078426016495
2019-11-24 15:00:00,2019-11-24 15:00:00,9.696903910814646,8.383122332743369
2019-11-24 18:00:00,2019-11-24 18:00:00,10.347667086388345,8.510903804795817
2019-11-24 21:00:00,2019-11-24 21:00:00,11.05831694902668,8.777131598966662
2019-11-25 00:00:00,2019-11-25 00:00:00,10.24052201255406,9.561229004408233
2019-11-25 03:00:00,,,
2019-11-25 06:00:00,2019-11-25 06:00:00,10.57322748654515,9.000040336395614
2019-11-25 09:00:00,2019-11-25 09:00:00,9.284888027709282,9.224746341060381
2019-11-25 12:00:00,2019-11-25 12:00:00,8.473093725771687,8.455415035656188
2019-11-25 15:00:00,2019-11-25 15:00:00,7.870043185250771,8.394801951944828
2019-11-25 18:00:00,2019-11-25 18:00:00,7.760025651376227,6.931334267021157
2019-11-25 21:00:00,2019-11-25 21:00:00,6.47311850297887,6.519981408142485
2019-11-26 00:00:00,2019-11-26 00:00:00,6.013797168124547,5.660306025762111
2019-11-26 03:00:00,2019-11-26 03:00:00,5.5477407004715,5.146330725052394
2019-11-26 06:00:00,2019-11-26 06:00:00,5.849861803238977,5.677698502782732
2019-11-26 09:00:00,2019-11-26 09:00:00,5.845134417065761,6.427186464716215
2019-11-26 12:00:00,2019-11-26 12:00:00,5.517749055037122,6.397754123463528
2019-11-26 15:00:00,2019-11-26 15:00:00,5.957148764423342,6.115031425841153
2019-11-26 18:00:00,2019-11-26 18:00:00,5.1477155539757495,6.096788094495423
2019-11-26 21:00:00,2019-11-26 21:00:00,3.627304073764041,5.355618588393554
2019-11-27 00:00:00,,,
2019-11-27 03:00:00,,,
2019-11-27 06:00:00,2019-11-27 06:00:00,4.499563607185913,3.2190722048981115
2019-11-27 09:00:00,2019-11-27 09:00:00,5.029430893842433,3.6598572121583857
2019-11-27 12:00:00,2019-11-27 12:00:00,5.418503721926747,3.9660411584191024
2019-11-27 15:00:00,2019-11-27 15:00:00,4.697379051199353,5.511574375093915
2019-11-27 18:00:00,2019-11-27 18:00:00,4.485484757059569,5.940574240288697
2019-11-27 21:00:00,,,
2019-11-28 00:00:00,,,
2019-11-28 03:00:00,,,
2019-11-28 06:00:00,2019-11-28 06:00:00,5.653040365701731,5.084279254049761
2019-11-28 09:00:00,2019-11-28 09:00:00,6.9266760035060235,6.424853139789775
2019-11-28 12:00:00,2019-11-28 12:00:00,6.776461107359681,7.2055162464967
2019-11-28 15:00:00,2019-11-28 15:00:00,8.620355631091357,7.971563803963363
2019-11-28 18:00:00,2019-11-28 18:00:00,10.011893825364997,9.504060951527208
2019-11-28 21:00:00,2019-11-28 21:00:00,9.899907054522364,9.847873320191866
2019-11-29 00:00:00,2019-11-29 00:00:00,8.848335445719378,9.754481975687668
2019-11-29 03:00:00,2019-11-29 03:00:00,10.341236836023562,11.156635008868761
2019-11-29 06:00:00,2019-11-29 06:00:00,10.524372680183275,10.236457222723402
2019-11-29 09:00:00,2019-11-29 09:00:00,10.473735303169887,10.405598640907556
2019-11-29 12:00:00,2019-11-29 12:00:00,9.25192708901195,9.469047675724141
2019-11-29 15:00:00,2019-11-29 15:00:00,8.430139386670623,9.02809582510963
2019-11-29 18:00:00,2019-11-29 18:00:00,6.078962378153778,8.84086773719173
2019-11-29 21:00:00,2019-11-29 21:00:00,7.124520268440034,8.917455800110474
2019-11-30 00:00:00,2019-11-30 00:00:00,6.0261203116325035,8.544363245833665
2019-11-30 03:00:00,2019-11-30 03:00:00,6.07840032105559,6.970641914755106
2019-11-30 06:00:00,2019-11-30 06:00:00,6.266103724226362,5.218489047139883
2019-11-30 09:00:00,2019-11-30 09:00:00,6.208488029630736,5.7374101633322425
2019-11-30 12:00:00,2019-11-30 12:00:00,5.345325653665912,5.6587513100821525
2019-11-30 15:00:00,2019-11-30 15:00:00,5.477026633222182,5.75709436510806
2019-11-30 18:00:00,2019-11-30 18:00:00,5.609091002215401,5.916043570148759
2019-11-30 21:00:00,2019-11-30 21:00:00,4.983336385382752,6.321048610610887
2019-12-01 00:00:00,2019-12-01 00:00:00,6.785787078252249,6.945617466466501
2019-12-01 03:00:00,2019-12-01 03:00:00,7.223165007442517,7.47016248703585
2019-12-01 06:00:00,2019-12-01 06:00:00,7.478264907141361,7.948747517832089
2019-12-01 09:00:00,2019-12-01 09:00:00,8.756332858517725,8.413968219712842
2019-12-01 12:00:00,2019-12-01 12:00:00,7.511033627481205,7.86234214308206
2019-12-01 15:00:00,2019-12-01 15:00:00,7.020469288115006,6.765087059582584
2019-12-01 18:00:00,2019-12-01 18:00:00,7.002959789881603,6.794260648835916
2019-12-01 21:00:00,2019-12-01 21:00:00,5.3873216565387025,6.834305979922647
2019-12-02 00:00:00,2019-12-02 00:00:00,5.582141063044243,6.025217208720278
2019-12-02 03:00:00,2019-12-02 03:00:00,6.256759679184697,5.538499612506712
2019-12-02 06:00:00,2019-12-02 06:00:00,5.640398991855477,4.579813331540208
2019-12-02 09:00:00,2019-12-02 09:00:00,5.603247302042198,4.785692986566573
2019-12-02 12:00:00,2019-12-02 12:00:00,5.786361506137733,5.516951306955889
2019-12-02 15:00:00,2019-12-02 15:00:00,7.375528538747971,6.3197209552745335
2019-12-02 18:00:00,2019-12-02 18:00:00,9.754935239326313,8.393252229492646
2019-12-02 21:00:00,2019-12-02 21:00:00,11.266156357062757,10.863048907543998
2019-12-03 00:00:00,2019-12-03 00:00:00,12.505800958498234,11.939832611620659
2019-12-03 03:00:00,2019-12-03 03:00:00,12.869459264458547,12.733698784606531
2019-12-03 06:00:00,2019-12-03 06:00:00,13.591684992491182,12.529646606883034
2019-12-03 09:00:00,2019-12-03 09:00:00,13.886175748447082,11.335307247907622
2019-12-03 12:00:00,2019-12-03 12:00:00,13.616142174827688,10.990278361132368
2019-12-03 15:00:00,2019-12-03 15:00:00,13.0724115075502,11.174455515400041
2019-12-03 18:00:00,2019-12-03 18:00:00,12.532156929352928,11.075306697865017
2019-12-03 21:00:00,2019-12-03 21:00:00,12.789417557840528,10.719643677468412
2019-12-04 00:00:00,2019-12-04 00:00:00,10.260192801817379,9.882496485603042
2019-12-04 03:00:00,2019-12-04 03:00:00,10.820330353434635,10.191424063174054
2019-12-04 06:00:00,2019-12-04 06:00:00,11.363518098420771,10.983765097334981
2019-12-04 09:00:00,2019-12-04 09:00:00,11.990039319861125,10.374510376888793
2019-12-04 12:00:00,2019-12-04 12:00:00,12.687548695587616,9.872108927927911
2019-12-04 15:00:00,2019-12-04 15:00:00,12.733930486958505,11.004835262021516
2019-12-04 18:00:00,2019-12-04 18:00:00,11.855449908399045,10.889085077214986
2019-12-04 21:00:00,2019-12-04 21:00:00,11.560202057005425,10.301447052275762
2019-12-05 00:00:00,2019-12-05 00:00:00,11.906150006913172,9.875375777366571
2019-12-05 03:00:00,2019-12-05 03:00:00,11.011878901572766,9.870548088481883
2019-12-05 06:00:00,2019-12-05 06:00:00,11.37369051492049,9.634444332041312
2019-12-05 09:00:00,2019-12-05 09:00:00,11.014619749828151,9.187668974045664
2019-12-05 12:00:00,2019-12-05 12:00:00,11.675331952263898,9.42863083910197
2019-12-05 15:00:00,2019-12-05 15:00:00,10.34806297924826,8.712159633869305
2019-12-05 18:00:00,2019-12-05 18:00:00,10.151866248558992,8.136848009671667
2019-12-05 21:00:00,2019-12-05 21:00:00,9.476176486420231,8.340672742575407
2019-12-06 00:00:00,2019-12-06 00:00:00,7.747021938553384,7.059278680710122
2019-12-06 03:00:00,2019-12-06 03:00:00,6.51607165943753,6.520460712548811
2019-12-06 06:00:00,2019-12-06 06:00:00,4.895575357475108,4.168107930046972
2019-12-06 09:00:00,2019-12-06 09:00:00,3.7670712722567257,3.015423001605086
2019-12-06 12:00:00,2019-12-06 12:00:00,2.8987712808233135,2.480337932734983
2019-12-06 15:00:00,2019-12-06 15:00:00,1.818827638702575,1.1846481539541855
2019-12-06 18:00:00,2019-12-06 18:00:00,0.6055283885996293,1.246862442290876
2019-12-06 21:00:00,2019-12-06 21:00:00,1.7048546413811765,0.478471192822326
2019-12-07 00:00:00,2019-12-07 00:00:00,0.9449315598591076,1.768972912512254
2019-12-07 03:00:00,2019-12-07 03:00:00,0.5460586903651226,2.034417040646076
2019-12-07 06:00:00,2019-12-07 06:00:00,1.9734359070027958,2.747125610942021
2019-12-07 09:00:00,2019-12-07 09:00:00,3.636374985470431,2.500937975157285
2019-12-07 12:00:00,2019-12-07 12:00:00,3.4972214295405935,2.5390348904184066
2019-12-07 15:00:00,2019-12-07 15:00:00,4.222008351909605,3.252408094209386
2019-12-07 18:00:00,2019-12-07 18:00:00,6.233417224390468,4.5625977978124865
2019-12-07 21:00:00,2019-12-07 21:00:00,8.86208660944792,6.936853347579017
2019-12-08 00:00:00,2019-12-08 00:00:00,10.01776755193819,9.996586013643537
2019-12-08 03:00:00,2019-12-08 03:00:00,9.738488066150817,10.13436914148042
2019-12-08 06:00:00,2019-12-08 06:00:00,8.599031509123757,9.597086945112096
2019-12-08 09:00:00,2019-12-08 09:00:00,9.381812721605158,8.225085091457004
2019-12-08 12:00:00,2019-12-08 12:00:00,9.433281504650706,8.161753712745849
2019-12-08 15:00:00,2019-12-08 15:00:00,8.812883915648063,8.924120398121886
2019-12-08 18:00:00,2019-12-08 18:00:00,8.259569702525718,8.313750138797332
2019-12-08 21:00:00,2019-12-08 21:00:00,7.766431878904565,8.067770676221699
2019-12-09 00:00:00,2019-12-09 00:00:00,8.066353164064045,7.951730043394491
2019-12-09 03:00:00,2019-12-09 03:00:00,7.439563257170754,8.078430548601318
2019-12-09 06:00:00,2019-12-09 06:00:00,7.374962847009186,8.139068532065721
2019-12-09 09:00:00,2019-12-09 09:00:00,7.619180287838777,9.073763883614447
2019-12-09 12:00:00,2019-12-09 12:00:00,6.576321100604237,8.859087568358518
2019-12-09 15:00:00,2019-12-09 15:00:00,6.173524948815035,8.141384037793614
2019-12-09 18:00:00,2019-12-09 18:00:00,6.380423010530792,6.065627297153696
2019-12-09 21:00:00,2019-12-09 21:00:00,6.459554259528082,5.84127902702312
2019-12-10 00:00:00,2019-12-10 00:00:00,7.3760484784550195,6.523120836587623
2019-12-10 03:00:00,2019-12-10 03:00:00,8.319987949906556,6.7863530007743975
2019-12-10 06:00:00,2019-12-10 06:00:00,8.477846484264623,6.8230744659667835
2019-12-10 09:00:00,2019-12-10 09:00:00,7.433512406881295,6.360940561047755
2019-12-10 12:00:00,2019-12-10 12:00:00,5.77385842063071,5.609486630499305
2019-12-10 15:00:00,2019-12-10 15:00:00,5.12998686171018,4.336406305548735
2019-12-10 18:00:00,2019-12-10 18:00:00,6.253544290017065,4.279475349234417
2019-12-10 21:00:00,2019-12-10 21:00:00,6.037927306612937,4.761982203432126
2019-12-11 00:00:00,2019-12-11 00:00:00,5.337165563251414,5.009583217208274
2019-12-11 03:00:00,2019-12-11 03:00:00,4.9932358165904125,4.509126654418651
2019-12-11 06:00:00,2019-12-11 06:00:00,5.31474443347219,4.138648315914907
2019-12-11 09:00:00,2019-12-11 09:00:00,5.2134759886820055,3.4871280567604117
2019-12-11 12:00:00,2019-12-11 12:00:00,4.132578054720594,2.8540268095675856
2019-12-11 15:00:00,2019-12-11 15:00:00,4.027242197285627,2.9557903095846996
2019-12-11 18:00:00,2019-12-11 18:00:00,3.4741196450275442,2.273324906884227
2019-12-11 21:00:00,2019-12-11 21:00:00,2.759757219706039,2.135672834701836
2019-12-12 00:00:00,2019-12-12 00:00:00,2.4002001670812096,0.784410419742926
2019-12-12 03:00:00,2019-12-12 03:00:00,2.642589139467339,0.7729213376296684
2019-12-12 06:00:00,2019-12-12 06:00:00,2.2106876411071643,1.0474772381130606
2019-12-12 09:00:00,2019-12-12 09:00:00,2.568504768245687,1.0229395157075487
2019-12-12 12:00:00,2019-12-12 12:00:00,3.6380894866862303,0.9914609534898773
2019-12-12 15:00:00,2019-12-12 15:00:00,4.127816473990538,2.1488605756894685
2019-12-12 18:00:00,2019-12-12 18:00:00,4.554224425838341,2.7072790400416125
2019-12-12 21:00:00,2019-12-12 21:00:00,5.1428760813669605,3.6462181102251634
2019-12-13 00:00:00,2019-12-13 00:00:00,5.919249780838105,4.28794487225241
2019-12-13 03:00:00,2019-12-13 03:00:00,5.073101185337798,4.624075649888255
2019-12-13 06:00:00,2019-12-13 06:00:00,4.78390935390543,4.801812264777254
2019-12-13 09:00:00,2019-12-13 09:00:00,4.584875169902772,4.543000146280974
2019-12-13 12:00:00,2019-12-13 12:00:00,4.172616043029349,4.774804915941786
2019-12-13 15:00:00,2019-12-13 15:00:00,3.898008001793094,4.972205801634118
2019-12-13 18:00:00,2019-12-13 18:00:00,3.2832007679041086,4.244523065019166
2019-12-13 21:00:00,2019-12-13 21:00:00,2.5508466382840966,4.149304769060109
2019-12-14 00:00:00,2019-12-14 00:00:00,2.347643711005631,3.4241300050052814
2019-12-14 03:00:00,2019-12-14 03:00:00,2.602651469306337,3.206240026978776
2019-12-14 06:00:00,2019-12-14 06:00:00,2.526244805794306,2.529988239170052
2019-12-14 09:00:00,2019-12-14 09:00:00,2.1414500306799154,2.0329778390587308
2019-12-14 12:00:00,2019-12-14 12:00:00,2.592048620464895,1.5763905757339671
2019-12-14 15:00:00,2019-12-14 15:00:00,2.0855018660395896,1.6611999702872708
2019-12-14 18:00:00,2019-12-14 18:00:00,1.5557082468522723,1.471259274170734
2019-12-14 21:00:00,2019-12-14 21:00:00,1.096806217931176,1.0041069914586842
2019-12-15 00:00:00,2019-12-15 00:00:00,1.706134473448225,1.0188958189683035
2019-12-15 03:00:00,2019-12-15 03:00:00,0.642183819277382,0.6097816214896739
2019-12-15 06:00:00,2019-12-15 06:00:00,0.8910806294026125,0.22252760658739135
2019-12-15 09:00:00,2019-12-15 09:00:00,1.0156197317929454,0.8018572258370114
2019-12-15 12:00:00,2019-12-15 12:00:00,2.475072979041039,1.0936757060117088
2019-12-15 15:00:00,2019-12-15 15:00:00,2.481562131911442,1.7669504009536467
2019-12-15 18:00:00,2019-12-15 18:00:00,3.7959957198109273,2.6270943669369444
2019-12-15 21:00:00,2019-12-15 21:00:00,4.091541992642558,3.620849156170152
2019-12-16 00:00:00,2019-12-16 00:00:00,4.394111309220165,5.724999088444747
2019-12-16 03:00:00,2019-12-16 03:00:00,6.83438031465091,6.44613467954332
2019-12-16 06:00:00,2019-12-16 06:00:00,8.528673639778072,7.806526305037551
2019-12-16 09:00:00,2019-12-16 09:00:00,8.66403909850167,8.814351100940257
2019-12-16 12:00:00,2019-12-16 12:00:00,9.717174351806285,8.952416030748282
2019-12-16 15:00:00,2019-12-16 15:00:00,8.958561676916073,8.620645728951786
2019-12-16 18:00:00,2019-12-16 18:00:00,7.842323936494057,7.360181953816209
2019-12-16 21:00:00,2019-12-16 21:00:00,7.665787076084874,6.335201769717969
2019-12-17 00:00:00,2019-12-17 00:00:00,6.860168090303218,4.683511707873549
2019-12-17 03:00:00,2019-12-17 03:00:00,7.084608641127123,5.612169501429889
2019-12-17 06:00:00,2019-12-17 06:00:00,8.462525260102497,5.622923225397244
2019-12-17 09:00:00,2019-12-17 09:00:00,6.579223097202178,5.165396869531833
2019-12-17 12:00:00,2019-12-17 12:00:00,6.742593986732243,4.739987233653665
2019-12-17 15:00:00,2019-12-17 15:00:00,6.193478548906661,4.442182765400503
2019-12-17 18:00:00,2019-12-17 18:00:00,6.641051898643542,4.115349007770419
2019-12-17 21:00:00,2019-12-17 21:00:00,6.848134685553389,3.6888805183116347
2019-12-18 00:00:00,2019-12-18 00:00:00,5.9238337984128835,3.111260853591375
2019-12-18 03:00:00,2019-12-18 03:00:00,4.9785554281252375,2.7710146621684544
2019-12-18 06:00:00,2019-12-18 06:00:00,4.559882317037062,2.557206593977753
2019-12-18 09:00:00,2019-12-18 09:00:00,3.7353002543911127,1.7228628801531158
2019-12-18 12:00:00,2019-12-18 12:00:00,3.8051445855047845,1.7102277669473551
2019-12-18 15:00:00,2019-12-18 15:00:00,3.9818594230739457,1.678638054523617
2019-12-18 18:00:00,2019-12-18 18:00:00,4.024285863112522,2.3048427696339786
2019-12-18 21:00:00,2019-12-18 21:00:00,3.6120742511049566,2.6092916482884903
2019-12-19 00:00:00,2019-12-19 00:00:00,3.6818336172110318,3.0467828817199916
2019-12-19 03:00:00,2019-12-19 03:00:00,2.222415643212544,2.7356541359913535
2019-12-19 06:00:00,2019-12-19 06:00:00,1.5821342568439531,3.2055421574914362
2019-12-19 09:00:00,2019-12-19 09:00:00,0.7989314639417232,2.045520186831709
2019-12-19 12:00:00,2019-12-19 12:00:00,2.3853147229631397,1.67082256267895
2019-12-19 15:00:00,2019-12-19 15:00:00,2.0532768347388957,1.7882813578180503
2019-12-19 18:00:00,2019-12-19 18:00:00,2.1176126911303377,1.3144161201780662
2019-12-19 21:00:00,2019-12-19 21:00:00,2.016200503794043,0.7563522859709337
2019-12-20 00:00:00,2019-12-20 00:00:00,1.1926095833000165,0.5712452721199952
2019-12-20 03:00:00,2019-12-20 03:00:00,1.292391528693768,0.6343972999602556
2019-12-20 06:00:00,2019-12-20 06:00:00,1.9992992277897101,0.11695140413939953
2019-12-20 09:00:00,2019-12-20 09:00:00,1.7637987064511769,1.5751414518454112
2019-12-20 12:00:00,2019-12-20 12:00:00,0.4321442973074643,0.8661913782125339
2019-12-20 15:00:00,2019-12-20 15:00:00,1.0692329576031072,1.041707144730026
2019-12-20 18:00:00,2019-12-20 18:00:00,0.8907487815036061,0.9677917244262062
2019-12-20 21:00:00,2019-12-20 21:00:00,1.702932239468811,1.7370570459170267
2019-12-21 00:00:00,2019-12-21 00:00:00,0.7841626113356758,1.3307933807373047
2019-12-21 03:00:00,2019-12-21 03:00:00,1.5921134746257781,1.554603721422609
2019-12-21 06:00:00,2019-12-21 06:00:00,1.4789042002434238,1.7845263967174105
2019-12-21 09:00:00,2019-12-21 09:00:00,1.7242558920184308,1.1201621205254924
2019-12-21 12:00:00,2019-12-21 12:00:00,1.5820753409363908,0.7848992657382041
2019-12-21 15:00:00,2019-12-21 15:00:00,2.2970108139236505,0.7855051667720545
2019-12-21 18:00:00,2019-12-21 18:00:00,2.6785162380736796,0.8115410036898538
2019-12-21 21:00:00,2019-12-21 21:00:00,2.661115811322189,1.5405959162744693
2019-12-22 00:00:00,2019-12-22 00:00:00,1.8735155082873343,1.2913933029631153
2019-12-22 03:00:00,2019-12-22 03:00:00,2.681699677589035,1.640192658698652
2019-12-22 06:00:00,2019-12-22 06:00:00,2.5553635185369443,2.562119878246449
2019-12-22 09:00:00,2019-12-22 09:00:00,2.2626062355389878,2.134323353122454
2019-12-22 12:00:00,2019-12-22 12:00:00,2.6032245124963684,2.363220094994176
2019-12-22 15:00:00,2019-12-22 15:00:00,3.5154097777697224,2.5782704433513572
2019-12-22 18:00:00,2019-12-22 18:00:00,3.6932736955268033,3.2629534100706223
2019-12-22 21:00:00,2019-12-22 21:00:00,5.963389849745984,3.446546715684235
2019-12-23 00:00:00,2019-12-23 00:00:00,5.502291852800251,3.6709839286631905
2019-12-23 03:00:00,2019-12-23 03:00:00,5.704411077900496,3.6515453032479854
2019-12-23 06:00:00,2019-12-23 06:00:00,5.722008558611151,3.6018726109468844
2019-12-23 09:00:00,2019-12-23 09:00:00,4.109240880480889,3.6052838629111648
2019-12-23 12:00:00,2019-12-23 12:00:00,4.685673978560389,3.3491237935377285
2019-12-23 15:00:00,2019-12-23 15:00:00,4.356366828997337,3.860980645986274
2019-12-23 18:00:00,2019-12-23 18:00:00,4.786022631387622,3.9481518100365065
2019-12-23 21:00:00,2019-12-23 21:00:00,4.740018625509473,3.8866112525574863
2019-12-24 00:00:00,2019-12-24 00:00:00,4.575382512745367,4.173383663990535
2019-12-24 03:00:00,2019-12-24 03:00:00,4.408891532646508,3.8758239580783993
2019-12-24 06:00:00,2019-12-24 06:00:00,4.882673315617166,4.1570543808920775
2019-12-24 09:00:00,2019-12-24 09:00:00,3.9043988588434497,4.45298126898706
2019-12-24 12:00:00,2019-12-24 12:00:00,4.176720276477174,4.494844041939359
2019-12-24 15:00:00,2019-12-24 15:00:00,4.751494114698446,5.03177668270655
2019-12-24 18:00:00,2019-12-24 18:00:00,4.929116884359691,5.223062199627748
2019-12-24 21:00:00,2019-12-24 21:00:00,5.961358892653581,5.404979061335325
2019-12-25 00:00:00,2019-12-25 00:00:00,5.510155749724291,5.108666402637027
2019-12-25 03:00:00,2019-12-25 03:00:00,4.5604083415296826,4.702792094205506
2019-12-25 06:00:00,2019-12-25 06:00:00,4.995435101060626,4.469611062610056
2019-12-25 09:00:00,2019-12-25 09:00:00,4.864711163890369,4.470487078768201
2019-12-25 12:00:00,2019-12-25 12:00:00,5.02134221368453,4.2923918858869
2019-12-25 15:00:00,2019-12-25 15:00:00,4.196611875061291,3.2942048837430775
2019-12-25 18:00:00,2019-12-25 18:00:00,4.082799880424545,2.9614348958129995
2019-12-25 21:00:00,2019-12-25 21:00:00,4.7959432042796415,2.6998715494410135
2019-12-26 00:00:00,2019-12-26 00:00:00,6.2360585995233615,3.549099230323918
2019-12-26 03:00:00,2019-12-26 03:00:00,5.07859524574002,3.660273439134471
2019-12-26 06:00:00,2019-12-26 06:00:00,6.998364946796742,3.2145610980223864
2019-12-26 09:00:00,2019-12-26 09:00:00,5.085476806608848,3.4551673150854185
2019-12-26 12:00:00,2019-12-26 12:00:00,2.3208157474781537,3.843526385142468
2019-12-26 15:00:00,2019-12-26 15:00:00,3.3005115713210347,3.8188891854370013
2019-12-26 18:00:00,2019-12-26 18:00:00,3.0824750284626377,3.508418039069511
2019-12-26 21:00:00,2019-12-26 21:00:00,2.6794784501117372,3.10552601411473
2019-12-27 00:00:00,2019-12-27 00:00:00,2.148739145749604,1.8693867952097207
2019-12-27 03:00:00,2019-12-27 03:00:00,3.0582280877066865,2.0398534164996818
2019-12-27 06:00:00,2019-12-27 06:00:00,1.6354406071326044,1.1668949740706012
2019-12-27 09:00:00,2019-12-27 09:00:00,1.7989564861956862,1.4280950948013924
2019-12-27 12:00:00,2019-12-27 12:00:00,1.6558397340998827,1.55324521753937
2019-12-27 15:00:00,2019-12-27 15:00:00,1.6865587678445155,1.0358060360886157
2019-12-27 18:00:00,2019-12-27 18:00:00,1.359436631758946,1.1570355338044465
2019-12-27 21:00:00,2019-12-27 21:00:00,1.4203540135720207,1.0781730539165437
2019-12-28 00:00:00,2019-12-28 00:00:00,2.1847897043884736,0.7952415554027539
2019-12-28 03:00:00,2019-12-28 03:00:00,1.1201953974875363,0.5387058990891092
2019-12-28 06:00:00,2019-12-28 06:00:00,0.7177093389037751,0.470155990391504
2019-12-28 09:00:00,2019-12-28 09:00:00,0.543915716179565,1.097241909301374
2019-12-28 12:00:00,2019-12-28 12:00:00,0.9930440749960384,1.1356406341656111
2019-12-28 15:00:00,2019-12-28 15:00:00,1.7798169882533752,1.3047259805025533
2019-12-28 18:00:00,2019-12-28 18:00:00,1.5358042923075725,1.66325759596657
2019-12-28 21:00:00,2019-12-28 21:00:00,2.4972794308475295,2.6472748043597676
2019-12-29 00:00:00,2019-12-29 00:00:00,2.4640813964857466,3.1977488131960854
2019-12-29 03:00:00,2019-12-29 03:00:00,2.7178047769147233,3.830709489120636
2019-12-29 06:00:00,2019-12-29 06:00:00,3.6394489015773117,4.639403723296709
2019-12-29 09:00:00,2019-12-29 09:00:00,5.449723521401648,5.4743210570304655
2019-12-29 12:00:00,2019-12-29 12:00:00,5.690961242516259,5.460737755405717
2019-12-29 15:00:00,2019-12-29 15:00:00,4.251232908234434,6.23818210256286
2019-12-29 18:00:00,2019-12-29 18:00:00,4.82698312113476,6.1382959461188875
2019-12-29 21:00:00,2019-12-29 21:00:00,4.087523614192552,5.838257335301023
2019-12-30 00:00:00,2019-12-30 00:00:00,4.746180573963458,5.695671018038411
2019-12-30 03:00:00,2019-12-30 03:00:00,6.653482824778716,5.605044558295049
2019-12-30 06:00:00,2019-12-30 06:00:00,6.71515265476879,5.9040654773125425
2019-12-30 09:00:00,2019-12-30 09:00:00,5.9468012999790725,6.588110384211177
2019-12-30 12:00:00,2019-12-30 12:00:00,7.594762588956448,6.604489715071395
2019-12-30 15:00:00,2019-12-30 15:00:00,7.854917562139431,6.279278210888151
2019-12-30 18:00:00,2019-12-30 18:00:00,7.400015501633376,6.4763098521507345
2019-12-30 21:00:00,2019-12-30 21:00:00,6.680519796541435,5.312905952654546
2019-12-31 00:00:00,2019-12-31 00:00:00,5.380277594588358,4.373889973852783
2019-12-31 03:00:00,2019-12-31 03:00:00,4.627449314355545,4.120591577491723
2019-12-31 06:00:00,2019-12-31 06:00:00,4.25817681331285,3.3589586935704574
2019-12-31 09:00:00,2019-12-31 09:00:00,2.7010763544202323,1.8286675153067335
2019-12-31 12:00:00,2019-12-31 12:00:00,4.130751761245112,2.2443184213188943
2019-12-31 15:00:00,2019-12-31 15:00:00,5.628766665728368,3.815724025480449
2019-12-31 18:00:00,2019-12-31 18:00:00,6.18831310621493,4.425769025750924
2019-12-31 21:00:00,2019-12-31 21:00:00,5.90972948382058,5.015036383760162
2020-01-01 00:00:00,2020-01-01 00:00:00,5.678106903954117,5.027782296587247
2020-01-01 03:00:00,2020-01-01 03:00:00,7.379187798357475,5.745999136590399
2020-01-01 06:00:00,2020-01-01 06:00:00,7.122455577813483,5.468423807004001
2020-01-01 09:00:00,2020-01-01 09:00:00,7.805986240460669,5.879945826833136
2020-01-01 12:00:00,2020-01-01 12:00:00,8.061749723886352,6.044984414591454
2020-01-01 15:00:00,2020-01-01 15:00:00,8.50286889670709,6.350820008665323
2020-01-01 18:00:00,2020-01-01 18:00:00,8.694861600437275,5.93628016061848
2020-01-01 21:00:00,2020-01-01 21:00:00,7.915281819583999,7.613335243309848
2020-01-02 00:00:00,2020-01-02 00:00:00,8.487980641946246,7.774957747780718
2020-01-02 03:00:00,2020-01-02 03:00:00,8.015993637833029,8.088325146469288
2020-01-02 06:00:00,2020-01-02 06:00:00,8.482806191029134,8.160747851303313
2020-01-02 09:00:00,2020-01-02 09:00:00,8.809557782485248,8.058553229668178
2020-01-02 12:00:00,2020-01-02 12:00:00,8.889844375730442,7.653991979721468
2020-01-02 15:00:00,2020-01-02 15:00:00,9.024872633275441,8.580584340612404
2020-01-02 18:00:00,2020-01-02 18:00:00,8.406866577161948,8.854111427150201
2020-01-02 21:00:00,2020-01-02 21:00:00,7.974129749594877,8.582770767563488
2020-01-03 00:00:00,2020-01-03 00:00:00,6.824893646370764,7.692822387558408
2020-01-03 03:00:00,2020-01-03 03:00:00,5.606866084432487,5.252349261310883
2020-01-03 06:00:00,2020-01-03 06:00:00,4.32736248815483,4.093207628524397
2020-01-03 09:00:00,2020-01-03 09:00:00,4.157287473167622,3.4653324934770353
2020-01-03 12:00:00,2020-01-03 12:00:00,4.311355243333716,3.1903858162113465
2020-01-03 15:00:00,2020-01-03 15:00:00,4.699686501214016,4.325725285278168
2020-01-03 18:00:00,2020-01-03 18:00:00,5.294636522847755,4.055748011101969
2020-01-03 21:00:00,2020-01-03 21:00:00,5.817944191166448,5.271879026491661
2020-01-04 00:00:00,2020-01-04 00:00:00,6.926362278285015,6.111624290846521
2020-01-04 03:00:00,2020-01-04 03:00:00,7.634477675997483,5.953047643182799
2020-01-04 06:00:00,2020-01-04 06:00:00,6.377694117217884,6.503105966723524
2020-01-04 09:00:00,2020-01-04 09:00:00,6.291177972860001,6.889958830870455
2020-01-04 12:00:00,2020-01-04 12:00:00,6.991986503337341,6.284231203608215
2020-01-04 15:00:00,2020-01-04 15:00:00,6.5208294039701125,5.873399474978214
2020-01-04 18:00:00,2020-01-04 18:00:00,5.093168228713242,5.895713035744848
2020-01-04 21:00:00,2020-01-04 21:00:00,5.037581379252614,4.220569874043576
2020-01-05 00:00:00,2020-01-05 00:00:00,3.4937039598396304,3.352246407594066
2020-01-05 03:00:00,2020-01-05 03:00:00,4.686356894289327,3.7176163276890293
2020-01-05 06:00:00,2020-01-05 06:00:00,2.8060261377581512,2.6771654984913766
2020-01-05 09:00:00,2020-01-05 09:00:00,3.2502444969947053,3.0159842275897972
2020-01-05 12:00:00,2020-01-05 12:00:00,3.5790588879701914,2.071926546865143
2020-01-05 15:00:00,2020-01-05 15:00:00,2.7010187612057837,2.4053585923975334
2020-01-05 18:00:00,2020-01-05 18:00:00,2.4630492969273963,1.531303542200476
2020-01-05 21:00:00,2020-01-05 21:00:00,2.0943985677966563,1.2426229685370345
2020-01-06 00:00:00,2020-01-06 00:00:00,1.8636590605654397,1.370818753959611
2020-01-06 03:00:00,2020-01-06 03:00:00,1.7357157253553128,0.6004463937133551
2020-01-06 06:00:00,2020-01-06 06:00:00,1.9510654398887786,0.9234877716808114
2020-01-06 09:00:00,2020-01-06 09:00:00,2.076696645877634,0.3952575465082191
2020-01-06 12:00:00,2020-01-06 12:00:00,2.5770132729820787,0.6421093112439848
2020-01-06 15:00:00,2020-01-06 15:00:00,2.7048299617251943,1.2877192459418438
2020-01-06 18:00:00,2020-01-06 18:00:00,3.3586173244643205,1.1614781542739365
2020-01-06 21:00:00,2020-01-06 21:00:00,3.0543136696316266,1.011178363696672
2020-01-07 00:00:00,2020-01-07 00:00:00,3.5157305716484974,1.0541413893224671
2020-01-07 03:00:00,2020-01-07 03:00:00,4.025454843202559,1.025994952302426
2020-01-07 06:00:00,2020-01-07 06:00:00,3.375090691026299,1.0706808570830617
2020-01-07 09:00:00,2020-01-07 09:00:00,3.763976477484651,1.365029601554852
2020-01-07 12:00:00,2020-01-07 12:00:00,3.4990344549575227,1.9138318307232112
2020-01-07 15:00:00,2020-01-07 15:00:00,3.8537342332185793,1.7911792784725549
2020-01-07 18:00:00,2020-01-07 18:00:00,3.8645132194590945,2.3529532497632317
2020-01-07 21:00:00,2020-01-07 21:00:00,3.657718748307349,2.5169615368940867
2020-01-08 00:00:00,2020-01-08 00:00:00,3.1836761949878376,2.5892727576429024
2020-01-08 03:00:00,2020-01-08 03:00:00,3.4503321460454437,3.0192814395413734
2020-01-08 06:00:00,2020-01-08 06:00:00,2.917089363572139,2.548215361108305
2020-01-08 09:00:00,2020-01-08 09:00:00,2.4025129192897032,1.578568367200205
2020-01-08 12:00:00,2020-01-08 12:00:00,1.895348161013849,1.4636146904085763
2020-01-08 15:00:00,2020-01-08 15:00:00,1.3293278716921106,0.7335479944304097
2020-01-08 18:00:00,2020-01-08 18:00:00,2.7473067375184446,0.6071177785634063
2020-01-08 21:00:00,2020-01-08 21:00:00,2.641255124588426,1.6477466318756342
2020-01-09 00:00:00,2020-01-09 00:00:00,3.8567462090821127,2.6701780772709753
2020-01-09 03:00:00,2020-01-09 03:00:00,4.629689889945943,2.832349267002428
2020-01-09 06:00:00,2020-01-09 06:00:00,5.143706417136104,3.126778778329026
2020-01-09 09:00:00,2020-01-09 09:00:00,5.0966562224197585,3.848205251269974
2020-01-09 12:00:00,2020-01-09 12:00:00,5.5105641563264705,4.342140084016137
2020-01-09 15:00:00,2020-01-09 15:00:00,5.613647078718702,4.54642279172549
2020-01-09 18:00:00,2020-01-09 18:00:00,5.391878993192537,5.018920469185105
2020-01-09 21:00:00,2020-01-09 21:00:00,4.660145633184121,4.385056800674647
2020-01-10 00:00:00,2020-01-10 00:00:00,5.096186282471009,5.015996614238247
2020-01-10 03:00:00,2020-01-10 03:00:00,5.9186110076862155,6.165067004854791
2020-01-10 06:00:00,2020-01-10 06:00:00,6.983818114181415,6.923415277269669
2020-01-10 09:00:00,2020-01-10 09:00:00,5.828571131517902,5.936225671262946
2020-01-10 12:00:00,2020-01-10 12:00:00,5.524791546018117,5.040658871468622
2020-01-10 15:00:00,2020-01-10 15:00:00,5.440764850653668,4.976946783979656
2020-01-10 18:00:00,2020-01-10 18:00:00,5.342553746554852,4.80544226791244
2020-01-10 21:00:00,2020-01-10 21:00:00,5.106897392371722,5.290010505355895
2020-01-11 00:00:00,2020-01-11 00:00:00,6.265625910688496,5.140061406447785
2020-01-11 03:00:00,2020-01-11 03:00:00,6.361233976846791,5.9310747594281565
2020-01-11 06:00:00,2020-01-11 06:00:00,6.218313620840861,5.942533882916905
2020-01-11 09:00:00,2020-01-11 09:00:00,5.969608220551424,5.347411614260636
2020-01-11 12:00:00,2020-01-11 12:00:00,6.3082983036073115,5.7124410612741485
2020-01-11 15:00:00,2020-01-11 15:00:00,7.2597819346139465,6.053543507121503
2020-01-11 18:00:00,2020-01-11 18:00:00,6.3271366245711285,4.871683890116401
2020-01-11 21:00:00,2020-01-11 21:00:00,6.762175633533858,5.179816201445647
2020-01-12 00:00:00,2020-01-12 00:00:00,6.408213685637222,6.237595497514121
2020-01-12 03:00:00,2020-01-12 03:00:00,7.593907439559381,7.050495048519224
2020-01-12 06:00:00,2020-01-12 06:00:00,7.186168475989437,7.333212623823783
2020-01-12 09:00:00,2020-01-12 09:00:00,6.732264400089201,7.215101321722614
2020-01-12 12:00:00,2020-01-12 12:00:00,6.716440606755298,6.518582429271191
2020-01-12 15:00:00,2020-01-12 15:00:00,6.7440836069236605,5.818774395273067
2020-01-12 18:00:00,2020-01-12 18:00:00,7.626077008672982,5.9996705991216
2020-01-12 21:00:00,2020-01-12 21:00:00,8.195235016561663,6.58485988463508
2020-01-13 00:00:00,2020-01-13 00:00:00,8.643287815225811,7.444020773342345
2020-01-13 03:00:00,2020-01-13 03:00:00,9.736759731854375,8.274876431329176
2020-01-13 06:00:00,2020-01-13 06:00:00,9.443935220584324,8.84325499163242
2020-01-13 09:00:00,2020-01-13 09:00:00,9.492762353934614,8.76509812893346
2020-01-13 12:00:00,2020-01-13 12:00:00,7.542780990484197,8.794267339166254
2020-01-13 15:00:00,2020-01-13 15:00:00,8.002870574022994,8.79682493006112
2020-01-13 18:00:00,2020-01-13 18:00:00,8.24529138259932,8.403361398610286
2020-01-13 21:00:00,2020-01-13 21:00:00,9.06187771803658,8.569178130244836
2020-01-14 00:00:00,2020-01-14 00:00:00,8.867422693176794,8.861135723185726
2020-01-14 03:00:00,2020-01-14 03:00:00,8.464833464131786,7.6019623495521955
2020-01-14 06:00:00,2020-01-14 06:00:00,7.99957155305523,7.190643027657643
2020-01-14 09:00:00,2020-01-14 09:00:00,7.590520157469833,6.595155843999237
2020-01-14 12:00:00,2020-01-14 12:00:00,6.35054802569078,6.101264472701587
2020-01-14 15:00:00,2020-01-14 15:00:00,6.8317652870266246,5.752271879726322
2020-01-14 18:00:00,2020-01-14 18:00:00,6.4385818462711475,5.270179862738587
2020-01-14 21:00:00,2020-01-14 21:00:00,5.970942487966506,4.560832098184619
2020-01-15 00:00:00,2020-01-15 00:00:00,5.878615327064551,4.279983669403009
2020-01-15 03:00:00,2020-01-15 03:00:00,6.845489597024311,5.301191299484344
2020-01-15 06:00:00,2020-01-15 06:00:00,8.653575092670463,6.530724725802429
2020-01-15 09:00:00,2020-01-15 09:00:00,9.061408128351799,7.830190309905447
2020-01-15 12:00:00,2020-01-15 12:00:00,8.299534124273615,8.129868085321505
2020-01-15 15:00:00,2020-01-15 15:00:00,7.711806332745318,7.533925270836335
2020-01-15 18:00:00,2020-01-15 18:00:00,7.757734617116618,6.746182183385827
2020-01-15 21:00:00,2020-01-15 21:00:00,8.390842336527362,7.441807410097681
2020-01-16 00:00:00,2020-01-16 00:00:00,8.223834196362885,6.541378992114915
2020-01-16 03:00:00,2020-01-16 03:00:00,8.590461672502313,7.882936402922496
2020-01-16 06:00:00,2020-01-16 06:00:00,8.808946327216757,7.736676806845935
2020-01-16 09:00:00,2020-01-16 09:00:00,7.34527041448061,7.477942184195854
2020-01-16 12:00:00,2020-01-16 12:00:00,6.7354437679431065,6.543109675985761
2020-01-16 15:00:00,2020-01-16 15:00:00,5.687749677393818,7.034273392848263
2020-01-16 18:00:00,2020-01-16 18:00:00,5.651626530773214,7.320353071787395
2020-01-16 21:00:00,2020-01-16 21:00:00,6.686336878240959,7.197648034954909
2020-01-17 00:00:00,2020-01-17 00:00:00,6.187991397406123,6.980883796350099
2020-01-17 03:00:00,2020-01-17 03:00:00,7.427456173929222,7.887855260283686
2020-01-17 06:00:00,2020-01-17 06:00:00,7.953715986683601,8.692489036591724
2020-01-17 09:00:00,2020-01-17 09:00:00,8.612087578590335,8.498590285133105
2020-01-17 12:00:00,2020-01-17 12:00:00,7.04389814272754,8.15455108997412
2020-01-17 15:00:00,2020-01-17 15:00:00,7.767012454970851,7.095902806671802
2020-01-17 18:00:00,2020-01-17 18:00:00,6.996584533996169,6.647461432847194
2020-01-17 21:00:00,2020-01-17 21:00:00,6.012581949187276,6.018517482210882
2020-01-18 00:00:00,2020-01-18 00:00:00,5.415161790634648,5.800170702917967
2020-01-18 03:00:00,2020-01-18 03:00:00,4.811667563802652,5.026091537089087
2020-01-18 06:00:00,2020-01-18 06:00:00,4.558885768161208,4.189570587535854
2020-01-18 09:00:00,2020-01-18 09:00:00,4.02845222517932,4.955591870006174
2020-01-18 12:00:00,2020-01-18 12:00:00,4.197099106496584,4.705251197214238
2020-01-18 15:00:00,2020-01-18 15:00:00,4.972921126161528,4.84727594332071
2020-01-18 18:00:00,2020-01-18 18:00:00,3.4120202522050014,4.159538356791018
2020-01-18 21:00:00,2020-01-18 21:00:00,3.0934416975977785,3.1072848011972383
2020-01-19 00:00:00,2020-01-19 00:00:00,2.7628293932240844,1.6177651242469437
2020-01-19 03:00:00,2020-01-19 03:00:00,2.9272282102824114,1.935137781954836
2020-01-19 06:00:00,2020-01-19 06:00:00,2.984490073615665,1.4462760259048082
2020-01-19 09:00:00,2020-01-19 09:00:00,2.840785216909835,1.6721800363447983
2020-01-19 12:00:00,2020-01-19 12:00:00,1.460843369518403,0.43653645110316575
2020-01-19 15:00:00,2020-01-19 15:00:00,2.3672652226435353,1.2936746759223752
2020-01-19 18:00:00,2020-01-19 18:00:00,3.177559534155875,2.819290141458623
2020-01-19 21:00:00,2020-01-19 21:00:00,4.56972563685589,3.7061703663202934
2020-01-20 00:00:00,2020-01-20 00:00:00,4.574863308276577,4.40741713863099
2020-01-20 03:00:00,2020-01-20 03:00:00,5.001562107885107,3.8537734593555797
2020-01-20 06:00:00,2020-01-20 06:00:00,5.090269943030198,4.071204379550181
2020-01-20 09:00:00,2020-01-20 09:00:00,5.286572198282128,4.081822314590681
2020-01-20 12:00:00,2020-01-20 12:00:00,5.691186387688028,4.059828129364178
2020-01-20 15:00:00,2020-01-20 15:00:00,5.565622278417543,4.7097344365902245
2020-01-20 18:00:00,2020-01-20 18:00:00,6.206329017299368,4.269610317540355
2020-01-20 21:00:00,2020-01-20 21:00:00,5.856111888906002,4.702451094286516
2020-01-21 00:00:00,2020-01-21 00:00:00,6.253383100512811,4.895472037431318
2020-01-21 03:00:00,2020-01-21 03:00:00,6.061642666876895,4.3439260951709
2020-01-21 06:00:00,2020-01-21 06:00:00,6.348367217247087,4.992737729742657
2020-01-21 09:00:00,2020-01-21 09:00:00,5.923214281577253,4.299854559707455
2020-01-21 12:00:00,2020-01-21 12:00:00,5.162010487499217,3.4263838750775903
2020-01-21 15:00:00,2020-01-21 15:00:00,4.467929310900613,3.171608582139015
2020-01-21 18:00:00,2020-01-21 18:00:00,4.53437814144132,3.344092672225088
2020-01-21 21:00:00,2020-01-21 21:00:00,5.139382897952374,3.535268761042971
2020-01-22 00:00:00,2020-01-22 00:00:00,4.089585904272153,2.8295512467448134
2020-01-22 03:00:00,2020-01-22 03:00:00,4.393336888365094,2.026516274214373
2020-01-22 06:00:00,2020-01-22 06:00:00,3.4848287643520024,1.4810913646942936
2020-01-22 09:00:00,2020-01-22 09:00:00,3.7508212377104004,1.7815652222489007
2020-01-22 12:00:00,2020-01-22 12:00:00,3.1603299786892687,1.8962216151121538
2020-01-22 15:00:00,2020-01-22 15:00:00,4.027489306179816,2.2670805712405127
2020-01-22 18:00:00,2020-01-22 18:00:00,3.591995064094657,2.5234111418249086
2020-01-22 21:00:00,2020-01-22 21:00:00,3.583333024477961,3.1919970755116083
2020-01-23 00:00:00,2020-01-23 00:00:00,4.455372458944416,3.475305153056979
2020-01-23 03:00:00,2020-01-23 03:00:00,4.174989515814754,3.4677077089436352
2020-01-23 06:00:00,2020-01-23 06:00:00,3.85308620342286,2.4897097341017798
2020-01-23 09:00:00,2020-01-23 09:00:00,4.092838959442537,2.8055831863894127
2020-01-23 12:00:00,2020-01-23 12:00:00,3.505785252724227,2.4677533159265295
2020-01-23 15:00:00,2020-01-23 15:00:00,3.6470485916783417,2.795602379483171
2020-01-23 18:00:00,2020-01-23 18:00:00,3.1643274676407565,2.4455869100347627
2020-01-23 21:00:00,2020-01-23 21:00:00,2.809759969746429,2.1644595549441874
2020-01-24 00:00:00,2020-01-24 00:00:00,2.5954790827714507,1.786300589214079
2020-01-24 03:00:00,2020-01-24 03:00:00,3.910746796562794,2.176631174166687
2020-01-24 06:00:00,2020-01-24 06:00:00,2.246573871600279,1.858894945238717
2020-01-24 09:00:00,2020-01-24 09:00:00,2.071459521911169,2.0764905998366885
2020-01-24 12:00:00,2020-01-24 12:00:00,1.924692777995179,2.371288320166059
2020-01-24 15:00:00,2020-01-24 15:00:00,2.849884665994972,2.535666263778694
2020-01-24 18:00:00,2020-01-24 18:00:00,2.3739090905902587,3.1319715441204607
2020-01-24 21:00:00,2020-01-24 21:00:00,3.102734663966974,4.072883693268523
2020-01-25 00:00:00,2020-01-25 00:00:00,3.3152152672184805,4.310575435636565
2020-01-25 03:00:00,2020-01-25 03:00:00,3.1653573526506307,3.616032609861577
2020-01-25 06:00:00,2020-01-25 06:00:00,3.0533891491637632,3.3803039057238493
2020-01-25 09:00:00,2020-01-25 09:00:00,3.2827775572069164,3.239597379579209
2020-01-25 12:00:00,2020-01-25 12:00:00,3.4752312503302267,2.7392677871976048
2020-01-25 15:00:00,2020-01-25 15:00:00,3.738191787008738,3.0773098987992853
2020-01-25 18:00:00,2020-01-25 18:00:00,4.074103520269969,3.7643040733528323
2020-01-25 21:00:00,2020-01-25 21:00:00,3.7693058909489943,3.8159197968197986
2020-01-26 00:00:00,2020-01-26 00:00:00,4.232805434349362,4.5675732482923195
2020-01-26 03:00:00,2020-01-26 03:00:00,4.828789398265681,4.8709277919260785
2020-01-26 06:00:00,2020-01-26 06:00:00,5.935008227662465,5.293343039054889
2020-01-26 09:00:00,2020-01-26 09:00:00,6.655763959894652,6.478763063903898
2020-01-26 12:00:00,2020-01-26 12:00:00,7.6187787936525355,6.920394381508231
2020-01-26 15:00:00,2020-01-26 15:00:00,8.73678189943417,8.776142000337131
2020-01-26 18:00:00,2020-01-26 18:00:00,9.483600390775967,9.314071809290908
2020-01-26 21:00:00,2020-01-26 21:00:00,10.66374408291918,10.414288795669563
2020-01-27 00:00:00,2020-01-27 00:00:00,10.036706287194837,9.881366531539243
2020-01-27 03:00:00,2020-01-27 03:00:00,9.929050518322365,8.742597506206948
2020-01-27 06:00:00,2020-01-27 06:00:00,8.860442328991207,8.096557678189129
2020-01-27 09:00:00,2020-01-27 09:00:00,5.184628467334312,5.712147983664181
2020-01-27 12:00:00,2020-01-27 12:00:00,4.852084471844301,2.9200336419744417
2020-01-27 15:00:00,2020-01-27 15:00:00,3.0871979635153934,2.2351329299854115
2020-01-27 18:00:00,2020-01-27 18:00:00,3.366573266650207,2.403345306403935
2020-01-27 21:00:00,2020-01-27 21:00:00,2.4715355177232876,2.249405160546303
2020-01-28 00:00:00,2020-01-28 00:00:00,2.026502925703896,1.8605016195215285
2020-01-28 03:00:00,2020-01-28 03:00:00,2.609904535966312,1.300713213335257
2020-01-28 06:00:00,2020-01-28 06:00:00,2.341752994256383,1.497501058911439
2020-01-28 09:00:00,2020-01-28 09:00:00,2.3004193490990734,1.4780555287143216
2020-01-28 12:00:00,2020-01-28 12:00:00,3.6139484914383857,1.8015874882694334
2020-01-28 15:00:00,2020-01-28 15:00:00,4.647256560726067,3.0171117046265863
2020-01-28 18:00:00,2020-01-28 18:00:00,5.7297937283260305,4.610042886692099
2020-01-28 21:00:00,2020-01-28 21:00:00,6.0165099381519385,4.836461193335708
2020-01-29 00:00:00,2020-01-29 00:00:00,5.170818370869542,4.094092557905242
2020-01-29 03:00:00,2020-01-29 03:00:00,4.278044235590984,3.806546291045379
2020-01-29 06:00:00,2020-01-29 06:00:00,5.180538768607039,3.4641702426597476
2020-01-29 09:00:00,2020-01-29 09:00:00,2.1351721934416665,1.8802888302016072
2020-01-29 12:00:00,2020-01-29 12:00:00,3.865852982370345,2.3496948875763337
2020-01-29 15:00:00,2020-01-29 15:00:00,5.2082559283412015,4.222863349117688
2020-01-29 18:00:00,2020-01-29 18:00:00,6.653983760437718,5.896100708923768
2020-01-29 21:00:00,2020-01-29 21:00:00,9.945362022718358,7.942372754856478
2020-01-30 00:00:00,2020-01-30 00:00:00,10.307831154802344,9.101445330365095
2020-01-30 03:00:00,2020-01-30 03:00:00,9.36648471718208,8.1245645879535
2020-01-30 06:00:00,2020-01-30 06:00:00,8.993033220744119,8.110701846831944
2020-01-30 09:00:00,2020-01-30 09:00:00,10.53829077364853,10.126882231037598
2020-01-30 12:00:00,2020-01-30 12:00:00,8.960093050326106,8.630516290897503
2020-01-30 15:00:00,2020-01-30 15:00:00,7.778296144260721,7.270322294323705
2020-01-30 18:00:00,2020-01-30 18:00:00,4.9576192671489165,4.886049673164962
2020-01-30 21:00:00,2020-01-30 21:00:00,2.952042696921843,3.75327716069296
2020-01-31 00:00:00,2020-01-31 00:00:00,0.6844699834915783,1.7633541636168957
2020-01-31 03:00:00,2020-01-31 03:00:00,3.4780312730930873,1.3375979117117822
2020-01-31 06:00:00,2020-01-31 06:00:00,6.060281698882985,4.0877531913574785
2020-01-31 09:00:00,2020-01-31 09:00:00,7.999458615011545,6.44727787328884
2020-01-31 12:00:00,2020-01-31 12:00:00,9.635036368197888,8.597672773932572
2020-01-31 15:00:00,2020-01-31 15:00:00,7.388743710644607,7.556203868007287
2020-01-31 18:00:00,2020-01-31 18:00:00,8.287517131467387,4.887545579345897
2020-01-31 21:00:00,2020-01-31 21:00:00,7.934582332094968,6.241709452238865
2020-02-01 00:00:00,2020-02-01 00:00:00,3.747948831270207,6.08982017217204
2020-02-01 03:00:00,2020-02-01 03:00:00,14.937513236614675,11.668313624511939
2020-02-01 06:00:00,2020-02-01 06:00:00,15.115745980617875,15.26262959674932
2020-02-01 09:00:00,2020-02-01 09:00:00,13.313491785986171,12.618741274171043
2020-02-01 12:00:00,2020-02-01 12:00:00,10.633725078123812,9.934982978797052
2020-02-01 15:00:00,2020-02-01 15:00:00,8.124494272962346,7.56376708089374
2020-02-01 18:00:00,2020-02-01 18:00:00,6.116654207181725,5.843876913218992
2020-02-01 21:00:00,2020-02-01 21:00:00,3.142549314876414,3.176121650962159
2020-02-02 00:00:00,2020-02-02 00:00:00,2.612026853945132,2.049209161865292
2020-02-02 03:00:00,2020-02-02 03:00:00,4.3574035484772375,2.7297566711495165
2020-02-02 06:00:00,2020-02-02 06:00:00,6.222365528019846,5.177148575370666
2020-02-02 09:00:00,2020-02-02 09:00:00,7.6546976725999265,6.926789415767416
2020-02-02 12:00:00,2020-02-02 12:00:00,7.019382525257201,4.9400527911493555
2020-02-02 15:00:00,2020-02-02 15:00:00,5.47221383403221,4.721358162991237
2020-02-02 18:00:00,2020-02-02 18:00:00,6.606408641637455,4.490436384963687
2020-02-02 21:00:00,2020-02-02 21:00:00,9.245984008080887,6.406932606128976
2020-02-03 00:00:00,2020-02-03 00:00:00,9.198086974420564,7.704079818504397
2020-02-03 03:00:00,2020-02-03 03:00:00,8.67673039791591,7.827590399858309
2020-02-03 06:00:00,2020-02-03 06:00:00,6.4971573225930355,6.139908696524799
2020-02-03 09:00:00,2020-02-03 09:00:00,6.573348166232585,4.443015496013686
2020-02-03 12:00:00,2020-02-03 12:00:00,8.310850332650764,8.375848599593155
2020-02-03 15:00:00,2020-02-03 15:00:00,8.897145542895709,8.217142418317962
2020-02-03 18:00:00,2020-02-03 18:00:00,9.10927308725549,8.445906516106334
2020-02-03 21:00:00,2020-02-03 21:00:00,8.80748123806462,7.8318119730683975
2020-02-04 00:00:00,2020-02-04 00:00:00,8.437134017940068,7.896596598089673
2020-02-04 03:00:00,2020-02-04 03:00:00,7.533380428331674,6.630861005745828
2020-02-04 06:00:00,2020-02-04 06:00:00,6.1218276186996095,5.072238963795826
2020-02-04 09:00:00,2020-02-04 09:00:00,5.320193307679385,4.5930426170816645
2020-02-04 12:00:00,2020-02-04 12:00:00,5.264826884071007,3.898567931726575
2020-02-04 15:00:00,2020-02-04 15:00:00,4.679422925070592,3.3783106909831986
2020-02-04 18:00:00,2020-02-04 18:00:00,4.679627268883261,3.076098849065602
2020-02-04 21:00:00,2020-02-04 21:00:00,4.420476444728005,3.159700905205682
2020-02-05 00:00:00,2020-02-05 00:00:00,5.22475868224213,4.102174749888945
2020-02-05 03:00:00,2020-02-05 03:00:00,5.099045977792737,4.562914745270973
2020-02-05 06:00:00,2020-02-05 06:00:00,6.564617524781741,5.1184984794817865
2020-02-05 09:00:00,2020-02-05 09:00:00,6.778938014167362,5.2108162509975955
2020-02-05 12:00:00,2020-02-05 12:00:00,5.33109270886868,4.8883719785371795
2020-02-05 15:00:00,2020-02-05 15:00:00,7.106313035076552,5.604682852426777
2020-02-05 18:00:00,2020-02-05 18:00:00,5.303866291032938,5.55735412996728
2020-02-05 21:00:00,2020-02-05 21:00:00,4.67103952269802,3.6671087705763057
2020-02-06 00:00:00,2020-02-06 00:00:00,4.715179593829416,2.299586327862926
2020-02-06 03:00:00,2020-02-06 03:00:00,4.686534949998624,2.791743128618691
2020-02-06 06:00:00,2020-02-06 06:00:00,4.815501177828293,3.365296919015236
2020-02-06 09:00:00,2020-02-06 09:00:00,6.284924303404125,3.3970967527129687
2020-02-06 12:00:00,2020-02-06 12:00:00,6.032761589409122,3.2839243959169835
2020-02-06 15:00:00,2020-02-06 15:00:00,4.568827050079194,4.299555913719814
2020-02-06 18:00:00,2020-02-06 18:00:00,4.560132349863481,4.735394360963255
2020-02-06 21:00:00,2020-02-06 21:00:00,4.261864226493881,4.4495388908544555
2020-02-07 00:00:00,2020-02-07 00:00:00,4.657126669401418,4.640137938025873
2020-02-07 03:00:00,2020-02-07 03:00:00,3.496401824735566,4.264775090123294
2020-02-07 06:00:00,2020-02-07 06:00:00,3.085770340996842,2.84643101884285
2020-02-07 09:00:00,2020-02-07 09:00:00,2.7868064352079114,2.5260379905812442
2020-02-07 12:00:00,2020-02-07 12:00:00,2.652742131093515,2.1969867727020755
2020-02-07 15:00:00,2020-02-07 15:00:00,1.210928028062377,1.6000882018415723
2020-02-07 18:00:00,2020-02-07 18:00:00,2.1482635626859925,2.3458547053451184
2020-02-07 21:00:00,2020-02-07 21:00:00,2.4248852162296237,1.1036239312961698
2020-02-08 00:00:00,2020-02-08 00:00:00,2.043988196161377,2.142933803726919
2020-02-08 03:00:00,2020-02-08 03:00:00,2.126537502158142,1.5316630320157856
2020-02-08 06:00:00,2020-02-08 06:00:00,3.0354615277623567,2.2156270818668418
2020-02-08 09:00:00,2020-02-08 09:00:00,2.549893368752335,2.0813722767925356
2020-02-08 12:00:00,2020-02-08 12:00:00,3.318128068191129,1.9341415629023686
2020-02-08 15:00:00,2020-02-08 15:00:00,4.270025337641905,3.7236922866431996
2020-02-08 18:00:00,2020-02-08 18:00:00,4.605899420324508,4.5826723976642825
2020-02-08 21:00:00,2020-02-08 21:00:00,4.895135532507414,4.752894991310313
2020-02-09 00:00:00,2020-02-09 00:00:00,4.71823807449528,4.791159783490002
2020-02-09 03:00:00,2020-02-09 03:00:00,5.649003187508847,4.626329433260253
2020-02-09 06:00:00,2020-02-09 06:00:00,6.136448824592974,4.86007444182178
2020-02-09 09:00:00,2020-02-09 09:00:00,6.435303820980605,5.168165722629055
2020-02-09 12:00:00,2020-02-09 12:00:00,4.958865869759866,5.1775260278373025
2020-02-09 15:00:00,2020-02-09 15:00:00,5.19343208027126,5.581139044603333
2020-02-09 18:00:00,2020-02-09 18:00:00,6.815337997159202,5.792167550884187
2020-02-09 21:00:00,2020-02-09 21:00:00,5.650395483840732,4.327654087450355
2020-02-10 00:00:00,2020-02-10 00:00:00,6.535568380953097,5.049348858534358
2020-02-10 03:00:00,2020-02-10 03:00:00,5.795166324443137,4.593127494648797
2020-02-10 06:00:00,2020-02-10 06:00:00,6.726644055069044,4.275284213304985
2020-02-10 09:00:00,2020-02-10 09:00:00,6.845741771624451,4.465242066886276
2020-02-10 12:00:00,2020-02-10 12:00:00,6.876698117505676,5.232950645906385
2020-02-10 15:00:00,2020-02-10 15:00:00,7.303120902407952,6.637274166685529
2020-02-10 18:00:00,2020-02-10 18:00:00,7.41405750673703,5.694954552513082
2020-02-10 21:00:00,2020-02-10 21:00:00,6.18471011792452,6.187380865216255
2020-02-11 00:00:00,2020-02-11 00:00:00,6.8306733691394905,5.212034665746614
2020-02-11 03:00:00,2020-02-11 03:00:00,6.540311649295481,5.2317971753655
2020-02-11 06:00:00,2020-02-11 06:00:00,6.53579154858842,4.935458176769316
2020-02-11 09:00:00,2020-02-11 09:00:00,6.348027670149501,4.81193662120495
2020-02-11 12:00:00,2020-02-11 12:00:00,6.754895860866757,5.1982135936268605
2020-02-11 15:00:00,2020-02-11 15:00:00,6.244505940178997,5.262451716582291
2020-02-11 18:00:00,2020-02-11 18:00:00,6.374798599298238,5.239266042364761
2020-02-11 21:00:00,2020-02-11 21:00:00,7.545188278788282,5.8313514149340335
2020-02-12 00:00:00,2020-02-12 00:00:00,6.477403217827354,5.957707291236147
2020-02-12 03:00:00,2020-02-12 03:00:00,7.08346767144075,5.910520870704204
2020-02-12 06:00:00,2020-02-12 06:00:00,8.25366583931538,6.919506509671919
2020-02-12 09:00:00,2020-02-12 09:00:00,8.570701536244675,7.5882817638339475
2020-02-12 12:00:00,2020-02-12 12:00:00,8.823669986705273,7.560534873337019
2020-02-12 15:00:00,2020-02-12 15:00:00,9.539511794530855,8.541219131206162
2020-02-12 18:00:00,2020-02-12 18:00:00,10.676591841165694,9.073175950208679
2020-02-12 21:00:00,2020-02-12 21:00:00,10.602559638074583,9.340155685553327
2020-02-13 00:00:00,2020-02-13 00:00:00,10.181305883301063,9.436612571123987
2020-02-13 03:00:00,2020-02-13 03:00:00,12.2908096285191,8.883196966373362
2020-02-13 06:00:00,,,
2020-02-13 09:00:00,2020-02-13 09:00:00,11.480085268149523,10.516317967150826
2020-02-13 12:00:00,2020-02-13 12:00:00,12.30486185136588,10.366714484407566
2020-02-13 15:00:00,2020-02-13 15:00:00,13.110542419168652,11.69403596239863
2020-02-13 18:00:00,2020-02-13 18:00:00,13.059484092111312,11.587932763970457
2020-02-13 21:00:00,2020-02-13 21:00:00,11.393419979728316,10.375867234019097
2020-02-14 00:00:00,2020-02-14 00:00:00,10.279766156602735,10.071734945871867
2020-02-14 03:00:00,2020-02-14 03:00:00,8.65481239354906,9.227557987323962
2020-02-14 06:00:00,2020-02-14 06:00:00,5.643444977975207,7.128535851719789
2020-02-14 09:00:00,2020-02-14 09:00:00,1.7804581039633238,4.146695008530514
2020-02-14 12:00:00,2020-02-14 12:00:00,3.336787291355255,1.5749114610953256
2020-02-14 15:00:00,2020-02-14 15:00:00,4.22014275368035,4.008549788733944
2020-02-14 18:00:00,2020-02-14 18:00:00,3.0282616732156957,4.322609283961356
2020-02-14 21:00:00,2020-02-14 21:00:00,2.751390389424561,3.3257463717018254
2020-02-15 00:00:00,2020-02-15 00:00:00,3.274239353553995,2.538000099535566
2020-02-15 03:00:00,2020-02-15 03:00:00,3.4976104145215516,3.0374085966032
2020-02-15 06:00:00,2020-02-15 06:00:00,2.9839975914267938,3.4500305445399135
2020-02-15 09:00:00,2020-02-15 09:00:00,3.406925923262212,3.712796193838585
2020-02-15 12:00:00,2020-02-15 12:00:00,3.9993008187504278,2.3177502641046885
2020-02-15 15:00:00,2020-02-15 15:00:00,3.814624235280044,3.2454296050127596
2020-02-15 18:00:00,2020-02-15 18:00:00,3.059679580344703,3.7624763367930427
2020-02-15 21:00:00,2020-02-15 21:00:00,3.7645374377054783,3.3724634998943657
2020-02-16 00:00:00,2020-02-16 00:00:00,3.156386416595884,3.2765752363484353
2020-02-16 03:00:00,2020-02-16 03:00:00,3.5943677910118352,3.4009969602921046
2020-02-16 06:00:00,2020-02-16 06:00:00,3.793695307260428,4.181614051689394
2020-02-16 09:00:00,2020-02-16 09:00:00,5.407851567158867,4.349031793419272
2020-02-16 12:00:00,2020-02-16 12:00:00,5.894507683226766,4.403162833012175
2020-02-16 15:00:00,2020-02-16 15:00:00,3.757290499928287,4.517484179203166
2020-02-16 18:00:00,2020-02-16 18:00:00,4.898800971557379,4.390385072038043
2020-02-16 21:00:00,2020-02-16 21:00:00,5.447213590972583,5.106031161849387
2020-02-17 00:00:00,2020-02-17 00:00:00,6.317265646002091,5.865357644390315
2020-02-17 03:00:00,2020-02-17 03:00:00,7.194079070809938,5.548938270207145
2020-02-17 06:00:00,2020-02-17 06:00:00,5.7611348041119586,5.360249545366969
2020-02-17 09:00:00,2020-02-17 09:00:00,5.883603084445771,4.781935194681864
2020-02-17 12:00:00,2020-02-17 12:00:00,5.010354453808243,4.5740733880666085
2020-02-17 15:00:00,2020-02-17 15:00:00,5.5386794825811565,4.130824685678817
2020-02-17 18:00:00,2020-02-17 18:00:00,4.968875756586024,4.470046776579693
2020-02-17 21:00:00,2020-02-17 21:00:00,4.372608098829654,4.373186461045407
2020-02-18 00:00:00,2020-02-18 00:00:00,4.348143507853713,4.553171366307652
2020-02-18 03:00:00,2020-02-18 03:00:00,4.445992944647413,5.0459298877976835
2020-02-18 06:00:00,2020-02-18 06:00:00,6.098081347439874,4.7681556138559245
2020-02-18 09:00:00,2020-02-18 09:00:00,7.495001162385069,6.231986769766081
2020-02-18 12:00:00,2020-02-18 12:00:00,8.979598418826603,8.815844283002662
2020-02-18 15:00:00,2020-02-18 15:00:00,7.986135668359146,8.788774835295044
2020-02-18 18:00:00,2020-02-18 18:00:00,9.996543710111316,8.648418962489814
2020-02-18 21:00:00,2020-02-18 21:00:00,9.899886767045508,9.430371556140017
2020-02-19 00:00:00,2020-02-19 00:00:00,10.562640528100923,10.701933657983318
2020-02-19 03:00:00,2020-02-19 03:00:00,12.13734711634161,12.437047381477896
2020-02-19 06:00:00,2020-02-19 06:00:00,13.725884472661129,13.134343767364044
2020-02-19 09:00:00,2020-02-19 09:00:00,13.853762795813518,13.061129936133511
2020-02-19 12:00:00,2020-02-19 12:00:00,12.660876717115544,12.6841769751627
2020-02-19 15:00:00,2020-02-19 15:00:00,11.556665730478185,12.288987883192021
2020-02-19 18:00:00,2020-02-19 18:00:00,11.489138859417702,12.161450701765716
2020-02-19 21:00:00,2020-02-19 21:00:00,10.483513963138211,11.512192865018733
2020-02-20 00:00:00,2020-02-20 00:00:00,9.815994812179916,10.751059283153154
2020-02-20 03:00:00,2020-02-20 03:00:00,10.3068714411789,11.044171789544635
2020-02-20 06:00:00,2020-02-20 06:00:00,9.736836879065665,10.557453488581814
2020-02-20 09:00:00,2020-02-20 09:00:00,10.280121239993976,10.195545331574976
2020-02-20 12:00:00,2020-02-20 12:00:00,9.816948071506962,10.573640469810925
2020-02-20 15:00:00,2020-02-20 15:00:00,10.02768424266947,11.573393522179686
2020-02-20 18:00:00,2020-02-20 18:00:00,12.33209246881358,10.675464631989598
2020-02-20 21:00:00,2020-02-20 21:00:00,7.4349077226422535,7.748156185843982
2020-02-21 00:00:00,2020-02-21 00:00:00,8.999787033292131,7.660432476084679
2020-02-21 03:00:00,2020-02-21 03:00:00,8.587927285090528,9.339286087197252
2020-02-21 06:00:00,2020-02-21 06:00:00,9.270885552609684,8.730865131656174
2020-02-21 09:00:00,2020-02-21 09:00:00,9.798168012225345,9.22714657150209
2020-02-21 12:00:00,2020-02-21 12:00:00,9.087283092550804,9.971430157660507
2020-02-21 15:00:00,2020-02-21 15:00:00,10.752074599361585,11.50247560243588
2020-02-21 18:00:00,2020-02-21 18:00:00,11.859821434414366,12.120131941162981
2020-02-21 21:00:00,2020-02-21 21:00:00,11.846215515719694,11.838328145735431
2020-02-22 00:00:00,2020-02-22 00:00:00,10.234179180842597,11.197014726814814
2020-02-22 03:00:00,2020-02-22 03:00:00,9.42245220031029,10.20913268532604
2020-02-22 06:00:00,2020-02-22 06:00:00,7.800283230765829,8.331188308889978
2020-02-22 09:00:00,2020-02-22 09:00:00,5.656765399353792,6.992643083591247
2020-02-22 12:00:00,2020-02-22 12:00:00,6.975021200503899,6.223908956890227
2020-02-22 15:00:00,2020-02-22 15:00:00,5.559263513842642,5.721529087400995
2020-02-22 18:00:00,2020-02-22 18:00:00,6.706675475940134,5.876884945551865
2020-02-22 21:00:00,2020-02-22 21:00:00,7.85231688496138,6.718419767013984
2020-02-23 00:00:00,2020-02-23 00:00:00,7.025816039338661,6.967968964483589
2020-02-23 03:00:00,2020-02-23 03:00:00,7.279954227366614,6.660760395170655
2020-02-23 06:00:00,2020-02-23 06:00:00,7.128335999142233,7.33877358189784
2020-02-23 09:00:00,2020-02-23 09:00:00,6.650253696187491,7.605180862010457
2020-02-23 12:00:00,2020-02-23 12:00:00,8.530649744688082,7.438367270689923
2020-02-23 15:00:00,2020-02-23 15:00:00,7.750828183939493,8.185220686893445
2020-02-23 18:00:00,2020-02-23 18:00:00,8.554200855041111,8.660689073207323
2020-02-23 21:00:00,2020-02-23 21:00:00,8.573262413076783,8.677441616542637
2020-02-24 00:00:00,2020-02-24 00:00:00,9.791209037833008,9.164823035651352
2020-02-24 03:00:00,2020-02-24 03:00:00,9.957482726537537,9.512084460351616
2020-02-24 06:00:00,2020-02-24 06:00:00,11.550220465696592,9.932978759577964
2020-02-24 09:00:00,2020-02-24 09:00:00,12.83468572704413,10.99889483768493
2020-02-24 12:00:00,2020-02-24 12:00:00,13.052209669780082,11.460134406166617
2020-02-24 15:00:00,2020-02-24 15:00:00,12.779426042106477,11.972012505138991
2020-02-24 18:00:00,2020-02-24 18:00:00,12.683421375839243,12.012774371018168
2020-02-24 21:00:00,2020-02-24 21:00:00,13.265270769147534,11.763701965333894
2020-02-25 00:00:00,2020-02-25 00:00:00,13.219061332068508,11.905051882262342
2020-02-25 03:00:00,2020-02-25 03:00:00,12.891754090689547,12.150033646612428
2020-02-25 06:00:00,2020-02-25 06:00:00,12.8097140653866,12.078144205966964
2020-02-25 09:00:00,2020-02-25 09:00:00,12.076760193970399,12.203513193904655
2020-02-25 12:00:00,2020-02-25 12:00:00,11.592586525960746,11.65985829278361
2020-02-25 15:00:00,2020-02-25 15:00:00,10.953332420175522,10.917862254544161
2020-02-25 18:00:00,2020-02-25 18:00:00,11.22193248080527,10.071961926587392
2020-02-25 21:00:00,2020-02-25 21:00:00,10.49531726915618,10.225070695043541
2020-02-26 00:00:00,2020-02-26 00:00:00,9.9771555810088,9.412819646880962
2020-02-26 03:00:00,2020-02-26 03:00:00,9.051159579487843,8.957726668566465
2020-02-26 06:00:00,2020-02-26 06:00:00,9.355987188924543,8.745313858846202
2020-02-26 09:00:00,2020-02-26 09:00:00,9.245773416322924,8.436257373308763
2020-02-26 12:00:00,2020-02-26 12:00:00,8.764861902991235,7.96172390866559
2020-02-26 15:00:00,2020-02-26 15:00:00,8.224054140939094,7.539280985671212
2020-02-26 18:00:00,2020-02-26 18:00:00,7.860561658040241,7.57903825934045
2020-02-26 21:00:00,2020-02-26 21:00:00,7.168114555294871,6.903562100662384
2020-02-27 00:00:00,2020-02-27 00:00:00,6.712107102995319,6.713529365719296
2020-02-27 03:00:00,2020-02-27 03:00:00,6.431186778472441,6.402552043786272
2020-02-27 06:00:00,2020-02-27 06:00:00,7.181878727632739,6.918721518974053
2020-02-27 09:00:00,2020-02-27 09:00:00,7.164287827484787,7.081752005615272
2020-02-27 12:00:00,2020-02-27 12:00:00,7.650753912483811,6.808657597517595
2020-02-27 15:00:00,2020-02-27 15:00:00,6.973270902105926,7.298452422837727
2020-02-27 18:00:00,2020-02-27 18:00:00,7.100772655072732,6.915770969528239
2020-02-27 21:00:00,2020-02-27 21:00:00,7.0824296999523595,6.86869128793478
2020-02-28 00:00:00,2020-02-28 00:00:00,6.70590205316367,7.346036890667165
2020-02-28 03:00:00,2020-02-28 03:00:00,6.624543774487557,6.599483338766731
2020-02-28 06:00:00,2020-02-28 06:00:00,6.281834466487712,6.027537542278878
2020-02-28 09:00:00,2020-02-28 09:00:00,5.8370499718170334,5.986947383731604
2020-02-28 12:00:00,2020-02-28 12:00:00,5.6101807461658995,5.85041703900788
2020-02-28 15:00:00,2020-02-28 15:00:00,5.372201313825219,5.512190213514259
2020-02-28 18:00:00,2020-02-28 18:00:00,5.391414037365198,5.373302639462054
2020-02-28 21:00:00,2020-02-28 21:00:00,5.179476758489619,5.048498151765671
2020-02-29 00:00:00,,,
2020-02-29 03:00:00,,,
2020-02-29 06:00:00,,,
2020-02-29 09:00:00,,,
2020-02-29 12:00:00,,,
2020-02-29 15:00:00,,,
2020-02-29 18:00:00,,,
2020-02-29 21:00:00,,,
2020-03-01 00:00:00,2020-03-01 00:00:00,3.34102518402517,3.5472829201316927
2020-03-01 03:00:00,2020-03-01 03:00:00,3.4759315784675118,2.3148715289135
2020-03-01 06:00:00,2020-03-01 06:00:00,3.410755648783668,2.44169998873258
2020-03-01 09:00:00,2020-03-01 09:00:00,2.89427085315171,2.398470818065107
2020-03-01 12:00:00,2020-03-01 12:00:00,2.793428864100939,1.8261069164727814
2020-03-01 15:00:00,2020-03-01 15:00:00,2.8642271407892497,1.4395834756141994
2020-03-01 18:00:00,2020-03-01 18:00:00,3.159783647556303,2.1964684369741008
2020-03-01 21:00:00,2020-03-01 21:00:00,2.9672126038295983,1.3941233332734555
2020-03-02 00:00:00,2020-03-02 00:00:00,3.126171028327867,1.3309709433815442
2020-03-02 03:00:00,2020-03-02 03:00:00,2.951306552067667,1.568901923368685
2020-03-02 06:00:00,2020-03-02 06:00:00,3.3154385037444007,1.8553338547353633
2020-03-02 09:00:00,2020-03-02 09:00:00,3.437868038854561,2.2071800786070526
2020-03-02 12:00:00,2020-03-02 12:00:00,3.441694166106165,2.6994134506676346
2020-03-02 15:00:00,2020-03-02 15:00:00,3.4457073361385135,2.79653757129563
2020-03-02 18:00:00,2020-03-02 18:00:00,3.283285937627204,3.358495505992323
2020-03-02 21:00:00,2020-03-02 21:00:00,2.8935582239973243,3.603509216220118
2020-03-03 00:00:00,2020-03-03 00:00:00,2.9985717941822476,2.4598259206977673
2020-03-03 03:00:00,2020-03-03 03:00:00,2.6496192673640016,1.5791952605359256
2020-03-03 06:00:00,2020-03-03 06:00:00,2.900392431469168,1.6692682395223528
2020-03-03 09:00:00,2020-03-03 09:00:00,3.295661142813255,1.7895854718517512
2020-03-03 12:00:00,2020-03-03 12:00:00,3.1143801778045077,1.3625805852934718
2020-03-03 15:00:00,2020-03-03 15:00:00,2.699622328139212,1.452928553102538
2020-03-03 18:00:00,2020-03-03 18:00:00,2.9619610260074034,1.657995403278619
2020-03-03 21:00:00,2020-03-03 21:00:00,2.052339447536657,1.5672287134220824
2020-03-04 00:00:00,2020-03-04 00:00:00,3.07855226469705,1.7054541465477087
2020-03-04 03:00:00,2020-03-04 03:00:00,2.9403698888450727,1.7600219522719271
2020-03-04 06:00:00,2020-03-04 06:00:00,3.2888240304040255,2.203941827872768
2020-03-04 09:00:00,2020-03-04 09:00:00,3.6855404857870746,2.7485490886028856
2020-03-04 12:00:00,2020-03-04 12:00:00,3.5011817604494038,3.1627067963127047
2020-03-04 15:00:00,2020-03-04 15:00:00,3.980712284491494,3.1967866624472663
2020-03-04 18:00:00,2020-03-04 18:00:00,3.875254463293724,3.4211339747562306
2020-03-04 21:00:00,2020-03-04 21:00:00,3.680629958515569,3.413508963654749
2020-03-05 00:00:00,2020-03-05 00:00:00,3.7548982528705,3.0429539962788112
2020-03-05 03:00:00,2020-03-05 03:00:00,3.2212573529091166,2.9682844395865686
2020-03-05 06:00:00,2020-03-05 06:00:00,3.701261134748878,2.680967953725485
2020-03-05 09:00:00,2020-03-05 09:00:00,3.392301590689504,2.400110481015872
2020-03-05 12:00:00,2020-03-05 12:00:00,3.455959351050831,2.261563820473384
2020-03-05 15:00:00,2020-03-05 15:00:00,3.292432145837768,2.6777274264604785
2020-03-05 18:00:00,2020-03-05 18:00:00,3.351798659279329,2.4525275299092755
2020-03-05 21:00:00,2020-03-05 21:00:00,4.2597632410106145,2.8611690937541425
2020-03-06 00:00:00,2020-03-06 00:00:00,4.867313704398323,3.2071810222696513
2020-03-06 03:00:00,2020-03-06 03:00:00,6.178072114199842,5.383896717452444
2020-03-06 06:00:00,2020-03-06 06:00:00,8.463689994493208,7.106128801358864
2020-03-06 09:00:00,2020-03-06 09:00:00,10.834397580549677,8.351414105447475
2020-03-06 12:00:00,2020-03-06 12:00:00,9.65077197528003,9.583039457793348
2020-03-06 15:00:00,2020-03-06 15:00:00,8.321827200180884,9.62775150797097
2020-03-06 18:00:00,2020-03-06 18:00:00,7.876136411557563,8.531912818551064
2020-03-06 21:00:00,2020-03-06 21:00:00,7.309556681059313,8.429867718106834
2020-03-07 00:00:00,2020-03-07 00:00:00,7.828461451816758,8.672205876326188
2020-03-07 03:00:00,2020-03-07 03:00:00,7.925421338815654,9.214162186690373
2020-03-07 06:00:00,2020-03-07 06:00:00,7.912909910768437,8.784789033350535
2020-03-07 09:00:00,2020-03-07 09:00:00,7.228088316819005,8.258029874879867
2020-03-07 12:00:00,2020-03-07 12:00:00,6.801665115902153,7.712567818758544
2020-03-07 15:00:00,2020-03-07 15:00:00,5.831437366102069,5.865935970039573
2020-03-07 18:00:00,2020-03-07 18:00:00,5.832364344713231,5.5749087346484885
2020-03-07 21:00:00,2020-03-07 21:00:00,5.876744708201753,5.42844796164718
2020-03-08 00:00:00,2020-03-08 00:00:00,5.959378678783428,6.068565476802178
2020-03-08 03:00:00,2020-03-08 03:00:00,5.793712217832918,5.169101121777203
2020-03-08 06:00:00,2020-03-08 06:00:00,5.373701756430299,4.430724356498104
2020-03-08 09:00:00,2020-03-08 09:00:00,4.7196659026446826,4.5036378629738465
2020-03-08 12:00:00,2020-03-08 12:00:00,4.77962269976491,5.63948818820063
2020-03-08 15:00:00,2020-03-08 15:00:00,6.729692688163984,5.766960744163953
2020-03-08 18:00:00,2020-03-08 18:00:00,7.881332730476747,6.606280200008769
2020-03-08 21:00:00,2020-03-08 21:00:00,8.257117362226593,8.18507883057464
2020-03-09 00:00:00,2020-03-09 00:00:00,8.505434138004311,9.40471302298829
2020-03-09 03:00:00,2020-03-09 03:00:00,8.888151054175077,10.130977574095596
2020-03-09 06:00:00,2020-03-09 06:00:00,8.930304797844029,10.137963175191544
2020-03-09 09:00:00,2020-03-09 09:00:00,8.779329060339629,9.881127913948148
2020-03-09 12:00:00,2020-03-09 12:00:00,8.015548982305882,9.735674036550336
2020-03-09 15:00:00,2020-03-09 15:00:00,9.052805374755577,10.049954336020164
2020-03-09 18:00:00,2020-03-09 18:00:00,9.012927577761907,9.914345028460957
2020-03-09 21:00:00,2020-03-09 21:00:00,9.14899863154549,9.604960497905267
2020-03-10 00:00:00,2020-03-10 00:00:00,9.367237686722055,9.43869038077537
2020-03-10 03:00:00,2020-03-10 03:00:00,9.892825667439238,10.055107120308094
2020-03-10 06:00:00,2020-03-10 06:00:00,9.632625247172617,10.26048888801597
2020-03-10 09:00:00,2020-03-10 09:00:00,9.600690538867964,10.340449673705734
2020-03-10 12:00:00,2020-03-10 12:00:00,10.208009551635095,9.983612051000819
2020-03-10 15:00:00,2020-03-10 15:00:00,9.229192166856507,8.76356249168748
2020-03-10 18:00:00,2020-03-10 18:00:00,8.712082243616862,8.178049943991937
2020-03-10 21:00:00,2020-03-10 21:00:00,6.759109942114146,6.244588167639449
2020-03-11 00:00:00,2020-03-11 00:00:00,5.421005628084605,4.067079116532113
2020-03-11 03:00:00,2020-03-11 03:00:00,3.436034171586602,2.467190005350858
2020-03-11 06:00:00,2020-03-11 06:00:00,2.6281771477442954,3.233082598191686
2020-03-11 09:00:00,2020-03-11 09:00:00,4.3640503063471945,4.65819936740445
2020-03-11 12:00:00,2020-03-11 12:00:00,6.0259752868959175,6.047302715596743
2020-03-11 15:00:00,,,
2020-03-11 18:00:00,,,
2020-03-11 21:00:00,,,
2020-03-12 00:00:00,,,
2020-03-12 03:00:00,,,
2020-03-12 06:00:00,,,
2020-03-12 09:00:00,2020-03-12 09:00:00,12.567490868145644,13.869584886793746
2020-03-12 12:00:00,2020-03-12 12:00:00,12.922542217220782,13.907016712473705
2020-03-12 15:00:00,2020-03-12 15:00:00,12.89540388987568,14.222349788877182
2020-03-12 18:00:00,2020-03-12 18:00:00,12.728264797814331,14.783945816918276
2020-03-12 21:00:00,2020-03-12 21:00:00,13.387314792735873,14.78473050321918
2020-03-13 00:00:00,2020-03-13 00:00:00,13.864868724701575,15.142428325489163
2020-03-13 03:00:00,,,
2020-03-13 06:00:00,,,
2020-03-13 09:00:00,,,
2020-03-13 12:00:00,,,
2020-03-13 15:00:00,,,
2020-03-13 18:00:00,,,
2020-03-13 21:00:00,,,
2020-03-14 00:00:00,,,
2020-03-14 03:00:00,,,
2020-03-14 06:00:00,,,
2020-03-14 09:00:00,2020-03-14 09:00:00,5.18495404606085,6.437279034696985
2020-03-14 12:00:00,2020-03-14 12:00:00,4.618301298581142,4.478316538094077
2020-03-14 15:00:00,2020-03-14 15:00:00,2.181503994340868,0.8381318539613858
2020-03-14 18:00:00,2020-03-14 18:00:00,3.0747138657901694,2.367007064225618
2020-03-14 21:00:00,2020-03-14 21:00:00,3.2234428679951086,2.64627120597288
2020-03-15 00:00:00,2020-03-15 00:00:00,4.010855562743387,1.937323198071681
2020-03-15 03:00:00,2020-03-15 03:00:00,3.76524065986672,2.6695209477329627
2020-03-15 06:00:00,2020-03-15 06:00:00,3.849656028536888,4.043429862940684
2020-03-15 09:00:00,2020-03-15 09:00:00,11.13360875169088,11.3157693578396
2020-03-15 12:00:00,2020-03-15 12:00:00,12.698153972282464,13.992576090153307
2020-03-15 15:00:00,2020-03-15 15:00:00,13.487713555959063,13.648915814934298
2020-03-15 18:00:00,2020-03-15 18:00:00,12.663291718064682,13.786791950347833
2020-03-15 21:00:00,2020-03-15 21:00:00,13.432790090901465,12.4117579984013
2020-03-16 00:00:00,2020-03-16 00:00:00,11.96779483712064,12.106895076693036
2020-03-16 03:00:00,2020-03-16 03:00:00,11.818112896694752,12.484830641420558
2020-03-16 06:00:00,2020-03-16 06:00:00,11.189628197040719,10.84313775668852
2020-03-16 09:00:00,2020-03-16 09:00:00,10.655270360452052,11.975137624482159
2020-03-16 12:00:00,2020-03-16 12:00:00,9.840646077663452,12.048186291474849
2020-03-16 15:00:00,2020-03-16 15:00:00,10.458902262287701,11.397151419078
2020-03-16 18:00:00,2020-03-16 18:00:00,9.285889532236153,10.33496715221554
2020-03-16 21:00:00,2020-03-16 21:00:00,8.57953270578025,9.321398179628886
2020-03-17 00:00:00,2020-03-17 00:00:00,8.699973421102461,8.536930058384314
2020-03-17 03:00:00,2020-03-17 03:00:00,7.384772055699609,8.36239848130208
2020-03-17 06:00:00,2020-03-17 06:00:00,7.592481955868238,7.998098244424909
2020-03-17 09:00:00,2020-03-17 09:00:00,7.3654438827976465,7.711459663813002
2020-03-17 12:00:00,2020-03-17 12:00:00,6.684279386567426,7.430779368129151
2020-03-17 15:00:00,2020-03-17 15:00:00,4.987795557114546,6.7885568066558335
2020-03-17 18:00:00,2020-03-17 18:00:00,5.809855695890918,6.627584466070402
2020-03-17 21:00:00,2020-03-17 21:00:00,5.319420430269555,7.3190054292208515
2020-03-18 00:00:00,2020-03-18 00:00:00,4.29868461440027,6.825210987648461
2020-03-18 03:00:00,2020-03-18 03:00:00,4.267597635387686,6.808014714391902
2020-03-18 06:00:00,2020-03-18 06:00:00,4.200833283858645,6.101116790028755
2020-03-18 09:00:00,2020-03-18 09:00:00,4.286811710037312,6.432712440320756
2020-03-18 12:00:00,2020-03-18 12:00:00,4.530349068048422,5.27615946624428
2020-03-18 15:00:00,2020-03-18 15:00:00,4.646668811177725,7.344622913748026
2020-03-18 18:00:00,2020-03-18 18:00:00,5.052042931016387,7.786781513597816
2020-03-18 21:00:00,2020-03-18 21:00:00,9.510765200361693,9.731583189568482
2020-03-19 00:00:00,2020-03-19 00:00:00,9.164531974362616,11.208013279363513
2020-03-19 03:00:00,2020-03-19 03:00:00,11.714875034154074,13.301156816654839
2020-03-19 06:00:00,2020-03-19 06:00:00,11.79048681465784,13.582712159957737
2020-03-19 09:00:00,2020-03-19 09:00:00,11.772045723817618,13.221142729278654
2020-03-19 12:00:00,2020-03-19 12:00:00,13.393660508001126,14.139892230479745
2020-03-19 15:00:00,2020-03-19 15:00:00,14.688698242158592,15.571195737284143
2020-03-19 18:00:00,2020-03-19 18:00:00,13.713224062315739,16.549880126840435
2020-03-19 21:00:00,2020-03-19 21:00:00,13.492172014764021,16.162118430947885
2020-03-20 00:00:00,2020-03-20 00:00:00,12.717810703452741,15.321902275783941
2020-03-20 03:00:00,2020-03-20 03:00:00,12.389993146296796,13.955870405421592
2020-03-20 06:00:00,2020-03-20 06:00:00,10.709994736036931,12.551390376698691
2020-03-20 09:00:00,2020-03-20 09:00:00,10.985391862384168,10.71547071589157
2020-03-20 12:00:00,2020-03-20 12:00:00,7.607058120063993,8.448841286823153
2020-03-20 15:00:00,2020-03-20 15:00:00,5.994843393849311,7.732054363237694
2020-03-20 18:00:00,2020-03-20 18:00:00,5.150444296251313,5.668093433487229
2020-03-20 21:00:00,2020-03-20 21:00:00,5.392231501887655,4.1038286989496555
2020-03-21 00:00:00,2020-03-21 00:00:00,5.137292824003725,3.27568299183622
2020-03-21 03:00:00,2020-03-21 03:00:00,4.667336005615751,4.2659832094796
2020-03-21 06:00:00,2020-03-21 06:00:00,4.214479572001319,3.596818526275456
2020-03-21 09:00:00,2020-03-21 09:00:00,4.749715294374965,4.108585452893749
2020-03-21 12:00:00,2020-03-21 12:00:00,4.403293387538414,3.946380880428478
2020-03-21 15:00:00,2020-03-21 15:00:00,4.312036446265866,4.481890712573659
2020-03-21 18:00:00,2020-03-21 18:00:00,5.696550817765888,4.984677023021504
2020-03-21 21:00:00,2020-03-21 21:00:00,6.240052469555433,4.906068735523149
2020-03-22 00:00:00,2020-03-22 00:00:00,4.8368846620238735,4.8199671396869235
2020-03-22 03:00:00,2020-03-22 03:00:00,5.951936644515864,5.452960655384231
2020-03-22 06:00:00,2020-03-22 06:00:00,5.474964735435797,5.301392899360508
2020-03-22 09:00:00,2020-03-22 09:00:00,4.6938116267842975,5.558450700016692
2020-03-22 12:00:00,2020-03-22 12:00:00,5.067191678498893,4.2043981126043946
2020-03-22 15:00:00,2020-03-22 15:00:00,3.0367906177985025,1.8795335167087615
2020-03-22 18:00:00,2020-03-22 18:00:00,2.7026358578883953,2.0515181560767815
2020-03-22 21:00:00,2020-03-22 21:00:00,1.2649651714687098,0.9967257330426946
2020-03-23 00:00:00,2020-03-23 00:00:00,1.1238364505294316,1.0702935315202922
2020-03-23 03:00:00,2020-03-23 03:00:00,1.089752731821471,0.5920153476035921
2020-03-23 06:00:00,2020-03-23 06:00:00,1.4026076874825355,0.6913883705274202
2020-03-23 09:00:00,2020-03-23 09:00:00,2.339112317246668,1.946479007950984
2020-03-23 12:00:00,2020-03-23 12:00:00,2.78581341822901,1.654197930416558
2020-03-23 15:00:00,2020-03-23 15:00:00,3.0387146084824757,1.9294358166516759
2020-03-23 18:00:00,2020-03-23 18:00:00,3.7486945543457613,2.0510229823412374
2020-03-23 21:00:00,2020-03-23 21:00:00,2.973228981523573,1.930683169979602
2020-03-24 00:00:00,2020-03-24 00:00:00,2.585692928134161,2.286729824205395
2020-03-24 03:00:00,2020-03-24 03:00:00,2.710522927775699,1.0541305500664748
2020-03-24 06:00:00,2020-03-24 06:00:00,2.2353516262667346,2.3372293862048537
2020-03-24 09:00:00,2020-03-24 09:00:00,3.3241456991190765,2.1104063383536413
2020-03-24 12:00:00,2020-03-24 12:00:00,3.8643323677233785,3.3681447827257216
2020-03-24 15:00:00,2020-03-24 15:00:00,5.603352995844887,3.67683766502887
2020-03-24 18:00:00,2020-03-24 18:00:00,6.079350109422886,3.911379250464961
2020-03-24 21:00:00,2020-03-24 21:00:00,7.934789179891079,5.926868647235096
2020-03-25 00:00:00,2020-03-25 00:00:00,8.964573242025613,6.887215378228575
2020-03-25 03:00:00,2020-03-25 03:00:00,8.381270790163923,8.231550755212083
2020-03-25 06:00:00,2020-03-25 06:00:00,10.034156386831805,9.267161524738185
2020-03-25 09:00:00,2020-03-25 09:00:00,10.175013581152513,9.267221256275661
2020-03-25 12:00:00,2020-03-25 12:00:00,9.20730972450767,9.663940304075368
2020-03-25 15:00:00,2020-03-25 15:00:00,9.248757809335968,9.673487422871403
2020-03-25 18:00:00,2020-03-25 18:00:00,7.28072497006767,8.332768013002351
2020-03-25 21:00:00,2020-03-25 21:00:00,6.831026615766949,8.133095125551336
2020-03-26 00:00:00,2020-03-26 00:00:00,6.843848739961356,7.860707628191449
2020-03-26 03:00:00,2020-03-26 03:00:00,7.240450994644113,7.632016138639301
2020-03-26 06:00:00,2020-03-26 06:00:00,7.236976065451256,6.628255873190938
2020-03-26 09:00:00,2020-03-26 09:00:00,6.217435995843836,6.522085819859058
2020-03-26 12:00:00,2020-03-26 12:00:00,6.035972863745431,7.455707261397038
2020-03-26 15:00:00,2020-03-26 15:00:00,7.321467966745659,7.782402992452262
2020-03-26 18:00:00,2020-03-26 18:00:00,8.387399804722994,8.166229895461584
2020-03-26 21:00:00,2020-03-26 21:00:00,8.741477144561694,9.124591540545225
2020-03-27 00:00:00,2020-03-27 00:00:00,9.485415630711039,10.311706307606073
2020-03-27 03:00:00,2020-03-27 03:00:00,8.887009042548854,10.03535693185404
2020-03-27 06:00:00,2020-03-27 06:00:00,9.602208285532928,10.567663064488443
2020-03-27 09:00:00,2020-03-27 09:00:00,11.379630303632373,12.151875018374994
2020-03-27 12:00:00,2020-03-27 12:00:00,11.192732189260504,12.847556803084444
2020-03-27 15:00:00,2020-03-27 15:00:00,12.222193393303492,13.570384924532846
2020-03-27 18:00:00,2020-03-27 18:00:00,11.824669834951665,14.44279952859506
2020-03-27 21:00:00,2020-03-27 21:00:00,11.011123750014049,14.359026882098988
2020-03-28 00:00:00,2020-03-28 00:00:00,9.420276648548116,13.408993684628513
2020-03-28 03:00:00,2020-03-28 03:00:00,9.41464742935389,13.440993244410492
2020-03-28 06:00:00,2020-03-28 06:00:00,10.391217745224624,12.685010209213942
2020-03-28 09:00:00,2020-03-28 09:00:00,9.97228780082411,11.74998283246532
2020-03-28 12:00:00,2020-03-28 12:00:00,9.785367287871962,12.165492298081517
2020-03-28 15:00:00,2020-03-28 15:00:00,8.483987071173036,11.637461921724025
2020-03-28 18:00:00,2020-03-28 18:00:00,8.723966695578772,11.019470253610052
2020-03-28 21:00:00,2020-03-28 21:00:00,8.091323424759935,9.628918823669665
2020-03-29 00:00:00,2020-03-29 00:00:00,7.07585931555544,9.608434526599012
2020-03-29 03:00:00,2020-03-29 03:00:00,7.179651773705607,9.96531133283861
2020-03-29 06:00:00,2020-03-29 06:00:00,7.9538487394319235,9.316732556908391
2020-03-29 09:00:00,2020-03-29 09:00:00,6.650822534827732,8.793592134898063
2020-03-29 12:00:00,2020-03-29 12:00:00,6.624373708159468,8.356544037349522
2020-03-29 15:00:00,2020-03-29 15:00:00,6.144401287667506,8.386017342680134
2020-03-29 18:00:00,2020-03-29 18:00:00,6.055692559339492,7.2939175583887845
2020-03-29 21:00:00,2020-03-29 21:00:00,5.401824188405698,6.843834156868979
2020-03-30 00:00:00,2020-03-30 00:00:00,4.686464547591907,5.6512640076107346
2020-03-30 03:00:00,2020-03-30 03:00:00,3.8373368481999246,4.501285674166866
2020-03-30 06:00:00,2020-03-30 06:00:00,3.2151942101808015,3.891379355278332
2020-03-30 09:00:00,2020-03-30 09:00:00,3.427155239784612,3.1844078133581206
2020-03-30 12:00:00,2020-03-30 12:00:00,3.9367369155516783,3.366932454169728
2020-03-30 15:00:00,2020-03-30 15:00:00,4.56456390091591,3.821473856572993
2020-03-30 18:00:00,2020-03-30 18:00:00,5.18510770799006,4.480427851434797
2020-03-30 21:00:00,2020-03-30 21:00:00,6.3228012015512975,4.992807642614935
2020-03-31 00:00:00,2020-03-31 00:00:00,7.17814019972257,6.618336660947534
2020-03-31 03:00:00,2020-03-31 03:00:00,7.428318971780549,8.244934353686403
2020-03-31 06:00:00,2020-03-31 06:00:00,8.76084623849256,9.08030374487862
2020-03-31 09:00:00,2020-03-31 09:00:00,9.812440160919012,10.236612139851786
2020-03-31 12:00:00,,,
2020-03-31 15:00:00,,,
2020-03-31 18:00:00,,,
2020-03-31 21:00:00,,,
2020-04-01 00:00:00,,,
2020-04-01 03:00:00,,,
2020-04-01 06:00:00,,,
2020-04-01 09:00:00,,,
2020-04-01 12:00:00,,,
2020-04-01 15:00:00,,,
2020-04-01 18:00:00,,,
2020-04-01 21:00:00,,,
2020-04-02 00:00:00,,,
2020-04-02 03:00:00,,,
2020-04-02 06:00:00,,,
2020-04-02 09:00:00,2020-04-02 09:00:00,11.37978293736623,12.22863524442073
2020-04-02 12:00:00,,,
2020-04-02 15:00:00,2020-04-02 15:00:00,12.071466509924008,14.395549590699375
2020-04-02 18:00:00,2020-04-02 18:00:00,12.469105620429298,14.610061467508785
2020-04-02 21:00:00,2020-04-02 21:00:00,12.831738137256538,14.31216630002018
2020-04-03 00:00:00,2020-04-03 00:00:00,12.874694928955025,14.830835497006774
2020-04-03 03:00:00,2020-04-03 03:00:00,13.277486723938226,13.37871284421999
2020-04-03 06:00:00,2020-04-03 06:00:00,11.706397428842365,11.813036276958883
2020-04-03 09:00:00,2020-04-03 09:00:00,10.024326727165887,11.368542248615995
2020-04-03 12:00:00,2020-04-03 12:00:00,9.63679706162488,10.654520473908633
2020-04-03 15:00:00,2020-04-03 15:00:00,8.751719836307652,10.234253472764976
2020-04-03 18:00:00,2020-04-03 18:00:00,9.574855945525515,9.516325910575688
2020-04-03 21:00:00,2020-04-03 21:00:00,9.792915979008413,10.653394948807545
2020-04-04 00:00:00,2020-04-04 00:00:00,9.59825112124136,10.767763585667126
2020-04-04 03:00:00,2020-04-04 03:00:00,9.378290211662058,10.043788340641186
2020-04-04 06:00:00,2020-04-04 06:00:00,8.027232758891858,8.611653799191117
2020-04-04 09:00:00,2020-04-04 09:00:00,6.8735949608321265,7.55239427043125
2020-04-04 12:00:00,2020-04-04 12:00:00,6.33468399920498,8.427746204542927
2020-04-04 15:00:00,2020-04-04 15:00:00,7.622498380614464,8.050826326711103
2020-04-04 18:00:00,2020-04-04 18:00:00,6.061442107988008,7.621951504435856
2020-04-04 21:00:00,2020-04-04 21:00:00,4.149006989822381,6.796078490559012
2020-04-05 00:00:00,2020-04-05 00:00:00,4.764681373467059,4.980584523989819
2020-04-05 03:00:00,2020-04-05 03:00:00,5.651007927050017,5.741108606511261
2020-04-05 06:00:00,2020-04-05 06:00:00,6.099062043378322,6.119444279349409
2020-04-05 09:00:00,2020-04-05 09:00:00,6.275351939733297,7.223788976145443
2020-04-05 12:00:00,2020-04-05 12:00:00,5.875044360738118,6.8280684936326
2020-04-05 15:00:00,2020-04-05 15:00:00,6.501922151478602,7.60397783969529
2020-04-05 18:00:00,2020-04-05 18:00:00,7.176749792485228,8.683782378095202
2020-04-05 21:00:00,2020-04-05 21:00:00,6.534785619350912,8.052161071798764
2020-04-06 00:00:00,2020-04-06 00:00:00,6.858330939387913,7.8386519603664055
2020-04-06 03:00:00,2020-04-06 03:00:00,5.118986857753853,6.785622103023343
2020-04-06 06:00:00,2020-04-06 06:00:00,4.6266851990193425,5.368420192040503
2020-04-06 09:00:00,2020-04-06 09:00:00,5.544511249312276,4.391179936006665
2020-04-06 12:00:00,2020-04-06 12:00:00,4.808822370231547,6.656477993354201
2020-04-06 15:00:00,2020-04-06 15:00:00,5.0540959186178265,6.876823100086767
2020-04-06 18:00:00,2020-04-06 18:00:00,4.39258755900437,6.27254870464094
2020-04-06 21:00:00,2020-04-06 21:00:00,4.203456160601306,5.988493580516661
2020-04-07 00:00:00,2020-04-07 00:00:00,2.899283703810989,4.56651044182945
2020-04-07 03:00:00,2020-04-07 03:00:00,2.6835399481126587,3.6511897977325134
2020-04-07 06:00:00,2020-04-07 06:00:00,1.2560916920954348,2.306210097973235
2020-04-07 09:00:00,2020-04-07 09:00:00,2.2190223150854727,2.7766337528591976
2020-04-07 12:00:00,2020-04-07 12:00:00,2.779743631700408,2.7710709682432935
2020-04-07 15:00:00,2020-04-07 15:00:00,3.4038555926215404,2.3950956548796967
2020-04-07 18:00:00,2020-04-07 18:00:00,3.161367038306512,1.5707012793573085
2020-04-07 21:00:00,2020-04-07 21:00:00,3.2547485651780668,1.579324422054924
2020-04-08 00:00:00,2020-04-08 00:00:00,3.089906825482824,1.12658491183538
2020-04-08 03:00:00,2020-04-08 03:00:00,2.5783437442493553,1.4771221249247901
2020-04-08 06:00:00,2020-04-08 06:00:00,3.5514690700382676,1.8280484791612253
2020-04-08 09:00:00,2020-04-08 09:00:00,4.773886683455298,3.906971592339687
2020-04-08 12:00:00,2020-04-08 12:00:00,4.9369787894682355,4.427997032064013
2020-04-08 15:00:00,2020-04-08 15:00:00,5.482258377708711,5.0995035144733265
2020-04-08 18:00:00,2020-04-08 18:00:00,4.525751686954281,5.646856167877559
2020-04-08 21:00:00,2020-04-08 21:00:00,4.405512023192913,4.508081340813078
2020-04-09 00:00:00,2020-04-09 00:00:00,4.257349879105929,3.642365464766044
2020-04-09 03:00:00,2020-04-09 03:00:00,4.498476683597391,4.038861767970957
2020-04-09 06:00:00,2020-04-09 06:00:00,5.467293645127975,4.047985605429858
2020-04-09 09:00:00,2020-04-09 09:00:00,4.788691621392773,5.774864579318091
2020-04-09 12:00:00,2020-04-09 12:00:00,4.57241121121157,4.7781588768120855
2020-04-09 15:00:00,2020-04-09 15:00:00,4.317324073921232,4.20331338676624
2020-04-09 18:00:00,2020-04-09 18:00:00,4.798333995974295,3.4304937415290624
2020-04-09 21:00:00,2020-04-09 21:00:00,4.087361020180715,3.8107881048927084
2020-04-10 00:00:00,2020-04-10 00:00:00,4.019087737915485,3.5471212186384946
2020-04-10 03:00:00,2020-04-10 03:00:00,4.599640411262371,3.254176509741228
2020-04-10 06:00:00,2020-04-10 06:00:00,3.6472648139360238,2.9116985083092004
2020-04-10 09:00:00,2020-04-10 09:00:00,3.219225624991766,2.954993965977337
2020-04-10 12:00:00,2020-04-10 12:00:00,3.68029386310551,3.299022835912183
2020-04-10 15:00:00,2020-04-10 15:00:00,4.280991505572818,4.743495989590883
2020-04-10 18:00:00,2020-04-10 18:00:00,3.233874421945415,5.768077952321619
2020-04-10 21:00:00,2020-04-10 21:00:00,3.510490209569196,5.574368864763528
2020-04-11 00:00:00,2020-04-11 00:00:00,3.641417294269982,4.530745272873901
2020-04-11 03:00:00,2020-04-11 03:00:00,3.743279215424732,3.9018726152717136
2020-04-11 06:00:00,2020-04-11 06:00:00,3.704492082976883,4.212786233169027
2020-04-11 09:00:00,2020-04-11 09:00:00,3.8993299592797057,4.443400397198275
2020-04-11 12:00:00,2020-04-11 12:00:00,5.435280343024008,4.514398605446331
2020-04-11 15:00:00,2020-04-11 15:00:00,5.03958370396633,5.283879631198943
2020-04-11 18:00:00,2020-04-11 18:00:00,3.9293379628626792,4.842010633015889
2020-04-11 21:00:00,2020-04-11 21:00:00,4.273171823842257,2.8282725255703554
2020-04-12 00:00:00,2020-04-12 00:00:00,3.5120136891808564,2.5423388500348665
2020-04-12 03:00:00,2020-04-12 03:00:00,2.708490860893028,2.268731733885943
2020-04-12 06:00:00,2020-04-12 06:00:00,2.2691426476047916,2.3441453637788072
2020-04-12 09:00:00,2020-04-12 09:00:00,1.9650758624959719,1.747295756591484
2020-04-12 12:00:00,2020-04-12 12:00:00,2.953697814128035,2.033321564900689
2020-04-12 15:00:00,2020-04-12 15:00:00,2.0970701714223434,1.870752423768863
2020-04-12 18:00:00,2020-04-12 18:00:00,2.3132635136529944,1.4281736314005684
2020-04-12 21:00:00,2020-04-12 21:00:00,2.2533386080413087,1.5307432265253738
2020-04-13 00:00:00,2020-04-13 00:00:00,2.4931892239263913,2.108408612664789
2020-04-13 03:00:00,2020-04-13 03:00:00,2.5198044324619584,2.1983420555479825
2020-04-13 06:00:00,2020-04-13 06:00:00,3.5185806533912363,2.3416578576434404
2020-04-13 09:00:00,2020-04-13 09:00:00,4.507719005549638,2.812530851631891
2020-04-13 12:00:00,2020-04-13 12:00:00,5.793382612531552,3.2318070006440394
2020-04-13 15:00:00,2020-04-13 15:00:00,5.578629172064404,4.258091432828223
2020-04-13 18:00:00,2020-04-13 18:00:00,5.628276983031644,4.6717640770366415
2020-04-13 21:00:00,2020-04-13 21:00:00,6.262243163681912,5.656579226546455
2020-04-14 00:00:00,2020-04-14 00:00:00,6.908856883479287,7.227842027758015
2020-04-14 03:00:00,2020-04-14 03:00:00,6.176978198205952,7.581187279894948
2020-04-14 06:00:00,2020-04-14 06:00:00,7.170450711957369,7.908257782226428
2020-04-14 09:00:00,2020-04-14 09:00:00,7.612500904203596,8.398145414306782
2020-04-14 12:00:00,2020-04-14 12:00:00,7.561003686255668,8.49847017895081
2020-04-14 15:00:00,2020-04-14 15:00:00,6.958928047813155,8.158316644374281
2020-04-14 18:00:00,2020-04-14 18:00:00,6.531093192113968,8.080256271670805
2020-04-14 21:00:00,2020-04-14 21:00:00,5.917087831896484,8.00431428081356
2020-04-15 00:00:00,2020-04-15 00:00:00,6.27121237040321,6.950277106021531
2020-04-15 03:00:00,2020-04-15 03:00:00,5.220467514741916,6.313202503253706
2020-04-15 06:00:00,2020-04-15 06:00:00,5.590609899534317,4.429469233029522
2020-04-15 09:00:00,2020-04-15 09:00:00,4.690962933386879,5.819412327487953
2020-04-15 12:00:00,2020-04-15 12:00:00,5.280579240523608,6.3371214754879475
2020-04-15 15:00:00,2020-04-15 15:00:00,5.6826339863329265,6.141697572078556
2020-04-15 18:00:00,2020-04-15 18:00:00,6.221013228021888,6.425754635420162
2020-04-15 21:00:00,2020-04-15 21:00:00,6.7524183423721595,7.558067832374945
2020-04-16 00:00:00,2020-04-16 00:00:00,7.959685019136494,8.97674603498308
2020-04-16 03:00:00,2020-04-16 03:00:00,8.559549018519858,9.059369965281803
2020-04-16 06:00:00,2020-04-16 06:00:00,8.55805366938528,10.135392542229965
2020-04-16 09:00:00,2020-04-16 09:00:00,11.10237560807578,10.740688082994893
2020-04-16 12:00:00,2020-04-16 12:00:00,11.43803091131165,12.194617966015358
2020-04-16 15:00:00,2020-04-16 15:00:00,11.610412087979213,11.405400330200791
2020-04-16 18:00:00,2020-04-16 18:00:00,12.103368871258672,12.20011790713761
2020-04-16 21:00:00,2020-04-16 21:00:00,11.433394310410861,13.924854950397275
2020-04-17 00:00:00,2020-04-17 00:00:00,11.557680075653133,11.725829675211571
2020-04-17 03:00:00,2020-04-17 03:00:00,9.550784971624715,8.54125759494491
2020-04-17 06:00:00,2020-04-17 06:00:00,5.6365582260924265,6.498392822686583
2020-04-17 09:00:00,2020-04-17 09:00:00,4.842661503472452,4.382706489879638
2020-04-17 12:00:00,2020-04-17 12:00:00,5.500153725208765,5.174504910130054
2020-04-17 15:00:00,2020-04-17 15:00:00,5.035275155362799,5.032673679757863
2020-04-17 18:00:00,2020-04-17 18:00:00,4.230294176514499,4.260937954764813
2020-04-17 21:00:00,2020-04-17 21:00:00,4.210724885344352,3.658065350202378
2020-04-18 00:00:00,2020-04-18 00:00:00,4.964401881866526,3.143312083091587
2020-04-18 03:00:00,2020-04-18 03:00:00,6.047215406543333,4.999008815851994
2020-04-18 06:00:00,2020-04-18 06:00:00,6.193421782697759,6.302757806028239
2020-04-18 09:00:00,2020-04-18 09:00:00,8.72339915394011,6.932386778818909
2020-04-18 12:00:00,2020-04-18 12:00:00,11.842490870842468,10.233567052287981
2020-04-18 15:00:00,2020-04-18 15:00:00,12.202386994995264,10.078060992760584
2020-04-18 18:00:00,2020-04-18 18:00:00,9.339956471931778,9.599019017303362
2020-04-18 21:00:00,2020-04-18 21:00:00,12.282339082758156,9.817919682594948
2020-04-19 00:00:00,2020-04-19 00:00:00,14.15801323836184,13.102566505083814
2020-04-19 03:00:00,2020-04-19 03:00:00,11.332958761200734,12.030848259339109
2020-04-19 06:00:00,2020-04-19 06:00:00,9.227690459888489,9.830698022153229
2020-04-19 09:00:00,2020-04-19 09:00:00,8.681614747457262,10.937989489757456
2020-04-19 12:00:00,2020-04-19 12:00:00,8.066650328579811,8.776858188852202
2020-04-19 15:00:00,2020-04-19 15:00:00,7.844064317056412,8.471569447021466
2020-04-19 18:00:00,2020-04-19 18:00:00,7.589005301376873,6.03708596189972
2020-04-19 21:00:00,2020-04-19 21:00:00,3.4085920395495326,3.632270688045537
2020-04-20 00:00:00,2020-04-20 00:00:00,2.8028403758806015,1.4940665991744027
2020-04-20 03:00:00,2020-04-20 03:00:00,1.9528513026463499,2.0743862418457866
2020-04-20 06:00:00,,,
2020-04-20 09:00:00,2020-04-20 09:00:00,11.758010169310639,14.578862282680348
2020-04-20 12:00:00,2020-04-20 12:00:00,14.937301800324603,15.545847902307287
2020-04-20 15:00:00,2020-04-20 15:00:00,14.799716294976308,15.98013469466241
2020-04-20 18:00:00,2020-04-20 18:00:00,14.532588501048822,16.079618101241067
2020-04-20 21:00:00,2020-04-20 21:00:00,11.765152962735064,15.965784693311434
2020-04-21 00:00:00,2020-04-21 00:00:00,11.984434993823898,15.10893036070047
2020-04-21 03:00:00,2020-04-21 03:00:00,11.864343108425784,15.386246815265622
2020-04-21 06:00:00,2020-04-21 06:00:00,11.650619532181238,14.290375970653258
2020-04-21 09:00:00,2020-04-21 09:00:00,11.549127055761062,14.378962876973674
2020-04-21 12:00:00,2020-04-21 12:00:00,12.04806859608553,14.526551497750916
2020-04-21 15:00:00,2020-04-21 15:00:00,14.593571649140033,15.7973724801559
2020-04-21 18:00:00,2020-04-21 18:00:00,10.082704511341552,13.492642628320027
2020-04-21 21:00:00,2020-04-21 21:00:00,11.674118466313686,12.537329222308472
2020-04-22 00:00:00,2020-04-22 00:00:00,11.397386826289164,11.62799517530948
2020-04-22 03:00:00,2020-04-22 03:00:00,10.55041554050492,9.944658195367083
2020-04-22 06:00:00,2020-04-22 06:00:00,8.336645541618044,8.651846224325709
2020-04-22 09:00:00,2020-04-22 09:00:00,6.582236480415287,8.011796852340922
2020-04-22 12:00:00,2020-04-22 12:00:00,6.1043788889101265,6.461826191225555
2020-04-22 15:00:00,2020-04-22 15:00:00,6.522110257623123,5.636385132209398
2020-04-22 18:00:00,2020-04-22 18:00:00,4.0355638108813245,2.539033033652231
2020-04-22 21:00:00,2020-04-22 21:00:00,3.6084328772081258,2.4797672500135377
2020-04-23 00:00:00,2020-04-23 00:00:00,3.381238990720789,1.387786050210707
2020-04-23 03:00:00,2020-04-23 03:00:00,2.742037593778322,1.683455806109123
2020-04-23 06:00:00,2020-04-23 06:00:00,2.2286141442454706,1.1760444829124026
2020-04-23 09:00:00,2020-04-23 09:00:00,2.364806565044089,0.8699188573518768
2020-04-23 12:00:00,2020-04-23 12:00:00,2.572262164239625,0.911134593305178
2020-04-23 15:00:00,2020-04-23 15:00:00,2.7637202486247285,0.9461637000786141
2020-04-23 18:00:00,2020-04-23 18:00:00,2.08824617367391,0.9646397046162747
2020-04-23 21:00:00,2020-04-23 21:00:00,2.7947484024472193,1.2791692714672536
2020-04-24 00:00:00,2020-04-24 00:00:00,2.6822203336478823,1.6923406933783554
2020-04-24 03:00:00,2020-04-24 03:00:00,2.325048415055069,1.1431205346016213
2020-04-24 06:00:00,2020-04-24 06:00:00,2.561772493920824,1.8145347562385723
2020-04-24 09:00:00,2020-04-24 09:00:00,2.9941637909307115,1.959806923114229
2020-04-24 12:00:00,2020-04-24 12:00:00,4.249394655851769,2.4233853479963727
2020-04-24 15:00:00,2020-04-24 15:00:00,4.1482435572003205,2.501649592828471
2020-04-24 18:00:00,2020-04-24 18:00:00,4.350715116314993,2.663233695930103
2020-04-24 21:00:00,2020-04-24 21:00:00,3.8561581635485687,2.3547665676742326
2020-04-25 00:00:00,2020-04-25 00:00:00,3.287694661304498,2.615954189619515
2020-04-25 03:00:00,2020-04-25 03:00:00,3.1614427151920697,3.1184824514202774
2020-04-25 06:00:00,2020-04-25 06:00:00,3.9493038909310436,3.2454676328925416
2020-04-25 09:00:00,2020-04-25 09:00:00,5.082699164698095,3.4805112170870416
2020-04-25 12:00:00,2020-04-25 12:00:00,5.9049819771973375,3.939801310771145
2020-04-25 15:00:00,2020-04-25 15:00:00,6.393981100095075,3.316444612981286
2020-04-25 18:00:00,2020-04-25 18:00:00,4.75805201007205,4.513886975124478
2020-04-25 21:00:00,2020-04-25 21:00:00,4.848857524916602,4.191547684487887
2020-04-26 00:00:00,2020-04-26 00:00:00,4.74055432245666,4.105600818293169
2020-04-26 03:00:00,2020-04-26 03:00:00,4.562363480474285,4.1809914752375335
2020-04-26 06:00:00,2020-04-26 06:00:00,5.119704525074808,3.9171302972827107
2020-04-26 09:00:00,2020-04-26 09:00:00,3.7846579468396566,2.606628397013992
2020-04-26 12:00:00,2020-04-26 12:00:00,3.2381487761901013,2.1392864296212792
2020-04-26 15:00:00,2020-04-26 15:00:00,2.6586974151585707,1.688996744749602
2020-04-26 18:00:00,2020-04-26 18:00:00,2.083659093191855,1.185097717680037
2020-04-26 21:00:00,2020-04-26 21:00:00,1.1149267189330805,1.176140580122592
2020-04-27 00:00:00,2020-04-27 00:00:00,2.8319980054977933,2.0101562017807737
2020-04-27 03:00:00,2020-04-27 03:00:00,3.7346749649928306,3.0783811865840107
2020-04-27 06:00:00,2020-04-27 06:00:00,4.371558379562529,3.8296128945657983
2020-04-27 09:00:00,2020-04-27 09:00:00,6.31609690367554,4.642621195933316
2020-04-27 12:00:00,2020-04-27 12:00:00,7.7521398840781055,6.61668136442313
2020-04-27 15:00:00,,,
2020-04-27 18:00:00,,,
2020-04-27 21:00:00,,,
2020-04-28 00:00:00,,,
2020-04-28 03:00:00,,,
2020-04-28 06:00:00,,,
2020-04-28 09:00:00,2020-04-28 09:00:00,10.82970228027571,11.602838013903238
2020-04-28 12:00:00,2020-04-28 12:00:00,11.43660304318554,9.74826097622281
2020-04-28 15:00:00,2020-04-28 15:00:00,7.847832977182417,8.583786369417794
2020-04-28 18:00:00,2020-04-28 18:00:00,6.073693402087584,7.342002848163247
2020-04-28 21:00:00,2020-04-28 21:00:00,4.998076504921028,5.369660608586855
2020-04-29 00:00:00,2020-04-29 00:00:00,4.382122415058631,4.303726738435216
2020-04-29 03:00:00,2020-04-29 03:00:00,4.043025236566727,2.747731627896428
2020-04-29 06:00:00,2020-04-29 06:00:00,4.491655321224525,4.085471948143095
2020-04-29 09:00:00,2020-04-29 09:00:00,6.635964741587451,6.597623136360198
2020-04-29 12:00:00,2020-04-29 12:00:00,7.206995484858066,7.341140756499954
2020-04-29 15:00:00,2020-04-29 15:00:00,6.214886027028451,7.210165300581139
2020-04-29 18:00:00,2020-04-29 18:00:00,7.418971397209197,7.529779737640638
2020-04-29 21:00:00,2020-04-29 21:00:00,5.912162368238746,6.453681169077754
2020-04-30 00:00:00,2020-04-30 00:00:00,6.782020179661196,5.007457132451236
2020-04-30 03:00:00,2020-04-30 03:00:00,5.795153310473963,5.644077591714449
2020-04-30 06:00:00,2020-04-30 06:00:00,4.831349697101863,5.263291978510097
2020-04-30 09:00:00,2020-04-30 09:00:00,5.781399928367885,5.5624221350299194
2020-04-30 12:00:00,2020-04-30 12:00:00,4.842338168450279,5.595805686665699
2020-04-30 15:00:00,2020-04-30 15:00:00,3.8817887428172617,5.5202649750281125
2020-04-30 18:00:00,2020-04-30 18:00:00,4.955361876098771,5.267024106637109
2020-04-30 21:00:00,2020-04-30 21:00:00,4.378766211292425,5.199607376824133
2020-05-01 00:00:00,2020-05-01 00:00:00,2.379970079717852,4.559802869218402
2020-05-01 03:00:00,2020-05-01 03:00:00,2.053140724713678,4.2864663050859235
2020-05-01 06:00:00,2020-05-01 06:00:00,3.501082080715291,4.464269093063194
2020-05-01 09:00:00,2020-05-01 09:00:00,3.403062109047337,4.950163718312979
2020-05-01 12:00:00,2020-05-01 12:00:00,3.3194371308483106,4.52108911704272
2020-05-01 15:00:00,2020-05-01 15:00:00,3.9781959641428712,3.5171849423786625
2020-05-01 18:00:00,2020-05-01 18:00:00,3.522375934791634,2.981487690587528
2020-05-01 21:00:00,2020-05-01 21:00:00,3.6872068089080696,1.7069214909570292
2020-05-02 00:00:00,2020-05-02 00:00:00,3.0299064643788625,0.8290489052888006
2020-05-02 03:00:00,2020-05-02 03:00:00,2.679148802238331,1.4135019831301179
2020-05-02 06:00:00,2020-05-02 06:00:00,1.4928873083933099,2.5768041960836854
2020-05-02 09:00:00,2020-05-02 09:00:00,1.2084339905860573,4.5545912526140455
2020-05-02 12:00:00,2020-05-02 12:00:00,3.592411925644285,3.5691307751694694
2020-05-02 15:00:00,2020-05-02 15:00:00,4.304840245985038,3.41043242206797
2020-05-02 18:00:00,2020-05-02 18:00:00,2.9107472238661067,3.5802111341618
2020-05-02 21:00:00,2020-05-02 21:00:00,3.096396813035591,4.334887073957361
2020-05-03 00:00:00,2020-05-03 00:00:00,3.5903401507289048,4.145096682477742
2020-05-03 03:00:00,2020-05-03 03:00:00,3.7390039769101375,4.545343452948146
2020-05-03 06:00:00,2020-05-03 06:00:00,3.7958678442854263,5.644042728235945
2020-05-03 09:00:00,2020-05-03 09:00:00,5.055050848925067,4.903704167809337
2020-05-03 12:00:00,2020-05-03 12:00:00,4.977705034049747,5.596364143595565
2020-05-03 15:00:00,2020-05-03 15:00:00,3.575983130143406,5.63235881133005
2020-05-03 18:00:00,2020-05-03 18:00:00,2.6353379173943807,5.344478061335394
2020-05-03 21:00:00,2020-05-03 21:00:00,4.52506077477906,4.485079731384758
2020-05-04 00:00:00,2020-05-04 00:00:00,4.244798574678186,4.138540221611038
2020-05-04 03:00:00,2020-05-04 03:00:00,5.025024943052817,5.247851561871357
2020-05-04 06:00:00,2020-05-04 06:00:00,4.318352097786666,5.384484506386798
2020-05-04 09:00:00,2020-05-04 09:00:00,4.954689528498647,5.6895335878944024
2020-05-04 12:00:00,2020-05-04 12:00:00,5.074761088410319,6.089778488210868
2020-05-04 15:00:00,2020-05-04 15:00:00,4.822458991957725,5.823103579983581
2020-05-04 18:00:00,2020-05-04 18:00:00,4.827648803772735,5.244222294073552
2020-05-04 21:00:00,2020-05-04 21:00:00,3.4864551687631717,3.966460593161173
2020-05-05 00:00:00,2020-05-05 00:00:00,2.5454999588529543,3.927420464984607
2020-05-05 03:00:00,2020-05-05 03:00:00,3.2401850949450846,3.7424311254289933
2020-05-05 06:00:00,2020-05-05 06:00:00,2.436743742396853,3.9421572418068536
2020-05-05 09:00:00,2020-05-05 09:00:00,4.532737588110803,4.015470439451747
2020-05-05 12:00:00,2020-05-05 12:00:00,4.10792032857627,4.485176534159109
2020-05-05 15:00:00,2020-05-05 15:00:00,4.156303128684356,4.146627517766319
2020-05-05 18:00:00,2020-05-05 18:00:00,4.100891115834311,3.8194573760265484
2020-05-05 21:00:00,2020-05-05 21:00:00,4.1835767822313725,3.9719916310277767
2020-05-06 00:00:00,2020-05-06 00:00:00,3.550899083057162,4.928632030496374
2020-05-06 03:00:00,2020-05-06 03:00:00,3.1942702377957093,4.748187840450555
2020-05-06 06:00:00,2020-05-06 06:00:00,3.3014254791212863,3.7229312530253083
2020-05-06 09:00:00,2020-05-06 09:00:00,3.461253033094979,2.8562786997063085
2020-05-06 12:00:00,2020-05-06 12:00:00,2.7663917004036134,3.020743099215906
2020-05-06 15:00:00,2020-05-06 15:00:00,4.410701283268634,4.413088644854724
2020-05-06 18:00:00,2020-05-06 18:00:00,3.932186511072652,4.280055366223678
2020-05-06 21:00:00,2020-05-06 21:00:00,5.8070875308291425,4.756674612115603
2020-05-07 00:00:00,2020-05-07 00:00:00,5.838169436773236,5.635049560456537
2020-05-07 03:00:00,2020-05-07 03:00:00,6.624376273972629,6.029161507845856
2020-05-07 06:00:00,2020-05-07 06:00:00,8.020278404835636,7.290054429788142
2020-05-07 09:00:00,2020-05-07 09:00:00,8.485261856672556,8.499651564110536
2020-05-07 12:00:00,2020-05-07 12:00:00,9.239596839026566,9.63273249170743
2020-05-07 15:00:00,2020-05-07 15:00:00,9.659344664987144,10.12511583021842
2020-05-07 18:00:00,2020-05-07 18:00:00,9.338435879364916,10.3075436076615
2020-05-07 21:00:00,2020-05-07 21:00:00,9.471755571332636,9.835971796652302
2020-05-08 00:00:00,2020-05-08 00:00:00,9.257595344713975,10.894792982027866
2020-05-08 03:00:00,2020-05-08 03:00:00,10.911886175198092,11.781157529563643
2020-05-08 06:00:00,2020-05-08 06:00:00,11.497158357335849,12.301750512735453
2020-05-08 09:00:00,2020-05-08 09:00:00,11.357543380056628,12.270486105582677
2020-05-08 12:00:00,2020-05-08 12:00:00,10.997392963711077,11.709801143500954
2020-05-08 15:00:00,2020-05-08 15:00:00,10.71049446485223,10.849786889040843
2020-05-08 18:00:00,2020-05-08 18:00:00,10.375281145363777,10.29794221301563
2020-05-08 21:00:00,2020-05-08 21:00:00,9.031417029935286,9.29544272570638
2020-05-09 00:00:00,2020-05-09 00:00:00,10.110466657459227,10.12665974185802
2020-05-09 03:00:00,2020-05-09 03:00:00,9.228001404556995,9.429299776558764
2020-05-09 06:00:00,2020-05-09 06:00:00,8.55370406200837,9.107097006752156
2020-05-09 09:00:00,2020-05-09 09:00:00,8.55613594043861,8.824727292638272
2020-05-09 12:00:00,2020-05-09 12:00:00,8.702987430972385,8.47162095544627
2020-05-09 15:00:00,2020-05-09 15:00:00,7.663931949320513,8.274322570243385
2020-05-09 18:00:00,2020-05-09 18:00:00,8.231737871931712,7.207320235756924
2020-05-09 21:00:00,2020-05-09 21:00:00,8.080542914625324,6.148493120097555
2020-05-10 00:00:00,2020-05-10 00:00:00,7.91284200022572,6.154589448706247
2020-05-10 03:00:00,2020-05-10 03:00:00,8.029754971194253,6.996947761246702
2020-05-10 06:00:00,2020-05-10 06:00:00,8.277869970596546,8.580897552892566
2020-05-10 09:00:00,,,
2020-05-10 12:00:00,,,
2020-05-10 15:00:00,,,
2020-05-10 18:00:00,,,
2020-05-10 21:00:00,,,
2020-05-11 00:00:00,,,
2020-05-11 03:00:00,,,
2020-05-11 06:00:00,,,
2020-05-11 09:00:00,,,
2020-05-11 12:00:00,,,
2020-05-11 15:00:00,,,
2020-05-11 18:00:00,,,
2020-05-11 21:00:00,,,
2020-05-12 00:00:00,,,
2020-05-12 03:00:00,,,
2020-05-12 06:00:00,,,
2020-05-12 09:00:00,,,
2020-05-12 12:00:00,,,
2020-05-12 15:00:00,,,
2020-05-12 18:00:00,,,
2020-05-12 21:00:00,,,
2020-05-13 00:00:00,,,
2020-05-13 03:00:00,,,
2020-05-13 06:00:00,,,
2020-05-13 09:00:00,,,
2020-05-13 12:00:00,,,
2020-05-13 15:00:00,,,
2020-05-13 18:00:00,,,
2020-05-13 21:00:00,,,
2020-05-14 00:00:00,,,
2020-05-14 03:00:00,,,
2020-05-14 06:00:00,,,
2020-05-14 09:00:00,,,
2020-05-14 12:00:00,,,
2020-05-14 15:00:00,,,
2020-05-14 18:00:00,,,
2020-05-14 21:00:00,,,
2020-05-15 00:00:00,,,
2020-05-15 03:00:00,,,
2020-05-15 06:00:00,,,
2020-05-15 09:00:00,,,
2020-05-15 12:00:00,,,
2020-05-15 15:00:00,,,
2020-05-15 18:00:00,,,
2020-05-15 21:00:00,,,
2020-05-16 00:00:00,,,
2020-05-16 03:00:00,,,
2020-05-16 06:00:00,,,
2020-05-16 09:00:00,,,
2020-05-16 12:00:00,,,
2020-05-16 15:00:00,,,
2020-05-16 18:00:00,,,
2020-05-16 21:00:00,,,
2020-05-17 00:00:00,,,
2020-05-17 03:00:00,,,
2020-05-17 06:00:00,,,
2020-05-17 09:00:00,,,
2020-05-17 12:00:00,,,
2020-05-17 15:00:00,,,
2020-05-17 18:00:00,,,
2020-05-17 21:00:00,,,
2020-05-18 00:00:00,,,
2020-05-18 03:00:00,,,
2020-05-18 06:00:00,,,
2020-05-18 09:00:00,,,
2020-05-18 12:00:00,,,
2020-05-18 15:00:00,,,
2020-05-18 18:00:00,,,
2020-05-18 21:00:00,,,
2020-05-19 00:00:00,,,
2020-05-19 03:00:00,,,
2020-05-19 06:00:00,,,
2020-05-19 09:00:00,,,
2020-05-19 12:00:00,,,
2020-05-19 15:00:00,,,
2020-05-19 18:00:00,,,
2020-05-19 21:00:00,,,
2020-05-20 00:00:00,,,
2020-05-20 03:00:00,,,
2020-05-20 06:00:00,,,
2020-05-20 09:00:00,,,
2020-05-20 12:00:00,,,
2020-05-20 15:00:00,,,
2020-05-20 18:00:00,,,
2020-05-20 21:00:00,,,
2020-05-21 00:00:00,,,
2020-05-21 03:00:00,,,
2020-05-21 06:00:00,,,
2020-05-21 09:00:00,,,
2020-05-21 12:00:00,,,
2020-05-21 15:00:00,,,
2020-05-21 18:00:00,,,
2020-05-21 21:00:00,,,
2020-05-22 00:00:00,,,
2020-05-22 03:00:00,,,
2020-05-22 06:00:00,,,
2020-05-22 09:00:00,,,
2020-05-22 12:00:00,,,
2020-05-22 15:00:00,,,
2020-05-22 18:00:00,,,
2020-05-22 21:00:00,,,
2020-05-23 00:00:00,,,
2020-05-23 03:00:00,,,
2020-05-23 06:00:00,,,
2020-05-23 09:00:00,,,
2020-05-23 12:00:00,,,
2020-05-23 15:00:00,,,
2020-05-23 18:00:00,,,
2020-05-23 21:00:00,,,
2020-05-24 00:00:00,,,
2020-05-24 03:00:00,,,
2020-05-24 06:00:00,,,
2020-05-24 09:00:00,,,
2020-05-24 12:00:00,,,
2020-05-24 15:00:00,,,
2020-05-24 18:00:00,,,
2020-05-24 21:00:00,,,
2020-05-25 00:00:00,,,
2020-05-25 03:00:00,,,
2020-05-25 06:00:00,,,
2020-05-25 09:00:00,,,
2020-05-25 12:00:00,,,
2020-05-25 15:00:00,,,
2020-05-25 18:00:00,,,
2020-05-25 21:00:00,,,
2020-05-26 00:00:00,,,
2020-05-26 03:00:00,,,
2020-05-26 06:00:00,,,
2020-05-26 09:00:00,,,
2020-05-26 12:00:00,,,
2020-05-26 15:00:00,,,
2020-05-26 18:00:00,,,
2020-05-26 21:00:00,,,
2020-05-27 00:00:00,,,
2020-05-27 03:00:00,,,
2020-05-27 06:00:00,,,
2020-05-27 09:00:00,,,
2020-05-27 12:00:00,,,
2020-05-27 15:00:00,,,
2020-05-27 18:00:00,,,
2020-05-27 21:00:00,,,
2020-05-28 00:00:00,,,
2020-05-28 03:00:00,,,
2020-05-28 06:00:00,,,
2020-05-28 09:00:00,,,
2020-05-28 12:00:00,,,
2020-05-28 15:00:00,,,
2020-05-28 18:00:00,,,
2020-05-28 21:00:00,,,
2020-05-29 00:00:00,,,
2020-05-29 03:00:00,,,
2020-05-29 06:00:00,,,
2020-05-29 09:00:00,,,
2020-05-29 12:00:00,,,
2020-05-29 15:00:00,,,
2020-05-29 18:00:00,,,
2020-05-29 21:00:00,,,
2020-05-30 00:00:00,,,
2020-05-30 03:00:00,,,
2020-05-30 06:00:00,,,
2020-05-30 09:00:00,,,
2020-05-30 12:00:00,,,
2020-05-30 15:00:00,,,
2020-05-30 18:00:00,,,
2020-05-30 21:00:00,,,
2020-05-31 00:00:00,,,
2020-05-31 03:00:00,,,
2020-05-31 06:00:00,,,
2020-05-31 09:00:00,,,
2020-05-31 12:00:00,,,
2020-05-31 15:00:00,,,
2020-05-31 18:00:00,,,
2020-05-31 21:00:00,,,
2020-06-01 00:00:00,,,
2020-06-01 03:00:00,,,
2020-06-01 06:00:00,,,
2020-06-01 09:00:00,,,
2020-06-01 12:00:00,,,
2020-06-01 15:00:00,,,
2020-06-01 18:00:00,,,
2020-06-01 21:00:00,,,
2020-06-02 00:00:00,,,
2020-06-02 03:00:00,,,
2020-06-02 06:00:00,,,
2020-06-02 09:00:00,,,
2020-06-02 12:00:00,,,
2020-06-02 15:00:00,,,
2020-06-02 18:00:00,,,
2020-06-02 21:00:00,,,
2020-06-03 00:00:00,,,
2020-06-03 03:00:00,,,
2020-06-03 06:00:00,,,
2020-06-03 09:00:00,,,
2020-06-03 12:00:00,,,
2020-06-03 15:00:00,,,
2020-06-03 18:00:00,,,
2020-06-03 21:00:00,,,
2020-06-04 00:00:00,,,
2020-06-04 03:00:00,,,
2020-06-04 06:00:00,,,
2020-06-04 09:00:00,,,
2020-06-04 12:00:00,,,
2020-06-04 15:00:00,,,
2020-06-04 18:00:00,,,
2020-06-04 21:00:00,,,
2020-06-05 00:00:00,,,
2020-06-05 03:00:00,,,
2020-06-05 06:00:00,,,
2020-06-05 09:00:00,,,
2020-06-05 12:00:00,,,
2020-06-05 15:00:00,,,
2020-06-05 18:00:00,,,
2020-06-05 21:00:00,,,
2020-06-06 00:00:00,,,
2020-06-06 03:00:00,,,
2020-06-06 06:00:00,,,
2020-06-06 09:00:00,,,
2020-06-06 12:00:00,,,
2020-06-06 15:00:00,,,
2020-06-06 18:00:00,,,
2020-06-06 21:00:00,,,
2020-06-07 00:00:00,,,
2020-06-07 03:00:00,,,
2020-06-07 06:00:00,,,
2020-06-07 09:00:00,,,
2020-06-07 12:00:00,,,
2020-06-07 15:00:00,,,
2020-06-07 18:00:00,,,
2020-06-07 21:00:00,,,
2020-06-08 00:00:00,,,
2020-06-08 03:00:00,,,
2020-06-08 06:00:00,,,
2020-06-08 09:00:00,,,
2020-06-08 12:00:00,,,
2020-06-08 15:00:00,,,
2020-06-08 18:00:00,,,
2020-06-08 21:00:00,,,
2020-06-09 00:00:00,,,
2020-06-09 03:00:00,,,
2020-06-09 06:00:00,,,
2020-06-09 09:00:00,,,
2020-06-09 12:00:00,,,
2020-06-09 15:00:00,,,
2020-06-09 18:00:00,,,
2020-06-09 21:00:00,,,
2020-06-10 00:00:00,,,
2020-06-10 03:00:00,,,
2020-06-10 06:00:00,,,
2020-06-10 09:00:00,,,
2020-06-10 12:00:00,,,
2020-06-10 15:00:00,,,
2020-06-10 18:00:00,,,
2020-06-10 21:00:00,,,
2020-06-11 00:00:00,,,
2020-06-11 03:00:00,,,
2020-06-11 06:00:00,,,
2020-06-11 09:00:00,,,
2020-06-11 12:00:00,,,
2020-06-11 15:00:00,,,
2020-06-11 18:00:00,,,
2020-06-11 21:00:00,,,
2020-06-12 00:00:00,,,
2020-06-12 03:00:00,,,
2020-06-12 06:00:00,,,
2020-06-12 09:00:00,,,
2020-06-12 12:00:00,,,
2020-06-12 15:00:00,,,
2020-06-12 18:00:00,,,
2020-06-12 21:00:00,,,
2020-06-13 00:00:00,,,
2020-06-13 03:00:00,,,
2020-06-13 06:00:00,,,
2020-06-13 09:00:00,,,
2020-06-13 12:00:00,,,
2020-06-13 15:00:00,,,
2020-06-13 18:00:00,,,
2020-06-13 21:00:00,,,
2020-06-14 00:00:00,,,
2020-06-14 03:00:00,,,
2020-06-14 06:00:00,,,
2020-06-14 09:00:00,,,
2020-06-14 12:00:00,,,
2020-06-14 15:00:00,,,
2020-06-14 18:00:00,,,
2020-06-14 21:00:00,,,
2020-06-15 00:00:00,,,
2020-06-15 03:00:00,,,
2020-06-15 06:00:00,,,
2020-06-15 09:00:00,,,
2020-06-15 12:00:00,,,
2020-06-15 15:00:00,,,
2020-06-15 18:00:00,,,
2020-06-15 21:00:00,,,
2020-06-16 00:00:00,,,
2020-06-16 03:00:00,,,
2020-06-16 06:00:00,,,
2020-06-16 09:00:00,,,
2020-06-16 12:00:00,,,
2020-06-16 15:00:00,,,
2020-06-16 18:00:00,,,
2020-06-16 21:00:00,,,
2020-06-17 00:00:00,,,
2020-06-17 03:00:00,,,
2020-06-17 06:00:00,,,
2020-06-17 09:00:00,,,
2020-06-17 12:00:00,,,
2020-06-17 15:00:00,,,
2020-06-17 18:00:00,,,
2020-06-17 21:00:00,,,
2020-06-18 00:00:00,,,
2020-06-18 03:00:00,,,
2020-06-18 06:00:00,,,
2020-06-18 09:00:00,,,
2020-06-18 12:00:00,,,
2020-06-18 15:00:00,,,
2020-06-18 18:00:00,,,
2020-06-18 21:00:00,,,
2020-06-19 00:00:00,,,
2020-06-19 03:00:00,,,
2020-06-19 06:00:00,,,
2020-06-19 09:00:00,,,
2020-06-19 12:00:00,,,
2020-06-19 15:00:00,,,
2020-06-19 18:00:00,,,
2020-06-19 21:00:00,,,
2020-06-20 00:00:00,,,
2020-06-20 03:00:00,,,
2020-06-20 06:00:00,,,
2020-06-20 09:00:00,,,
2020-06-20 12:00:00,,,
2020-06-20 15:00:00,,,
2020-06-20 18:00:00,,,
2020-06-20 21:00:00,,,
2020-06-21 00:00:00,,,
2020-06-21 03:00:00,,,
2020-06-21 06:00:00,,,
2020-06-21 09:00:00,,,
2020-06-21 12:00:00,,,
2020-06-21 15:00:00,,,
2020-06-21 18:00:00,,,
2020-06-21 21:00:00,,,
2020-06-22 00:00:00,,,
2020-06-22 03:00:00,,,
2020-06-22 06:00:00,,,
2020-06-22 09:00:00,,,
2020-06-22 12:00:00,,,
2020-06-22 15:00:00,,,
2020-06-22 18:00:00,,,
2020-06-22 21:00:00,,,
2020-06-23 00:00:00,,,
2020-06-23 03:00:00,,,
2020-06-23 06:00:00,,,
2020-06-23 09:00:00,,,
2020-06-23 12:00:00,,,
2020-06-23 15:00:00,,,
2020-06-23 18:00:00,,,
2020-06-23 21:00:00,,,
2020-06-24 00:00:00,,,
2020-06-24 03:00:00,,,
2020-06-24 06:00:00,,,
2020-06-24 09:00:00,,,
2020-06-24 12:00:00,,,
2020-06-24 15:00:00,,,
2020-06-24 18:00:00,,,
2020-06-24 21:00:00,,,
2020-06-25 00:00:00,,,
2020-06-25 03:00:00,,,
2020-06-25 06:00:00,,,
2020-06-25 09:00:00,,,
2020-06-25 12:00:00,,,
2020-06-25 15:00:00,,,
2020-06-25 18:00:00,,,
2020-06-25 21:00:00,,,
2020-06-26 00:00:00,,,
2020-06-26 03:00:00,,,
2020-06-26 06:00:00,,,
2020-06-26 09:00:00,,,
2020-06-26 12:00:00,,,
2020-06-26 15:00:00,,,
2020-06-26 18:00:00,,,
2020-06-26 21:00:00,,,
2020-06-27 00:00:00,,,
2020-06-27 03:00:00,,,
2020-06-27 06:00:00,,,
2020-06-27 09:00:00,,,
2020-06-27 12:00:00,,,
2020-06-27 15:00:00,2020-06-27 15:00:00,4.569562466404971,4.5357391606085
2020-06-27 18:00:00,2020-06-27 18:00:00,4.06358546498872,5.287215169635601
2020-06-27 21:00:00,2020-06-27 21:00:00,5.004092021971312,4.861632924963487
2020-06-28 00:00:00,2020-06-28 00:00:00,5.533242476370984,5.6129726556828246
2020-06-28 03:00:00,2020-06-28 03:00:00,5.698893307489745,6.206638526869938
2020-06-28 06:00:00,2020-06-28 06:00:00,5.650642400112191,6.1755709268618375
2020-06-28 09:00:00,2020-06-28 09:00:00,6.344200197115483,6.744830908544827
2020-06-28 12:00:00,2020-06-28 12:00:00,5.744405932845687,5.676748517318629
2020-06-28 15:00:00,2020-06-28 15:00:00,4.794750419019953,5.712187485885806
2020-06-28 18:00:00,2020-06-28 18:00:00,4.31909182640027,5.644150566426106
2020-06-28 21:00:00,2020-06-28 21:00:00,4.014736939225369,4.556393166771159
2020-06-29 00:00:00,2020-06-29 00:00:00,3.265541912941298,4.671013534418307
2020-06-29 03:00:00,2020-06-29 03:00:00,2.8809731727414096,4.714694731286727
2020-06-29 06:00:00,2020-06-29 06:00:00,3.578723893691293,3.8955306914867833
2020-06-29 09:00:00,2020-06-29 09:00:00,3.1233233744219326,4.536977050593123
2020-06-29 12:00:00,2020-06-29 12:00:00,3.2981996588285027,3.1102183662587777
2020-06-29 15:00:00,2020-06-29 15:00:00,2.846247519652946,3.4681937086279504
2020-06-29 18:00:00,2020-06-29 18:00:00,2.583936211345312,3.2238566710148007
2020-06-29 21:00:00,2020-06-29 21:00:00,2.5594239757832993,4.2499736723839305
2020-06-30 00:00:00,2020-06-30 00:00:00,2.7556717724844138,3.504246613068972
2020-06-30 03:00:00,2020-06-30 03:00:00,1.9940667936899477,4.303662107442506
2020-06-30 06:00:00,2020-06-30 06:00:00,2.402806927184585,4.191297825367656
2020-06-30 09:00:00,2020-06-30 09:00:00,2.943334082073864,3.797722712450195
2020-06-30 12:00:00,2020-06-30 12:00:00,2.7315422894417396,4.223274783114903
2020-06-30 15:00:00,2020-06-30 15:00:00,2.0213852815486972,3.8959901580237783
2020-06-30 18:00:00,2020-06-30 18:00:00,2.5322068431582414,2.580237432033755
2020-06-30 21:00:00,2020-06-30 21:00:00,2.325689082146378,3.760354862199165
2020-07-01 00:00:00,2020-07-01 00:00:00,2.0863559560552747,3.2864965657354333
2020-07-01 03:00:00,2020-07-01 03:00:00,1.1236289314634895,2.2721717778767925
2020-07-01 06:00:00,2020-07-01 06:00:00,0.7309018409517954,2.6572746887104586
2020-07-01 09:00:00,2020-07-01 09:00:00,1.574688857001582,1.9689594192896038
2020-07-01 12:00:00,2020-07-01 12:00:00,1.0415671961103647,1.8345359881641343
2020-07-01 15:00:00,2020-07-01 15:00:00,1.1806909301617126,3.451896778657101
2020-07-01 18:00:00,2020-07-01 18:00:00,1.9812194211661522,3.719688822282478
2020-07-01 21:00:00,2020-07-01 21:00:00,3.3038600523014665,4.662184900604188
2020-07-02 00:00:00,2020-07-02 00:00:00,4.601124735166439,4.9472939692786895
2020-07-02 03:00:00,2020-07-02 03:00:00,5.142577536812865,5.326392589602619
2020-07-02 06:00:00,2020-07-02 06:00:00,5.846760816769784,7.119494101847522
2020-07-02 09:00:00,2020-07-02 09:00:00,6.25217316593844,7.625936373777222
2020-07-02 12:00:00,2020-07-02 12:00:00,6.622199194395429,8.301835724327248
2020-07-02 15:00:00,2020-07-02 15:00:00,6.995628114790736,8.729983984027058
2020-07-02 18:00:00,2020-07-02 18:00:00,6.770680672203395,8.456503153312951
2020-07-02 21:00:00,2020-07-02 21:00:00,6.683691268760611,7.584109405986965
2020-07-03 00:00:00,2020-07-03 00:00:00,7.632481111336934,7.573006918479223
2020-07-03 03:00:00,2020-07-03 03:00:00,7.143975943847519,7.6793555469485
2020-07-03 06:00:00,2020-07-03 06:00:00,7.925932894357977,8.626488765876275
2020-07-03 09:00:00,2020-07-03 09:00:00,8.666373133285388,9.487137753283605
2020-07-03 12:00:00,2020-07-03 12:00:00,8.473238902846367,8.50818548828829
2020-07-03 15:00:00,2020-07-03 15:00:00,7.422393557280287,8.572868144940003
2020-07-03 18:00:00,2020-07-03 18:00:00,7.418829993355231,8.680875075282529
2020-07-03 21:00:00,2020-07-03 21:00:00,8.309112693409482,8.015635652234778
2020-07-04 00:00:00,2020-07-04 00:00:00,7.5384824307205,8.284980290918611
2020-07-04 03:00:00,2020-07-04 03:00:00,6.913942809045761,7.151385072735138
2020-07-04 06:00:00,2020-07-04 06:00:00,6.964348390817189,7.096440690860618
2020-07-04 09:00:00,2020-07-04 09:00:00,6.313641423900396,7.623884918866679
2020-07-04 12:00:00,2020-07-04 12:00:00,4.503638409550476,5.876741969259456
2020-07-04 15:00:00,2020-07-04 15:00:00,4.814573467477872,3.623200604633894
2020-07-04 18:00:00,2020-07-04 18:00:00,3.147400485231662,2.411437102651689
2020-07-04 21:00:00,2020-07-04 21:00:00,3.4611745945373715,1.9388527069531847
2020-07-05 00:00:00,2020-07-05 00:00:00,3.5244506943195693,2.9723399014328606
2020-07-05 03:00:00,2020-07-05 03:00:00,5.750484328940124,3.753736688726349
2020-07-05 06:00:00,2020-07-05 06:00:00,6.644599074857941,5.382999046123587
2020-07-05 09:00:00,2020-07-05 09:00:00,5.251700017162144,5.8940188993292395
2020-07-05 12:00:00,2020-07-05 12:00:00,6.73506987299238,6.710954548441805
2020-07-05 15:00:00,2020-07-05 15:00:00,6.603224232793095,7.401279299083399
2020-07-05 18:00:00,2020-07-05 18:00:00,7.09335343222924,7.12837660338846
2020-07-05 21:00:00,2020-07-05 21:00:00,6.940842827375239,7.45993780560093
2020-07-06 00:00:00,2020-07-06 00:00:00,7.032065321193225,7.698901511263102
2020-07-06 03:00:00,2020-07-06 03:00:00,7.7571316861580195,7.002312620868906
2020-07-06 06:00:00,2020-07-06 06:00:00,6.076472362063029,6.908932006219402
2020-07-06 09:00:00,2020-07-06 09:00:00,6.247750260942161,5.5543169162701815
2020-07-06 12:00:00,2020-07-06 12:00:00,6.849990794882015,5.7706194940255955
2020-07-06 15:00:00,2020-07-06 15:00:00,5.43769523645015,6.009909703221638
2020-07-06 18:00:00,2020-07-06 18:00:00,6.684332789161083,6.517711158521706
2020-07-06 21:00:00,2020-07-06 21:00:00,6.71862117474637,7.147009844891727
2020-07-07 00:00:00,2020-07-07 00:00:00,7.609258945358871,6.928046204498969
2020-07-07 03:00:00,2020-07-07 03:00:00,6.538302758656433,6.951702267921064
2020-07-07 06:00:00,2020-07-07 06:00:00,7.09308106724576,8.700047977385111
2020-07-07 09:00:00,2020-07-07 09:00:00,7.1737786184599,9.121063005644828
2020-07-07 12:00:00,2020-07-07 12:00:00,8.794379940153325,8.391437579644844
2020-07-07 15:00:00,2020-07-07 15:00:00,8.395220916929643,9.021871122909943
2020-07-07 18:00:00,2020-07-07 18:00:00,9.474919900045647,9.247542999160942
2020-07-07 21:00:00,2020-07-07 21:00:00,8.154260335598677,9.975498388288543
2020-07-08 00:00:00,2020-07-08 00:00:00,9.71718516041509,10.570957225630991
2020-07-08 03:00:00,2020-07-08 03:00:00,10.39412029004837,10.745113267737906
2020-07-08 06:00:00,2020-07-08 06:00:00,9.456216224193065,10.0106923423009
2020-07-08 09:00:00,2020-07-08 09:00:00,9.844681902213113,9.106492523686029
2020-07-08 12:00:00,2020-07-08 12:00:00,9.845032558007958,8.877066385233775
2020-07-08 15:00:00,2020-07-08 15:00:00,8.008925133001872,8.381750774773536
2020-07-08 18:00:00,2020-07-08 18:00:00,6.858775866243836,7.559377888770541
2020-07-08 21:00:00,2020-07-08 21:00:00,7.240184352636977,7.340309199178591
2020-07-09 00:00:00,2020-07-09 00:00:00,6.493920265277674,6.948080608737655
2020-07-09 03:00:00,2020-07-09 03:00:00,5.339817623440731,6.031079240841791
2020-07-09 06:00:00,2020-07-09 06:00:00,4.439074988409529,5.070377284311689
2020-07-09 09:00:00,2020-07-09 09:00:00,2.4983512281582847,3.365951171843335
2020-07-09 12:00:00,2020-07-09 12:00:00,3.068123763083083,3.630931979510933
2020-07-09 15:00:00,2020-07-09 15:00:00,2.9664914245021783,1.9888917059870437
2020-07-09 18:00:00,2020-07-09 18:00:00,2.0439457524543028,1.101231286302209
2020-07-09 21:00:00,2020-07-09 21:00:00,2.040750359333727,2.0669132684124634
2020-07-10 00:00:00,2020-07-10 00:00:00,1.8027479963656283,2.3488552744966
2020-07-10 03:00:00,2020-07-10 03:00:00,2.327619604606154,2.71159298857674
2020-07-10 06:00:00,2020-07-10 06:00:00,2.9492779293035576,3.2213230854831636
2020-07-10 09:00:00,2020-07-10 09:00:00,3.029163120989715,2.975203391397372
2020-07-10 12:00:00,2020-07-10 12:00:00,4.481751564333898,2.3101032462436706
2020-07-10 15:00:00,2020-07-10 15:00:00,4.284505463842792,3.825073355663335
2020-07-10 18:00:00,2020-07-10 18:00:00,4.949734537984317,4.023230495862663
2020-07-10 21:00:00,2020-07-10 21:00:00,4.890999271752695,4.272911197273061
2020-07-11 00:00:00,2020-07-11 00:00:00,5.72847647429953,5.456270416092593
2020-07-11 03:00:00,2020-07-11 03:00:00,6.504863679314735,6.720246828626841
2020-07-11 06:00:00,2020-07-11 06:00:00,8.177513389989517,8.678308780654334
2020-07-11 09:00:00,2020-07-11 09:00:00,8.819525969591814,10.860058332677
2020-07-11 12:00:00,2020-07-11 12:00:00,8.45890343326174,9.919605242204852
2020-07-11 15:00:00,2020-07-11 15:00:00,10.857000298085337,9.74752492213156
2020-07-11 18:00:00,2020-07-11 18:00:00,9.603033701414498,10.42001230630558
2020-07-11 21:00:00,2020-07-11 21:00:00,7.994050109831881,9.1732053066371
2020-07-12 00:00:00,,,
2020-07-12 03:00:00,,,
2020-07-12 06:00:00,,,
2020-07-12 09:00:00,,,
2020-07-12 12:00:00,,,
2020-07-12 15:00:00,,,
2020-07-12 18:00:00,,,
2020-07-12 21:00:00,2020-07-12 21:00:00,2.893662015272408,2.9571027201600373
2020-07-13 00:00:00,2020-07-13 00:00:00,2.3463337803383246,1.6009491679724306
2020-07-13 03:00:00,2020-07-13 03:00:00,2.5016981427016747,1.3775884016649798
2020-07-13 06:00:00,2020-07-13 06:00:00,1.6992543603005956,1.1709285393590108
2020-07-13 09:00:00,2020-07-13 09:00:00,2.242832663704119,1.4690707342233509
2020-07-13 12:00:00,2020-07-13 12:00:00,2.2986294611206812,1.6000335885910317
2020-07-13 15:00:00,2020-07-13 15:00:00,2.8353067077972782,2.2175649336422794
2020-07-13 18:00:00,2020-07-13 18:00:00,3.774904186133417,2.309081582876388
2020-07-13 21:00:00,2020-07-13 21:00:00,3.2934225007892373,2.8512860782211646
2020-07-14 00:00:00,2020-07-14 00:00:00,2.2790235926865727,2.8325612326152623
2020-07-14 03:00:00,2020-07-14 03:00:00,3.051418908548889,2.1506031405442627
2020-07-14 06:00:00,,,
2020-07-14 09:00:00,2020-07-14 09:00:00,3.8101574050181743,3.195612707582768
2020-07-14 12:00:00,2020-07-14 12:00:00,2.918812683355314,3.7084759143181145
2020-07-14 15:00:00,2020-07-14 15:00:00,3.7865392942344474,3.851940478780307
2020-07-14 18:00:00,2020-07-14 18:00:00,3.5621247493112342,4.122028098558076
2020-07-14 21:00:00,2020-07-14 21:00:00,4.6420573923912585,4.702059619186912
2020-07-15 00:00:00,2020-07-15 00:00:00,3.0483916183195636,4.368990613031201
2020-07-15 03:00:00,2020-07-15 03:00:00,4.144736475353425,4.311948878981639
2020-07-15 06:00:00,2020-07-15 06:00:00,2.87414864685608,3.5682783919619396
2020-07-15 09:00:00,2020-07-15 09:00:00,2.5924350352251424,2.686456732422812
2020-07-15 12:00:00,2020-07-15 12:00:00,1.2917584948004979,1.40955368289724
2020-07-15 15:00:00,2020-07-15 15:00:00,1.6923463210770715,0.7670286143547855
2020-07-15 18:00:00,2020-07-15 18:00:00,2.1225132553477457,0.5047934608592186
2020-07-15 21:00:00,2020-07-15 21:00:00,2.439736745138792,1.021509908081498
2020-07-16 00:00:00,2020-07-16 00:00:00,2.844149381794894,2.1558599002091796
2020-07-16 03:00:00,2020-07-16 03:00:00,2.950744096383064,2.7227517710998654
2020-07-16 06:00:00,2020-07-16 06:00:00,3.4391491698072407,3.3037353329127654
2020-07-16 09:00:00,2020-07-16 09:00:00,2.8094980429192096,4.206128973863088
2020-07-16 12:00:00,2020-07-16 12:00:00,3.7260905098895782,4.673510046792217
2020-07-16 15:00:00,2020-07-16 15:00:00,2.8532018004519686,4.406500795885222
2020-07-16 18:00:00,2020-07-16 18:00:00,2.963415362328069,3.841126196173718
2020-07-16 21:00:00,2020-07-16 21:00:00,3.2212712596691766,3.9114952156087384
2020-07-17 00:00:00,2020-07-17 00:00:00,3.3638155036325603,3.967598268063739
2020-07-17 03:00:00,,,
2020-07-17 06:00:00,2020-07-17 06:00:00,2.859254461172896,3.065100049949251
2020-07-17 09:00:00,2020-07-17 09:00:00,2.60813455107977,2.672784115304239
2020-07-17 12:00:00,2020-07-17 12:00:00,2.5956722651155424,3.2126217166078277
2020-07-17 15:00:00,2020-07-17 15:00:00,2.36607703634597,2.0884649080689996
2020-07-17 18:00:00,2020-07-17 18:00:00,2.0490985515789717,1.9388752384693362
2020-07-17 21:00:00,2020-07-17 21:00:00,1.72266882368188,2.105079754604958
2020-07-18 00:00:00,,,
2020-07-18 03:00:00,,,
2020-07-18 06:00:00,,,
2020-07-18 09:00:00,,,
2020-07-18 12:00:00,2020-07-18 12:00:00,2.675950166435276,3.016095800558105
2020-07-18 15:00:00,2020-07-18 15:00:00,4.574767255906605,3.8822696261340752
2020-07-18 18:00:00,2020-07-18 18:00:00,4.9104764328576,4.987022220448125
2020-07-18 21:00:00,2020-07-18 21:00:00,5.112584992798898,5.399767614202574
2020-07-19 00:00:00,2020-07-19 00:00:00,5.178502368591714,5.825239948113449
2020-07-19 03:00:00,2020-07-19 03:00:00,4.5373208152513875,5.097244669159409
2020-07-19 06:00:00,2020-07-19 06:00:00,4.320518941515931,4.158558761351742
2020-07-19 09:00:00,2020-07-19 09:00:00,3.7590717300551315,5.221680431510322
2020-07-19 12:00:00,2020-07-19 12:00:00,3.8453400218796348,4.6207749781315215
2020-07-19 15:00:00,2020-07-19 15:00:00,3.5896976987220484,4.5652220187475905
2020-07-19 18:00:00,2020-07-19 18:00:00,3.787246018984977,4.748591727926396
2020-07-19 21:00:00,2020-07-19 21:00:00,3.8650195649129713,4.292161939141806
2020-07-20 00:00:00,2020-07-20 00:00:00,3.440322972415285,4.162091764766956
2020-07-20 03:00:00,2020-07-20 03:00:00,3.4309098158292595,3.954694188432768
2020-07-20 06:00:00,2020-07-20 06:00:00,3.439624447307553,3.5363291676621884
2020-07-20 09:00:00,2020-07-20 09:00:00,2.833074429172605,3.227302661165595
2020-07-20 12:00:00,2020-07-20 12:00:00,2.8588879683379695,3.3936581171583384
2020-07-20 15:00:00,2020-07-20 15:00:00,2.6850901335266606,2.920851158705773
2020-07-20 18:00:00,2020-07-20 18:00:00,2.792451489581104,3.0726767821179237
2020-07-20 21:00:00,2020-07-20 21:00:00,3.736817913612862,2.958546378999017
2020-07-21 00:00:00,2020-07-21 00:00:00,2.976414465479269,3.429827766260132
2020-07-21 03:00:00,2020-07-21 03:00:00,2.592910278141313,3.2653751199832186
2020-07-21 06:00:00,2020-07-21 06:00:00,2.5368558906192917,2.6697107679210603
2020-07-21 09:00:00,2020-07-21 09:00:00,2.467516281545334,4.260819300543517
2020-07-21 12:00:00,2020-07-21 12:00:00,2.6858565531278242,3.7985609867610037
2020-07-21 15:00:00,2020-07-21 15:00:00,2.964884695755615,3.509572726645274
2020-07-21 18:00:00,2020-07-21 18:00:00,3.4588249315255095,2.8929610735503957
2020-07-21 21:00:00,2020-07-21 21:00:00,4.055814794627088,3.307200159993954
2020-07-22 00:00:00,2020-07-22 00:00:00,4.1185930908365975,3.9554366428928915
2020-07-22 03:00:00,2020-07-22 03:00:00,4.269788154727169,4.71978497330565
2020-07-22 06:00:00,2020-07-22 06:00:00,3.85416002475872,4.392852901015431
2020-07-22 09:00:00,2020-07-22 09:00:00,3.286028496482649,4.24929585121572
2020-07-22 12:00:00,2020-07-22 12:00:00,2.3948802587320532,4.556307429331355
2020-07-22 15:00:00,2020-07-22 15:00:00,3.6633188929120366,3.1815356974257156
2020-07-22 18:00:00,2020-07-22 18:00:00,3.906856893561663,3.9817334708059207
2020-07-22 21:00:00,2020-07-22 21:00:00,3.8571678087383,3.419738871860318
2020-07-23 00:00:00,2020-07-23 00:00:00,4.237049998181493,3.187447120784782
2020-07-23 03:00:00,2020-07-23 03:00:00,3.7133111786849256,3.5498567508766428
2020-07-23 06:00:00,2020-07-23 06:00:00,3.903821636523009,3.0498698588926345
2020-07-23 09:00:00,2020-07-23 09:00:00,3.921133785582729,2.767777991713956
2020-07-23 12:00:00,2020-07-23 12:00:00,4.4209012738187905,2.568597159232013
2020-07-23 15:00:00,2020-07-23 15:00:00,4.038624103566486,2.744746014883276
2020-07-23 18:00:00,2020-07-23 18:00:00,3.885885811411311,3.193987210688647
2020-07-23 21:00:00,2020-07-23 21:00:00,3.6327081481769867,3.071102255838923
2020-07-24 00:00:00,2020-07-24 00:00:00,4.002030577579168,3.3305643424391747
2020-07-24 03:00:00,2020-07-24 03:00:00,3.1445929452595744,2.9318026333348826
2020-07-24 06:00:00,2020-07-24 06:00:00,3.083177113667546,3.135983136948198
2020-07-24 09:00:00,2020-07-24 09:00:00,2.996489710548594,3.1422462398768403
2020-07-24 12:00:00,2020-07-24 12:00:00,3.191987560566107,2.7506007060292177
2020-07-24 15:00:00,2020-07-24 15:00:00,3.2461149500111564,2.981164258555509
2020-07-24 18:00:00,2020-07-24 18:00:00,3.844969543354797,3.418533748605114
2020-07-24 21:00:00,2020-07-24 21:00:00,3.1617311032719506,3.7129458111012354
2020-07-25 00:00:00,2020-07-25 00:00:00,3.112974270561793,4.144607759837527
2020-07-25 03:00:00,2020-07-25 03:00:00,3.155971524468896,3.4006409969297238
2020-07-25 06:00:00,2020-07-25 06:00:00,2.754955052805863,3.3389043585630134
2020-07-25 09:00:00,2020-07-25 09:00:00,3.216180577217171,3.549540203763172
2020-07-25 12:00:00,2020-07-25 12:00:00,4.346969598053307,3.5668939319439232
2020-07-25 15:00:00,2020-07-25 15:00:00,4.952711120323133,3.1467222468927503
2020-07-25 18:00:00,2020-07-25 18:00:00,5.207788921169065,4.135023513139458
2020-07-25 21:00:00,2020-07-25 21:00:00,4.667683732524164,3.723774698912166
2020-07-26 00:00:00,2020-07-26 00:00:00,5.4003196310597845,5.31659263826441
2020-07-26 03:00:00,2020-07-26 03:00:00,5.792121777872104,5.157862416293938
2020-07-26 06:00:00,2020-07-26 06:00:00,4.248372168157749,4.302527802065015
2020-07-26 09:00:00,2020-07-26 09:00:00,2.8486239141085647,3.1498428294435143
2020-07-26 12:00:00,2020-07-26 12:00:00,2.6257589367492304,2.1096037967363372
2020-07-26 15:00:00,2020-07-26 15:00:00,2.42534261490826,1.8891805897001177
2020-07-26 18:00:00,2020-07-26 18:00:00,2.211658079051224,1.4817869607941248
2020-07-26 21:00:00,2020-07-26 21:00:00,2.2560516828866466,2.0842247660912108
2020-07-27 00:00:00,2020-07-27 00:00:00,1.91919593933624,2.2979582442785613
2020-07-27 03:00:00,2020-07-27 03:00:00,2.397198981127197,1.0151110728038475
2020-07-27 06:00:00,2020-07-27 06:00:00,2.1900366182412587,1.9112901542102918
2020-07-27 09:00:00,2020-07-27 09:00:00,1.7575515183866084,1.827555226860568
2020-07-27 12:00:00,2020-07-27 12:00:00,3.415003925670488,2.0584966596215963
2020-07-27 15:00:00,2020-07-27 15:00:00,4.623939346086851,3.97473739401903
2020-07-27 18:00:00,2020-07-27 18:00:00,5.40548749586262,3.895398231688887
2020-07-27 21:00:00,2020-07-27 21:00:00,4.052454279504063,3.398254594882019
2020-07-28 00:00:00,2020-07-28 00:00:00,3.3949858654272016,3.3769333041855134
2020-07-28 03:00:00,2020-07-28 03:00:00,4.2815969232320255,4.056232972827274
2020-07-28 06:00:00,2020-07-28 06:00:00,4.360441567096427,4.4725031848065555
2020-07-28 09:00:00,2020-07-28 09:00:00,4.526838087567832,3.276220784697216
2020-07-28 12:00:00,2020-07-28 12:00:00,3.5606390784236375,3.2903619959251955
2020-07-28 15:00:00,2020-07-28 15:00:00,3.4385372356368027,3.051232362689916
2020-07-28 18:00:00,2020-07-28 18:00:00,3.425080754876373,3.5911151870386675
2020-07-28 21:00:00,2020-07-28 21:00:00,3.7406739500857937,2.888815438374877
2020-07-29 00:00:00,2020-07-29 00:00:00,3.95508576185165,4.167519061767962
2020-07-29 03:00:00,2020-07-29 03:00:00,4.822345810239369,3.670204688096419
2020-07-29 06:00:00,2020-07-29 06:00:00,4.987572001616916,3.1624685182468966
2020-07-29 09:00:00,,,
2020-07-29 12:00:00,,,
2020-07-29 15:00:00,,,
2020-07-29 18:00:00,,,
2020-07-29 21:00:00,,,
2020-07-30 00:00:00,,,
2020-07-30 03:00:00,,,
2020-07-30 06:00:00,,,
2020-07-30 09:00:00,,,
2020-07-30 12:00:00,,,
2020-07-30 15:00:00,,,
2020-07-30 18:00:00,,,
2020-07-30 21:00:00,,,
2020-07-31 00:00:00,,,
2020-07-31 03:00:00,,,
2020-07-31 06:00:00,,,
2020-07-31 09:00:00,,,
2020-07-31 12:00:00,,,
2020-07-31 15:00:00,,,
2020-07-31 18:00:00,,,
2020-07-31 21:00:00,,,
2020-08-01 00:00:00,,,
2020-08-01 03:00:00,,,
2020-08-01 06:00:00,,,
2020-08-01 09:00:00,,,
2020-08-01 12:00:00,,,
2020-08-01 15:00:00,,,
2020-08-01 18:00:00,,,
2020-08-01 21:00:00,,,
2020-08-02 00:00:00,,,
2020-08-02 03:00:00,,,
2020-08-02 06:00:00,,,
2020-08-02 09:00:00,,,
2020-08-02 12:00:00,,,
2020-08-02 15:00:00,,,
2020-08-02 18:00:00,,,
2020-08-02 21:00:00,,,
2020-08-03 00:00:00,,,
2020-08-03 03:00:00,,,
2020-08-03 06:00:00,,,
2020-08-03 09:00:00,,,
2020-08-03 12:00:00,,,
2020-08-03 15:00:00,,,
2020-08-03 18:00:00,,,
2020-08-03 21:00:00,,,
2020-08-04 00:00:00,,,
2020-08-04 03:00:00,,,
2020-08-04 06:00:00,,,
2020-08-04 09:00:00,,,
2020-08-04 12:00:00,,,
2020-08-04 15:00:00,,,
2020-08-04 18:00:00,,,
2020-08-04 21:00:00,,,
2020-08-05 00:00:00,,,
2020-08-05 03:00:00,,,
2020-08-05 06:00:00,,,
2020-08-05 09:00:00,,,
2020-08-05 12:00:00,,,
2020-08-05 15:00:00,,,
2020-08-05 18:00:00,,,
2020-08-05 21:00:00,,,
2020-08-06 00:00:00,,,
2020-08-06 03:00:00,,,
2020-08-06 06:00:00,,,
2020-08-06 09:00:00,,,
2020-08-06 12:00:00,,,
2020-08-06 15:00:00,,,
2020-08-06 18:00:00,,,
2020-08-06 21:00:00,,,
2020-08-07 00:00:00,,,
2020-08-07 03:00:00,,,
2020-08-07 06:00:00,,,
2020-08-07 09:00:00,,,
2020-08-07 12:00:00,,,
2020-08-07 15:00:00,,,
2020-08-07 18:00:00,,,
2020-08-07 21:00:00,,,
2020-08-08 00:00:00,,,
2020-08-08 03:00:00,,,
2020-08-08 06:00:00,,,
2020-08-08 09:00:00,,,
2020-08-08 12:00:00,,,
2020-08-08 15:00:00,,,
2020-08-08 18:00:00,,,
2020-08-08 21:00:00,,,
2020-08-09 00:00:00,,,
2020-08-09 03:00:00,,,
2020-08-09 06:00:00,,,
2020-08-09 09:00:00,,,
2020-08-09 12:00:00,,,
2020-08-09 15:00:00,,,
2020-08-09 18:00:00,,,
2020-08-09 21:00:00,,,
2020-08-10 00:00:00,,,
2020-08-10 03:00:00,,,
2020-08-10 06:00:00,,,
2020-08-10 09:00:00,,,
2020-08-10 12:00:00,,,
2020-08-10 15:00:00,,,
2020-08-10 18:00:00,,,
2020-08-10 21:00:00,,,
2020-08-11 00:00:00,,,
2020-08-11 03:00:00,,,
2020-08-11 06:00:00,,,
2020-08-11 09:00:00,,,
2020-08-11 12:00:00,,,
2020-08-11 15:00:00,,,
2020-08-11 18:00:00,,,
2020-08-11 21:00:00,,,
2020-08-12 00:00:00,,,
2020-08-12 03:00:00,,,
2020-08-12 06:00:00,,,
2020-08-12 09:00:00,,,
2020-08-12 12:00:00,,,
2020-08-12 15:00:00,,,
2020-08-12 18:00:00,,,
2020-08-12 21:00:00,,,
2020-08-13 00:00:00,,,
2020-08-13 03:00:00,,,
2020-08-13 06:00:00,,,
2020-08-13 09:00:00,,,
2020-08-13 12:00:00,,,
2020-08-13 15:00:00,,,
2020-08-13 18:00:00,,,
2020-08-13 21:00:00,,,
2020-08-14 00:00:00,,,
2020-08-14 03:00:00,,,
2020-08-14 06:00:00,,,
2020-08-14 09:00:00,,,
2020-08-14 12:00:00,,,
2020-08-14 15:00:00,,,
2020-08-14 18:00:00,,,
2020-08-14 21:00:00,,,
2020-08-15 00:00:00,,,
2020-08-15 03:00:00,,,
2020-08-15 06:00:00,,,
2020-08-15 09:00:00,,,
2020-08-15 12:00:00,,,
2020-08-15 15:00:00,,,
2020-08-15 18:00:00,,,
2020-08-15 21:00:00,,,
2020-08-16 00:00:00,,,
2020-08-16 03:00:00,,,
2020-08-16 06:00:00,,,
2020-08-16 09:00:00,,,
2020-08-16 12:00:00,,,
2020-08-16 15:00:00,,,
2020-08-16 18:00:00,,,
2020-08-16 21:00:00,,,
2020-08-17 00:00:00,,,
2020-08-17 03:00:00,,,
2020-08-17 06:00:00,,,
2020-08-17 09:00:00,,,
2020-08-17 12:00:00,,,
2020-08-17 15:00:00,,,
2020-08-17 18:00:00,,,
2020-08-17 21:00:00,,,
2020-08-18 00:00:00,,,
2020-08-18 03:00:00,,,
2020-08-18 06:00:00,,,
2020-08-18 09:00:00,,,
2020-08-18 12:00:00,,,
2020-08-18 15:00:00,,,
2020-08-18 18:00:00,,,
2020-08-18 21:00:00,,,
2020-08-19 00:00:00,,,
2020-08-19 03:00:00,,,
2020-08-19 06:00:00,,,
2020-08-19 09:00:00,,,
2020-08-19 12:00:00,,,
2020-08-19 15:00:00,,,
2020-08-19 18:00:00,,,
2020-08-19 21:00:00,,,
2020-08-20 00:00:00,,,
2020-08-20 03:00:00,,,
2020-08-20 06:00:00,,,
2020-08-20 09:00:00,,,
2020-08-20 12:00:00,,,
2020-08-20 15:00:00,,,
2020-08-20 18:00:00,,,
2020-08-20 21:00:00,,,
2020-08-21 00:00:00,,,
2020-08-21 03:00:00,,,
2020-08-21 06:00:00,,,
2020-08-21 09:00:00,,,
2020-08-21 12:00:00,,,
2020-08-21 15:00:00,,,
2020-08-21 18:00:00,,,
2020-08-21 21:00:00,,,
2020-08-22 00:00:00,,,
2020-08-22 03:00:00,,,
2020-08-22 06:00:00,,,
2020-08-22 09:00:00,,,
2020-08-22 12:00:00,,,
2020-08-22 15:00:00,,,
2020-08-22 18:00:00,,,
2020-08-22 21:00:00,,,
2020-08-23 00:00:00,,,
2020-08-23 03:00:00,,,
2020-08-23 06:00:00,,,
2020-08-23 09:00:00,,,
2020-08-23 12:00:00,,,
2020-08-23 15:00:00,,,
2020-08-23 18:00:00,,,
2020-08-23 21:00:00,,,
2020-08-24 00:00:00,,,
2020-08-24 03:00:00,,,
2020-08-24 06:00:00,,,
2020-08-24 09:00:00,,,
2020-08-24 12:00:00,,,
2020-08-24 15:00:00,,,
2020-08-24 18:00:00,,,
2020-08-24 21:00:00,,,
2020-08-25 00:00:00,,,
2020-08-25 03:00:00,,,
2020-08-25 06:00:00,,,
2020-08-25 09:00:00,,,
2020-08-25 12:00:00,,,
2020-08-25 15:00:00,,,
2020-08-25 18:00:00,,,
2020-08-25 21:00:00,,,
2020-08-26 00:00:00,,,
2020-08-26 03:00:00,,,
2020-08-26 06:00:00,,,
2020-08-26 09:00:00,,,
2020-08-26 12:00:00,,,
2020-08-26 15:00:00,,,
2020-08-26 18:00:00,,,
2020-08-26 21:00:00,,,
2020-08-27 00:00:00,,,
2020-08-27 03:00:00,,,
2020-08-27 06:00:00,,,
2020-08-27 09:00:00,,,
2020-08-27 12:00:00,2020-08-27 12:00:00,7.019706699058424,6.205718359036837
2020-08-27 15:00:00,2020-08-27 15:00:00,6.807356447153932,5.720693135634065
2020-08-27 18:00:00,2020-08-27 18:00:00,5.847667000466838,6.132797906233463
2020-08-27 21:00:00,2020-08-27 21:00:00,6.353354803079771,5.888446222234052
2020-08-28 00:00:00,2020-08-28 00:00:00,5.898289647409857,6.059153720387258
2020-08-28 03:00:00,2020-08-28 03:00:00,5.540688422494351,6.314225431415252
2020-08-28 06:00:00,2020-08-28 06:00:00,5.968083392874557,5.520649967918871
2020-08-28 09:00:00,2020-08-28 09:00:00,5.997450580841725,5.177591837418731
2020-08-28 12:00:00,2020-08-28 12:00:00,4.832847335539536,4.462493318133056
2020-08-28 15:00:00,2020-08-28 15:00:00,4.626345951604875,4.075107812794158
2020-08-28 18:00:00,2020-08-28 18:00:00,4.630870318085802,3.8761873942567036
2020-08-28 21:00:00,2020-08-28 21:00:00,4.1688181011922625,3.929087281052489
2020-08-29 00:00:00,2020-08-29 00:00:00,4.801990936559307,4.598210666386876
2020-08-29 03:00:00,2020-08-29 03:00:00,5.04671000816761,5.227581109851599
2020-08-29 06:00:00,2020-08-29 06:00:00,5.2987650902351895,5.086962663899612
2020-08-29 09:00:00,2020-08-29 09:00:00,5.828192251290408,5.777222399774473
2020-08-29 12:00:00,2020-08-29 12:00:00,6.591929273376816,6.4175827032886446
2020-08-29 15:00:00,2020-08-29 15:00:00,6.830743142380675,6.614718509372324
2020-08-29 18:00:00,2020-08-29 18:00:00,7.035557752771795,7.035356847467483
2020-08-29 21:00:00,2020-08-29 21:00:00,7.762895192309981,7.533851792977657
2020-08-30 00:00:00,2020-08-30 00:00:00,7.831076076506668,7.505355204659281
2020-08-30 03:00:00,2020-08-30 03:00:00,8.77116302265299,7.049515647813678
2020-08-30 06:00:00,2020-08-30 06:00:00,8.791226528351409,7.151831040624529
2020-08-30 09:00:00,2020-08-30 09:00:00,8.238623109121669,7.151190225675236
2020-08-30 12:00:00,2020-08-30 12:00:00,8.265509384377465,6.517719275201671
2020-08-30 15:00:00,2020-08-30 15:00:00,6.9428511306064955,5.400526059907861
2020-08-30 18:00:00,2020-08-30 18:00:00,6.430331974680176,5.3085600064950995
2020-08-30 21:00:00,2020-08-30 21:00:00,5.622290195258706,4.307230872509535
2020-08-31 00:00:00,2020-08-31 00:00:00,4.942972258255195,3.7605757061974145
2020-08-31 03:00:00,2020-08-31 03:00:00,4.724885562446338,4.604162785457447
2020-08-31 06:00:00,2020-08-31 06:00:00,4.114949426792827,4.266320981842
2020-08-31 09:00:00,2020-08-31 09:00:00,4.295648588957352,3.6798007854958996
2020-08-31 12:00:00,2020-08-31 12:00:00,3.998632582493085,3.5348075805814005
2020-08-31 15:00:00,2020-08-31 15:00:00,5.055371655465035,3.171617198793683
2020-08-31 18:00:00,2020-08-31 18:00:00,4.422071485174315,3.4535077622858807
2020-08-31 21:00:00,2020-08-31 21:00:00,4.7165793397767315,3.653334428090602
